name,n,objective_model,objective_baseline,penalty,mip_status,runtime_sec,time_to_best_sec,mip_gap,x_bits,z_bits,sum_z,presolve,trajectory,seed,preconditioner_family,layers,sweeps
baseline,12,29.140714249706,29.140714249706,,2,0.06070518493652344,0.025411128997802734,0.0,101001100011,+-+--++---++,0,True,"[[0.000262, 40.54893686], [0.011048, 39.67389112], [0.011288, 29.57119286], [0.025411, 29.14071425]]",0,quantum,2,
precond_pen=1.100,12,-1.6091635218710056,29.140714249706,1.1,2,0.032466888427734375,0.008296966552734375,0.0,010110011100,-+-++--+++--,0,True,"[[0.000156, 40.54893686], [0.007782, 35.25903012], [0.008148, 30.96296871], [0.008297, 29.14071425]]",0,quantum,2,
precond_pen=1.200,12,-1.4694922653129998,29.140714249706,1.2,2,0.03014397621154785,0.007896900177001953,0.0,010110011100,-+-++--+++--,0,True,"[[0.000164, 40.54893686], [0.007148, 37.72074819], [0.007567, 36.86684962], [0.007777, 30.96296871], [0.007897, 29.14071425]]",0,quantum,2,
precond_pen=1.300,12,-1.361587195800002,29.140714249706,1.3,2,0.020998001098632812,0.007458925247192383,0.0,101001100011,+-+--++---++,0,True,"[[0.000219, 40.54893686], [0.007242, 35.46498075], [0.007459, 29.14071425]]",0,quantum,2,
precond_pen=1.400,12,-5.159259598336,29.140714249706,1.4,2,0.029195070266723633,0.0073871612548828125,0.0,010110011100,-+-++--+++--,0,True,"[[0.000166, 40.54893686], [0.006573, 35.81583275], [0.006966, 35.2333157], [0.007255, 33.37726043], [0.007387, 29.14071425]]",0,quantum,2,
precond_pen=1.500,12,-5.414944867677002,29.140714249706,1.5,2,0.04439401626586914,0.0077152252197265625,0.0,101001100011,+-+--++---++,0,True,"[[0.000159, 40.54893686], [0.007402, 30.0034055], [0.007715, 29.14071425]]",0,quantum,2,
precond_pen=1.600,12,-5.517096049187004,29.140714249706,1.6,2,0.029223918914794922,0.008598804473876953,0.0,010110011100,-+-++--+++--,0,True,"[[0.000175, 40.54893686], [0.007998, 31.9742864], [0.008437, 30.96296871], [0.008599, 29.14071425]]",0,quantum,2,
precond_pen=1.700,12,-8.434394940077997,29.140714249706,1.7,2,0.027348041534423828,0.008300065994262695,0.0,010110011100,-+-++--+++--,0,True,"[[0.000183, 40.54893686], [0.00795, 29.60916778], [0.0083, 29.14071425]]",0,quantum,2,
precond_pen=1.800,12,-8.503949621156998,29.140714249706,1.8,2,0.023311853408813477,0.007505893707275391,0.0,101001100011,+-+--++---++,0,True,"[[0.000146, 40.54893686], [0.007221, 30.0034055], [0.007506, 29.14071425]]",0,quantum,2,
precond_pen=1.900,12,-8.461077433299,29.140714249706,1.9,2,0.02908802032470703,0.008597135543823242,0.0,010110011100,-+-++--+++--,0,True,"[[0.000155, 40.54893686], [0.007151, 33.67673066], [0.007686, 34.65083333], [0.008339, 30.96296871], [0.008597, 29.14071425]]",0,quantum,2,
precond_pen=2.000,12,-8.33758853748,29.140714249706,2.0,2,0.01852703094482422,0.00860905647277832,0.0,010110011100,-+-++--+++--,0,True,"[[0.000163, 40.54893686], [0.007371, 35.46498075], [0.007982, 35.2333157], [0.008424, 30.96296871], [0.008609, 29.14071425]]",0,quantum,2,
baseline,12,30.928934237627995,30.928934237628017,,2,0.0915069580078125,0.008026838302612305,0.0,111010001001,+++-+---+--+,0,True,"[[0.000172, 38.00991951], [0.006816, 36.19647818], [0.007609, 35.58160603], [0.008027, 30.92893424]]",1,quantum,2,
precond_pen=1.100,12,-1.670116030646997,30.928934237628017,1.1,2,0.03206515312194824,0.0069789886474609375,0.0,111010001001,+++-+---+--+,0,True,"[[0.00016, 38.00991951], [0.0065, 33.84858211], [0.006793, 33.77343535], [0.006979, 30.92893424]]",1,quantum,2,
precond_pen=1.200,12,-1.5241098246109965,30.928934237628017,1.2,2,0.027055025100708008,0.007183074951171875,0.0,000101110110,---+-+++-++-,0,True,"[[0.000169, 38.00991951], [0.006483, 36.79942173], [0.00691, 35.58160603], [0.00707, 34.79333458], [0.007183, 30.92893424]]",1,quantum,2,
precond_pen=1.300,12,-1.4110778199399983,30.928934237628017,1.3,2,0.026148080825805664,0.007685184478759766,0.0,000101110110,---+-+++-++-,0,True,"[[0.000172, 38.00991951], [0.007149, 37.62472064], [0.007685, 30.92893424]]",1,quantum,2,
precond_pen=1.400,12,-1.3704545591209971,30.928934237628017,1.4,2,0.03191208839416504,0.0075571537017822266,0.0,000101110110,---+-+++-++-,0,True,"[[0.000172, 38.00991951], [0.007367, 37.50448254], [0.007557, 30.92893424]]",1,quantum,2,
precond_pen=1.500,12,-1.2471789808819995,30.928934237628017,1.5,2,0.031097888946533203,0.008050918579101562,0.0,000101110110,---+-+++-++-,0,True,"[[0.000154, 38.00991951], [0.007463, 35.82426696], [0.00781, 35.58160603], [0.008051, 30.92893424]]",1,quantum,2,
precond_pen=1.600,12,-1.000174592437002,30.928934237628017,1.6,2,0.017761945724487305,0.006222963333129883,0.0,111010001001,+++-+---+--+,0,True,"[[0.000159, 38.00991951], [0.006081, 36.51705997], [0.006223, 30.92893424]]",1,quantum,2,
precond_pen=1.700,12,-0.8751173249220008,30.928934237628017,1.7,2,0.03830909729003906,0.0068509578704833984,0.0,111010001001,+++-+---+--+,0,True,"[[0.000152, 38.00991951], [0.006258, 36.78239082], [0.006545, 35.58160603], [0.006749, 35.50270716], [0.006851, 30.92893424]]",1,quantum,2,
precond_pen=1.800,12,-1.0892489675820016,30.928934237628017,1.8,2,0.03595995903015137,0.007575035095214844,0.0,111010001001,+++-+---+--+,0,True,"[[0.000202, 38.00991951], [0.007324, 33.8186346], [0.007575, 30.92893424]]",1,quantum,2,
precond_pen=1.900,12,-0.8911055224299949,30.928934237628017,1.9,2,0.03451895713806152,0.0086669921875,0.0,111010001001,+++-+---+--+,0,True,"[[0.000222, 38.00991951], [0.007918, 37.13881325], [0.008275, 35.58160603], [0.008528, 35.50270716], [0.008667, 30.92893424]]",1,quantum,2,
precond_pen=2.000,12,-0.8474357030660018,30.928934237628017,2.0,2,0.03538703918457031,0.0065670013427734375,0.0,111010001001,+++-+---+--+,0,True,"[[0.000148, 38.00991951], [0.006404, 35.91619799], [0.006567, 30.92893424]]",1,quantum,2,
baseline,12,28.302801267891017,28.302801267891013,,2,0.1149129867553711,0.006910085678100586,0.0,100101100011,+--+-++---++,0,True,"[[0.000154, 35.73407755], [0.006607, 32.95554982], [0.00691, 28.30280127]]",2,quantum,2,
precond_pen=1.100,12,-1.8695836811499955,28.302801267891013,1.1,2,0.018821001052856445,0.008243083953857422,0.0,100101100011,+--+-++---++,0,True,"[[0.000148, 35.73407755], [0.007858, 33.08531722], [0.008243, 28.30280127]]",2,quantum,2,
precond_pen=1.200,12,-1.699024126004998,28.302801267891013,1.2,2,0.017405986785888672,0.0071868896484375,0.0,100101100011,+--+-++---++,0,True,"[[0.000162, 35.73407755], [0.006985, 33.92332613], [0.007187, 28.30280127]]",2,quantum,2,
precond_pen=1.300,12,-1.5667665341729977,28.302801267891013,1.3,2,0.02091813087463379,0.00681304931640625,0.0,100101100011,+--+-++---++,0,True,"[[0.000158, 35.73407755], [0.006636, 33.61662808], [0.006813, 28.30280127]]",2,quantum,2,
precond_pen=1.400,12,-1.2140939642739976,28.302801267891013,1.4,2,0.032366037368774414,0.008350133895874023,0.0,100101100011,+--+-++---++,0,True,"[[0.000196, 35.73407755], [0.007671, 34.87110865], [0.008205, 34.89046804], [0.00835, 28.30280127]]",2,quantum,2,
precond_pen=1.500,12,-1.153463592835993,28.302801267891013,1.5,2,0.03432178497314453,0.006891012191772461,0.0,100101100011,+--+-++---++,0,True,"[[0.000141, 35.73407755], [0.006203, 34.87110865], [0.006728, 34.89046804], [0.006891, 28.30280127]]",2,quantum,2,
precond_pen=1.600,12,-1.0821851700289997,28.302801267891013,1.6,2,0.032768964767456055,0.007035970687866211,0.0,011010011100,-++-+--+++--,0,True,"[[0.000191, 35.73407755], [0.006741, 32.07482308], [0.007036, 28.30280127]]",2,quantum,2,
precond_pen=1.700,12,-1.0239360764710002,28.302801267891013,1.7,2,0.036103010177612305,0.008044958114624023,0.0,100101100011,+--+-++---++,0,True,"[[0.000162, 35.73407755], [0.007429, 34.96980769], [0.00788, 34.89046804], [0.008045, 28.30280127]]",2,quantum,2,
precond_pen=1.800,12,-14.537671255721001,28.302801267891013,1.8,2,0.02277088165283203,0.00810694694519043,0.0,011010011100,-++-+--+++--,0,True,"[[0.000201, 35.73407755], [0.007752, 33.99021189], [0.008107, 28.30280127]]",2,quantum,2,
precond_pen=1.900,12,-6.930351307074003,28.302801267891013,1.9,2,0.015233993530273438,0.007902860641479492,0.0,100101100011,+--+-++---++,0,True,"[[0.000221, 35.73407755], [0.007591, 30.76789929], [0.007903, 28.30280127]]",2,quantum,2,
precond_pen=2.000,12,-13.819718065251998,28.302801267891013,2.0,2,0.02237987518310547,0.006963014602661133,0.0,100101100011,+--+-++---++,0,True,"[[0.000152, 35.73407755], [0.006797, 34.9731151], [0.006963, 28.30280127]]",2,quantum,2,
baseline,12,29.554639591988007,29.554639591987986,,2,0.11869001388549805,0.008192062377929688,0.0,101100010101,+-++---+-+-+,0,True,"[[0.000147, 38.4387221], [0.007561, 34.80301828], [0.007958, 31.98136565], [0.008192, 29.55463959]]",3,quantum,2,
precond_pen=1.100,12,-1.694400033299,29.554639591987986,1.1,2,0.018187999725341797,0.009037017822265625,0.0,101100010101,+-++---+-+-+,0,True,"[[0.000153, 38.4387221], [0.00806, 34.33504049], [0.008589, 34.51347621], [0.008853, 34.40593242], [0.009037, 29.55463959]]",3,quantum,2,
precond_pen=1.200,12,-1.5471015469590004,29.554639591987986,1.2,2,0.02614116668701172,0.006858110427856445,0.0,010011101010,-+--+++-+-+-,0,True,"[[0.000132, 38.4387221], [0.006445, 35.96012769], [0.00665, 35.08195495], [0.006858, 29.55463959]]",3,quantum,2,
precond_pen=1.300,12,-1.4325847510819996,29.554639591987986,1.3,2,0.020087003707885742,0.00847005844116211,0.0,010011101010,-+--+++-+-+-,0,True,"[[0.000174, 38.4387221], [0.007242, 37.68910638], [0.007912, 34.51347621], [0.008285, 31.40107286], [0.00847, 29.55463959]]",3,quantum,2,
precond_pen=1.400,12,-1.1177509080760029,29.554639591987986,1.4,2,0.031951189041137695,0.008128166198730469,0.0,101100010101,+-++---+-+-+,0,True,"[[0.000167, 38.4387221], [0.00715, 37.98597233], [0.007696, 35.19416721], [0.007967, 34.36353407], [0.008128, 29.55463959]]",3,quantum,2,
precond_pen=1.500,12,-1.0565194981850032,29.554639591987986,1.5,2,0.02905416488647461,0.006919145584106445,0.0,101100010101,+-++---+-+-+,0,True,"[[0.000153, 38.4387221], [0.006739, 34.77184573], [0.006919, 29.55463959]]",3,quantum,2,
precond_pen=1.600,12,-11.460447441883996,29.554639591987986,1.6,2,0.025191068649291992,0.006083965301513672,0.0,010011101010,-+--+++-+-+-,0,True,"[[0.000138, 38.4387221], [0.006084, 29.55463959]]",3,quantum,2,
precond_pen=1.700,12,-11.425298757460999,29.554639591987986,1.7,2,0.032527923583984375,0.007454872131347656,0.0,010011101010,-+--+++-+-+-,0,True,"[[0.000148, 38.4387221], [0.007455, 29.55463959]]",3,quantum,2,
precond_pen=1.800,12,-0.9278458092570006,29.554639591987986,1.8,2,0.03456592559814453,0.007333040237426758,0.0,101100010101,+-++---+-+-+,0,True,"[[0.000163, 38.4387221], [0.007158, 34.77184573], [0.007333, 29.55463959]]",3,quantum,2,
precond_pen=1.900,12,-7.462261206942001,29.554639591987986,1.9,2,0.02678704261779785,0.007394075393676758,0.0,101100010101,+-++---+-+-+,0,True,"[[0.000144, 38.4387221], [0.006484, 36.34079597], [0.006787, 35.19416721], [0.007206, 35.56778544], [0.007394, 29.55463959]]",3,quantum,2,
precond_pen=2.000,12,-10.435463573781,29.554639591987986,2.0,2,0.01349782943725586,0.006440877914428711,0.0,101100010101,+-++---+-+-+,0,True,"[[0.000156, 38.4387221], [0.005955, 35.00855919], [0.006253, 31.98136565], [0.006441, 29.55463959]]",3,quantum,2,
baseline,12,34.90228182832598,34.902281828326,,2,0.0568690299987793,0.0072629451751708984,0.0,101101100100,+-++-++--+--,0,True,"[[0.000151, 40.7866441], [0.006152, 40.47164875], [0.006866, 37.45044896], [0.007263, 34.90228183]]",4,quantum,2,
precond_pen=1.100,12,-1.7620986168089994,34.902281828326,1.1,2,0.017824172973632812,0.007753133773803711,0.0,010010011011,-+--+--++-++,0,True,"[[0.000147, 40.7866441], [0.006729, 39.98274719], [0.007185, 37.45044896], [0.00758, 37.05529942], [0.007753, 34.90228183]]",4,quantum,2,
precond_pen=1.200,12,-1.3388751386690005,34.902281828326,1.2,2,0.03013300895690918,0.007277965545654297,0.0,010010011011,-+--+--++-++,0,True,"[[0.000161, 40.7866441], [0.007043, 38.90527129], [0.007278, 34.90228183]]",4,quantum,2,
precond_pen=1.300,12,-1.4649576586319988,34.902281828326,1.3,2,0.023882150650024414,0.007153987884521484,0.0,010010011011,-+--+--++-++,0,True,"[[0.000145, 40.7866441], [0.006883, 38.98911379], [0.007154, 34.90228183]]",4,quantum,2,
precond_pen=1.400,12,-6.534550031105004,34.902281828326,1.4,2,0.02275395393371582,0.007166862487792969,0.0,101101100100,+-++-++--+--,0,True,"[[0.000208, 40.7866441], [0.006881, 35.36594687], [0.007167, 34.90228183]]",4,quantum,2,
precond_pen=1.500,12,-6.724228282267999,34.902281828326,1.5,2,0.013025999069213867,0.0064029693603515625,0.0,010010011011,-+--+--++-++,0,True,"[[0.000147, 40.7866441], [0.005871, 37.45044896], [0.006098, 39.43576981], [0.006284, 37.05529942], [0.006403, 34.90228183]]",4,quantum,2,
precond_pen=1.600,12,-6.753500313206002,34.902281828326,1.6,2,0.016453027725219727,0.006134986877441406,0.0,010010011011,-+--+--++-++,0,True,"[[0.000174, 40.7866441], [0.005289, 39.18311971], [0.005468, 37.45044896], [0.005869, 37.05529942], [0.006135, 34.90228183]]",4,quantum,2,
precond_pen=1.700,12,-11.164106662373005,34.902281828326,1.7,2,0.015244007110595703,0.005154132843017578,0.0,010010011011,-+--+--++-++,0,True,"[[0.000172, 40.7866441], [0.005154, 34.90228183]]",4,quantum,2,
precond_pen=1.800,12,-11.113761926576995,34.902281828326,1.8,2,0.027971982955932617,0.006076812744140625,0.0,010010011011,-+--+--++-++,0,True,"[[0.00014, 40.7866441], [0.005529, 36.78628549], [0.005947, 37.05529942], [0.006077, 34.90228183]]",4,quantum,2,
precond_pen=1.900,12,-10.913332424498,34.902281828326,1.9,2,0.012296915054321289,0.006546974182128906,0.0,010010011011,-+--+--++-++,0,True,"[[0.00022, 40.7866441], [0.006211, 36.73421959], [0.006547, 34.90228183]]",4,quantum,2,
precond_pen=2.000,12,-10.606844914750997,34.902281828326,2.0,2,0.01015615463256836,0.004992008209228516,0.0,010010011011,-+--+--++-++,0,True,"[[0.000163, 40.7866441], [0.004484, 37.45044896], [0.004673, 39.43576981], [0.004866, 37.05529942], [0.004992, 34.90228183]]",4,quantum,2,
baseline,12,30.539114130174994,30.539114130174987,,2,0.05136418342590332,0.00623011589050293,0.0,010010101101,-+--+-+-++-+,0,True,"[[0.000173, 34.59643996], [0.005669, 34.15831267], [0.005977, 33.88678293], [0.00623, 30.53911413]]",5,quantum,2,
precond_pen=1.100,12,-1.3954167894229998,30.539114130174987,1.1,2,0.0303800106048584,0.008714914321899414,0.0,010010101101,-+--+-+-++-+,0,True,"[[0.000153, 34.59643996], [0.008286, 32.81644287], [0.008715, 30.53911413]]",5,quantum,2,
precond_pen=1.200,12,-1.3522441571360009,30.539114130174987,1.2,2,0.03155088424682617,0.008601903915405273,0.0,101101010010,+-++-+-+--+-,0,True,"[[0.000213, 34.59643996], [0.007573, 33.52043226], [0.008169, 33.25485062], [0.008457, 33.11670844], [0.008602, 30.53911413]]",5,quantum,2,
precond_pen=1.300,12,-1.2052821011989954,30.539114130174987,1.3,2,0.02178478240966797,0.005934000015258789,0.0,101101010010,+-++-+-+--+-,0,True,"[[0.000133, 34.59643996], [0.005328, 34.3860168], [0.005659, 34.15831267], [0.005839, 33.79840636], [0.005934, 30.53911413]]",5,quantum,2,
precond_pen=1.400,12,-0.9831572801099995,30.539114130174987,1.4,2,0.025177001953125,0.005880117416381836,0.0,010010101101,-+--+-+-++-+,0,True,"[[0.000135, 34.59643996], [0.005733, 34.27993409], [0.00588, 30.53911413]]",5,quantum,2,
precond_pen=1.500,12,-0.936524229416003,30.539114130174987,1.5,2,0.028240203857421875,0.007596015930175781,0.0,010010101101,-+--+-+-++-+,0,True,"[[0.000223, 34.59643996], [0.007367, 34.27993409], [0.007596, 30.53911413]]",5,quantum,2,
precond_pen=1.600,12,-0.8977483304320009,30.539114130174987,1.6,2,0.02192211151123047,0.005833148956298828,0.0,010010101101,-+--+-+-++-+,0,True,"[[0.000146, 34.59643996], [0.005672, 34.27993409], [0.005833, 30.53911413]]",5,quantum,2,
precond_pen=1.700,12,-0.8059434255149975,30.539114130174987,1.7,2,0.020217180252075195,0.004903078079223633,0.0,010010101101,-+--+-+-++-+,0,True,"[[0.000139, 34.59643996], [0.004602, 33.25485062], [0.004786, 32.48894143], [0.004903, 30.53911413]]",5,quantum,2,
precond_pen=1.800,12,-0.6885977485529988,30.539114130174987,1.8,2,0.023795127868652344,0.006272077560424805,0.0,010010101101,-+--+-+-++-+,0,True,"[[0.00011, 34.59643996], [0.005562, 33.35229514], [0.006014, 33.27524559], [0.006272, 30.53911413]]",5,quantum,2,
precond_pen=1.900,12,-0.9316470621030017,30.539114130174987,1.9,2,0.02586197853088379,0.006283998489379883,0.0,010010101101,-+--+-+-++-+,0,True,"[[0.000148, 34.59643996], [0.006088, 34.27993409], [0.006284, 30.53911413]]",5,quantum,2,
precond_pen=2.000,12,-0.7926873076499987,30.539114130174987,2.0,2,0.029686927795410156,0.006412982940673828,0.0,101101010010,+-++-+-+--+-,0,True,"[[0.000171, 34.59643996], [0.006413, 30.53911413]]",5,quantum,2,
baseline,12,25.58023533052602,25.580235330526,,2,0.05500388145446777,0.006311893463134766,0.0,000110011011,---++--++-++,0,True,"[[0.000169, 35.12901033], [0.006312, 25.58023533]]",6,quantum,2,
precond_pen=1.100,12,-2.594019581681998,25.580235330526,1.1,2,0.0190579891204834,0.007321834564208984,0.0,000110011011,---++--++-++,0,True,"[[0.000154, 35.12901033], [0.006958, 32.78961446], [0.007322, 25.58023533]]",6,quantum,2,
precond_pen=1.200,12,-17.158301782957,25.580235330526,1.2,2,0.009979009628295898,0.005362033843994141,0.0,000110011011,---++--++-++,0,True,"[[0.00015, 35.12901033], [0.005362, 25.58023533]]",6,quantum,2,
precond_pen=1.300,12,-13.809270407829,25.580235330526,1.3,2,0.006711006164550781,0.004137992858886719,0.0,111001100100,+++--++--+--,0,True,"[[0.0001, 35.12901033], [0.004138, 25.58023533]]",6,quantum,2,
precond_pen=1.400,12,-1.5802935067000012,25.580235330526,1.4,2,0.012318849563598633,0.00413203239440918,0.0,000110011011,---++--++-++,0,True,"[[9.4e-05, 35.12901033], [0.00401, 34.6299784], [0.004132, 25.58023533]]",6,quantum,2,
precond_pen=1.500,12,-19.236808672098,25.580235330526,1.5,2,0.009797096252441406,0.005305051803588867,0.0,000110011011,---++--++-++,0,True,"[[0.000124, 35.12901033], [0.005305, 25.58023533]]",6,quantum,2,
precond_pen=1.600,12,-19.283661169327,25.580235330526,1.6,2,0.008507013320922852,0.005154848098754883,0.0,111001100100,+++--++--+--,0,True,"[[0.000192, 35.12901033], [0.005155, 25.58023533]]",6,quantum,2,
precond_pen=1.700,12,-19.992844122677997,25.580235330526,1.7,2,0.009690046310424805,0.005728960037231445,0.0,111001100100,+++--++--+--,0,True,"[[0.000146, 35.12901033], [0.005729, 25.58023533]]",6,quantum,2,
precond_pen=1.800,12,-20.230638393028002,25.580235330526,1.8,2,0.012974977493286133,0.0074939727783203125,0.0,111001100100,+++--++--+--,0,True,"[[0.000203, 35.12901033], [0.007494, 25.58023533]]",6,quantum,2,
precond_pen=1.900,12,-12.449352194088,25.580235330526,1.9,2,0.01910090446472168,0.007670879364013672,0.0,000110011011,---++--++-++,0,True,"[[0.00017, 35.12901033], [0.006721, 34.49531113], [0.007356, 30.55711832], [0.007671, 25.58023533]]",6,quantum,2,
precond_pen=2.000,12,-19.842463273192998,25.580235330526,2.0,2,0.010146856307983398,0.006574869155883789,0.0,000110011011,---++--++-++,0,True,"[[0.000144, 35.12901033], [0.006237, 30.55711832], [0.006575, 25.58023533]]",6,quantum,2,
baseline,12,29.332586888909002,29.332586888909006,,2,0.05217909812927246,0.007001161575317383,0.0,101100001101,+-++----++-+,0,True,"[[0.0002, 36.79484156], [0.006472, 35.67988458], [0.006746, 33.78525989], [0.007001, 29.33258689]]",7,quantum,2,
precond_pen=1.100,12,-1.4364612725920018,29.332586888909006,1.1,2,0.02453303337097168,0.005580902099609375,0.0,010011110010,-+--++++--+-,0,True,"[[0.000921, 36.79484156], [0.005377, 32.50687605], [0.005581, 29.33258689]]",7,quantum,2,
precond_pen=1.200,12,-1.3259049432329988,29.332586888909006,1.2,2,0.03589010238647461,0.005068063735961914,0.0,010011110010,-+--++++--+-,0,True,"[[0.000187, 36.79484156], [0.004364, 33.97944674], [0.004685, 33.78525989], [0.004948, 32.50687605], [0.005068, 29.33258689]]",7,quantum,2,
precond_pen=1.300,12,-1.2390408034530012,29.332586888909006,1.3,2,0.03155803680419922,0.00577092170715332,0.0,010011110010,-+--++++--+-,0,True,"[[0.000191, 36.79484156], [0.005005, 35.21691633], [0.005361, 33.78525989], [0.005634, 32.50687605], [0.005771, 29.33258689]]",7,quantum,2,
precond_pen=1.400,12,-0.9972376413440003,29.332586888909006,1.4,2,0.05342984199523926,0.005822896957397461,0.0,101100001101,+-++----++-+,0,True,"[[0.000136, 36.79484156], [0.005477, 31.12226899], [0.005823, 29.33258689]]",7,quantum,2,
precond_pen=1.500,12,-0.9492336754640025,29.332586888909006,1.5,2,0.0418858528137207,0.005749940872192383,0.0,010011110010,-+--++++--+-,0,True,"[[0.000194, 36.79484156], [0.005367, 33.01733448], [0.005644, 32.50687605], [0.00575, 29.33258689]]",7,quantum,2,
precond_pen=1.600,12,-0.835814472141001,29.332586888909006,1.6,2,0.07490801811218262,0.0037250518798828125,0.0,101100001101,+-++----++-+,0,True,"[[0.000119, 36.79484156], [0.003628, 35.44493453], [0.003725, 29.33258689]]",7,quantum,2,
precond_pen=1.700,12,-0.876004686474003,29.332586888909006,1.7,2,0.06736397743225098,0.0052759647369384766,0.0,010011110010,-+--++++--+-,0,True,"[[0.00016, 36.79484156], [0.004818, 32.78667641], [0.005158, 32.50687605], [0.005276, 29.33258689]]",7,quantum,2,
precond_pen=1.800,12,-0.7861059445770016,29.332586888909006,1.8,2,0.06904888153076172,0.004003047943115234,0.0,101100001101,+-++----++-+,0,True,"[[0.000123, 36.79484156], [0.003912, 35.44493453], [0.004003, 29.33258689]]",7,quantum,2,
precond_pen=1.900,12,-0.8231955715470018,29.332586888909006,1.9,2,0.07562685012817383,0.0052149295806884766,0.0,101100001101,+-++----++-+,0,True,"[[0.000144, 36.79484156], [0.004783, 35.21691633], [0.005032, 33.78525989], [0.005215, 29.33258689]]",7,quantum,2,
precond_pen=2.000,12,-0.7507907960990003,29.332586888909006,2.0,2,0.06273603439331055,0.004526853561401367,0.0,101100001101,+-++----++-+,0,True,"[[0.000135, 36.79484156], [0.004373, 35.44493453], [0.004527, 29.33258689]]",7,quantum,2,
baseline,12,25.853930756716995,25.85393075671699,,2,0.04807400703430176,0.004873991012573242,0.0,101011010010,+-+-++-+--+-,0,True,"[[0.000139, 31.13465251], [0.004874, 25.85393076]]",8,quantum,2,
precond_pen=1.100,12,-1.3157805216919947,25.85393075671699,1.1,2,0.029515981674194336,0.004991054534912109,0.0,010100101101,-+-+--+-++-+,0,True,"[[0.000125, 31.13465251], [0.004861, 26.15929504], [0.004991, 25.85393076]]",8,quantum,2,
precond_pen=1.200,12,-1.222573041951998,25.85393075671699,1.2,2,0.026033878326416016,0.005735874176025391,0.0,101011010010,+-+-++-+--+-,0,True,"[[0.000146, 31.13465251], [0.005477, 28.12826372], [0.005736, 25.85393076]]",8,quantum,2,
precond_pen=1.300,12,-0.9821827630459987,25.85393075671699,1.3,2,0.021757841110229492,0.0052089691162109375,0.0,101011010010,+-+-++-+--+-,0,True,"[[0.000124, 31.13465251], [0.004658, 30.2628524], [0.005014, 28.12826372], [0.005209, 25.85393076]]",8,quantum,2,
precond_pen=1.400,12,-0.8406173306350002,25.85393075671699,1.4,2,0.07444405555725098,0.006407022476196289,0.0,010100101101,-+-+--+-++-+,0,True,"[[0.000153, 31.13465251], [0.005576, 30.20206706], [0.006051, 28.12826372], [0.006282, 27.2639399], [0.006407, 25.85393076]]",8,quantum,2,
precond_pen=1.500,12,-0.8921835932879985,25.85393075671699,1.5,2,0.04779696464538574,0.005401134490966797,0.0,010100101101,-+-+--+-++-+,0,True,"[[0.000159, 31.13465251], [0.00525, 29.18149148], [0.005401, 25.85393076]]",8,quantum,2,
precond_pen=1.600,12,-0.784720132658002,25.85393075671699,1.6,2,0.07075691223144531,0.0049381256103515625,0.0,010100101101,-+-+--+-++-+,0,True,"[[0.000132, 31.13465251], [0.004438, 29.22581117], [0.004699, 26.52381634], [0.004938, 25.85393076]]",8,quantum,2,
precond_pen=1.700,12,-4.352984402605996,25.85393075671699,1.7,2,0.013906002044677734,0.0060541629791259766,0.0,010100101101,-+-+--+-++-+,0,True,"[[0.000151, 31.13465251], [0.005737, 26.15929504], [0.006054, 25.85393076]]",8,quantum,2,
precond_pen=1.800,12,-0.7879819277429974,25.85393075671699,1.8,2,0.019865036010742188,0.004680156707763672,0.0,010100101101,-+-+--+-++-+,0,True,"[[0.000136, 31.13465251], [0.004324, 29.22581117], [0.004517, 26.52381634], [0.00468, 25.85393076]]",8,quantum,2,
precond_pen=1.900,12,-0.7651174935539986,25.85393075671699,1.9,2,0.019405126571655273,0.0072710514068603516,0.0,010100101101,-+-+--+-++-+,0,True,"[[0.000128, 31.13465251], [0.0044, 29.97404581], [0.004529, 26.52381634], [0.007271, 25.85393076]]",8,quantum,2,
precond_pen=2.000,12,-5.117525258087,25.85393075671699,2.0,2,0.010347127914428711,0.0043561458587646484,0.0,010100101101,-+-+--+-++-+,0,True,"[[0.000139, 31.13465251], [0.004126, 26.52568166], [0.004356, 25.85393076]]",8,quantum,2,
baseline,12,31.316943733904,31.316943733904,,2,0.04549098014831543,0.00494694709777832,0.0,100110011001,+--++--++--+,0,True,"[[0.000122, 38.41269099], [0.004753, 36.23139463], [0.004947, 31.31694373]]",9,quantum,2,
precond_pen=1.100,12,-1.7754938571329975,31.316943733904,1.1,2,0.014729022979736328,0.006206035614013672,0.0,011001100110,-++--++--++-,0,True,"[[0.000177, 38.41269099], [0.005991, 37.52996063], [0.006206, 31.31694373]]",9,quantum,2,
precond_pen=1.200,12,-1.6117085568779972,31.316943733904,1.2,2,0.017381906509399414,0.005651950836181641,0.0,011001100110,-++--++--++-,0,True,"[[0.000138, 38.41269099], [0.005184, 37.60593784], [0.005495, 35.89736628], [0.005652, 31.31694373]]",9,quantum,2,
precond_pen=1.300,12,-1.4858373581829998,31.316943733904,1.3,2,0.019030094146728516,0.005630970001220703,0.0,100110011001,+--++--++--+,0,True,"[[0.00015, 38.41269099], [0.005444, 38.17497353], [0.005631, 31.31694373]]",9,quantum,2,
precond_pen=1.400,12,-1.3860037386970028,31.316943733904,1.4,2,0.014111995697021484,0.004698038101196289,0.0,011001100110,-++--++--++-,0,True,"[[0.00015, 38.41269099], [0.004554, 37.48815265], [0.004698, 31.31694373]]",9,quantum,2,
precond_pen=1.500,12,-1.0935411071799983,31.316943733904,1.5,2,0.01848292350769043,0.004415035247802734,0.0,011001100110,-++--++--++-,0,True,"[[0.000128, 38.41269099], [0.004285, 37.82715895], [0.004415, 31.31694373]]",9,quantum,2,
precond_pen=1.600,12,-1.0444688066200012,31.316943733904,1.6,2,0.01949787139892578,0.0042629241943359375,0.0,011001100110,-++--++--++-,0,True,"[[0.000142, 38.41269099], [0.004054, 34.57546273], [0.004263, 31.31694373]]",9,quantum,2,
precond_pen=1.700,12,-0.9093579340670024,31.316943733904,1.7,2,0.015239953994750977,0.003643035888671875,0.0,011001100110,-++--++--++-,0,True,"[[0.000108, 38.41269099], [0.003542, 32.64032238], [0.003643, 31.31694373]]",9,quantum,2,
precond_pen=1.800,12,-1.1321605104740016,31.316943733904,1.8,2,0.016779184341430664,0.006641864776611328,0.0,100110011001,+--++--++--+,0,True,"[[0.001097, 38.41269099], [0.006493, 38.05896006], [0.006642, 31.31694373]]",9,quantum,2,
precond_pen=1.900,12,-9.863403077913999,31.316943733904,1.9,2,0.010921001434326172,0.005532026290893555,0.0,011001100110,-++--++--++-,0,True,"[[0.000161, 38.41269099], [0.005227, 33.20666855], [0.005532, 31.31694373]]",9,quantum,2,
precond_pen=2.000,12,-2.1142624127259975,31.316943733904,2.0,2,0.017464876174926758,0.006228923797607422,0.0,100110011001,+--++--++--+,0,True,"[[0.000169, 38.41269099], [0.006024, 36.23312443], [0.006229, 31.31694373]]",9,quantum,2,
baseline,12,32.229028895641015,32.22902889564102,,2,0.0549311637878418,0.005851030349731445,0.0,110100101010,++-+--+-+-+-,0,True,"[[0.000155, 35.10711965], [0.005439, 34.02239995], [0.005851, 32.2290289]]",10,quantum,2,
precond_pen=1.100,12,-1.585307975344998,32.22902889564102,1.1,2,0.014381170272827148,0.005407094955444336,0.0,001011010101,--+-++-+-+-+,0,True,"[[0.000161, 35.10711965], [0.005234, 34.58758042], [0.005407, 32.2290289]]",10,quantum,2,
precond_pen=1.200,12,-1.4517441249479957,32.22902889564102,1.2,2,0.012794017791748047,0.003818035125732422,0.0,001011010101,--+-++-+-+-+,0,True,"[[0.000102, 35.10711965], [0.00367, 34.02239995], [0.003818, 32.2290289]]",10,quantum,2,
precond_pen=1.300,12,-1.3478837285270018,32.22902889564102,1.3,2,0.01287698745727539,0.0033969879150390625,0.0,001011010101,--+-++-+-+-+,0,True,"[[9.5e-05, 35.10711965], [0.003296, 34.58758042], [0.003397, 32.2290289]]",10,quantum,2,
precond_pen=1.400,12,-1.2647406928750016,32.22902889564102,1.4,2,0.016685962677001953,0.004437923431396484,0.0,001011010101,--+-++-+-+-+,0,True,"[[0.000118, 35.10711965], [0.004311, 34.58758042], [0.004438, 32.2290289]]",10,quantum,2,
precond_pen=1.500,12,-1.0175773551289993,32.22902889564102,1.5,2,0.019598007202148438,0.005195140838623047,0.0,001011010101,--+-++-+-+-+,0,True,"[[0.000142, 35.10711965], [0.004976, 34.58758042], [0.005195, 32.2290289]]",10,quantum,2,
precond_pen=1.600,12,-0.9705618552339983,32.22902889564102,1.6,2,0.020329952239990234,0.005380868911743164,0.0,001011010101,--+-++-+-+-+,0,True,"[[0.000153, 35.10711965], [0.005167, 34.58758042], [0.005381, 32.2290289]]",10,quantum,2,
precond_pen=1.700,12,-4.6420925267560005,32.22902889564102,1.7,2,0.017286062240600586,0.00540614128112793,0.0,001011010101,--+-++-+-+-+,0,True,"[[0.000147, 35.10711965], [0.005406, 32.2290289]]",10,quantum,2,
precond_pen=1.800,12,-4.657235673642999,32.22902889564102,1.8,2,0.01200103759765625,0.005877017974853516,0.0,001011010101,--+-++-+-+-+,0,True,"[[0.000158, 35.10711965], [0.005546, 33.5452219], [0.005877, 32.2290289]]",10,quantum,2,
precond_pen=1.900,12,-5.772438242072999,32.22902889564102,1.9,2,0.009810924530029297,0.004831075668334961,0.0,110100101010,++-+--+-+-+-,0,True,"[[0.000126, 35.10711965], [0.004572, 33.06528986], [0.004831, 32.2290289]]",10,quantum,2,
precond_pen=2.000,12,-8.777880905808,33.06528985807102,2.0,2,0.009804964065551758,0.0045969486236572266,0.0,110010101010,++--+-+-+-+-,0,True,"[[0.000112, 35.10711965], [0.004356, 33.7977297], [0.004597, 33.06528986]]",10,quantum,2,
baseline,12,26.105507386333997,26.105507386333997,,2,0.04384112358093262,0.0045621395111083984,0.0,010100011101,-+-+---+++-+,0,True,"[[0.000131, 35.27436465], [0.003987, 34.9136866], [0.00418, 33.14540198], [0.004452, 30.5146448], [0.004562, 26.10550739]]",11,quantum,2,
precond_pen=1.100,12,-1.4013149367510014,26.105507386333997,1.1,2,0.03133201599121094,0.020388126373291016,0.0,010100011101,-+-+---+++-+,0,True,"[[0.000141, 35.27436465], [0.00513, 30.94480098], [0.005418, 26.30678849], [0.020388, 26.10550739]]",11,quantum,2,
precond_pen=1.200,12,-1.2954400504480024,26.105507386333997,1.2,2,0.04925203323364258,0.044989824295043945,0.0,010100011101,-+-+---+++-+,0,True,"[[0.00017, 35.27436465], [0.005945, 28.1025352], [0.006293, 26.88886586], [0.014348, 26.30678849], [0.04499, 26.10550739]]",11,quantum,2,
precond_pen=1.300,12,-1.2120427188499976,26.105507386333997,1.3,2,0.03335118293762207,0.02301311492919922,0.0,101011100010,+-+-+++---+-,0,True,"[[0.000129, 35.27436465], [0.004679, 31.42973444], [0.005013, 30.5146448], [0.005198, 30.01073708], [0.0053, 26.88886586], [0.008616, 26.30678849], [0.023013, 26.10550739]]",11,quantum,2,
precond_pen=1.400,12,-1.144639493810999,26.105507386333997,1.4,2,0.04534482955932617,0.004768848419189453,0.0,101011100010,+-+-+++---+-,0,True,"[[0.000147, 35.27436465], [0.004626, 30.90369173], [0.004769, 26.10550739]]",11,quantum,2,
precond_pen=1.500,12,-0.9485623040890019,26.105507386333997,1.5,2,0.055419921875,0.03999185562133789,0.0,010100011101,-+-+---+++-+,0,True,"[[0.000154, 35.27436465], [0.005695, 33.09911599], [0.005976, 28.13599377], [0.006109, 26.30678849], [0.039992, 26.10550739]]",11,quantum,2,
precond_pen=1.600,12,-0.901683056535,26.105507386333997,1.6,2,0.05610203742980957,0.046653032302856445,0.0,010100011101,-+-+---+++-+,0,True,"[[0.000188, 35.27436465], [0.006088, 30.3318881], [0.006364, 26.88886586], [0.009506, 26.57752128], [0.046409, 26.30678849], [0.046653, 26.10550739]]",11,quantum,2,
precond_pen=1.700,12,-0.8677167500469984,26.105507386333997,1.7,2,0.18436098098754883,0.07416296005249023,0.0,101011100010,+-+-+++---+-,0,True,"[[0.000123, 35.27436465], [0.004893, 32.32317516], [0.005098, 26.88886586], [0.008406, 26.30678849], [0.074163, 26.10550739]]",11,quantum,2,
precond_pen=1.800,12,-0.8307340842799995,26.105507386333997,1.8,2,0.0602259635925293,0.05359387397766113,0.0,101011100010,+-+-+++---+-,0,True,"[[0.000133, 35.27436465], [0.005518, 31.22380128], [0.005904, 30.5146448], [0.006121, 28.57612133], [0.006245, 26.88886586], [0.008905, 26.30678849], [0.053594, 26.10550739]]",11,quantum,2,
precond_pen=1.900,12,-3.8650728283350047,26.105507386333997,1.9,2,0.016170024871826172,0.013423919677734375,0.0,010100011101,-+-+---+++-+,0,True,"[[0.000164, 35.27436465], [0.005756, 27.1070042], [0.00619, 26.57752128], [0.006378, 26.30678849], [0.013424, 26.10550739]]",11,quantum,2,
precond_pen=2.000,12,-5.8452064998000015,26.105507386333997,2.0,2,0.01668381690979004,0.014702796936035156,0.0,101011100010,+-+-+++---+-,0,True,"[[0.000137, 35.27436465], [0.005781, 33.90039252], [0.006179, 33.14540198], [0.006674, 31.7293063], [0.006868, 26.30678849], [0.014703, 26.10550739]]",11,quantum,2,
baseline,12,31.635405535752003,31.635405535752007,,2,0.042365074157714844,0.004930973052978516,0.0,010111100001,-+-++++----+,0,True,"[[0.000151, 37.96465164], [0.004503, 36.29463591], [0.004783, 35.19588736], [0.004931, 31.63540554]]",12,quantum,2,
precond_pen=1.100,12,-1.8000097899439949,31.635405535752007,1.1,2,0.017202138900756836,0.005849123001098633,0.0,010111100001,-+-++++----+,0,True,"[[0.000143, 37.96465164], [0.005025, 37.12439326], [0.005517, 36.29463591], [0.005763, 34.08281046], [0.005849, 31.63540554]]",12,quantum,2,
precond_pen=1.200,12,-1.632182321469,31.635405535752007,1.2,2,0.012840032577514648,0.005023002624511719,0.0,010111100001,-+-++++----+,0,True,"[[0.000133, 37.96465164], [0.00454, 36.58412899], [0.004797, 36.29463591], [0.004931, 35.30774009], [0.005023, 31.63540554]]",12,quantum,2,
precond_pen=1.300,12,-1.5032088448150027,31.635405535752007,1.3,2,0.014286994934082031,0.0048351287841796875,0.0,010111100001,-+-++++----+,0,True,"[[0.000127, 37.96465164], [0.004412, 36.02769437], [0.004683, 34.66325767], [0.004835, 31.63540554]]",12,quantum,2,
precond_pen=1.400,12,-1.1841040411420014,31.635405535752007,1.4,2,0.01917290687561035,0.004897117614746094,0.0,101000011110,+-+----++++-,0,True,"[[0.000128, 37.96465164], [0.004503, 34.30789334], [0.004897, 31.63540554]]",12,quantum,2,
precond_pen=1.500,12,-5.443950435000998,31.635405535752007,1.5,2,0.013957023620605469,0.005990028381347656,0.0,010111100001,-+-++++----+,0,True,"[[0.000171, 37.96465164], [0.005283, 37.02340252], [0.005625, 36.29463591], [0.005875, 34.71119248], [0.00599, 31.63540554]]",12,quantum,2,
precond_pen=1.600,12,-5.7023690682309995,31.635405535752007,1.6,2,0.012208938598632812,0.005992889404296875,0.0,101000011110,+-+----++++-,0,True,"[[0.000143, 37.96465164], [0.005678, 35.61158242], [0.005993, 31.63540554]]",12,quantum,2,
precond_pen=1.700,12,-1.0063945144770008,31.635405535752007,1.7,2,0.018536090850830078,0.005444049835205078,0.0,010111100001,-+-++++----+,0,True,"[[0.000138, 37.96465164], [0.005058, 36.92400372], [0.005315, 34.98309822], [0.005444, 31.63540554]]",12,quantum,2,
precond_pen=1.800,12,-5.832060385160997,31.635405535752007,1.8,2,0.01099705696105957,0.004536867141723633,0.0,010111100001,-+-++++----+,0,True,"[[0.000129, 37.96465164], [0.00437, 34.71119248], [0.004537, 31.63540554]]",12,quantum,2,
precond_pen=1.900,12,-5.774058531257999,31.635405535752007,1.9,2,0.010505914688110352,0.004775047302246094,0.0,010111100001,-+-++++----+,0,True,"[[0.000132, 37.96465164], [0.004625, 34.71119248], [0.004775, 31.63540554]]",12,quantum,2,
precond_pen=2.000,12,-11.088361004333999,31.635405535752007,2.0,2,0.009729862213134766,0.004228830337524414,0.0,010111100001,-+-++++----+,0,True,"[[0.000117, 37.96465164], [0.004038, 32.82063005], [0.004229, 31.63540554]]",12,quantum,2,
baseline,12,31.619695469424986,31.619695469424986,,2,0.04755902290344238,0.01267099380493164,0.0,111010010100,+++-+--+-+--,0,True,"[[0.000113, 41.31318214], [0.003637, 35.44486733], [0.003858, 35.27668858], [0.004044, 32.09835683], [0.012671, 31.61969547]]",13,quantum,2,
precond_pen=1.100,12,-1.9647628546690008,31.619695469424986,1.1,2,0.028233051300048828,0.008054971694946289,0.0,000101101011,---+-++-+-++,0,True,"[[0.000245, 41.31318214], [0.008055, 31.61969547]]",13,quantum,2,
precond_pen=1.200,12,-1.771825017632997,31.619695469424986,1.2,2,0.031738996505737305,0.007017850875854492,0.0,000101101011,---+-++-+-++,0,True,"[[0.000168, 41.31318214], [0.00627, 37.81939916], [0.006701, 35.44486733], [0.006913, 34.79216135], [0.007018, 31.61969547]]",13,quantum,2,
precond_pen=1.300,12,-1.6246735208180016,31.619695469424986,1.3,2,0.033995866775512695,0.010814905166625977,0.0,000101101011,---+-++-+-++,0,True,"[[0.000197, 41.31318214], [0.00948, 35.35189436], [0.010099, 35.27668858], [0.010599, 33.57864159], [0.010815, 31.61969547]]",13,quantum,2,
precond_pen=1.400,12,-5.9253978753,32.098356829507,1.4,2,0.019331932067871094,0.008356809616088867,0.0,010001001111,-+---+--++++,0,True,"[[0.000166, 41.31318214], [0.006923, 39.07006393], [0.007661, 35.44486733], [0.008357, 32.09835683]]",13,quantum,2,
precond_pen=1.500,12,-2.3169384224439984,31.619695469424986,1.5,2,0.019944190979003906,0.006066083908081055,0.0,000101101011,---+-++-+-++,0,True,"[[0.000158, 41.31318214], [0.005084, 41.96809122], [0.00556, 35.44486733], [0.006066, 31.61969547]]",13,quantum,2,
precond_pen=1.600,12,-1.1250344809520039,31.619695469424986,1.6,2,0.02467799186706543,0.0054509639739990234,0.0,000101101011,---+-++-+-++,0,True,"[[0.000108, 41.31318214], [0.005257, 38.31117635], [0.005451, 31.61969547]]",13,quantum,2,
precond_pen=1.700,12,-6.777559158710001,32.098356829507,1.7,2,0.01936793327331543,0.0067501068115234375,0.0,010001001111,-+---+--++++,0,True,"[[0.000158, 41.31318214], [0.006344, 33.57864159], [0.00675, 32.09835683]]",13,quantum,2,
precond_pen=1.800,12,-6.743455832807001,32.098356829507,1.8,2,0.017225027084350586,0.005671024322509766,0.0,010001001111,-+---+--++++,0,True,"[[0.000144, 41.31318214], [0.00537, 36.9328779], [0.005671, 32.09835683]]",13,quantum,2,
precond_pen=1.900,12,-0.977168794554002,31.619695469424986,1.9,2,0.020013093948364258,0.0056040287017822266,0.0,000101101011,---+-++-+-++,0,True,"[[0.000149, 41.31318214], [0.005013, 41.08487418], [0.005316, 35.44486733], [0.005496, 34.79216135], [0.005604, 31.61969547]]",13,quantum,2,
precond_pen=2.000,12,-0.9241336382140011,31.619695469424986,2.0,2,0.018908023834228516,0.00836181640625,0.0,000101101011,---+-++-+-++,0,True,"[[0.000134, 41.31318214], [0.0051, 35.82053776], [0.005294, 35.44486733], [0.005591, 35.21482323], [0.00571, 32.09835683], [0.008362, 31.61969547]]",13,quantum,2,
baseline,12,33.33490874082199,33.334908740822,,2,0.07070112228393555,0.005618095397949219,0.0,100001011011,+----+-++-++,0,True,"[[0.000138, 39.35561032], [0.005454, 33.95418153], [0.005618, 33.33490874]]",14,quantum,2,
precond_pen=1.100,12,-1.7449711325489998,33.334908740822,1.1,2,0.025292158126831055,0.0076220035552978516,0.0,100001011011,+----+-++-++,0,True,"[[0.000171, 39.35561032], [0.007321, 36.4985334], [0.007622, 33.33490874]]",14,quantum,2,
precond_pen=1.200,12,-1.5883170342989956,33.334908740822,1.2,2,0.018365144729614258,0.008831024169921875,0.0,100001011011,+----+-++-++,0,True,"[[0.000217, 39.35561032], [0.008316, 38.08510015], [0.008831, 33.33490874]]",14,quantum,2,
precond_pen=1.300,12,-1.4673530913569959,33.334908740822,1.3,2,0.018618106842041016,0.006011009216308594,0.0,100001011011,+----+-++-++,0,True,"[[0.000196, 39.35561032], [0.005872, 38.08510015], [0.006011, 33.33490874]]",14,quantum,2,
precond_pen=1.400,12,-1.371004961095002,33.334908740822,1.4,2,0.0185699462890625,0.006600856781005859,0.0,011110100100,-++++-+--+--,0,True,"[[0.000171, 39.35561032], [0.005717, 37.43245123], [0.006271, 33.95418153], [0.006601, 33.33490874]]",14,quantum,2,
precond_pen=1.500,12,-1.2923785156130005,33.334908740822,1.5,2,0.01991581916809082,0.0059947967529296875,0.0,100001011011,+----+-++-++,0,True,"[[0.000136, 39.35561032], [0.005836, 37.17833327], [0.005995, 33.33490874]]",14,quantum,2,
precond_pen=1.600,12,-1.0313601986429974,33.334908740822,1.6,2,0.024712085723876953,0.005120992660522461,0.0,100001011011,+----+-++-++,0,True,"[[0.000116, 39.35561032], [0.005006, 37.17833327], [0.005121, 33.33490874]]",14,quantum,2,
precond_pen=1.700,12,-0.8973350041819987,33.334908740822,1.7,2,0.04270005226135254,0.014348030090332031,0.0,011110100100,-++++-+--+--,0,True,"[[0.000859, 39.35561032], [0.012826, 36.88025869], [0.013737, 33.95418153], [0.014348, 33.33490874]]",14,quantum,2,
precond_pen=1.800,12,-0.9326869417850014,33.334908740822,1.8,2,0.021185874938964844,0.006000995635986328,0.0,100001011011,+----+-++-++,0,True,"[[0.000168, 39.35561032], [0.005804, 38.4887272], [0.006001, 33.33490874]]",14,quantum,2,
precond_pen=1.900,12,-0.8952218328969961,33.334908740822,1.9,2,0.026345014572143555,0.006453037261962891,0.0,011110100100,-++++-+--+--,0,True,"[[0.000175, 39.35561032], [0.006063, 39.01825522], [0.006291, 33.95418153], [0.006453, 33.33490874]]",14,quantum,2,
precond_pen=2.000,12,-0.8634429999670026,33.334908740822,2.0,2,0.02914595603942871,0.006832122802734375,0.0,100001011011,+----+-++-++,0,True,"[[0.00017, 39.35561032], [0.006625, 36.76181433], [0.006832, 33.33490874]]",14,quantum,2,
baseline,12,31.513071873568997,31.513071873568993,,2,0.07511496543884277,0.007158041000366211,0.0,101101000011,+-++-+----++,0,True,"[[0.000207, 35.53379112], [0.007158, 31.51307187]]",15,quantum,2,
precond_pen=1.100,12,-1.6381444971410017,31.513071873568993,1.1,2,0.014899015426635742,0.006097078323364258,0.0,101101000011,+-++-+----++,0,True,"[[0.000144, 35.53379112], [0.005951, 34.02533811], [0.006097, 31.51307187]]",15,quantum,2,
precond_pen=1.200,12,-1.4954778758079978,31.513071873568993,1.2,2,0.023914098739624023,0.005914211273193359,0.0,101101000011,+-++-+----++,0,True,"[[0.000136, 35.53379112], [0.00576, 34.02533811], [0.005914, 31.51307187]]",15,quantum,2,
precond_pen=1.300,12,-1.3851584371399985,31.513071873568993,1.3,2,0.0242159366607666,0.006514072418212891,0.0,101101000011,+-++-+----++,0,True,"[[0.000155, 35.53379112], [0.006329, 34.06638351], [0.006514, 31.51307187]]",15,quantum,2,
precond_pen=1.400,12,-1.2972262822199978,31.513071873568993,1.4,2,0.01604294776916504,0.0057659149169921875,0.0,101101000011,+-++-+----++,0,True,"[[0.000169, 35.53379112], [0.005766, 31.51307187]]",15,quantum,2,
precond_pen=1.500,12,-1.0377401051009993,31.513071873568993,1.5,2,0.02077198028564453,0.005701780319213867,0.0,101101000011,+-++-+----++,0,True,"[[0.00016, 35.53379112], [0.005514, 34.02533811], [0.005702, 31.51307187]]",15,quantum,2,
precond_pen=1.600,12,-4.728968999454002,31.513071873568993,1.6,2,0.018931150436401367,0.007576942443847656,0.0,101101000011,+-++-+----++,0,True,"[[0.000181, 35.53379112], [0.006898, 33.29788655], [0.007343, 32.30025438], [0.007577, 31.51307187]]",15,quantum,2,
precond_pen=1.700,12,-0.9392427953099993,31.513071873568993,1.7,2,0.02850508689880371,0.006025075912475586,0.0,101101000011,+-++-+----++,0,True,"[[0.000144, 35.53379112], [0.00581, 35.20571676], [0.006025, 31.51307187]]",15,quantum,2,
precond_pen=1.800,12,-0.9051037245479989,31.513071873568993,1.8,2,0.02907419204711914,0.007067203521728516,0.0,101101000011,+-++-+----++,0,True,"[[0.000176, 35.53379112], [0.006803, 35.20571676], [0.007067, 31.51307187]]",15,quantum,2,
precond_pen=1.900,12,-0.8758849809139981,31.513071873568993,1.9,2,0.026351213455200195,0.0067501068115234375,0.0,101101000011,+-++-+----++,0,True,"[[0.000154, 35.53379112], [0.006558, 35.20571676], [0.00675, 31.51307187]]",15,quantum,2,
precond_pen=2.000,12,-0.7874593807299997,31.513071873568993,2.0,2,0.023811817169189453,0.006723880767822266,0.0,010010111100,-+--+-++++--,0,True,"[[0.000163, 35.53379112], [0.006523, 35.58958963], [0.006724, 31.51307187]]",15,quantum,2,
baseline,12,32.15421790943102,32.15421790943102,,2,0.04997420310974121,0.006761074066162109,0.0,111001011000,+++--+-++---,0,True,"[[0.000137, 39.44823873], [0.005803, 38.52526729], [0.006455, 37.89742173], [0.006761, 32.15421791]]",16,quantum,2,
precond_pen=1.100,12,-1.5900852438009974,32.15421790943102,1.1,2,0.022526025772094727,0.0063741207122802734,0.0,000110100111,---++-+--+++,0,True,"[[0.000168, 39.44823873], [0.006189, 35.10299194], [0.006374, 32.15421791]]",16,quantum,2,
precond_pen=1.200,12,-1.453796319559002,32.15421790943102,1.2,2,0.017319202423095703,0.005014181137084961,0.0,000110100111,---++-+--+++,0,True,"[[0.000116, 39.44823873], [0.00476, 35.10299194], [0.005014, 32.15421791]]",16,quantum,2,
precond_pen=1.300,12,-1.1369413219299984,32.25669061005502,1.3,2,0.02357316017150879,0.00715184211730957,0.0,000100101111,---+--+-++++,0,True,"[[0.000254, 39.44823873], [0.006499, 36.68219145], [0.007152, 32.15421791], [0.007343, 32.25669061]]",16,quantum,2,
precond_pen=1.400,12,-1.0970333307130034,32.25669061005502,1.4,2,0.0246579647064209,0.00874185562133789,0.0,000100101111,---+--+-++++,0,True,"[[0.000166, 39.44823873], [0.005415, 36.00748068], [0.005568, 32.95541341], [0.008742, 32.25669061]]",16,quantum,2,
precond_pen=1.500,12,-4.272662996309002,32.15421790943102,1.5,2,0.030804872512817383,0.010602951049804688,0.0,000110100111,---++-+--+++,0,True,"[[0.000842, 39.44823873], [0.009937, 34.65887484], [0.010424, 32.25669061], [0.010603, 32.15421791]]",16,quantum,2,
precond_pen=1.600,12,-4.499988172773,32.15421790943102,1.6,2,0.02844715118408203,0.009341955184936523,0.0,000110100111,---++-+--+++,0,True,"[[0.000189, 39.44823873], [0.00784, 36.77798496], [0.008807, 35.78356697], [0.009342, 32.15421791]]",16,quantum,2,
precond_pen=1.700,12,-4.614182893549,32.15421790943102,1.7,2,0.030297040939331055,0.008547067642211914,0.0,000110100111,---++-+--+++,0,True,"[[0.000198, 39.44823873], [0.00695, 38.54887514], [0.007519, 38.15708442], [0.008185, 35.78356697], [0.008547, 32.15421791]]",16,quantum,2,
precond_pen=1.800,12,-0.8827790605309982,32.25669061005502,1.8,2,0.028583049774169922,0.010591983795166016,0.0,111011010000,+++-++-+----,0,True,"[[0.000173, 39.44823873], [0.006468, 37.36289865], [0.006977, 35.54374502], [0.007249, 35.10299194], [0.007423, 32.95541341], [0.010592, 32.25669061]]",16,quantum,2,
precond_pen=1.900,12,-5.531256680190998,32.15421790943102,1.9,2,0.022190093994140625,0.0060160160064697266,0.0,000110100111,---++-+--+++,0,True,"[[0.000157, 39.44823873], [0.006016, 32.15421791]]",16,quantum,2,
precond_pen=2.000,12,-7.080171904281,32.15421790943102,2.0,2,0.026285171508789062,0.0066530704498291016,0.0,000110100111,---++-+--+++,0,True,"[[0.00015, 39.44823873], [0.005561, 36.09301977], [0.006304, 32.25669061], [0.006653, 32.15421791]]",16,quantum,2,
baseline,12,26.41063903595,26.410639035950012,,2,0.0552058219909668,0.006085872650146484,0.0,111010011000,+++-+--++---,0,True,"[[0.000171, 31.80353807], [0.006086, 26.41063904]]",17,quantum,2,
precond_pen=1.100,12,-1.5267376404279993,26.410639035950012,1.1,2,0.04145503044128418,0.00767207145690918,0.0,000101100111,---+-++--+++,0,True,"[[0.000172, 31.80353807], [0.006914, 29.23710229], [0.007459, 28.16649374], [0.007672, 26.41063904]]",17,quantum,2,
precond_pen=1.200,12,-1.404216315328,26.410639035950012,1.2,2,0.04826784133911133,0.007525920867919922,0.0,000101100111,---+-++--+++,0,True,"[[0.000149, 31.80353807], [0.007041, 30.37840721], [0.007526, 26.41063904]]",17,quantum,2,
precond_pen=1.300,12,-4.774554841455,26.410639035950012,1.3,2,0.021383047103881836,0.005474090576171875,0.0,000101100111,---+-++--+++,0,True,"[[0.000136, 31.80353807], [0.005087, 28.6456165], [0.00537, 27.36395399], [0.005474, 26.41063904]]",17,quantum,2,
precond_pen=1.400,12,-5.181656434785,26.410639035950012,1.4,2,0.013128995895385742,0.005123138427734375,0.0,111010011000,+++-+--++---,0,True,"[[0.000156, 31.80353807], [0.005123, 26.41063904]]",17,quantum,2,
precond_pen=1.500,12,-9.532835577490005,26.410639035950012,1.5,2,0.010259151458740234,0.005233049392700195,0.0,000101100111,---+-++--+++,0,True,"[[0.000124, 31.80353807], [0.004825, 29.40339196], [0.005115, 28.20676127], [0.005233, 26.41063904]]",17,quantum,2,
precond_pen=1.600,12,-5.4491081018040015,26.410639035950012,1.6,2,0.011775016784667969,0.005023956298828125,0.0,111010011000,+++-+--++---,0,True,"[[0.000108, 31.80353807], [0.004377, 29.41212921], [0.004782, 28.20676127], [0.005024, 26.41063904]]",17,quantum,2,
precond_pen=1.700,12,-9.638104528886998,26.410639035950012,1.7,2,0.012980937957763672,0.004987955093383789,0.0,000101100111,---+-++--+++,0,True,"[[0.000115, 31.80353807], [0.004988, 26.41063904]]",17,quantum,2,
precond_pen=1.800,12,-9.441633651135,26.410639035950012,1.8,2,0.010837078094482422,0.004498004913330078,0.0,000101100111,---+-++--+++,0,True,"[[0.000111, 31.80353807], [0.004134, 29.60145912], [0.004381, 28.20676127], [0.004498, 26.41063904]]",17,quantum,2,
precond_pen=1.900,12,-9.146783395630997,26.410639035950012,1.9,2,0.010935068130493164,0.005583047866821289,0.0,111010011000,+++-+--++---,0,True,"[[0.000135, 31.80353807], [0.005245, 29.60145912], [0.005583, 26.41063904]]",17,quantum,2,
precond_pen=2.000,12,-8.785714369108998,26.410639035950012,2.0,2,0.013327836990356445,0.006294965744018555,0.0,111010011000,+++-+--++---,0,True,"[[0.000152, 31.80353807], [0.00595, 28.1010389], [0.006295, 26.41063904]]",17,quantum,2,
baseline,12,29.462082536477027,29.462082536477006,,2,0.06118893623352051,0.005434989929199219,0.0,000100011111,---+---+++++,0,True,"[[0.000156, 30.71988525], [0.005435, 29.46208254]]",18,quantum,2,
precond_pen=1.100,12,-1.7013628803539982,29.48232613137901,1.1,2,0.01627206802368164,0.00617218017578125,0.0,101011100001,+-+-+++----+,0,True,"[[0.000156, 30.71988525], [0.006172, 29.48232613]]",18,quantum,2,
precond_pen=1.200,12,-1.5504124321029975,29.48232613137901,1.2,2,0.021284103393554688,0.005827188491821289,0.0,010100011110,-+-+---++++-,0,True,"[[0.000139, 30.71988525], [0.005827, 29.46208254], [0.006115, 29.48232613]]",18,quantum,2,
precond_pen=1.300,12,-1.4335548545249992,29.48232613137901,1.3,2,0.017765045166015625,0.005697965621948242,0.0,101011100001,+-+-+++----+,0,True,"[[0.000153, 30.71988525], [0.005698, 29.48232613]]",18,quantum,2,
precond_pen=1.400,12,-1.1737497015229996,29.48232613137901,1.4,2,0.023219823837280273,0.005764961242675781,0.0,101011100001,+-+-+++----+,0,True,"[[0.000139, 30.71988525], [0.005765, 29.48232613]]",18,quantum,2,
precond_pen=1.500,12,-5.940353030477,29.48232613137901,1.5,2,0.010917901992797852,0.005454063415527344,0.0,010100011110,-+-+---++++-,0,True,"[[0.00014, 30.71988525], [0.005099, 30.31255372], [0.005454, 29.46208254], [0.005577, 29.48232613]]",18,quantum,2,
precond_pen=1.600,12,-6.0079239857790006,29.48232613137901,1.6,2,0.009834051132202148,0.0043179988861083984,0.0,010100011110,-+-+---++++-,0,True,"[[0.000111, 30.71988525], [0.004318, 29.46208254], [0.004554, 29.48232613]]",18,quantum,2,
precond_pen=1.700,12,-0.9750176409270006,29.48232613137901,1.7,2,0.02187800407409668,0.005068063735961914,0.0,101011100001,+-+-+++----+,0,True,"[[0.000122, 30.71988525], [0.005068, 29.48232613]]",18,quantum,2,
precond_pen=1.800,12,-5.875727440571998,29.48232613137901,1.8,2,0.01649308204650879,0.007385969161987305,0.0,010100011110,-+-+---++++-,0,True,"[[0.000171, 30.71988525], [0.007386, 29.48232613]]",18,quantum,2,
precond_pen=1.900,12,-2.1574096525199966,29.48232613137901,1.9,2,0.014681100845336914,0.005093097686767578,0.0,010100011110,-+-+---++++-,0,True,"[[0.000116, 30.71988525], [0.005093, 29.46208254], [0.005247, 29.48232613]]",18,quantum,2,
precond_pen=2.000,12,-1.0272181921520005,29.48232613137901,2.0,2,0.029289960861206055,0.0068318843841552734,0.0,101011100001,+-+-+++----+,0,True,"[[0.000156, 30.71988525], [0.006832, 29.48232613]]",18,quantum,2,
baseline,12,28.48525782865699,28.485257828657012,,2,0.05129408836364746,0.013360023498535156,0.0,000111001011,---+++--+-++,0,True,"[[0.000166, 38.34315014], [0.005774, 37.31064527], [0.006077, 37.26998729], [0.006235, 29.81321301], [0.01336, 28.48525783]]",19,quantum,2,
precond_pen=1.100,12,-1.6017994834029983,28.485257828657012,1.1,2,0.01656794548034668,0.0062220096588134766,0.0,111000110100,+++---++-+--,0,True,"[[0.000163, 38.34315014], [0.005706, 35.55346333], [0.006058, 33.23761345], [0.006222, 28.48525783]]",19,quantum,2,
precond_pen=1.200,12,-1.4664166075350016,28.485257828657012,1.2,2,0.018544912338256836,0.006556034088134766,0.0,000111001011,---+++--+-++,0,True,"[[0.00015, 38.34315014], [0.00595, 35.49873992], [0.006382, 32.82825849], [0.006556, 28.48525783]]",19,quantum,2,
precond_pen=1.300,12,-1.1774889721560022,28.485257828657012,1.3,2,0.018191814422607422,0.005712032318115234,0.0,000111001011,---+++--+-++,0,True,"[[0.000144, 38.34315014], [0.00521, 35.21283677], [0.005573, 34.00207329], [0.005712, 28.48525783]]",19,quantum,2,
precond_pen=1.400,12,-1.088350861064999,28.485257828657012,1.4,2,0.022728919982910156,0.005720853805541992,0.0,000111001011,---+++--+-++,0,True,"[[0.000146, 38.34315014], [0.005558, 34.00207329], [0.005721, 28.48525783]]",19,quantum,2,
precond_pen=1.500,12,-1.0180870940279991,28.485257828657012,1.5,2,0.02500605583190918,0.0061190128326416016,0.0,000111001011,---+++--+-++,0,True,"[[0.000153, 38.34315014], [0.005873, 34.00207329], [0.006119, 28.48525783]]",19,quantum,2,
precond_pen=1.600,12,-5.720468992388002,28.485257828657012,1.6,2,0.017544984817504883,0.006448984146118164,0.0,111000110100,+++---++-+--,0,True,"[[0.000154, 38.34315014], [0.005855, 33.70951591], [0.006262, 32.4236565], [0.006449, 28.48525783]]",19,quantum,2,
precond_pen=1.700,12,-5.663128057105999,28.485257828657012,1.7,2,0.012880802154541016,0.0058019161224365234,0.0,111000110100,+++---++-+--,0,True,"[[0.000128, 38.34315014], [0.005526, 29.81215021], [0.005802, 28.48525783]]",19,quantum,2,
precond_pen=1.800,12,-9.196658140617002,28.485257828657012,1.8,2,0.011322021484375,0.0055389404296875,0.0,000111001011,---+++--+-++,0,True,"[[0.00012, 38.34315014], [0.005196, 33.70951591], [0.005539, 28.48525783]]",19,quantum,2,
precond_pen=1.900,12,-9.019976646144999,28.485257828657012,1.9,2,0.014286994934082031,0.005686044692993164,0.0,111000110100,+++---++-+--,0,True,"[[0.000121, 38.34315014], [0.004865, 32.62385819], [0.005408, 32.4236565], [0.005686, 28.48525783]]",19,quantum,2,
precond_pen=2.000,12,-8.778496953272,28.485257828657012,2.0,2,0.017668962478637695,0.00604701042175293,0.0,111000110100,+++---++-+--,0,True,"[[0.000146, 38.34315014], [0.00571, 31.03028567], [0.006047, 28.48525783]]",19,quantum,2,
baseline,12,24.940013813704002,24.940013813704,,2,0.05391693115234375,0.02466297149658203,0.0,011100110010,-+++--++--+-,0,True,"[[0.000163, 34.51707049], [0.00624, 31.73939163], [0.006558, 30.57899604], [0.006771, 25.59706669], [0.024663, 24.94001381]]",20,quantum,2,
precond_pen=1.100,12,-1.5643660443539993,24.940013813704,1.1,2,0.01846599578857422,0.006554126739501953,0.0,011100110010,-+++--++--+-,0,True,"[[0.000168, 34.51707049], [0.006086, 30.00093694], [0.006384, 28.24214518], [0.006554, 24.94001381]]",20,quantum,2,
precond_pen=1.200,12,-1.4387692357069986,24.940013813704,1.2,2,0.021287918090820312,0.006360054016113281,0.0,100011001101,+---++--++-+,0,True,"[[0.000141, 34.51707049], [0.005442, 34.30456553], [0.005759, 31.73939163], [0.006181, 28.08486424], [0.00636, 24.94001381]]",20,quantum,2,
precond_pen=1.300,12,-5.294691341245002,24.940013813704,1.3,2,0.017611026763916016,0.00626683235168457,0.0,100011001101,+---++--++-+,0,True,"[[0.000161, 34.51707049], [0.005668, 25.59706669], [0.006267, 24.94001381]]",20,quantum,2,
precond_pen=1.400,12,-1.063641518147997,24.940013813704,1.4,2,0.021158933639526367,0.006249904632568359,0.0,100011001101,+---++--++-+,0,True,"[[0.000163, 34.51707049], [0.005628, 33.08621793], [0.005907, 31.73939163], [0.006134, 30.95655856], [0.00625, 24.94001381]]",20,quantum,2,
precond_pen=1.500,12,-5.619659260534002,24.940013813704,1.5,2,0.011647939682006836,0.009182929992675781,0.0,100011001101,+---++--++-+,0,True,"[[0.000138, 34.51707049], [0.005143, 29.77711834], [0.005561, 28.24214518], [0.005926, 26.85268135], [0.006071, 25.59926744], [0.009183, 24.94001381]]",20,quantum,2,
precond_pen=1.600,12,-0.946119034759004,24.940013813704,1.6,2,0.024487018585205078,0.005048990249633789,0.0,100011001101,+---++--++-+,0,True,"[[0.000118, 34.51707049], [0.004896, 31.18805723], [0.005049, 24.94001381]]",20,quantum,2,
precond_pen=1.700,12,-5.512790031565,24.940013813704,1.7,2,0.015877962112426758,0.006793975830078125,0.0,100011001101,+---++--++-+,0,True,"[[0.000146, 34.51707049], [0.006114, 27.97798348], [0.006636, 28.24214518], [0.006794, 24.94001381]]",20,quantum,2,
precond_pen=1.800,12,-9.144549002736001,24.940013813704,1.8,2,0.01329493522644043,0.010017871856689453,0.0,100011001101,+---++--++-+,0,True,"[[0.000129, 34.51707049], [0.005406, 28.5067411], [0.00571, 26.85268135], [0.005883, 25.59706669], [0.010018, 24.94001381]]",20,quantum,2,
precond_pen=1.900,12,-8.971389962178998,24.940013813704,1.9,2,0.010641813278198242,0.009138822555541992,0.0,100011001101,+---++--++-+,0,True,"[[0.000122, 34.51707049], [0.004821, 28.5067411], [0.005076, 26.85268135], [0.005242, 25.59706669], [0.009139, 24.94001381]]",20,quantum,2,
precond_pen=2.000,12,-8.752683250100002,24.940013813704,2.0,2,0.012266874313354492,0.009797811508178711,0.0,011100110010,-+++--++--+-,0,True,"[[0.000122, 34.51707049], [0.004943, 28.07912171], [0.005546, 26.85268135], [0.005877, 25.59706669], [0.009798, 24.94001381]]",20,quantum,2,
baseline,12,28.297260951524,28.297260951523988,,2,0.04675102233886719,0.04212808609008789,0.0,110101110000,++-+-+++----,0,True,"[[0.000155, 33.82111204], [0.005062, 28.58581031], [0.042128, 28.29726095], [0.045791, 28.29726095]]",21,quantum,2,
precond_pen=1.100,12,-1.5157445119269992,28.297260951523988,1.1,2,0.04078483581542969,0.0100250244140625,0.0,001010001111,--+-+---++++,0,True,"[[0.000156, 33.82111204], [0.006043, 31.59941231], [0.006772, 28.80087339], [0.010025, 28.29726095]]",21,quantum,2,
precond_pen=1.200,12,-1.3928418418319977,28.297260951523988,1.2,2,0.026986122131347656,0.006844997406005859,0.0,001010001111,--+-+---++++,0,True,"[[0.000159, 33.82111204], [0.00662, 32.58494933], [0.006845, 28.29726095]]",21,quantum,2,
precond_pen=1.300,12,-1.296924692120002,28.297260951523988,1.3,2,0.01747918128967285,0.008743047714233398,0.0,001010001111,--+-+---++++,0,True,"[[0.000143, 33.82111204], [0.005687, 29.2987367], [0.005939, 28.80087339], [0.008743, 28.29726095]]",21,quantum,2,
precond_pen=1.400,12,-1.0422642392460002,28.297260951523988,1.4,2,0.025001049041748047,0.0062389373779296875,0.0,001010001111,--+-+---++++,0,True,"[[0.000148, 33.82111204], [0.006081, 33.28381246], [0.006239, 28.29726095]]",21,quantum,2,
precond_pen=1.500,12,-0.9898662133630003,28.297260951523988,1.5,2,0.0343630313873291,0.03251004219055176,0.0,001010001111,--+-+---++++,0,True,"[[0.000143, 33.82111204], [0.005243, 33.08414866], [0.005377, 28.80087339], [0.03251, 28.29726095]]",21,quantum,2,
precond_pen=1.600,12,-1.103874155714001,28.297260951523988,1.6,2,0.041502952575683594,0.005894899368286133,0.0,110101110000,++-+-+++----,0,True,"[[0.000141, 33.82111204], [0.005752, 33.54522889], [0.005895, 28.29726095]]",21,quantum,2,
precond_pen=1.700,12,-1.0816840873829996,28.297260951523988,1.7,2,0.03571891784667969,0.03337287902832031,0.0,001010001111,--+-+---++++,0,True,"[[0.000156, 33.82111204], [0.006707, 33.15645824], [0.007004, 28.80087339], [0.010493, 28.64150678], [0.033373, 28.29726095], [0.034881, 28.29726095]]",21,quantum,2,
precond_pen=1.800,12,-4.474451762448999,28.920606339983983,1.8,2,0.015290021896362305,0.006849050521850586,1.6337465255005e-07,110111000100,++-+++---+--,0,True,"[[0.000182, 33.82111204], [0.006334, 32.31846909], [0.006849, 28.80087339], [0.007095, 28.92060634]]",21,quantum,2,
precond_pen=1.900,12,-0.8359318429820002,28.297260951523988,1.9,2,0.03192400932312012,0.029504060745239258,0.0,110101110000,++-+-+++----,0,True,"[[0.000132, 33.82111204], [0.0053, 28.64150678], [0.029504, 28.29726095], [0.031121, 28.29726095]]",21,quantum,2,
precond_pen=2.000,12,-4.3563546794090025,28.297260951523988,2.0,2,0.014740943908691406,0.013108968734741211,0.0,001010001111,--+-+---++++,0,True,"[[0.000162, 33.82111204], [0.005977, 31.7897526], [0.006561, 28.80087339], [0.006802, 28.92060634], [0.013109, 28.29726095]]",21,quantum,2,
baseline,12,31.463189690856,31.46318969085599,,2,0.03923606872558594,0.013643026351928711,0.0,010110010110,-+-++--+-++-,0,True,"[[0.000133, 41.86415609], [0.005061, 37.29388169], [0.00524, 32.43465927], [0.013643, 31.46318969]]",22,quantum,2,
precond_pen=1.100,12,-1.5156198445769986,31.46318969085599,1.1,2,0.02138495445251465,0.019006013870239258,0.0,101001101001,+-+--++-+--+,0,True,"[[0.000133, 41.86415609], [0.005315, 39.52995886], [0.005753, 39.2596067], [0.006349, 33.86193591], [0.00659, 32.55128816], [0.018693, 32.05620903], [0.019006, 31.46318969]]",22,quantum,2,
precond_pen=1.200,12,-1.3939431067840014,31.46318969085599,1.2,2,0.024203062057495117,0.02186107635498047,0.0,101001101001,+-+--++-+--+,0,True,"[[0.000172, 41.86415609], [0.00655, 32.55128816], [0.021498, 32.05620903], [0.021861, 31.46318969]]",22,quantum,2,
precond_pen=1.300,12,-1.0971860446049995,31.46318969085599,1.3,2,0.03434395790100098,0.026144027709960938,0.0,101001101001,+-+--++-+--+,0,True,"[[0.000158, 41.86415609], [0.006772, 39.99505424], [0.007098, 32.55128816], [0.025783, 32.05620903], [0.026144, 31.46318969]]",22,quantum,2,
precond_pen=1.400,12,-1.0543093535330001,31.46318969085599,1.4,2,0.026365041732788086,0.02455306053161621,0.0,010110010110,-+-++--+-++-,0,True,"[[0.000193, 41.86415609], [0.007025, 34.33203065], [0.00748, 33.86193591], [0.007605, 32.55128816], [0.024247, 32.05620903], [0.024553, 31.46318969]]",22,quantum,2,
precond_pen=1.500,12,-0.9887331196430029,31.46318969085599,1.5,2,0.04586601257324219,0.032089948654174805,0.0,101001101001,+-+--++-+--+,0,True,"[[0.000142, 41.86415609], [0.005783, 37.08209822], [0.006115, 35.70373028], [0.006293, 34.23551848], [0.006405, 32.55128816], [0.031744, 32.05620903], [0.03209, 31.46318969]]",22,quantum,2,
precond_pen=1.600,12,-0.9377301627299994,31.46318969085599,1.6,2,0.03137993812561035,0.028675079345703125,0.0,010110010110,-+-++--+-++-,0,True,"[[0.000151, 41.86415609], [0.004556, 36.41386291], [0.004827, 35.70373028], [0.004995, 33.86193591], [0.005097, 32.55128816], [0.028675, 31.46318969]]",22,quantum,2,
precond_pen=1.700,12,-0.9015732118430018,31.46318969085599,1.7,2,0.029768943786621094,0.02718806266784668,0.0,101001101001,+-+--++-+--+,0,True,"[[0.000151, 41.86415609], [0.005315, 37.07302004], [0.005708, 35.70373028], [0.005924, 33.86193591], [0.006027, 32.55128816], [0.02682, 32.05620903], [0.027188, 31.46318969], [0.028987, 31.46318969]]",22,quantum,2,
precond_pen=1.800,12,-0.8010411660149996,31.46318969085599,1.8,2,0.020794153213500977,0.009571075439453125,0.0,101001101001,+-+--++-+--+,0,True,"[[0.000141, 41.86415609], [0.005637, 33.60040292], [0.005943, 32.55128816], [0.009571, 31.46318969]]",22,quantum,2,
precond_pen=1.900,12,-0.8278816004850018,31.46318969085599,1.9,2,0.022910118103027344,0.011091947555541992,0.0,101001101001,+-+--++-+--+,0,True,"[[0.00015, 41.86415609], [0.005814, 33.60040292], [0.006244, 33.86193591], [0.006366, 32.55128816], [0.011092, 31.46318969]]",22,quantum,2,
precond_pen=2.000,12,-0.8023937195199986,31.46318969085599,2.0,2,0.02456498146057129,0.012201070785522461,0.0,101001101001,+-+--++-+--+,0,True,"[[0.000149, 41.86415609], [0.005491, 33.60040292], [0.005788, 33.86193591], [0.005873, 32.55128816], [0.012201, 31.46318969]]",22,quantum,2,
baseline,12,29.267312829664988,29.26731282966503,,2,0.04445385932922363,0.005322933197021484,0.0,001111010001,--++++-+---+,0,True,"[[0.00016, 36.99680484], [0.005323, 29.26731283]]",23,quantum,2,
precond_pen=1.100,12,-1.900259999373005,29.26731282966503,1.1,2,0.016234159469604492,0.006541013717651367,0.0,001111010001,--++++-+---+,0,True,"[[0.000159, 36.99680484], [0.006262, 32.69395504], [0.006541, 29.26731283]]",23,quantum,2,
precond_pen=1.200,12,-9.691452788108002,29.26731282966503,1.2,2,0.011734962463378906,0.006314992904663086,0.0,001111010001,--++++-+---+,0,True,"[[0.000187, 36.99680484], [0.005471, 32.5821954], [0.006048, 35.98641151], [0.006315, 29.26731283]]",23,quantum,2,
precond_pen=1.300,12,-7.467602644682002,29.26731282966503,1.3,2,0.011383056640625,0.005616903305053711,0.0,110000101110,++----+-+++-,0,True,"[[0.000151, 36.99680484], [0.005617, 29.26731283]]",23,quantum,2,
precond_pen=1.400,12,-7.832469433797998,29.26731282966503,1.4,2,0.011306047439575195,0.0046961307525634766,0.0,110000101110,++----+-+++-,0,True,"[[0.000128, 36.99680484], [0.004696, 29.26731283]]",23,quantum,2,
precond_pen=1.500,12,-7.945132665027999,29.26731282966503,1.5,2,0.010725021362304688,0.005194187164306641,0.0,110000101110,++----+-+++-,0,True,"[[0.000131, 36.99680484], [0.005194, 29.26731283]]",23,quantum,2,
precond_pen=1.600,12,-14.807557393848999,29.26731282966503,1.6,2,0.01304316520690918,0.005621194839477539,0.0,001111010001,--++++-+---+,0,True,"[[0.000131, 36.99680484], [0.005329, 31.8789811], [0.005621, 29.26731283]]",23,quantum,2,
precond_pen=1.700,12,-14.806385256378999,29.26731282966503,1.7,2,0.013312816619873047,0.006455898284912109,0.0,110000101110,++----+-+++-,0,True,"[[0.000145, 36.99680484], [0.006456, 29.26731283]]",23,quantum,2,
precond_pen=1.800,12,-14.562164678897002,29.26731282966503,1.8,2,0.01229715347290039,0.006899118423461914,0.0,110000101110,++----+-+++-,0,True,"[[0.000167, 36.99680484], [0.006441, 33.64769032], [0.006899, 29.26731283]]",23,quantum,2,
precond_pen=1.900,12,-14.166414296423003,29.26731282966503,1.9,2,0.012223958969116211,0.0060160160064697266,0.0,110000101110,++----+-+++-,0,True,"[[0.000161, 36.99680484], [0.005519, 33.38944301], [0.006016, 29.26731283]]",23,quantum,2,
precond_pen=2.000,12,-13.676250741750998,29.26731282966503,2.0,2,0.012163877487182617,0.0056269168853759766,0.0,001111010001,--++++-+---+,0,True,"[[0.000153, 36.99680484], [0.005366, 30.59617889], [0.005627, 29.26731283]]",23,quantum,2,
baseline,12,27.366012779498984,27.366012779499005,,2,0.04601693153381348,0.004868030548095703,0.0,100010100111,+---+-+--+++,0,True,"[[0.000128, 33.17009917], [0.004581, 33.09420771], [0.004868, 27.36601278]]",24,quantum,2,
precond_pen=1.100,12,-1.9187793921310012,27.366012779499005,1.1,2,0.016613006591796875,0.006125211715698242,0.0,100010100111,+---+-+--+++,0,True,"[[0.000144, 33.17009917], [0.00593, 32.74832626], [0.006125, 27.36601278]]",24,quantum,2,
precond_pen=1.200,12,-1.7412212447659963,27.366012779499005,1.2,2,0.015928983688354492,0.0060999393463134766,0.0,011101011000,-+++-+-++---,0,True,"[[0.000172, 33.17009917], [0.0061, 27.36601278]]",24,quantum,2,
precond_pen=1.300,12,-13.257753535898997,27.366012779499005,1.3,2,0.009943008422851562,0.005373954772949219,0.0,011101011000,-+++-+-++---,0,True,"[[0.000153, 33.17009917], [0.005374, 27.36601278]]",24,quantum,2,
precond_pen=1.400,12,-7.6721000037449985,27.366012779499005,1.4,2,0.018055200576782227,0.0060100555419921875,0.0,100010100111,+---+-+--+++,0,True,"[[0.00014, 33.17009917], [0.00601, 27.36601278]]",24,quantum,2,
precond_pen=1.500,12,-13.076197397455001,27.366012779499005,1.5,2,0.01347804069519043,0.007589101791381836,0.0,100010100111,+---+-+--+++,0,True,"[[0.00016, 33.17009917], [0.006256, 33.38588623], [0.006587, 33.40319141], [0.007293, 31.01987858], [0.007589, 27.36601278]]",24,quantum,2,
precond_pen=1.600,12,-12.956480858683996,27.366012779499005,1.6,2,0.012470006942749023,0.006261110305786133,0.0,100010100111,+---+-+--+++,0,True,"[[0.000147, 33.17009917], [0.005913, 32.63565977], [0.006261, 27.36601278]]",24,quantum,2,
precond_pen=1.700,12,-12.899084333764002,27.366012779499005,1.7,2,0.012026071548461914,0.006371021270751953,0.0,011101011000,-+++-+-++---,0,True,"[[0.000157, 33.17009917], [0.005916, 30.81386998], [0.006189, 29.99091013], [0.006371, 27.36601278]]",24,quantum,2,
precond_pen=1.800,12,-12.660269991580998,27.366012779499005,1.8,2,0.01152801513671875,0.005861043930053711,0.0,100010100111,+---+-+--+++,0,True,"[[0.000154, 33.17009917], [0.005406, 32.30657283], [0.005861, 27.36601278]]",24,quantum,2,
precond_pen=1.900,12,-12.311401897220001,27.366012779499005,1.9,2,0.011097908020019531,0.005882978439331055,0.0,011101011000,-+++-+-++---,0,True,"[[0.000144, 33.17009917], [0.005464, 33.27060399], [0.005883, 27.36601278]]",24,quantum,2,
precond_pen=2.000,12,-11.896704854505998,27.366012779499005,2.0,2,0.011008024215698242,0.005553007125854492,0.0,100010100111,+---+-+--+++,0,True,"[[0.000129, 33.17009917], [0.005287, 29.36955551], [0.005553, 27.36601278]]",24,quantum,2,
baseline,12,23.839154354381982,23.839154354381986,,2,0.056275129318237305,0.0053861141204833984,0.0,011010001110,-++-+---+++-,0,True,"[[0.000124, 32.71139697], [0.004958, 31.22382675], [0.005207, 28.42280328], [0.005386, 23.83915435]]",25,quantum,2,
precond_pen=1.100,12,-1.712684615733,23.839154354381986,1.1,2,0.014054059982299805,0.005639076232910156,0.0,011010001110,-++-+---+++-,0,True,"[[0.000137, 32.71139697], [0.004948, 28.73000044], [0.005302, 28.42280328], [0.005513, 28.27478619], [0.005639, 23.83915435]]",25,quantum,2,
precond_pen=1.200,12,-1.5700729279550014,23.839154354381986,1.2,2,0.019939899444580078,0.008980989456176758,0.0,011010001110,-++-+---+++-,0,True,"[[0.000139, 32.71139697], [0.004694, 31.155666], [0.005019, 29.05594886], [0.005157, 26.42222074], [0.008981, 23.83915435]]",25,quantum,2,
precond_pen=1.300,12,-1.5213465314639985,23.839154354381986,1.3,2,0.025138139724731445,0.014649152755737305,0.0,011010001110,-++-+---+++-,0,True,"[[0.000178, 32.71139697], [0.006232, 31.155666], [0.006721, 29.05594886], [0.006865, 26.42222074], [0.014649, 23.83915435]]",25,quantum,2,
precond_pen=1.400,12,-1.3670995174360003,23.839154354381986,1.4,2,0.020045042037963867,0.007069110870361328,0.0,100101110001,+--+-+++---+,0,True,"[[0.00017, 32.71139697], [0.006786, 30.04122485], [0.007069, 23.83915435]]",25,quantum,2,
precond_pen=1.500,12,-1.0981547915629983,23.839154354381986,1.5,2,0.01979517936706543,0.005885124206542969,0.0,100101110001,+--+-+++---+,0,True,"[[0.000162, 32.71139697], [0.005707, 25.5358759], [0.005885, 23.83915435]]",25,quantum,2,
precond_pen=1.600,12,-1.032461972068,23.839154354381986,1.6,2,0.02303004264831543,0.006958961486816406,0.0,011010001110,-++-+---+++-,0,True,"[[0.000155, 32.71139697], [0.006577, 27.28031059], [0.006959, 23.83915435]]",25,quantum,2,
precond_pen=1.700,12,-0.9039362944590001,23.839154354381986,1.7,2,0.028100967407226562,0.006608009338378906,0.0,100101110001,+--+-+++---+,0,True,"[[0.000148, 32.71139697], [0.006215, 31.6852552], [0.006471, 28.49961392], [0.006608, 23.83915435]]",25,quantum,2,
precond_pen=1.800,12,-0.7464132991729988,23.839154354381986,1.8,2,0.024791955947875977,0.0065460205078125,0.0,100101110001,+--+-+++---+,0,True,"[[0.000144, 32.71139697], [0.005898, 32.02541788], [0.006178, 31.6852552], [0.006384, 30.60382837], [0.006546, 23.83915435]]",25,quantum,2,
precond_pen=1.900,12,-5.702887247361998,23.839154354381986,1.9,2,0.010663032531738281,0.004861116409301758,0.0,011010001110,-++-+---+++-,0,True,"[[0.000122, 32.71139697], [0.00469, 31.47737336], [0.004861, 23.83915435]]",25,quantum,2,
precond_pen=2.000,12,-1.9090391682089978,23.839154354381986,2.0,2,0.012926816940307617,0.0048029422760009766,0.0,100101110001,+--+-+++---+,0,True,"[[0.000113, 32.71139697], [0.004157, 31.61695128], [0.004445, 31.41261527], [0.00469, 31.10939026], [0.004803, 23.83915435]]",25,quantum,2,
baseline,12,31.399613929604,31.39961392960398,,2,0.05037689208984375,0.04504203796386719,0.0,010100011110,-+-+---++++-,0,True,"[[0.000194, 34.46082601], [0.005149, 32.18432083], [0.014671, 32.11523207], [0.045042, 31.39961393]]",26,quantum,2,
precond_pen=1.100,12,-1.550652139738002,31.39961392960398,1.1,2,0.013722896575927734,0.0055539608001708984,0.0,101011100001,+-+-+++----+,0,True,"[[0.000143, 34.46082601], [0.005393, 33.35791347], [0.005554, 31.39961393]]",26,quantum,2,
precond_pen=1.200,12,-1.4201193408040007,31.39961392960398,1.2,2,0.015917062759399414,0.005525112152099609,0.0,101011100001,+-+-+++----+,0,True,"[[0.000137, 34.46082601], [0.005331, 31.6591243], [0.005525, 31.39961393]]",26,quantum,2,
precond_pen=1.300,12,-4.527590053453,31.39961392960398,1.3,2,0.0204770565032959,0.0057179927825927734,0.0,101011100001,+-+-+++----+,0,True,"[[0.000137, 34.46082601], [0.005541, 34.01441604], [0.005718, 31.39961393]]",26,quantum,2,
precond_pen=1.400,12,-8.145743394056996,32.21931511087198,1.4,2,0.01197504997253418,0.006489992141723633,0.0,011100011100,-+++---+++--,0,True,"[[0.000163, 34.46082601], [0.006153, 33.45957848], [0.00649, 32.21931511]]",26,quantum,2,
precond_pen=1.500,12,-8.724349451186997,32.21931511087198,1.5,2,0.011893033981323242,0.0062639713287353516,0.0,011100011100,-+++---+++--,0,True,"[[0.000152, 34.46082601], [0.005312, 33.75594798], [0.005916, 34.01441604], [0.006264, 32.21931511]]",26,quantum,2,
precond_pen=1.600,12,-8.965047833055998,32.21931511087198,1.6,2,0.010712146759033203,0.005264997482299805,0.0,100011100011,+---+++---++,0,True,"[[0.000154, 34.46082601], [0.004994, 32.45709375], [0.005265, 32.21931511]]",26,quantum,2,
precond_pen=1.700,12,-8.97405246835,32.21931511087198,1.7,2,0.009693145751953125,0.004366159439086914,0.0,011100011100,-+++---+++--,0,True,"[[0.00011, 34.46082601], [0.004109, 33.45957848], [0.004366, 32.21931511]]",26,quantum,2,
precond_pen=1.800,12,-8.831912285127,32.21931511087198,1.8,2,0.01031804084777832,0.00464320182800293,0.0,100011100011,+---+++---++,0,True,"[[0.000132, 34.46082601], [0.004301, 32.66023065], [0.004643, 32.21931511]]",26,quantum,2,
precond_pen=1.900,12,-8.593253268128,32.21931511087198,1.9,2,0.010665178298950195,0.004661083221435547,0.0,011100011100,-+++---+++--,0,True,"[[0.00014, 34.46082601], [0.004661, 32.21931511]]",26,quantum,2,
precond_pen=2.000,12,-8.292828875544,32.21931511087198,2.0,2,0.012850046157836914,0.0054950714111328125,0.0,011100011100,-+++---+++--,0,True,"[[0.000135, 34.46082601], [0.005142, 33.83558631], [0.005495, 32.21931511]]",26,quantum,2,
baseline,12,29.389637890219976,29.389637890219994,,2,0.06992888450622559,0.014683961868286133,0.0,010010011101,-+--+--+++-+,0,True,"[[0.000148, 36.55661516], [0.00516, 32.96220934], [0.005439, 29.81007898], [0.014684, 29.38963789]]",27,quantum,2,
precond_pen=1.100,12,-1.4978121378290021,29.389637890219994,1.1,2,0.0197451114654541,0.005937099456787109,0.0,101101100010,+-++-++---+-,0,True,"[[0.000149, 36.55661516], [0.005576, 32.42992505], [0.005805, 31.20347293], [0.005937, 29.38963789]]",27,quantum,2,
precond_pen=1.200,12,-1.3782691803530005,29.389637890219994,1.2,2,0.019021987915039062,0.005900144577026367,0.0,010010011101,-+--+--+++-+,0,True,"[[0.000149, 36.55661516], [0.005612, 30.5259497], [0.0059, 29.38963789]]",27,quantum,2,
precond_pen=1.300,12,-1.2848440008400006,29.389637890219994,1.3,2,0.02299809455871582,0.006412029266357422,0.0,010010011101,-+--+--+++-+,0,True,"[[0.000154, 36.55661516], [0.005424, 34.22395955], [0.005881, 32.96220934], [0.006255, 30.5259497], [0.006412, 29.38963789]]",27,quantum,2,
precond_pen=1.400,12,-1.2097469659120001,29.389637890219994,1.4,2,0.02862715721130371,0.026838064193725586,0.0,010010011101,-+--+--+++-+,0,True,"[[0.000137, 36.55661516], [0.005287, 31.44406596], [0.00554, 29.81007898], [0.026555, 29.59909877], [0.026838, 29.38963789], [0.02796, 29.38963789]]",27,quantum,2,
precond_pen=1.500,12,-0.9909006866500008,29.389637890219994,1.5,2,0.025964021682739258,0.005207061767578125,0.0,010010011101,-+--+--+++-+,0,True,"[[0.000137, 36.55661516], [0.005064, 31.13694225], [0.005207, 29.38963789]]",27,quantum,2,
precond_pen=1.600,12,-1.0963442631920008,29.389637890219994,1.6,2,0.019588947296142578,0.009337902069091797,0.0,101101100010,+-++-++---+-,0,True,"[[0.000154, 36.55661516], [0.005597, 32.35487804], [0.005915, 29.81007898], [0.009338, 29.38963789]]",27,quantum,2,
precond_pen=1.700,12,-1.074312472547998,29.389637890219994,1.7,2,0.02221989631652832,0.006894826889038086,0.0,101101100010,+-++-++---+-,0,True,"[[0.000156, 36.55661516], [0.006599, 36.05107207], [0.006895, 29.38963789]]",27,quantum,2,
precond_pen=1.800,12,-0.8585805975719998,29.389637890219994,1.8,2,0.026535987854003906,0.006040096282958984,0.0,010010011101,-+--+--+++-+,0,True,"[[0.000141, 36.55661516], [0.005842, 32.11394935], [0.00604, 29.38963789]]",27,quantum,2,
precond_pen=1.900,12,-0.8283866182300006,29.389637890219994,1.9,2,0.05206799507141113,0.04939699172973633,0.0,101101100010,+-++-++---+-,0,True,"[[0.000147, 36.55661516], [0.005017, 34.91005236], [0.00524, 29.92881677], [0.049397, 29.38963789], [0.051312, 29.38963789]]",27,quantum,2,
precond_pen=2.000,12,-0.7499406497889991,29.928816765020002,2.0,2,0.05094599723815918,0.005533933639526367,0.0,110110000011,++-++-----++,0,True,"[[0.000139, 36.55661516], [0.005393, 33.12388021], [0.005534, 29.38963789], [0.048483, 29.92881677]]",27,quantum,2,
baseline,12,35.52691409408501,35.52691409408501,,2,0.09655189514160156,0.025319814682006836,0.0,111101010000,++++-+-+----,0,True,"[[0.000166, 38.22595012], [0.00568, 37.51763832], [0.015263, 37.42656728], [0.024576, 37.31965685], [0.025074, 37.14470503], [0.02532, 35.52691409]]",28,quantum,2,
precond_pen=1.100,12,-1.7122839482630017,35.52691409408501,1.1,2,0.022431135177612305,0.00734710693359375,0.0,000010101111,----+-+-++++,0,True,"[[0.000168, 38.22595012], [0.00709, 36.52213531], [0.007347, 35.52691409]]",28,quantum,2,
precond_pen=1.200,12,-1.6500559309650011,35.52691409408501,1.2,2,0.022866010665893555,0.006999015808105469,0.0,000010101111,----+-+-++++,0,True,"[[0.000187, 38.22595012], [0.00678, 36.52213531], [0.006999, 35.52691409]]",28,quantum,2,
precond_pen=1.300,12,-1.4335471718629993,35.52691409408501,1.3,2,0.017292022705078125,0.009155988693237305,0.0,111101010000,++++-+-+----,0,True,"[[0.000169, 38.22595012], [0.005587, 37.51763832], [0.009156, 35.52691409]]",28,quantum,2,
precond_pen=1.400,12,-1.3380015503020006,35.52691409408501,1.4,2,0.019362926483154297,0.006283998489379883,0.0,000010101111,----+-+-++++,0,True,"[[0.000136, 38.22595012], [0.006105, 36.21651343], [0.006284, 35.52691409]]",28,quantum,2,
precond_pen=1.500,12,-1.2605025474939984,35.52691409408501,1.5,2,0.02049994468688965,0.005955934524536133,0.0,000010101111,----+-+-++++,0,True,"[[0.000157, 38.22595012], [0.005783, 37.92924364], [0.005956, 35.52691409]]",28,quantum,2,
precond_pen=1.600,12,-1.0219488440979978,35.52691409408501,1.6,2,0.027134180068969727,0.009867191314697266,0.0,000010101111,----+-+-++++,0,True,"[[0.000142, 38.22595012], [0.005914, 36.21651343], [0.009867, 35.52691409]]",28,quantum,2,
precond_pen=1.700,12,-0.8965875233550014,35.52691409408501,1.7,2,0.04604792594909668,0.043105125427246094,0.0,111101010000,++++-+-+----,0,True,"[[0.000175, 38.22595012], [0.006311, 36.52213531], [0.006474, 36.21651343], [0.043105, 35.52691409]]",28,quantum,2,
precond_pen=1.800,12,-2.030233113347,35.52691409408501,1.8,2,0.02005290985107422,0.00822901725769043,0.0,000010101111,----+-+-++++,0,True,"[[0.000174, 38.22595012], [0.007577, 37.31965685], [0.008016, 36.52213531], [0.008229, 35.52691409]]",28,quantum,2,
precond_pen=1.900,12,-0.8972723821839992,35.52691409408501,1.9,2,0.026185035705566406,0.00634002685546875,0.0,000010101111,----+-+-++++,0,True,"[[0.000156, 38.22595012], [0.00609, 36.52213531], [0.00634, 35.52691409]]",28,quantum,2,
precond_pen=2.000,12,-0.8699196668290012,35.52691409408501,2.0,2,0.02455282211303711,0.007009983062744141,0.0,000010101111,----+-+-++++,0,True,"[[0.000145, 38.22595012], [0.006744, 36.52213531], [0.00701, 35.52691409]]",28,quantum,2,
baseline,12,26.920281323427016,26.920281323427005,,2,0.040641069412231445,0.006272077560424805,0.0,010110100011,-+-++-+---++,0,True,"[[0.000157, 35.42782907], [0.005859, 34.90661777], [0.006109, 34.5392808], [0.006272, 26.92028132]]",29,quantum,2,
precond_pen=1.100,12,-1.8223083823830013,26.920281323427005,1.1,2,0.015582799911499023,0.0059490203857421875,0.0,101001011100,+-+--+-+++--,0,True,"[[0.000138, 35.42782907], [0.005722, 32.92123048], [0.005949, 26.92028132]]",29,quantum,2,
precond_pen=1.200,12,-1.6600050286470003,26.920281323427005,1.2,2,0.015401840209960938,0.005348920822143555,0.0,010110100011,-+-++-+---++,0,True,"[[0.00011, 35.42782907], [0.004749, 32.80572037], [0.005116, 31.36632266], [0.005349, 26.92028132]]",29,quantum,2,
precond_pen=1.300,12,-1.5332921248360023,26.920281323427005,1.3,2,0.01640605926513672,0.0046539306640625,0.0,010110100011,-+-++-+---++,0,True,"[[0.000117, 35.42782907], [0.004514, 33.09963296], [0.004654, 26.92028132]]",29,quantum,2,
precond_pen=1.400,12,-1.431628286595,26.920281323427005,1.4,2,0.021272897720336914,0.0072689056396484375,0.0,010110100011,-+-++-+---++,0,True,"[[0.000148, 35.42782907], [0.007007, 32.21007944], [0.007269, 26.92028132]]",29,quantum,2,
precond_pen=1.500,12,-1.3482526978519997,26.920281323427005,1.5,2,0.021518230438232422,0.0069332122802734375,0.0,010110100011,-+-++-+---++,0,True,"[[0.00015, 35.42782907], [0.006226, 31.86397796], [0.006545, 31.36632266], [0.006804, 29.54027843], [0.006933, 26.92028132]]",29,quantum,2,
precond_pen=1.600,12,-1.0828732930769993,26.920281323427005,1.6,2,0.033174991607666016,0.008294105529785156,0.0,010110100011,-+-++-+---++,0,True,"[[0.000161, 35.42782907], [0.007003, 33.63297418], [0.007627, 32.91762695], [0.008091, 31.17848958], [0.008294, 26.92028132]]",29,quantum,2,
precond_pen=1.700,12,-0.9513984778580014,26.920281323427005,1.7,2,0.023029088973999023,0.006541013717651367,0.0,010110100011,-+-++-+---++,0,True,"[[0.00016, 35.42782907], [0.006301, 31.17848958], [0.006541, 26.92028132]]",29,quantum,2,
precond_pen=1.800,12,-0.9878826245629995,26.920281323427005,1.8,2,0.02422499656677246,0.006527900695800781,0.0,010110100011,-+-++-+---++,0,True,"[[0.000159, 35.42782907], [0.00623, 31.17848958], [0.006528, 26.92028132]]",29,quantum,2,
precond_pen=1.900,12,-0.9553595024999977,26.920281323427005,1.9,2,0.021574020385742188,0.006347179412841797,0.0,010110100011,-+-++-+---++,0,True,"[[0.000142, 35.42782907], [0.006187, 31.17848958], [0.006347, 26.92028132]]",29,quantum,2,
precond_pen=2.000,12,-0.9100165434600003,26.920281323427005,2.0,2,0.02112293243408203,0.0061070919036865234,0.0,010110100011,-+-++-+---++,0,True,"[[0.000124, 35.42782907], [0.005841, 31.17848958], [0.006107, 26.92028132]]",29,quantum,2,
baseline,12,29.552613782494007,29.552613782493996,,2,0.04043412208557129,0.006164073944091797,0.0,111100101000,++++--+-+---,0,True,"[[0.000164, 36.61229461], [0.005368, 34.38175538], [0.005885, 32.99271083], [0.006164, 29.55261378]]",30,quantum,2,
precond_pen=1.100,12,-1.7041757678950002,29.552613782493996,1.1,2,0.015391826629638672,0.005251884460449219,0.0,000011010111,----++-+-+++,0,True,"[[0.000121, 36.61229461], [0.005023, 35.63105412], [0.005252, 29.55261378]]",30,quantum,2,
precond_pen=1.200,12,-1.5555443772310023,29.552613782493996,1.2,2,0.023979902267456055,0.007078886032104492,0.0,000011010111,----++-+-+++,0,True,"[[0.000144, 36.61229461], [0.006026, 35.18889496], [0.006602, 34.38175538], [0.006962, 32.85724634], [0.007079, 29.55261378]]",30,quantum,2,
precond_pen=1.300,12,-1.4399532926440024,29.552613782493996,1.3,2,0.01911306381225586,0.007178068161010742,0.0,000011010111,----++-+-+++,0,True,"[[0.000155, 36.61229461], [0.00696, 35.06971166], [0.007178, 29.55261378]]",30,quantum,2,
precond_pen=1.400,12,-1.143149711686,29.552613782493996,1.4,2,0.026806116104125977,0.008502960205078125,0.0,111100101000,++++--+-+---,0,True,"[[0.000177, 36.61229461], [0.007503, 34.31873309], [0.00814, 31.62219511], [0.008503, 29.55261378]]",30,quantum,2,
precond_pen=1.500,12,-1.0978561907620001,29.552613782493996,1.5,2,0.0189669132232666,0.005981922149658203,0.0,000011010111,----++-+-+++,0,True,"[[0.000163, 36.61229461], [0.005804, 34.70635316], [0.005982, 29.55261378]]",30,quantum,2,
precond_pen=1.600,12,-1.0329620391850005,29.552613782493996,1.6,2,0.027524948120117188,0.007317066192626953,0.0,111100101000,++++--+-+---,0,True,"[[0.000162, 36.61229461], [0.00684, 35.72195128], [0.007094, 34.38175538], [0.007317, 29.55261378]]",30,quantum,2,
precond_pen=1.700,12,-0.9809871607410026,29.552613782493996,1.7,2,0.027122020721435547,0.006803989410400391,0.0,111100101000,++++--+-+---,0,True,"[[0.000145, 36.61229461], [0.006309, 35.72195128], [0.006575, 34.38175538], [0.006804, 29.55261378]]",30,quantum,2,
precond_pen=1.800,12,-0.9355433186589996,29.552613782493996,1.8,2,0.0258181095123291,0.007810115814208984,0.0,000011010111,----++-+-+++,0,True,"[[0.00016, 36.61229461], [0.006628, 35.72195128], [0.006984, 34.38175538], [0.007604, 32.77124823], [0.00781, 29.55261378]]",30,quantum,2,
precond_pen=1.900,12,-0.9108043518299995,29.552613782493996,1.9,2,0.024814844131469727,0.006163835525512695,0.0,111100101000,++++--+-+---,0,True,"[[0.000184, 36.61229461], [0.005744, 35.72195128], [0.005989, 34.38175538], [0.006164, 29.55261378]]",30,quantum,2,
precond_pen=2.000,12,-0.8213364488879993,29.552613782493996,2.0,2,0.01552581787109375,0.005681037902832031,0.0,000011010111,----++-+-+++,0,True,"[[0.000125, 36.61229461], [0.005029, 35.34032576], [0.005347, 34.38175538], [0.005556, 32.77124823], [0.005681, 29.55261378]]",30,quantum,2,
baseline,12,31.035721847381986,31.03572184738199,,2,0.049365997314453125,0.01752305030822754,0.0,100111001100,+--+++--++--,0,True,"[[0.000209, 33.02833402], [0.005991, 31.39728866], [0.017523, 31.03572185]]",31,quantum,2,
precond_pen=1.100,12,-1.6009793133849985,31.03572184738199,1.1,2,0.021898984909057617,0.00833892822265625,0.0,011000110011,-++---++--++,0,True,"[[0.000236, 33.02833402], [0.007955, 33.07770975], [0.008339, 31.03572185]]",31,quantum,2,
precond_pen=1.200,12,-1.464866454314004,31.03572184738199,1.2,2,0.019006013870239258,0.010071039199829102,0.0,011000110011,-++---++--++,0,True,"[[0.00021, 33.02833402], [0.00689, 31.39728866], [0.010071, 31.03572185]]",31,quantum,2,
precond_pen=1.300,12,-1.3592490873850016,31.03572184738199,1.3,2,0.02437305450439453,0.010937213897705078,0.0,011000110011,-++---++--++,0,True,"[[0.000232, 33.02833402], [0.006807, 31.39728866], [0.010937, 31.03572185]]",31,quantum,2,
precond_pen=1.400,12,-1.2748317794869974,31.03572184738199,1.4,2,0.024464845657348633,0.010869979858398438,0.0,011000110011,-++---++--++,0,True,"[[0.000167, 33.02833402], [0.006836, 33.06488794], [0.007184, 31.39728866], [0.01087, 31.03572185]]",31,quantum,2,
precond_pen=1.500,12,-1.2057607458509931,31.03572184738199,1.5,2,0.025421142578125,0.014397144317626953,0.0,011000110011,-++---++--++,0,True,"[[0.00015, 33.02833402], [0.006416, 31.39728866], [0.014397, 31.03572185]]",31,quantum,2,
precond_pen=1.600,12,-5.368463999868,31.03572184738199,1.6,2,0.012903213500976562,0.006003141403198242,0.0,100111001100,+--+++--++--,0,True,"[[0.000179, 33.02833402], [0.006003, 31.03572185]]",31,quantum,2,
precond_pen=1.700,12,-5.361353039483997,31.03572184738199,1.7,2,0.014106035232543945,0.004856109619140625,0.0,100111001100,+--+++--++--,0,True,"[[0.000127, 33.02833402], [0.004856, 31.03572185]]",31,quantum,2,
precond_pen=1.800,12,-5.282914039346001,31.03572184738199,1.8,2,0.012117147445678711,0.004510164260864258,0.0,100111001100,+--+++--++--,0,True,"[[0.000136, 33.02833402], [0.004227, 33.06068718], [0.00451, 31.03572185]]",31,quantum,2,
precond_pen=1.900,12,-8.49414928313,31.755564073692003,1.9,2,0.011960029602050781,0.005758047103881836,0.0,001000111011,--+---+++-++,0,True,"[[0.000168, 33.02833402], [0.005441, 34.40009665], [0.005758, 31.75556407]]",31,quantum,2,
precond_pen=2.000,12,-8.297195893939001,31.755564073692003,2.0,2,0.01507711410522461,0.007392168045043945,0.0,001000111011,--+---+++-++,0,True,"[[0.000152, 33.02833402], [0.006786, 31.79160394], [0.007392, 31.75556407]]",31,quantum,2,
baseline,12,31.987884660915,31.987884660914986,,2,0.09267497062683105,0.034338951110839844,0.0,001101011010,--++-+-++-+-,0,True,"[[0.000165, 38.83721329], [0.006186, 38.70525561], [0.006959, 37.29755164], [0.007375, 32.12155497], [0.034339, 31.98788466]]",32,quantum,2,
precond_pen=1.100,12,-1.5147031815060013,31.987884660914986,1.1,2,0.03135180473327637,0.0077359676361083984,0.0,110010100101,++--+-+--+-+,0,True,"[[0.000171, 38.83721329], [0.006671, 37.54438687], [0.007256, 37.29755164], [0.007574, 32.12840944], [0.007736, 31.98788466]]",32,quantum,2,
precond_pen=1.200,12,-1.3891739279829993,31.987884660914986,1.2,2,0.03309798240661621,0.006535053253173828,0.0,110010100101,++--+-+--+-+,0,True,"[[0.000175, 38.83721329], [0.00626, 33.43303647], [0.006535, 31.98788466]]",32,quantum,2,
precond_pen=1.300,12,-1.291733682860996,31.987884660914986,1.3,2,0.03147697448730469,0.02609705924987793,0.0,001101011010,--++-+-++-+-,0,True,"[[0.000176, 38.83721329], [0.007686, 32.12155497], [0.025789, 32.12840944], [0.026097, 31.98788466]]",32,quantum,2,
precond_pen=1.400,12,-1.2138325263639995,31.987884660914986,1.4,2,0.03826594352722168,0.008005142211914062,0.0,001101011010,--++-+-++-+-,0,True,"[[0.000145, 38.83721329], [0.004252, 36.37334955], [0.004524, 36.09061217], [0.004665, 35.57638411], [0.00476, 32.12155497], [0.008005, 31.98788466]]",32,quantum,2,
precond_pen=1.500,12,-1.1500835018219977,31.987884660914986,1.5,2,0.033807992935180664,0.006827831268310547,0.0,110010100101,++--+-+--+-+,0,True,"[[0.000148, 38.83721329], [0.006555, 35.36360128], [0.006828, 31.98788466]]",32,quantum,2,
precond_pen=1.600,12,-0.9385197185879983,31.987884660914986,1.6,2,0.03148293495178223,0.0070590972900390625,0.0,001101011010,--++-+-++-+-,0,True,"[[0.000151, 38.83721329], [0.00605, 37.49099158], [0.006592, 37.29755164], [0.006843, 34.05680187], [0.007059, 31.98788466]]",32,quantum,2,
precond_pen=1.700,12,-1.0518894241369994,31.987884660914986,1.7,2,0.03338003158569336,0.009382009506225586,0.0,001101011010,--++-+-++-+-,0,True,"[[0.000152, 38.83721329], [0.005563, 38.2030452], [0.005982, 37.29755164], [0.006155, 33.43216612], [0.006259, 32.12155497], [0.009382, 31.98788466]]",32,quantum,2,
precond_pen=1.800,12,-4.635119330265001,32.12840943914502,1.8,2,0.01637101173400879,0.006192922592163086,0.0,010010101101,-+--+-+-++-+,0,True,"[[0.000145, 38.83721329], [0.005831, 32.62790819], [0.006193, 32.12840944]]",32,quantum,2,
precond_pen=1.900,12,-0.8286210186669987,31.987884660914986,1.9,2,0.024306058883666992,0.0061681270599365234,0.0,001101011010,--++-+-++-+-,0,True,"[[0.000128, 38.83721329], [0.005419, 36.62770605], [0.005869, 36.09061217], [0.006168, 31.98788466]]",32,quantum,2,
precond_pen=2.000,12,-0.8194365542659989,31.987884660914986,2.0,2,0.029755115509033203,0.00652313232421875,0.0,110010100101,++--+-+--+-+,0,True,"[[0.000189, 38.83721329], [0.005866, 34.7208333], [0.006399, 33.16206115], [0.006523, 31.98788466]]",32,quantum,2,
baseline,12,30.32313426902201,30.32313426902201,,2,0.05058884620666504,0.0055370330810546875,0.0,010100010111,-+-+---+-+++,0,True,"[[0.000148, 35.88538343], [0.005393, 35.21223617], [0.005537, 30.32313427]]",33,quantum,2,
precond_pen=1.100,12,-1.4351067187140032,30.32313426902201,1.1,2,0.02342510223388672,0.007233142852783203,0.0,010100010111,-+-+---+-+++,0,True,"[[0.000158, 35.88538343], [0.006839, 34.8460692], [0.007233, 30.32313427]]",33,quantum,2,
precond_pen=1.200,12,-1.3227056523939966,30.32313426902201,1.2,2,0.024416208267211914,0.008120059967041016,0.0,010100010111,-+-+---+-+++,0,True,"[[0.000182, 35.88538343], [0.007659, 34.8460692], [0.00812, 30.32313427]]",33,quantum,2,
precond_pen=1.300,12,-1.0446754155089968,30.32313426902201,1.3,2,0.03311610221862793,0.00814199447631836,0.0,010100010111,-+-+---+-+++,0,True,"[[0.000147, 35.88538343], [0.007347, 34.55345747], [0.007932, 33.33846227], [0.008142, 30.32313427]]",33,quantum,2,
precond_pen=1.400,12,-0.9868514196769977,30.32313426902201,1.4,2,0.02702808380126953,0.006390094757080078,0.0,101011101000,+-+-+++-+---,0,True,"[[0.000158, 35.88538343], [0.006046, 32.28527257], [0.00639, 30.32313427]]",33,quantum,2,
precond_pen=1.500,12,-1.1060153885639998,30.32313426902201,1.5,2,0.019715070724487305,0.006421089172363281,0.0,010100010111,-+-+---+-+++,0,True,"[[0.000162, 35.88538343], [0.006142, 33.26543253], [0.006421, 30.32313427]]",33,quantum,2,
precond_pen=1.600,12,-1.0573838009109977,30.32313426902201,1.6,2,0.032000064849853516,0.007560014724731445,0.0,010100010111,-+-+---+-+++,0,True,"[[0.000149, 35.88538343], [0.006829, 35.44715121], [0.007369, 34.66584197], [0.00756, 30.32313427]]",33,quantum,2,
precond_pen=1.700,12,-0.8680071269569973,30.32313426902201,1.7,2,0.024142026901245117,0.00659489631652832,0.0,101011101000,+-+-+++-+---,0,True,"[[0.000147, 35.88538343], [0.006165, 35.44715121], [0.006435, 33.20111856], [0.006595, 30.32313427]]",33,quantum,2,
precond_pen=1.800,12,-4.370348361025002,30.32313426902201,1.8,2,0.016737937927246094,0.011755943298339844,0.0,101011101000,+-+-+++-+---,0,True,"[[0.000112, 35.88538343], [0.005777, 34.2495679], [0.006554, 31.08508418], [0.011527, 30.94213706], [0.011756, 30.32313427]]",33,quantum,2,
precond_pen=1.900,12,-4.296161596148,30.32313426902201,1.9,2,0.022259950637817383,0.007155895233154297,0.0,010100010111,-+-+---+-+++,0,True,"[[0.000159, 35.88538343], [0.006873, 35.28669948], [0.007156, 30.32313427]]",33,quantum,2,
precond_pen=2.000,12,-7.269225055214002,30.32313426902201,2.0,2,0.014620065689086914,0.008126974105834961,0.0,010100010111,-+-+---+-+++,0,True,"[[0.000161, 35.88538343], [0.00699, 34.43285915], [0.007798, 33.85066922], [0.008127, 30.32313427]]",33,quantum,2,
baseline,12,30.384625251852977,30.38462525185301,,2,0.1014549732208252,0.008595943450927734,0.0,010111100010,-+-++++---+-,0,True,"[[0.000163, 39.1354961], [0.007715, 36.54530829], [0.008286, 35.9851026], [0.008596, 30.38462525]]",34,quantum,2,
precond_pen=1.100,12,-1.5805231450460013,30.38462525185301,1.1,2,0.019954919815063477,0.0070209503173828125,0.0,101000011101,+-+----+++-+,0,True,"[[0.000153, 39.1354961], [0.006727, 33.83659399], [0.007021, 30.38462525]]",34,quantum,2,
precond_pen=1.200,12,-1.4469213662559985,30.38462525185301,1.2,2,0.026337862014770508,0.00739288330078125,0.0,101000011101,+-+----+++-+,0,True,"[[0.000142, 39.1354961], [0.006418, 34.27326983], [0.006963, 33.72107415], [0.007215, 33.65417338], [0.007393, 30.38462525]]",34,quantum,2,
precond_pen=1.300,12,-1.1310524393100003,30.38462525185301,1.3,2,0.02443385124206543,0.007463932037353516,0.0,101000011101,+-+----+++-+,0,True,"[[0.000159, 39.1354961], [0.00633, 35.18778899], [0.006901, 34.56607918], [0.00728, 33.65417338], [0.007464, 30.38462525]]",34,quantum,2,
precond_pen=1.400,12,-1.260180480201,30.38462525185301,1.4,2,0.019510984420776367,0.0063860416412353516,0.0,101000011101,+-+----+++-+,0,True,"[[0.000158, 39.1354961], [0.005534, 33.79575536], [0.005951, 33.72107415], [0.006233, 32.9976534], [0.006386, 30.38462525]]",34,quantum,2,
precond_pen=1.500,12,-1.0185690175579998,30.38462525185301,1.5,2,0.02277994155883789,0.00541996955871582,0.0,101000011101,+-+----+++-+,0,True,"[[0.000154, 39.1354961], [0.00483, 35.52602793], [0.00514, 34.56607918], [0.005322, 33.65417338], [0.00542, 30.38462525]]",34,quantum,2,
precond_pen=1.600,12,-4.48929538251,30.38462525185301,1.6,2,0.01628589630126953,0.0069048404693603516,0.0,010111100010,-+-++++---+-,0,True,"[[0.000172, 39.1354961], [0.006468, 33.24560973], [0.006905, 30.38462525]]",34,quantum,2,
precond_pen=1.700,12,-0.9247273959279987,30.38462525185301,1.7,2,0.02731490135192871,0.007409095764160156,0.0,010111100010,-+-++++---+-,0,True,"[[0.000169, 39.1354961], [0.006432, 38.15458324], [0.00706, 36.54530829], [0.007409, 30.38462525]]",34,quantum,2,
precond_pen=1.800,12,-0.821488819355003,30.38462525185301,1.8,2,0.026576995849609375,0.00591588020324707,0.0,010111100010,-+-++++---+-,0,True,"[[0.000149, 39.1354961], [0.005345, 33.45884468], [0.005752, 32.29820013], [0.005916, 30.38462525]]",34,quantum,2,
precond_pen=1.900,12,-5.626904101231001,30.603943993079028,1.9,2,0.02931499481201172,0.006910085678100586,0.0,100010011101,+---+--+++-+,0,True,"[[0.000149, 39.1354961], [0.006398, 32.1365979], [0.00691, 30.60394399]]",34,quantum,2,
precond_pen=2.000,12,-8.154089358803002,30.603943993079028,2.0,2,0.015954971313476562,0.006526947021484375,0.0,011101100010,-+++-++---+-,0,True,"[[0.000178, 39.1354961], [0.006211, 31.42876168], [0.006527, 30.60394399]]",34,quantum,2,
baseline,12,27.600672014513016,27.600672014513,,2,0.0645289421081543,0.03017711639404297,0.0,110110000011,++-++-----++,0,True,"[[0.000149, 35.33107351], [0.00632, 32.20724854], [0.006582, 30.11131545], [0.015322, 28.68086851], [0.030177, 27.60067201]]",35,quantum,2,
precond_pen=1.100,12,-1.6898161450360023,27.600672014513,1.1,2,0.019656896591186523,0.007623910903930664,0.0,001001111100,--+--+++++--,0,True,"[[0.000138, 35.33107351], [0.00732, 34.59776424], [0.007624, 27.60067201]]",35,quantum,2,
precond_pen=1.200,12,-1.5446564149150017,27.600672014513,1.2,2,0.01369786262512207,0.005673885345458984,0.0,001001111100,--+--+++++--,0,True,"[[0.000131, 35.33107351], [0.005342, 34.73565311], [0.005564, 32.64655574], [0.005674, 27.60067201]]",35,quantum,2,
precond_pen=1.300,12,-1.4316715819709973,27.600672014513,1.3,2,0.02232503890991211,0.011497974395751953,0.0,110110000011,++-++-----++,0,True,"[[0.000113, 35.33107351], [0.005671, 33.52081248], [0.005872, 28.72594019], [0.011498, 27.60067201]]",35,quantum,2,
precond_pen=1.400,12,-1.393667027304999,27.600672014513,1.4,2,0.019132137298583984,0.010030031204223633,0.0,110110000011,++-++-----++,0,True,"[[0.000165, 35.33107351], [0.006589, 33.52081248], [0.006808, 28.72594019], [0.01003, 27.60067201]]",35,quantum,2,
precond_pen=1.500,12,-1.2669072770710006,27.600672014513,1.5,2,0.03037095069885254,0.008085966110229492,0.0,001001111100,--+--+++++--,0,True,"[[0.00015, 35.33107351], [0.00777, 33.21618031], [0.008086, 27.60067201]]",35,quantum,2,
precond_pen=1.600,12,-1.0198720541310005,27.600672014513,1.6,2,0.02633810043334961,0.01176309585571289,0.0,110110000011,++-++-----++,0,True,"[[0.000153, 35.33107351], [0.006836, 33.62195199], [0.007484, 32.59974347], [0.007852, 32.02375834], [0.008026, 30.11131545], [0.011763, 27.60067201]]",35,quantum,2,
precond_pen=1.700,12,-1.1522803797799988,27.600672014513,1.7,2,0.018362998962402344,0.010121822357177734,0.0,110110000011,++-++-----++,0,True,"[[0.000158, 35.33107351], [0.006291, 34.59776424], [0.006458, 30.11131545], [0.010122, 27.60067201]]",35,quantum,2,
precond_pen=1.800,12,-1.1307150357120017,27.600672014513,1.8,2,0.021140098571777344,0.010587930679321289,0.0,110110000011,++-++-----++,0,True,"[[0.000154, 35.33107351], [0.006249, 34.59776424], [0.00645, 30.11131545], [0.010588, 27.60067201]]",35,quantum,2,
precond_pen=1.900,12,-0.9014001160549991,27.600672014513,1.9,2,0.02734684944152832,0.009979963302612305,0.0,001001111100,--+--+++++--,0,True,"[[0.00013, 35.33107351], [0.006077, 33.52081248], [0.006315, 28.72594019], [0.00998, 27.60067201]]",35,quantum,2,
precond_pen=2.000,12,-0.8798469953230006,27.600672014513,2.0,2,0.03237605094909668,0.007348060607910156,0.0,110110000011,++-++-----++,0,True,"[[0.000146, 35.33107351], [0.006349, 33.9344672], [0.006673, 32.20724854], [0.007208, 32.41627076], [0.007348, 27.60067201]]",35,quantum,2,
baseline,12,25.752627030708993,25.752627030709,,2,0.04373812675476074,0.005838155746459961,0.0,010110000111,-+-++----+++,0,True,"[[0.000153, 32.41579814], [0.005493, 30.80248748], [0.005838, 25.75262703]]",36,quantum,2,
precond_pen=1.100,12,-1.8548892058469981,25.752627030709,1.1,2,0.018270015716552734,0.007036924362182617,0.0,010110000111,-+-++----+++,0,True,"[[0.000163, 32.41579814], [0.006777, 30.28710648], [0.007037, 25.75262703]]",36,quantum,2,
precond_pen=1.200,12,-1.6903927205459937,25.752627030709,1.2,2,0.018810033798217773,0.006822109222412109,0.0,010110000111,-+-++----+++,0,True,"[[0.000184, 32.41579814], [0.006587, 30.28710648], [0.006822, 25.75262703]]",36,quantum,2,
precond_pen=1.300,12,-1.5619586381389992,25.752627030709,1.3,2,0.026549100875854492,0.007831096649169922,0.0,010110000111,-+-++----+++,0,True,"[[0.000165, 32.41579814], [0.007546, 30.28710648], [0.007831, 25.75262703]]",36,quantum,2,
precond_pen=1.400,12,-1.2375966392929971,25.752627030709,1.4,2,0.024341821670532227,0.007028818130493164,0.0,010110000111,-+-++----+++,0,True,"[[0.000165, 32.41579814], [0.006836, 30.28710648], [0.007029, 25.75262703]]",36,quantum,2,
precond_pen=1.500,12,-1.1641621565910034,25.752627030709,1.5,2,0.028011798858642578,0.008152961730957031,0.0,010110000111,-+-++----+++,0,True,"[[0.00015, 32.41579814], [0.007513, 30.7553442], [0.007938, 30.28710648], [0.008153, 25.75262703]]",36,quantum,2,
precond_pen=1.600,12,-1.1032143837899993,25.752627030709,1.6,2,0.02750086784362793,0.007464885711669922,0.0,010110000111,-+-++----+++,0,True,"[[0.000164, 32.41579814], [0.007183, 30.28710648], [0.007465, 25.75262703]]",36,quantum,2,
precond_pen=1.700,12,-0.9646760214980006,25.752627030709,1.7,2,0.01709604263305664,0.0063169002532958984,0.0,010110000111,-+-++----+++,0,True,"[[0.000149, 32.41579814], [0.00619, 30.28710648], [0.006317, 25.75262703]]",36,quantum,2,
precond_pen=1.800,12,-0.9986912179030023,25.752627030709,1.8,2,0.020052194595336914,0.005479097366333008,0.0,010110000111,-+-++----+++,0,True,"[[0.000121, 32.41579814], [0.005354, 30.28710648], [0.005479, 25.75262703]]",36,quantum,2,
precond_pen=1.900,12,-16.18962114097,25.752627030709,1.9,2,0.013434886932373047,0.00637507438659668,0.0,010110000111,-+-++----+++,0,True,"[[0.000214, 32.41579814], [0.006375, 25.75262703]]",36,quantum,2,
precond_pen=2.000,12,-15.744339870119,25.752627030709,2.0,2,0.010947942733764648,0.0052738189697265625,0.0,101001111000,+-+--++++---,0,True,"[[0.000125, 32.41579814], [0.004938, 29.79429368], [0.005274, 25.75262703]]",36,quantum,2,
baseline,12,26.952118493915016,26.952118493915,,2,0.05134320259094238,0.013861894607543945,0.0,100010011101,+---+--+++-+,0,True,"[[0.000108, 31.24847873], [0.004191, 29.1130631], [0.004491, 28.74551435], [0.013759, 28.57487089], [0.013862, 26.95211849]]",37,quantum,2,
precond_pen=1.100,12,-1.5134050983809981,26.952118493915,1.1,2,0.01749587059020996,0.005491971969604492,0.0,100010011101,+---+--+++-+,0,True,"[[0.000156, 31.24847873], [0.005331, 31.10684863], [0.005492, 26.95211849]]",37,quantum,2,
precond_pen=1.200,12,-1.3949769949519988,26.952118493915,1.2,2,0.028285980224609375,0.0068569183349609375,0.0,011101100010,-+++-++---+-,0,True,"[[0.000141, 31.24847873], [0.006595, 30.7107161], [0.006857, 26.95211849]]",37,quantum,2,
precond_pen=1.300,12,-1.3017468061469986,26.952118493915,1.3,2,0.027482032775878906,0.008668899536132812,0.0,011101100010,-+++-++---+-,0,True,"[[0.000152, 31.24847873], [0.007131, 29.66357612], [0.007867, 29.1130631], [0.008437, 27.99915795], [0.008669, 26.95211849]]",37,quantum,2,
precond_pen=1.400,12,-1.226366443043001,26.952118493915,1.4,2,0.02330803871154785,0.006409168243408203,0.0,011101100010,-+++-++---+-,0,True,"[[0.00017, 31.24847873], [0.006207, 27.99915795], [0.006409, 26.95211849]]",37,quantum,2,
precond_pen=1.500,12,-1.1641096515270037,26.952118493915,1.5,2,0.019642114639282227,0.00534510612487793,0.0,011101100010,-+++-++---+-,0,True,"[[0.00012, 31.24847873], [0.005232, 27.99915795], [0.005345, 26.95211849]]",37,quantum,2,
precond_pen=1.600,12,-1.1117949563729992,26.952118493915,1.6,2,0.026157140731811523,0.006765127182006836,0.0,011101100010,-+++-++---+-,0,True,"[[0.000145, 31.24847873], [0.005945, 31.24842818], [0.006406, 29.1130631], [0.006642, 27.99915795], [0.006765, 26.95211849]]",37,quantum,2,
precond_pen=1.700,12,-1.0893873751579974,26.952118493915,1.7,2,0.019627094268798828,0.006322145462036133,0.0,011101100010,-+++-++---+-,0,True,"[[0.00015, 31.24847873], [0.006127, 30.7107161], [0.006322, 26.95211849]]",37,quantum,2,
precond_pen=1.800,12,-0.8675818938079995,26.952118493915,1.8,2,0.023025035858154297,0.011368036270141602,0.0,011101100010,-+++-++---+-,0,True,"[[0.00018, 31.24847873], [0.006981, 30.16736227], [0.007401, 28.898154], [0.011368, 26.95211849]]",37,quantum,2,
precond_pen=1.900,12,-0.7776508379070002,26.952118493915,1.9,2,0.02962803840637207,0.006617069244384766,0.0,011101100010,-+++-++---+-,0,True,"[[0.000181, 31.24847873], [0.006301, 30.16736227], [0.006617, 26.95211849]]",37,quantum,2,
precond_pen=2.000,12,-0.8112357253150027,26.952118493915,2.0,2,0.029160022735595703,0.009460926055908203,0.0,011101100010,-+++-++---+-,0,True,"[[0.000171, 31.24847873], [0.006514, 30.16736227], [0.006774, 28.898154], [0.009461, 26.95211849]]",37,quantum,2,
baseline,12,26.082382917497007,26.082382917497,,2,0.05316495895385742,0.00706791877746582,0.0,101001011100,+-+--+-+++--,0,True,"[[0.000194, 31.60966781], [0.007068, 26.08238292]]",38,quantum,2,
precond_pen=1.100,12,-1.6298975951570016,26.082382917497,1.1,2,0.0173189640045166,0.006308078765869141,0.0,010110100011,-+-++-+---++,0,True,"[[0.000135, 31.60966781], [0.006116, 30.85181475], [0.006308, 26.08238292]]",38,quantum,2,
precond_pen=1.200,12,-1.498405876855001,26.082382917497,1.2,2,0.014467954635620117,0.006081104278564453,0.0,010110100011,-+-++-+---++,0,True,"[[0.000141, 31.60966781], [0.005921, 30.53327804], [0.006081, 26.08238292]]",38,quantum,2,
precond_pen=1.300,12,-1.2165575388219994,26.082382917497,1.3,2,0.021223068237304688,0.0066471099853515625,0.0,010110100011,-+-++-+---++,0,True,"[[0.000162, 31.60966781], [0.006465, 30.16058254], [0.006647, 26.08238292]]",38,quantum,2,
precond_pen=1.400,12,-1.1245433800309979,26.082382917497,1.4,2,0.04245495796203613,0.008818864822387695,0.0,010110100011,-+-++-+---++,0,True,"[[0.000246, 31.60966781], [0.008563, 31.30207267], [0.008819, 26.08238292]]",38,quantum,2,
precond_pen=1.500,12,-1.241395172843002,26.082382917497,1.5,2,0.03380608558654785,0.016340970993041992,0.0,010110100011,-+-++-+---++,0,True,"[[0.001016, 31.60966781], [0.014726, 30.81922684], [0.015866, 29.75262087], [0.016341, 26.08238292]]",38,quantum,2,
precond_pen=1.600,12,-0.9943566424420025,26.082382917497,1.6,2,0.020122051239013672,0.005824089050292969,0.0,010110100011,-+-++-+---++,0,True,"[[0.000164, 31.60966781], [0.00566, 29.43332824], [0.005824, 26.08238292]]",38,quantum,2,
precond_pen=1.700,12,-0.9557869449369987,26.082382917497,1.7,2,0.025068998336791992,0.005140066146850586,0.0,101001011100,+-+--+-+++--,0,True,"[[0.000147, 31.60966781], [0.00514, 26.08238292]]",38,quantum,2,
precond_pen=1.800,12,-0.921172215577001,26.082382917497,1.8,2,0.018474102020263672,0.006139993667602539,0.0,010110100011,-+-++-+---++,0,True,"[[0.000195, 31.60966781], [0.005538, 31.40638036], [0.00578, 30.16058254], [0.00614, 26.08238292]]",38,quantum,2,
precond_pen=1.900,12,-0.8224086904249974,26.082382917497,1.9,2,0.0282289981842041,0.008948087692260742,0.0,010110100011,-+-++-+---++,0,True,"[[0.000225, 31.60966781], [0.008708, 29.49404109], [0.008948, 26.08238292]]",38,quantum,2,
precond_pen=2.000,12,-1.0199214111120023,26.082382917497,2.0,2,0.026229143142700195,0.006912946701049805,0.0,010110100011,-+-++-+---++,0,True,"[[0.000178, 31.60966781], [0.006346, 29.28445475], [0.006721, 29.08825076], [0.006913, 26.08238292]]",38,quantum,2,
baseline,12,29.25662665630399,29.256626656304004,,2,0.07666683197021484,0.033522844314575195,0.0,100001100111,+----++--+++,0,True,"[[0.000168, 40.32858422], [0.006406, 37.53070855], [0.006548, 31.18270743], [0.033523, 29.25662666]]",39,quantum,2,
precond_pen=1.100,12,-1.6208653096400019,29.256626656304004,1.1,2,0.02277207374572754,0.007013082504272461,0.0,100001100111,+----++--+++,0,True,"[[0.000143, 40.32858422], [0.006479, 32.75050059], [0.00686, 31.58393737], [0.007013, 29.25662666]]",39,quantum,2,
precond_pen=1.200,12,-1.4809208379299985,29.256626656304004,1.2,2,0.022706985473632812,0.007007122039794922,0.0,100001100111,+----++--+++,0,True,"[[0.000169, 40.32858422], [0.006317, 36.41778449], [0.0067, 35.83045267], [0.006904, 33.63166604], [0.007007, 29.25662666]]",39,quantum,2,
precond_pen=1.300,12,-1.3723767630870034,29.256626656304004,1.3,2,0.01808309555053711,0.007024049758911133,0.0,100001100111,+----++--+++,0,True,"[[0.000153, 40.32858422], [0.006233, 38.22972135], [0.006595, 35.83045267], [0.006897, 33.63166604], [0.007024, 29.25662666]]",39,quantum,2,
precond_pen=1.400,12,-1.285708524306001,29.256626656304004,1.4,2,0.01405787467956543,0.004744052886962891,0.0,100001100111,+----++--+++,0,True,"[[0.000113, 40.32858422], [0.004062, 35.27533502], [0.004302, 34.21492968], [0.004602, 30.06167984], [0.004744, 29.25662666]]",39,quantum,2,
precond_pen=1.500,12,-1.251012128521003,29.256626656304004,1.5,2,0.020617961883544922,0.007006168365478516,0.0,100001100111,+----++--+++,0,True,"[[0.000156, 40.32858422], [0.005857, 34.31500791], [0.006322, 34.21492968], [0.006805, 30.06167984], [0.007006, 29.25662666]]",39,quantum,2,
precond_pen=1.600,12,-0.9811255318719985,29.256626656304004,1.6,2,0.0307159423828125,0.008272886276245117,0.0,100001100111,+----++--+++,0,True,"[[0.000156, 40.32858422], [0.007373, 35.10978125], [0.007887, 34.21492968], [0.008118, 31.60286511], [0.008273, 29.25662666]]",39,quantum,2,
precond_pen=1.700,12,-0.9260343777830045,29.256626656304004,1.7,2,0.03057098388671875,0.007436037063598633,0.0,100001100111,+----++--+++,0,True,"[[0.000159, 40.32858422], [0.007074, 30.28126541], [0.007436, 29.25662666]]",39,quantum,2,
precond_pen=1.800,12,-7.177959069796001,29.256626656304004,1.8,2,0.02260899543762207,0.0064239501953125,0.0,011110011000,-++++--++---,0,True,"[[0.000205, 40.32858422], [0.006139, 33.80666655], [0.006424, 29.25662666]]",39,quantum,2,
precond_pen=1.900,12,-7.001481453066,29.256626656304004,1.9,2,0.017886877059936523,0.006057024002075195,0.0,011110011000,-++++--++---,0,True,"[[0.000146, 40.32858422], [0.005792, 29.4603359], [0.006057, 29.25662666]]",39,quantum,2,
precond_pen=2.000,12,-5.345116830561001,29.256626656304004,2.0,2,0.018867015838623047,0.005625009536743164,0.0,011110011000,-++++--++---,0,True,"[[0.000128, 40.32858422], [0.005011, 34.28756223], [0.005407, 34.21492968], [0.005625, 29.25662666]]",39,quantum,2,
baseline,12,26.03496462704599,26.034964627046005,,2,0.07912588119506836,0.005386829376220703,0.0,010000011111,-+-----+++++,0,True,"[[0.00013, 27.03905801], [0.00517, 26.32395981], [0.005387, 26.03496463]]",40,quantum,2,
precond_pen=1.100,12,-1.1403377412330018,26.034964627046005,1.1,2,0.030607938766479492,0.004686832427978516,0.0,101111100000,+-+++++-----,0,True,"[[0.000118, 27.03905801], [0.004687, 26.03496463]]",40,quantum,2,
precond_pen=1.200,12,-1.0605303280089986,26.034964627046005,1.2,2,0.056765079498291016,0.006871938705444336,0.0,101111100000,+-+++++-----,0,True,"[[0.00017, 27.03905801], [0.006872, 26.03496463]]",40,quantum,2,
precond_pen=1.300,12,-1.007992770839997,26.323959813120002,1.3,2,0.025161027908325195,0.007363080978393555,0.0,111101100000,++++-++-----,0,True,"[[0.000165, 27.03905801], [0.007363, 26.32395981]]",40,quantum,2,
precond_pen=1.400,12,-4.754734563794002,26.034964627046005,1.4,2,0.026475191116333008,0.00678706169128418,0.0,010000011111,-+-----+++++,0,True,"[[0.000161, 27.03905801], [0.006599, 26.32395981], [0.006787, 26.03496463]]",40,quantum,2,
precond_pen=1.500,12,-1.063012243718001,26.034964627046005,1.5,2,0.07643318176269531,0.0058441162109375,0.0,101111100000,+-+++++-----,0,True,"[[0.000211, 27.03905801], [0.005844, 26.03496463]]",40,quantum,2,
precond_pen=1.600,12,-4.709503121563998,26.034964627046005,1.6,2,0.01914191246032715,0.005491971969604492,0.0,010000011111,-+-----+++++,0,True,"[[0.000152, 27.03905801], [0.005354, 26.32395981], [0.005492, 26.03496463]]",40,quantum,2,
precond_pen=1.700,12,-7.4214059908460035,26.323959813120002,1.7,2,0.011996030807495117,0.0042209625244140625,0.0,111101100000,++++-++-----,0,True,"[[0.000121, 27.03905801], [0.004221, 26.03496463], [0.004409, 26.32395981]]",40,quantum,2,
precond_pen=1.800,12,-7.266541896624999,26.323959813120002,1.8,2,0.019796133041381836,0.005146980285644531,0.0,000010011111,----+--+++++,0,True,"[[0.000128, 27.03905801], [0.005147, 26.32395981]]",40,quantum,2,
precond_pen=1.900,12,-7.059474038123998,26.323959813120002,1.9,2,0.026459217071533203,0.006386995315551758,0.0,111101100000,++++-++-----,0,True,"[[0.000157, 27.03905801], [0.006387, 26.03496463], [0.006913, 26.32395981]]",40,quantum,2,
precond_pen=2.000,12,-5.1450944968739964,26.323959813120002,2.0,2,0.03102898597717285,0.007422924041748047,0.0,000010011111,----+--+++++,0,True,"[[0.000157, 27.03905801], [0.007423, 26.03496463], [0.007864, 26.32395981]]",40,quantum,2,
baseline,12,32.99186281362201,32.99186281362202,,2,0.08872103691101074,0.0070590972900390625,0.0,010101110001,-+-+-+++---+,0,True,"[[0.00015, 39.66825182], [0.006873, 38.45828306], [0.007059, 32.99186281]]",41,quantum,2,
precond_pen=1.100,12,-1.7390341426880012,32.99186281362202,1.1,2,0.018023014068603516,0.006735801696777344,0.0,010101110001,-+-+-+++---+,0,True,"[[0.000173, 39.66825182], [0.006532, 39.4864728], [0.006736, 32.99186281]]",41,quantum,2,
precond_pen=1.200,12,-1.5775690509089966,32.99186281362202,1.2,2,0.01899886131286621,0.0059130191802978516,0.0,010101110001,-+-+-+++---+,0,True,"[[0.000195, 39.66825182], [0.005759, 39.4864728], [0.005913, 32.99186281]]",41,quantum,2,
precond_pen=1.300,12,-1.454027059795001,32.99186281362202,1.3,2,0.02126288414001465,0.007094860076904297,0.0,010101110001,-+-+-+++---+,0,True,"[[0.000182, 39.66825182], [0.006688, 37.92175607], [0.006966, 37.68911022], [0.007095, 32.99186281]]",41,quantum,2,
precond_pen=1.400,12,-1.3563551023259954,32.99186281362202,1.4,2,0.015045881271362305,0.005597829818725586,0.0,010101110001,-+-+-+++---+,0,True,"[[0.000182, 39.66825182], [0.00534, 36.46786827], [0.005598, 32.99186281]]",41,quantum,2,
precond_pen=1.500,12,-4.9735420238289985,33.221041162812014,1.5,2,0.013177156448364258,0.0064809322357177734,0.0,100011001110,+---++--+++-,0,True,"[[0.000219, 39.66825182], [0.006176, 34.28847116], [0.006481, 33.22104116]]",41,quantum,2,
precond_pen=1.600,12,-2.299720515917997,32.99186281362202,1.6,2,0.014641046524047852,0.005941152572631836,0.0,101010001110,+-+-+---+++-,0,True,"[[0.00013, 39.66825182], [0.005717, 38.6275734], [0.005941, 32.99186281]]",41,quantum,2,
precond_pen=1.700,12,-0.97038994491,32.99186281362202,1.7,2,0.021207094192504883,0.006693124771118164,0.0,101010001110,+-+-+---+++-,0,True,"[[0.000169, 39.66825182], [0.006442, 39.6685301], [0.006693, 32.99186281]]",41,quantum,2,
precond_pen=1.800,12,-8.432819341037002,32.99186281362202,1.8,2,0.023947954177856445,0.007169008255004883,0.0,010101110001,-+-+-+++---+,0,True,"[[0.000165, 39.66825182], [0.006787, 36.75796837], [0.007169, 32.99186281]]",41,quantum,2,
precond_pen=1.900,12,-0.904964409153,32.99186281362202,1.9,2,0.02923583984375,0.007362842559814453,0.0,101010001110,+-+-+---+++-,0,True,"[[0.000182, 39.66825182], [0.007132, 37.83961728], [0.007363, 32.99186281]]",41,quantum,2,
precond_pen=2.000,12,-5.202185317372002,32.99186281362202,2.0,2,0.014514923095703125,0.007215023040771484,0.0,010101110001,-+-+-+++---+,0,True,"[[0.000157, 39.66825182], [0.006694, 35.79557229], [0.007043, 35.93087545], [0.007215, 32.99186281]]",41,quantum,2,
baseline,12,32.480790535426,32.48079053542602,,2,0.04938006401062012,0.005425930023193359,0.0,111101010000,++++-+-+----,0,True,"[[0.000136, 34.2084696], [0.005426, 32.48079054]]",42,quantum,2,
precond_pen=1.100,12,-1.4159471446440008,32.48079053542602,1.1,2,0.023187875747680664,0.006994009017944336,0.0,000010101111,----+-+-++++,0,True,"[[0.000138, 34.2084696], [0.006693, 33.17097878], [0.006994, 32.48079054]]",42,quantum,2,
precond_pen=1.200,12,-1.305421715093999,32.48079053542602,1.2,2,0.021986007690429688,0.0062940120697021484,0.0,000010101111,----+-+-++++,0,True,"[[0.000188, 34.2084696], [0.006099, 33.17097878], [0.006294, 32.48079054]]",42,quantum,2,
precond_pen=1.300,12,-1.2191691586219955,32.48079053542602,1.3,2,0.017947912216186523,0.0049839019775390625,0.0,000010101111,----+-+-++++,0,True,"[[0.000178, 34.2084696], [0.004844, 33.17097878], [0.004984, 32.48079054]]",42,quantum,2,
precond_pen=1.400,12,-1.1499153278150027,32.48079053542602,1.4,2,0.02533698081970215,0.005631923675537109,0.0,000010101111,----+-+-++++,0,True,"[[0.000123, 34.2084696], [0.005499, 33.17097878], [0.005632, 32.48079054]]",42,quantum,2,
precond_pen=1.500,12,-0.9282904288610014,32.48079053542602,1.5,2,0.035032033920288086,0.009729862213134766,0.0,111101010000,++++-+-+----,0,True,"[[0.000164, 34.2084696], [0.006749, 33.91088242], [0.006988, 33.13133993], [0.00973, 32.48079054]]",42,quantum,2,
precond_pen=1.600,12,-0.890275637897,32.48079053542602,1.6,2,0.0336151123046875,0.019440174102783203,0.0,111101010000,++++-+-+----,0,True,"[[0.000199, 34.2084696], [0.00724, 33.91088242], [0.007554, 33.13133993], [0.01944, 32.48079054]]",42,quantum,2,
precond_pen=1.700,12,-0.8477866774590002,32.48079053542602,1.7,2,0.029798030853271484,0.006747007369995117,0.0,000010101111,----+-+-++++,0,True,"[[0.000162, 34.2084696], [0.006585, 33.17097878], [0.006747, 32.48079054]]",42,quantum,2,
precond_pen=1.800,12,-0.8164738286540008,32.48079053542602,1.8,2,0.02584695816040039,0.006163835525512695,0.0,000010101111,----+-+-++++,0,True,"[[0.000135, 34.2084696], [0.006018, 33.17097878], [0.006164, 32.48079054]]",42,quantum,2,
precond_pen=1.900,12,-0.7901615850710018,32.48079053542602,1.9,2,0.02567887306213379,0.006630897521972656,0.0,000010101111,----+-+-++++,0,True,"[[0.000146, 34.2084696], [0.00648, 33.17097878], [0.006631, 32.48079054]]",42,quantum,2,
precond_pen=2.000,12,-0.788259796551996,32.48079053542602,2.0,2,0.02484297752380371,0.006574869155883789,0.0,000010101111,----+-+-++++,0,True,"[[0.000193, 34.2084696], [0.006424, 33.17097878], [0.006575, 32.48079054]]",42,quantum,2,
baseline,12,24.133752643234004,24.133752643233997,,2,0.030192852020263672,0.012428998947143555,0.0,100010110011,+---+-++--++,0,True,"[[0.000203, 29.84939858], [0.00584, 27.24116421], [0.012429, 24.13375264]]",43,quantum,2,
precond_pen=1.100,12,-1.8715857787669954,24.133752643233997,1.1,2,0.012273073196411133,0.004796028137207031,0.0,100010110011,+---+-++--++,0,True,"[[0.000173, 29.84939858], [0.004595, 28.24770049], [0.004796, 24.13375264]]",43,quantum,2,
precond_pen=1.200,12,-1.7059184841980022,24.133752643233997,1.2,2,0.016455888748168945,0.005465984344482422,0.0,100010110011,+---+-++--++,0,True,"[[0.00017, 29.84939858], [0.005109, 29.70004269], [0.00534, 29.61285671], [0.005466, 24.13375264]]",43,quantum,2,
precond_pen=1.300,12,-1.314786362204,24.133752643233997,1.3,2,0.027842998504638672,0.007256984710693359,0.0,100010110011,+---+-++--++,0,True,"[[0.000214, 29.84939858], [0.007053, 30.06784254], [0.007257, 24.13375264]]",43,quantum,2,
precond_pen=1.400,12,-1.2273889194060024,24.133752643233997,1.4,2,0.024031877517700195,0.007215976715087891,0.0,100010110011,+---+-++--++,0,True,"[[0.000154, 29.84939858], [0.006968, 30.06784254], [0.007216, 24.13375264]]",43,quantum,2,
precond_pen=1.500,12,-1.0388114884480029,24.133752643233997,1.5,2,0.026417016983032227,0.006885051727294922,0.0,100010110011,+---+-++--++,0,True,"[[0.000163, 29.84939858], [0.006635, 30.06784254], [0.006885, 24.13375264]]",43,quantum,2,
precond_pen=1.600,12,-1.098290492408001,24.133752643233997,1.6,2,0.018563032150268555,0.00648188591003418,0.0,011101001100,-+++-+--++--,0,True,"[[0.000151, 29.84939858], [0.006032, 29.28032477], [0.006351, 29.12769369], [0.006482, 24.13375264]]",43,quantum,2,
precond_pen=1.700,12,-1.0469061070149985,24.133752643233997,1.7,2,0.022409915924072266,0.006228923797607422,0.0,100010110011,+---+-++--++,0,True,"[[0.00014, 29.84939858], [0.006076, 30.06784254], [0.006229, 24.13375264]]",43,quantum,2,
precond_pen=1.800,12,-0.9172933435219974,24.133752643233997,1.8,2,0.020839929580688477,0.005751848220825195,0.0,100010110011,+---+-++--++,0,True,"[[0.000136, 29.84939858], [0.005501, 28.87198647], [0.005752, 24.13375264]]",43,quantum,2,
precond_pen=1.900,12,-12.605947199648,24.133752643233997,1.9,2,0.012262105941772461,0.0060961246490478516,0.0,011101001100,-+++-+--++--,0,True,"[[0.000147, 29.84939858], [0.006096, 24.13375264]]",43,quantum,2,
precond_pen=2.000,12,-12.198027693117002,24.133752643233997,2.0,2,0.020993947982788086,0.005616903305053711,0.0,100010110011,+---+-++--++,0,True,"[[0.000111, 29.84939858], [0.005236, 27.99099651], [0.005502, 28.24770049], [0.005617, 24.13375264]]",43,quantum,2,
baseline,12,31.24766213881698,31.247662138817,,2,0.05475592613220215,0.006011962890625,0.0,011100011010,-+++---++-+-,0,True,"[[0.00014, 40.43310821], [0.005637, 36.98669146], [0.005865, 34.56609778], [0.006012, 31.24766214]]",44,quantum,2,
precond_pen=1.100,12,-1.5355673642119951,31.247662138817,1.1,2,0.01753401756286621,0.006760835647583008,0.0,100011100101,+---+++--+-+,0,True,"[[0.000159, 40.43310821], [0.005994, 38.27316012], [0.006335, 36.98669146], [0.006761, 31.24766214]]",44,quantum,2,
precond_pen=1.200,12,-1.635578846486995,31.247662138817,1.2,2,0.025413036346435547,0.0074460506439208984,0.0,100011100101,+---+++--+-+,0,True,"[[0.00018, 40.43310821], [0.006557, 38.27316012], [0.006973, 36.98669146], [0.007446, 31.24766214]]",44,quantum,2,
precond_pen=1.300,12,-9.729991574306,31.380371528624977,1.3,2,0.0203549861907959,0.0065538883209228516,0.0,011011011000,-++-++-++---,0,True,"[[0.000151, 40.43310821], [0.00584, 35.37955419], [0.006344, 34.56609778], [0.006554, 31.24766214], [0.009868, 31.38037153]]",44,quantum,2,
precond_pen=1.400,12,-1.167326525535998,31.247662138817,1.4,2,0.025663137435913086,0.006265163421630859,0.0,011100011010,-+++---++-+-,0,True,"[[0.00014, 40.43310821], [0.005863, 35.45509606], [0.006113, 34.56609778], [0.006265, 31.24766214]]",44,quantum,2,
precond_pen=1.500,12,-3.876391034308001,31.247662138817,1.5,2,0.0418548583984375,0.008152008056640625,0.0,100011100101,+---+++--+-+,0,True,"[[0.000165, 40.43310821], [0.007841, 31.66710905], [0.008152, 31.24766214]]",44,quantum,2,
precond_pen=1.600,12,-9.745991435680999,31.380371528624977,1.6,2,0.012660026550292969,0.006948947906494141,0.0,100100100111,+--+--+--+++,0,True,"[[0.000157, 40.43310821], [0.006613, 32.05659952], [0.006949, 31.24766214], [0.01065, 31.38037153]]",44,quantum,2,
precond_pen=1.700,12,-9.511265103128002,31.380371528624977,1.7,2,0.019456148147583008,0.005619049072265625,0.0,100100100111,+--+--+--+++,0,True,"[[0.000123, 40.43310821], [0.005389, 33.52357776], [0.005619, 31.24766214], [0.009702, 31.38037153]]",44,quantum,2,
precond_pen=1.800,12,-10.257124592145997,31.380371528624977,1.8,2,0.01786184310913086,0.006232023239135742,0.0,011011011000,-++-++-++---,0,True,"[[0.000133, 40.43310821], [0.005806, 34.56609778], [0.006062, 34.57141314], [0.006232, 31.38037153]]",44,quantum,2,
precond_pen=1.900,12,-10.138989308056999,31.380371528624977,1.9,2,0.01479792594909668,0.006506919860839844,0.0,011011011000,-++-++-++---,0,True,"[[0.000129, 40.43310821], [0.006023, 34.56609778], [0.006311, 34.57141314], [0.006507, 31.38037153]]",44,quantum,2,
precond_pen=2.000,12,-9.936416078819999,31.380371528624977,2.0,2,0.013296127319335938,0.006345033645629883,0.0,011011011000,-++-++-++---,0,True,"[[0.000137, 40.43310821], [0.005793, 37.05982887], [0.006089, 37.28570817], [0.006345, 31.38037153]]",44,quantum,2,
baseline,12,31.835236603487992,31.83523660348799,,2,0.05153298377990723,0.005711078643798828,0.0,100100100111,+--+--+--+++,0,True,"[[0.000144, 36.1395043], [0.00475, 35.29372618], [0.00538, 32.39371542], [0.005711, 31.8352366]]",45,quantum,2,
precond_pen=1.100,12,-1.3639829124639986,31.93036732553399,1.1,2,0.028667926788330078,0.0065610408782958984,0.0,010011011010,-+--++-++-+-,0,True,"[[0.000178, 36.1395043], [0.006307, 34.41561971], [0.006561, 31.93036733]]",45,quantum,2,
precond_pen=1.200,12,-1.259716681535001,31.93036732553399,1.2,2,0.019730091094970703,0.006752967834472656,0.0,010011011010,-+--++-++-+-,0,True,"[[0.000151, 36.1395043], [0.006514, 34.41561971], [0.006753, 31.93036733]]",45,quantum,2,
precond_pen=1.300,12,-1.1783489595650005,31.93036732553399,1.3,2,0.027319908142089844,0.006602048873901367,0.0,010011011010,-+--++-++-+-,0,True,"[[0.000151, 36.1395043], [0.006339, 34.07293678], [0.006602, 31.93036733]]",45,quantum,2,
precond_pen=1.400,12,-1.1135806298550017,31.83523660348799,1.4,2,0.030185937881469727,0.007278919219970703,0.0,100100100111,+--+--+--+++,0,True,"[[0.000154, 36.1395043], [0.007027, 34.17248082], [0.007279, 31.8352366]]",45,quantum,2,
precond_pen=1.500,12,-0.9259370020119988,31.93036732553399,1.5,2,0.02804088592529297,0.005895853042602539,0.0,101100100101,+-++--+--+-+,0,True,"[[0.000149, 36.1395043], [0.005757, 32.57192264], [0.005896, 31.93036733]]",45,quantum,2,
precond_pen=1.600,12,-1.0158079985069994,31.83523660348799,1.6,2,0.02079916000366211,0.006178140640258789,0.0,100100100111,+--+--+--+++,0,True,"[[0.000169, 36.1395043], [0.005667, 35.63365856], [0.005981, 32.39371542], [0.006178, 31.8352366]]",45,quantum,2,
precond_pen=1.700,12,-0.9965919667829999,31.83523660348799,1.7,2,0.030416011810302734,0.006944894790649414,0.0,100100100111,+--+--+--+++,0,True,"[[0.000152, 36.1395043], [0.006302, 35.91118122], [0.006727, 32.39371542], [0.006945, 31.8352366]]",45,quantum,2,
precond_pen=1.800,12,-0.969844990765,31.83523660348799,1.8,2,0.020852088928222656,0.006387948989868164,0.0,100100100111,+--+--+--+++,0,True,"[[0.000171, 36.1395043], [0.005737, 34.06507769], [0.006173, 32.39371542], [0.006388, 31.8352366]]",45,quantum,2,
precond_pen=1.900,12,-0.7863882839129994,31.93036732553399,1.9,2,0.025043010711669922,0.005671024322509766,0.0,101100100101,+-++--+--+-+,0,True,"[[0.000167, 36.1395043], [0.005468, 34.68798301], [0.005671, 31.93036733]]",45,quantum,2,
precond_pen=2.000,12,-0.7186030790809994,32.047447290325984,2.0,2,0.02211308479309082,0.006735086441040039,0.0,101110100001,+-+++-+----+,0,True,"[[0.000169, 36.1395043], [0.006188, 34.86451622], [0.006536, 32.39371542], [0.006735, 32.04744729]]",45,quantum,2,
baseline,12,28.388829872878,28.38882987287801,,2,0.05700802803039551,0.006829977035522461,0.0,011101110000,-+++-+++----,0,True,"[[0.000176, 34.44616682], [0.006281, 33.54025034], [0.006617, 33.31165535], [0.00683, 28.38882987]]",46,quantum,2,
precond_pen=1.100,12,-1.5957394573919998,28.38882987287801,1.1,2,0.018684864044189453,0.006670951843261719,0.0,011101110000,-+++-+++----,0,True,"[[0.000201, 34.44616682], [0.006671, 28.38882987]]",46,quantum,2,
precond_pen=1.200,12,-1.4645871851590027,28.38882987287801,1.2,2,0.02587294578552246,0.007707834243774414,0.0,100010001111,+---+---++++,0,True,"[[0.000167, 34.44616682], [0.006793, 33.70907089], [0.007289, 33.54025034], [0.00756, 32.81471558], [0.007708, 28.38882987]]",46,quantum,2,
precond_pen=1.300,12,-1.2122580942919994,28.38882987287801,1.3,2,0.018208980560302734,0.0064411163330078125,0.0,011101110000,-+++-+++----,0,True,"[[0.000171, 34.44616682], [0.006441, 28.38882987]]",46,quantum,2,
precond_pen=1.400,12,-1.279136565931001,28.38882987287801,1.4,2,0.024576902389526367,0.007330894470214844,0.0,011101110000,-+++-+++----,0,True,"[[0.000188, 34.44616682], [0.007331, 28.38882987]]",46,quantum,2,
precond_pen=1.500,12,-1.024325236045998,28.38882987287801,1.5,2,0.019181013107299805,0.0067560672760009766,0.0,011101110000,-+++-+++----,0,True,"[[0.000166, 34.44616682], [0.006539, 32.71260107], [0.006756, 28.38882987]]",46,quantum,2,
precond_pen=1.600,12,-0.9773861207400039,28.38882987287801,1.6,2,0.02302098274230957,0.006244182586669922,0.0,011101110000,-+++-+++----,0,True,"[[0.000164, 34.44616682], [0.006244, 28.38882987]]",46,quantum,2,
precond_pen=1.700,12,-0.9373270534850002,28.38882987287801,1.7,2,0.022669076919555664,0.006763935089111328,0.0,011101110000,-+++-+++----,0,True,"[[0.000169, 34.44616682], [0.006764, 28.38882987]]",46,quantum,2,
precond_pen=1.800,12,-0.8306036589410022,28.38882987287801,1.8,2,0.01776289939880371,0.006491899490356445,0.0,100010001111,+---+---++++,0,True,"[[0.000166, 34.44616682], [0.006279, 34.20454198], [0.006492, 28.38882987]]",46,quantum,2,
precond_pen=1.900,12,-0.8642082499760013,28.38882987287801,1.9,2,0.017826080322265625,0.006514072418212891,0.0,100010001111,+---+---++++,0,True,"[[0.000168, 34.44616682], [0.006304, 34.20454198], [0.006514, 28.38882987]]",46,quantum,2,
precond_pen=2.000,12,-0.7766496514529999,28.38882987287801,2.0,2,0.02406597137451172,0.0062160491943359375,0.0,100010001111,+---+---++++,0,True,"[[0.000164, 34.44616682], [0.006035, 34.20454198], [0.006216, 28.38882987]]",46,quantum,2,
baseline,12,34.246395278338994,34.24639527833897,,2,0.05305886268615723,0.01661992073059082,0.0,000110111010,---++-+++-+-,0,True,"[[0.000191, 42.22311238], [0.007049, 41.18711515], [0.007569, 40.26078339], [0.007952, 40.08539713], [0.008111, 34.95236865], [0.01662, 34.24639528]]",47,quantum,2,
precond_pen=1.100,12,-1.6325892949990006,34.24639527833897,1.1,2,0.020142078399658203,0.007353067398071289,0.0,000110111010,---++-+++-+-,0,True,"[[0.000176, 42.22311238], [0.006499, 38.9158115], [0.007149, 37.65332452], [0.007353, 34.24639528]]",47,quantum,2,
precond_pen=1.200,12,-1.487581243019,34.24639527833897,1.2,2,0.019124984741210938,0.007583141326904297,0.0,111001000101,+++--+---+-+,0,True,"[[0.000162, 42.22311238], [0.007361, 41.68885836], [0.007583, 34.24639528]]",47,quantum,2,
precond_pen=1.300,12,-1.3759876280059977,34.24639527833897,1.3,2,0.03356599807739258,0.007889986038208008,0.0,000110111010,---++-+++-+-,0,True,"[[0.000173, 42.22311238], [0.007375, 40.80322733], [0.007734, 37.65332452], [0.00789, 34.24639528]]",47,quantum,2,
precond_pen=1.400,12,-1.287387816301,34.24639527833897,1.4,2,0.01915907859802246,0.006973981857299805,0.0,111001000101,+++--+---+-+,0,True,"[[0.000157, 42.22311238], [0.006791, 41.68885836], [0.006974, 34.24639528]]",47,quantum,2,
precond_pen=1.500,12,-1.0358867021660005,34.24639527833897,1.5,2,0.020685911178588867,0.0071599483489990234,0.0,111001000101,+++--+---+-+,0,True,"[[0.00018, 42.22311238], [0.006301, 42.39294118], [0.006799, 40.26078339], [0.007046, 39.64510832], [0.00716, 34.24639528]]",47,quantum,2,
precond_pen=1.600,12,-0.9763508815049997,34.24639527833897,1.6,2,0.0214540958404541,0.0071561336517333984,0.0,000110111010,---++-+++-+-,0,True,"[[0.00018, 42.22311238], [0.006734, 41.49669595], [0.007019, 38.20846196], [0.007156, 34.24639528]]",47,quantum,2,
precond_pen=1.700,12,-5.208952252238998,34.24639527833897,1.7,2,0.023736953735351562,0.007668018341064453,0.0,000110111010,---++-+++-+-,0,True,"[[0.000164, 42.22311238], [0.006806, 40.09191634], [0.007286, 40.06530897], [0.007532, 38.38880156], [0.007668, 34.24639528]]",47,quantum,2,
precond_pen=1.800,12,-10.979684926264998,34.679709607282994,1.8,2,0.011764049530029297,0.00625300407409668,0.0,001110110010,--+++-++--+-,0,True,"[[0.000146, 42.22311238], [0.005748, 37.89524644], [0.00611, 35.4660383], [0.006253, 34.67970961]]",47,quantum,2,
precond_pen=1.900,12,-5.081854066239998,34.24639527833897,1.9,2,0.01430201530456543,0.009257078170776367,0.0,000110111010,---++-+++-+-,0,True,"[[0.000116, 42.22311238], [0.004767, 38.06649474], [0.00512, 40.06530897], [0.005611, 35.4660383], [0.005868, 34.95236865], [0.009257, 34.24639528]]",47,quantum,2,
precond_pen=2.000,12,-10.191586480268999,34.679709607282994,2.0,2,0.010987997055053711,0.005486965179443359,0.0,001110110010,--+++-++--+-,0,True,"[[0.000115, 42.22311238], [0.004783, 39.3864973], [0.005171, 38.13964627], [0.005371, 35.4660383], [0.005487, 34.67970961]]",47,quantum,2,
baseline,12,29.352981206390005,29.352981206389988,,2,0.05465197563171387,0.005842924118041992,0.0,011110010010,-++++--+--+-,0,True,"[[0.000168, 33.9065543], [0.005843, 29.35298121]]",48,quantum,2,
precond_pen=1.100,12,-1.4486344079859972,29.36350281102198,1.1,2,0.029347896575927734,0.007356882095336914,0.0,100001110101,+----+++-+-+,0,True,"[[0.000192, 33.9065543], [0.007357, 29.35298121], [0.007808, 29.36350281]]",48,quantum,2,
precond_pen=1.200,12,-1.336388948139998,29.36350281102198,1.2,2,0.02868795394897461,0.007397890090942383,0.0,100001110101,+----+++-+-+,0,True,"[[0.000212, 33.9065543], [0.007118, 31.50125081], [0.007398, 29.36350281]]",48,quantum,2,
precond_pen=1.300,12,-1.248083091130999,29.36350281102198,1.3,2,0.018344879150390625,0.008014917373657227,0.0,100001110101,+----+++-+-+,0,True,"[[0.000224, 33.9065543], [0.007487, 32.6738526], [0.008015, 29.36350281]]",48,quantum,2,
precond_pen=1.400,12,-1.0531309452789968,29.36350281102198,1.4,2,0.02927994728088379,0.017242908477783203,0.0,011110001010,-++++---+-+-,0,True,"[[0.000229, 33.9065543], [0.006924, 33.20831769], [0.007208, 29.71951033], [0.016796, 29.61074151], [0.017243, 29.36350281]]",48,quantum,2,
precond_pen=1.500,12,-1.1179743314610011,29.36350281102198,1.5,2,0.03213810920715332,0.007484912872314453,0.0,011110001010,-++++---+-+-,0,True,"[[0.000224, 33.9065543], [0.007183, 33.20831769], [0.007485, 29.36350281]]",48,quantum,2,
precond_pen=1.600,12,-0.9346511653640013,29.36350281102198,1.6,2,0.025789976119995117,0.007743120193481445,0.0,011110001010,-++++---+-+-,0,True,"[[0.000219, 33.9065543], [0.007439, 33.118058], [0.007743, 29.36350281]]",48,quantum,2,
precond_pen=1.700,12,-1.0266358699600016,29.36350281102198,1.7,2,0.028702974319458008,0.007158041000366211,0.0,100001110101,+----+++-+-+,0,True,"[[0.000152, 33.9065543], [0.007158, 29.35298121], [0.007549, 29.36350281]]",48,quantum,2,
precond_pen=1.800,12,-1.0088513672220012,29.36350281102198,1.8,2,0.02142500877380371,0.007186174392700195,0.0,100001110101,+----+++-+-+,0,True,"[[0.000214, 33.9065543], [0.006984, 31.50125081], [0.007186, 29.36350281]]",48,quantum,2,
precond_pen=1.900,12,-0.9848845024349968,29.36350281102198,1.9,2,0.02236199378967285,0.0062029361724853516,0.0,100001110101,+----+++-+-+,0,True,"[[0.000145, 33.9065543], [0.006034, 31.791776], [0.006203, 29.36350281]]",48,quantum,2,
precond_pen=2.000,12,-0.9542515863439966,29.36350281102198,2.0,2,0.017713069915771484,0.005711078643798828,0.0,011110001010,-++++---+-+-,0,True,"[[0.000117, 33.9065543], [0.005711, 29.36350281]]",48,quantum,2,
baseline,12,29.829168161196993,29.829168161196996,,2,0.05740499496459961,0.004710197448730469,0.0,110101001001,++-+-+--+--+,0,True,"[[0.000179, 38.28811164], [0.004575, 37.69219056], [0.00471, 29.82916816]]",49,quantum,2,
precond_pen=1.100,12,-1.6027027995670045,29.829168161196996,1.1,2,0.02057790756225586,0.011375904083251953,0.0,110101001001,++-+-+--+--+,0,True,"[[0.000269, 38.28811164], [0.006937, 33.93516305], [0.007602, 33.50820486], [0.007805, 29.93621658], [0.011376, 29.82916816]]",49,quantum,2,
precond_pen=1.200,12,-1.4656111853629996,29.829168161196996,1.2,2,0.020905017852783203,0.00798487663269043,0.0,110101001001,++-+-+--+--+,0,True,"[[0.000235, 38.28811164], [0.007684, 35.4414955], [0.007985, 29.82916816]]",49,quantum,2,
precond_pen=1.300,12,-1.3591995472209994,29.829168161196996,1.3,2,0.02124500274658203,0.011548042297363281,0.0,110101001001,++-+-+--+--+,0,True,"[[0.00021, 38.28811164], [0.006891, 36.55589913], [0.007524, 36.13855248], [0.008318, 32.38178976], [0.008738, 29.93621658], [0.011548, 29.82916816]]",49,quantum,2,
precond_pen=1.400,12,-1.0750630056670012,29.829168161196996,1.4,2,0.03417801856994629,0.031184911727905273,0.0,110101001001,++-+-+--+--+,0,True,"[[0.000257, 38.28811164], [0.007424, 31.81288981], [0.007869, 29.93621658], [0.031185, 29.82916816]]",49,quantum,2,
precond_pen=1.500,12,-4.5676133940909995,29.829168161196996,1.5,2,0.01520395278930664,0.0075910091400146484,0.0,110101001001,++-+-+--+--+,0,True,"[[0.000238, 38.28811164], [0.007172, 32.78027457], [0.007591, 29.82916816]]",49,quantum,2,
precond_pen=1.600,12,-4.773396433948998,29.829168161196996,1.6,2,0.014091014862060547,0.007611989974975586,0.0,110101001001,++-+-+--+--+,0,True,"[[0.000189, 38.28811164], [0.006761, 37.22361185], [0.007226, 36.32512029], [0.007463, 34.42696956], [0.007612, 29.82916816]]",49,quantum,2,
precond_pen=1.700,12,-4.871377918521002,29.829168161196996,1.7,2,0.018146991729736328,0.005791902542114258,0.0,001010110110,--+-+-++-++-,0,True,"[[0.000157, 38.28811164], [0.005534, 32.42665042], [0.005792, 29.82916816]]",49,quantum,2,
precond_pen=1.800,12,-8.534678098291998,30.404553189634996,1.8,2,0.01168203353881836,0.006114959716796875,0.0,001110010110,--+++--+-++-,0,True,"[[0.000155, 38.28811164], [0.005811, 33.39600549], [0.006115, 30.40455319]]",49,quantum,2,
precond_pen=1.900,12,-8.361016168539,30.404553189634996,1.9,2,0.012591123580932617,0.006220102310180664,0.0,001110010110,--+++--+-++-,0,True,"[[0.000134, 38.28811164], [0.00596, 33.39600549], [0.00622, 30.40455319]]",49,quantum,2,
precond_pen=2.000,12,-8.128996659646994,30.404553189634996,2.0,2,0.010980844497680664,0.0050089359283447266,0.0,001110010110,--+++--+-++-,0,True,"[[0.000125, 38.28811164], [0.004784, 32.4145396], [0.005009, 30.40455319]]",49,quantum,2,
