name,n,objective_model,objective_baseline,penalty,mip_status,runtime_sec,time_to_best_sec,mip_gap,x_bits,z_bits,sum_z,presolve,trajectory,seed,preconditioner_family,layers,sweeps
baseline,16,52.153185832214,52.15318583221401,,2,0.18972992897033691,0.012336969375610352,0.0,1100001101100101,++----++-++--+-+,0,True,"[[0.00024, 73.03745402], [0.012065, 70.50479998], [0.012337, 52.15318583]]",0,quantum,2,
precond_pen=1.100,16,-2.913656480183996,52.15318583221401,1.1,2,0.061987876892089844,0.009073972702026367,0.0,1100001101100101,++----++-++--+-+,0,True,"[[0.000148, 73.03745402], [0.008147, 65.31603446], [0.00862, 64.61461207], [0.008932, 64.05061897], [0.009074, 52.15318583]]",0,quantum,2,
precond_pen=1.200,16,-23.422977106854,52.15318583221401,1.2,2,0.036000967025756836,0.009546041488647461,0.0,0011110010011010,--++++--+--++-+-,0,True,"[[0.000217, 73.03745402], [0.009142, 56.10851014], [0.009546, 52.15318583]]",0,quantum,2,
precond_pen=1.300,16,-22.187623251806002,52.15318583221401,1.3,2,0.017269134521484375,0.009203195571899414,0.0,0011110010011010,--++++--+--++-+-,0,True,"[[0.000191, 73.03745402], [0.008768, 57.04814579], [0.009203, 52.15318583]]",0,quantum,2,
precond_pen=1.400,16,-2.145080067423999,52.15318583221401,1.4,2,0.0394439697265625,0.008562803268432617,0.0,1100001101100101,++----++-++--+-+,0,True,"[[0.000191, 73.03745402], [0.00754, 71.27595536], [0.008199, 68.25907999], [0.008563, 52.15318583]]",0,quantum,2,
precond_pen=1.500,16,-2.1005838812459956,52.15318583221401,1.5,2,0.03866100311279297,0.009247064590454102,0.0,1100001101100101,++----++-++--+-+,0,True,"[[0.000239, 73.03745402], [0.009005, 66.48881507], [0.009247, 52.15318583]]",0,quantum,2,
precond_pen=1.600,16,-12.998002692423999,52.15318583221401,1.6,2,0.042053937911987305,0.008101940155029297,0.0,1100001101100101,++----++-++--+-+,0,True,"[[0.000155, 73.03745402], [0.007263, 65.0160229], [0.007841, 61.75809125], [0.008102, 52.15318583]]",0,quantum,2,
precond_pen=1.700,16,-1.7137869188229997,52.15318583221401,1.7,2,0.06618189811706543,0.007886886596679688,0.0,1100001101100101,++----++-++--+-+,0,True,"[[0.000184, 73.03745402], [0.007642, 71.35847681], [0.007887, 52.15318583]]",0,quantum,2,
precond_pen=1.800,16,-1.6230919049440011,52.15318583221401,1.8,2,0.06473207473754883,0.009734153747558594,0.0,0011110010011010,--++++--+--++-+-,0,True,"[[0.00016, 73.03745402], [0.008615, 72.04627882], [0.009476, 64.02241854], [0.009734, 52.15318583]]",0,quantum,2,
precond_pen=1.900,16,-14.378437837512994,52.15318583221401,1.9,2,0.04365706443786621,0.008791923522949219,0.0,1100001101100101,++----++-++--+-+,0,True,"[[0.000162, 73.03745402], [0.007466, 69.38820227], [0.008055, 65.87958235], [0.008601, 61.75809125], [0.008792, 52.15318583]]",0,quantum,2,
precond_pen=2.000,16,-25.051580774421005,52.15318583221401,2.0,2,0.018053054809570312,0.007854223251342773,0.0,1100001101100101,++----++-++--+-+,0,True,"[[0.000147, 73.03745402], [0.00749, 54.33682695], [0.007854, 52.15318583]]",0,quantum,2,
baseline,16,54.52969249298498,54.529692492984985,,2,0.1565990447998047,0.0063021183013916016,0.0,1011100110000011,+-+++--++-----++,0,True,"[[0.000179, 70.39490808], [0.00583, 69.51964787], [0.006082, 68.22205269], [0.006302, 54.52969249]]",1,quantum,2,
precond_pen=1.100,16,-10.071242062916008,54.72989054440102,1.1,2,0.058511972427368164,0.009844064712524414,0.0,0001011001011101,---+-++--+-+++-+,0,True,"[[0.000213, 70.39490808], [0.009279, 57.52749283], [0.009844, 54.72989054]]",1,quantum,2,
precond_pen=1.200,16,-1.713563842124998,54.529692492984985,1.2,2,0.2076399326324463,0.008018970489501953,0.0,0100011001111100,-+---++--+++++--,0,True,"[[0.000172, 70.39490808], [0.007492, 57.99296998], [0.008019, 54.52969249]]",1,quantum,2,
precond_pen=1.300,16,-1.5570938783170005,54.529692492984985,1.3,2,0.30849385261535645,0.3026149272918701,0.0,0100011001111100,-+---++--+++++--,0,True,"[[0.000185, 70.39490808], [0.007444, 64.18766745], [0.007672, 54.72989054], [0.302615, 54.52969249]]",1,quantum,2,
precond_pen=1.400,16,-1.4490439247190006,54.529692492984985,1.4,2,0.18272900581359863,0.17217278480529785,0.0,0100011001111100,-+---++--+++++--,0,True,"[[0.000207, 70.39490808], [0.008244, 64.08057702], [0.009081, 63.3163801], [0.00939, 54.72989054], [0.172173, 54.52969249]]",1,quantum,2,
precond_pen=1.500,16,-7.124541119802004,54.72989054440102,1.5,2,0.0752859115600586,0.012969970703125,0.0,0001011001011101,---+-++--+-+++-+,0,True,"[[0.000262, 70.39490808], [0.010606, 66.43061731], [0.011389, 68.22205269], [0.012407, 60.40320368], [0.01297, 54.72989054]]",1,quantum,2,
precond_pen=1.600,16,-1.302488385363998,54.529692492984985,1.6,2,0.19173812866210938,0.18274402618408203,0.0,0100011001111100,-+---++--+++++--,0,True,"[[0.000231, 70.39490808], [0.009883, 66.20889003], [0.01051, 63.3163801], [0.010739, 54.72989054], [0.182744, 54.52969249]]",1,quantum,2,
precond_pen=1.700,16,-7.870283570004999,54.72989054440102,1.7,2,0.10886716842651367,0.007580995559692383,0.0,0001011001011101,---+-++--+-+++-+,0,True,"[[0.000201, 70.39490808], [0.007095, 57.47427094], [0.007581, 54.72989054]]",1,quantum,2,
precond_pen=1.800,16,-13.064864320369999,54.72989054440102,1.8,2,0.10512018203735352,0.009136199951171875,0.0,0001011001011101,---+-++--+-+++-+,0,True,"[[0.00019, 70.39490808], [0.008294, 64.72072469], [0.008933, 63.39769335], [0.009136, 54.72989054]]",1,quantum,2,
precond_pen=1.900,16,-7.981423218274003,54.72989054440102,1.9,2,0.04062008857727051,0.006988048553466797,0.0,1110100110100010,+++-+--++-+---+-,0,True,"[[0.000155, 70.39490808], [0.006392, 62.0118123], [0.006828, 58.90324197], [0.006988, 54.72989054]]",1,quantum,2,
precond_pen=2.000,16,-8.853531535582997,54.72989054440102,2.0,2,0.03985595703125,0.007930994033813477,0.0,1110100110100010,+++-+--++-+---+-,0,True,"[[0.000158, 70.39490808], [0.007356, 56.23414759], [0.007931, 54.72989054]]",1,quantum,2,
baseline,16,50.310833559542,50.310833559541976,,2,0.09858202934265137,0.008170127868652344,0.0,1010001100110011,+-+---++--++--++,0,True,"[[0.000156, 62.56545302], [0.007783, 62.25577299], [0.00817, 50.31083356]]",2,quantum,2,
precond_pen=1.100,16,-2.055552576697,50.310833559541976,1.1,2,0.0977931022644043,0.007416963577270508,0.0,1010001100110011,+-+---++--++--++,0,True,"[[0.000147, 62.56545302], [0.007116, 62.10552754], [0.007417, 50.31083356]]",2,quantum,2,
precond_pen=1.200,16,-1.8546841111789956,50.310833559541976,1.2,2,0.2439579963684082,0.007112979888916016,0.0,0101110011001100,-+-+++--++--++--,0,True,"[[0.000158, 62.56545302], [0.006881, 60.99168658], [0.007113, 50.31083356]]",2,quantum,2,
precond_pen=1.300,16,-1.701344134215998,50.310833559541976,1.3,2,0.1384439468383789,0.008202075958251953,0.0,0101110011001100,-+-+++--++--++--,0,True,"[[0.000173, 62.56545302], [0.007876, 62.27210288], [0.008202, 50.31083356]]",2,quantum,2,
precond_pen=1.400,16,-1.593941283447001,50.310833559541976,1.4,2,0.12037992477416992,0.009289026260375977,0.0,0101110011001100,-+-+++--++--++--,0,True,"[[0.000164, 62.56545302], [0.008999, 60.99168658], [0.009289, 50.31083356]]",2,quantum,2,
precond_pen=1.500,16,-1.5656253862430018,50.310833559541976,1.5,2,0.11709713935852051,0.008723974227905273,0.0,0101110011001100,-+-+++--++--++--,0,True,"[[0.000163, 62.56545302], [0.008401, 60.99168658], [0.008724, 50.31083356]]",2,quantum,2,
precond_pen=1.600,16,-7.343434386665999,50.310833559541976,1.6,2,0.03100419044494629,0.00746607780456543,0.0,1010001100110011,+-+---++--++--++,0,True,"[[0.000152, 62.56545302], [0.006397, 63.19420698], [0.006782, 61.50283402], [0.007268, 58.34545784], [0.007466, 50.31083356]]",2,quantum,2,
precond_pen=1.700,16,-1.0751446544969996,50.310833559541976,1.7,2,0.15377402305603027,0.0058290958404541016,0.0,0101110011001100,-+-+++--++--++--,0,True,"[[0.000188, 62.56545302], [0.005238, 61.20178236], [0.005519, 58.71992557], [0.005687, 57.95080742], [0.005829, 50.31083356]]",2,quantum,2,
precond_pen=1.800,16,-2.934070609982,50.310833559541976,1.8,2,0.05633401870727539,0.006953001022338867,0.0,0101110011001100,-+-+++--++--++--,0,True,"[[0.000193, 62.56545302], [0.006282, 60.08321147], [0.006668, 58.71992557], [0.006953, 50.31083356]]",2,quantum,2,
precond_pen=1.900,16,-14.675807397349004,50.310833559541976,1.9,2,0.018347978591918945,0.007008075714111328,0.0,1010001100110011,+-+---++--++--++,0,True,"[[0.000215, 62.56545302], [0.006575, 54.59904477], [0.007008, 50.31083356]]",2,quantum,2,
precond_pen=2.000,16,-14.827198623849998,50.310833559541976,2.0,2,0.019362211227416992,0.007831096649169922,0.0,1010001100110011,+-+---++--++--++,0,True,"[[0.000201, 62.56545302], [0.007146, 54.59904477], [0.007831, 50.31083356]]",2,quantum,2,
baseline,16,54.82900695729201,54.829006957292,,2,0.11428093910217285,0.1105339527130127,0.0,1011101100000011,+-+++-++------++,0,True,"[[0.000148, 65.70475581], [0.005426, 64.97945169], [0.005843, 64.83970402], [0.00605, 63.19355644], [0.006191, 56.36824711], [0.091379, 56.34896126], [0.101642, 56.19319406], [0.102506, 55.29132634], [0.110534, 54.82900696]]",3,quantum,2,
precond_pen=1.100,16,-1.7226424984330047,54.829006957292,1.1,2,0.1385362148284912,0.12005400657653809,0.0,1011101100000011,+-+++-++------++,0,True,"[[0.00015, 65.70475581], [0.008236, 64.05206703], [0.008559, 56.36824711], [0.015491, 56.16359783], [0.078791, 56.00442195], [0.120054, 54.82900696]]",3,quantum,2,
precond_pen=1.200,16,-1.569033912878,54.829006957292,1.2,2,0.14948296546936035,0.07280397415161133,0.0,1011101100000011,+-+++-++------++,0,True,"[[0.000142, 65.70475581], [0.006367, 63.56062483], [0.006612, 55.29132634], [0.072804, 54.82900696]]",3,quantum,2,
precond_pen=1.300,16,-1.4507041741419995,54.829006957292,1.3,2,0.15811610221862793,0.1357421875,0.0,1011101100000011,+-+++-++------++,0,True,"[[0.000186, 65.70475581], [0.006646, 63.13861675], [0.006964, 56.16359783], [0.011868, 55.29132634], [0.135742, 54.82900696]]",3,quantum,2,
precond_pen=1.400,16,-1.368299816540997,54.829006957292,1.4,2,0.17703509330749512,0.0067310333251953125,0.0,1011101100000011,+-+++-++------++,0,True,"[[0.000191, 65.70475581], [0.006545, 64.2313011], [0.006731, 54.82900696]]",3,quantum,2,
precond_pen=1.500,16,-5.723214424539007,55.29132634059605,1.5,2,0.048191070556640625,0.007194042205810547,0.0,0110010111011000,-++--+-+++-++---,0,True,"[[0.000212, 65.70475581], [0.00658, 60.77906237], [0.007001, 59.64892003], [0.007194, 55.29132634]]",3,quantum,2,
precond_pen=1.600,16,-6.079214233446,55.29132634059605,1.6,2,0.04444003105163574,0.029227018356323242,0.0,1001101000100111,+--++-+---+--+++,0,True,"[[0.00016, 65.70475581], [0.006409, 60.11583008], [0.006866, 56.19319406], [0.029227, 54.82900696], [0.031513, 55.29132634]]",3,quantum,2,
precond_pen=1.700,16,-1.170786943869004,54.829006957292,1.7,2,0.1850440502166748,0.01739501953125,0.0,1011101100000011,+-+++-++------++,0,True,"[[0.000136, 65.70475581], [0.007307, 63.93190297], [0.00765, 55.29132634], [0.017395, 54.82900696]]",3,quantum,2,
precond_pen=1.800,16,-10.512420706424999,55.29132634059605,1.8,2,0.02586197853088379,0.013459920883178711,0.0,1001101000100111,+--++-+---+--+++,0,True,"[[0.00016, 65.70475581], [0.006666, 59.22468327], [0.007183, 58.29007567], [0.007409, 56.36824711], [0.01346, 55.29132634]]",3,quantum,2,
precond_pen=1.900,16,-10.549598040171002,55.29132634059605,1.9,2,0.036863088607788086,0.013218879699707031,0.0,0110010111011000,-++--+-+++-++---,0,True,"[[0.000202, 65.70475581], [0.006258, 61.6699818], [0.007018, 57.7884558], [0.007297, 56.36824711], [0.013219, 54.82900696], [0.022515, 55.29132634]]",3,quantum,2,
precond_pen=2.000,16,-10.459113927827001,55.29132634059605,2.0,2,0.03541398048400879,0.015268087387084961,0.0,1001101000100111,+--++-+---+--+++,0,True,"[[0.000186, 65.70475581], [0.005443, 63.16335978], [0.005868, 62.11330928], [0.006436, 57.7884558], [0.006689, 56.36824711], [0.015268, 54.82900696], [0.021677, 55.29132634]]",3,quantum,2,
baseline,16,55.122635289212994,55.12263528921302,,2,0.08287405967712402,0.005237102508544922,0.0,0010111101100100,--+-++++-++--+--,0,True,"[[0.000166, 68.76273039], [0.004578, 64.93774152], [0.004978, 64.75577114], [0.005237, 55.12263529]]",4,quantum,2,
precond_pen=1.100,16,-2.156722910762002,55.12263528921302,1.1,2,0.0370180606842041,0.00661921501159668,0.0,1101000010011011,++-+----+--++-++,0,True,"[[0.000171, 68.76273039], [0.005816, 62.67479608], [0.006324, 62.48645145], [0.006619, 55.12263529]]",4,quantum,2,
precond_pen=1.200,16,-1.9370595119419969,55.12263528921302,1.2,2,0.039678096771240234,0.005780935287475586,0.0,1101000010011011,++-+----+--++-++,0,True,"[[0.000127, 68.76273039], [0.005535, 66.92180679], [0.005781, 55.12263529]]",4,quantum,2,
precond_pen=1.300,16,-1.7929873386750002,55.12263528921302,1.3,2,0.03990793228149414,0.005379915237426758,0.0,1101000010011011,++-+----+--++-++,0,True,"[[0.000117, 68.76273039], [0.00519, 66.92180679], [0.00538, 55.12263529]]",4,quantum,2,
precond_pen=1.400,16,-7.9657334303559955,55.31451000210102,1.4,2,0.01418614387512207,0.005282163619995117,0.0,1101000110010011,++-+---++--+--++,0,True,"[[0.00012, 68.76273039], [0.004383, 64.55427918], [0.005, 63.54753453], [0.005282, 55.31451]]",4,quantum,2,
precond_pen=1.500,16,-3.608961127340999,55.12263528921302,1.5,2,0.0224149227142334,0.006462812423706055,0.0,0010111101100100,--+-++++-++--+--,0,True,"[[0.000131, 68.76273039], [0.005911, 61.27135233], [0.006463, 55.12263529]]",4,quantum,2,
precond_pen=1.600,16,-1.3150400050379973,55.12263528921302,1.6,2,0.05118298530578613,0.0058138370513916016,0.0,1101000010011011,++-+----+--++-++,0,True,"[[0.000136, 68.76273039], [0.005561, 62.21581791], [0.005814, 55.12263529]]",4,quantum,2,
precond_pen=1.700,16,-9.426300466503998,55.12263528921302,1.7,2,0.016999006271362305,0.005673885345458984,0.0,1101000010011011,++-+----+--++-++,0,True,"[[0.000123, 68.76273039], [0.005033, 65.55285619], [0.005299, 64.08550666], [0.005478, 62.88913404], [0.005674, 55.12263529]]",4,quantum,2,
precond_pen=1.800,16,-1.3094074842650016,55.12263528921302,1.8,2,0.04385495185852051,0.004868030548095703,0.0,1101000010011011,++-+----+--++-++,0,True,"[[0.000127, 68.76273039], [0.004676, 61.05776201], [0.004868, 55.12263529]]",4,quantum,2,
precond_pen=1.900,16,-1.255133157452999,55.12263528921302,1.9,2,0.049104928970336914,0.0059320926666259766,0.0,1101000010011011,++-+----+--++-++,0,True,"[[0.00016, 68.76273039], [0.005719, 64.21421738], [0.005932, 55.12263529]]",4,quantum,2,
precond_pen=2.000,16,-17.766493556479002,55.12263528921302,2.0,2,0.0169370174407959,0.0069501399993896484,0.0,1101000010011011,++-+----+--++-++,0,True,"[[0.000134, 68.76273039], [0.005872, 67.03620257], [0.006667, 63.11997301], [0.00695, 55.12263529]]",4,quantum,2,
baseline,16,52.37270996931199,52.372709969311984,,2,0.0842890739440918,0.005764961242675781,0.0,1110100000101011,+++-+-----+-+-++,0,True,"[[0.000193, 68.21373681], [0.005484, 67.56578562], [0.005765, 52.37270997]]",5,quantum,2,
precond_pen=1.100,16,-2.2338731199640005,52.372709969311984,1.1,2,0.030981063842773438,0.0053060054779052734,0.0,1110100000101011,+++-+-----+-+-++,0,True,"[[0.000191, 68.21373681], [0.004532, 62.97446315], [0.004903, 62.40964552], [0.005173, 61.03893341], [0.005306, 52.37270997]]",5,quantum,2,
precond_pen=1.200,16,-13.036300705456004,52.372709969311984,1.2,2,0.01568007469177246,0.00702214241027832,0.0,1110100000101011,+++-+-----+-+-++,0,True,"[[0.000212, 68.21373681], [0.005914, 58.82078706], [0.00667, 55.40436551], [0.007022, 52.37270997]]",5,quantum,2,
precond_pen=1.300,16,-11.916165068132,52.372709969311984,1.3,2,0.01553487777709961,0.006073951721191406,0.0,1110100000101011,+++-+-----+-+-++,0,True,"[[0.000179, 68.21373681], [0.005421, 60.28236872], [0.005827, 62.40964552], [0.006074, 52.37270997]]",5,quantum,2,
precond_pen=1.400,16,-1.684394852897002,52.372709969311984,1.4,2,0.04932904243469238,0.0070531368255615234,0.0,1110100000101011,+++-+-----+-+-++,0,True,"[[0.000152, 68.21373681], [0.006726, 61.89155464], [0.007053, 52.37270997]]",5,quantum,2,
precond_pen=1.500,16,-1.5731816643499954,52.372709969311984,1.5,2,0.0537869930267334,0.0060558319091796875,0.0,0001011111010100,---+-+++++-+-+--,0,True,"[[0.000133, 68.21373681], [0.00578, 57.31220203], [0.006056, 52.37270997]]",5,quantum,2,
precond_pen=1.600,16,-8.496516542837997,52.372709969311984,1.6,2,0.019560813903808594,0.005647897720336914,0.0,0001011111010100,---+-+++++-+-+--,0,True,"[[0.000134, 68.21373681], [0.005215, 59.37717842], [0.005648, 52.37270997]]",5,quantum,2,
precond_pen=1.700,16,-1.404696592451998,52.372709969311984,1.7,2,0.058341026306152344,0.0068759918212890625,0.0,0001011111010100,---+-+++++-+-+--,0,True,"[[0.000137, 68.21373681], [0.005853, 67.54539775], [0.006326, 66.90672253], [0.006678, 57.31220203], [0.006876, 52.37270997]]",5,quantum,2,
precond_pen=1.800,16,-15.082907074641998,52.372709969311984,1.8,2,0.014535903930664062,0.005928993225097656,0.0,1110100000101011,+++-+-----+-+-++,0,True,"[[0.000112, 68.21373681], [0.004984, 65.79993327], [0.005597, 62.40964552], [0.005929, 52.37270997]]",5,quantum,2,
precond_pen=1.900,16,-15.690384234016,52.372709969311984,1.9,2,0.014833927154541016,0.005255937576293945,0.0,1110100000101011,+++-+-----+-+-++,0,True,"[[0.000105, 68.21373681], [0.004441, 64.88961857], [0.004947, 62.40964552], [0.005256, 52.37270997]]",5,quantum,2,
precond_pen=2.000,16,-15.981933467788998,52.372709969311984,2.0,2,0.017071008682250977,0.004270076751708984,0.0,1110100000101011,+++-+-----+-+-++,0,True,"[[0.000138, 68.21373681], [0.003918, 59.75220841], [0.00427, 52.37270997]]",5,quantum,2,
baseline,16,57.72883444011803,57.72883444011801,,2,0.10264110565185547,0.09153509140014648,0.0,0011100100110101,--+++--+--++-+-+,0,True,"[[0.000178, 69.62770689], [0.006113, 58.77051706], [0.085808, 58.04778669], [0.091535, 57.72883444]]",6,quantum,2,
precond_pen=1.100,16,-1.8955491411009993,57.72883444011801,1.1,2,0.1000518798828125,0.006579875946044922,0.0,0011100100110101,--+++--+--++-+-+,0,True,"[[0.000128, 69.62770689], [0.006232, 68.47543759], [0.00658, 57.72883444]]",6,quantum,2,
precond_pen=1.200,16,-1.7087755312649975,57.72883444011801,1.2,2,0.15027999877929688,0.006247043609619141,0.0,0011100100110101,--+++--+--++-+-+,0,True,"[[0.000128, 69.62770689], [0.005692, 64.62545849], [0.006056, 63.83350387], [0.006247, 57.72883444]]",6,quantum,2,
precond_pen=1.300,16,-1.682110255071004,57.72883444011801,1.3,2,0.17625117301940918,0.006582021713256836,0.0,0011100100110101,--+++--+--++-+-+,0,True,"[[0.000147, 69.62770689], [0.005845, 64.62545849], [0.006289, 63.83350387], [0.006582, 57.72883444]]",6,quantum,2,
precond_pen=1.400,16,-1.4710755343620008,57.72883444011801,1.4,2,0.2496039867401123,0.248337984085083,0.0,0011100100110101,--+++--+--++-+-+,0,True,"[[0.000122, 69.62770689], [0.005634, 69.1712829], [0.005926, 68.18312044], [0.006241, 58.77051706], [0.014517, 57.94489507], [0.248338, 57.72883444], [0.248826, 57.72883444]]",6,quantum,2,
precond_pen=1.500,16,-1.444835590931003,57.72883444011801,1.5,2,0.23834991455078125,0.0050678253173828125,0.0,0011100100110101,--+++--+--++-+-+,0,True,"[[0.000121, 69.62770689], [0.004744, 64.62545849], [0.005068, 57.72883444]]",6,quantum,2,
precond_pen=1.600,16,-1.0851496484040037,57.72883444011801,1.6,2,0.2881739139556885,0.20499205589294434,0.0,0011100100110101,--+++--+--++-+-+,0,True,"[[0.000138, 69.62770689], [0.006362, 68.47543759], [0.006701, 58.77051706], [0.20465, 58.04778669], [0.204992, 57.72883444]]",6,quantum,2,
precond_pen=1.700,16,-2.6566845825699987,57.72883444011801,1.7,2,0.07893586158752441,0.006806850433349609,0.0,0011100100110101,--+++--+--++-+-+,0,True,"[[0.000131, 69.62770689], [0.006177, 63.03913347], [0.006807, 57.72883444]]",6,quantum,2,
precond_pen=1.800,16,-1.1893906368799998,57.72883444011801,1.8,2,0.22010493278503418,0.0069980621337890625,0.0,0011100100110101,--+++--+--++-+-+,0,True,"[[0.000125, 69.62770689], [0.006625, 68.47543759], [0.006998, 57.72883444]]",6,quantum,2,
precond_pen=1.900,16,-5.923761413845997,57.72883444011801,1.9,2,0.04134988784790039,0.038272857666015625,0.0,1100011011001010,++---++-++--+-+-,0,True,"[[0.000119, 69.62770689], [0.005232, 68.64871485], [0.00557, 66.1824162], [0.005843, 64.38026296], [0.006045, 57.94489507], [0.013999, 58.77051706], [0.038273, 57.72883444]]",6,quantum,2,
precond_pen=2.000,16,-10.794530998867,57.72883444011801,2.0,2,0.021702051162719727,0.011564016342163086,0.0,0011100100110101,--+++--+--++-+-+,0,True,"[[0.000122, 69.62770689], [0.005373, 65.63821218], [0.005726, 66.1824162], [0.00603, 64.4517272], [0.006201, 58.77051706], [0.011564, 57.72883444]]",6,quantum,2,
baseline,16,53.18710891938896,53.18710891938902,,2,0.08818507194519043,0.005414009094238281,0.0,1110001010101010,+++---+-+-+-+-+-,0,True,"[[0.000141, 61.80104583], [0.005205, 61.00677859], [0.005414, 53.18710892]]",7,quantum,2,
precond_pen=1.100,16,-1.8871104115060033,53.18710891938902,1.1,2,0.08742690086364746,0.006799936294555664,0.0,1110001010101010,+++---+-+-+-+-+-,0,True,"[[0.000152, 61.80104583], [0.006134, 60.59485159], [0.006591, 58.87206068], [0.0068, 53.18710892]]",7,quantum,2,
precond_pen=1.200,16,-1.8529314830589998,53.18710891938902,1.2,2,0.09289216995239258,0.006349086761474609,0.0,1110001010101010,+++---+-+-+-+-+-,0,True,"[[0.000129, 61.80104583], [0.006092, 60.62767184], [0.006349, 53.18710892]]",7,quantum,2,
precond_pen=1.300,16,-1.583478086330996,53.18710891938902,1.3,2,0.15409588813781738,0.006289958953857422,0.0,1110001010101010,+++---+-+-+-+-+-,0,True,"[[0.000138, 61.80104583], [0.006041, 58.1595152], [0.00629, 53.18710892]]",7,quantum,2,
precond_pen=1.400,16,-5.90015337796,53.954978732125,1.4,2,0.02056097984313965,0.006638050079345703,0.0,0101110101010100,-+-+++-+-+-+-+--,0,True,"[[0.00015, 61.80104583], [0.006054, 55.84379421], [0.006638, 53.95497873]]",7,quantum,2,
precond_pen=1.500,16,-6.6010542583620015,53.527476024478986,1.5,2,0.023864030838012695,0.006479978561401367,0.0,0101111001010100,-+-++++--+-+-+--,0,True,"[[0.000128, 61.80104583], [0.005599, 61.07129142], [0.006028, 60.40331224], [0.006297, 59.45711858], [0.00648, 53.52747602]]",7,quantum,2,
precond_pen=1.600,16,-7.072999371009,53.527476024478986,1.6,2,0.02358102798461914,0.005867958068847656,0.0,1010000110101011,+-+----++-+-+-++,0,True,"[[0.000122, 61.80104583], [0.005394, 58.42735372], [0.005868, 53.52747602]]",7,quantum,2,
precond_pen=1.700,16,-7.335631967374999,53.527476024478986,1.7,2,0.018086910247802734,0.01073598861694336,0.0,1010000110101011,+-+----++-+-+-++,0,True,"[[0.000125, 61.80104583], [0.004727, 56.68906497], [0.005107, 55.8770349], [0.010736, 53.52747602]]",7,quantum,2,
precond_pen=1.800,16,-13.136074043826003,53.494110723827006,1.8,2,0.017138957977294922,0.005138874053955078,0.0,1110000010101011,+++-----+-+-+-++,0,True,"[[0.00012, 61.80104583], [0.004694, 56.31277055], [0.005139, 53.49411072]]",7,quantum,2,
precond_pen=1.900,16,-13.319228986056,53.494110723827006,1.9,2,0.019668102264404297,0.004742145538330078,0.0,0001111101010100,---+++++-+-+-+--,0,True,"[[9.1e-05, 61.80104583], [0.004083, 59.29803969], [0.004428, 59.52573936], [0.004742, 53.49411072]]",7,quantum,2,
precond_pen=2.000,16,-13.293268957242997,53.494110723827006,2.0,2,0.018533945083618164,0.006379842758178711,0.0,0001111101010100,---+++++-+-+-+--,0,True,"[[0.000131, 61.80104583], [0.005307, 59.29803969], [0.005956, 59.52573936], [0.00638, 53.49411072]]",7,quantum,2,
baseline,16,49.90665485264998,49.906654852649986,,2,0.10325789451599121,0.0060939788818359375,0.0,1111101000010001,+++++-+----+---+,0,True,"[[0.000176, 55.64886967], [0.005527, 54.54692395], [0.005874, 51.42158349], [0.006094, 49.90665485]]",8,quantum,2,
precond_pen=1.100,16,-1.9268508920539986,49.906654852649986,1.1,2,0.11617183685302734,0.006134986877441406,0.0,1111101000010001,+++++-+----+---+,0,True,"[[0.000132, 55.64886967], [0.006135, 49.90665485]]",8,quantum,2,
precond_pen=1.200,16,-1.6184030818920014,49.906654852649986,1.2,2,0.15391206741333008,0.005557060241699219,0.0,1111101000010001,+++++-+----+---+,0,True,"[[0.000118, 55.64886967], [0.005557, 49.90665485]]",8,quantum,2,
precond_pen=1.300,16,-6.106719958708004,49.906654852649986,1.3,2,0.04953312873840332,0.00643610954284668,0.0,0000010111101110,-----+-++++-+++-,0,True,"[[0.000121, 55.64886967], [0.00614, 55.45626633], [0.006436, 49.90665485]]",8,quantum,2,
precond_pen=1.400,16,-6.974778052581,49.906654852649986,1.4,2,0.05628514289855957,0.005702018737792969,0.0,0000010111101110,-----+-++++-+++-,0,True,"[[0.000127, 55.64886967], [0.005702, 49.90665485]]",8,quantum,2,
precond_pen=1.500,16,-4.2127928464450015,49.956683870329975,1.5,2,0.05711197853088379,0.006237983703613281,0.0,0000010111111100,-----+-+++++++--,0,True,"[[0.000175, 55.64886967], [0.00564, 55.54620214], [0.006006, 53.89694365], [0.006238, 49.95668387]]",8,quantum,2,
precond_pen=1.600,16,-7.842007048532003,49.906654852649986,1.6,2,0.024860858917236328,0.005563974380493164,0.0,0000010111101110,-----+-++++-+++-,0,True,"[[0.00013, 55.64886967], [0.005564, 49.90665485]]",8,quantum,2,
precond_pen=1.700,16,-7.978273312829003,49.906654852649986,1.7,2,0.06106996536254883,0.005465984344482422,0.0,0000010111101110,-----+-++++-+++-,0,True,"[[0.00012, 55.64886967], [0.005189, 53.89694365], [0.005466, 49.90665485]]",8,quantum,2,
precond_pen=1.800,16,-7.986177422621002,49.906654852649986,1.8,2,0.055924177169799805,0.007002115249633789,0.0,0000010111101110,-----+-++++-+++-,0,True,"[[0.000179, 55.64886967], [0.00563, 52.93577023], [0.006218, 51.42158349], [0.006772, 49.95668387], [0.007002, 49.90665485]]",8,quantum,2,
precond_pen=1.900,16,-7.903919253317998,49.906654852649986,1.9,2,0.0636599063873291,0.006352901458740234,0.0,0000010111101110,-----+-++++-+++-,0,True,"[[0.000194, 55.64886967], [0.006009, 52.54491984], [0.006353, 49.90665485]]",8,quantum,2,
precond_pen=2.000,16,-13.10186954491899,49.906654852649986,2.0,2,0.016923904418945312,0.005461931228637695,0.0,0000010111101110,-----+-++++-+++-,0,True,"[[0.000125, 55.64886967], [0.005184, 49.95668387], [0.005462, 49.90665485]]",8,quantum,2,
baseline,16,57.25525883915294,57.25525883915303,,2,0.08558392524719238,0.004506111145019531,0.0,0100001011111100,-+----+-++++++--,0,True,"[[0.00016, 65.5564928], [0.004356, 64.42284024], [0.004506, 57.25525884]]",9,quantum,2,
precond_pen=1.100,16,-1.9518823434990047,57.25525883915303,1.1,2,0.09035301208496094,0.07403898239135742,0.0,1011110100000011,+-++++-+------++,0,True,"[[0.000117, 65.5564928], [0.005032, 65.58497237], [0.00522, 59.21595385], [0.011847, 59.03503964], [0.074039, 57.25525884]]",9,quantum,2,
precond_pen=1.200,16,-1.7627448316300054,57.25525883915303,1.2,2,0.09944915771484375,0.07627296447753906,0.0,1011110100000011,+-++++-+------++,0,True,"[[0.000175, 65.5564928], [0.005868, 65.45972456], [0.006081, 59.21595385], [0.012322, 59.03503964], [0.075948, 58.76902168], [0.076273, 57.25525884]]",9,quantum,2,
precond_pen=1.300,16,-1.6185713366769967,57.25525883915303,1.3,2,0.12828588485717773,0.012298822402954102,0.0,1011110100000011,+-++++-+------++,0,True,"[[0.000118, 65.5564928], [0.005597, 59.03503964], [0.012299, 57.25525884]]",9,quantum,2,
precond_pen=1.400,16,-1.5047594256990005,57.25525883915303,1.4,2,0.14679193496704102,0.011159896850585938,0.0,0100001011111100,-+----+-++++++--,0,True,"[[0.000132, 65.5564928], [0.005899, 64.79844026], [0.006166, 59.03503964], [0.01116, 57.25525884]]",9,quantum,2,
precond_pen=1.500,16,-1.4874149648029968,57.25525883915303,1.5,2,0.16972088813781738,0.15687894821166992,0.0,1011110100000011,+-++++-+------++,0,True,"[[0.000168, 65.5564928], [0.005515, 65.45972456], [0.005717, 59.21595385], [0.011619, 59.03503964], [0.156879, 57.25525884]]",9,quantum,2,
precond_pen=1.600,16,-1.4672042913410017,57.25525883915303,1.6,2,0.13557791709899902,0.1024320125579834,0.0,1011110100000011,+-++++-+------++,0,True,"[[0.000129, 65.5564928], [0.006032, 65.45972456], [0.00632, 59.21595385], [0.012692, 59.03503964], [0.102092, 58.76902168], [0.102432, 57.25525884]]",9,quantum,2,
precond_pen=1.700,16,-1.281060309083002,57.25525883915303,1.7,2,0.18731904029846191,0.005764007568359375,0.0,1011110100000011,+-++++-+------++,0,True,"[[0.000112, 65.5564928], [0.005534, 62.6361349], [0.005764, 57.25525884]]",9,quantum,2,
precond_pen=1.800,16,-1.2255048679819955,57.25525883915303,1.8,2,0.13692879676818848,0.10640692710876465,0.0,0100001011111100,-+----+-++++++--,0,True,"[[0.000126, 65.5564928], [0.005669, 65.72581464], [0.005921, 59.21595385], [0.012799, 59.03503964], [0.106407, 57.25525884]]",9,quantum,2,
precond_pen=1.900,16,-1.210717968163003,57.25525883915303,1.9,2,0.1635289192199707,0.15045404434204102,0.0,0100001011111100,-+----+-++++++--,0,True,"[[0.000178, 65.5564928], [0.005834, 65.72581464], [0.006125, 59.21595385], [0.012416, 59.03503964], [0.150454, 57.25525884], [0.162796, 57.25525884]]",9,quantum,2,
precond_pen=2.000,16,-0.9879730824909991,57.25525883915303,2.0,2,0.18022704124450684,0.15450787544250488,0.0,1011110100000011,+-++++-+------++,0,True,"[[0.000173, 65.5564928], [0.004921, 59.03503964], [0.154197, 58.76902168], [0.154508, 57.25525884]]",9,quantum,2,
baseline,16,52.055829077838006,52.055829077838,,2,0.09591293334960938,0.02747511863708496,0.0,0010111101001001,--+-++++-+--+--+,0,True,"[[0.000113, 64.46330545], [0.004927, 52.62063366], [0.027475, 52.05582908]]",10,quantum,2,
precond_pen=1.100,16,-1.7695077997100004,52.055829077838,1.1,2,0.10462403297424316,0.015109062194824219,0.0,0010111101001001,--+-++++-+--+--+,0,True,"[[0.000126, 64.46330545], [0.006466, 59.18558689], [0.006887, 52.62063366], [0.015109, 52.05582908]]",10,quantum,2,
precond_pen=1.200,16,-1.6105022806590013,52.055829077838,1.2,2,0.13163089752197266,0.05414295196533203,0.0,0010111101001001,--+-++++-+--+--+,0,True,"[[0.000128, 64.46330545], [0.005832, 58.70809356], [0.006179, 53.85955225], [0.014172, 52.62063366], [0.054143, 52.05582908]]",10,quantum,2,
precond_pen=1.300,16,-1.500605029362002,52.055829077838,1.3,2,0.17459797859191895,0.007339000701904297,0.0,0010111101001001,--+-++++-+--+--+,0,True,"[[0.000144, 64.46330545], [0.006651, 62.02762555], [0.007113, 60.42128821], [0.007339, 52.05582908]]",10,quantum,2,
precond_pen=1.400,16,-1.4025849924740008,52.055829077838,1.4,2,0.17321419715881348,0.17150211334228516,0.0,0010111101001001,--+-++++-+--+--+,0,True,"[[0.000118, 64.46330545], [0.006235, 60.06218207], [0.006524, 55.53704068], [0.014353, 52.62063366], [0.171502, 52.05582908], [0.17232, 52.05582908]]",10,quantum,2,
precond_pen=1.500,16,-1.310765509799002,52.055829077838,1.5,2,0.14187002182006836,0.14030194282531738,0.0,0010111101001001,--+-++++-+--+--+,0,True,"[[0.000137, 64.46330545], [0.006334, 58.70809356], [0.006634, 53.85955225], [0.013421, 52.62063366], [0.140302, 52.05582908], [0.14112, 52.05582908]]",10,quantum,2,
precond_pen=1.600,16,-6.502273382051002,52.055829077838,1.6,2,0.032547950744628906,0.005669116973876953,0.0,0010111101001001,--+-++++-+--+--+,0,True,"[[0.000128, 64.46330545], [0.005085, 57.57248247], [0.005494, 56.8961038], [0.005669, 52.05582908]]",10,quantum,2,
precond_pen=1.700,16,-2.6213242616679997,52.055829077838,1.7,2,0.03422689437866211,0.032208919525146484,0.0,0010111101001001,--+-++++-+--+--+,0,True,"[[0.000182, 64.46330545], [0.006103, 58.70809356], [0.006531, 53.85955225], [0.014552, 52.62063366], [0.032209, 52.05582908], [0.03363, 52.05582908]]",10,quantum,2,
precond_pen=1.800,16,-2.651880372234004,52.055829077838,1.8,2,0.026587963104248047,0.006022930145263672,0.0,1101000010110110,++-+----+-++-++-,0,True,"[[0.000123, 64.46330545], [0.005594, 54.37671102], [0.006023, 52.05582908]]",10,quantum,2,
precond_pen=1.900,16,-2.581377370379,52.055829077838,1.9,2,0.034638166427612305,0.0320279598236084,0.0,0010111101001001,--+-++++-+--+--+,0,True,"[[0.000181, 64.46330545], [0.005513, 57.72585212], [0.006007, 56.8961038], [0.006216, 52.62063366], [0.032028, 52.05582908], [0.033969, 52.05582908]]",10,quantum,2,
precond_pen=2.000,16,-12.858597867536998,53.03658979543201,2.0,2,0.01767587661743164,0.005908966064453125,0.0,1111000010100110,++++----+-+--++-,0,True,"[[0.000126, 64.46330545], [0.00547, 55.07548369], [0.005909, 53.0365898]]",10,quantum,2,
baseline,16,45.25501814482699,45.25501814482695,,2,0.0888969898223877,0.07589387893676758,0.0,1000001011101110,+-----+-+++-+++-,0,True,"[[0.00013, 52.99377053], [0.004779, 47.48460716], [0.075894, 45.25501814]]",11,quantum,2,
precond_pen=1.100,16,-2.0199819436920023,45.25501814482695,1.1,2,0.09105396270751953,0.0068988800048828125,0.0,0111110100010001,-+++++-+---+---+,0,True,"[[0.000121, 52.99377053], [0.006591, 51.79165917], [0.006899, 45.25501814]]",11,quantum,2,
precond_pen=1.200,16,-1.8253256011270018,45.25501814482695,1.2,2,0.10657382011413574,0.013628959655761719,0.0,0111110100010001,-+++++-+---+---+,0,True,"[[0.000134, 52.99377053], [0.005808, 47.48460716], [0.013629, 45.25501814]]",11,quantum,2,
precond_pen=1.300,16,-1.6764551188669996,45.25501814482695,1.3,2,0.14586806297302246,0.013700008392333984,0.0,0111110100010001,-+++++-+---+---+,0,True,"[[0.000131, 52.99377053], [0.006204, 47.48460716], [0.0137, 45.25501814]]",11,quantum,2,
precond_pen=1.400,16,-1.576059146555001,45.25501814482695,1.4,2,0.1918179988861084,0.012731075286865234,0.0,0111110100010001,-+++++-+---+---+,0,True,"[[0.000119, 52.99377053], [0.004967, 47.48460716], [0.012731, 45.25501814]]",11,quantum,2,
precond_pen=1.500,16,-6.560285988848001,45.855779684908995,1.5,2,0.04268002510070801,0.0057599544525146484,0.0,1001001011100110,+--+--+-+++--++-,0,True,"[[0.000115, 52.99377053], [0.00522, 50.78886686], [0.00576, 45.85577968]]",11,quantum,2,
precond_pen=1.600,16,-7.180414237651999,45.855779684908995,1.6,2,0.04191303253173828,0.006529092788696289,0.0,1001001011100110,+--+--+-+++--++-,0,True,"[[0.000122, 52.99377053], [0.005595, 52.07489324], [0.006264, 49.24372928], [0.006529, 45.85577968]]",11,quantum,2,
precond_pen=1.700,16,-7.575783919186,45.855779684908995,1.7,2,0.06801605224609375,0.005980968475341797,0.0,1001001011100110,+--+--+-+++--++-,0,True,"[[0.000116, 52.99377053], [0.005631, 52.22367306], [0.005981, 45.85577968]]",11,quantum,2,
precond_pen=1.800,16,-1.2709446066570003,45.25501814482695,1.8,2,0.18920207023620605,0.18813300132751465,0.0,0111110100010001,-+++++-+---+---+,0,True,"[[0.000122, 52.99377053], [0.005658, 47.48460716], [0.168449, 47.46553141], [0.187897, 46.5803316], [0.188133, 45.25501814], [0.188481, 45.25501814]]",11,quantum,2,
precond_pen=1.900,16,-13.283690539418,45.855779684908995,1.9,2,0.01758408546447754,0.004967927932739258,0.0,1001001011100110,+--+--+-+++--++-,0,True,"[[0.000115, 52.99377053], [0.004602, 49.24372928], [0.004968, 45.85577968]]",11,quantum,2,
precond_pen=2.000,16,-13.46683408669,45.855779684908995,2.0,2,0.020763874053955078,0.007009983062744141,0.0,1001001011100110,+--+--+-+++--++-,0,True,"[[0.000141, 52.99377053], [0.00646, 48.64051371], [0.00701, 45.85577968]]",11,quantum,2,
baseline,16,54.40757373914099,54.407573739141,,2,0.12693285942077637,0.026810884475708008,0.0,0010111010010110,--+-+++-+--+-++-,0,True,"[[0.00013, 69.10977453], [0.005636, 66.62603972], [0.005905, 58.24436744], [0.026304, 56.68045393], [0.026811, 54.40757374]]",12,quantum,2,
precond_pen=1.100,16,-2.153394023389998,54.407573739141,1.1,2,0.09581613540649414,0.00522303581237793,0.0,1101000101101001,++-+---+-++-+--+,0,True,"[[0.000122, 69.10977453], [0.005044, 66.41593856], [0.005223, 54.40757374]]",12,quantum,2,
precond_pen=1.200,16,-1.931258535763999,54.407573739141,1.2,2,0.06248903274536133,0.006232023239135742,0.0,1101000101101001,++-+---+-++-+--+,0,True,"[[0.000119, 69.10977453], [0.005645, 65.68200293], [0.006023, 65.45832924], [0.006232, 54.40757374]]",12,quantum,2,
precond_pen=1.300,16,-1.7637515879630001,54.407573739141,1.3,2,0.0426020622253418,0.006845951080322266,0.0,1101000101101001,++-+---+-++-+--+,0,True,"[[0.000127, 69.10977453], [0.006226, 64.59202044], [0.006668, 63.60446378], [0.006846, 54.40757374]]",12,quantum,2,
precond_pen=1.400,16,-1.6490702205520007,54.407573739141,1.4,2,0.05411195755004883,0.0064411163330078125,0.0,1101000101101001,++-+---+-++-+--+,0,True,"[[0.000145, 69.10977453], [0.00605, 60.7788059], [0.006441, 54.40757374]]",12,quantum,2,
precond_pen=1.500,16,-1.5421274371909997,54.407573739141,1.5,2,0.052848100662231445,0.005377054214477539,0.0,1101000101101001,++-+---+-++-+--+,0,True,"[[0.000187, 69.10977453], [0.005161, 66.85634019], [0.005377, 54.40757374]]",12,quantum,2,
precond_pen=1.600,16,-6.904714848139003,55.697126445425,1.6,2,0.02319788932800293,0.007095813751220703,0.0,1101001100101001,++-+--++--+-+--+,0,True,"[[0.000145, 69.10977453], [0.006675, 65.31559846], [0.007096, 55.69712645]]",12,quantum,2,
precond_pen=1.700,16,-1.366341479129999,54.407573739141,1.7,2,0.05830192565917969,0.0057070255279541016,0.0,0010111010010110,--+-+++-+--+-++-,0,True,"[[0.000127, 69.10977453], [0.005414, 68.93576213], [0.005707, 54.40757374]]",12,quantum,2,
precond_pen=1.800,16,-1.303915062703,54.407573739141,1.8,2,0.09062695503234863,0.006799936294555664,0.0,1101000101101001,++-+---+-++-+--+,0,True,"[[0.000175, 69.10977453], [0.006512, 63.77342491], [0.0068, 54.40757374]]",12,quantum,2,
precond_pen=1.900,16,-7.793441244299007,54.407573739141,1.9,2,0.04203200340270996,0.005970001220703125,0.0,1101000101101001,++-+---+-++-+--+,0,True,"[[0.000133, 69.10977453], [0.005626, 68.8057724], [0.00597, 54.40757374]]",12,quantum,2,
precond_pen=2.000,16,-13.638582936935006,54.407573739141,2.0,2,0.017553091049194336,0.005511045455932617,0.0,1101000101101001,++-+---+-++-+--+,0,True,"[[0.00018, 69.10977453], [0.005092, 61.69457159], [0.005511, 54.40757374]]",12,quantum,2,
baseline,16,57.09992072540301,57.09992072540301,,2,0.07841706275939941,0.004424095153808594,0.0,1100111001001001,++--+++--+--+--+,0,True,"[[0.000172, 72.06703931], [0.00404, 69.83825138], [0.00424, 65.31841], [0.004424, 57.09992073]]",13,quantum,2,
precond_pen=1.100,16,-2.3116649907659985,57.09992072540301,1.1,2,0.027957916259765625,0.0064089298248291016,0.0,0011000110110110,--++---++-++-++-,0,True,"[[0.000189, 72.06703931], [0.005313, 68.59955093], [0.005676, 65.31841], [0.006181, 58.32984243], [0.006409, 57.09992073]]",13,quantum,2,
precond_pen=1.200,16,-15.187572388760007,58.39500236975302,1.2,2,0.01506495475769043,0.005690097808837891,0.0,0011100110010110,--+++--++--+-++-,0,True,"[[0.000125, 72.06703931], [0.005102, 65.39357232], [0.00569, 58.39500237]]",13,quantum,2,
precond_pen=1.300,16,-8.384971828342996,57.09992072540301,1.3,2,0.015908002853393555,0.004528999328613281,0.0,0011000110110110,--++---++-++-++-,0,True,"[[9.7e-05, 72.06703931], [0.004045, 64.22424589], [0.004386, 63.62941626], [0.004529, 57.09992073]]",13,quantum,2,
precond_pen=1.400,16,-18.18631123441,57.09992072540301,1.4,2,0.014747142791748047,0.005904197692871094,0.0,1100111001001001,++--+++--+--+--+,0,True,"[[0.000158, 72.06703931], [0.005428, 63.63168347], [0.005904, 57.09992073]]",13,quantum,2,
precond_pen=1.500,16,-10.736636380373003,57.09992072540301,1.5,2,0.01705193519592285,0.005817890167236328,0.0,0011000110110110,--++---++-++-++-,0,True,"[[0.000147, 72.06703931], [0.005419, 59.533681], [0.005818, 57.09992073]]",13,quantum,2,
precond_pen=1.600,16,-1.5156885140800043,57.09992072540301,1.6,2,0.05365800857543945,0.005583047866821289,0.0,1100111001001001,++--+++--+--+--+,0,True,"[[0.000138, 72.06703931], [0.005323, 65.29543962], [0.005583, 57.09992073]]",13,quantum,2,
precond_pen=1.700,16,-17.435430693606,57.09992072540301,1.7,2,0.015365839004516602,0.0064280033111572266,0.0,1100111001001001,++--+++--+--+--+,0,True,"[[0.000144, 72.06703931], [0.005492, 65.44498831], [0.006057, 65.31841], [0.006428, 57.09992073]]",13,quantum,2,
precond_pen=1.800,16,-18.213554768553003,57.09992072540301,1.8,2,0.014781951904296875,0.0050351619720458984,0.0,1100111001001001,++--+++--+--+--+,0,True,"[[0.00013, 72.06703931], [0.004689, 59.47785786], [0.005035, 57.09992073]]",13,quantum,2,
precond_pen=1.900,16,-18.559649692622997,57.09992072540301,1.9,2,0.014980077743530273,0.0060231685638427734,0.0,1100111001001001,++--+++--+--+--+,0,True,"[[0.000127, 72.06703931], [0.005105, 68.08113814], [0.005654, 65.31841], [0.006023, 57.09992073]]",13,quantum,2,
precond_pen=2.000,16,-18.594094383172,57.09992072540301,2.0,2,0.01428985595703125,0.0052700042724609375,0.0,0011000110110110,--++---++-++-++-,0,True,"[[0.000123, 72.06703931], [0.004865, 61.33380998], [0.00527, 57.09992073]]",13,quantum,2,
baseline,16,53.125232901941,53.12523290194102,,2,0.08735799789428711,0.022424936294555664,0.0,0011011011001001,--++-++-++--+--+,0,True,"[[0.000106, 64.34502192], [0.004355, 61.21384138], [0.004731, 56.51942124], [0.01825, 53.89049446], [0.022425, 53.1252329]]",14,quantum,2,
precond_pen=1.100,16,-1.9215999539820015,53.12523290194102,1.1,2,0.08919000625610352,0.08623194694519043,0.0,0011011011001001,--++-++-++--+--+,0,True,"[[0.000193, 64.34502192], [0.005804, 63.21969488], [0.006093, 53.89049446], [0.086232, 53.1252329]]",14,quantum,2,
precond_pen=1.200,16,-1.7359660035839992,53.12523290194102,1.2,2,0.1562061309814453,0.014129161834716797,0.0,0011011011001001,--++-++-++--+--+,0,True,"[[0.000187, 64.34502192], [0.005917, 61.85741409], [0.006163, 53.89049446], [0.014129, 53.1252329]]",14,quantum,2,
precond_pen=1.300,16,-1.607832014427002,53.12523290194102,1.3,2,0.14595484733581543,0.14346694946289062,0.0,0011011011001001,--++-++-++--+--+,0,True,"[[0.000132, 64.34502192], [0.006311, 55.23962536], [0.006654, 53.89049446], [0.109055, 53.31579278], [0.143467, 53.1252329]]",14,quantum,2,
precond_pen=1.400,16,-1.4831131321439965,53.12523290194102,1.4,2,0.1839289665222168,0.14139699935913086,0.0,0011011011001001,--++-++-++--+--+,0,True,"[[0.000128, 64.34502192], [0.005108, 61.89017241], [0.0054, 61.21384138], [0.005894, 55.53872583], [0.006134, 53.89049446], [0.011872, 53.31579278], [0.141397, 53.1252329], [0.183037, 53.1252329]]",14,quantum,2,
precond_pen=1.500,16,-1.4659964298820025,53.12523290194102,1.5,2,0.15846610069274902,0.12385106086730957,0.0,0011011011001001,--++-++-++--+--+,0,True,"[[0.000127, 64.34502192], [0.006051, 55.53872583], [0.006391, 53.89049446], [0.012628, 53.31579278], [0.123851, 53.1252329]]",14,quantum,2,
precond_pen=1.600,16,-1.445985453232998,53.12523290194102,1.6,2,0.22063708305358887,0.173630952835083,0.0,1100100100110110,++--+--+--++-++-,0,True,"[[0.000151, 64.34502192], [0.00571, 61.57418414], [0.005983, 53.89049446], [0.025254, 53.31579278], [0.173631, 53.1252329]]",14,quantum,2,
precond_pen=1.700,16,-6.075068733473998,53.31579278427901,1.7,2,0.027091026306152344,0.005942106246948242,0.0,1110100010100110,+++-+---+-+--++-,0,True,"[[0.00014, 64.34502192], [0.005549, 62.53976379], [0.005942, 53.31579278]]",14,quantum,2,
precond_pen=1.800,16,-1.2011042778409982,53.12523290194102,1.8,2,0.17863798141479492,0.1765739917755127,0.0,0011011011001001,--++-++-++--+--+,0,True,"[[0.000162, 64.34502192], [0.005954, 62.72458395], [0.006215, 53.89049446], [0.012844, 53.31579278], [0.176574, 53.1252329], [0.177769, 53.1252329]]",14,quantum,2,
precond_pen=1.900,16,-4.212343780105998,53.12523290194102,1.9,2,0.04536700248718262,0.006426095962524414,0.0,1100100100110110,++--+--+--++-++-,0,True,"[[0.000141, 64.34502192], [0.00583, 60.06190465], [0.006233, 56.87326839], [0.006426, 53.1252329]]",14,quantum,2,
precond_pen=2.000,16,-1.1224819717119985,53.12523290194102,2.0,2,0.1576859951019287,0.15561890602111816,0.0,1100100100110110,++--+--+--++-++-,0,True,"[[0.00015, 64.34502192], [0.006104, 58.71819599], [0.00641, 53.31579278], [0.155619, 53.1252329], [0.156967, 53.1252329]]",14,quantum,2,
baseline,16,56.86765244234502,56.867652442345,,2,0.09802389144897461,0.005135774612426758,0.0,1110010010010011,+++--+--+--+--++,0,True,"[[0.000143, 67.65280917], [0.004637, 65.26432876], [0.004893, 61.48547181], [0.005136, 56.86765244]]",15,quantum,2,
precond_pen=1.100,16,-1.7738510018219946,56.867652442345,1.1,2,0.2727351188659668,0.00625300407409668,0.0,0001101101101100,---++-++-++-++--,0,True,"[[0.000144, 67.65280917], [0.005926, 60.43801582], [0.006253, 56.86765244]]",15,quantum,2,
precond_pen=1.200,16,-1.609900376548997,56.867652442345,1.2,2,0.17457199096679688,0.0061321258544921875,0.0,0001101101101100,---++-++-++-++--,0,True,"[[0.000175, 67.65280917], [0.005856, 63.13458975], [0.006132, 56.86765244]]",15,quantum,2,
precond_pen=1.300,16,-1.585962452649003,56.867652442345,1.3,2,0.16212010383605957,0.006438016891479492,0.0,0001101101101100,---++-++-++-++--,0,True,"[[0.000825, 67.65280917], [0.006234, 63.13458975], [0.006438, 56.86765244]]",15,quantum,2,
precond_pen=1.400,16,-1.3969799528119955,56.867652442345,1.4,2,0.19861412048339844,0.006968021392822266,0.0,1110010010010011,+++--+--+--+--++,0,True,"[[0.000169, 67.65280917], [0.006151, 62.4279717], [0.00663, 61.48547181], [0.006968, 56.86765244]]",15,quantum,2,
precond_pen=1.500,16,-1.3729316545010004,56.867652442345,1.5,2,0.1782829761505127,0.006023883819580078,0.0,0001101101101100,---++-++-++-++--,0,True,"[[0.00015, 67.65280917], [0.005762, 63.13458975], [0.006024, 56.86765244]]",15,quantum,2,
precond_pen=1.600,16,-1.0278866198140006,56.867652442345,1.6,2,0.1761000156402588,0.005274057388305664,0.0,1110010010010011,+++--+--+--+--++,0,True,"[[0.000126, 67.65280917], [0.004612, 67.13398757], [0.004916, 65.26432876], [0.005106, 63.86038909], [0.005274, 56.86765244]]",15,quantum,2,
precond_pen=1.700,16,-5.948478644674001,56.867652442345,1.7,2,0.04210710525512695,0.037422895431518555,0.0,0001101101101100,---++-++-++-++--,0,True,"[[0.000156, 67.65280917], [0.00643, 60.95096958], [0.007141, 60.65539806], [0.007412, 58.72946341], [0.037423, 56.86765244]]",15,quantum,2,
precond_pen=1.800,16,-2.4264181147679995,56.867652442345,1.8,2,0.08517789840698242,0.015418052673339844,0.0,1110010010010011,+++--+--+--+--++,0,True,"[[0.000137, 67.65280917], [0.006387, 63.04559383], [0.00668, 57.88862811], [0.015418, 56.86765244]]",15,quantum,2,
precond_pen=1.900,16,-1.0909103868579964,56.867652442345,1.9,2,0.20595884323120117,0.011770009994506836,0.0,0001101101101100,---++-++-++-++--,0,True,"[[0.000131, 67.65280917], [0.005062, 60.35138984], [0.005233, 59.37658883], [0.01177, 56.86765244]]",15,quantum,2,
precond_pen=2.000,16,-6.1317711068289995,56.867652442345,2.0,2,0.04173398017883301,0.03355002403259277,0.0,1110010010010011,+++--+--+--+--++,0,True,"[[0.000115, 67.65280917], [0.004679, 63.07224359], [0.004996, 61.48547181], [0.00538, 57.88862811], [0.03355, 56.86765244], [0.041399, 56.86765244]]",15,quantum,2,
baseline,16,55.12307955243,55.12307955243,,2,0.07505297660827637,0.0033109188079833984,0.0,0001111010010011,---++++-+--+--++,0,True,"[[8.8e-05, 66.08345906], [0.002929, 64.01534034], [0.003114, 63.4419686], [0.003311, 55.12307955]]",16,quantum,2,
precond_pen=1.100,16,-1.9345656170939964,55.12307955243,1.1,2,0.0791630744934082,0.0037660598754882812,0.0,0001111010010011,---++++-+--+--++,0,True,"[[9e-05, 66.08345906], [0.003623, 62.99264978], [0.003766, 55.12307955]]",16,quantum,2,
precond_pen=1.200,16,-1.7463041431150002,55.12307955243,1.2,2,0.09226012229919434,0.003849029541015625,0.0,0001111010010011,---++++-+--+--++,0,True,"[[9.3e-05, 66.08345906], [0.00341, 63.58232928], [0.003615, 63.4419686], [0.003849, 55.12307955]]",16,quantum,2,
precond_pen=1.300,16,-1.7192636205879968,55.12307955243,1.3,2,0.10303711891174316,0.0038809776306152344,0.0,0001111010010011,---++++-+--+--++,0,True,"[[8.7e-05, 66.08345906], [0.003734, 65.01010745], [0.003881, 55.12307955]]",16,quantum,2,
precond_pen=1.400,16,-1.4899557315609968,55.12307955243,1.4,2,0.16259098052978516,0.0036890506744384766,0.0,0001111010010011,---++++-+--+--++,0,True,"[[8.8e-05, 66.08345906], [0.003547, 62.99264978], [0.003689, 55.12307955]]",16,quantum,2,
precond_pen=1.500,16,-1.3984268484490014,55.12307955243,1.5,2,0.11344695091247559,0.003865957260131836,0.0,0001111010010011,---++++-+--+--++,0,True,"[[8.7e-05, 66.08345906], [0.003721, 62.87798075], [0.003866, 55.12307955]]",16,quantum,2,
precond_pen=1.600,16,-1.322696376986002,55.12307955243,1.6,2,0.20050692558288574,0.0038390159606933594,0.0,0001111010010011,---++++-+--+--++,0,True,"[[8.9e-05, 66.08345906], [0.0037, 62.87798075], [0.003839, 55.12307955]]",16,quantum,2,
precond_pen=1.700,16,-7.3446959509350025,55.12307955243,1.7,2,0.01676797866821289,0.011033058166503906,0.0,1110000101101100,+++----+-++-++--,0,True,"[[0.000101, 66.08345906], [0.003375, 63.23949119], [0.003655, 63.28782504], [0.003805, 56.72212149], [0.011033, 55.12307955]]",16,quantum,2,
precond_pen=1.800,16,-2.754778219233006,55.12307955243,1.8,2,0.03641796112060547,0.0040209293365478516,0.0,0001111010010011,---++++-+--+--++,0,True,"[[8.9e-05, 66.08345906], [0.003643, 59.38593877], [0.004021, 55.12307955]]",16,quantum,2,
precond_pen=1.900,16,-1.1684760517569979,55.12307955243,1.9,2,0.11521100997924805,0.009670019149780273,0.0,1110000101101100,+++----+-++-++--,0,True,"[[0.000103, 66.08345906], [0.003661, 63.26465719], [0.003801, 56.72212149], [0.00967, 55.12307955]]",16,quantum,2,
precond_pen=2.000,16,-14.335581054104,55.12307955243,2.0,2,0.016325950622558594,0.0042989253997802734,0.0,0001111010010011,---++++-+--+--++,0,True,"[[8.8e-05, 66.08345906], [0.003916, 61.23093006], [0.004299, 55.12307955]]",16,quantum,2,
baseline,16,51.476810919306985,51.476810919307,,2,0.09175586700439453,0.0032999515533447266,0.0,1100101011000101,++--+-+-++---+-+,0,True,"[[8.9e-05, 59.99779131], [0.003173, 58.47811494], [0.0033, 51.47681092]]",17,quantum,2,
precond_pen=1.100,16,-1.5888462987509957,51.476810919307,1.1,2,0.13321709632873535,0.010696172714233398,0.0,1100101011000101,++--+-+-++---+-+,0,True,"[[8.7e-05, 59.99779131], [0.003744, 51.84448153], [0.010696, 51.47681092]]",17,quantum,2,
precond_pen=1.200,16,-1.562404625897,51.476810919307,1.2,2,0.12266206741333008,0.07764792442321777,0.0,0011010100111010,--++-+-+--+++-+-,0,True,"[[0.000105, 59.99779131], [0.00373, 51.84448153], [0.077648, 51.47681092]]",17,quantum,2,
precond_pen=1.300,16,-1.3517678764859982,51.476810919307,1.3,2,0.20978689193725586,0.17616987228393555,0.0,1100101011000101,++--+-+-++---+-+,0,True,"[[8.8e-05, 59.99779131], [0.003931, 54.14547154], [0.004066, 51.84448153], [0.17617, 51.47681092]]",17,quantum,2,
precond_pen=1.400,16,-1.2797196620640001,51.476810919307,1.4,2,0.16941404342651367,0.010178089141845703,0.0,1100101011000101,++--+-+-++---+-+,0,True,"[[0.000132, 59.99779131], [0.003926, 59.93279132], [0.004079, 51.84448153], [0.010178, 51.47681092]]",17,quantum,2,
precond_pen=1.500,16,-1.2011461795900065,51.476810919307,1.5,2,0.15830707550048828,0.08299398422241211,0.0,1100101011000101,++--+-+-++---+-+,0,True,"[[0.000137, 59.99779131], [0.003955, 57.81702729], [0.004144, 51.84448153], [0.082994, 51.47681092]]",17,quantum,2,
precond_pen=1.600,16,-1.1445037417360036,51.476810919307,1.6,2,0.178009033203125,0.17708492279052734,0.0,1100101011000101,++--+-+-++---+-+,0,True,"[[0.000133, 59.99779131], [0.004127, 56.6659414], [0.004424, 55.76047413], [0.004756, 53.64308831], [0.004943, 52.10618224], [0.011044, 51.84448153], [0.177085, 51.47681092], [0.177489, 51.47681092]]",17,quantum,2,
precond_pen=1.700,16,-6.260860664670999,51.476810919307,1.7,2,0.039465904235839844,0.012320995330810547,0.0,1100101011000101,++--+-+-++---+-+,0,True,"[[9e-05, 59.99779131], [0.004231, 57.9793367], [0.004439, 52.80867432], [0.012091, 51.84448153], [0.012321, 51.47681092]]",17,quantum,2,
precond_pen=1.800,16,-10.747715233769998,51.476810919307,1.8,2,0.04226803779602051,0.009361982345581055,0.0,1100101011000101,++--+-+-++---+-+,0,True,"[[9.5e-05, 59.99779131], [0.003528, 57.63844675], [0.003827, 54.25181201], [0.00412, 51.84448153], [0.009362, 51.47681092]]",17,quantum,2,
precond_pen=1.900,16,-6.194903280221,51.476810919307,1.9,2,0.046328067779541016,0.021533966064453125,0.0,0011010100111010,--++-+-+--+++-+-,0,True,"[[8.6e-05, 59.99779131], [0.003897, 59.11655465], [0.00443, 55.76047413], [0.004764, 57.02300126], [0.004971, 51.84448153], [0.021534, 51.47681092]]",17,quantum,2,
precond_pen=2.000,16,-2.1727002369719983,51.476810919307,2.0,2,0.10514688491821289,0.0046617984771728516,0.0,1100101011000101,++--+-+-++---+-+,0,True,"[[8.6e-05, 59.99779131], [0.003951, 57.14304823], [0.004244, 55.76047413], [0.004502, 54.77510728], [0.004662, 51.47681092]]",17,quantum,2,
baseline,16,52.87104298052801,52.87104298052797,,2,0.12446117401123047,0.039637088775634766,0.0,0100100011111100,-+--+---++++++--,0,True,"[[8.9e-05, 59.61514206], [0.003645, 54.99593595], [0.039637, 52.87104298]]",18,quantum,2,
precond_pen=1.100,16,-1.9596679365970004,52.87104298052797,1.1,2,0.09417104721069336,0.010908842086791992,0.0,0100100011111100,-+--+---++++++--,0,True,"[[9.1e-05, 59.61514206], [0.003774, 58.54200725], [0.003901, 53.57607879], [0.010909, 52.87104298]]",18,quantum,2,
precond_pen=1.200,16,-1.7870506551140037,52.87104298052797,1.2,2,0.12272095680236816,0.1210939884185791,0.0,0100100011111100,-+--+---++++++--,0,True,"[[8.9e-05, 59.61514206], [0.003978, 54.99593595], [0.120839, 54.49376575], [0.12093, 53.86547505], [0.120989, 53.74023949], [0.121043, 53.23732097], [0.121094, 52.87104298]]",18,quantum,2,
precond_pen=1.300,16,-1.639379114627995,52.87104298052797,1.3,2,0.12357687950134277,0.010792970657348633,0.0,1011011100000011,+-++-+++------++,0,True,"[[8.6e-05, 59.61514206], [0.00462, 55.54380362], [0.004785, 53.57607879], [0.010793, 52.87104298]]",18,quantum,2,
precond_pen=1.400,16,-1.5023739015509978,52.87104298052797,1.4,2,0.161909818649292,0.01187586784362793,0.0,1011011100000011,+-++-+++------++,0,True,"[[8.8e-05, 59.61514206], [0.003949, 59.30511311], [0.004078, 53.57607879], [0.011876, 52.87104298]]",18,quantum,2,
precond_pen=1.500,16,-6.755823596998,52.87104298052797,1.5,2,0.017724990844726562,0.004051923751831055,0.0,1011011100000011,+-++-+++------++,0,True,"[[0.000104, 59.61514206], [0.003715, 55.15848727], [0.004052, 52.87104298]]",18,quantum,2,
precond_pen=1.600,16,-7.381436996323,52.87104298052797,1.6,2,0.040785789489746094,0.003946781158447266,0.0,0100100011111100,-+--+---++++++--,0,True,"[[8.7e-05, 59.61514206], [0.003573, 57.2324641], [0.003947, 52.87104298]]",18,quantum,2,
precond_pen=1.700,16,-7.768634912375,52.87104298052797,1.7,2,0.033998966217041016,0.0040280818939208984,0.0,0100100011111100,-+--+---++++++--,0,True,"[[9.1e-05, 59.61514206], [0.003585, 54.31980836], [0.003867, 54.37648059], [0.004028, 52.87104298]]",18,quantum,2,
precond_pen=1.800,16,-7.975679441712998,52.87104298052797,1.8,2,0.030833005905151367,0.004191160202026367,0.0,0100100011111100,-+--+---++++++--,0,True,"[[9.3e-05, 59.61514206], [0.003726, 59.03225757], [0.004024, 56.05993321], [0.004191, 52.87104298]]",18,quantum,2,
precond_pen=1.900,16,-12.820275090742003,52.87104298052797,1.9,2,0.01758289337158203,0.0039348602294921875,0.0,0100100011111100,-+--+---++++++--,0,True,"[[0.000102, 59.61514206], [0.003768, 56.73503599], [0.003935, 52.87104298]]",18,quantum,2,
precond_pen=2.000,16,-8.028340170449,52.87104298052797,2.0,2,0.03582310676574707,0.004025936126708984,0.0,0100100011111100,-+--+---++++++--,0,True,"[[0.000101, 59.61514206], [0.003832, 58.59599985], [0.004026, 52.87104298]]",18,quantum,2,
baseline,16,52.105474173337996,52.105474173337996,,2,0.11176395416259766,0.10741806030273438,0.0,0001110110000111,---+++-++----+++,0,True,"[[8.9e-05, 68.86817334], [0.00346, 67.16571112], [0.003785, 66.89795767], [0.004115, 63.00207325], [0.004315, 53.71935186], [0.107239, 52.64011219], [0.107339, 52.58426783], [0.107418, 52.10547417], [0.111368, 52.10547417]]",19,quantum,2,
precond_pen=1.100,16,-2.1502868303929974,52.105474173337996,1.1,2,0.059661149978637695,0.013227224349975586,0.0,0001110110000111,---+++-++----+++,0,True,"[[9.4e-05, 68.86817334], [0.004281, 66.85086751], [0.004445, 53.71935186], [0.013227, 52.10547417]]",19,quantum,2,
precond_pen=1.200,16,-2.1097984913679966,52.105474173337996,1.2,2,0.06487107276916504,0.0045430660247802734,0.0,0001110110000111,---+++-++----+++,0,True,"[[9e-05, 68.86817334], [0.004351, 62.8066894], [0.004543, 52.10547417]]",19,quantum,2,
precond_pen=1.300,16,-1.763398580666994,52.105474173337996,1.3,2,0.0351259708404541,0.010417938232421875,0.0,0001110110000111,---+++-++----+++,0,True,"[[8.7e-05, 68.86817334], [0.004326, 64.96707639], [0.004522, 53.71935186], [0.010418, 52.10547417]]",19,quantum,2,
precond_pen=1.400,16,-1.655025271827002,52.105474173337996,1.4,2,0.05450010299682617,0.004481077194213867,0.0,0001110110000111,---+++-++----+++,0,True,"[[8.9e-05, 68.86817334], [0.00429, 68.22413689], [0.004481, 52.10547417]]",19,quantum,2,
precond_pen=1.500,16,-8.236108532760998,52.105474173337996,1.5,2,0.014755010604858398,0.004235982894897461,0.0,0001110110000111,---+++-++----+++,0,True,"[[9.2e-05, 68.86817334], [0.003838, 55.83057116], [0.004236, 52.10547417]]",19,quantum,2,
precond_pen=1.600,16,-1.4398807508810005,52.105474173337996,1.6,2,0.04279279708862305,0.003968954086303711,0.0,0001110110000111,---+++-++----+++,0,True,"[[8.9e-05, 68.86817334], [0.003789, 58.0155804], [0.003969, 52.10547417]]",19,quantum,2,
precond_pen=1.700,16,-9.166569296801004,52.105474173337996,1.7,2,0.01500391960144043,0.004643917083740234,0.0,0001110110000111,---+++-++----+++,0,True,"[[8.8e-05, 68.86817334], [0.00396, 62.68600599], [0.004223, 62.33426566], [0.004465, 61.03403612], [0.004644, 52.10547417]]",19,quantum,2,
precond_pen=1.800,16,-15.391452320554997,52.105474173337996,1.8,2,0.016525983810424805,0.004312992095947266,0.0,0001110110000111,---+++-++----+++,0,True,"[[8.5e-05, 68.86817334], [0.003909, 52.58426783], [0.004313, 52.10547417]]",19,quantum,2,
precond_pen=1.900,16,-15.883457833660994,52.105474173337996,1.9,2,0.016239166259765625,0.004251956939697266,0.0,0001110110000111,---+++-++----+++,0,True,"[[8.6e-05, 68.86817334], [0.003495, 67.16571112], [0.003836, 66.89795767], [0.0041, 67.43134358], [0.004252, 52.10547417]]",19,quantum,2,
precond_pen=2.000,16,-16.067652777112002,52.105474173337996,2.0,2,0.017385005950927734,0.004426002502441406,0.0,0001110110000111,---+++-++----+++,0,True,"[[9.5e-05, 68.86817334], [0.004055, 52.58426783], [0.004426, 52.10547417]]",19,quantum,2,
baseline,16,48.848816103204996,48.848816103205024,,2,0.07452082633972168,0.003847837448120117,0.0,1110000111011000,+++----+++-++---,0,True,"[[8.7e-05, 62.54334804], [0.003681, 58.8871088], [0.003848, 48.8488161]]",20,quantum,2,
precond_pen=1.100,16,-1.7585999076639984,48.848816103205024,1.1,2,0.08301496505737305,0.07289385795593262,0.0,1110000111011000,+++----+++-++---,0,True,"[[8.8e-05, 62.54334804], [0.003892, 54.87975136], [0.004098, 49.58158333], [0.072894, 48.8488161]]",20,quantum,2,
precond_pen=1.200,16,-1.6043029211850026,48.848816103205024,1.2,2,0.12007403373718262,0.11221003532409668,0.0,1110000111011000,+++----+++-++---,0,True,"[[9.2e-05, 62.54334804], [0.003905, 55.3674376], [0.004089, 49.58158333], [0.11221, 48.8488161]]",20,quantum,2,
precond_pen=1.300,16,-1.484708800823002,48.848816103205024,1.3,2,0.13685989379882812,0.010661840438842773,0.0,0001111000100111,---++++---+--+++,0,True,"[[0.000133, 62.54334804], [0.004459, 58.91635386], [0.004665, 49.58158333], [0.010662, 48.8488161]]",20,quantum,2,
precond_pen=1.400,16,-1.4666072040369968,48.848816103205024,1.4,2,0.11281681060791016,0.007874011993408203,0.0,0001111000100111,---++++---+--+++,0,True,"[[9.3e-05, 62.54334804], [0.003741, 58.91635386], [0.0039, 49.58158333], [0.007874, 48.8488161]]",20,quantum,2,
precond_pen=1.500,16,-1.310778581395005,48.848816103205024,1.5,2,0.16988801956176758,0.011409997940063477,0.0,1110000111011000,+++----+++-++---,0,True,"[[0.000146, 62.54334804], [0.003921, 58.32317389], [0.004127, 56.33002671], [0.004262, 49.58158333], [0.01141, 48.8488161]]",20,quantum,2,
precond_pen=1.600,16,-1.2983121558520017,48.848816103205024,1.6,2,0.1604170799255371,0.008233070373535156,0.0,1110000111011000,+++----+++-++---,0,True,"[[0.000133, 62.54334804], [0.004038, 56.33002671], [0.004218, 49.58158333], [0.008233, 48.8488161]]",20,quantum,2,
precond_pen=1.700,16,-6.498387207114998,48.848816103205024,1.7,2,0.046562910079956055,0.021708965301513672,0.0,0001111000100111,---++++---+--+++,0,True,"[[0.00013, 62.54334804], [0.004334, 51.69309328], [0.004815, 49.58158333], [0.021709, 48.8488161]]",20,quantum,2,
precond_pen=1.800,16,-2.5333826548650045,48.848816103205024,1.8,2,0.03672003746032715,0.035920143127441406,0.0,1110000111011000,+++----+++-++---,0,True,"[[8.7e-05, 62.54334804], [0.003399, 61.6088941], [0.003713, 59.77392645], [0.004085, 52.11521755], [0.004246, 49.58158333], [0.03592, 48.8488161]]",20,quantum,2,
precond_pen=1.900,16,-2.4571793200110026,48.848816103205024,1.9,2,0.03841209411621094,0.03740406036376953,0.0,1110000111011000,+++----+++-++---,0,True,"[[8.7e-05, 62.54334804], [0.003675, 57.56487425], [0.00389, 55.47909835], [0.004087, 53.98666864], [0.004238, 49.58158333], [0.037404, 48.8488161]]",20,quantum,2,
precond_pen=2.000,16,-12.307120079561997,48.848816103205024,2.0,2,0.019497156143188477,0.004528999328613281,0.0,1110000111011000,+++----+++-++---,0,True,"[[0.00013, 62.54334804], [0.004282, 55.47909835], [0.004529, 48.8488161]]",20,quantum,2,
baseline,16,53.346939705590025,53.346939705589996,,2,0.1292591094970703,0.10747098922729492,0.0,1000001101110011,+-----++-+++--++,0,True,"[[8.5e-05, 60.32874964], [0.003335, 59.92999146], [0.003551, 59.92685198], [0.003788, 54.06815409], [0.021129, 53.41995908], [0.107471, 53.34693971], [0.128822, 53.34693971]]",21,quantum,2,
precond_pen=1.100,16,-1.7685775892589977,53.346939705589996,1.1,2,0.11152195930480957,0.004588127136230469,0.0,1000001101110011,+-----++-+++--++,0,True,"[[8.9e-05, 60.32874964], [0.004415, 56.21408408], [0.004588, 53.34693971]]",21,quantum,2,
precond_pen=1.200,16,-1.6053887835580003,53.346939705589996,1.2,2,0.1652829647064209,0.0039598941802978516,0.0,1000001101110011,+-----++-+++--++,0,True,"[[9.1e-05, 60.32874964], [0.00396, 53.34693971]]",21,quantum,2,
precond_pen=1.300,16,-1.5816694151550044,53.346939705589996,1.3,2,0.11449289321899414,0.11294794082641602,0.0,0111110010001100,-+++++--+---++--,0,True,"[[9.1e-05, 60.32874964], [0.003945, 57.40255283], [0.004149, 53.41995908], [0.112948, 53.34693971]]",21,quantum,2,
precond_pen=1.400,16,-1.3941127296560012,53.346939705589996,1.4,2,0.17878413200378418,0.13851404190063477,0.0,1000001101110011,+-----++-+++--++,0,True,"[[9.1e-05, 60.32874964], [0.003893, 58.90609106], [0.004081, 58.29693326], [0.004192, 53.41995908], [0.138514, 53.34693971]]",21,quantum,2,
precond_pen=1.500,16,-4.89804076029,53.661118306246,1.5,2,0.03537487983703613,0.0040018558502197266,0.0,0000010111110011,-----+-+++++--++,0,True,"[[8.8e-05, 60.32874964], [0.003803, 56.26263048], [0.004002, 53.66111831]]",21,quantum,2,
precond_pen=1.600,16,-1.245629362981001,53.346939705589996,1.6,2,0.20276618003845215,0.20127010345458984,0.0,1000001101110011,+-----++-+++--++,0,True,"[[0.000145, 60.32874964], [0.00374, 56.15309461], [0.0039, 53.41995908], [0.20127, 53.34693971], [0.202366, 53.34693971]]",21,quantum,2,
precond_pen=1.700,16,-1.1796454660670008,53.346939705589996,1.7,2,0.16216015815734863,0.16124510765075684,0.0,0111110010001100,-+++++--+---++--,0,True,"[[0.000131, 60.32874964], [0.004478, 56.60613708], [0.004688, 53.41995908], [0.161245, 53.34693971], [0.161566, 53.34693971]]",21,quantum,2,
precond_pen=1.800,16,-9.877030200377,53.94750291995802,1.8,2,0.03280186653137207,0.0043909549713134766,0.0,1100011001100101,++---++--++--+-+,0,True,"[[9.1e-05, 60.32874964], [0.003624, 56.22321628], [0.004005, 55.52069972], [0.004391, 53.58488545], [0.004566, 53.66111831], [0.013362, 53.94750292]]",21,quantum,2,
precond_pen=1.900,16,-6.029714819163997,53.94750291995802,1.9,2,0.04202985763549805,0.0039370059967041016,0.0,1100011001100101,++---++--++--+-+,0,True,"[[8.8e-05, 60.32874964], [0.003475, 56.80319248], [0.003714, 55.52069972], [0.003937, 53.66111831], [0.012318, 53.94750292]]",21,quantum,2,
precond_pen=2.000,16,-10.208540941492995,53.94750291995802,2.0,2,0.033518075942993164,0.003880023956298828,0.0,0011100110011010,--+++--++--++-+-,0,True,"[[9.7e-05, 60.32874964], [0.003595, 57.26763202], [0.00388, 53.58488545], [0.004087, 53.66111831], [0.028416, 53.94750292], [0.033231, 53.94750292]]",21,quantum,2,
baseline,16,55.63589205206201,55.635892052061976,,2,0.07652401924133301,0.0032019615173339844,0.0,1110000110110100,+++----++-++-+--,0,True,"[[9.7e-05, 65.01239624], [0.002839, 65.00804539], [0.003002, 65.00343887], [0.003202, 55.63589205]]",22,quantum,2,
precond_pen=1.100,16,-1.9340712866600027,55.635892052061976,1.1,2,0.037249088287353516,0.0039751529693603516,0.0,0001111001001011,---++++--+--+-++,0,True,"[[0.000115, 65.01239624], [0.003829, 60.65760745], [0.003975, 55.63589205]]",22,quantum,2,
precond_pen=1.200,16,-1.749889794062999,55.635892052061976,1.2,2,0.08557391166687012,0.06429505348205566,0.0,1110000110110100,+++----++-++-+--,0,True,"[[0.000102, 65.01239624], [0.003751, 63.39989388], [0.003902, 58.13303639], [0.064295, 55.63589205]]",22,quantum,2,
precond_pen=1.300,16,-1.6088796855850038,55.635892052061976,1.3,2,0.1062779426574707,0.0808560848236084,0.0,0001111001001011,---++++--+--+-++,0,True,"[[9.1e-05, 65.01239624], [0.00426, 64.68044646], [0.004493, 63.75987392], [0.004627, 58.13303639], [0.080856, 55.63589205]]",22,quantum,2,
precond_pen=1.400,16,-1.4972131735739929,55.635892052061976,1.4,2,0.17802000045776367,0.009463071823120117,0.0,0001111001001011,---++++--+--+-++,0,True,"[[9e-05, 65.01239624], [0.003654, 63.75987392], [0.003785, 58.13303639], [0.009463, 55.63589205]]",22,quantum,2,
precond_pen=1.500,16,-1.406447128242001,55.635892052061976,1.5,2,0.24376606941223145,0.009951114654541016,0.0,0001111001001011,---++++--+--+-++,0,True,"[[0.000257, 65.01239624], [0.009622, 63.78849256], [0.009951, 55.63589205]]",22,quantum,2,
precond_pen=1.600,16,-1.3922046348879986,55.635892052061976,1.6,2,0.17014408111572266,0.02099895477294922,0.0,0001111001001011,---++++--+--+-++,0,True,"[[0.000697, 65.01239624], [0.018251, 64.5498195], [0.02005, 60.20274063], [0.020999, 55.63589205]]",22,quantum,2,
precond_pen=1.700,16,-7.123925960192998,55.635892052061976,1.7,2,0.024616003036499023,0.00949716567993164,0.0,0001111001001011,---++++--+--+-++,0,True,"[[0.000218, 65.01239624], [0.008409, 65.71965648], [0.009181, 62.5908958], [0.009497, 55.63589205]]",22,quantum,2,
precond_pen=1.800,16,-2.7399969494909993,55.635892052061976,1.8,2,0.026971817016601562,0.009852886199951172,0.0,0001111001001011,---++++--+--+-++,0,True,"[[0.000203, 65.01239624], [0.009513, 61.57159208], [0.009853, 55.63589205]]",22,quantum,2,
precond_pen=1.900,16,-13.56341142570701,55.635892052061976,1.9,2,0.02746105194091797,0.015957117080688477,0.0,0001111001001011,---++++--+--+-++,0,True,"[[0.000155, 65.01239624], [0.00717, 62.92563447], [0.00772, 58.13303639], [0.015957, 55.63589205]]",22,quantum,2,
precond_pen=2.000,16,-13.530493253527002,55.635892052061976,2.0,2,0.032833099365234375,0.008399009704589844,0.0,0001111001001011,---++++--+--+-++,0,True,"[[0.000154, 65.01239624], [0.007584, 62.36331203], [0.008169, 62.5908958], [0.008399, 55.63589205]]",22,quantum,2,
baseline,16,53.58429874295398,53.58429874295398,,2,0.1503429412841797,0.006844043731689453,0.0,1100001001101101,++----+--++-++-+,0,True,"[[0.000131, 62.43540209], [0.005957, 61.47328807], [0.006298, 60.63664049], [0.006654, 60.12218803], [0.006844, 53.58429874]]",23,quantum,2,
precond_pen=1.100,16,-2.0131608007909954,53.58429874295398,1.1,2,0.06266498565673828,0.008137941360473633,0.0,0011110110010010,--++++-++--+--+-,0,True,"[[0.000135, 62.43540209], [0.007794, 57.93256306], [0.008138, 53.58429874]]",23,quantum,2,
precond_pen=1.200,16,-1.8363775473489987,53.58429874295398,1.2,2,0.04942202568054199,0.007274150848388672,0.0,0011110110010010,--++++-++--+--+-,0,True,"[[0.000152, 62.43540209], [0.006995, 62.04931159], [0.007274, 53.58429874]]",23,quantum,2,
precond_pen=1.300,16,-1.6644387197479977,53.58429874295398,1.3,2,0.0545041561126709,0.00661015510559082,0.0,0011110110010010,--++++-++--+--+-,0,True,"[[0.000163, 62.43540209], [0.006406, 59.54577531], [0.00661, 53.58429874]]",23,quantum,2,
precond_pen=1.400,16,-7.130831243904004,53.58429874295398,1.4,2,0.03617405891418457,0.008496999740600586,0.0,1100001001101101,++----+--++-++-+,0,True,"[[0.000161, 62.43540209], [0.008036, 62.01196464], [0.008497, 53.58429874]]",23,quantum,2,
precond_pen=1.500,16,-7.870874504244995,53.58429874295398,1.5,2,0.043502092361450195,0.007650136947631836,0.0,1100001001101101,++----+--++-++-+,0,True,"[[0.000155, 62.43540209], [0.007067, 58.96353218], [0.00765, 53.58429874]]",23,quantum,2,
precond_pen=1.600,16,-8.313262661777003,53.58429874295398,1.6,2,0.026564836502075195,0.006937980651855469,0.0,0011110110010010,--++++-++--+--+-,0,True,"[[0.000134, 62.43540209], [0.006285, 60.19670319], [0.006625, 59.59122219], [0.006938, 53.58429874]]",23,quantum,2,
precond_pen=1.700,16,-4.903755404693003,53.58429874295398,1.7,2,0.02108907699584961,0.006283998489379883,0.0,0011110110010010,--++++-++--+--+-,0,True,"[[0.000126, 62.43540209], [0.00573, 60.00732408], [0.006013, 59.59122219], [0.006284, 53.58429874]]",23,quantum,2,
precond_pen=1.800,16,-8.613202968045002,53.58429874295398,1.8,2,0.01923203468322754,0.007264137268066406,0.0,0011110110010010,--++++-++--+--+-,0,True,"[[0.000145, 62.43540209], [0.006312, 59.35912275], [0.006882, 60.65367755], [0.007264, 53.58429874]]",23,quantum,2,
precond_pen=1.900,16,-15.548029338907,53.58429874295398,1.9,2,0.031868934631347656,0.007997989654541016,0.0,1100001001101101,++----+--++-++-+,0,True,"[[0.000165, 62.43540209], [0.007304, 57.8695288], [0.007998, 53.58429874]]",23,quantum,2,
precond_pen=2.000,16,-15.419116013621,53.58429874295398,2.0,2,0.01766204833984375,0.008030176162719727,0.0,1100001001101101,++----+--++-++-+,0,True,"[[0.000176, 62.43540209], [0.006603, 62.14147973], [0.007161, 59.59122219], [0.007806, 56.96614899], [0.00803, 53.58429874]]",23,quantum,2,
baseline,16,54.71327719824801,54.71327719824798,,2,0.17706990242004395,0.05140280723571777,0.0,0001001011110011,---+--+-++++--++,0,True,"[[0.000146, 63.06341451], [0.00652, 55.06980781], [0.051403, 54.7132772]]",24,quantum,2,
precond_pen=1.100,16,-1.6225968078579998,54.71327719824798,1.1,2,0.16867280006408691,0.1264808177947998,0.0,1110110100001100,+++-++-+----++--,0,True,"[[0.000156, 63.06341451], [0.007692, 58.63651915], [0.008079, 55.06980781], [0.085585, 54.73356801], [0.126481, 54.7132772], [0.16786, 54.7132772]]",24,quantum,2,
precond_pen=1.200,16,-1.479931976159004,54.71327719824798,1.2,2,0.29044008255004883,0.18477702140808105,0.0,0001001011110011,---+--+-++++--++,0,True,"[[0.00016, 63.06341451], [0.007811, 62.09061277], [0.008102, 54.73356801], [0.184777, 54.7132772]]",24,quantum,2,
precond_pen=1.300,16,-1.384595587538998,54.71327719824798,1.3,2,0.7790179252624512,0.6044681072235107,0.0,0001001011110011,---+--+-++++--++,0,True,"[[0.000714, 63.06341451], [0.023782, 60.77557194], [0.025621, 55.06980781], [0.604468, 54.7132772]]",24,quantum,2,
precond_pen=1.400,16,-5.9788609083730035,54.73356801480401,1.4,2,0.1270449161529541,0.03635978698730469,0.0,1100101000101101,++--+-+---+-++-+,0,True,"[[0.000191, 63.06341451], [0.008694, 59.55594769], [0.009851, 58.00167176], [0.010867, 56.80062435], [0.011253, 54.99139376], [0.03636, 54.73356801]]",24,quantum,2,
precond_pen=1.500,16,-6.365079322054002,54.73356801480401,1.5,2,0.1006460189819336,0.05049395561218262,0.0,1100101000101101,++--+-+---+-++-+,0,True,"[[0.000164, 63.06341451], [0.00784, 59.00784326], [0.008487, 58.54607942], [0.008923, 58.00167176], [0.009166, 54.99139376], [0.050494, 54.73356801]]",24,quantum,2,
precond_pen=1.600,16,-4.607899318511998,54.73356801480401,1.6,2,0.12802696228027344,0.028668880462646484,0.0,0011010111010010,--++-+-+++-+--+-,0,True,"[[0.000163, 63.06341451], [0.008456, 60.14410306], [0.009428, 57.58592611], [0.009805, 55.06980781], [0.028669, 54.73356801]]",24,quantum,2,
precond_pen=1.700,16,-7.045985830453999,54.73356801480401,1.7,2,0.05590105056762695,0.035696983337402344,0.0,0011010111010010,--++-+-+++-+--+-,0,True,"[[0.000168, 63.06341451], [0.007603, 55.93058443], [0.008637, 55.9014554], [0.009048, 55.06980781], [0.016766, 54.99139376], [0.035697, 54.7132772], [0.047596, 54.73356801]]",24,quantum,2,
precond_pen=1.800,16,-7.229431702350004,54.71327719824798,1.8,2,0.0471651554107666,0.037278175354003906,0.0,1110110100001100,+++-++-+----++--,0,True,"[[0.000136, 63.06341451], [0.007496, 58.54607942], [0.00793, 55.06980781], [0.036255, 55.25683866], [0.037278, 54.7132772]]",24,quantum,2,
precond_pen=1.900,16,-10.539096416366002,54.71327719824798,1.9,2,0.0741739273071289,0.015545129776000977,0.0,0001001011110011,---+--+-++++--++,0,True,"[[0.000182, 63.06341451], [0.008274, 56.60422628], [0.008845, 54.73356801], [0.015545, 54.7132772]]",24,quantum,2,
precond_pen=2.000,16,-10.459374105703006,54.71327719824798,2.0,2,0.06630396842956543,0.014388084411621094,0.0,0001001011110011,---+--+-++++--++,0,True,"[[0.000151, 63.06341451], [0.007526, 56.60422628], [0.00802, 54.73356801], [0.014388, 54.7132772]]",24,quantum,2,
baseline,16,50.73561711458202,50.73561711458199,,2,0.11204910278320312,0.0823671817779541,0.0,0001111011100010,---++++-+++---+-,0,True,"[[0.00017, 55.47990272], [0.007612, 51.67108166], [0.082367, 50.73561711], [0.110676, 50.73561711]]",25,quantum,2,
precond_pen=1.100,16,-1.7581373124139992,50.73561711458199,1.1,2,0.11464500427246094,0.11093592643737793,0.0,0001111011100010,---++++-+++---+-,0,True,"[[0.000149, 55.47990272], [0.00817, 51.67108166], [0.110537, 50.78316752], [0.110936, 50.73561711]]",25,quantum,2,
precond_pen=1.200,16,-1.5990675067099964,50.73561711458199,1.2,2,0.12988710403442383,0.11031699180603027,0.0,0001111011100010,---++++-+++---+-,0,True,"[[0.000152, 55.47990272], [0.007037, 51.67108166], [0.109162, 51.33878801], [0.110317, 50.73561711]]",25,quantum,2,
precond_pen=1.300,16,-1.5755798536460013,50.73561711458199,1.3,2,0.14116597175598145,0.11687493324279785,0.0,0001111011100010,---++++-+++---+-,0,True,"[[0.000172, 55.47990272], [0.007695, 51.67108166], [0.116458, 50.78316752], [0.116875, 50.73561711]]",25,quantum,2,
precond_pen=1.400,16,-1.3797589207710024,50.73561711458199,1.4,2,0.15196013450622559,0.11563706398010254,0.0,1110000100011101,+++----+---+++-+,0,True,"[[0.00017, 55.47990272], [0.006675, 51.67108166], [0.115277, 51.33878801], [0.115637, 50.73561711]]",25,quantum,2,
precond_pen=1.500,16,-5.532687342383997,51.85087399193002,1.5,2,0.03325390815734863,0.0067789554595947266,0.0,1000000110011111,+------++--+++++,0,True,"[[0.000165, 55.47990272], [0.00632, 54.21041133], [0.006779, 51.85087399]]",25,quantum,2,
precond_pen=1.600,16,-5.953841066513998,51.85087399193002,1.6,2,0.039031982421875,0.00737309455871582,0.0,1000000110011111,+------++--+++++,0,True,"[[0.000159, 55.47990272], [0.006913, 51.9399563], [0.007373, 51.85087399]]",25,quantum,2,
precond_pen=1.700,16,-1.0373765544290006,50.73561711458199,1.7,2,0.18987107276916504,0.1361689567565918,0.0,0001111011100010,---++++-+++---+-,0,True,"[[0.000154, 55.47990272], [0.007057, 51.67108166], [0.094387, 51.33878801], [0.094867, 51.18486693], [0.121113, 50.78316752], [0.136169, 50.73561711]]",25,quantum,2,
precond_pen=1.800,16,-11.609017093349,51.85087399193002,1.8,2,0.03394794464111328,0.014050006866455078,0.0,1000000110011111,+------++--+++++,0,True,"[[0.000161, 55.47990272], [0.007238, 51.90135872], [0.01405, 51.85087399]]",25,quantum,2,
precond_pen=1.900,16,-6.393501500630002,51.85087399193002,1.9,2,0.04474902153015137,0.007244110107421875,0.0,1000000110011111,+------++--+++++,0,True,"[[0.000167, 55.47990272], [0.006709, 51.89643815], [0.007244, 51.85087399]]",25,quantum,2,
precond_pen=2.000,16,-11.723339456397994,51.85087399193002,2.0,2,0.04583287239074707,0.007729768753051758,0.0,1000000110011111,+------++--+++++,0,True,"[[0.000178, 55.47990272], [0.007215, 54.36968621], [0.00773, 51.85087399]]",25,quantum,2,
baseline,16,51.07438107428298,51.07438107428301,,2,0.14665889739990234,0.0069239139556884766,0.0,0011000101001111,--++---+-+--++++,0,True,"[[0.000174, 65.83376564], [0.006573, 62.71590739], [0.006924, 51.07438107]]",26,quantum,2,
precond_pen=1.100,16,-16.022272486095005,51.07438107428301,1.1,2,0.015655994415283203,0.006867885589599609,0.0,0011000101001111,--++---+-+--++++,0,True,"[[0.000185, 65.83376564], [0.00611, 57.81446832], [0.006622, 53.86821488], [0.006868, 51.07438107]]",26,quantum,2,
precond_pen=1.200,16,-1.9228684641029972,51.07438107428301,1.2,2,0.042179107666015625,0.007589101791381836,0.0,0011000101001111,--++---+-+--++++,0,True,"[[0.000161, 65.83376564], [0.006861, 64.87268154], [0.007328, 62.09743386], [0.007589, 51.07438107]]",26,quantum,2,
precond_pen=1.300,16,-13.769045385923999,51.07438107428301,1.3,2,0.020556926727294922,0.007112979888916016,0.0,0011000101001111,--++---+-+--++++,0,True,"[[0.000162, 65.83376564], [0.006447, 60.32183285], [0.006941, 57.86787853], [0.007113, 51.07438107]]",26,quantum,2,
precond_pen=1.400,16,-12.259881615528005,51.07438107428301,1.4,2,0.030421018600463867,0.0074040889739990234,0.0,0011000101001111,--++---+-+--++++,0,True,"[[0.000138, 65.83376564], [0.006785, 52.74481027], [0.007256, 53.78005248], [0.007404, 51.07438107]]",26,quantum,2,
precond_pen=1.500,16,-1.5442674953869968,51.07438107428301,1.5,2,0.05971407890319824,0.007055044174194336,0.0,0011000101001111,--++---+-+--++++,0,True,"[[0.000214, 65.83376564], [0.006773, 57.86787853], [0.007055, 51.07438107]]",26,quantum,2,
precond_pen=1.600,16,-1.5177408342700014,51.07438107428301,1.6,2,0.07411313056945801,0.007149219512939453,0.0,0011000101001111,--++---+-+--++++,0,True,"[[0.000199, 65.83376564], [0.006304, 63.67047699], [0.006755, 63.44803775], [0.006968, 56.8078579], [0.007149, 51.07438107]]",26,quantum,2,
precond_pen=1.700,16,-9.884577792072001,51.07438107428301,1.7,2,0.0280759334564209,0.008194923400878906,0.0,0011000101001111,--++---+-+--++++,0,True,"[[0.000157, 65.83376564], [0.006801, 59.82762105], [0.007289, 60.70475234], [0.007902, 57.13832692], [0.008195, 51.07438107]]",26,quantum,2,
precond_pen=1.800,16,-10.012790776901998,51.07438107428301,1.8,2,0.020309925079345703,0.007776975631713867,0.0,1100111010110000,++--+++-+-++----,0,True,"[[0.000159, 65.83376564], [0.007348, 52.20116893], [0.007777, 51.07438107]]",26,quantum,2,
precond_pen=1.900,16,-9.994931971781002,51.07438107428301,1.9,2,0.02057814598083496,0.008296966552734375,0.0,1100111010110000,++--+++-+-++----,0,True,"[[0.00024, 65.83376564], [0.007726, 54.86922274], [0.008297, 51.07438107]]",26,quantum,2,
precond_pen=2.000,16,-10.918782820227001,51.07438107428301,2.0,2,0.019557952880859375,0.008231878280639648,0.0,0011000101001111,--++---+-+--++++,0,True,"[[0.000159, 65.83376564], [0.007459, 56.65578576], [0.007989, 53.86821488], [0.008232, 51.07438107]]",26,quantum,2,
baseline,16,55.47288216266205,55.472882162661975,,2,0.1154780387878418,0.007024049758911133,0.0,1101011000101010,++-+-++---+-+-+-,0,True,"[[0.000162, 68.31728327], [0.006127, 66.70996593], [0.006459, 66.00453342], [0.006834, 65.18138276], [0.007024, 55.47288216]]",27,quantum,2,
precond_pen=1.100,16,-1.8963629034489982,55.472882162661975,1.1,2,0.10748410224914551,0.016932010650634766,0.0,0010100111010101,--+-+--+++-+-+-+,0,True,"[[0.000153, 68.31728327], [0.007489, 58.61392935], [0.007907, 56.40239844], [0.016932, 55.47288216]]",27,quantum,2,
precond_pen=1.200,16,-1.7121157461360044,55.472882162661975,1.2,2,0.10993313789367676,0.02761697769165039,0.0,0010100111010101,--+-+--+++-+-+-+,0,True,"[[0.000218, 68.31728327], [0.00725, 62.73679572], [0.007559, 56.40239844], [0.027617, 55.47288216]]",27,quantum,2,
precond_pen=1.300,16,-1.572440690347002,55.472882162661975,1.3,2,0.12353396415710449,0.006665945053100586,0.0,0010100111010101,--+-+--+++-+-+-+,0,True,"[[0.000131, 68.31728327], [0.006422, 58.04079607], [0.006666, 55.47288216]]",27,quantum,2,
precond_pen=1.400,16,-1.4736025575030052,55.472882162661975,1.4,2,0.16222882270812988,0.008342981338500977,0.0,0010100111010101,--+-+--+++-+-+-+,0,True,"[[0.000181, 68.31728327], [0.007993, 67.92940943], [0.008343, 55.47288216]]",27,quantum,2,
precond_pen=1.500,16,-1.4475573017909946,55.472882162661975,1.5,2,0.16289520263671875,0.024062156677246094,0.0,1101011000101010,++-+-++---+-+-+-,0,True,"[[0.000146, 68.31728327], [0.006563, 65.85389218], [0.006795, 56.40239844], [0.024062, 55.47288216]]",27,quantum,2,
precond_pen=1.600,16,-1.3100897896249952,55.472882162661975,1.6,2,0.19567584991455078,0.10803985595703125,0.0,0010100111010101,--+-+--+++-+-+-+,0,True,"[[0.000162, 68.31728327], [0.006799, 56.70410175], [0.007037, 55.85735124], [0.10804, 55.47288216]]",27,quantum,2,
precond_pen=1.700,16,-1.2908602097600044,55.472882162661975,1.7,2,0.2183060646057129,0.023082971572875977,0.0,1101011000101010,++-+-++---+-+-+-,0,True,"[[0.000139, 68.31728327], [0.007557, 56.70410175], [0.007924, 55.85735124], [0.023083, 55.47288216]]",27,quantum,2,
precond_pen=1.800,16,-6.6888125670269964,55.857351243674,1.8,2,0.04538583755493164,0.00819087028503418,0.0,0101010111010001,-+-+-+-+++-+---+,0,True,"[[0.000217, 68.31728327], [0.007681, 60.17640033], [0.008191, 55.85735124]]",27,quantum,2,
precond_pen=1.900,16,-12.838648310257,56.214466712608,1.9,2,0.022753000259399414,0.00743412971496582,0.0,1110011000101010,+++--++---+-+-+-,0,True,"[[0.000168, 68.31728327], [0.00695, 61.85680242], [0.007434, 55.85735124], [0.019606, 56.21446671], [0.021974, 56.21446671]]",27,quantum,2,
precond_pen=2.000,16,-13.019905203535,56.214466712608,2.0,2,0.041023969650268555,0.007441997528076172,0.0,1110011000101010,+++--++---+-+-+-,0,True,"[[0.000151, 68.31728327], [0.00704, 57.78669918], [0.007442, 55.85735124], [0.013854, 56.21446671]]",27,quantum,2,
baseline,16,59.10192928332397,59.10192928332398,,2,0.13065505027770996,0.0070569515228271484,0.0,0000111101010110,----++++-+-+-++-,0,True,"[[0.000219, 72.09207676], [0.006718, 70.04628981], [0.007057, 59.10192928]]",28,quantum,2,
precond_pen=1.100,16,-2.118096123754998,59.10192928332398,1.1,2,0.04328489303588867,0.007802009582519531,0.0,1111000010101001,++++----+-+-+--+,0,True,"[[0.000161, 72.09207676], [0.007553, 70.72025398], [0.007802, 59.10192928]]",28,quantum,2,
precond_pen=1.200,16,-1.8978497457930006,59.10192928332398,1.2,2,0.051069021224975586,0.008093118667602539,0.0,1111000010101001,++++----+-+-+--+,0,True,"[[0.000169, 72.09207676], [0.007588, 70.89990602], [0.007887, 70.72025398], [0.008093, 59.10192928]]",28,quantum,2,
precond_pen=1.300,16,-1.7322138400049987,59.10192928332398,1.3,2,0.04838299751281738,0.007520914077758789,0.0,1111000010101001,++++----+-+-+--+,0,True,"[[0.000222, 72.09207676], [0.007224, 71.47915574], [0.007521, 59.10192928]]",28,quantum,2,
precond_pen=1.400,16,-1.6027706697929984,59.10192928332398,1.4,2,0.051548004150390625,0.013839006423950195,0.0,1111000010101001,++++----+-+-+--+,0,True,"[[0.000199, 72.09207676], [0.007387, 68.71056063], [0.007819, 61.63492201], [0.013839, 59.10192928]]",28,quantum,2,
precond_pen=1.500,16,-1.583326130679998,59.10192928332398,1.5,2,0.05621504783630371,0.015250921249389648,0.0,1111000010101001,++++----+-+-+--+,0,True,"[[0.000218, 72.09207676], [0.007703, 66.2859944], [0.008035, 61.63492201], [0.015251, 59.10192928]]",28,quantum,2,
precond_pen=1.600,16,-6.812826723470996,59.78197898878,1.6,2,0.022155046463012695,0.007979154586791992,0.0,1110000010101101,+++-----+-+-++-+,0,True,"[[0.000206, 72.09207676], [0.007175, 71.24748711], [0.007565, 70.45092944], [0.007829, 73.18279936], [0.007979, 59.78197899]]",28,quantum,2,
precond_pen=1.700,16,-7.219238024356001,59.78197898878,1.7,2,0.021661996841430664,0.007087230682373047,0.0,1110000010101101,+++-----+-+-++-+,0,True,"[[0.000195, 72.09207676], [0.006364, 65.24232587], [0.006799, 62.79783679], [0.007087, 59.78197899]]",28,quantum,2,
precond_pen=1.800,16,-2.6454855436859965,59.78197898878,1.8,2,0.06529402732849121,0.007075071334838867,0.0,1110000010101101,+++-----+-+-++-+,0,True,"[[0.000205, 72.09207676], [0.006309, 68.85953807], [0.006682, 67.50746675], [0.006905, 66.37070017], [0.007075, 59.78197899]]",28,quantum,2,
precond_pen=1.900,16,-7.553528052068999,59.78197898878,1.9,2,0.03219294548034668,0.008443117141723633,0.0,1110000010101101,+++-----+-+-++-+,0,True,"[[0.000228, 72.09207676], [0.00726, 74.20534396], [0.007881, 71.78370783], [0.008218, 71.26695987], [0.008443, 59.78197899]]",28,quantum,2,
precond_pen=2.000,16,-13.596732896499999,59.78197898878,2.0,2,0.04307389259338379,0.00875091552734375,0.0,0001111101010010,---+++++-+-+--+-,0,True,"[[0.000215, 72.09207676], [0.008155, 63.43746319], [0.008751, 59.78197899]]",28,quantum,2,
baseline,16,51.01969925600298,51.019699256003015,,2,0.13186383247375488,0.007428884506225586,0.0,0101111110000010,-+-++++++-----+-,0,True,"[[0.000225, 60.01319887], [0.006836, 59.47277317], [0.007212, 59.28158748], [0.007429, 51.01969926]]",29,quantum,2,
precond_pen=1.100,16,-1.949504233288998,51.019699256003015,1.1,2,0.13115501403808594,0.016460180282592773,0.0,1010000001111101,+-+------+++++-+,0,True,"[[0.000236, 60.01319887], [0.007654, 58.2504892], [0.008049, 53.00953685], [0.01646, 51.01969926]]",29,quantum,2,
precond_pen=1.200,16,-1.7622661796470016,51.019699256003015,1.2,2,0.13419699668884277,0.014030933380126953,0.0,0101111110000010,-+-++++++-----+-,0,True,"[[0.000208, 60.01319887], [0.007346, 59.23142512], [0.007608, 53.00953685], [0.014031, 51.01969926]]",29,quantum,2,
precond_pen=1.300,16,-1.6192278968030038,51.019699256003015,1.3,2,0.12475204467773438,0.014119148254394531,0.0,0101111110000010,-+-++++++-----+-,0,True,"[[0.000173, 60.01319887], [0.006894, 58.77575302], [0.007125, 53.00953685], [0.014119, 51.01969926]]",29,quantum,2,
precond_pen=1.400,16,-1.598122712776001,51.019699256003015,1.4,2,0.16621613502502441,0.01300191879272461,0.0,0101111110000010,-+-++++++-----+-,0,True,"[[0.000156, 60.01319887], [0.006452, 57.77342225], [0.006703, 53.20751646], [0.013002, 51.01969926]]",29,quantum,2,
precond_pen=1.500,16,-1.414341043693998,51.019699256003015,1.5,2,0.16823291778564453,0.007803916931152344,0.0,0101111110000010,-+-++++++-----+-,0,True,"[[0.000224, 60.01319887], [0.006928, 59.11120367], [0.007508, 56.15425707], [0.007804, 51.01969926]]",29,quantum,2,
precond_pen=1.600,16,-1.3382338983710014,51.019699256003015,1.6,2,0.1800689697265625,0.015885114669799805,0.0,0101111110000010,-+-++++++-----+-,0,True,"[[0.000194, 60.01319887], [0.007508, 58.77575302], [0.007815, 53.00953685], [0.015885, 51.01969926]]",29,quantum,2,
precond_pen=1.700,16,-6.821829614936001,51.019699256003015,1.7,2,0.022166013717651367,0.007360219955444336,0.0,0101111110000010,-+-++++++-----+-,0,True,"[[0.000153, 60.01319887], [0.00736, 51.01969926]]",29,quantum,2,
precond_pen=1.800,16,-2.704288923373004,51.019699256003015,1.8,2,0.02747797966003418,0.007018089294433594,0.0,0101111110000010,-+-++++++-----+-,0,True,"[[0.000222, 60.01319887], [0.007018, 51.01969926]]",29,quantum,2,
precond_pen=1.900,16,-2.6733759787990037,51.019699256003015,1.9,2,0.027704954147338867,0.008577108383178711,0.0,0101111110000010,-+-++++++-----+-,0,True,"[[0.000235, 60.01319887], [0.007641, 56.36185671], [0.00823, 56.15425707], [0.008577, 51.01969926]]",29,quantum,2,
precond_pen=2.000,16,-12.654821704656996,51.019699256003015,2.0,2,0.02182292938232422,0.007925033569335938,0.0,1010000001111101,+-+------+++++-+,0,True,"[[0.000235, 60.01319887], [0.007402, 56.03558173], [0.007925, 51.01969926]]",29,quantum,2,
baseline,16,54.90713725593096,54.907137255931005,,2,0.087554931640625,0.006707906723022461,0.0,0101100010100111,-+-++---+-+--+++,0,True,"[[0.000206, 68.38602335], [0.006708, 54.90713726]]",30,quantum,2,
precond_pen=1.100,16,-1.956689896275,54.907137255931005,1.1,2,0.09009909629821777,0.007854938507080078,0.0,0101100010100111,-+-++---+-+--+++,0,True,"[[0.000215, 68.38602335], [0.007552, 64.44406874], [0.007855, 54.90713726]]",30,quantum,2,
precond_pen=1.200,16,-1.7668042685330034,54.907137255931005,1.2,2,0.15149879455566406,0.007016897201538086,0.0,1010011101011000,+-+--+++-+-++---,0,True,"[[0.000146, 68.38602335], [0.006211, 64.58211743], [0.006627, 63.58133185], [0.006881, 62.84700714], [0.007017, 54.90713726]]",30,quantum,2,
precond_pen=1.300,16,-1.6219466951549997,54.907137255931005,1.3,2,0.125075101852417,0.007395029067993164,0.0,1010011101011000,+-+--+++-+-++---,0,True,"[[0.000213, 68.38602335], [0.007113, 65.70080642], [0.007395, 54.90713726]]",30,quantum,2,
precond_pen=1.400,16,-1.6001359085819997,54.907137255931005,1.4,2,0.13228201866149902,0.007215023040771484,0.0,0101100010100111,-+-++---+-+--+++,0,True,"[[0.000224, 68.38602335], [0.006541, 65.07656321], [0.006859, 65.2304543], [0.007045, 64.60828578], [0.007215, 54.90713726]]",30,quantum,2,
precond_pen=1.500,16,-1.5746259926500024,54.907137255931005,1.5,2,0.13812994956970215,0.007338047027587891,0.0,1010011101011000,+-+--+++-+-++---,0,True,"[[0.000156, 68.38602335], [0.006749, 59.09961227], [0.007338, 54.90713726]]",30,quantum,2,
precond_pen=1.600,16,-7.531196087024003,54.907137255931005,1.6,2,0.0206148624420166,0.008378982543945312,0.0,0101100010100111,-+-++---+-+--+++,0,True,"[[0.00022, 68.38602335], [0.00725, 65.84586984], [0.007728, 65.52781002], [0.008139, 64.6231943], [0.008379, 54.90713726]]",30,quantum,2,
precond_pen=1.700,16,-7.842037496081005,54.907137255931005,1.7,2,0.022665023803710938,0.008120059967041016,0.0,0101100010100111,-+-++---+-+--+++,0,True,"[[0.000219, 68.38602335], [0.007465, 63.45267846], [0.00812, 54.90713726]]",30,quantum,2,
precond_pen=1.800,16,-4.392151780669003,54.907137255931005,1.8,2,0.02715611457824707,0.008746147155761719,0.0,1010011101011000,+-+--+++-+-++---,0,True,"[[0.000204, 68.38602335], [0.007509, 63.46534697], [0.008129, 62.58781768], [0.008531, 62.98052449], [0.008746, 54.90713726]]",30,quantum,2,
precond_pen=1.900,16,-14.866195656402004,54.907137255931005,1.9,2,0.01641702651977539,0.00698399543762207,0.0,0101100010100111,-+-++---+-+--+++,0,True,"[[0.000248, 68.38602335], [0.006564, 58.2891597], [0.006984, 54.90713726]]",30,quantum,2,
precond_pen=2.000,16,-14.822295406061006,54.907137255931005,2.0,2,0.018351078033447266,0.007094860076904297,0.0,1010011101011000,+-+--+++-+-++---,0,True,"[[0.000198, 68.38602335], [0.006713, 56.34460108], [0.007095, 54.90713726]]",30,quantum,2,
baseline,16,55.00379766133802,55.003797661338,,2,0.11576700210571289,0.08633685111999512,0.0,0010110101110100,--+-++-+-+++-+--,0,True,"[[0.000198, 70.79056208], [0.006617, 67.02215949], [0.006833, 55.63139223], [0.021661, 55.10047494], [0.086337, 55.00379766], [0.114347, 55.00379766]]",31,quantum,2,
precond_pen=1.100,16,-1.735908843213001,55.003797661338,1.1,2,0.10666608810424805,0.009207010269165039,0.0,1101001010001011,++-+--+-+---+-++,0,True,"[[0.000215, 70.79056208], [0.008675, 60.4209243], [0.009207, 55.00379766]]",31,quantum,2,
precond_pen=1.200,16,-1.575776592860997,55.003797661338,1.2,2,0.13908696174621582,0.006852865219116211,0.0,1101001010001011,++-+--+-+---+-++,0,True,"[[0.000191, 70.79056208], [0.006604, 60.18192093], [0.006853, 55.00379766]]",31,quantum,2,
precond_pen=1.300,16,-1.4535533567440027,55.003797661338,1.3,2,0.1895899772644043,0.006560087203979492,0.0,1101001010001011,++-+--+-+---+-++,0,True,"[[0.000151, 70.79056208], [0.006388, 60.4209243], [0.00656, 55.00379766]]",31,quantum,2,
precond_pen=1.400,16,-1.371324632847002,55.003797661338,1.4,2,0.2094118595123291,0.01666879653930664,0.0,0010110101110100,--+-++-+-+++-+--,0,True,"[[0.00017, 70.79056208], [0.007646, 60.28417601], [0.007938, 55.63139223], [0.016669, 55.00379766]]",31,quantum,2,
precond_pen=1.500,16,-1.3466201522399945,55.003797661338,1.5,2,0.18465900421142578,0.015067100524902344,0.0,1101001010001011,++-+--+-+---+-++,0,True,"[[0.000221, 70.79056208], [0.006605, 60.28417601], [0.006818, 55.63139223], [0.015067, 55.00379766]]",31,quantum,2,
precond_pen=1.600,16,-5.12457634984,55.003797661338,1.6,2,0.030006885528564453,0.024463891983032227,0.0,0010110101110100,--+-++-+-+++-+--,0,True,"[[0.000154, 70.79056208], [0.007371, 62.27996136], [0.008261, 57.1833925], [0.008628, 55.63139223], [0.024464, 55.00379766]]",31,quantum,2,
precond_pen=1.700,16,-5.455702389376995,55.003797661338,1.7,2,0.052706003189086914,0.008177995681762695,0.0,1101001010001011,++-+--+-+---+-++,0,True,"[[0.000167, 70.79056208], [0.007646, 59.2245151], [0.008178, 55.00379766]]",31,quantum,2,
precond_pen=1.800,16,-5.672826733129002,55.003797661338,1.8,2,0.02519822120666504,0.00725102424621582,0.0,1101001010001011,++-+--+-+---+-++,0,True,"[[0.000162, 70.79056208], [0.006772, 58.39101854], [0.007251, 55.00379766]]",31,quantum,2,
precond_pen=1.900,16,-5.7951575099120065,55.003797661338,1.9,2,0.02726006507873535,0.007920026779174805,0.0,1101001010001011,++-+--+-+---+-++,0,True,"[[0.000229, 70.79056208], [0.007131, 63.23986566], [0.00772, 59.88983895], [0.00792, 55.00379766]]",31,quantum,2,
precond_pen=2.000,16,-5.8409269724170025,55.003797661338,2.0,2,0.026387929916381836,0.013590097427368164,0.0,1101001010001011,++-+--+-+---+-++,0,True,"[[0.000179, 70.79056208], [0.006699, 57.1833925], [0.007185, 55.63139223], [0.01359, 55.00379766]]",31,quantum,2,
baseline,16,54.575011453616995,54.57501145361701,,2,0.10626387596130371,0.006819009780883789,0.0,0101011010110100,-+-+-++-+-++-+--,0,True,"[[0.000149, 70.50954653], [0.006568, 67.16312832], [0.006819, 54.57501145]]",32,quantum,2,
precond_pen=1.100,16,-1.8235307701399988,54.57501145361701,1.1,2,0.10784101486206055,0.008076190948486328,0.0,1010100101001011,+-+-+--+-+--+-++,0,True,"[[0.000145, 70.50954653], [0.00774, 62.76649246], [0.008076, 54.57501145]]",32,quantum,2,
precond_pen=1.200,16,-1.649538737481996,54.57501145361701,1.2,2,0.14526796340942383,0.007889986038208008,0.0,1010100101001011,+-+-+--+-+--+-++,0,True,"[[0.000167, 70.50954653], [0.007431, 62.22299006], [0.00789, 54.57501145]]",32,quantum,2,
precond_pen=1.300,16,-1.5172906439359997,54.57501145361701,1.3,2,0.17069482803344727,0.008813858032226562,0.0,1010100101001011,+-+-+--+-+--+-++,0,True,"[[0.000155, 70.50954653], [0.007584, 65.57060151], [0.008417, 63.16918688], [0.008673, 62.75035825], [0.008814, 54.57501145]]",32,quantum,2,
precond_pen=1.400,16,-1.413122442644,54.57501145361701,1.4,2,0.1829240322113037,0.011631011962890625,0.0,1010100101001011,+-+-+--+-+--+-++,0,True,"[[0.000154, 70.50954653], [0.005976, 60.79531062], [0.006423, 54.66568214], [0.011631, 54.57501145]]",32,quantum,2,
precond_pen=1.500,16,-1.3407739104510012,54.57501145361701,1.5,2,0.16613006591796875,0.006666898727416992,0.0,0101011010110100,-+-+-++-+-++-+--,0,True,"[[0.000148, 70.50954653], [0.006439, 62.75917461], [0.006667, 54.57501145]]",32,quantum,2,
precond_pen=1.600,16,-1.2590472795650003,54.57501145361701,1.6,2,0.16300201416015625,0.008573055267333984,0.0,1010100101001011,+-+-+--+-+--+-++,0,True,"[[0.000171, 70.50954653], [0.007612, 58.8628487], [0.008322, 58.59373436], [0.008573, 54.57501145]]",32,quantum,2,
precond_pen=1.700,16,-6.081407270194999,54.57501145361701,1.7,2,0.04134106636047363,0.009209156036376953,0.0,1010100101001011,+-+-+--+-+--+-++,0,True,"[[0.001078, 70.50954653], [0.008381, 60.65087873], [0.008943, 59.38061467], [0.009209, 54.57501145]]",32,quantum,2,
precond_pen=1.800,16,-6.315005981457995,54.57501145361701,1.8,2,0.046012163162231445,0.008199214935302734,0.0,1010100101001011,+-+-+--+-+--+-++,0,True,"[[0.000155, 70.50954653], [0.007395, 64.33527696], [0.00791, 60.7810233], [0.008199, 54.57501145]]",32,quantum,2,
precond_pen=1.900,16,-1.1068148819909993,54.57501145361701,1.9,2,0.22806692123413086,0.007297992706298828,0.0,1010100101001011,+-+-+--+-+--+-++,0,True,"[[0.000155, 70.50954653], [0.007052, 62.68183403], [0.007298, 54.57501145]]",32,quantum,2,
precond_pen=2.000,16,-1.0995082461550032,54.57501145361701,2.0,2,0.3280971050262451,0.007826089859008789,0.0,1010100101001011,+-+-+--+-+--+-++,0,True,"[[0.000158, 70.50954653], [0.007403, 60.29898223], [0.007826, 54.57501145]]",32,quantum,2,
baseline,16,51.023124532018954,51.02312453201898,,2,0.09234499931335449,0.005880117416381836,0.0,1101011101000100,++-+-+++-+---+--,0,True,"[[0.000209, 61.51487656], [0.00588, 51.02312453]]",33,quantum,2,
precond_pen=1.100,16,-1.8590581522219987,51.02312453201898,1.1,2,0.08811497688293457,0.008031845092773438,0.0,0010100010111011,--+-+---+-+++-++,0,True,"[[0.000159, 61.51487656], [0.007739, 58.06058998], [0.008032, 51.02312453]]",33,quantum,2,
precond_pen=1.200,16,-1.6865247487789903,51.02312453201898,1.2,2,0.11086106300354004,0.015310049057006836,0.0,0010100010111011,--+-+---+-+++-++,0,True,"[[0.000158, 61.51487656], [0.008286, 55.16819814], [0.008705, 51.08263394], [0.01531, 51.02312453]]",33,quantum,2,
precond_pen=1.300,16,-1.5539743075990042,51.02312453201898,1.3,2,0.1414041519165039,0.024177074432373047,0.0,0010100010111011,--+-+---+-+++-++,0,True,"[[0.000173, 61.51487656], [0.007899, 53.74222247], [0.00828, 51.08263394], [0.024177, 51.02312453]]",33,quantum,2,
precond_pen=1.400,16,-1.4623670888100007,51.02312453201898,1.4,2,0.14352202415466309,0.012288808822631836,0.0,0010100010111011,--+-+---+-+++-++,0,True,"[[0.000131, 61.51487656], [0.005984, 60.20580214], [0.00633, 58.82497091], [0.00662, 55.85491208], [0.006796, 51.08263394], [0.012289, 51.02312453]]",33,quantum,2,
precond_pen=1.500,16,-1.4372555893679984,51.02312453201898,1.5,2,0.15304899215698242,0.1331770420074463,0.0,0010100010111011,--+-+---+-+++-++,0,True,"[[0.000174, 61.51487656], [0.007268, 59.78889736], [0.007526, 53.42137744], [0.013992, 51.08263394], [0.133177, 51.02312453]]",33,quantum,2,
precond_pen=1.600,16,-6.7518375465739995,51.02312453201898,1.6,2,0.028336048126220703,0.009144067764282227,0.0,0010100010111011,--+-+---+-+++-++,0,True,"[[0.000158, 61.51487656], [0.007507, 55.58633969], [0.00832, 55.54328549], [0.008871, 54.77321016], [0.009144, 51.02312453]]",33,quantum,2,
precond_pen=1.700,16,-1.2428148066549962,51.02312453201898,1.7,2,0.11552286148071289,0.0072820186614990234,0.0,1101011101000100,++-+-+++-+---+--,0,True,"[[0.000149, 61.51487656], [0.007002, 57.07891756], [0.007282, 51.02312453]]",33,quantum,2,
precond_pen=1.800,16,-1.179968864718,51.02312453201898,1.8,2,0.1596360206604004,0.10900092124938965,0.0,0010100010111011,--+-+---+-+++-++,0,True,"[[0.000138, 61.51487656], [0.007823, 56.28755882], [0.00822, 51.08263394], [0.109001, 51.02312453]]",33,quantum,2,
precond_pen=1.900,16,-1.1352454230249966,51.02312453201898,1.9,2,0.20031118392944336,0.014963150024414062,0.0,0010100010111011,--+-+---+-+++-++,0,True,"[[0.000142, 61.51487656], [0.006267, 61.07510677], [0.006705, 58.82497091], [0.007071, 56.28755882], [0.007268, 51.08263394], [0.014963, 51.02312453]]",33,quantum,2,
precond_pen=2.000,16,-1.1276794366750025,51.02312453201898,2.0,2,0.14967083930969238,0.01523900032043457,0.0,0010100010111011,--+-+---+-+++-++,0,True,"[[0.000179, 61.51487656], [0.007221, 60.15652713], [0.007487, 51.08263394], [0.015239, 51.02312453]]",33,quantum,2,
baseline,16,55.64204311779201,55.642043117792014,,2,0.145766019821167,0.02999401092529297,0.0,0101111000110010,-+-++++---++--+-,0,True,"[[0.000173, 67.82714401], [0.007627, 66.29366424], [0.007937, 57.66067582], [0.029994, 55.64204312]]",34,quantum,2,
precond_pen=1.100,16,-1.981294374951001,55.642043117792014,1.1,2,0.07954287528991699,0.02240896224975586,0.0,0101111000110010,-+-++++---++--+-,0,True,"[[0.000157, 67.82714401], [0.007731, 65.62903131], [0.008207, 56.66330573], [0.022409, 55.64204312]]",34,quantum,2,
precond_pen=1.200,16,-1.7848934248970023,55.642043117792014,1.2,2,0.1286609172821045,0.022861957550048828,0.0,1010000111001101,+-+----+++--++-+,0,True,"[[0.000163, 67.82714401], [0.008037, 66.79600217], [0.008413, 56.66330573], [0.022862, 55.64204312]]",34,quantum,2,
precond_pen=1.300,16,-1.6360058591860005,55.642043117792014,1.3,2,0.12188196182250977,0.09685611724853516,0.0,1010000111001101,+-+----+++--++-+,0,True,"[[0.00015, 67.82714401], [0.00736, 61.97590116], [0.00794, 61.15068376], [0.008143, 56.66330573], [0.096856, 55.64204312]]",34,quantum,2,
precond_pen=1.400,16,-1.518967534238005,55.642043117792014,1.4,2,0.13412094116210938,0.016302824020385742,0.0,0101111000110010,-+-++++---++--+-,0,True,"[[0.000164, 67.82714401], [0.006164, 67.07083731], [0.006339, 56.66330573], [0.016303, 55.64204312]]",34,quantum,2,
precond_pen=1.500,16,-1.4243760187609933,55.642043117792014,1.5,2,0.1949629783630371,0.15648698806762695,0.0,0101111000110010,-+-++++---++--+-,0,True,"[[0.000182, 67.82714401], [0.007858, 66.6218566], [0.008278, 65.94425916], [0.008477, 65.75699425], [0.008608, 56.66330573], [0.156487, 55.64204312]]",34,quantum,2,
precond_pen=1.600,16,-1.3462302651340075,55.642043117792014,1.6,2,0.15296006202697754,0.11252093315124512,0.0,0101111000110010,-+-++++---++--+-,0,True,"[[0.000165, 67.82714401], [0.007902, 64.23290949], [0.008289, 56.66330573], [0.111924, 56.46601201], [0.112521, 55.64204312]]",34,quantum,2,
precond_pen=1.700,16,-1.3337556660320002,55.642043117792014,1.7,2,0.21312904357910156,0.1364431381225586,0.0,1010000111001101,+-+----+++--++-+,0,True,"[[0.000162, 67.82714401], [0.00773, 62.98897264], [0.008035, 56.66330573], [0.13597, 56.46601201], [0.136443, 55.64204312]]",34,quantum,2,
precond_pen=1.800,16,-7.000636263197004,55.642043117792014,1.8,2,0.029453039169311523,0.014692068099975586,0.0,0101111000110010,-+-++++---++--+-,0,True,"[[0.000189, 67.82714401], [0.007496, 60.86220793], [0.008005, 56.66330573], [0.014692, 55.64204312]]",34,quantum,2,
precond_pen=1.900,16,-2.701427207189999,55.642043117792014,1.9,2,0.07834005355834961,0.034761905670166016,0.0,0101111000110010,-+-++++---++--+-,0,True,"[[0.000213, 67.82714401], [0.007627, 65.89201066], [0.008633, 62.06504858], [0.009113, 61.15068376], [0.009345, 56.66330573], [0.034762, 55.64204312]]",34,quantum,2,
precond_pen=2.000,16,-2.6438244884790043,55.642043117792014,2.0,2,0.1141519546508789,0.05212903022766113,0.0,1010000111001101,+-+----+++--++-+,0,True,"[[0.000198, 67.82714401], [0.009577, 61.18350111], [0.009932, 56.66330573], [0.052129, 55.64204312]]",34,quantum,2,
baseline,16,50.319911238606,50.319911238606,,2,0.12040400505065918,0.007184028625488281,0.0,0100111000001111,-+--+++-----++++,0,True,"[[0.000169, 62.67728118], [0.006721, 58.12500321], [0.007184, 50.31991124]]",35,quantum,2,
precond_pen=1.100,16,-1.877023196344001,50.319911238606,1.1,2,0.08528780937194824,0.0809028148651123,0.0,0100111000001111,-+--+++-----++++,0,True,"[[0.000185, 62.67728118], [0.008135, 57.88220591], [0.008459, 51.56981889], [0.080903, 50.31991124]]",35,quantum,2,
precond_pen=1.200,16,-1.7000032239239982,50.319911238606,1.2,2,0.12631893157958984,0.010302066802978516,0.0,0100111000001111,-+--+++-----++++,0,True,"[[0.000154, 62.67728118], [0.010002, 55.62789362], [0.010302, 50.31991124]]",35,quantum,2,
precond_pen=1.300,16,-1.5645237956929998,50.319911238606,1.3,2,0.13960790634155273,0.0170290470123291,0.0,0100111000001111,-+--+++-----++++,0,True,"[[0.000161, 62.67728118], [0.008453, 59.9134798], [0.008793, 51.56981889], [0.017029, 50.31991124]]",35,quantum,2,
precond_pen=1.400,16,-1.4572764510010012,50.319911238606,1.4,2,0.18529891967773438,0.030870914459228516,0.0,0100111000001111,-+--+++-----++++,0,True,"[[0.000158, 62.67728118], [0.008005, 59.9134798], [0.008223, 51.56981889], [0.030871, 50.31991124]]",35,quantum,2,
precond_pen=1.500,16,-1.440763143237998,50.319911238606,1.5,2,0.19257616996765137,0.016681194305419922,0.0,0100111000001111,-+--+++-----++++,0,True,"[[0.000144, 62.67728118], [0.007023, 59.9134798], [0.007209, 51.56981889], [0.016681, 50.31991124]]",35,quantum,2,
precond_pen=1.600,16,-6.019112174244002,50.319911238606,1.6,2,0.03225088119506836,0.007651090621948242,0.0,1011000111110000,+-++---+++++----,0,True,"[[0.000157, 62.67728118], [0.007046, 60.31765873], [0.00737, 57.88220591], [0.007651, 50.31991124]]",35,quantum,2,
precond_pen=1.700,16,-2.556281800035997,50.319911238606,1.7,2,0.13941407203674316,0.00834512710571289,0.0,1011000111110000,+-++---+++++----,0,True,"[[0.000151, 62.67728118], [0.007806, 55.70233136], [0.008345, 50.31991124]]",35,quantum,2,
precond_pen=1.800,16,-2.564228586639997,50.319911238606,1.8,2,0.12635087966918945,0.03346896171569824,0.0,1011000111110000,+-++---+++++----,0,True,"[[0.000206, 62.67728118], [0.008848, 61.0351685], [0.009344, 59.95253945], [0.009657, 59.1330867], [0.009835, 51.56981889], [0.033469, 50.31991124]]",35,quantum,2,
precond_pen=1.900,16,-2.5331300528590015,50.319911238606,1.9,2,0.06207895278930664,0.007536172866821289,0.0,0100111000001111,-+--+++-----++++,0,True,"[[0.000174, 62.67728118], [0.006983, 55.75477961], [0.007536, 50.31991124]]",35,quantum,2,
precond_pen=2.000,16,-1.1097992842699984,50.319911238606,2.0,2,0.198530912399292,0.017646074295043945,0.0,0100111000001111,-+--+++-----++++,0,True,"[[0.000164, 62.67728118], [0.009751, 59.9134798], [0.010101, 51.56981889], [0.017646, 50.31991124]]",35,quantum,2,
baseline,16,49.03036796241597,49.030367962415966,,2,0.09691405296325684,0.006639957427978516,0.0,1001110000001111,+--+++------++++,0,True,"[[0.000154, 60.3179802], [0.006442, 60.20521594], [0.00664, 49.03036796]]",36,quantum,2,
precond_pen=1.100,16,-1.8650473791180016,49.030367962415966,1.1,2,0.09666609764099121,0.008595943450927734,0.0,0110001111110000,-++---++++++----,0,True,"[[0.000156, 60.3179802], [0.008194, 58.29708974], [0.008596, 49.03036796]]",36,quantum,2,
precond_pen=1.200,16,-1.6964758019140005,49.030367962415966,1.2,2,0.11863207817077637,0.007215023040771484,0.0,0110001111110000,-++---++++++----,0,True,"[[0.000141, 60.3179802], [0.007004, 55.86142169], [0.007215, 49.03036796]]",36,quantum,2,
precond_pen=1.300,16,-1.5660526311330036,49.030367962415966,1.3,2,0.15657401084899902,0.00821995735168457,0.0,0110001111110000,-++---++++++----,0,True,"[[0.000172, 60.3179802], [0.007921, 57.07571575], [0.00822, 49.03036796]]",36,quantum,2,
precond_pen=1.400,16,-1.5464862959180028,49.030367962415966,1.4,2,0.13213896751403809,0.008461952209472656,0.0,0110001111110000,-++---++++++----,0,True,"[[0.000152, 60.3179802], [0.008098, 57.07571575], [0.008462, 49.03036796]]",36,quantum,2,
precond_pen=1.500,16,-1.3874323911919992,49.030367962415966,1.5,2,0.14874696731567383,0.006429910659790039,0.0,0110001111110000,-++---++++++----,0,True,"[[0.000147, 60.3179802], [0.006228, 58.86368324], [0.00643, 49.03036796]]",36,quantum,2,
precond_pen=1.600,16,-1.3057195959830015,49.030367962415966,1.6,2,0.17526698112487793,0.009186983108520508,0.0,0110001111110000,-++---++++++----,0,True,"[[0.00023, 60.3179802], [0.008344, 57.67077321], [0.008932, 55.03334625], [0.009187, 49.03036796]]",36,quantum,2,
precond_pen=1.700,16,-6.567919342547997,49.030367962415966,1.7,2,0.03528404235839844,0.008756875991821289,0.0,1001110000001111,+--+++------++++,0,True,"[[0.000228, 60.3179802], [0.007412, 57.07571575], [0.008001, 57.06488307], [0.008489, 55.56178981], [0.008757, 49.03036796]]",36,quantum,2,
precond_pen=1.800,16,-1.1937693764190005,49.030367962415966,1.8,2,0.17017006874084473,0.008660078048706055,0.0,0110001111110000,-++---++++++----,0,True,"[[0.000203, 60.3179802], [0.008293, 55.03334625], [0.00866, 49.03036796]]",36,quantum,2,
precond_pen=1.900,16,-13.207630362320002,49.030367962415966,1.9,2,0.021581172943115234,0.016280174255371094,0.0,0110001111110000,-++---++++++----,0,True,"[[0.000149, 60.3179802], [0.007316, 60.6557061], [0.007838, 57.06488307], [0.008242, 57.08654803], [0.008455, 51.49585235], [0.01628, 49.03036796]]",36,quantum,2,
precond_pen=2.000,16,-2.5667634634580017,49.030367962415966,2.0,2,0.0669240951538086,0.007936954498291016,0.0,0110001111110000,-++---++++++----,0,True,"[[0.000159, 60.3179802], [0.006817, 58.82559592], [0.007373, 57.06488307], [0.007758, 56.9540911], [0.007937, 49.03036796]]",36,quantum,2,
baseline,16,50.27446762025803,50.274467620257944,,2,0.13807201385498047,0.007868051528930664,0.0,1110110100100001,+++-++-+--+----+,0,True,"[[0.000142, 60.68418953], [0.007587, 60.56254765], [0.007868, 50.27446762]]",37,quantum,2,
precond_pen=1.100,16,-1.7007892607120008,50.274467620257944,1.1,2,0.13095498085021973,0.014564037322998047,0.0,1110110100100001,+++-++-+--+----+,0,True,"[[0.000148, 60.68418953], [0.007233, 56.07316276], [0.007562, 51.31505693], [0.014564, 50.27446762]]",37,quantum,2,
precond_pen=1.200,16,-1.5497073599999993,50.274467620257944,1.2,2,0.16837000846862793,0.1422429084777832,0.0,0001001011011110,---+--+-++-++++-,0,True,"[[0.000131, 60.68418953], [0.006703, 53.63456905], [0.006949, 51.33760087], [0.01371, 51.16247544], [0.142243, 50.27446762]]",37,quantum,2,
precond_pen=1.300,16,-1.4471901209510039,50.274467620257944,1.3,2,0.20111894607543945,0.19820404052734375,0.0,0001001011011110,---+--+-++-++++-,0,True,"[[0.000145, 60.68418953], [0.006407, 60.05920801], [0.006713, 53.89655285], [0.006886, 51.31505693], [0.193512, 51.16247544], [0.198204, 50.27446762], [0.200056, 50.27446762]]",37,quantum,2,
precond_pen=1.400,16,-1.3410495043869997,50.274467620257944,1.4,2,0.18192815780639648,0.09302306175231934,0.0,0001001011011110,---+--+-++-++++-,0,True,"[[0.000139, 60.68418953], [0.007369, 55.96163808], [0.007591, 51.31505693], [0.014414, 51.16247544], [0.092572, 51.05820229], [0.093023, 50.27446762]]",37,quantum,2,
precond_pen=1.500,16,-1.2657005221070037,50.274467620257944,1.5,2,0.2113499641418457,0.20550203323364258,0.0,1110110100100001,+++-++-+--+----+,0,True,"[[0.000137, 60.68418953], [0.006926, 55.96163808], [0.00716, 51.31505693], [0.013834, 51.16247544], [0.205502, 50.27446762], [0.210126, 50.27446762]]",37,quantum,2,
precond_pen=1.600,16,-1.2137111591329992,50.274467620257944,1.6,2,0.20540809631347656,0.20106911659240723,0.0,0001001011011110,---+--+-++-++++-,0,True,"[[0.000146, 60.68418953], [0.007099, 55.3955496], [0.007308, 52.17823743], [0.017338, 51.31505693], [0.201069, 50.27446762]]",37,quantum,2,
precond_pen=1.700,16,-1.1964247004150037,50.274467620257944,1.7,2,0.22177791595458984,0.015198945999145508,0.0,1110110100100001,+++-++-+--+----+,0,True,"[[0.000169, 60.68418953], [0.007345, 55.96163808], [0.007608, 51.31505693], [0.015199, 50.27446762]]",37,quantum,2,
precond_pen=1.800,16,-8.892305631946998,50.274467620257944,1.8,2,0.03994107246398926,0.032521963119506836,0.0,1110110100100001,+++-++-+--+----+,0,True,"[[0.000153, 60.68418953], [0.006709, 57.89173495], [0.007605, 55.96630931], [0.008085, 51.51823466], [0.032522, 50.27446762]]",37,quantum,2,
precond_pen=1.900,16,-9.095681880998999,50.274467620257944,1.9,2,0.03662395477294922,0.0161130428314209,0.0,0001001011011110,---+--+-++-++++-,0,True,"[[0.000139, 60.68418953], [0.007595, 56.2754554], [0.008434, 55.96630931], [0.008833, 53.63456905], [0.009034, 51.51823466], [0.016113, 50.27446762]]",37,quantum,2,
precond_pen=2.000,16,-9.187534550059995,50.274467620257944,2.0,2,0.034197092056274414,0.013840913772583008,0.0,0001001011011110,---+--+-++-++++-,0,True,"[[0.000171, 60.68418953], [0.00612, 58.44616635], [0.00654, 57.89173495], [0.007098, 55.96630931], [0.00736, 51.51823466], [0.013841, 50.27446762]]",37,quantum,2,
baseline,16,48.92007484624299,48.920074846243,,2,0.10841608047485352,0.02278590202331543,0.0,1001010011100011,+--+-+--+++---++,0,True,"[[0.000151, 53.23242293], [0.006752, 49.2276037], [0.022786, 48.92007485]]",38,quantum,2,
precond_pen=1.100,16,-1.6887185050339992,48.920074846243,1.1,2,0.12325596809387207,0.07297992706298828,0.0,0110101100011100,-++-+-++---+++--,0,True,"[[0.00015, 53.23242293], [0.007108, 49.2276037], [0.07298, 48.92007485]]",38,quantum,2,
precond_pen=1.200,16,-1.5418563052889986,48.920074846243,1.2,2,0.1619279384613037,0.0079498291015625,0.0,0110101100011100,-++-+-++---+++--,0,True,"[[0.000144, 53.23242293], [0.007653, 50.71358707], [0.00795, 48.92007485]]",38,quantum,2,
precond_pen=1.300,16,-1.4415765915520051,48.920074846243,1.3,2,0.20238494873046875,0.09711885452270508,0.0,1001010011100011,+--+-+--+++---++,0,True,"[[0.000146, 53.23242293], [0.007322, 49.2276037], [0.097119, 48.92007485]]",38,quantum,2,
precond_pen=1.400,16,-1.4135460540010012,48.920074846243,1.4,2,0.26760005950927734,0.26264405250549316,0.0,0110101100011100,-++-+-++---+++--,0,True,"[[0.000146, 53.23242293], [0.005743, 49.2276037], [0.201663, 49.13799309], [0.262644, 48.92007485], [0.266247, 48.92007485]]",38,quantum,2,
precond_pen=1.500,16,-2.403067878730001,48.920074846243,1.5,2,0.08304190635681152,0.007972955703735352,0.0,0110101100011100,-++-+-++---+++--,0,True,"[[0.000178, 53.23242293], [0.007689, 52.64965164], [0.007973, 48.92007485]]",38,quantum,2,
precond_pen=1.600,16,-5.8355762468139964,49.16555690490701,1.6,2,0.04295992851257324,0.021464109420776367,0.0,1101011011000010,++-+-++-++----+-,0,True,"[[0.000148, 53.23242293], [0.006639, 52.24142765], [0.006876, 49.2276037], [0.021464, 48.92007485], [0.024358, 49.1655569]]",38,quantum,2,
precond_pen=1.700,16,-1.158629723212,48.920074846243,1.7,2,0.22235822677612305,0.008149147033691406,0.0,0110101100011100,-++-+-++---+++--,0,True,"[[0.000167, 53.23242293], [0.007889, 50.71358707], [0.008149, 48.92007485]]",38,quantum,2,
precond_pen=1.800,16,-10.618040540743994,49.137993088316975,1.8,2,0.039114952087402344,0.007771015167236328,0.0,0110100100011101,-++-+--+---+++-+,0,True,"[[0.000146, 53.23242293], [0.007184, 51.54437524], [0.007771, 49.13799309]]",38,quantum,2,
precond_pen=1.900,16,-10.726821519826998,49.137993088316975,1.9,2,0.03537321090698242,0.0136260986328125,0.0,1001011011100010,+--+-++-+++---+-,0,True,"[[0.000153, 53.23242293], [0.006828, 50.41752625], [0.007297, 49.2276037], [0.013626, 49.13799309]]",38,quantum,2,
precond_pen=2.000,16,-10.696220358101,49.137993088316975,2.0,2,0.05012798309326172,0.03387713432312012,0.0,0110100100011101,-++-+--+---+++-+,0,True,"[[0.000163, 53.23242293], [0.007066, 51.42785082], [0.008154, 49.2276037], [0.033877, 49.13799309]]",38,quantum,2,
baseline,16,52.73576775703898,52.735767757039,,2,0.10088300704956055,0.028051137924194336,0.0,1000011011010011,+----++-++-+--++,0,True,"[[0.000161, 63.01236036], [0.00733, 55.72869612], [0.028051, 52.73576776]]",39,quantum,2,
precond_pen=1.100,16,-1.9404225010929999,52.735767757039,1.1,2,0.09448099136352539,0.006744861602783203,0.0,1000011011010011,+----++-++-+--++,0,True,"[[0.000142, 63.01236036], [0.006486, 56.93149871], [0.006745, 52.73576776]]",39,quantum,2,
precond_pen=1.200,16,-1.7542536188959952,52.735767757039,1.2,2,0.13232994079589844,0.007278919219970703,0.0,1000011011010011,+----++-++-+--++,0,True,"[[0.000161, 63.01236036], [0.007027, 57.44371019], [0.007279, 52.73576776]]",39,quantum,2,
precond_pen=1.300,16,-1.6307284793839978,52.735767757039,1.3,2,0.15231895446777344,0.007695913314819336,0.0,1000011011010011,+----++-++-+--++,0,True,"[[0.000141, 63.01236036], [0.00739, 57.69199102], [0.007696, 52.73576776]]",39,quantum,2,
precond_pen=1.400,16,-1.596723491836002,52.735767757039,1.4,2,0.16045284271240234,0.007704019546508789,0.0,1000011011010011,+----++-++-+--++,0,True,"[[0.000148, 63.01236036], [0.007397, 60.83525667], [0.007704, 52.73576776]]",39,quantum,2,
precond_pen=1.500,16,-3.365041045657006,52.735767757039,1.5,2,0.028631925582885742,0.01712799072265625,0.0,1000011011010011,+----++-++-+--++,0,True,"[[0.000141, 63.01236036], [0.00641, 59.31198358], [0.006668, 55.65243049], [0.017128, 52.73576776]]",39,quantum,2,
precond_pen=1.600,16,-6.669635078362995,52.735767757039,1.6,2,0.027081012725830078,0.009546995162963867,0.0,1000011011010011,+----++-++-+--++,0,True,"[[0.000222, 63.01236036], [0.00772, 62.2252945], [0.008394, 62.42480335], [0.009165, 58.9000118], [0.009547, 52.73576776]]",39,quantum,2,
precond_pen=1.700,16,-1.2816206912810042,52.735767757039,1.7,2,0.2151319980621338,0.007743120193481445,0.0,0111100100101100,-++++--+--+-++--,0,True,"[[0.000151, 63.01236036], [0.007459, 61.20203299], [0.007743, 52.73576776]]",39,quantum,2,
precond_pen=1.800,16,-7.241456142417995,52.735767757039,1.8,2,0.022413969039916992,0.008519887924194336,0.0,1000011011010011,+----++-++-+--++,0,True,"[[0.000173, 63.01236036], [0.007313, 59.87305449], [0.008187, 60.16132417], [0.00852, 52.73576776]]",39,quantum,2,
precond_pen=1.900,16,-12.016288327619996,52.735767757039,1.9,2,0.021558046340942383,0.008517980575561523,0.0,0111100100101100,-++++--+--+-++--,0,True,"[[0.000182, 63.01236036], [0.007505, 61.11499923], [0.00815, 59.54308824], [0.008518, 52.73576776]]",39,quantum,2,
precond_pen=2.000,16,-7.315489035542005,52.735767757039,2.0,2,0.02659893035888672,0.008359909057617188,0.0,1000011011010011,+----++-++-+--++,0,True,"[[0.000172, 63.01236036], [0.007407, 59.87580693], [0.008101, 60.2443077], [0.00836, 52.73576776]]",39,quantum,2,
baseline,16,48.87813361798696,48.878133617987075,,2,0.09493303298950195,0.0064830780029296875,0.0,1111010100100100,++++-+-+--+--+--,0,True,"[[0.00016, 56.3964732], [0.006483, 48.87813362]]",40,quantum,2,
precond_pen=1.100,16,-1.8664609830590013,48.878133617987075,1.1,2,0.052973031997680664,0.0073511600494384766,0.0,0000101011011011,----+-+-++-++-++,0,True,"[[0.000137, 56.3964732], [0.007049, 55.54919201], [0.007351, 48.87813362]]",40,quantum,2,
precond_pen=1.200,16,-1.6963100613099957,48.878133617987075,1.2,2,0.15277409553527832,0.015057086944580078,0.0,1111010100100100,++++-+-+--+--+--,0,True,"[[0.000214, 56.3964732], [0.008066, 56.22611379], [0.008517, 49.44065466], [0.015057, 48.87813362]]",40,quantum,2,
precond_pen=1.300,16,-1.5647923853579968,48.878133617987075,1.3,2,0.12683916091918945,0.015027046203613281,0.0,1111010100100100,++++-+-+--+--+--,0,True,"[[0.000207, 56.3964732], [0.00728, 56.34080572], [0.007661, 49.44065466], [0.015027, 48.87813362]]",40,quantum,2,
precond_pen=1.400,16,-1.459907151542998,48.878133617987075,1.4,2,0.13439512252807617,0.006638050079345703,0.0,1111010100100100,++++-+-+--+--+--,0,True,"[[0.000132, 56.3964732], [0.006638, 48.87813362]]",40,quantum,2,
precond_pen=1.500,16,-1.3873702460229955,48.878133617987075,1.5,2,0.1473851203918457,0.007081031799316406,0.0,1111010100100100,++++-+-+--+--+--,0,True,"[[0.000136, 56.3964732], [0.007081, 48.87813362]]",40,quantum,2,
precond_pen=1.600,16,-1.3027627697360034,48.878133617987075,1.6,2,0.18586993217468262,0.006897926330566406,0.0,1111010100100100,++++-+-+--+--+--,0,True,"[[0.000161, 56.3964732], [0.006653, 54.03590219], [0.006898, 48.87813362]]",40,quantum,2,
precond_pen=1.700,16,-1.2422698769589955,48.878133617987075,1.7,2,0.23491597175598145,0.007528066635131836,0.0,0000101011011011,----+-+-++-++-++,0,True,"[[0.000146, 56.3964732], [0.007183, 55.90419512], [0.007528, 48.87813362]]",40,quantum,2,
precond_pen=1.800,16,-1.232335862790002,48.878133617987075,1.8,2,0.2620570659637451,0.007853984832763672,0.0,0000101011011011,----+-+-++-++-++,0,True,"[[0.000137, 56.3964732], [0.007389, 55.90419512], [0.007854, 48.87813362]]",40,quantum,2,
precond_pen=1.900,16,-15.697305354042992,49.47847850543907,1.9,2,0.03796887397766113,0.014139890670776367,0.0,0010100011011011,--+-+---++-++-++,0,True,"[[0.000982, 56.3964732], [0.012716, 53.5444002], [0.013801, 50.22362818], [0.01414, 49.47847851]]",40,quantum,2,
precond_pen=2.000,16,-15.681621495698005,49.47847850543907,2.0,2,0.021219968795776367,0.009293079376220703,0.0,1101011100100100,++-+-+++--+--+--,0,True,"[[0.000253, 56.3964732], [0.008842, 57.32104277], [0.009293, 49.47847851]]",40,quantum,2,
baseline,16,58.82524293108496,58.825242931084986,,2,0.18822908401489258,0.00925898551940918,0.0,0000011101110101,-----+++-+++-+-+,0,True,"[[0.00025, 68.50773673], [0.008954, 67.31014482], [0.009259, 58.82524293]]",41,quantum,2,
precond_pen=1.100,16,-1.9140323155819985,58.855559447326975,1.1,2,0.08632588386535645,0.008906841278076172,0.0,0001011100110101,---+-+++--++-+-+,0,True,"[[0.000233, 68.50773673], [0.008514, 63.29069889], [0.008907, 58.85555945]]",41,quantum,2,
precond_pen=1.200,16,-1.7252120294309998,58.855559447326975,1.2,2,0.16921591758728027,0.014369964599609375,0.0,0001011100110101,---+-+++--++-+-+,0,True,"[[0.000172, 68.50773673], [0.007069, 68.27584988], [0.007376, 60.23310194], [0.01437, 58.85555945]]",41,quantum,2,
precond_pen=1.300,16,-1.5824885981919996,58.855559447326975,1.3,2,0.19237184524536133,0.016911983489990234,0.0,1110100011001010,+++-+---++--+-+-,0,True,"[[0.000213, 68.50773673], [0.007744, 65.12659224], [0.008026, 60.23310194], [0.016912, 58.85555945]]",41,quantum,2,
precond_pen=1.400,16,-1.5613376226100018,58.855559447326975,1.4,2,0.17389202117919922,0.009957075119018555,0.0,1110100011001010,+++-+---++--+-+-,0,True,"[[0.000225, 68.50773673], [0.008852, 65.31090104], [0.009508, 63.45997997], [0.009957, 58.85555945]]",41,quantum,2,
precond_pen=1.500,16,-1.5361985786699988,58.825242931084986,1.5,2,0.14546489715576172,0.12114214897155762,0.0,0000011101110101,-----+++-+++-+-+,0,True,"[[0.000203, 68.50773673], [0.008326, 67.63995174], [0.008612, 60.2850238], [0.120597, 58.85555945], [0.121142, 58.82524293]]",41,quantum,2,
precond_pen=1.600,16,-1.306123573869999,58.825242931084986,1.6,2,0.2534339427947998,0.010298967361450195,0.0,1111100010001010,+++++---+---+-+-,0,True,"[[0.000169, 68.50773673], [0.00997, 67.56232366], [0.010299, 58.82524293]]",41,quantum,2,
precond_pen=1.700,16,-7.105901973603001,58.855559447326975,1.7,2,0.05664396286010742,0.008774995803833008,0.0,1110100011001010,+++-+---++--+-+-,0,True,"[[0.000189, 68.50773673], [0.008225, 59.68804889], [0.008775, 58.85555945]]",41,quantum,2,
precond_pen=1.800,16,-10.981956608525003,58.855559447326975,1.8,2,0.03685617446899414,0.014550209045410156,0.0,1110100011001010,+++-+---++--+-+-,0,True,"[[0.000171, 68.50773673], [0.007498, 68.40198514], [0.008031, 63.45997997], [0.00835, 60.2850238], [0.01455, 58.85555945]]",41,quantum,2,
precond_pen=1.900,16,-7.703261576888,58.855559447326975,1.9,2,0.040849924087524414,0.00775599479675293,0.0,0001011100110101,---+-+++--++-+-+,0,True,"[[0.000157, 68.50773673], [0.007206, 63.10221545], [0.007756, 58.85555945]]",41,quantum,2,
precond_pen=2.000,16,-7.856253846537996,58.855559447326975,2.0,2,0.09065413475036621,0.020827054977416992,0.0,1110100011001010,+++-+---++--+-+-,0,True,"[[0.000179, 68.50773673], [0.007014, 64.57328156], [0.007524, 62.68586763], [0.007741, 60.23310194], [0.020827, 58.85555945]]",41,quantum,2,
baseline,16,53.508881400785995,53.50888140078601,,2,0.10863208770751953,0.09949517250061035,0.0,1100001011111000,++----+-+++++---,0,True,"[[0.000247, 57.28100237], [0.007213, 54.33266577], [0.090173, 54.23838821], [0.098373, 53.5784754], [0.099495, 53.5088814]]",42,quantum,2,
precond_pen=1.100,16,-1.7932392428209978,53.57847540413398,1.1,2,0.12010312080383301,0.10162496566772461,0.0,1010110010001110,+-+-++--+---+++-,0,True,"[[0.001273, 57.28100237], [0.008847, 54.33266577], [0.088804, 54.2068099], [0.101625, 53.5088814], [0.117354, 53.5784754]]",42,quantum,2,
precond_pen=1.200,16,-1.6278633070620012,53.50888140078601,1.2,2,0.16687607765197754,0.13559699058532715,0.0,0011110100000111,--++++-+-----+++,0,True,"[[0.000166, 57.28100237], [0.007475, 54.33266577], [0.103331, 54.23838821], [0.135165, 54.2068099], [0.135541, 53.5784754], [0.135597, 53.5088814]]",42,quantum,2,
precond_pen=1.300,16,-8.625905296490995,54.33266577087197,1.3,2,0.038040876388549805,0.012701988220214844,0.0,0100001001111011,-+----+--++++-++,0,True,"[[0.000418, 57.28100237], [0.01026, 55.47273549], [0.011436, 55.60597575], [0.012295, 55.48511072], [0.012702, 54.33266577]]",42,quantum,2,
precond_pen=1.400,16,-1.414766685826005,53.50888140078601,1.4,2,0.16669797897338867,0.14669013023376465,0.0,0011110100000111,--++++-+-----+++,0,True,"[[0.000698, 57.28100237], [0.009497, 54.33266577], [0.106498, 54.2068099], [0.144089, 53.5784754], [0.14669, 53.5088814]]",42,quantum,2,
precond_pen=1.500,16,-1.332059359085,53.50888140078601,1.5,2,0.17909002304077148,0.16371798515319824,0.0,1100001011111000,++----+-+++++---,0,True,"[[0.000136, 57.28100237], [0.00631, 54.33266577], [0.150417, 54.2068099], [0.152542, 53.5784754], [0.163718, 53.5088814]]",42,quantum,2,
precond_pen=1.600,16,-7.331981052917001,53.57847540413398,1.6,2,0.03804302215576172,0.033905029296875,0.0,1010110010001110,+-+-++--+---+++-,0,True,"[[0.00015, 57.28100237], [0.006726, 54.2068099], [0.033905, 53.5784754]]",42,quantum,2,
precond_pen=1.700,16,-4.887639496129996,53.50888140078601,1.7,2,0.08772397041320801,0.02351999282836914,0.0,0011110100000111,--++++-+-----+++,0,True,"[[0.000155, 57.28100237], [0.007926, 56.62251696], [0.008296, 54.33266577], [0.02352, 53.5088814]]",42,quantum,2,
precond_pen=1.800,16,-7.541521110666998,53.57847540413398,1.8,2,0.037310123443603516,0.014548063278198242,0.0,0101001101110001,-+-+--++-+++---+,0,True,"[[0.000138, 57.28100237], [0.006115, 56.00650382], [0.006639, 55.60597575], [0.006906, 54.2068099], [0.014548, 53.5088814], [0.014891, 53.5784754]]",42,quantum,2,
precond_pen=1.900,16,-12.281425999737,54.33266577087197,1.9,2,0.05249309539794922,0.007132053375244141,0.0,1011110110000100,+-++++-++----+--,0,True,"[[0.000155, 57.28100237], [0.007132, 53.5088814], [0.007737, 54.33266577]]",42,quantum,2,
precond_pen=2.000,16,-8.209453299926999,53.57847540413398,2.0,2,0.0429990291595459,0.033976078033447266,0.0,1010110010001110,+-+-++--+---+++-,0,True,"[[0.000164, 57.28100237], [0.005985, 55.47273549], [0.006632, 55.60597575], [0.006978, 54.33266577], [0.033976, 53.5784754]]",42,quantum,2,
baseline,16,56.31625406638999,56.31625406639001,,2,0.3353290557861328,0.007693052291870117,0.0,1100101100110010,++--+-++--++--+-,0,True,"[[0.000157, 66.61160606], [0.006913, 64.70867725], [0.007353, 62.87394182], [0.007693, 56.31625407]]",43,quantum,2,
precond_pen=1.100,16,-1.8498499597870026,56.31625406639001,1.1,2,0.09044814109802246,0.08472299575805664,0.0,1100101100110010,++--+-++--++--+-,0,True,"[[0.000162, 66.61160606], [0.008803, 61.99669544], [0.009167, 59.04859689], [0.083845, 57.47399793], [0.084369, 57.32304598], [0.084579, 57.22246963], [0.084723, 56.31625407], [0.089464, 56.31625407]]",43,quantum,2,
precond_pen=1.200,16,-1.6765253879959987,56.31625406639001,1.2,2,0.05045580863952637,0.01568889617919922,0.0,0011010011001101,--++-+--++--++-+,0,True,"[[0.000194, 66.61160606], [0.008376, 58.37329362], [0.008807, 57.32304598], [0.015689, 56.31625407]]",43,quantum,2,
precond_pen=1.300,16,-1.5437187049779943,56.31625406639001,1.3,2,0.06426596641540527,0.00923013687133789,0.0,0011010011001101,--++-+--++--++-+,0,True,"[[0.000201, 66.61160606], [0.008052, 66.23307259], [0.008881, 60.81282792], [0.00923, 56.31625407]]",43,quantum,2,
precond_pen=1.400,16,-1.4385002454050033,56.31625406639001,1.4,2,0.07660913467407227,0.01474905014038086,0.0,0011010011001101,--++-+--++--++-+,0,True,"[[0.00015, 66.61160606], [0.007858, 61.37358211], [0.008144, 59.04859689], [0.014749, 56.31625407]]",43,quantum,2,
precond_pen=1.500,16,-1.352955027533005,56.31625406639001,1.5,2,0.14998793601989746,0.012766838073730469,0.0,0011010011001101,--++-+--++--++-+,0,True,"[[0.00015, 66.61160606], [0.006806, 61.97285462], [0.007001, 59.04859689], [0.012767, 56.31625407]]",43,quantum,2,
precond_pen=1.600,16,-1.339437623717,56.31625406639001,1.6,2,0.14991307258605957,0.013559103012084961,0.0,0011010011001101,--++-+--++--++-+,0,True,"[[0.000142, 66.61160606], [0.006538, 62.60505448], [0.006975, 61.97285462], [0.00711, 59.04859689], [0.013559, 56.31625407]]",43,quantum,2,
precond_pen=1.700,16,-1.3237450622300022,56.31625406639001,1.7,2,0.12180089950561523,0.013978004455566406,0.0,0011010011001101,--++-+--++--++-+,0,True,"[[0.00014, 66.61160606], [0.006521, 61.97285462], [0.006709, 59.04859689], [0.013978, 56.31625407]]",43,quantum,2,
precond_pen=1.800,16,-0.9554999449780057,56.31625406639001,1.8,2,0.05856585502624512,0.028613805770874023,0.0,0011010011001101,--++-+--++--++-+,0,True,"[[0.000166, 66.61160606], [0.006787, 60.76488535], [0.006937, 57.32304598], [0.028614, 56.31625407]]",43,quantum,2,
precond_pen=1.900,16,-2.250084967250001,56.31625406639001,1.9,2,0.13880300521850586,0.024447917938232422,0.0,0011010011001101,--++-+--++--++-+,0,True,"[[0.00019, 66.61160606], [0.010102, 61.97285462], [0.010585, 59.04859689], [0.024448, 56.31625407]]",43,quantum,2,
precond_pen=2.000,16,-2.2087942899209976,56.31625406639001,2.0,2,0.12421393394470215,0.01858687400817871,0.0,0011010011001101,--++-+--++--++-+,0,True,"[[0.0002, 66.61160606], [0.008589, 65.44373376], [0.008919, 59.04859689], [0.018587, 56.31625407]]",43,quantum,2,
baseline,16,53.15022057514402,53.150220575143976,,2,0.08382606506347656,0.026838064193725586,0.0,0101010111100100,-+-+-+-++++--+--,0,True,"[[0.000188, 66.97830628], [0.00762, 65.66431613], [0.007936, 53.29178636], [0.026838, 53.15022058]]",44,quantum,2,
precond_pen=1.100,16,-2.1830721003549955,53.150220575143976,1.1,2,0.09810185432434082,0.02832484245300293,0.0,1010101000011011,+-+-+-+----++-++,0,True,"[[0.000189, 66.97830628], [0.008055, 65.5735477], [0.008348, 53.29178636], [0.028325, 53.15022058]]",44,quantum,2,
precond_pen=1.200,16,-1.9581562355609998,53.150220575143976,1.2,2,0.1643540859222412,0.03610110282897949,0.0,1010101000011011,+-+-+-+----++-++,0,True,"[[0.000174, 66.97830628], [0.008381, 66.12107922], [0.00871, 53.29178636], [0.036101, 53.15022058]]",44,quantum,2,
precond_pen=1.300,16,-1.788095358043,53.150220575143976,1.3,2,0.12270092964172363,0.01536107063293457,0.0,0101010111100100,-+-+-+-++++--+--,0,True,"[[0.000146, 66.97830628], [0.007577, 65.21739309], [0.007999, 63.33353443], [0.008224, 53.29178636], [0.015361, 53.15022058]]",44,quantum,2,
precond_pen=1.400,16,-7.800947074370998,53.150220575143976,1.4,2,0.021592140197753906,0.014230012893676758,0.0,0101010111100100,-+-+-+-++++--+--,0,True,"[[0.000173, 66.97830628], [0.007113, 62.23393655], [0.007808, 53.29178636], [0.01423, 53.15022058]]",44,quantum,2,
precond_pen=1.500,16,-8.764180101253999,53.150220575143976,1.5,2,0.056498050689697266,0.013303041458129883,0.0,0101010111100100,-+-+-+-++++--+--,0,True,"[[0.000143, 66.97830628], [0.006426, 62.44353441], [0.006915, 53.29178636], [0.013303, 53.15022058]]",44,quantum,2,
precond_pen=1.600,16,-9.362490599205001,53.150220575143976,1.6,2,0.019639968872070312,0.013756990432739258,0.0,0101010111100100,-+-+-+-++++--+--,0,True,"[[0.000175, 66.97830628], [0.007208, 58.50627141], [0.007677, 53.29178636], [0.013757, 53.15022058]]",44,quantum,2,
precond_pen=1.700,16,-1.399565213801,53.150220575143976,1.7,2,0.137984037399292,0.01404714584350586,0.0,1010101000011011,+-+-+-+----++-++,0,True,"[[0.000159, 66.97830628], [0.006638, 64.60732555], [0.006941, 53.29178636], [0.014047, 53.15022058]]",44,quantum,2,
precond_pen=1.800,16,-16.615851795386998,53.150220575143976,1.8,2,0.015278816223144531,0.007355928421020508,0.0,1010101000011011,+-+-+-+----++-++,0,True,"[[0.000157, 66.97830628], [0.006939, 56.57466413], [0.007356, 53.15022058]]",44,quantum,2,
precond_pen=1.900,16,-9.783850599531,53.150220575143976,1.9,2,0.024163007736206055,0.01655888557434082,0.0,1010101000011011,+-+-+-+----++-++,0,True,"[[0.000132, 66.97830628], [0.006623, 65.79117537], [0.007435, 62.95531317], [0.007943, 64.82491141], [0.008207, 53.29178636], [0.016559, 53.15022058]]",44,quantum,2,
precond_pen=2.000,16,-17.23084172231,53.616019821768006,2.0,2,0.017374038696289062,0.006479024887084961,0.0,1010001001111010,+-+---+--++++-+-,0,True,"[[0.000134, 66.97830628], [0.005896, 62.23393655], [0.006479, 53.61601982]]",44,quantum,2,
baseline,16,52.970173795464014,52.970173795463964,,2,0.11538910865783691,0.09590697288513184,0.0,1010101110001001,+-+-+-+++---+--+,0,True,"[[0.00014, 64.12096068], [0.005514, 62.76205983], [0.005857, 62.70679051], [0.006242, 61.89953132], [0.006441, 54.03093178], [0.026952, 53.50755793], [0.095907, 52.9701738], [0.114309, 52.9701738]]",45,quantum,2,
precond_pen=1.100,16,-1.718905542377997,52.970173795463964,1.1,2,0.18550395965576172,0.00876307487487793,0.0,1010101110001001,+-+-+-+++---+--+,0,True,"[[0.000162, 64.12096068], [0.008385, 60.21607683], [0.008763, 52.9701738]]",45,quantum,2,
precond_pen=1.200,16,-1.6893866058599976,52.970173795463964,1.2,2,0.17561697959899902,0.008944988250732422,0.0,1010101110001001,+-+-+-+++---+--+,0,True,"[[0.001149, 64.12096068], [0.008654, 60.28292136], [0.008945, 52.9701738]]",45,quantum,2,
precond_pen=1.300,16,-1.4476011605099979,52.970173795463964,1.3,2,0.15141987800598145,0.007547855377197266,0.0,1010101110001001,+-+-+-+++---+--+,0,True,"[[0.000151, 64.12096068], [0.007261, 56.88071623], [0.007548, 52.9701738]]",45,quantum,2,
precond_pen=1.400,16,-1.4294469746069964,52.970173795463964,1.4,2,0.1656949520111084,0.015279054641723633,0.0,1010101110001001,+-+-+-+++---+--+,0,True,"[[0.000148, 64.12096068], [0.007624, 60.75893928], [0.008061, 59.89795134], [0.008215, 53.32113868], [0.015279, 52.9701738]]",45,quantum,2,
precond_pen=1.500,16,-1.4078701478950002,52.970173795463964,1.5,2,0.15040111541748047,0.14861702919006348,0.0,0101010001110110,-+-+-+---+++-++-,0,True,"[[0.00015, 64.12096068], [0.006388, 60.75893928], [0.006668, 59.89795134], [0.006797, 53.32113868], [0.148617, 52.9701738], [0.149513, 52.9701738]]",45,quantum,2,
precond_pen=1.600,16,-1.1157638557450014,52.970173795463964,1.6,2,0.24440503120422363,0.008584976196289062,0.0,1010101110001001,+-+-+-+++---+--+,0,True,"[[0.000145, 64.12096068], [0.008224, 62.98082014], [0.008585, 52.9701738]]",45,quantum,2,
precond_pen=1.700,16,-1.0965879631699993,52.970173795463964,1.7,2,0.2513890266418457,0.006327152252197266,0.0,1010101110001001,+-+-+-+++---+--+,0,True,"[[0.000164, 64.12096068], [0.006124, 62.98082014], [0.006327, 52.9701738]]",45,quantum,2,
precond_pen=1.800,16,-11.131513068213998,52.970173795463964,1.8,2,0.043977975845336914,0.008784055709838867,0.0,1010101110001001,+-+-+-+++---+--+,0,True,"[[0.000148, 64.12096068], [0.007158, 57.56066606], [0.008379, 56.69629683], [0.008784, 52.9701738]]",45,quantum,2,
precond_pen=1.900,16,-11.247620916536,52.970173795463964,1.9,2,0.03623318672180176,0.008599042892456055,0.0,1010101110001001,+-+-+-+++---+--+,0,True,"[[0.000155, 64.12096068], [0.007225, 60.70105161], [0.007713, 60.21578298], [0.008313, 56.69629683], [0.008599, 52.9701738]]",45,quantum,2,
precond_pen=2.000,16,-2.3206682642729985,52.970173795463964,2.0,2,0.07032299041748047,0.00879812240600586,0.0,1010101110001001,+-+-+-+++---+--+,0,True,"[[0.000173, 64.12096068], [0.0084, 60.28292136], [0.008798, 52.9701738]]",45,quantum,2,
baseline,16,51.191062953102005,51.191062953101955,,2,0.18853402137756348,0.027502059936523438,0.0,0011101101011000,--+++-++-+-++---,0,True,"[[0.000156, 61.67329133], [0.006479, 58.71647211], [0.006725, 51.65703938], [0.027502, 51.19106295]]",46,quantum,2,
precond_pen=1.100,16,-1.6978308591499989,51.191062953101955,1.1,2,0.13135409355163574,0.01607489585876465,0.0,1100010010100111,++---+--+-+--+++,0,True,"[[0.000143, 61.67329133], [0.007669, 59.40548337], [0.008071, 51.65703938], [0.016075, 51.19106295]]",46,quantum,2,
precond_pen=1.200,16,-1.5639251930099975,51.191062953101955,1.2,2,0.12796902656555176,0.09411215782165527,0.0,0011101101011000,--+++-++-+-++---,0,True,"[[0.000141, 61.67329133], [0.00721, 56.83391274], [0.007476, 51.65703938], [0.094112, 51.19106295]]",46,quantum,2,
precond_pen=1.300,16,-1.4482466635659978,51.191062953101955,1.3,2,0.16253018379211426,0.01524496078491211,0.0,1100010010100111,++---+--+-+--+++,0,True,"[[0.000152, 61.67329133], [0.007581, 59.53198104], [0.00791, 51.65703938], [0.015245, 51.19106295]]",46,quantum,2,
precond_pen=1.400,16,-1.3423433960230007,51.191062953101955,1.4,2,0.1709740161895752,0.008389949798583984,0.0,1100010010100111,++---+--+-+--+++,0,True,"[[0.00015, 61.67329133], [0.007946, 58.38878073], [0.00839, 51.19106295]]",46,quantum,2,
precond_pen=1.500,16,-1.2673840041740023,51.191062953101955,1.5,2,0.2131049633026123,0.014753103256225586,0.0,1100010010100111,++---+--+-+--+++,0,True,"[[0.000166, 61.67329133], [0.007019, 60.71558087], [0.007578, 58.71647211], [0.007986, 58.17846777], [0.008181, 51.65703938], [0.014753, 51.19106295]]",46,quantum,2,
precond_pen=1.600,16,-3.8716850619240004,51.191062953101955,1.6,2,0.06354808807373047,0.051384925842285156,0.0,0011101101011000,--+++-++-+-++---,0,True,"[[0.000158, 61.67329133], [0.007616, 55.85785973], [0.008132, 53.18925095], [0.01423, 51.98647913], [0.046722, 52.02423722], [0.051385, 51.19106295], [0.062676, 51.19106295]]",46,quantum,2,
precond_pen=1.700,16,-6.298449278893997,51.191062953101955,1.7,2,0.04538297653198242,0.015429019927978516,0.0,0011101101011000,--+++-++-+-++---,0,True,"[[0.000141, 61.67329133], [0.006195, 54.96969857], [0.006651, 51.65703938], [0.015429, 51.19106295]]",46,quantum,2,
precond_pen=1.800,16,-2.5060795578319954,51.191062953101955,1.8,2,0.06854104995727539,0.03840899467468262,0.0,1100010010100111,++---+--+-+--+++,0,True,"[[0.000124, 61.67329133], [0.006358, 59.09342037], [0.00684, 58.71647211], [0.007216, 57.64002629], [0.007458, 51.65703938], [0.038409, 51.19106295]]",46,quantum,2,
precond_pen=1.900,16,-10.527139360592003,51.191062953101955,1.9,2,0.04598712921142578,0.00784921646118164,0.0,1100010010100111,++---+--+-+--+++,0,True,"[[0.000151, 61.67329133], [0.007416, 53.23648096], [0.007849, 51.19106295]]",46,quantum,2,
precond_pen=2.000,16,-10.467988817734,51.191062953101955,2.0,2,0.03360605239868164,0.008059024810791016,0.0,1100010010100111,++---+--+-+--+++,0,True,"[[0.000152, 61.67329133], [0.006874, 58.60510303], [0.007762, 55.29776488], [0.008059, 51.19106295]]",46,quantum,2,
baseline,16,57.55010545807402,57.550105458073986,,2,0.11357498168945312,0.10091090202331543,0.0,0100101100111100,-+--+-++--++++--,0,True,"[[0.000144, 74.14415895], [0.005841, 69.81351686], [0.006059, 69.33623008], [0.006247, 61.27968596], [0.027863, 59.67098493], [0.100911, 57.55010546], [0.112186, 57.55010546]]",47,quantum,2,
precond_pen=1.100,16,-1.942238643539996,57.550105458073986,1.1,2,0.09180307388305664,0.07749199867248535,0.0,1011010011000011,+-++-+--++----++,0,True,"[[0.000162, 74.14415895], [0.008456, 65.63039268], [0.008778, 58.2707661], [0.077492, 57.55010546]]",47,quantum,2,
precond_pen=1.200,16,-1.753654211642,57.550105458073986,1.2,2,0.1029210090637207,0.015846967697143555,0.0,1011010011000011,+-++-+--++----++,0,True,"[[0.000152, 74.14415895], [0.005784, 66.01537801], [0.006194, 63.61570637], [0.006516, 62.56422977], [0.006674, 61.27968596], [0.011618, 58.2707661], [0.015847, 57.55010546]]",47,quantum,2,
precond_pen=1.300,16,-1.6101440249979992,57.550105458073986,1.3,2,0.12491703033447266,0.020566940307617188,0.0,1011010011000011,+-++-+--++----++,0,True,"[[0.000145, 74.14415895], [0.006678, 64.86711898], [0.007058, 63.61570637], [0.007312, 58.2707661], [0.020567, 57.55010546]]",47,quantum,2,
precond_pen=1.400,16,-1.496989497708995,57.550105458073986,1.4,2,0.16687488555908203,0.12180280685424805,0.0,0100101100111100,-+--+-++--++++--,0,True,"[[0.000142, 74.14415895], [0.006083, 70.72638252], [0.006484, 69.33623008], [0.006725, 66.61310717], [0.006876, 58.2707661], [0.121803, 57.55010546]]",47,quantum,2,
precond_pen=1.500,16,-1.4140366887109979,57.550105458073986,1.5,2,0.1512300968170166,0.00699615478515625,0.0,1011010011000011,+-++-+--++----++,0,True,"[[0.00014, 74.14415895], [0.006702, 72.7138981], [0.006996, 57.55010546]]",47,quantum,2,
precond_pen=1.600,16,-1.3382192105480026,57.550105458073986,1.6,2,0.11268997192382812,0.08214998245239258,0.0,1011010011000011,+-++-+--++----++,0,True,"[[0.000142, 74.14415895], [0.006374, 66.61310717], [0.006682, 58.2707661], [0.08215, 57.55010546]]",47,quantum,2,
precond_pen=1.700,16,-1.3191178349389983,57.550105458073986,1.7,2,0.14266610145568848,0.015460014343261719,0.0,1011010011000011,+-++-+--++----++,0,True,"[[0.000156, 74.14415895], [0.006904, 66.61310717], [0.007212, 58.2707661], [0.01546, 57.55010546]]",47,quantum,2,
precond_pen=1.800,16,-1.116033037608,57.550105458073986,1.8,2,0.2585611343383789,0.007766008377075195,0.0,1011010011000011,+-++-+--++----++,0,True,"[[0.00017, 74.14415895], [0.007479, 67.55777935], [0.007766, 57.55010546]]",47,quantum,2,
precond_pen=1.900,16,-6.0497262961749945,57.550105458073986,1.9,2,0.025249958038330078,0.00712895393371582,0.0,1011010011000011,+-++-+--++----++,0,True,"[[0.000146, 74.14415895], [0.006125, 66.45953981], [0.006534, 66.52596114], [0.006938, 61.4802776], [0.007129, 57.55010546]]",47,quantum,2,
precond_pen=2.000,16,-6.128566353466001,57.550105458073986,2.0,2,0.045287132263183594,0.006139993667602539,0.0,1011010011000011,+-++-+--++----++,0,True,"[[0.000133, 74.14415895], [0.005335, 68.62779335], [0.005579, 69.33623008], [0.005942, 64.24398346], [0.00614, 57.55010546]]",47,quantum,2,
baseline,16,52.83573420340597,52.835734203406,,2,0.20625996589660645,0.19046998023986816,0.0,0110110010111000,-++-++--+-+++---,0,True,"[[0.000169, 61.55636568], [0.007139, 61.00093952], [0.008023, 57.90998019], [0.008547, 53.35216122], [0.19047, 52.8357342], [0.204725, 52.8357342]]",48,quantum,2,
precond_pen=1.100,16,-1.8589258983650012,52.835734203406,1.1,2,0.12047910690307617,0.007706165313720703,0.0,1001001101000111,+--+--++-+---+++,0,True,"[[0.000168, 61.55636568], [0.007706, 52.8357342]]",48,quantum,2,
precond_pen=1.200,16,-1.6835907974110018,52.835734203406,1.2,2,0.12093400955200195,0.015367984771728516,0.0,1001001101000111,+--+--++-+---+++,0,True,"[[0.000175, 61.55636568], [0.007583, 61.53039908], [0.007954, 53.35216122], [0.015368, 52.8357342]]",48,quantum,2,
precond_pen=1.300,16,-1.5497685096929992,52.835734203406,1.3,2,0.12803912162780762,0.006395101547241211,0.0,1001001101000111,+--+--++-+---+++,0,True,"[[0.000138, 61.55636568], [0.006156, 60.11722059], [0.006395, 52.8357342]]",48,quantum,2,
precond_pen=1.400,16,-1.4439987747160004,52.835734203406,1.4,2,0.20838499069213867,0.007057905197143555,0.0,1001001101000111,+--+--++-+---+++,0,True,"[[0.00014, 61.55636568], [0.006795, 59.67414027], [0.007058, 52.8357342]]",48,quantum,2,
precond_pen=1.500,16,-6.247292689136002,53.357645477279995,1.5,2,0.04738903045654297,0.023930072784423828,0.0,1011001101000110,+-++--++-+---++-,0,True,"[[0.000161, 61.55636568], [0.006724, 57.81745187], [0.007279, 53.61692299], [0.02393, 53.35764548]]",48,quantum,2,
precond_pen=1.600,16,-6.705590734400001,53.357645477279995,1.6,2,0.03905916213989258,0.03309512138366699,0.0,0100110010111001,-+--++--+-+++--+,0,True,"[[0.00015, 61.55636568], [0.007214, 55.43173549], [0.00784, 53.61692299], [0.033095, 53.35764548]]",48,quantum,2,
precond_pen=1.700,16,-11.299069914757998,53.616922986814,1.7,2,0.03783893585205078,0.008530139923095703,0.0,0001010100110111,---+-+-+--++-+++,0,True,"[[0.000234, 61.55636568], [0.007544, 58.88702914], [0.008118, 57.90998019], [0.00853, 53.35764548], [0.01498, 53.61692299]]",48,quantum,2,
precond_pen=1.800,16,-11.684955704623,53.616922986814,1.8,2,0.023309946060180664,0.0073430538177490234,0.0,0001010100110111,---+-+-+--++-+++,0,True,"[[0.000218, 61.55636568], [0.006858, 53.7692631], [0.007343, 53.61692299]]",48,quantum,2,
precond_pen=1.900,16,-11.821336777324003,53.616922986814,1.9,2,0.02264404296875,0.00757908821105957,0.0,0001010100110111,---+-+-+--++-+++,0,True,"[[0.000152, 61.55636568], [0.006834, 55.43173549], [0.007579, 53.61692299]]",48,quantum,2,
precond_pen=2.000,16,-11.78422543526,53.616922986814,2.0,2,0.07709002494812012,0.00673985481262207,0.0,1110101011001000,+++-+-+-++--+---,0,True,"[[0.000145, 61.55636568], [0.006284, 57.59086897], [0.00674, 53.35764548], [0.012271, 53.61692299]]",48,quantum,2,
baseline,16,52.93206856060904,52.932068560609004,,2,0.08745098114013672,0.006386995315551758,0.0,1100010100010111,++---+-+---+-+++,0,True,"[[0.000146, 71.46377212], [0.005595, 69.4039771], [0.005862, 68.55219577], [0.006187, 68.17790329], [0.006387, 52.93206856]]",49,quantum,2,
precond_pen=1.100,16,-1.961783364511997,52.932068560609004,1.1,2,0.10329604148864746,0.01647806167602539,0.0,1100010100010111,++---+-+---+-+++,0,True,"[[0.000157, 71.46377212], [0.007436, 63.92929091], [0.008104, 62.84960461], [0.008427, 59.88199103], [0.008592, 54.34390541], [0.016478, 52.93206856]]",49,quantum,2,
precond_pen=1.200,16,-1.7694937961489945,52.932068560609004,1.2,2,0.11085891723632812,0.016662120819091797,0.0,1100010100010111,++---+-+---+-+++,0,True,"[[0.000161, 71.46377212], [0.008573, 59.88199103], [0.009113, 54.34390541], [0.016662, 52.93206856]]",49,quantum,2,
precond_pen=1.300,16,-1.6233913254270025,52.932068560609004,1.3,2,0.13402700424194336,0.01561594009399414,0.0,1100010100010111,++---+-+---+-+++,0,True,"[[0.000162, 71.46377212], [0.007692, 59.34213962], [0.008364, 58.90491801], [0.008597, 54.34390541], [0.015616, 52.93206856]]",49,quantum,2,
precond_pen=1.400,16,-1.5232302123369985,52.932068560609004,1.4,2,0.45299410820007324,0.008234024047851562,0.0,1100010100010111,++---+-+---+-+++,0,True,"[[0.000173, 71.46377212], [0.0078, 58.81263758], [0.008234, 52.93206856]]",49,quantum,2,
precond_pen=1.500,16,-1.4152020053509977,52.932068560609004,1.5,2,0.20452308654785156,0.013684988021850586,0.0,0011101011101000,--+++-+-+++-+---,0,True,"[[0.000164, 71.46377212], [0.007292, 61.83262443], [0.007627, 54.34390541], [0.013685, 52.93206856]]",49,quantum,2,
precond_pen=1.600,16,-1.4006170042139976,52.932068560609004,1.6,2,0.23121881484985352,0.00816488265991211,0.0,1100010100010111,++---+-+---+-+++,0,True,"[[0.000163, 71.46377212], [0.007838, 65.56909532], [0.008165, 52.93206856]]",49,quantum,2,
precond_pen=1.700,16,-7.537697873212997,52.932068560609004,1.7,2,0.02138996124267578,0.006571054458618164,0.0,1100010100010111,++---+-+---+-+++,0,True,"[[0.000155, 71.46377212], [0.006141, 61.51070637], [0.006571, 52.93206856]]",49,quantum,2,
precond_pen=1.800,16,-7.746156231821997,52.932068560609004,1.8,2,0.02375507354736328,0.007345914840698242,0.0,0011101011101000,--+++-+-+++-+---,0,True,"[[0.00019, 71.46377212], [0.006795, 58.36110556], [0.007346, 52.93206856]]",49,quantum,2,
precond_pen=1.900,16,-7.818605772092,52.932068560609004,1.9,2,0.02630305290222168,0.007818937301635742,0.0,0011101011101000,--+++-+-+++-+---,0,True,"[[0.000154, 71.46377212], [0.007326, 56.50534229], [0.007819, 52.93206856]]",49,quantum,2,
precond_pen=2.000,16,-14.302020397038,52.932068560609004,2.0,2,0.024750947952270508,0.009154081344604492,0.0,1100010100010111,++---+-+---+-+++,0,True,"[[0.000161, 71.46377212], [0.007672, 68.37342771], [0.008097, 68.55219577], [0.008791, 61.29536108], [0.009154, 52.93206856]]",49,quantum,2,
