name,n,objective_model,objective_baseline,penalty,mip_status,runtime_sec,time_to_best_sec,mip_gap,x_bits,z_bits,sum_z,presolve,trajectory,seed,preconditioner_family,layers,sweeps
baseline,16,52.153185832214,52.15318583221401,,2,0.22873687744140625,0.023092985153198242,0.0,1100001101100101,++----++-++--+-+,0,True,"[[0.000555, 73.03745402], [0.022401, 70.50479998], [0.023093, 52.15318583]]",0,quantum,1,
precond_pen=1.100,16,-1.5675662157470018,52.15318583221401,1.1,2,0.09003996849060059,0.008839845657348633,0.0,1100001101100101,++----++-++--+-+,0,True,"[[0.000164, 73.03745402], [0.008599, 71.35847681], [0.00884, 52.15318583]]",0,quantum,1,
precond_pen=1.200,16,-1.4407286254440015,52.15318583221401,1.2,2,0.051683902740478516,0.007556915283203125,0.0,1100001101100101,++----++-++--+-+,0,True,"[[0.000159, 73.03745402], [0.007327, 68.1667114], [0.007557, 52.15318583]]",0,quantum,1,
precond_pen=1.300,16,-1.3400066016140002,52.15318583221401,1.3,2,0.06066417694091797,0.009212017059326172,0.0,1100001101100101,++----++-++--+-+,0,True,"[[0.00019, 73.03745402], [0.008957, 65.75789146], [0.009212, 52.15318583]]",0,quantum,1,
precond_pen=1.400,16,-1.2580508826150005,52.15318583221401,1.4,2,0.08494305610656738,0.0076100826263427734,0.0,1100001101100101,++----++-++--+-+,0,True,"[[0.000176, 73.03745402], [0.007411, 68.88011754], [0.00761, 52.15318583]]",0,quantum,1,
precond_pen=1.500,16,-1.1900411194450031,52.15318583221401,1.5,2,0.05842399597167969,0.007775068283081055,0.0,1100001101100101,++----++-++--+-+,0,True,"[[0.00016, 73.03745402], [0.007528, 66.48881507], [0.007775, 52.15318583]]",0,quantum,1,
precond_pen=1.600,16,-1.1326825450580005,52.15318583221401,1.6,2,0.06611013412475586,0.007417201995849609,0.0,0011110010011010,--++++--+--++-+-,0,True,"[[0.00016, 73.03745402], [0.006998, 72.04627882], [0.00726, 65.70384053], [0.007417, 52.15318583]]",0,quantum,1,
precond_pen=1.700,16,-1.0836450871239993,52.15318583221401,1.7,2,0.0831899642944336,0.00783395767211914,0.0,0011110010011010,--++++--+--++-+-,0,True,"[[0.000178, 73.03745402], [0.007174, 72.30986055], [0.007453, 65.87958235], [0.007668, 64.56147757], [0.007834, 52.15318583]]",0,quantum,1,
precond_pen=1.800,16,-1.041234477238003,52.15318583221401,1.8,2,0.08277010917663574,0.008044004440307617,0.0,0011110010011010,--++++--+--++-+-,0,True,"[[0.000179, 73.03745402], [0.007351, 72.30986055], [0.00768, 65.87958235], [0.007885, 64.56147757], [0.008044, 52.15318583]]",0,quantum,1,
precond_pen=1.900,16,-1.004188309733002,52.15318583221401,1.9,2,0.06466913223266602,0.007220029830932617,0.0,0011110010011010,--++++--+--++-+-,0,True,"[[0.000196, 73.03745402], [0.007011, 69.56237389], [0.00722, 52.15318583]]",0,quantum,1,
precond_pen=2.000,16,-0.9715461393349969,52.15318583221401,2.0,2,0.05969119071960449,0.008134126663208008,0.0,0011110010011010,--++++--+--++-+-,0,True,"[[0.000202, 73.03745402], [0.0079, 69.56237389], [0.008134, 52.15318583]]",0,quantum,1,
baseline,16,54.52969249298498,54.529692492984985,,2,0.19007611274719238,0.0076770782470703125,0.0,1011100110000011,+-+++--++-----++,0,True,"[[0.000174, 70.39490808], [0.007082, 69.51964787], [0.007418, 68.22205269], [0.007677, 54.52969249]]",1,quantum,1,
precond_pen=1.100,16,-1.128363075605999,54.529692492984985,1.1,2,0.2044050693511963,0.008687019348144531,0.0,0100011001111100,-+---++--+++++--,0,True,"[[0.000173, 70.39490808], [0.008089, 62.15042293], [0.008687, 54.52969249]]",1,quantum,1,
precond_pen=1.200,16,-1.0542318148510024,54.529692492984985,1.2,2,0.22297310829162598,0.22095513343811035,0.0,0100011001111100,-+---++--+++++--,0,True,"[[0.000245, 70.39490808], [0.010218, 66.63073347], [0.010601, 54.72989054], [0.220955, 54.52969249], [0.221839, 54.52969249]]",1,quantum,1,
precond_pen=1.300,16,-0.9948578147800031,54.529692492984985,1.3,2,0.24807214736938477,0.2461869716644287,0.0,1011100110000011,+-+++--++-----++,0,True,"[[0.00015, 70.39490808], [0.00728, 64.85245517], [0.007537, 54.72989054], [0.246187, 54.52969249], [0.247001, 54.52969249]]",1,quantum,1,
precond_pen=1.400,16,-0.9462159998430018,54.529692492984985,1.4,2,0.24916505813598633,0.17211294174194336,0.0,0100011001111100,-+---++--+++++--,0,True,"[[0.000129, 70.39490808], [0.008224, 62.44988331], [0.008479, 54.72989054], [0.172113, 54.52969249]]",1,quantum,1,
precond_pen=1.500,16,-0.9056268856450043,54.529692492984985,1.5,2,0.2567129135131836,0.16643309593200684,0.0,1011100110000011,+-+++--++-----++,0,True,"[[0.000171, 70.39490808], [0.009506, 65.08804683], [0.00989, 54.72989054], [0.166433, 54.52969249]]",1,quantum,1,
precond_pen=1.600,16,-0.8712369042339967,54.529692492984985,1.6,2,0.2558329105377197,0.01669597625732422,0.0,0100011001111100,-+---++--+++++--,0,True,"[[0.00017, 70.39490808], [0.008271, 59.39150001], [0.008717, 54.72989054], [0.016696, 54.52969249]]",1,quantum,1,
precond_pen=1.700,16,-0.8417220493840016,54.529692492984985,1.7,2,0.2588379383087158,0.25691986083984375,0.0,1011100110000011,+-+++--++-----++,0,True,"[[0.000171, 70.39490808], [0.00799, 64.38581389], [0.008316, 54.72989054], [0.25692, 54.52969249], [0.257763, 54.52969249]]",1,quantum,1,
precond_pen=1.800,16,-0.8161112027049962,54.529692492984985,1.8,2,0.31983184814453125,0.30032992362976074,0.0,0100011001111100,-+---++--+++++--,0,True,"[[0.000163, 70.39490808], [0.006884, 67.33219015], [0.007348, 66.20889003], [0.007623, 66.01049301], [0.007815, 54.72989054], [0.30033, 54.52969249]]",1,quantum,1,
precond_pen=1.900,16,-0.793675931864998,54.529692492984985,1.9,2,0.21768403053283691,0.21263504028320312,0.0,1011100110000011,+-+++--++-----++,0,True,"[[0.000148, 70.39490808], [0.007118, 65.89845801], [0.007377, 54.72989054], [0.212635, 54.52969249], [0.216576, 54.52969249]]",1,quantum,1,
precond_pen=2.000,16,-0.7738585399850013,54.529692492984985,2.0,2,0.2556450366973877,0.2537810802459717,0.0,1011100110000011,+-+++--++-----++,0,True,"[[0.000186, 70.39490808], [0.007009, 65.89845801], [0.00724, 54.72989054], [0.253781, 54.52969249], [0.254641, 54.52969249]]",1,quantum,1,
baseline,16,50.310833559542,50.310833559541976,,2,0.11219286918640137,0.005889892578125,0.0,1010001100110011,+-+---++--++--++,0,True,"[[0.000157, 62.56545302], [0.005695, 62.25577299], [0.00589, 50.31083356]]",2,quantum,1,
precond_pen=1.100,16,-1.2180146675480001,50.310833559541976,1.1,2,0.19338417053222656,0.007887125015258789,0.0,0101110011001100,-+-+++--++--++--,0,True,"[[0.000155, 62.56545302], [0.00761, 58.45071296], [0.007887, 50.31083356]]",2,quantum,1,
precond_pen=1.200,16,-1.135178738939997,50.310833559541976,1.2,2,0.16150283813476562,0.007345914840698242,0.0,0101110011001100,-+-+++--++--++--,0,True,"[[0.000152, 62.56545302], [0.007084, 58.45071296], [0.007346, 50.31083356]]",2,quantum,1,
precond_pen=1.300,16,-1.0686214253510053,50.310833559541976,1.3,2,0.261444091796875,0.008008956909179688,0.0,0101110011001100,-+-+++--++--++--,0,True,"[[0.000187, 62.56545302], [0.007729, 60.32284466], [0.008009, 50.31083356]]",2,quantum,1,
precond_pen=1.400,16,-1.013956423033001,50.310833559541976,1.4,2,0.16044092178344727,0.006906032562255859,0.0,0101110011001100,-+-+++--++--++--,0,True,"[[0.000151, 62.56545302], [0.006683, 60.99168658], [0.006906, 50.31083356]]",2,quantum,1,
precond_pen=1.500,16,-0.9682469764129973,50.310833559541976,1.5,2,0.38742613792419434,0.007606029510498047,0.0,0101110011001100,-+-+++--++--++--,0,True,"[[0.000153, 62.56545302], [0.007358, 60.99168658], [0.007606, 50.31083356]]",2,quantum,1,
precond_pen=1.600,16,-0.9294521962109936,50.310833559541976,1.6,2,0.201185941696167,0.009459972381591797,0.0,1010001100110011,+-+---++--++--++,0,True,"[[0.000178, 62.56545302], [0.008937, 59.48536742], [0.00946, 50.31083356]]",2,quantum,1,
precond_pen=1.700,16,-0.8961086802940015,50.310833559541976,1.7,2,0.20993900299072266,0.00745081901550293,0.0,0101110011001100,-+-+++--++--++--,0,True,"[[0.000155, 62.56545302], [0.007252, 60.99168658], [0.007451, 50.31083356]]",2,quantum,1,
precond_pen=1.800,16,-0.8671401264299954,50.310833559541976,1.8,2,0.1765279769897461,0.008381128311157227,0.0,0101110011001100,-+-+++--++--++--,0,True,"[[0.000164, 62.56545302], [0.00762, 56.96710954], [0.008381, 50.31083356]]",2,quantum,1,
precond_pen=1.900,16,-0.8417362656479996,50.310833559541976,1.9,2,0.17970705032348633,0.010394096374511719,0.0,0101110011001100,-+-+++--++--++--,0,True,"[[0.000235, 62.56545302], [0.010004, 60.99168658], [0.010394, 50.31083356]]",2,quantum,1,
precond_pen=2.000,16,-0.8192759543329968,50.310833559541976,2.0,2,0.17447185516357422,0.009006023406982422,0.0,0101110011001100,-+-+++--++--++--,0,True,"[[0.000194, 62.56545302], [0.008666, 62.51175233], [0.009006, 50.31083356]]",2,quantum,1,
baseline,16,54.82900695729201,54.829006957292,,2,0.12797093391418457,0.1242220401763916,0.0,1011101100000011,+-+++-++------++,0,True,"[[0.000184, 65.70475581], [0.007048, 64.97945169], [0.007815, 64.83970402], [0.008207, 63.19355644], [0.00845, 56.36824711], [0.102201, 56.34896126], [0.114657, 56.19319406], [0.115514, 55.29132634], [0.124222, 54.82900696]]",3,quantum,1,
precond_pen=1.100,16,-1.0703719474860023,54.829006957292,1.1,2,0.26860904693603516,0.0194089412689209,0.0,1011101100000011,+-+++-++------++,0,True,"[[0.000122, 65.70475581], [0.00572, 63.93190297], [0.005916, 56.16359783], [0.019409, 54.82900696]]",3,quantum,1,
precond_pen=1.200,16,-1.0034306320720008,54.829006957292,1.2,2,0.25832700729370117,0.02355790138244629,0.0,1011101100000011,+-+++-++------++,0,True,"[[0.000165, 65.70475581], [0.007352, 60.4054412], [0.007577, 55.29132634], [0.023558, 54.82900696]]",3,quantum,1,
precond_pen=1.300,16,-0.9496568991990006,54.829006957292,1.3,2,0.22667384147644043,0.016087055206298828,0.0,1011101100000011,+-+++-++------++,0,True,"[[0.000147, 65.70475581], [0.005837, 63.68921731], [0.006129, 63.19355644], [0.006383, 56.16359783], [0.016087, 54.82900696]]",3,quantum,1,
precond_pen=1.400,16,-0.9055003896049989,54.829006957292,1.4,2,0.2536649703979492,0.14368700981140137,0.0,0100010011111100,-+---+--++++++--,0,True,"[[0.000178, 65.70475581], [0.007017, 63.68921731], [0.007537, 63.19355644], [0.00784, 56.16359783], [0.143687, 54.82900696]]",3,quantum,1,
precond_pen=1.500,16,-0.868584456150999,54.829006957292,1.5,2,0.19449305534362793,0.1743471622467041,0.0,0100010011111100,-+---+--++++++--,0,True,"[[0.000158, 65.70475581], [0.007169, 60.4054412], [0.007453, 55.29132634], [0.174347, 54.82900696]]",3,quantum,1,
precond_pen=1.600,16,-0.8372580156949976,54.829006957292,1.6,2,0.27159810066223145,0.005506992340087891,0.0,1011101100000011,+-+++-++------++,0,True,"[[0.00014, 65.70475581], [0.005352, 62.61665611], [0.005507, 54.82900696]]",3,quantum,1,
precond_pen=1.700,16,-0.8103373194759973,54.829006957292,1.7,2,0.2236311435699463,0.13462615013122559,0.0,0100010011111100,-+---+--++++++--,0,True,"[[0.000165, 65.70475581], [0.007242, 60.4054412], [0.007528, 55.29132634], [0.134626, 54.82900696]]",3,quantum,1,
precond_pen=1.800,16,-0.7869518237120028,54.829006957292,1.8,2,0.23163199424743652,0.18086004257202148,0.0,1011101100000011,+-+++-++------++,0,True,"[[0.000155, 65.70475581], [0.007707, 60.4054412], [0.008079, 55.29132634], [0.18086, 54.82900696]]",3,quantum,1,
precond_pen=1.900,16,-0.7664463023479984,54.829006957292,1.9,2,0.19383597373962402,0.19202208518981934,0.0,1011101100000011,+-+++-++------++,0,True,"[[0.000135, 65.70475581], [0.005713, 60.4054412], [0.005907, 55.29132634], [0.192022, 54.82900696], [0.19287, 54.82900696]]",3,quantum,1,
precond_pen=2.000,16,-0.7483185933650063,54.829006957292,2.0,2,0.22225189208984375,0.014665842056274414,0.0,1011101100000011,+-+++-++------++,0,True,"[[0.000148, 65.70475581], [0.007288, 63.04304106], [0.007861, 63.00717721], [0.008127, 60.4054412], [0.008302, 55.29132634], [0.014666, 54.82900696]]",3,quantum,1,
baseline,16,55.122635289212994,55.12263528921302,,2,0.12080788612365723,0.0051958560943603516,0.0,0010111101100100,--+-++++-++--+--,0,True,"[[0.000122, 68.76273039], [0.004705, 64.93774152], [0.004997, 64.75577114], [0.005196, 55.12263529]]",4,quantum,1,
precond_pen=1.100,16,-1.263671426334997,55.12263528921302,1.1,2,0.0563051700592041,0.006197214126586914,0.0,1101000010011011,++-+----+--++-++,0,True,"[[0.000137, 68.76273039], [0.006004, 64.80307465], [0.006197, 55.12263529]]",4,quantum,1,
precond_pen=1.200,16,-1.173440860056,55.12263528921302,1.2,2,0.04130411148071289,0.007386207580566406,0.0,1101000010011011,++-+----+--++-++,0,True,"[[0.000174, 68.76273039], [0.00713, 64.21421738], [0.007386, 55.12263529]]",4,quantum,1,
precond_pen=1.300,16,-1.1013851294349974,55.12263528921302,1.3,2,0.06309914588928223,0.0063610076904296875,0.0,1101000010011011,++-+----+--++-++,0,True,"[[0.000152, 68.76273039], [0.00613, 61.05776201], [0.006361, 55.12263529]]",4,quantum,1,
precond_pen=1.400,16,-1.0424962543249983,55.12263528921302,1.4,2,0.06477785110473633,0.006163835525512695,0.0,1101000010011011,++-+----+--++-++,0,True,"[[0.000143, 68.76273039], [0.005939, 63.3835368], [0.006164, 55.12263529]]",4,quantum,1,
precond_pen=1.500,16,-0.9934555413110013,55.12263528921302,1.5,2,0.09162592887878418,0.008455991744995117,0.0,1101000010011011,++-+----+--++-++,0,True,"[[0.000159, 68.76273039], [0.008044, 63.0752117], [0.008456, 55.12263529]]",4,quantum,1,
precond_pen=1.600,16,-0.9519757425140005,55.12263528921302,1.6,2,0.0824441909790039,0.007225990295410156,0.0,1101000010011011,++-+----+--++-++,0,True,"[[0.000143, 68.76273039], [0.006973, 58.74205442], [0.007226, 55.12263529]]",4,quantum,1,
precond_pen=1.700,16,-0.9164286285579974,55.12263528921302,1.7,2,0.07302093505859375,0.007800102233886719,0.0,1101000010011011,++-+----+--++-++,0,True,"[[0.000155, 68.76273039], [0.007474, 62.3139899], [0.0078, 55.12263529]]",4,quantum,1,
precond_pen=1.800,16,-0.885623133039001,55.12263528921302,1.8,2,0.0809938907623291,0.006909847259521484,0.0,1101000010011011,++-+----+--++-++,0,True,"[[0.00014, 68.76273039], [0.006678, 63.0752117], [0.00691, 55.12263529]]",4,quantum,1,
precond_pen=1.900,16,-0.8586676729979947,55.12263528921302,1.9,2,0.0490880012512207,0.006588935852050781,0.0,1101000010011011,++-+----+--++-++,0,True,"[[0.000154, 68.76273039], [0.006373, 65.63730075], [0.006589, 55.12263529]]",4,quantum,1,
precond_pen=2.000,16,-0.8348814616869964,55.12263528921302,2.0,2,0.05960702896118164,0.0074388980865478516,0.0,1101000010011011,++-+----+--++-++,0,True,"[[0.000148, 68.76273039], [0.007042, 58.71768209], [0.007439, 55.12263529]]",4,quantum,1,
baseline,16,52.37270996931199,52.372709969311984,,2,0.09204816818237305,0.00678706169128418,0.0,1110100000101011,+++-+-----+-+-++,0,True,"[[0.000168, 68.21373681], [0.006512, 67.56578562], [0.006787, 52.37270997]]",5,quantum,1,
precond_pen=1.100,16,-1.2859296197270016,52.372709969311984,1.1,2,0.05536508560180664,0.007508993148803711,0.0,0001011111010100,---+-+++++-+-+--,0,True,"[[0.000164, 68.21373681], [0.007212, 60.58996784], [0.007509, 52.37270997]]",5,quantum,1,
precond_pen=1.200,16,-1.1938380539369984,52.372709969311984,1.2,2,0.05480217933654785,0.007856130599975586,0.0,0001011111010100,---+-+++++-+-+--,0,True,"[[0.000166, 68.21373681], [0.007075, 63.59702674], [0.007517, 62.40964552], [0.007709, 60.58996784], [0.007856, 52.37270997]]",5,quantum,1,
precond_pen=1.300,16,-1.1202066285739978,52.372709969311984,1.3,2,0.05910801887512207,0.007565021514892578,0.0,0001011111010100,---+-+++++-+-+--,0,True,"[[0.000158, 68.21373681], [0.007239, 60.58996784], [0.007565, 52.37270997]]",5,quantum,1,
precond_pen=1.400,16,-1.0599675062960046,52.372709969311984,1.4,2,0.06008481979370117,0.007307767868041992,0.0,0001011111010100,---+-+++++-+-+--,0,True,"[[0.000156, 68.21373681], [0.007023, 60.58996784], [0.007308, 52.37270997]]",5,quantum,1,
precond_pen=1.500,16,-1.0097570948699959,52.372709969311984,1.5,2,0.05152320861816406,0.005660057067871094,0.0,1110100000101011,+++-+-----+-+-++,0,True,"[[0.000124, 68.21373681], [0.005476, 63.41020322], [0.00566, 52.37270997]]",5,quantum,1,
precond_pen=1.600,16,-0.967254448957001,52.372709969311984,1.6,2,0.06742000579833984,0.0073201656341552734,0.0,1110100000101011,+++-+-----+-+-++,0,True,"[[0.000172, 68.21373681], [0.007055, 63.41020322], [0.00732, 52.37270997]]",5,quantum,1,
precond_pen=1.700,16,-0.9308052737189998,52.372709969311984,1.7,2,0.060476064682006836,0.006493091583251953,0.0,0001011111010100,---+-+++++-+-+--,0,True,"[[0.000155, 68.21373681], [0.006253, 60.58996784], [0.006493, 52.37270997]]",5,quantum,1,
precond_pen=1.800,16,-0.8991983547409959,52.372709969311984,1.8,2,0.058418989181518555,0.00795292854309082,0.0,0001011111010100,---+-+++++-+-+--,0,True,"[[0.000154, 68.21373681], [0.007648, 60.58996784], [0.007953, 52.37270997]]",5,quantum,1,
precond_pen=1.900,16,-0.8715259828900006,52.372709969311984,1.9,2,0.09234905242919922,0.0073490142822265625,0.0,0001011111010100,---+-+++++-+-+--,0,True,"[[0.000151, 68.21373681], [0.007038, 60.58996784], [0.007349, 52.37270997]]",5,quantum,1,
precond_pen=2.000,16,-0.8470947318740034,52.372709969311984,2.0,2,0.06655001640319824,0.007470846176147461,0.0,0001011111010100,---+-+++++-+-+--,0,True,"[[0.000178, 68.21373681], [0.007123, 60.58996784], [0.007471, 52.37270997]]",5,quantum,1,
baseline,16,57.72883444011803,57.72883444011801,,2,0.11649489402770996,0.10431909561157227,0.0,0011100100110101,--+++--+--++-+-+,0,True,"[[0.000158, 69.62770689], [0.006662, 58.77051706], [0.099374, 58.04778669], [0.104319, 57.72883444]]",6,quantum,1,
precond_pen=1.100,16,-1.1345706663580017,57.72883444011801,1.1,2,0.2139589786529541,0.008230924606323242,0.0,0011100100110101,--+++--+--++-+-+,0,True,"[[0.000163, 69.62770689], [0.007536, 63.85743204], [0.008063, 63.23172664], [0.008231, 57.72883444]]",6,quantum,1,
precond_pen=1.200,16,-1.0589235243049986,57.72883444011801,1.2,2,0.2458209991455078,0.005915164947509766,0.0,0011100100110101,--+++--+--++-+-+,0,True,"[[0.000144, 69.62770689], [0.005754, 61.91760401], [0.005915, 57.72883444]]",6,quantum,1,
precond_pen=1.300,16,-0.9984844894729985,57.72883444011801,1.3,2,0.21312308311462402,0.013691902160644531,0.0,1100011011001010,++---++-++--+-+-,0,True,"[[0.000139, 69.62770689], [0.00649, 68.47543759], [0.006758, 59.6135344], [0.013692, 57.72883444]]",6,quantum,1,
precond_pen=1.400,16,-0.9490698209869972,57.72883444011801,1.4,2,0.2194499969482422,0.014678955078125,0.0,1100011011001010,++---++-++--+-+-,0,True,"[[0.000155, 69.62770689], [0.006857, 68.47543759], [0.007152, 59.6135344], [0.014679, 57.72883444]]",6,quantum,1,
precond_pen=1.500,16,-0.9079046715349994,57.72883444011801,1.5,2,0.2280900478363037,0.013514995574951172,0.0,1100011011001010,++---++-++--+-+-,0,True,"[[0.000134, 69.62770689], [0.00592, 68.47543759], [0.00618, 59.6135344], [0.013515, 57.72883444]]",6,quantum,1,
precond_pen=1.600,16,-0.8730755549669986,57.72883444011801,1.6,2,0.24648499488830566,0.006659984588623047,0.0,0011100100110101,--+++--+--++-+-+,0,True,"[[0.00016, 69.62770689], [0.00598, 64.62545849], [0.006511, 63.23172664], [0.00666, 57.72883444]]",6,quantum,1,
precond_pen=1.700,16,-0.8432195770829987,57.72883444011801,1.7,2,0.20865392684936523,0.014679908752441406,0.0,1100011011001010,++---++-++--+-+-,0,True,"[[0.00017, 69.62770689], [0.007336, 68.47543759], [0.007609, 59.6135344], [0.01468, 57.72883444]]",6,quantum,1,
precond_pen=1.800,16,-0.817339553032995,57.72883444011801,1.8,2,0.2026960849761963,0.013553142547607422,0.0,1100011011001010,++---++-++--+-+-,0,True,"[[0.000146, 69.62770689], [0.006096, 68.47543759], [0.006328, 59.6135344], [0.013553, 57.72883444]]",6,quantum,1,
precond_pen=1.900,16,-0.7946887191580023,57.72883444011801,1.9,2,0.19909405708312988,0.015487909317016602,0.0,1100011011001010,++---++-++--+-+-,0,True,"[[0.000165, 69.62770689], [0.007364, 68.47543759], [0.007709, 59.6135344], [0.015488, 57.72883444]]",6,quantum,1,
precond_pen=2.000,16,-0.7746966557509998,57.72883444011801,2.0,2,0.22100591659545898,0.016560077667236328,0.0,0011100100110101,--+++--+--++-+-+,0,True,"[[0.000156, 69.62770689], [0.007589, 68.47543759], [0.007896, 59.6135344], [0.01656, 57.72883444]]",6,quantum,1,
baseline,16,53.18710891938896,53.18710891938902,,2,0.11394190788269043,0.006615877151489258,0.0,1110001010101010,+++---+-+-+-+-+-,0,True,"[[0.000169, 61.80104583], [0.006431, 61.00677859], [0.006616, 53.18710892]]",7,quantum,1,
precond_pen=1.100,16,-1.135215203891999,53.18710891938902,1.1,2,0.2228100299835205,0.00799107551574707,0.0,0001110101010101,---+++-+-+-+-+-+,0,True,"[[0.000158, 61.80104583], [0.00751, 57.89580275], [0.007991, 53.18710892]]",7,quantum,1,
precond_pen=1.200,16,-1.0607916169179967,53.18710891938902,1.2,2,0.1929187774658203,0.007966995239257812,0.0,1110001010101010,+++---+-+-+-+-+-,0,True,"[[0.000166, 61.80104583], [0.007653, 61.05489716], [0.007967, 53.18710892]]",7,quantum,1,
precond_pen=1.300,16,-1.0010986967889979,53.18710891938902,1.3,2,0.23683691024780273,0.00802302360534668,0.0,1110001010101010,+++---+-+-+-+-+-,0,True,"[[0.000174, 61.80104583], [0.007768, 61.27149127], [0.008023, 53.18710892]]",7,quantum,1,
precond_pen=1.400,16,-0.9521403072980021,53.18710891938902,1.4,2,0.1786799430847168,0.00783395767211914,0.0,1110001010101010,+++---+-+-+-+-+-,0,True,"[[0.00016, 61.80104583], [0.007586, 61.27149127], [0.007834, 53.18710892]]",7,quantum,1,
precond_pen=1.500,16,-0.9112493816050025,53.18710891938902,1.5,2,0.17888998985290527,0.007652997970581055,0.0,1110001010101010,+++---+-+-+-+-+-,0,True,"[[0.000158, 61.80104583], [0.007334, 60.62767184], [0.007653, 53.18710892]]",7,quantum,1,
precond_pen=1.600,16,-0.8765769948830044,53.18710891938902,1.6,2,0.18990588188171387,0.007913827896118164,0.0,1110001010101010,+++---+-+-+-+-+-,0,True,"[[0.000141, 61.80104583], [0.00755, 59.82057367], [0.007914, 53.18710892]]",7,quantum,1,
precond_pen=1.700,16,-0.8468004785629963,53.18710891938902,1.7,2,0.256850004196167,0.00630497932434082,0.0,1110001010101010,+++---+-+-+-+-+-,0,True,"[[0.000126, 61.80104583], [0.005343, 60.98273613], [0.005769, 60.59485159], [0.006104, 60.29153719], [0.006305, 53.18710892]]",7,quantum,1,
precond_pen=1.800,16,-0.8209482710800051,53.18710891938902,1.8,2,0.20794200897216797,0.007474184036254883,0.0,0001110101010101,---+++-+-+-+-+-+,0,True,"[[0.000185, 61.80104583], [0.007208, 61.26206066], [0.007474, 53.18710892]]",7,quantum,1,
precond_pen=1.900,16,-0.7982905729649978,53.18710891938902,1.9,2,0.24174094200134277,0.00627589225769043,0.0,1110001010101010,+++---+-+-+-+-+-,0,True,"[[0.000149, 61.80104583], [0.006092, 61.05489716], [0.006276, 53.18710892]]",7,quantum,1,
precond_pen=2.000,16,-0.7782682582719955,53.18710891938902,2.0,2,0.2438678741455078,0.0070879459381103516,0.0,1110001010101010,+++---+-+-+-+-+-,0,True,"[[0.00015, 61.80104583], [0.006838, 61.05489716], [0.007088, 53.18710892]]",7,quantum,1,
baseline,16,49.90665485264998,49.906654852649986,,2,0.09627604484558105,0.006744861602783203,0.0,1111101000010001,+++++-+----+---+,0,True,"[[0.000145, 55.64886967], [0.00611, 54.54692395], [0.006512, 51.42158349], [0.006745, 49.90665485]]",8,quantum,1,
precond_pen=1.100,16,-1.0785227792959997,49.906654852649986,1.1,2,0.20224499702453613,0.005858898162841797,0.0,1111101000010001,+++++-+----+---+,0,True,"[[0.000149, 55.64886967], [0.005859, 49.90665485]]",8,quantum,1,
precond_pen=1.200,16,-1.0114188698659987,49.906654852649986,1.2,2,0.19247102737426758,0.006836891174316406,0.0,1111101000010001,+++++-+----+---+,0,True,"[[0.000154, 55.64886967], [0.006495, 51.42158349], [0.006837, 49.90665485]]",8,quantum,1,
precond_pen=1.300,16,-0.9573907830390027,49.906654852649986,1.3,2,0.2169499397277832,0.006463050842285156,0.0,1111101000010001,+++++-+----+---+,0,True,"[[0.000156, 55.64886967], [0.006463, 49.90665485]]",8,quantum,1,
precond_pen=1.400,16,-0.9129421005430034,49.906654852649986,1.4,2,0.16386103630065918,0.00678706169128418,0.0,1111101000010001,+++++-+----+---+,0,True,"[[0.000154, 55.64886967], [0.006787, 49.90665485]]",8,quantum,1,
precond_pen=1.500,16,-0.8757239968189978,49.906654852649986,1.5,2,0.2030041217803955,0.006498098373413086,0.0,1111101000010001,+++++-+----+---+,0,True,"[[0.000159, 55.64886967], [0.006498, 49.90665485]]",8,quantum,1,
precond_pen=1.600,16,-0.8440993249699975,49.906654852649986,1.6,2,0.1976909637451172,0.007018089294433594,0.0,1111101000010001,+++++-+----+---+,0,True,"[[0.000164, 55.64886967], [0.007018, 49.90665485]]",8,quantum,1,
precond_pen=1.700,16,-0.8168917687099988,49.906654852649986,1.7,2,0.2115039825439453,0.006486177444458008,0.0,1111101000010001,+++++-+----+---+,0,True,"[[0.000191, 55.64886967], [0.006486, 49.90665485]]",8,quantum,1,
precond_pen=1.800,16,-0.7932338067099964,49.906654852649986,1.8,2,0.1643378734588623,0.006445884704589844,0.0,1111101000010001,+++++-+----+---+,0,True,"[[0.000161, 55.64886967], [0.006446, 49.90665485]]",8,quantum,1,
precond_pen=1.900,16,-6.051620121406004,49.906654852649986,1.9,2,0.06596493721008301,0.007309913635253906,0.0,0000010111101110,-----+-++++-+++-,0,True,"[[0.000155, 55.64886967], [0.006997, 51.42158349], [0.00731, 49.90665485]]",8,quantum,1,
precond_pen=2.000,16,-5.902688424042004,49.906654852649986,2.0,2,0.05779695510864258,0.006968975067138672,0.0,0000010111101110,-----+-++++-+++-,0,True,"[[0.000167, 55.64886967], [0.0067, 54.90437588], [0.006969, 49.90665485]]",8,quantum,1,
baseline,16,57.25525883915294,57.25525883915303,,2,0.0840461254119873,0.006968021392822266,0.0,0100001011111100,-+----+-++++++--,0,True,"[[0.000175, 65.5564928], [0.006642, 64.42284024], [0.006968, 57.25525884]]",9,quantum,1,
precond_pen=1.100,16,-1.1727997260990017,57.25525883915303,1.1,2,0.18037986755371094,0.12341094017028809,0.0,1011110100000011,+-++++-+------++,0,True,"[[0.000195, 65.5564928], [0.007694, 62.6361349], [0.007947, 59.03503964], [0.123045, 58.76902168], [0.123411, 57.25525884]]",9,quantum,1,
precond_pen=1.200,16,-1.093295544696006,57.25525883915303,1.2,2,0.15967512130737305,0.10613799095153809,0.0,1011110100000011,+-++++-+------++,0,True,"[[0.000161, 65.5564928], [0.007334, 65.72581464], [0.007586, 59.03503964], [0.106138, 57.25525884]]",9,quantum,1,
precond_pen=1.300,16,-1.0296815404729962,57.25525883915303,1.3,2,0.16031384468078613,0.15039300918579102,0.0,0100001011111100,-+----+-++++++--,0,True,"[[0.000187, 65.5564928], [0.006705, 65.72581464], [0.006972, 59.03503964], [0.147928, 58.76902168], [0.150393, 57.25525884]]",9,quantum,1,
precond_pen=1.400,16,-0.9776128115529943,57.25525883915303,1.4,2,0.22993803024291992,0.16660809516906738,0.0,1011110100000011,+-++++-+------++,0,True,"[[0.000147, 65.5564928], [0.005997, 65.61672442], [0.006206, 59.21595385], [0.014157, 59.03503964], [0.166209, 58.76902168], [0.166608, 57.25525884]]",9,quantum,1,
precond_pen=1.500,16,-0.9341991438709965,57.25525883915303,1.5,2,0.1755211353302002,0.12072515487670898,0.0,1011110100000011,+-++++-+------++,0,True,"[[0.000155, 65.5564928], [0.006132, 61.47351622], [0.006339, 59.21595385], [0.013606, 59.03503964], [0.120725, 57.25525884]]",9,quantum,1,
precond_pen=1.600,16,-0.8974425738469938,57.25525883915303,1.6,2,0.18591690063476562,0.13155293464660645,0.0,1011110100000011,+-++++-+------++,0,True,"[[0.000174, 65.5564928], [0.006714, 59.03503964], [0.131553, 57.25525884]]",9,quantum,1,
precond_pen=1.700,16,-0.8659173934050006,57.25525883915303,1.7,2,0.17604780197143555,0.1608738899230957,0.0,1011110100000011,+-++++-+------++,0,True,"[[0.000157, 65.5564928], [0.00589, 59.03503964], [0.160874, 57.25525884], [0.175221, 57.25525884]]",9,quantum,1,
precond_pen=1.800,16,-0.8385785057460016,57.25525883915303,1.8,2,0.16737604141235352,0.10854196548461914,0.0,1011110100000011,+-++++-+------++,0,True,"[[0.00014, 65.5564928], [0.00608, 59.03503964], [0.108542, 57.25525884]]",9,quantum,1,
precond_pen=1.900,16,-0.8146423522550013,57.25525883915303,1.9,2,0.20026397705078125,0.14975214004516602,0.0,1011110100000011,+-++++-+------++,0,True,"[[0.000176, 65.5564928], [0.006831, 59.03503964], [0.149752, 57.25525884]]",9,quantum,1,
precond_pen=2.000,16,-0.7935096593210034,57.25525883915303,2.0,2,0.2108449935913086,0.1980140209197998,0.0,1011110100000011,+-++++-+------++,0,True,"[[0.000156, 65.5564928], [0.006812, 59.03503964], [0.198014, 57.25525884], [0.209859, 57.25525884]]",9,quantum,1,
baseline,16,52.055829077838006,52.055829077838,,2,0.08921480178833008,0.02407383918762207,0.0,0010111101001001,--+-++++-+--+--+,0,True,"[[0.00017, 64.46330545], [0.005819, 52.62063366], [0.024074, 52.05582908]]",10,quantum,1,
precond_pen=1.100,16,-1.0909251348690017,52.055829077838,1.1,2,0.1948089599609375,0.15803003311157227,0.0,0010111101001001,--+-++++-+--+--+,0,True,"[[0.00017, 64.46330545], [0.006089, 63.88228644], [0.006369, 63.60375233], [0.006599, 59.3400613], [0.006779, 52.62063366], [0.15803, 52.05582908]]",10,quantum,1,
precond_pen=1.200,16,-1.022264421386999,52.055829077838,1.2,2,0.17876696586608887,0.12755393981933594,0.0,0010111101001001,--+-++++-+--+--+,0,True,"[[0.00018, 64.46330545], [0.007724, 56.54758595], [0.008039, 53.85955225], [0.016116, 52.62063366], [0.127554, 52.05582908]]",10,quantum,1,
precond_pen=1.300,16,-0.9670166567339988,52.055829077838,1.3,2,0.17538714408874512,0.15537309646606445,0.0,1101000010110110,++-+----+-++-++-,0,True,"[[0.000167, 64.46330545], [0.006728, 55.58055234], [0.007182, 54.22120065], [0.007342, 53.85955225], [0.02484, 52.62063366], [0.155373, 52.05582908], [0.174323, 52.05582908]]",10,quantum,1,
precond_pen=1.400,16,-0.9215879792689989,52.055829077838,1.4,2,0.18633294105529785,0.006978034973144531,0.0,0010111101001001,--+-++++-+--+--+,0,True,"[[0.000176, 64.46330545], [0.006687, 60.51004248], [0.006978, 52.05582908]]",10,quantum,1,
precond_pen=1.500,16,-0.8835661677110016,52.055829077838,1.5,2,0.16054701805114746,0.006999969482421875,0.0,0010111101001001,--+-++++-+--+--+,0,True,"[[0.000172, 64.46330545], [0.006698, 60.51004248], [0.007, 52.05582908]]",10,quantum,1,
precond_pen=1.600,16,-0.8512710269909993,52.055829077838,1.6,2,0.16144418716430664,0.006643056869506836,0.0,0010111101001001,--+-++++-+--+--+,0,True,"[[0.000744, 64.46330545], [0.006433, 60.51004248], [0.006643, 52.05582908]]",10,quantum,1,
precond_pen=1.700,16,-0.8234960308340025,52.055829077838,1.7,2,0.20499396324157715,0.1668710708618164,0.0,1101000010110110,++-+----+-++-++-,0,True,"[[0.000146, 64.46330545], [0.006192, 57.12698347], [0.00692, 52.62063366], [0.166871, 52.05582908]]",10,quantum,1,
precond_pen=1.800,16,-0.7993520713409961,52.055829077838,1.8,2,0.18123102188110352,0.007084846496582031,0.0,0010111101001001,--+-++++-+--+--+,0,True,"[[0.000149, 64.46330545], [0.006775, 60.51004248], [0.007085, 52.05582908]]",10,quantum,1,
precond_pen=1.900,16,-0.7781691620570079,52.055829077838,1.9,2,0.22370505332946777,0.006361961364746094,0.0,0010111101001001,--+-++++-+--+--+,0,True,"[[0.000127, 64.46330545], [0.006102, 60.51004248], [0.006362, 52.05582908]]",10,quantum,1,
precond_pen=2.000,16,-0.7594329922949976,52.055829077838,2.0,2,0.21091699600219727,0.0070149898529052734,0.0,0010111101001001,--+-++++-+--+--+,0,True,"[[0.000192, 64.46330545], [0.006664, 60.51004248], [0.007015, 52.05582908]]",10,quantum,1,
baseline,16,45.25501814482699,45.25501814482695,,2,0.07826089859008789,0.06475591659545898,0.0,1000001011101110,+-----+-+++-+++-,0,True,"[[0.000137, 52.99377053], [0.005276, 47.48460716], [0.064756, 45.25501814]]",11,quantum,1,
precond_pen=1.100,16,-1.1958449168869993,45.25501814482695,1.1,2,0.191115140914917,0.17211318016052246,0.0,0111110100010001,-+++++-+---+---+,0,True,"[[0.000127, 52.99377053], [0.005586, 47.48460716], [0.107688, 46.97897288], [0.108103, 46.46444609], [0.148622, 45.69988919], [0.172113, 45.25501814]]",11,quantum,1,
precond_pen=1.200,16,-1.1168466780900017,45.25501814482695,1.2,2,0.17370009422302246,0.17161917686462402,0.0,1000001011101110,+-----+-+++-+++-,0,True,"[[0.000132, 52.99377053], [0.006056, 47.48460716], [0.144463, 47.35851567], [0.171619, 45.25501814], [0.172972, 45.25501814]]",11,quantum,1,
precond_pen=1.300,16,-1.0531305013979981,45.25501814482695,1.3,2,0.2062540054321289,0.005692005157470703,0.0,1000001011101110,+-----+-+++-+++-,0,True,"[[0.000138, 52.99377053], [0.005491, 52.26092109], [0.005692, 45.25501814]]",11,quantum,1,
precond_pen=1.400,16,-1.0006360369550018,45.25501814482695,1.4,2,0.20860695838928223,0.11925506591796875,0.0,1000001011101110,+-----+-+++-+++-,0,True,"[[0.000134, 52.99377053], [0.006094, 47.48460716], [0.118843, 47.46553141], [0.119255, 45.25501814]]",11,quantum,1,
precond_pen=1.500,16,-0.9566278638520007,45.25501814482695,1.5,2,0.17892718315124512,0.006211996078491211,0.0,1000001011101110,+-----+-+++-+++-,0,True,"[[0.000125, 52.99377053], [0.005895, 52.11797985], [0.006212, 45.25501814]]",11,quantum,1,
precond_pen=1.600,16,-0.9191950088139995,45.25501814482695,1.6,2,0.20028400421142578,0.12312889099121094,0.0,1000001011101110,+-----+-+++-+++-,0,True,"[[0.000138, 52.99377053], [0.006482, 47.48460716], [0.122807, 45.69988919], [0.123129, 45.25501814]]",11,quantum,1,
precond_pen=1.700,16,-0.8869616361649975,45.25501814482695,1.7,2,0.18722891807556152,0.10462093353271484,0.0,0111110100010001,-+++++-+---+---+,0,True,"[[0.000122, 52.99377053], [0.005707, 47.48460716], [0.104101, 46.97897288], [0.104433, 46.5803316], [0.104546, 45.69988919], [0.104621, 45.25501814]]",11,quantum,1,
precond_pen=1.800,16,-0.8589115808860006,45.25501814482695,1.8,2,0.17406296730041504,0.09618282318115234,0.0,0111110100010001,-+++++-+---+---+,0,True,"[[0.000142, 52.99377053], [0.005566, 47.48460716], [0.09584, 45.69988919], [0.096183, 45.25501814]]",11,quantum,1,
precond_pen=1.900,16,-0.834277980021997,45.25501814482695,1.9,2,0.23329591751098633,0.15267610549926758,0.0,1000001011101110,+-----+-+++-+++-,0,True,"[[0.000141, 52.99377053], [0.006154, 47.48460716], [0.152361, 45.69988919], [0.152676, 45.25501814]]",11,quantum,1,
precond_pen=2.000,16,-0.8124707810230021,45.25501814482695,2.0,2,0.1981220245361328,0.18032097816467285,0.0,1000001011101110,+-----+-+++-+++-,0,True,"[[0.000123, 52.99377053], [0.005292, 47.48460716], [0.180321, 45.25501814]]",11,quantum,1,
baseline,16,54.40757373914099,54.407573739141,,2,0.10597896575927734,0.024058103561401367,0.0,0010111010010110,--+-+++-+--+-++-,0,True,"[[0.000117, 69.10977453], [0.004582, 66.62603972], [0.004759, 58.24436744], [0.023476, 56.68045393], [0.024058, 54.40757374]]",12,quantum,1,
precond_pen=1.100,16,-1.255325981085,54.407573739141,1.1,2,0.05722999572753906,0.005476951599121094,0.0,0010111010010110,--+-+++-+--+-++-,0,True,"[[0.000126, 69.10977453], [0.005274, 67.5271159], [0.005477, 54.40757374]]",12,quantum,1,
precond_pen=1.200,16,-1.1666712393040024,54.407573739141,1.2,2,0.058258056640625,0.012499094009399414,0.0,1101000101101001,++-+---+-++-+--+,0,True,"[[0.000136, 69.10977453], [0.00579, 62.4374625], [0.006215, 56.68045393], [0.012499, 54.40757374]]",12,quantum,1,
precond_pen=1.300,16,-1.0957785204879968,54.407573739141,1.3,2,0.07159900665283203,0.007336854934692383,0.0,1101000101101001,++-+---+-++-+--+,0,True,"[[0.000174, 69.10977453], [0.006449, 68.38503698], [0.006827, 66.10275658], [0.007126, 65.84498665], [0.007337, 54.40757374]]",12,quantum,1,
precond_pen=1.400,16,-1.0377742110849972,54.407573739141,1.4,2,0.06578898429870605,0.012258052825927734,0.0,1101000101101001,++-+---+-++-+--+,0,True,"[[0.00014, 69.10977453], [0.005358, 63.78339432], [0.00554, 56.68045393], [0.012258, 54.40757374]]",12,quantum,1,
precond_pen=1.500,16,-0.9894228669309975,54.407573739141,1.5,2,0.054666996002197266,0.006326913833618164,0.0,1101000101101001,++-+---+-++-+--+,0,True,"[[0.00021, 69.10977453], [0.006038, 63.93640275], [0.006327, 54.40757374]]",12,quantum,1,
precond_pen=1.600,16,-0.9484912518950006,54.407573739141,1.6,2,0.06829214096069336,0.005964040756225586,0.0,1101000101101001,++-+---+-++-+--+,0,True,"[[0.000147, 69.10977453], [0.005349, 62.4374625], [0.005788, 61.3540445], [0.005964, 54.40757374]]",12,quantum,1,
precond_pen=1.700,16,-0.9133873072770005,54.407573739141,1.7,2,0.06176495552062988,0.006237983703613281,0.0,1101000101101001,++-+---+-++-+--+,0,True,"[[0.000152, 69.10977453], [0.005549, 62.4374625], [0.006056, 61.3540445], [0.006238, 54.40757374]]",12,quantum,1,
precond_pen=1.800,16,-0.882945413595996,54.407573739141,1.8,2,0.054453134536743164,0.0057179927825927734,0.0,1101000101101001,++-+---+-++-+--+,0,True,"[[0.000134, 69.10977453], [0.005496, 63.77342491], [0.005718, 54.40757374]]",12,quantum,1,
precond_pen=1.900,16,-0.8562919847240007,54.407573739141,1.9,2,0.06587791442871094,0.014117956161499023,0.0,1101000101101001,++-+---+-++-+--+,0,True,"[[0.000131, 69.10977453], [0.005838, 63.83929385], [0.006027, 56.68045393], [0.014118, 54.40757374]]",12,quantum,1,
precond_pen=2.000,16,-0.8327592949249993,54.407573739141,2.0,2,0.06108593940734863,0.013295888900756836,0.0,1101000101101001,++-+---+-++-+--+,0,True,"[[0.000149, 69.10977453], [0.005501, 62.55899616], [0.005676, 58.07532317], [0.013296, 54.40757374]]",12,quantum,1,
baseline,16,57.09992072540301,57.09992072540301,,2,0.08205699920654297,0.0059659481048583984,0.0,1100111001001001,++--+++--+--+--+,0,True,"[[0.000147, 72.06703931], [0.005435, 69.83825138], [0.005744, 65.31841], [0.005966, 57.09992073]]",13,quantum,1,
precond_pen=1.100,16,-1.3241299883379956,57.09992072540301,1.1,2,0.043708086013793945,0.006530046463012695,0.0,0011000110110110,--++---++-++-++-,0,True,"[[0.000144, 72.06703931], [0.006213, 64.53311068], [0.00653, 57.09992073]]",13,quantum,1,
precond_pen=1.200,16,-1.2255318596040023,57.09992072540301,1.2,2,0.061911821365356445,0.0063228607177734375,0.0,0011000110110110,--++---++-++-++-,0,True,"[[0.000151, 72.06703931], [0.006036, 64.53311068], [0.006323, 57.09992073]]",13,quantum,1,
precond_pen=1.300,16,-1.1471187340330005,57.09992072540301,1.3,2,0.06377816200256348,0.006628990173339844,0.0,1100111001001001,++--+++--+--+--+,0,True,"[[0.000217, 72.06703931], [0.005929, 68.84774304], [0.006348, 65.31841], [0.006629, 57.09992073]]",13,quantum,1,
precond_pen=1.400,16,-1.083241713561006,57.09992072540301,1.4,2,0.06397485733032227,0.006654024124145508,0.0,0011000110110110,--++---++-++-++-,0,True,"[[0.000143, 72.06703931], [0.005901, 64.45262003], [0.006418, 63.50269078], [0.006654, 57.09992073]]",13,quantum,1,
precond_pen=1.500,16,-1.0301859340689985,57.09992072540301,1.5,2,0.07087898254394531,0.006218910217285156,0.0,0011000110110110,--++---++-++-++-,0,True,"[[0.000154, 72.06703931], [0.005936, 63.50269078], [0.006219, 57.09992073]]",13,quantum,1,
precond_pen=1.600,16,-0.9854063299249995,57.09992072540301,1.6,2,0.0587458610534668,0.006680011749267578,0.0,0011000110110110,--++---++-++-++-,0,True,"[[0.00015, 72.06703931], [0.006366, 63.67657803], [0.00668, 57.09992073]]",13,quantum,1,
precond_pen=1.700,16,-0.9471002099090011,57.09992072540301,1.7,2,0.05272197723388672,0.013734102249145508,0.0,1100111001001001,++--+++--+--+--+,0,True,"[[0.000139, 72.06703931], [0.00519, 63.55698972], [0.005398, 59.86171238], [0.013734, 57.09992073]]",13,quantum,1,
precond_pen=1.800,16,-0.9139542277440027,57.09992072540301,1.8,2,0.060855865478515625,0.012562990188598633,0.0,1100111001001001,++--+++--+--+--+,0,True,"[[0.000143, 72.06703931], [0.00558, 63.55698972], [0.005818, 59.86171238], [0.012563, 57.09992073]]",13,quantum,1,
precond_pen=1.900,16,-0.8849885814199956,57.09992072540301,1.9,2,0.06150197982788086,0.01296687126159668,0.0,1100111001001001,++--+++--+--+--+,0,True,"[[0.000131, 72.06703931], [0.005213, 63.55698972], [0.005412, 59.86171238], [0.012967, 57.09992073]]",13,quantum,1,
precond_pen=2.000,16,-8.039936902111997,57.09992072540301,2.0,2,0.019717931747436523,0.006805896759033203,0.0,0011000110110110,--++---++-++-++-,0,True,"[[0.000145, 72.06703931], [0.00572, 64.05638915], [0.006512, 61.04414445], [0.006806, 57.09992073]]",13,quantum,1,
baseline,16,53.125232901941,53.12523290194102,,2,0.0935220718383789,0.026061058044433594,0.0,0011011011001001,--++-++-++--+--+,0,True,"[[0.000138, 64.34502192], [0.004959, 61.21384138], [0.005341, 56.51942124], [0.025971, 53.89049446], [0.026061, 53.1252329]]",14,quantum,1,
precond_pen=1.100,16,-1.150453730914001,53.12523290194102,1.1,2,0.23908400535583496,0.1963520050048828,0.0,1100100100110110,++--+--+--++-++-,0,True,"[[0.000178, 64.34502192], [0.005362, 60.8803099], [0.005592, 53.31579278], [0.196352, 53.1252329]]",14,quantum,1,
precond_pen=1.200,16,-1.0742955443150022,53.12523290194102,1.2,2,0.2459409236907959,0.17487382888793945,0.0,0011011011001001,--++-++-++--+--+,0,True,"[[0.000155, 64.34502192], [0.006418, 62.43012496], [0.006795, 61.86226119], [0.007097, 53.31579278], [0.174874, 53.1252329]]",14,quantum,1,
precond_pen=1.300,16,-1.013223474635999,53.12523290194102,1.3,2,0.2177729606628418,0.21631217002868652,0.0,1100100100110110,++--+--+--++-++-,0,True,"[[0.000161, 64.34502192], [0.005991, 58.17016652], [0.006269, 53.89049446], [0.131589, 53.31579278], [0.216312, 53.1252329], [0.216929, 53.1252329]]",14,quantum,1,
precond_pen=1.400,16,-0.9631426515869981,53.12523290194102,1.4,2,0.2196969985961914,0.21675705909729004,0.0,0011011011001001,--++-++-++--+--+,0,True,"[[0.000177, 64.34502192], [0.005994, 63.65244886], [0.006286, 53.31579278], [0.216757, 53.1252329], [0.218764, 53.1252329]]",14,quantum,1,
precond_pen=1.500,16,-0.9213204331679989,53.12523290194102,1.5,2,0.2227950096130371,0.22177815437316895,0.0,0011011011001001,--++-++-++--+--+,0,True,"[[0.000135, 64.34502192], [0.005389, 63.37142461], [0.005619, 53.31579278], [0.221778, 53.1252329], [0.222204, 53.1252329]]",14,quantum,1,
precond_pen=1.600,16,-0.8858630331599988,53.12523290194102,1.6,2,0.23732900619506836,0.2356882095336914,0.0,1100100100110110,++--+--+--++-++-,0,True,"[[0.000125, 64.34502192], [0.005218, 63.12914255], [0.005359, 53.31579278], [0.235688, 53.1252329], [0.236437, 53.1252329]]",14,quantum,1,
precond_pen=1.700,16,-0.8554155943080008,53.12523290194102,1.7,2,0.33602190017700195,0.3342299461364746,0.0,1100100100110110,++--+--+--++-++-,0,True,"[[0.000143, 64.34502192], [0.005774, 59.65398593], [0.006158, 53.31579278], [0.33423, 53.1252329], [0.334968, 53.1252329]]",14,quantum,1,
precond_pen=1.800,16,-0.8289835210360028,53.12523290194102,1.8,2,0.20896387100219727,0.2074418067932129,0.0,1100100100110110,++--+--+--++-++-,0,True,"[[0.000144, 64.34502192], [0.006478, 56.51942124], [0.013983, 53.89049446], [0.187651, 53.31579278], [0.207442, 53.1252329], [0.208173, 53.1252329]]",14,quantum,1,
precond_pen=1.900,16,-0.8058194402339973,53.12523290194102,1.9,2,0.17602992057800293,0.1620957851409912,0.0,0011011011001001,--++-++-++--+--+,0,True,"[[0.000132, 64.34502192], [0.005813, 58.71819599], [0.006028, 53.31579278], [0.162096, 53.1252329]]",14,quantum,1,
precond_pen=2.000,16,-0.7853510078379973,53.12523290194102,2.0,2,0.27858591079711914,0.2766878604888916,0.0,0011011011001001,--++-++-++--+--+,0,True,"[[0.000133, 64.34502192], [0.006377, 56.51942124], [0.013376, 53.89049446], [0.183664, 53.31579278], [0.276688, 53.1252329]]",14,quantum,1,
baseline,16,56.86765244234502,56.867652442345,,2,0.11267995834350586,0.006272077560424805,0.0,1110010010010011,+++--+--+--+--++,0,True,"[[0.000138, 67.65280917], [0.005566, 65.26432876], [0.005925, 61.48547181], [0.006272, 56.86765244]]",15,quantum,1,
precond_pen=1.100,16,-1.0886487744939997,56.867652442345,1.1,2,0.1820220947265625,0.012729883193969727,0.0,0001101101101100,---++-++-++-++--,0,True,"[[0.000128, 67.65280917], [0.005749, 63.50244138], [0.006007, 57.88862811], [0.01273, 56.86765244]]",15,quantum,1,
precond_pen=1.200,16,-1.0189077793960069,56.867652442345,1.2,2,0.22460412979125977,0.006923198699951172,0.0,0001101101101100,---++-++-++-++--,0,True,"[[0.000191, 67.65280917], [0.006569, 63.13458975], [0.006923, 56.86765244]]",15,quantum,1,
precond_pen=1.300,16,-0.9630295031710006,56.867652442345,1.3,2,0.2686889171600342,0.012065887451171875,0.0,0001101101101100,---++-++-++-++--,0,True,"[[0.000141, 67.65280917], [0.005905, 63.88165462], [0.006151, 59.37658883], [0.012066, 56.86765244]]",15,quantum,1,
precond_pen=1.400,16,-0.9172406047770005,56.867652442345,1.4,2,0.2624671459197998,0.0075092315673828125,0.0,0001101101101100,---++-++-++-++--,0,True,"[[0.000212, 67.65280917], [0.007167, 60.65539806], [0.007509, 56.86765244]]",15,quantum,1,
precond_pen=1.500,16,-0.8790263315120059,56.867652442345,1.5,2,0.2071061134338379,0.005048036575317383,0.0,0001101101101100,---++-++-++-++--,0,True,"[[0.000125, 67.65280917], [0.004837, 61.8724055], [0.005048, 56.86765244]]",15,quantum,1,
precond_pen=1.600,16,-0.8466452727699929,56.867652442345,1.6,2,0.21325397491455078,0.005786895751953125,0.0,0001101101101100,---++-++-++-++--,0,True,"[[0.000166, 67.65280917], [0.005314, 65.47298236], [0.005595, 61.8724055], [0.005787, 56.86765244]]",15,quantum,1,
precond_pen=1.700,16,-0.8188530830990013,56.867652442345,1.7,2,0.18393802642822266,0.0067081451416015625,0.0,0001101101101100,---++-++-++-++--,0,True,"[[0.000162, 67.65280917], [0.006286, 65.47298236], [0.006537, 61.8724055], [0.006708, 56.86765244]]",15,quantum,1,
precond_pen=1.800,16,-0.7947363934290017,56.867652442345,1.8,2,0.20452308654785156,0.0072100162506103516,0.0,0001101101101100,---++-++-++-++--,0,True,"[[0.000168, 67.65280917], [0.006706, 65.47298236], [0.007051, 61.8724055], [0.00721, 56.86765244]]",15,quantum,1,
precond_pen=1.900,16,-0.7736097517429972,56.867652442345,1.9,2,0.23517608642578125,0.009508132934570312,0.0,0001101101101100,---++-++-++-++--,0,True,"[[0.000186, 67.65280917], [0.008769, 64.682623], [0.009366, 61.38382599], [0.009508, 56.86765244]]",15,quantum,1,
precond_pen=2.000,16,-0.7549483905039969,56.867652442345,2.0,2,0.21294903755187988,0.01365804672241211,0.0,1110010010010011,+++--+--+--+--++,0,True,"[[0.000179, 67.65280917], [0.007457, 63.88165462], [0.007725, 59.37658883], [0.013658, 56.86765244]]",15,quantum,1,
baseline,16,55.12307955243,55.12307955243,,2,0.09346795082092285,0.008336067199707031,0.0,0001111010010011,---++++-+--+--++,0,True,"[[0.000193, 66.08345906], [0.007358, 64.01534034], [0.00794, 63.4419686], [0.008336, 55.12307955]]",16,quantum,1,
precond_pen=1.100,16,-1.1572200980949994,55.12307955243,1.1,2,0.1480579376220703,0.007594108581542969,0.0,0001111010010011,---++++-+--+--++,0,True,"[[0.000175, 66.08345906], [0.00733, 64.22571128], [0.007594, 55.12307955]]",16,quantum,1,
precond_pen=1.200,16,-1.0794139512480054,55.12307955243,1.2,2,0.23335003852844238,0.22821998596191406,0.0,0001111010010011,---++++-+--+--++,0,True,"[[0.00015, 66.08345906], [0.006722, 63.26465719], [0.006896, 56.72212149], [0.227718, 56.03310744], [0.22822, 55.12307955]]",16,quantum,1,
precond_pen=1.300,16,-1.017174231575999,55.12307955243,1.3,2,0.19399690628051758,0.007467031478881836,0.0,0001111010010011,---++++-+--+--++,0,True,"[[0.000183, 66.08345906], [0.007165, 65.91159548], [0.007467, 55.12307955]]",16,quantum,1,
precond_pen=1.400,16,-0.9662387508829955,55.12307955243,1.4,2,0.14146804809570312,0.01609492301940918,0.0,0001111010010011,---++++-+--+--++,0,True,"[[0.00018, 66.08345906], [0.0067, 63.42404785], [0.006945, 56.72212149], [0.016095, 55.12307955]]",16,quantum,1,
precond_pen=1.500,16,-0.9237744126460026,55.12307955243,1.5,2,0.19290494918823242,0.0071299076080322266,0.0,0001111010010011,---++++-+--+--++,0,True,"[[0.00017, 66.08345906], [0.006877, 62.62964315], [0.00713, 55.12307955]]",16,quantum,1,
precond_pen=1.600,16,-0.8878240641650033,55.12307955243,1.6,2,0.3009510040283203,0.009470939636230469,0.0,0001111010010011,---++++-+--+--++,0,True,"[[0.000182, 66.08345906], [0.009182, 62.62964315], [0.009471, 55.12307955]]",16,quantum,1,
precond_pen=1.700,16,-0.8569915045690024,55.12307955243,1.7,2,0.1664440631866455,0.008135080337524414,0.0,0001111010010011,---++++-+--+--++,0,True,"[[0.000169, 66.08345906], [0.007888, 62.62964315], [0.008135, 55.12307955]]",16,quantum,1,
precond_pen=1.800,16,-0.8302537008720012,55.12307955243,1.8,2,0.20947599411010742,0.006505012512207031,0.0,0001111010010011,---++++-+--+--++,0,True,"[[0.001046, 66.08345906], [0.006321, 62.62964315], [0.006505, 55.12307955]]",16,quantum,1,
precond_pen=1.900,16,-0.8068439921069999,55.12307955243,1.9,2,0.1855640411376953,0.007875919342041016,0.0,0001111010010011,---++++-+--+--++,0,True,"[[0.000147, 66.08345906], [0.00753, 62.62964315], [0.007876, 55.12307955]]",16,quantum,1,
precond_pen=2.000,16,-0.7861760802960021,55.12307955243,2.0,2,0.21123790740966797,0.007720947265625,0.0,0001111010010011,---++++-+--+--++,0,True,"[[0.000221, 66.08345906], [0.007462, 62.62964315], [0.007721, 55.12307955]]",16,quantum,1,
baseline,16,51.476810919306985,51.476810919307,,2,0.12109613418579102,0.006899118423461914,0.0,1100101011000101,++--+-+-++---+-+,0,True,"[[0.000157, 59.99779131], [0.006649, 58.47811494], [0.006899, 51.47681092]]",17,quantum,1,
precond_pen=1.100,16,-1.0074546896730023,51.476810919307,1.1,2,0.22689294815063477,0.17164278030395508,0.0,1100101011000101,++--+-+-++---+-+,0,True,"[[0.000212, 59.99779131], [0.007926, 56.01963888], [0.008266, 51.84448153], [0.171643, 51.47681092]]",17,quantum,1,
precond_pen=1.200,16,-0.9482751858970007,51.476810919307,1.2,2,0.3648340702056885,0.21984004974365234,0.0,0011010100111010,--++-+-+--+++-+-,0,True,"[[0.000177, 59.99779131], [0.005639, 56.6659414], [0.006039, 55.76047413], [0.006275, 52.08275058], [0.014797, 51.84448153], [0.21984, 51.47681092]]",17,quantum,1,
precond_pen=1.300,16,-0.9005666116879958,51.476810919307,1.3,2,0.27597618103027344,0.2531321048736572,0.0,1100101011000101,++--+-+-++---+-+,0,True,"[[0.000126, 59.99779131], [0.00504, 57.97528187], [0.005221, 52.08275058], [0.01355, 51.84448153], [0.253132, 51.47681092]]",17,quantum,1,
precond_pen=1.400,16,-0.8612776213530022,51.476810919307,1.4,2,0.23373889923095703,0.12290382385253906,0.0,0011010100111010,--++-+-+--+++-+-,0,True,"[[0.000123, 59.99779131], [0.004661, 56.6659414], [0.00497, 55.76047413], [0.005193, 53.64308831], [0.005326, 52.10618224], [0.009783, 51.84448153], [0.122904, 51.47681092]]",17,quantum,1,
precond_pen=1.500,16,-0.8283533496189985,51.476810919307,1.5,2,0.24471116065979004,0.14282894134521484,0.0,0011010100111010,--++-+-+--+++-+-,0,True,"[[0.00014, 59.99779131], [0.004787, 56.6659414], [0.005079, 55.76047413], [0.005314, 54.77510728], [0.005458, 51.84448153], [0.142829, 51.47681092]]",17,quantum,1,
precond_pen=1.600,16,-0.8003588830050026,51.476810919307,1.6,2,0.28302788734436035,0.1636979579925537,0.0,1100101011000101,++--+-+-++---+-+,0,True,"[[0.000162, 59.99779131], [0.006511, 58.01054407], [0.006801, 52.80867432], [0.014451, 51.84448153], [0.163698, 51.47681092]]",17,quantum,1,
precond_pen=1.700,16,-0.7762612810900009,51.476810919307,1.7,2,0.2947418689727783,0.17554378509521484,0.0,0011010100111010,--++-+-+--+++-+-,0,True,"[[0.000158, 59.99779131], [0.006152, 58.01054407], [0.006417, 52.80867432], [0.012634, 51.84448153], [0.175544, 51.47681092]]",17,quantum,1,
precond_pen=1.800,16,-0.7552979984110042,51.476810919307,1.8,2,0.23550009727478027,0.23337697982788086,0.0,0011010100111010,--++-+-+--+++-+-,0,True,"[[0.00018, 59.99779131], [0.006256, 58.01054407], [0.006534, 52.80867432], [0.014898, 51.84448153], [0.233377, 51.47681092], [0.234646, 51.47681092]]",17,quantum,1,
precond_pen=1.900,16,-0.736893662468006,51.476810919307,1.9,2,0.23946809768676758,0.2369840145111084,0.0,1100101011000101,++--+-+-++---+-+,0,True,"[[0.000151, 59.99779131], [0.005578, 58.01054407], [0.005748, 52.80867432], [0.012365, 51.84448153], [0.236984, 51.47681092], [0.238346, 51.47681092]]",17,quantum,1,
precond_pen=2.000,16,-0.7206056099709972,51.476810919307,2.0,2,0.29409098625183105,0.2429349422454834,0.0,1100101011000101,++--+-+-++---+-+,0,True,"[[0.000162, 59.99779131], [0.00735, 58.01054407], [0.00763, 52.80867432], [0.015819, 51.84448153], [0.242935, 51.47681092]]",17,quantum,1,
baseline,16,52.87104298052801,52.87104298052797,,2,0.19271111488342285,0.050985097885131836,0.0,0100100011111100,-+--+---++++++--,0,True,"[[0.000136, 59.61514206], [0.004579, 54.99593595], [0.050985, 52.87104298]]",18,quantum,1,
precond_pen=1.100,16,-1.1596883879190019,52.87104298052797,1.1,2,0.2737619876861572,0.1783750057220459,0.0,0100100011111100,-+--+---++++++--,0,True,"[[0.000166, 59.61514206], [0.007126, 54.99593595], [0.177971, 53.23732097], [0.178375, 52.87104298]]",18,quantum,1,
precond_pen=1.200,16,-1.0820922164620024,52.87104298052797,1.2,2,0.22782015800476074,0.007281064987182617,0.0,1011011100000011,+-++-+++------++,0,True,"[[0.000168, 59.61514206], [0.007017, 56.7586309], [0.007281, 52.87104298]]",18,quantum,1,
precond_pen=1.300,16,-1.0199489223159999,52.87104298052797,1.3,2,0.22884416580200195,0.014585018157958984,0.0,1011011100000011,+-++-+++------++,0,True,"[[0.000157, 59.61514206], [0.006743, 54.99593595], [0.014585, 52.87104298]]",18,quantum,1,
precond_pen=1.400,16,-0.9690423621889979,52.87104298052797,1.4,2,0.2802720069885254,0.011445045471191406,0.0,1011011100000011,+-++-+++------++,0,True,"[[0.000128, 59.61514206], [0.00533, 54.99593595], [0.011445, 52.87104298]]",18,quantum,1,
precond_pen=1.500,16,-0.9265661759179995,52.87104298052797,1.5,2,0.23258399963378906,0.1913290023803711,0.0,0100100011111100,-+--+---++++++--,0,True,"[[0.000123, 59.61514206], [0.005802, 54.99593595], [0.126896, 54.95953024], [0.127289, 53.57607879], [0.190994, 52.97516432], [0.191329, 52.87104298]]",18,quantum,1,
precond_pen=1.600,16,-0.8905791852649978,52.87104298052797,1.6,2,0.28160595893859863,0.11588501930236816,0.0,1011011100000011,+-++-+++------++,0,True,"[[0.000151, 59.61514206], [0.006409, 54.99593595], [0.115433, 54.49376575], [0.115771, 53.23732097], [0.115885, 52.87104298]]",18,quantum,1,
precond_pen=1.700,16,-0.8596948973829992,52.87104298052797,1.7,2,0.2521989345550537,0.15738487243652344,0.0,1011011100000011,+-++-+++------++,0,True,"[[0.000128, 59.61514206], [0.006394, 54.99593595], [0.157071, 54.49376575], [0.157385, 52.87104298]]",18,quantum,1,
precond_pen=1.800,16,-0.8328969078509996,52.87104298052797,1.8,2,0.25318217277526855,0.16438603401184082,0.0,0100100011111100,-+--+---++++++--,0,True,"[[0.00014, 59.61514206], [0.005929, 54.99593595], [0.163939, 53.74023949], [0.164269, 53.23732097], [0.164386, 52.87104298]]",18,quantum,1,
precond_pen=1.900,16,-0.8094221378639981,52.87104298052797,1.9,2,0.23270916938781738,0.14256000518798828,0.0,0100100011111100,-+--+---++++++--,0,True,"[[0.000144, 59.61514206], [0.006266, 54.99593595], [0.142255, 53.23732097], [0.14256, 52.87104298]]",18,quantum,1,
precond_pen=2.000,16,-0.788687201073996,52.87104298052797,2.0,2,0.20379900932312012,0.1234579086303711,0.0,0100100011111100,-+--+---++++++--,0,True,"[[0.000127, 59.61514206], [0.005436, 54.99593595], [0.123034, 53.83326309], [0.123358, 53.07726968], [0.123458, 52.87104298]]",18,quantum,1,
baseline,16,52.105474173337996,52.105474173337996,,2,0.11985087394714355,0.11472487449645996,0.0,0001110110000111,---+++-++----+++,0,True,"[[0.00012, 68.86817334], [0.004518, 67.16571112], [0.004902, 66.89795767], [0.005271, 63.00207325], [0.005476, 53.71935186], [0.114288, 52.64011219], [0.114625, 52.58426783], [0.114725, 52.10547417], [0.119111, 52.10547417]]",19,quantum,1,
precond_pen=1.100,16,-1.2517615238599955,52.105474173337996,1.1,2,0.05774188041687012,0.005203962326049805,0.0,0001110110000111,---+++-++----+++,0,True,"[[0.000117, 68.86817334], [0.004978, 58.0155804], [0.005204, 52.10547417]]",19,quantum,1,
precond_pen=1.200,16,-1.1636970631070023,52.105474173337996,1.2,2,0.060794830322265625,0.005589962005615234,0.0,0001110110000111,---+++-++----+++,0,True,"[[0.000135, 68.86817334], [0.005379, 64.10661696], [0.00559, 52.10547417]]",19,quantum,1,
precond_pen=1.300,16,-1.0932360433209993,52.105474173337996,1.3,2,0.058624982833862305,0.006133079528808594,0.0,0001110110000111,---+++-++----+++,0,True,"[[0.000141, 68.86817334], [0.005778, 58.0155804], [0.006133, 52.10547417]]",19,quantum,1,
precond_pen=1.400,16,-1.0355589933440026,52.105474173337996,1.4,2,0.07809090614318848,0.006140947341918945,0.0,1110001001111000,+++---+--++++---,0,True,"[[0.000132, 68.86817334], [0.005581, 66.55419046], [0.005937, 64.64161891], [0.006141, 52.10547417]]",19,quantum,1,
precond_pen=1.500,16,-0.9874630158479976,52.105474173337996,1.5,2,0.051774024963378906,0.006011962890625,0.0,0001110110000111,---+++-++----+++,0,True,"[[0.000137, 68.86817334], [0.005765, 58.0155804], [0.006012, 52.10547417]]",19,quantum,1,
precond_pen=1.600,16,-0.9467355658650014,52.105474173337996,1.6,2,0.07161903381347656,0.0071980953216552734,0.0,0001110110000111,---+++-++----+++,0,True,"[[0.000159, 68.86817334], [0.006871, 60.95584911], [0.007198, 52.10547417]]",19,quantum,1,
precond_pen=1.700,16,-0.9117983478430016,52.105474173337996,1.7,2,0.062461137771606445,0.005187034606933594,0.0,0001110110000111,---+++-++----+++,0,True,"[[0.000133, 68.86817334], [0.004995, 60.95584911], [0.005187, 52.10547417]]",19,quantum,1,
precond_pen=1.800,16,-0.8814947340229935,52.105474173337996,1.8,2,0.06681394577026367,0.005299091339111328,0.0,0001110110000111,---+++-++----+++,0,True,"[[0.000147, 68.86817334], [0.005089, 60.95584911], [0.005299, 52.10547417]]",19,quantum,1,
precond_pen=1.900,16,-0.8549578808539957,52.105474173337996,1.9,2,0.06343984603881836,0.005914926528930664,0.0,0001110110000111,---+++-++----+++,0,True,"[[0.000152, 68.86817334], [0.005647, 60.95584911], [0.005915, 52.10547417]]",19,quantum,1,
precond_pen=2.000,16,-0.8315246455590009,52.105474173337996,2.0,2,0.06589198112487793,0.005473136901855469,0.0,0001110110000111,---+++-++----+++,0,True,"[[0.000124, 68.86817334], [0.005251, 60.83712696], [0.005473, 52.10547417]]",19,quantum,1,
baseline,16,48.848816103204996,48.848816103205024,,2,0.08369302749633789,0.004956960678100586,0.0,1110000111011000,+++----+++-++---,0,True,"[[0.000135, 62.54334804], [0.004786, 58.8871088], [0.004957, 48.8488161]]",20,quantum,1,
precond_pen=1.100,16,-1.088559553121006,48.848816103205024,1.1,2,0.20558691024780273,0.1661379337310791,0.0,1110000111011000,+++----+++-++---,0,True,"[[0.000156, 62.54334804], [0.005557, 55.20701126], [0.006308, 53.98666864], [0.006639, 49.58158333], [0.166138, 48.8488161]]",20,quantum,1,
precond_pen=1.200,16,-1.0212592039220008,48.848816103205024,1.2,2,0.22942399978637695,0.013870000839233398,0.0,1110000111011000,+++----+++-++---,0,True,"[[0.000127, 62.54334804], [0.005924, 56.10303473], [0.006169, 52.1647148], [0.013564, 49.58158333], [0.01387, 48.8488161]]",20,quantum,1,
precond_pen=1.300,16,-0.9669117917740024,48.848816103205024,1.3,2,0.2615489959716797,0.013936042785644531,0.0,1110000111011000,+++----+++-++---,0,True,"[[0.000162, 62.54334804], [0.006419, 50.22112427], [0.006706, 49.58158333], [0.013936, 48.8488161]]",20,quantum,1,
precond_pen=1.400,16,-0.9220937767250001,48.848816103205024,1.4,2,0.21805882453918457,0.11723899841308594,0.0,0001111000100111,---++++---+--+++,0,True,"[[0.000133, 62.54334804], [0.004969, 54.42824012], [0.005147, 49.58158333], [0.117239, 48.8488161]]",20,quantum,1,
precond_pen=1.500,16,-0.8844932394509994,48.848816103205024,1.5,2,0.27365899085998535,0.011140108108520508,0.0,0001111000100111,---++++---+--+++,0,True,"[[0.000126, 62.54334804], [0.005424, 59.89506214], [0.005684, 49.58158333], [0.01114, 48.8488161]]",20,quantum,1,
precond_pen=1.600,16,-0.8524916346950011,48.848816103205024,1.6,2,0.23345184326171875,0.14542198181152344,0.0,1110000111011000,+++----+++-++---,0,True,"[[0.000131, 62.54334804], [0.006644, 56.10303473], [0.006865, 52.1647148], [0.013577, 49.58158333], [0.145422, 48.8488161]]",20,quantum,1,
precond_pen=1.700,16,-0.824922021253002,48.848816103205024,1.7,2,0.24296998977661133,0.2237250804901123,0.0,0001111000100111,---++++---+--+++,0,True,"[[0.000136, 62.54334804], [0.005452, 53.98666864], [0.005658, 49.58158333], [0.223725, 48.8488161], [0.242021, 48.8488161]]",20,quantum,1,
precond_pen=1.800,16,-0.8009211167530008,48.848816103205024,1.8,2,0.24865508079528809,0.23901700973510742,0.0,0001111000100111,---++++---+--+++,0,True,"[[0.000157, 62.54334804], [0.005946, 53.98666864], [0.006238, 49.58158333], [0.239017, 48.8488161]]",20,quantum,1,
precond_pen=1.900,16,-0.7798367035950005,48.848816103205024,1.9,2,0.20708799362182617,0.20579099655151367,0.0,1110000111011000,+++----+++-++---,0,True,"[[0.000127, 62.54334804], [0.004979, 53.98666864], [0.005172, 49.58158333], [0.205791, 48.8488161], [0.206258, 48.8488161]]",20,quantum,1,
precond_pen=2.000,16,-0.7611665278970019,48.848816103205024,2.0,2,0.21290802955627441,0.14421415328979492,0.0,1110000111011000,+++----+++-++---,0,True,"[[0.000135, 62.54334804], [0.00551, 53.98666864], [0.005715, 49.58158333], [0.144214, 48.8488161]]",20,quantum,1,
baseline,16,53.346939705590025,53.346939705589996,,2,0.13462400436401367,0.1116330623626709,0.0,1000001101110011,+-----++-+++--++,0,True,"[[0.000145, 60.32874964], [0.005237, 59.92999146], [0.005522, 59.92685198], [0.005791, 54.06815409], [0.023813, 53.41995908], [0.111633, 53.34693971], [0.133615, 53.34693971]]",21,quantum,1,
precond_pen=1.100,16,-1.0826998363789944,53.346939705589996,1.1,2,0.2249600887298584,0.2032921314239502,0.0,1000001101110011,+-----++-+++--++,0,True,"[[0.000114, 60.32874964], [0.00564, 56.60613708], [0.005892, 53.41995908], [0.203292, 53.34693971]]",21,quantum,1,
precond_pen=1.200,16,-1.0146809015389922,53.346939705589996,1.2,2,0.2186870574951172,0.2157888412475586,0.0,1000001101110011,+-----++-+++--++,0,True,"[[0.000123, 60.32874964], [0.005546, 56.15309461], [0.005831, 53.41995908], [0.215789, 53.34693971], [0.217764, 53.34693971]]",21,quantum,1,
precond_pen=1.300,16,-0.960012211147002,53.346939705589996,1.3,2,0.20563006401062012,0.20420503616333008,0.0,0111110010001100,-+++++--+---++--,0,True,"[[0.000148, 60.32874964], [0.0061, 59.46290013], [0.006408, 53.41995908], [0.204205, 53.34693971], [0.204847, 53.34693971]]",21,quantum,1,
precond_pen=1.400,16,-0.9150986565720007,53.346939705589996,1.4,2,0.1844780445098877,0.1817009449005127,0.0,0111110010001100,-+++++--+---++--,0,True,"[[0.000137, 60.32874964], [0.005601, 56.15309461], [0.005816, 53.41995908], [0.181701, 53.34693971], [0.183715, 53.34693971]]",21,quantum,1,
precond_pen=1.500,16,-0.8775330418639999,53.346939705589996,1.5,2,0.1664118766784668,0.00728297233581543,0.0,1000001101110011,+-----++-+++--++,0,True,"[[0.000137, 60.32874964], [0.006985, 56.17180172], [0.007283, 53.34693971]]",21,quantum,1,
precond_pen=1.600,16,-0.8456419305429996,53.346939705589996,1.6,2,0.20457720756530762,0.006596088409423828,0.0,1000001101110011,+-----++-+++--++,0,True,"[[0.00014, 60.32874964], [0.006367, 56.17180172], [0.006596, 53.34693971]]",21,quantum,1,
precond_pen=1.700,16,-0.8182256859890016,53.346939705589996,1.7,2,0.17349886894226074,0.0066089630126953125,0.0,1000001101110011,+-----++-+++--++,0,True,"[[0.000143, 60.32874964], [0.006326, 57.3124371], [0.006609, 53.34693971]]",21,quantum,1,
precond_pen=1.800,16,-0.7944010861109989,53.346939705589996,1.8,2,0.27537107467651367,0.16557812690734863,0.0,0111110010001100,-+++++--+---++--,0,True,"[[0.000155, 60.32874964], [0.006673, 56.15309461], [0.007049, 53.41995908], [0.165578, 53.34693971]]",21,quantum,1,
precond_pen=1.900,16,-0.7735039110510042,53.346939705589996,1.9,2,0.1863250732421875,0.15649700164794922,0.0,1000001101110011,+-----++-+++--++,0,True,"[[0.000121, 60.32874964], [0.00573, 56.15309461], [0.006034, 53.41995908], [0.156497, 53.34693971]]",21,quantum,1,
precond_pen=2.000,16,-0.7550243881350038,53.346939705589996,2.0,2,0.1840500831604004,0.007040977478027344,0.0,1000001101110011,+-----++-+++--++,0,True,"[[0.000159, 60.32874964], [0.006703, 56.89825832], [0.007041, 53.34693971]]",21,quantum,1,
baseline,16,55.63589205206201,55.635892052061976,,2,0.09192681312561035,0.005204916000366211,0.0,1110000110110100,+++----++-++-+--,0,True,"[[0.000126, 65.01239624], [0.004641, 65.00804539], [0.004927, 65.00343887], [0.005205, 55.63589205]]",22,quantum,1,
precond_pen=1.100,16,-1.1686956112089995,55.635892052061976,1.1,2,0.11267995834350586,0.013175010681152344,0.0,1110000110110100,+++----++-++-+--,0,True,"[[0.000123, 65.01239624], [0.006083, 63.09527653], [0.00637, 58.13303639], [0.013175, 55.63589205]]",22,quantum,1,
precond_pen=1.200,16,-1.0901161629660026,55.635892052061976,1.2,2,0.12893915176391602,0.012798070907592773,0.0,1110000110110100,+++----++-++-+--,0,True,"[[0.000137, 65.01239624], [0.005813, 62.75329613], [0.006043, 58.13303639], [0.012798, 55.63589205]]",22,quantum,1,
precond_pen=1.300,16,-1.0271644890449982,55.635892052061976,1.3,2,0.14786696434020996,0.14461898803710938,0.0,1110000110110100,+++----++-++-+--,0,True,"[[0.000153, 65.01239624], [0.006136, 64.19850434], [0.006432, 58.13303639], [0.144276, 57.24456885], [0.144619, 55.63589205]]",22,quantum,1,
precond_pen=1.400,16,-0.9755850604820004,55.635892052061976,1.4,2,0.16151881217956543,0.005392789840698242,0.0,0001111001001011,---++++--+--+-++,0,True,"[[0.000117, 65.01239624], [0.005218, 63.69795782], [0.005393, 55.63589205]]",22,quantum,1,
precond_pen=1.500,16,-0.9325422275070014,55.635892052061976,1.5,2,0.15203619003295898,0.007238149642944336,0.0,0001111001001011,---++++--+--+-++,0,True,"[[0.000137, 65.01239624], [0.006975, 60.65760745], [0.007238, 55.63589205]]",22,quantum,1,
precond_pen=1.600,16,-0.8960726913510024,55.635892052061976,1.6,2,0.3029510974884033,0.012674093246459961,0.0,0001111001001011,---++++--+--+-++,0,True,"[[0.000134, 65.01239624], [0.00637, 64.19850434], [0.006672, 58.13303639], [0.012674, 55.63589205]]",22,quantum,1,
precond_pen=1.700,16,-0.864773717218001,55.635892052061976,1.7,2,0.12705302238464355,0.012021064758300781,0.0,0001111001001011,---++++--+--+-++,0,True,"[[0.00014, 65.01239624], [0.005969, 63.39989388], [0.006186, 58.13303639], [0.012021, 55.63589205]]",22,quantum,1,
precond_pen=1.800,16,-0.8376158919919998,55.635892052061976,1.8,2,0.15215611457824707,0.01123809814453125,0.0,0001111001001011,---++++--+--+-++,0,True,"[[0.000142, 65.01239624], [0.005941, 63.39989388], [0.006217, 58.13303639], [0.011238, 55.63589205]]",22,quantum,1,
precond_pen=1.900,16,-0.8138266720229987,55.635892052061976,1.9,2,0.12607884407043457,0.010808944702148438,0.0,0001111001001011,---++++--+--+-++,0,True,"[[0.000135, 65.01239624], [0.005452, 63.39989388], [0.005683, 58.13303639], [0.010809, 55.63589205]]",22,quantum,1,
precond_pen=2.000,16,-0.7928144433170026,55.635892052061976,2.0,2,0.13835620880126953,0.011692047119140625,0.0,0001111001001011,---++++--+--+-++,0,True,"[[0.000135, 65.01239624], [0.006096, 63.39989388], [0.006446, 58.13303639], [0.011692, 55.63589205]]",22,quantum,1,
baseline,16,53.58429874295398,53.58429874295398,,2,0.09046006202697754,0.005666971206665039,0.0,1100001001101101,++----+--++-++-+,0,True,"[[0.000138, 62.43540209], [0.004924, 61.47328807], [0.005232, 60.63664049], [0.005504, 60.12218803], [0.005667, 53.58429874]]",23,quantum,1,
precond_pen=1.100,16,-1.1970436623149965,53.58429874295398,1.1,2,0.06810998916625977,0.006085872650146484,0.0,0011110110010010,--++++-++--+--+-,0,True,"[[0.000129, 62.43540209], [0.005835, 59.54577531], [0.006086, 53.58429874]]",23,quantum,1,
precond_pen=1.200,16,-1.1153516662650036,53.58429874295398,1.2,2,0.21106195449829102,0.006665945053100586,0.0,0011110110010010,--++++-++--+--+-,0,True,"[[0.000138, 62.43540209], [0.006263, 59.09030613], [0.006666, 53.58429874]]",23,quantum,1,
precond_pen=1.300,16,-1.0499235923780006,53.58429874295398,1.3,2,0.19262409210205078,0.006000995635986328,0.0,0011110110010010,--++++-++--+--+-,0,True,"[[0.000136, 62.43540209], [0.005769, 59.09030613], [0.006001, 53.58429874]]",23,quantum,1,
precond_pen=1.400,16,-0.9963233300809975,53.58429874295398,1.4,2,0.1476001739501953,0.006353139877319336,0.0,0011110110010010,--++++-++--+--+-,0,True,"[[0.000158, 62.43540209], [0.006085, 60.85809655], [0.006353, 53.58429874]]",23,quantum,1,
precond_pen=1.500,16,-0.9515978995829979,53.58429874295398,1.5,2,0.13297820091247559,0.005718231201171875,0.0,0011110110010010,--++++-++--+--+-,0,True,"[[0.000121, 62.43540209], [0.005503, 60.35421534], [0.005718, 53.58429874]]",23,quantum,1,
precond_pen=1.600,16,-0.9137042335739993,53.58429874295398,1.6,2,0.21391987800598145,0.007339954376220703,0.0,0011110110010010,--++++-++--+--+-,0,True,"[[0.000146, 62.43540209], [0.006977, 60.35421534], [0.00734, 53.58429874]]",23,quantum,1,
precond_pen=1.700,16,-0.8811832776789998,53.58429874295398,1.7,2,0.19939804077148438,0.00632786750793457,0.0,1100001001101101,++----+--++-++-+,0,True,"[[0.000136, 62.43540209], [0.006062, 60.06782509], [0.006328, 53.58429874]]",23,quantum,1,
precond_pen=1.800,16,-0.8529648077150025,53.58429874295398,1.8,2,0.3198740482330322,0.005919933319091797,0.0,1100001001101101,++----+--++-++-+,0,True,"[[0.000128, 62.43540209], [0.005675, 60.2399098], [0.00592, 53.58429874]]",23,quantum,1,
precond_pen=1.900,16,-0.8282457604389997,53.58429874295398,1.9,2,0.24715709686279297,0.006437063217163086,0.0,1100001001101101,++----+--++-++-+,0,True,"[[0.000145, 62.43540209], [0.006126, 60.2399098], [0.006437, 53.58429874]]",23,quantum,1,
precond_pen=2.000,16,-0.8064117320660005,53.58429874295398,2.0,2,0.15607500076293945,0.005224943161010742,0.0,1100001001101101,++----+--++-++-+,0,True,"[[0.000128, 62.43540209], [0.005018, 60.2399098], [0.005225, 53.58429874]]",23,quantum,1,
baseline,16,54.71327719824801,54.71327719824798,,2,0.10580801963806152,0.025058984756469727,0.0,0001001011110011,---+--+-++++--++,0,True,"[[0.000145, 63.06341451], [0.005625, 55.06980781], [0.025059, 54.7132772]]",24,quantum,1,
precond_pen=1.100,16,-1.0149442510209994,54.71327719824798,1.1,2,0.21112298965454102,0.014111995697021484,0.0,0001001011110011,---+--+-++++--++,0,True,"[[0.000129, 63.06341451], [0.006082, 55.06980781], [0.014112, 54.7132772]]",24,quantum,1,
precond_pen=1.200,16,-0.9538898164969982,54.71327719824798,1.2,2,0.28511691093444824,0.17186212539672852,0.0,0001001011110011,---+--+-++++--++,0,True,"[[0.000133, 63.06341451], [0.005698, 55.93058443], [0.005945, 55.06980781], [0.171862, 54.7132772]]",24,quantum,1,
precond_pen=1.300,16,-0.9048692026229963,54.71327719824798,1.3,2,0.27510786056518555,0.2710738182067871,0.0,0001001011110011,---+--+-++++--++,0,True,"[[0.000135, 63.06341451], [0.005608, 58.63651915], [0.005852, 55.06980781], [0.171523, 54.92553073], [0.171838, 54.73356801], [0.271074, 54.7132772], [0.274362, 54.7132772]]",24,quantum,1,
precond_pen=1.400,16,-0.864630970846,54.71327719824798,1.4,2,0.20724892616271973,0.12627482414245605,0.0,0001001011110011,---+--+-++++--++,0,True,"[[0.000143, 63.06341451], [0.006148, 61.88926471], [0.006407, 55.31644459], [0.01308, 55.06980781], [0.125963, 54.78151002], [0.126275, 54.7132772]]",24,quantum,1,
precond_pen=1.500,16,-0.8310010728900039,54.71327719824798,1.5,2,0.2004380226135254,0.19817519187927246,0.0,0001001011110011,---+--+-++++--++,0,True,"[[0.000127, 63.06341451], [0.005866, 62.63117386], [0.006144, 54.73356801], [0.198175, 54.7132772], [0.199768, 54.7132772]]",24,quantum,1,
precond_pen=1.600,16,-0.802470220797006,54.71327719824798,1.6,2,0.2628021240234375,0.2602269649505615,0.0,1110110100001100,+++-++-+----++--,0,True,"[[0.000124, 63.06341451], [0.00549, 62.81625027], [0.005686, 54.73356801], [0.260227, 54.7132772], [0.261651, 54.7132772]]",24,quantum,1,
precond_pen=1.700,16,-0.7779570852269995,54.71327719824798,1.7,2,0.25516605377197266,0.14423608779907227,0.0,0001001011110011,---+--+-++++--++,0,True,"[[0.000197, 63.06341451], [0.007887, 62.81625027], [0.00817, 54.73356801], [0.144236, 54.7132772]]",24,quantum,1,
precond_pen=1.800,16,-0.7566666010849996,54.71327719824798,1.8,2,0.2046980857849121,0.10425806045532227,0.0,0001001011110011,---+--+-++++--++,0,True,"[[0.000171, 63.06341451], [0.009125, 62.71316539], [0.009387, 54.73356801], [0.104258, 54.7132772]]",24,quantum,1,
precond_pen=1.900,16,-5.296997960558995,54.73356801480401,1.9,2,0.07186198234558105,0.018325090408325195,0.0,0011010111010010,--++-+-+++-+--+-,0,True,"[[0.000176, 63.06341451], [0.008245, 61.62550248], [0.008799, 60.62855284], [0.009508, 57.80761426], [0.00986, 55.06980781], [0.018325, 54.73356801]]",24,quantum,1,
precond_pen=2.000,16,-5.156898468496,54.73356801480401,2.0,2,0.10751605033874512,0.029476165771484375,0.0,0011010111010010,--++-+-+++-+--+-,0,True,"[[0.000153, 63.06341451], [0.007583, 57.80761426], [0.007967, 55.06980781], [0.029476, 54.73356801]]",24,quantum,1,
baseline,16,50.73561711458202,50.73561711458199,,2,0.19719600677490234,0.16385412216186523,0.0,0001111011100010,---++++-+++---+-,0,True,"[[0.000732, 55.47990272], [0.014403, 51.67108166], [0.163854, 50.73561711], [0.195943, 50.73561711]]",25,quantum,1,
precond_pen=1.100,16,-1.079995570193999,50.73561711458199,1.1,2,0.25255513191223145,0.17989802360534668,0.0,0001111011100010,---++++-+++---+-,0,True,"[[0.000205, 55.47990272], [0.008148, 51.67108166], [0.021881, 51.33878801], [0.142187, 51.2853106], [0.179898, 50.73561711]]",25,quantum,1,
precond_pen=1.200,16,-1.012698047794001,50.73561711458199,1.2,2,0.2841010093688965,0.2769169807434082,0.0,1110000100011101,+++----+---+++-+,0,True,"[[0.00029, 55.47990272], [0.012947, 51.67108166], [0.145115, 51.2853106], [0.201866, 51.18486693], [0.276917, 50.73561711], [0.282307, 50.73561711]]",25,quantum,1,
precond_pen=1.300,16,-0.9585234697210048,50.73561711458199,1.3,2,0.27864503860473633,0.2763850688934326,0.0,1110000100011101,+++----+---+++-+,0,True,"[[0.000736, 55.47990272], [0.017506, 51.67108166], [0.138291, 51.2853106], [0.226607, 51.18486693], [0.238202, 50.78316752], [0.276385, 50.73561711], [0.277513, 50.73561711]]",25,quantum,1,
precond_pen=1.400,16,-0.9139603438879975,50.73561711458199,1.4,2,0.39733195304870605,0.2737300395965576,0.0,0001111011100010,---++++-+++---+-,0,True,"[[0.000279, 55.47990272], [0.008849, 51.67108166], [0.27373, 50.73561711]]",25,quantum,1,
precond_pen=1.500,16,-0.8766504902300047,50.73561711458199,1.5,2,0.3009920120239258,0.29124903678894043,0.0,1110000100011101,+++----+---+++-+,0,True,"[[0.00018, 55.47990272], [0.008603, 51.67108166], [0.291249, 50.73561711], [0.299773, 50.73561711]]",25,quantum,1,
precond_pen=1.600,16,-0.844950578589998,50.73561711458199,1.6,2,0.24798202514648438,0.2410280704498291,0.0,0001111011100010,---++++-+++---+-,0,True,"[[0.000181, 55.47990272], [0.008806, 51.67108166], [0.1549, 51.33878801], [0.241028, 50.73561711], [0.2468, 50.73561711]]",25,quantum,1,
precond_pen=1.700,16,-0.8176800161800024,50.73561711458199,1.7,2,0.2528419494628906,0.24822092056274414,0.0,1110000100011101,+++----+---+++-+,0,True,"[[0.000176, 55.47990272], [0.00755, 51.67108166], [0.17091, 51.18486693], [0.247763, 50.78316752], [0.248221, 50.73561711], [0.251799, 50.73561711]]",25,quantum,1,
precond_pen=1.800,16,-0.7939685386560056,50.73561711458199,1.8,2,0.2961580753326416,0.25931692123413086,0.0,1110000100011101,+++----+---+++-+,0,True,"[[0.000177, 55.47990272], [0.009256, 51.67108166], [0.228612, 51.33878801], [0.259317, 50.73561711]]",25,quantum,1,
precond_pen=1.900,16,-0.7731603447659987,50.73561711458199,1.9,2,0.21362709999084473,0.21034717559814453,0.0,1110000100011101,+++----+---+++-+,0,True,"[[0.000194, 55.47990272], [0.008686, 51.67108166], [0.210347, 50.73561711], [0.212448, 50.73561711]]",25,quantum,1,
precond_pen=2.000,16,-0.7547517100940047,50.73561711458199,2.0,2,0.2300269603729248,0.22725987434387207,0.0,0001111011100010,---++++-+++---+-,0,True,"[[0.000219, 55.47990272], [0.008324, 51.67108166], [0.129919, 51.33878801], [0.22726, 50.73561711], [0.229054, 50.73561711]]",25,quantum,1,
baseline,16,51.07438107428298,51.07438107428301,,2,0.10230016708374023,0.006597995758056641,0.0,0011000101001111,--++---+-+--++++,0,True,"[[0.000146, 65.83376564], [0.006235, 62.71590739], [0.006598, 51.07438107]]",26,quantum,1,
precond_pen=1.100,16,-1.2469394589180043,51.07438107428301,1.1,2,0.14714312553405762,0.006783008575439453,0.0,0011000101001111,--++---+-+--++++,0,True,"[[0.000148, 65.83376564], [0.006214, 62.71590739], [0.006539, 61.23838602], [0.006783, 51.07438107]]",26,quantum,1,
precond_pen=1.200,16,-1.159488532890002,51.07438107428301,1.2,2,0.13035202026367188,0.007598161697387695,0.0,0011000101001111,--++---+-+--++++,0,True,"[[0.000148, 65.83376564], [0.007175, 61.48800609], [0.007598, 51.07438107]]",26,quantum,1,
precond_pen=1.300,16,-1.0894865794190016,51.07438107428301,1.3,2,0.16193413734436035,0.0077970027923583984,0.0,0011000101001111,--++---+-+--++++,0,True,"[[0.000158, 65.83376564], [0.007086, 58.1001933], [0.007797, 51.07438107]]",26,quantum,1,
precond_pen=1.400,16,-1.0321669411119956,51.07438107428301,1.4,2,0.15311598777770996,0.008252859115600586,0.0,1100111010110000,++--+++-+-++----,0,True,"[[0.000223, 65.83376564], [0.007439, 60.84954774], [0.007929, 60.70475234], [0.008253, 51.07438107]]",26,quantum,1,
precond_pen=1.500,16,-0.9843582842919973,51.07438107428301,1.5,2,0.1488940715789795,0.007539033889770508,0.0,0011000101001111,--++---+-+--++++,0,True,"[[0.000171, 65.83376564], [0.00727, 62.88152012], [0.007539, 51.07438107]]",26,quantum,1,
precond_pen=1.600,16,-0.9438676614720034,51.07438107428301,1.6,2,0.19498896598815918,0.007019996643066406,0.0,1100111010110000,++--+++-+-++----,0,True,"[[0.000161, 65.83376564], [0.00622, 61.4911586], [0.006758, 60.70475234], [0.00702, 51.07438107]]",26,quantum,1,
precond_pen=1.700,16,-0.9091296594319989,51.07438107428301,1.7,2,0.21364784240722656,0.0068438053131103516,0.0,0011000101001111,--++---+-+--++++,0,True,"[[0.000177, 65.83376564], [0.006572, 62.17292905], [0.006844, 51.07438107]]",26,quantum,1,
precond_pen=1.800,16,-0.8789966812759991,51.07438107428301,1.8,2,0.11569809913635254,0.008028030395507812,0.0,0011000101001111,--++---+-+--++++,0,True,"[[0.000194, 65.83376564], [0.007717, 62.17292905], [0.008028, 51.07438107]]",26,quantum,1,
precond_pen=1.900,16,-0.852607810576,51.07438107428301,1.9,2,0.1793839931488037,0.007393836975097656,0.0,0011000101001111,--++---+-+--++++,0,True,"[[0.000167, 65.83376564], [0.007135, 62.17292905], [0.007394, 51.07438107]]",26,quantum,1,
precond_pen=2.000,16,-0.8293044071470002,51.07438107428301,2.0,2,0.17179107666015625,0.006777048110961914,0.0,0011000101001111,--++---+-+--++++,0,True,"[[0.000161, 65.83376564], [0.006511, 62.17292905], [0.006777, 51.07438107]]",26,quantum,1,
baseline,16,55.47288216266205,55.472882162661975,,2,0.14104104042053223,0.006294965744018555,0.0,1101011000101010,++-+-++---+-+-+-,0,True,"[[0.000146, 68.31728327], [0.005452, 66.70996593], [0.005733, 66.00453342], [0.006101, 65.18138276], [0.006295, 55.47288216]]",27,quantum,1,
precond_pen=1.100,16,-1.1379686277930041,55.472882162661975,1.1,2,0.19295001029968262,0.007135868072509766,0.0,1101011000101010,++-+-++---+-+-+-,0,True,"[[0.000151, 68.31728327], [0.006873, 68.06902113], [0.007136, 55.47288216]]",27,quantum,1,
precond_pen=1.200,16,-1.062873717943999,55.472882162661975,1.2,2,0.2182919979095459,0.006426811218261719,0.0,1101011000101010,++-+-++---+-+-+-,0,True,"[[0.000138, 68.31728327], [0.006171, 68.06902113], [0.006427, 55.47288216]]",27,quantum,1,
precond_pen=1.300,16,-1.0027130474230024,55.472882162661975,1.3,2,0.3155479431152344,0.00681304931640625,0.0,1101011000101010,++-+-++---+-+-+-,0,True,"[[0.000141, 68.31728327], [0.006566, 68.06902113], [0.006813, 55.47288216]]",27,quantum,1,
precond_pen=1.400,16,-0.9534168519529977,55.472882162661975,1.4,2,0.2499849796295166,0.006175994873046875,0.0,1101011000101010,++-+-++---+-+-+-,0,True,"[[0.000142, 68.31728327], [0.00596, 68.06902113], [0.006176, 55.47288216]]",27,quantum,1,
precond_pen=1.500,16,-0.9122746480980002,55.472882162661975,1.5,2,0.17502498626708984,0.006802082061767578,0.0,1101011000101010,++-+-++---+-+-+-,0,True,"[[0.000192, 68.31728327], [0.006546, 68.06902113], [0.006802, 55.47288216]]",27,quantum,1,
precond_pen=1.600,16,-0.8774108438340011,55.472882162661975,1.6,2,0.24251413345336914,0.006269931793212891,0.0,1101011000101010,++-+-++---+-+-+-,0,True,"[[0.000136, 68.31728327], [0.006046, 68.06902113], [0.00627, 55.47288216]]",27,quantum,1,
precond_pen=1.700,16,-0.8474855698419992,55.472882162661975,1.7,2,0.3520631790161133,0.006719112396240234,0.0,1101011000101010,++-+-++---+-+-+-,0,True,"[[0.00022, 68.31728327], [0.006494, 68.06902113], [0.006719, 55.47288216]]",27,quantum,1,
precond_pen=1.800,16,-0.8215158062979997,55.472882162661975,1.8,2,0.24145197868347168,0.005565166473388672,0.0,1101011000101010,++-+-++---+-+-+-,0,True,"[[0.000172, 68.31728327], [0.005359, 68.06902113], [0.005565, 55.47288216]]",27,quantum,1,
precond_pen=1.900,16,-0.7987637276790043,55.472882162661975,1.9,2,0.21945714950561523,0.005535125732421875,0.0,1101011000101010,++-+-++---+-+-+-,0,True,"[[0.000169, 68.31728327], [0.005328, 68.06902113], [0.005535, 55.47288216]]",27,quantum,1,
precond_pen=2.000,16,-0.7786647645570062,55.472882162661975,2.0,2,0.223862886428833,0.005536079406738281,0.0,1101011000101010,++-+-++---+-+-+-,0,True,"[[0.000167, 68.31728327], [0.005301, 68.06902113], [0.005536, 55.47288216]]",27,quantum,1,
baseline,16,59.10192928332397,59.10192928332398,,2,0.12880587577819824,0.005302906036376953,0.0,0000111101010110,----++++-+-+-++-,0,True,"[[0.000168, 72.09207676], [0.005077, 70.04628981], [0.005303, 59.10192928]]",28,quantum,1,
precond_pen=1.100,16,-1.2387203227040011,59.10192928332398,1.1,2,0.06674909591674805,0.007149934768676758,0.0,1111000010101001,++++----+-+-+--+,0,True,"[[0.000217, 72.09207676], [0.006913, 70.72025398], [0.00715, 59.10192928]]",28,quantum,1,
precond_pen=1.200,16,-1.1503001213900017,59.10192928332398,1.2,2,0.1629490852355957,0.15885090827941895,0.0,0000111101010110,----++++-+-+-++-,0,True,"[[0.000131, 72.09207676], [0.006087, 64.94714319], [0.006583, 61.63492201], [0.158851, 59.10192928]]",28,quantum,1,
precond_pen=1.300,16,-1.0798823860000013,59.10192928332398,1.3,2,0.24672794342041016,0.24316000938415527,0.0,0000111101010110,----++++-+-+-++-,0,True,"[[0.000129, 72.09207676], [0.005235, 65.98432175], [0.005391, 61.63492201], [0.24316, 59.10192928]]",28,quantum,1,
precond_pen=1.400,16,-1.0224561126300014,59.10192928332398,1.4,2,0.08790397644042969,0.014213085174560547,0.0,1111000010101001,++++----+-+-+--+,0,True,"[[0.000189, 72.09207676], [0.005641, 68.38823683], [0.006448, 67.39203672], [0.006708, 61.63492201], [0.014213, 59.10192928]]",28,quantum,1,
precond_pen=1.500,16,-0.9747165410990029,59.10192928332398,1.5,2,0.09669899940490723,0.006120920181274414,0.0,1111000010101001,++++----+-+-+--+,0,True,"[[0.000125, 72.09207676], [0.005907, 70.72025398], [0.006121, 59.10192928]]",28,quantum,1,
precond_pen=1.600,16,-0.9343950109759973,59.10192928332398,1.6,2,0.09102201461791992,0.007069110870361328,0.0,0000111101010110,----++++-+-+-++-,0,True,"[[0.000147, 72.09207676], [0.006211, 65.67353852], [0.007069, 59.10192928]]",28,quantum,1,
precond_pen=1.700,16,-0.8998816274029995,59.10192928332398,1.7,2,0.056509971618652344,0.006006956100463867,0.0,1111000010101001,++++----+-+-+--+,0,True,"[[0.000144, 72.09207676], [0.005809, 70.72025398], [0.006007, 59.10192928]]",28,quantum,1,
precond_pen=1.800,16,-0.8700020761860037,59.10192928332398,1.8,2,0.0750880241394043,0.005532979965209961,0.0,1111000010101001,++++----+-+-+--+,0,True,"[[0.000122, 72.09207676], [0.00535, 70.72025398], [0.005533, 59.10192928]]",28,quantum,1,
precond_pen=1.900,16,-0.8438792694970028,59.10192928332398,1.9,2,0.05720686912536621,0.011232852935791016,0.0,1111000010101001,++++----+-+-+--+,0,True,"[[0.000132, 72.09207676], [0.005555, 64.94714319], [0.005957, 61.63492201], [0.011233, 59.10192928]]",28,quantum,1,
precond_pen=2.000,16,-0.8208450145739974,59.10192928332398,2.0,2,0.07194304466247559,0.006901979446411133,0.0,1111000010101001,++++----+-+-+--+,0,True,"[[0.000213, 72.09207676], [0.006668, 70.72025398], [0.006902, 59.10192928]]",28,quantum,1,
baseline,16,51.01969925600298,51.019699256003015,,2,0.08957386016845703,0.005908966064453125,0.0,0101111110000010,-+-++++++-----+-,0,True,"[[0.00016, 60.01319887], [0.005416, 59.47277317], [0.005703, 59.28158748], [0.005909, 51.01969926]]",29,quantum,1,
precond_pen=1.100,16,-1.1660316640240005,51.019699256003015,1.1,2,0.18443703651428223,0.005925893783569336,0.0,0101111110000010,-+-++++++-----+-,0,True,"[[0.000128, 60.01319887], [0.005676, 59.55461684], [0.005926, 51.01969926]]",29,quantum,1,
precond_pen=1.200,16,-1.0887296201370047,51.019699256003015,1.2,2,0.22016000747680664,0.013255834579467773,0.0,0101111110000010,-+-++++++-----+-,0,True,"[[0.000151, 60.01319887], [0.0061, 59.22648284], [0.006341, 53.00953685], [0.013256, 51.01969926]]",29,quantum,1,
precond_pen=1.300,16,-1.0266416324140017,51.019699256003015,1.3,2,0.22045302391052246,0.015562057495117188,0.0,0101111110000010,-+-++++++-----+-,0,True,"[[0.000213, 60.01319887], [0.006989, 59.67908021], [0.007278, 53.20751646], [0.015562, 51.01969926]]",29,quantum,1,
precond_pen=1.400,16,-0.9756620397080003,51.019699256003015,1.4,2,0.2626018524169922,0.013155937194824219,0.0,0101111110000010,-+-++++++-----+-,0,True,"[[0.000138, 60.01319887], [0.005808, 59.81580565], [0.006038, 53.20751646], [0.013156, 51.01969926]]",29,quantum,1,
precond_pen=1.500,16,-0.9330438140309978,51.019699256003015,1.5,2,0.18717718124389648,0.015664100646972656,0.0,0101111110000010,-+-++++++-----+-,0,True,"[[0.000191, 60.01319887], [0.006971, 55.82254247], [0.007286, 53.00953685], [0.015664, 51.01969926]]",29,quantum,1,
precond_pen=1.600,16,-0.8968789557730013,51.019699256003015,1.6,2,0.21706604957580566,0.015371084213256836,0.0,0101111110000010,-+-++++++-----+-,0,True,"[[0.000146, 60.01319887], [0.006888, 53.178413], [0.007186, 53.00953685], [0.015371, 51.01969926]]",29,quantum,1,
precond_pen=1.700,16,-0.8658003855669998,51.019699256003015,1.7,2,0.1999208927154541,0.01459193229675293,0.0,0101111110000010,-+-++++++-----+-,0,True,"[[0.000141, 60.01319887], [0.007008, 59.58627932], [0.007287, 53.00953685], [0.014592, 51.01969926]]",29,quantum,1,
precond_pen=1.800,16,-0.8388025474860008,51.019699256003015,1.8,2,0.20777511596679688,0.016303062438964844,0.0,0101111110000010,-+-++++++-----+-,0,True,"[[0.000143, 60.01319887], [0.007201, 58.74363538], [0.007542, 53.00953685], [0.016303, 51.01969926]]",29,quantum,1,
precond_pen=1.900,16,-0.815129149026002,51.019699256003015,1.9,2,0.21474909782409668,0.013586044311523438,0.0,0101111110000010,-+-++++++-----+-,0,True,"[[0.000152, 60.01319887], [0.006281, 58.74363538], [0.006569, 53.00953685], [0.013586, 51.01969926]]",29,quantum,1,
precond_pen=2.000,16,-0.7942002056849988,51.019699256003015,2.0,2,0.2119159698486328,0.013700008392333984,0.0,0101111110000010,-+-++++++-----+-,0,True,"[[0.000192, 60.01319887], [0.006364, 58.74363538], [0.006654, 53.00953685], [0.0137, 51.01969926]]",29,quantum,1,
baseline,16,54.90713725593096,54.907137255931005,,2,0.08335709571838379,0.00601506233215332,0.0,0101100010100111,-+-++---+-+--+++,0,True,"[[0.000213, 68.38602335], [0.006015, 54.90713726]]",30,quantum,1,
precond_pen=1.100,16,-1.1725661487130044,54.907137255931005,1.1,2,0.19337105751037598,0.006702899932861328,0.0,1010011101011000,+-+--+++-+-++---,0,True,"[[0.000217, 68.38602335], [0.006405, 64.35114305], [0.006703, 54.90713726]]",30,quantum,1,
precond_pen=1.200,16,-1.0930874954930028,54.907137255931005,1.2,2,0.22065997123718262,0.008029937744140625,0.0,0101100010100111,-+-++---+-+--+++,0,True,"[[0.000203, 68.38602335], [0.007268, 61.72008744], [0.00803, 54.90713726]]",30,quantum,1,
precond_pen=1.300,16,-1.0295063545220016,54.907137255931005,1.3,2,0.2288188934326172,0.006894826889038086,0.0,1010011101011000,+-+--+++-+-++---,0,True,"[[0.000163, 68.38602335], [0.006631, 65.95966218], [0.006895, 54.90713726]]",30,quantum,1,
precond_pen=1.400,16,-0.9774705622000006,54.907137255931005,1.4,2,0.20535993576049805,0.007208824157714844,0.0,1010011101011000,+-+--+++-+-++---,0,True,"[[0.000203, 68.38602335], [0.006224, 64.87699468], [0.006746, 63.58133185], [0.007048, 62.84700714], [0.007209, 54.90713726]]",30,quantum,1,
precond_pen=1.500,16,-0.934087249022002,54.907137255931005,1.5,2,0.16553211212158203,0.0066111087799072266,0.0,1010011101011000,+-+--+++-+-++---,0,True,"[[0.000205, 68.38602335], [0.006334, 65.70080642], [0.006611, 54.90713726]]",30,quantum,1,
precond_pen=1.600,16,-0.8973575222839987,54.907137255931005,1.6,2,0.21973204612731934,0.008799076080322266,0.0,0101100010100111,-+-++---+-+--+++,0,True,"[[0.000216, 68.38602335], [0.007427, 62.83889225], [0.008191, 62.58781768], [0.008799, 54.90713726]]",30,quantum,1,
precond_pen=1.700,16,-0.8658555946669999,54.907137255931005,1.7,2,0.20110511779785156,0.007345914840698242,0.0,1010011101011000,+-+--+++-+-++---,0,True,"[[0.000149, 68.38602335], [0.007021, 65.70080642], [0.007346, 54.90713726]]",30,quantum,1,
precond_pen=1.800,16,-0.8385366486780033,54.907137255931005,1.8,2,0.214555025100708,0.0064089298248291016,0.0,0101100010100111,-+-++---+-+--+++,0,True,"[[0.000147, 68.38602335], [0.005585, 62.83889225], [0.006116, 62.58781768], [0.006409, 54.90713726]]",30,quantum,1,
precond_pen=1.900,16,-0.8146175248040013,54.907137255931005,1.9,2,0.20343995094299316,0.006726980209350586,0.0,0101100010100111,-+-++---+-+--+++,0,True,"[[0.000145, 68.38602335], [0.006395, 65.34268713], [0.006727, 54.90713726]]",30,quantum,1,
precond_pen=2.000,16,-0.7934993204669984,54.907137255931005,2.0,2,0.16529393196105957,0.00598597526550293,0.0,0101100010100111,-+-++---+-+--+++,0,True,"[[0.000188, 68.38602335], [0.005706, 65.34268713], [0.005986, 54.90713726]]",30,quantum,1,
baseline,16,55.00379766133802,55.003797661338,,2,0.12662196159362793,0.09407496452331543,0.0,0010110101110100,--+-++-+-+++-+--,0,True,"[[0.000205, 70.79056208], [0.006062, 67.02215949], [0.006413, 55.63139223], [0.027839, 55.10047494], [0.094075, 55.00379766], [0.125361, 55.00379766]]",31,quantum,1,
precond_pen=1.100,16,-1.0651333438499968,55.003797661338,1.1,2,0.3863339424133301,0.007082939147949219,0.0,1101001010001011,++-+--+-+---+-++,0,True,"[[0.000152, 70.79056208], [0.006693, 58.3652328], [0.007083, 55.00379766]]",31,quantum,1,
precond_pen=1.200,16,-0.998459667984001,55.003797661338,1.2,2,0.22295594215393066,0.006580829620361328,0.0,1101001010001011,++-+--+-+---+-++,0,True,"[[0.000198, 70.79056208], [0.006234, 64.23797576], [0.006581, 55.00379766]]",31,quantum,1,
precond_pen=1.300,16,-0.9449693182929995,55.003797661338,1.3,2,0.20540404319763184,0.004669904708862305,0.0,1101001010001011,++-+--+-+---+-++,0,True,"[[0.00011, 70.79056208], [0.00451, 64.23797576], [0.00467, 55.00379766]]",31,quantum,1,
precond_pen=1.400,16,-0.9010886995260003,55.003797661338,1.4,2,0.15320897102355957,0.004006147384643555,0.0,1101001010001011,++-+--+-+---+-++,0,True,"[[0.000142, 70.79056208], [0.003839, 64.23797576], [0.004006, 55.00379766]]",31,quantum,1,
precond_pen=1.500,16,-0.8644320241419994,55.003797661338,1.5,2,0.17061209678649902,0.004183053970336914,0.0,1101001010001011,++-+--+-+---+-++,0,True,"[[0.000137, 70.79056208], [0.003993, 60.18192093], [0.004183, 55.00379766]]",31,quantum,1,
precond_pen=1.600,16,-0.8333447779830001,55.003797661338,1.6,2,0.23012399673461914,0.003920078277587891,0.0,1101001010001011,++-+--+-+---+-++,0,True,"[[0.00014, 70.79056208], [0.003785, 59.52080269], [0.00392, 55.00379766]]",31,quantum,1,
precond_pen=1.700,16,-0.8066430933109983,55.003797661338,1.7,2,0.18585801124572754,0.004027843475341797,0.0,1101001010001011,++-+--+-+---+-++,0,True,"[[0.000139, 70.79056208], [0.003897, 60.4209243], [0.004028, 55.00379766]]",31,quantum,1,
precond_pen=1.800,16,-0.7834572323619966,55.003797661338,1.8,2,0.1833789348602295,0.004015922546386719,0.0,1101001010001011,++-+--+-+---+-++,0,True,"[[0.000135, 70.79056208], [0.003879, 60.4209243], [0.004016, 55.00379766]]",31,quantum,1,
precond_pen=1.900,16,-0.7631338285840013,55.003797661338,1.9,2,0.23423004150390625,0.004160165786743164,0.0,1101001010001011,++-+--+-+---+-++,0,True,"[[0.000149, 70.79056208], [0.004013, 60.4209243], [0.00416, 55.00379766]]",31,quantum,1,
precond_pen=2.000,16,-0.7451722286679976,55.003797661338,2.0,2,0.19621014595031738,0.004018068313598633,0.0,1101001010001011,++-+--+-+---+-++,0,True,"[[0.000159, 70.79056208], [0.003889, 60.4209243], [0.004018, 55.00379766]]",31,quantum,1,
baseline,16,54.575011453616995,54.57501145361701,,2,0.07792305946350098,0.003570079803466797,0.0,0101011010110100,-+-+-++-+-++-+--,0,True,"[[0.000136, 70.50954653], [0.003409, 67.16312832], [0.00357, 54.57501145]]",32,quantum,1,
precond_pen=1.100,16,-1.100286417222999,54.57501145361701,1.1,2,0.1756148338317871,0.0038979053497314453,0.0,1010100101001011,+-+-+--+-+--+-++,0,True,"[[0.000136, 70.50954653], [0.003739, 62.22299006], [0.003898, 54.57501145]]",32,quantum,1,
precond_pen=1.200,16,-1.0294014976129997,54.57501145361701,1.2,2,0.16779589653015137,0.004621028900146484,0.0,1010100101001011,+-+-+--+-+--+-++,0,True,"[[0.000142, 70.50954653], [0.00441, 62.76649246], [0.004621, 54.57501145]]",32,quantum,1,
precond_pen=1.300,16,-0.972589730974998,54.57501145361701,1.3,2,0.23153305053710938,0.004002094268798828,0.0,1010100101001011,+-+-+--+-+--+-++,0,True,"[[9.3e-05, 70.50954653], [0.003819, 60.52021974], [0.004002, 54.57501145]]",32,quantum,1,
precond_pen=1.400,16,-0.9260238842499975,54.57501145361701,1.4,2,0.22088003158569336,0.012250185012817383,0.0,0101011010110100,-+-+-++-+-++-+--,0,True,"[[0.000136, 70.50954653], [0.003539, 65.01484637], [0.003758, 63.16918688], [0.003919, 62.01558526], [0.004091, 54.66568214], [0.01225, 54.57501145]]",32,quantum,1,
precond_pen=1.500,16,-0.887152222372003,54.57501145361701,1.5,2,0.287977933883667,0.011148929595947266,0.0,0101011010110100,-+-+-++-+-++-+--,0,True,"[[0.000133, 70.50954653], [0.003557, 63.80624966], [0.003784, 63.16918688], [0.003948, 62.01558526], [0.004122, 54.66568214], [0.011149, 54.57501145]]",32,quantum,1,
precond_pen=1.600,16,-0.8542073563080006,54.57501145361701,1.6,2,0.19563508033752441,0.0039119720458984375,0.0,1010100101001011,+-+-+--+-+--+-++,0,True,"[[0.000134, 70.50954653], [0.00375, 66.0256466], [0.003912, 54.57501145]]",32,quantum,1,
precond_pen=1.700,16,-0.8259259154450023,54.57501145361701,1.7,2,0.20072388648986816,0.010671854019165039,0.0,1010100101001011,+-+-+--+-+--+-++,0,True,"[[0.000141, 70.50954653], [0.003851, 62.01558526], [0.004037, 54.66568214], [0.010672, 54.57501145]]",32,quantum,1,
precond_pen=1.800,16,-0.8013806131789982,54.57501145361701,1.8,2,0.18175411224365234,0.0041141510009765625,0.0,0101011010110100,-+-+-++-+-++-+--,0,True,"[[0.000134, 70.50954653], [0.00395, 65.75530876], [0.004114, 54.57501145]]",32,quantum,1,
precond_pen=1.900,16,-0.7798749991479976,54.57501145361701,1.9,2,0.2607409954071045,0.011636018753051758,0.0,1010100101001011,+-+-+--+-+--+-++,0,True,"[[0.000135, 70.50954653], [0.003855, 62.22299006], [0.003986, 54.66568214], [0.011636, 54.57501145]]",32,quantum,1,
precond_pen=2.000,16,-0.7608762074580016,54.57501145361701,2.0,2,0.19220805168151855,0.011962175369262695,0.0,1010100101001011,+-+-+--+-+--+-++,0,True,"[[0.000142, 70.50954653], [0.003902, 62.22299006], [0.004039, 54.66568214], [0.011962, 54.57501145]]",32,quantum,1,
baseline,16,51.023124532018954,51.02312453201898,,2,0.08763694763183594,0.0035588741302490234,0.0,1101011101000100,++-+-+++-+---+--,0,True,"[[0.000138, 61.51487656], [0.003559, 51.02312453]]",33,quantum,1,
precond_pen=1.100,16,-1.1287826881600012,51.02312453201898,1.1,2,0.20283818244934082,0.0038611888885498047,0.0,1101011101000100,++-+-+++-+---+--,0,True,"[[0.000149, 61.51487656], [0.003551, 55.6202878], [0.003861, 51.02312453]]",33,quantum,1,
precond_pen=1.200,16,-1.0556231388459985,51.02312453201898,1.2,2,0.14726805686950684,0.012032032012939453,0.0,0010100010111011,--+-+---+-+++-++,0,True,"[[0.000134, 61.51487656], [0.003999, 58.30015865], [0.004158, 51.08263394], [0.012032, 51.02312453]]",33,quantum,1,
precond_pen=1.300,16,-0.9968249329980008,51.02312453201898,1.3,2,0.14351701736450195,0.12017607688903809,0.0,0010100010111011,--+-+---+-+++-++,0,True,"[[0.000133, 61.51487656], [0.004403, 59.00347009], [0.004602, 53.42137744], [0.011057, 51.08263394], [0.120176, 51.02312453]]",33,quantum,1,
precond_pen=1.400,16,-0.9485244182049994,51.02312453201898,1.4,2,0.1713879108428955,0.01144099235534668,0.0,0010100010111011,--+-+---+-+++-++,0,True,"[[9.7e-05, 61.51487656], [0.004305, 59.00347009], [0.004512, 53.42137744], [0.011068, 51.08263394], [0.011441, 51.02312453]]",33,quantum,1,
precond_pen=1.500,16,-0.9081326172390032,51.02312453201898,1.5,2,0.1375420093536377,0.011194944381713867,0.0,0010100010111011,--+-+---+-+++-++,0,True,"[[9.1e-05, 61.51487656], [0.003546, 61.07510677], [0.003731, 58.82497091], [0.003889, 58.14836605], [0.004016, 53.42137744], [0.011127, 52.66685801], [0.011195, 51.02312453]]",33,quantum,1,
precond_pen=1.600,16,-0.8738490222769979,51.02312453201898,1.6,2,0.14330005645751953,0.012269020080566406,0.0,0010100010111011,--+-+---+-+++-++,0,True,"[[9.1e-05, 61.51487656], [0.004166, 54.9982635], [0.00432, 51.08263394], [0.012269, 51.02312453]]",33,quantum,1,
precond_pen=1.700,16,-0.8443821156610047,51.02312453201898,1.7,2,0.17860698699951172,0.007837057113647461,0.0,1101011101000100,++-+-+++-+---+--,0,True,"[[9.6e-05, 61.51487656], [0.00353, 60.60303399], [0.003715, 58.82497091], [0.003922, 53.42137744], [0.007837, 51.02312453]]",33,quantum,1,
precond_pen=1.800,16,-0.8187811237830012,51.02312453201898,1.8,2,0.18845510482788086,0.13490819931030273,0.0,0010100010111011,--+-+---+-+++-++,0,True,"[[9e-05, 61.51487656], [0.00431, 55.00495826], [0.004454, 51.08263394], [0.134908, 51.02312453]]",33,quantum,1,
precond_pen=1.900,16,-0.796330666191996,51.02312453201898,1.9,2,0.1955089569091797,0.14427590370178223,0.0,0010100010111011,--+-+---+-+++-++,0,True,"[[9.4e-05, 61.51487656], [0.003958, 55.00495826], [0.004088, 51.08263394], [0.144276, 51.02312453]]",33,quantum,1,
precond_pen=2.000,16,-0.7764817442199972,51.02312453201898,2.0,2,0.215440034866333,0.17889404296875,0.0,0010100010111011,--+-+---+-+++-++,0,True,"[[9.4e-05, 61.51487656], [0.003519, 60.60303399], [0.003709, 58.82497091], [0.003901, 55.00495826], [0.004017, 51.08263394], [0.178894, 51.02312453]]",33,quantum,1,
baseline,16,55.64204311779201,55.642043117792014,,2,0.09329009056091309,0.023435115814208984,0.0,0101111000110010,-+-++++---++--+-,0,True,"[[9.2e-05, 67.82714401], [0.003896, 66.29366424], [0.004092, 57.66067582], [0.023435, 55.64204312]]",34,quantum,1,
precond_pen=1.100,16,-1.1779254209579983,55.642043117792014,1.1,2,0.15369701385498047,0.10217094421386719,0.0,1010000111001101,+-+----+++--++-+,0,True,"[[9.2e-05, 67.82714401], [0.00335, 66.6218566], [0.003545, 65.94425916], [0.003737, 60.84735253], [0.003884, 56.66330573], [0.102171, 55.64204312]]",34,quantum,1,
precond_pen=1.200,16,-1.0978012211609984,55.642043117792014,1.2,2,0.17513585090637207,0.010937929153442383,0.0,0101111000110010,-+-++++---++--+-,0,True,"[[9.1e-05, 67.82714401], [0.003634, 66.6218566], [0.003826, 65.94425916], [0.004021, 63.88430783], [0.004167, 56.66330573], [0.010938, 55.64204312]]",34,quantum,1,
precond_pen=1.300,16,-1.0337268139759965,55.642043117792014,1.3,2,0.16950392723083496,0.011115074157714844,0.0,0101111000110010,-+-++++---++--+-,0,True,"[[9.2e-05, 67.82714401], [0.004466, 63.88430783], [0.004673, 56.66330573], [0.011115, 55.64204312]]",34,quantum,1,
precond_pen=1.400,16,-0.9813004047109972,55.642043117792014,1.4,2,0.17972397804260254,0.009588003158569336,0.0,0101111000110010,-+-++++---++--+-,0,True,"[[9.1e-05, 67.82714401], [0.003778, 65.5275341], [0.003932, 56.66330573], [0.009588, 55.64204312]]",34,quantum,1,
precond_pen=1.500,16,-0.9375988255359982,55.642043117792014,1.5,2,0.13538193702697754,0.010900020599365234,0.0,0101111000110010,-+-++++---++--+-,0,True,"[[9.6e-05, 67.82714401], [0.00444, 65.5275341], [0.004642, 56.66330573], [0.0109, 55.64204312]]",34,quantum,1,
precond_pen=1.600,16,-0.9006039935819992,55.642043117792014,1.6,2,0.2210390567779541,0.011132001876831055,0.0,0101111000110010,-+-++++---++--+-,0,True,"[[9.1e-05, 67.82714401], [0.003749, 65.5275341], [0.0039, 56.66330573], [0.011132, 55.64204312]]",34,quantum,1,
precond_pen=1.700,16,-0.8688770846830005,55.642043117792014,1.7,2,0.16868805885314941,0.009163856506347656,0.0,0101111000110010,-+-++++---++--+-,0,True,"[[9.9e-05, 67.82714401], [0.003802, 65.5275341], [0.003956, 56.66330573], [0.009164, 55.64204312]]",34,quantum,1,
precond_pen=1.800,16,-0.8413645628710054,55.642043117792014,1.8,2,0.16426515579223633,0.009412050247192383,0.0,0101111000110010,-+-++++---++--+-,0,True,"[[9.1e-05, 67.82714401], [0.003696, 65.5275341], [0.003857, 56.66330573], [0.009412, 55.64204312]]",34,quantum,1,
precond_pen=1.900,16,-0.8172767048660008,55.642043117792014,1.9,2,0.17321014404296875,0.009771108627319336,0.0,0101111000110010,-+-++++---++--+-,0,True,"[[0.000105, 67.82714401], [0.003766, 65.5275341], [0.003917, 56.66330573], [0.009771, 55.64204312]]",34,quantum,1,
precond_pen=2.000,16,-0.7960099198029988,55.642043117792014,2.0,2,0.15798401832580566,0.011085987091064453,0.0,0101111000110010,-+-++++---++--+-,0,True,"[[0.0001, 67.82714401], [0.003883, 65.5275341], [0.004032, 56.66330573], [0.011086, 55.64204312]]",34,quantum,1,
baseline,16,50.319911238606,50.319911238606,,2,0.08298993110656738,0.003713846206665039,0.0,0100111000001111,-+--+++-----++++,0,True,"[[9.2e-05, 62.67728118], [0.003325, 58.12500321], [0.003714, 50.31991124]]",35,quantum,1,
precond_pen=1.100,16,-1.1298245594540033,50.319911238606,1.1,2,0.15501904487609863,0.009166955947875977,0.0,1011000111110000,+-++---+++++----,0,True,"[[0.000118, 62.67728118], [0.003672, 58.29059361], [0.003847, 51.56981889], [0.009167, 50.31991124]]",35,quantum,1,
precond_pen=1.200,16,-1.0567270545200014,50.319911238606,1.2,2,0.18065309524536133,0.011704206466674805,0.0,1011000111110000,+-++---+++++----,0,True,"[[9.9e-05, 62.67728118], [0.004122, 62.22242342], [0.00425, 51.56981889], [0.011704, 50.31991124]]",35,quantum,1,
precond_pen=1.300,16,-0.9979587643440011,50.319911238606,1.3,2,0.18049287796020508,0.17975497245788574,0.0,1011000111110000,+-++---+++++----,0,True,"[[9.4e-05, 62.67728118], [0.003861, 59.9134798], [0.003989, 51.56981889], [0.010214, 51.47748928], [0.179755, 50.31991124], [0.180008, 50.31991124]]",35,quantum,1,
precond_pen=1.400,16,-0.9496681122179993,50.319911238606,1.4,2,0.1865978240966797,0.00391387939453125,0.0,0100111000001111,-+--+++-----++++,0,True,"[[9.2e-05, 62.67728118], [0.003767, 55.62789362], [0.003914, 50.31991124]]",35,quantum,1,
precond_pen=1.500,16,-0.9092733437560021,50.319911238606,1.5,2,0.1612389087677002,0.09405708312988281,0.0,0100111000001111,-+--+++-----++++,0,True,"[[9.1e-05, 62.67728118], [0.003716, 62.24149603], [0.003849, 51.56981889], [0.094057, 50.31991124]]",35,quantum,1,
precond_pen=1.600,16,-0.8749782707769969,50.319911238606,1.6,2,0.20177197456359863,0.003916025161743164,0.0,1011000111110000,+-++---+++++----,0,True,"[[9.3e-05, 62.67728118], [0.003761, 58.08219384], [0.003916, 50.31991124]]",35,quantum,1,
precond_pen=1.700,16,-0.8454946416360016,50.319911238606,1.7,2,0.15198993682861328,0.004086971282958984,0.0,1011000111110000,+-++---+++++----,0,True,"[[0.0001, 62.67728118], [0.003575, 61.92977755], [0.003779, 59.95253945], [0.003943, 58.08219384], [0.004087, 50.31991124]]",35,quantum,1,
precond_pen=1.800,16,-0.8198735195720008,50.319911238606,1.8,2,0.17151093482971191,0.0038099288940429688,0.0,1011000111110000,+-++---+++++----,0,True,"[[8.8e-05, 62.67728118], [0.003655, 58.08219384], [0.00381, 50.31991124]]",35,quantum,1,
precond_pen=1.900,16,-0.7974006934070008,50.319911238606,1.9,2,0.16217923164367676,0.003965139389038086,0.0,1011000111110000,+-++---+++++----,0,True,"[[0.0001, 62.67728118], [0.003799, 58.08219384], [0.003965, 50.31991124]]",35,quantum,1,
precond_pen=2.000,16,-0.7775283220209968,50.319911238606,2.0,2,0.14808392524719238,0.00391387939453125,0.0,1011000111110000,+-++---+++++----,0,True,"[[9.1e-05, 62.67728118], [0.003757, 58.08219384], [0.003914, 50.31991124]]",35,quantum,1,
baseline,16,49.03036796241597,49.030367962415966,,2,0.07519292831420898,0.0034868717193603516,0.0,1001110000001111,+--+++------++++,0,True,"[[8.8e-05, 60.3179802], [0.003349, 60.20521594], [0.003487, 49.03036796]]",36,quantum,1,
precond_pen=1.100,16,-1.1403471446630054,49.030367962415966,1.1,2,0.1897578239440918,0.003865957260131836,0.0,0110001111110000,-++---++++++----,0,True,"[[9.2e-05, 60.3179802], [0.003724, 55.03334625], [0.003866, 49.03036796]]",36,quantum,1,
precond_pen=1.200,16,-1.0671934361569972,49.030367962415966,1.2,2,0.16856694221496582,0.004929780960083008,0.0,0110001111110000,-++---++++++----,0,True,"[[9.1e-05, 60.3179802], [0.004695, 55.03334625], [0.00493, 49.03036796]]",36,quantum,1,
precond_pen=1.300,16,-1.0081854737790055,49.030367962415966,1.3,2,0.14662694931030273,0.004106044769287109,0.0,0110001111110000,-++---++++++----,0,True,"[[9.7e-05, 60.3179802], [0.003957, 55.03334625], [0.004106, 49.03036796]]",36,quantum,1,
precond_pen=1.400,16,-0.959568645122995,49.030367962415966,1.4,2,0.15356111526489258,0.003946065902709961,0.0,0110001111110000,-++---++++++----,0,True,"[[9e-05, 60.3179802], [0.003818, 56.69218295], [0.003946, 49.03036796]]",36,quantum,1,
precond_pen=1.500,16,-0.9188118444300013,49.030367962415966,1.5,2,0.28433704376220703,0.0041120052337646484,0.0,0110001111110000,-++---++++++----,0,True,"[[9.9e-05, 60.3179802], [0.003958, 57.82809184], [0.004112, 49.03036796]]",36,quantum,1,
precond_pen=1.600,16,-0.884146142055001,49.030367962415966,1.6,2,0.21576189994812012,0.0038378238677978516,0.0,0110001111110000,-++---++++++----,0,True,"[[9.6e-05, 60.3179802], [0.003718, 56.69218295], [0.003838, 49.03036796]]",36,quantum,1,
precond_pen=1.700,16,-0.8542974949000008,49.030367962415966,1.7,2,0.18461012840270996,0.0038290023803710938,0.0,0110001111110000,-++---++++++----,0,True,"[[8.9e-05, 60.3179802], [0.003702, 56.69218295], [0.003829, 49.03036796]]",36,quantum,1,
precond_pen=1.800,16,-0.828324583857003,49.030367962415966,1.8,2,0.17659711837768555,0.003993034362792969,0.0,0110001111110000,-++---++++++----,0,True,"[[9.3e-05, 60.3179802], [0.003871, 56.69218295], [0.003993, 49.03036796]]",36,quantum,1,
precond_pen=1.900,16,-0.8055169491870009,49.030367962415966,1.9,2,0.17640089988708496,0.0038809776306152344,0.0,0110001111110000,-++---++++++----,0,True,"[[9.8e-05, 60.3179802], [0.003758, 56.69218295], [0.003881, 49.03036796]]",36,quantum,1,
precond_pen=2.000,16,-0.7853280628839974,49.030367962415966,2.0,2,0.1695859432220459,0.0038909912109375,0.0,0110001111110000,-++---++++++----,0,True,"[[9.5e-05, 60.3179802], [0.003761, 56.69218295], [0.003891, 49.03036796]]",36,quantum,1,
baseline,16,50.27446762025803,50.274467620257944,,2,0.12520313262939453,0.003654003143310547,0.0,1110110100100001,+++-++-+--+----+,0,True,"[[9.6e-05, 60.68418953], [0.003496, 60.56254765], [0.003654, 50.27446762]]",37,quantum,1,
precond_pen=1.100,16,-1.051604575732,50.274467620257944,1.1,2,0.18745803833007812,0.009634017944335938,0.0,1110110100100001,+++-++-+--+----+,0,True,"[[9e-05, 60.68418953], [0.003631, 59.56769681], [0.003777, 51.16247544], [0.009634, 50.27446762]]",37,quantum,1,
precond_pen=1.200,16,-0.9877729324029962,50.274467620257944,1.2,2,0.28632116317749023,0.010728120803833008,0.0,1110110100100001,+++-++-+--+----+,0,True,"[[9.1e-05, 60.68418953], [0.003761, 55.81468904], [0.003894, 51.16247544], [0.010728, 50.27446762]]",37,quantum,1,
precond_pen=1.300,16,-0.9363154605130015,50.274467620257944,1.3,2,0.17571091651916504,0.009253978729248047,0.0,1110110100100001,+++-++-+--+----+,0,True,"[[9.3e-05, 60.68418953], [0.003722, 57.80165511], [0.003857, 52.17823743], [0.009254, 50.27446762]]",37,quantum,1,
precond_pen=1.400,16,-0.893939031416001,50.274467620257944,1.4,2,0.1698307991027832,0.009126901626586914,0.0,1110110100100001,+++-++-+--+----+,0,True,"[[9.3e-05, 60.68418953], [0.003711, 56.88720417], [0.003861, 51.31505693], [0.009127, 50.27446762]]",37,quantum,1,
precond_pen=1.500,16,-0.8584262781540009,50.274467620257944,1.5,2,0.16862106323242188,0.009324073791503906,0.0,1110110100100001,+++-++-+--+----+,0,True,"[[9.2e-05, 60.68418953], [0.003801, 55.96163808], [0.003948, 51.31505693], [0.009324, 50.27446762]]",37,quantum,1,
precond_pen=1.600,16,-0.8282292193019947,50.274467620257944,1.6,2,0.15986394882202148,0.009088993072509766,0.0,1110110100100001,+++-++-+--+----+,0,True,"[[9.9e-05, 60.68418953], [0.003739, 55.96163808], [0.003887, 51.31505693], [0.009089, 50.27446762]]",37,quantum,1,
precond_pen=1.700,16,-0.8022338790050014,50.274467620257944,1.7,2,0.16092705726623535,0.009081125259399414,0.0,1110110100100001,+++-++-+--+----+,0,True,"[[9.7e-05, 60.68418953], [0.003646, 55.96163808], [0.003782, 51.31505693], [0.009081, 50.27446762]]",37,quantum,1,
precond_pen=1.800,16,-0.7796178753160055,50.274467620257944,1.8,2,0.17783403396606445,0.009488105773925781,0.0,1110110100100001,+++-++-+--+----+,0,True,"[[9.4e-05, 60.68418953], [0.003641, 59.67154278], [0.003789, 51.16247544], [0.009488, 50.27446762]]",37,quantum,1,
precond_pen=1.900,16,-0.759760852462005,50.274467620257944,1.9,2,0.20079493522644043,0.009335041046142578,0.0,1110110100100001,+++-++-+--+----+,0,True,"[[9.4e-05, 60.68418953], [0.003581, 55.81468904], [0.003718, 51.16247544], [0.009335, 50.27446762]]",37,quantum,1,
precond_pen=2.000,16,-0.7421856334009975,50.274467620257944,2.0,2,0.17595314979553223,0.009860992431640625,0.0,1110110100100001,+++-++-+--+----+,0,True,"[[9.4e-05, 60.68418953], [0.003738, 56.88720417], [0.003887, 51.31505693], [0.009861, 50.27446762]]",37,quantum,1,
baseline,16,48.92007484624299,48.920074846243,,2,0.09213089942932129,0.01701188087463379,0.0,1001010011100011,+--+-+--+++---++,0,True,"[[9.5e-05, 53.23242293], [0.003276, 49.2276037], [0.017012, 48.92007485]]",38,quantum,1,
precond_pen=1.100,16,-1.0512088516789992,48.920074846243,1.1,2,0.15236997604370117,0.008707046508789062,0.0,0110101100011100,-++-+-++---+++--,0,True,"[[9.3e-05, 53.23242293], [0.003616, 49.2276037], [0.008707, 48.92007485]]",38,quantum,1,
precond_pen=1.200,16,-0.9878593407690026,48.920074846243,1.2,2,0.1590111255645752,0.009423971176147461,0.0,0110101100011100,-++-+-++---+++--,0,True,"[[9e-05, 53.23242293], [0.003834, 49.2276037], [0.009424, 48.92007485]]",38,quantum,1,
precond_pen=1.300,16,-0.9367125066640032,48.920074846243,1.3,2,0.17537379264831543,0.17474985122680664,0.0,1001010011100011,+--+-+--+++---++,0,True,"[[9.9e-05, 53.23242293], [0.003829, 49.2276037], [0.150777, 49.1655569], [0.17475, 48.92007485], [0.175039, 48.92007485]]",38,quantum,1,
precond_pen=1.400,16,-0.8945395061359989,48.920074846243,1.4,2,0.1614370346069336,0.16066312789916992,0.0,0110101100011100,-++-+-++---+++--,0,True,"[[9.4e-05, 53.23242293], [0.003873, 49.2276037], [0.157746, 49.1655569], [0.160663, 48.92007485], [0.160963, 48.92007485]]",38,quantum,1,
precond_pen=1.500,16,-0.8591610090459962,48.920074846243,1.5,2,0.20633196830749512,0.11561894416809082,0.0,0110101100011100,-++-+-++---+++--,0,True,"[[9.2e-05, 53.23242293], [0.003895, 49.2276037], [0.115526, 49.13799309], [0.115619, 48.92007485]]",38,quantum,1,
precond_pen=1.600,16,-0.8290521789000005,48.920074846243,1.6,2,0.14917993545532227,0.0038487911224365234,0.0,1001010011100011,+--+-+--+++---++,0,True,"[[9.2e-05, 53.23242293], [0.003698, 51.96804425], [0.003849, 48.92007485]]",38,quantum,1,
precond_pen=1.700,16,-0.8031137229720029,48.920074846243,1.7,2,0.1904008388519287,0.18966889381408691,0.0,0110101100011100,-++-+-++---+++--,0,True,"[[9.2e-05, 53.23242293], [0.003712, 49.2276037], [0.188177, 49.1655569], [0.189669, 48.92007485], [0.190006, 48.92007485]]",38,quantum,1,
precond_pen=1.800,16,-0.7805330126569991,48.920074846243,1.8,2,0.1905958652496338,0.003896951675415039,0.0,0110101100011100,-++-+-++---+++--,0,True,"[[9.8e-05, 53.23242293], [0.003773, 50.71358707], [0.003897, 48.92007485]]",38,quantum,1,
precond_pen=1.900,16,-0.760696036598004,48.920074846243,1.9,2,0.16799211502075195,0.08873796463012695,0.0,0110101100011100,-++-+-++---+++--,0,True,"[[9.6e-05, 53.23242293], [0.00378, 49.2276037], [0.088738, 48.92007485]]",38,quantum,1,
precond_pen=2.000,16,-0.743130209613005,48.920074846243,2.0,2,0.19768619537353516,0.10657310485839844,0.0,0110101100011100,-++-+-++---+++--,0,True,"[[9.5e-05, 53.23242293], [0.003732, 49.2276037], [0.106573, 48.92007485]]",38,quantum,1,
baseline,16,52.73576775703898,52.735767757039,,2,0.08334803581237793,0.02118992805480957,0.0,1000011011010011,+----++-++-+--++,0,True,"[[9.6e-05, 63.01236036], [0.003436, 55.72869612], [0.02119, 52.73576776]]",39,quantum,1,
precond_pen=1.100,16,-1.165045679473998,52.735767757039,1.1,2,0.15783190727233887,0.0036780834197998047,0.0,0111100100101100,-++++--+--+-++--,0,True,"[[9e-05, 63.01236036], [0.003531, 61.20203299], [0.003678, 52.73576776]]",39,quantum,1,
precond_pen=1.200,16,-1.0874956013620007,52.735767757039,1.2,2,0.17373013496398926,0.004400014877319336,0.0,1000011011010011,+----++-++-+--++,0,True,"[[9.2e-05, 63.01236036], [0.003861, 62.71511861], [0.00423, 57.97643721], [0.0044, 52.73576776]]",39,quantum,1,
precond_pen=1.300,16,-1.0252723343120032,52.735767757039,1.3,2,0.1738448143005371,0.0040128231048583984,0.0,1000011011010011,+----++-++-+--++,0,True,"[[9.3e-05, 63.01236036], [0.003861, 57.97643721], [0.004013, 52.73576776]]",39,quantum,1,
precond_pen=1.400,16,-0.974223649336996,52.735767757039,1.4,2,0.1681830883026123,0.004080057144165039,0.0,1000011011010011,+----++-++-+--++,0,True,"[[9.5e-05, 63.01236036], [0.003742, 62.92980336], [0.003943, 57.97643721], [0.00408, 52.73576776]]",39,quantum,1,
precond_pen=1.500,16,-0.9315766281430005,52.735767757039,1.5,2,0.2263028621673584,0.0037009716033935547,0.0,1000011011010011,+----++-++-+--++,0,True,"[[0.000103, 63.01236036], [0.003562, 57.97643721], [0.003701, 52.73576776]]",39,quantum,1,
precond_pen=1.600,16,-0.895407966656002,52.735767757039,1.6,2,0.17530488967895508,0.003751039505004883,0.0,1000011011010011,+----++-++-+--++,0,True,"[[9.3e-05, 63.01236036], [0.003591, 61.43736318], [0.003751, 52.73576776]]",39,quantum,1,
precond_pen=1.700,16,-0.8643410625370027,52.735767757039,1.7,2,0.25898003578186035,0.0038039684295654297,0.0,1000011011010011,+----++-++-+--++,0,True,"[[9.9e-05, 63.01236036], [0.003656, 61.43736318], [0.003804, 52.73576776]]",39,quantum,1,
precond_pen=1.800,16,-0.8373646268469992,52.735767757039,1.8,2,0.27420496940612793,0.003690958023071289,0.0,1000011011010011,+----++-++-+--++,0,True,"[[9.4e-05, 63.01236036], [0.003543, 57.97643721], [0.003691, 52.73576776]]",39,quantum,1,
precond_pen=1.900,16,-0.8137186000710006,52.735767757039,1.9,2,0.17676687240600586,0.0038099288940429688,0.0,0111100100101100,-++++--+--+-++--,0,True,"[[8.9e-05, 63.01236036], [0.00366, 57.97643721], [0.00381, 52.73576776]]",39,quantum,1,
precond_pen=2.000,16,-0.7928204860020003,52.735767757039,2.0,2,0.21331787109375,0.003844022750854492,0.0,0111100100101100,-++++--+--+-++--,0,True,"[[9.5e-05, 63.01236036], [0.003689, 57.97643721], [0.003844, 52.73576776]]",39,quantum,1,
baseline,16,48.87813361798696,48.878133617987075,,2,0.07347488403320312,0.003265857696533203,0.0,1111010100100100,++++-+-+--+--+--,0,True,"[[9.6e-05, 56.3964732], [0.003266, 48.87813362]]",40,quantum,1,
precond_pen=1.100,16,-1.135345753931004,48.878133617987075,1.1,2,0.1330111026763916,0.0037369728088378906,0.0,0000101011011011,----+-+-++-++-++,0,True,"[[8.9e-05, 56.3964732], [0.003558, 55.90419512], [0.003737, 48.87813362]]",40,quantum,1,
precond_pen=1.200,16,-1.0622491374380019,48.878133617987075,1.2,2,0.15523004531860352,0.0037920475006103516,0.0,0000101011011011,----+-+-++-++-++,0,True,"[[8.9e-05, 56.3964732], [0.003613, 55.90419512], [0.003792, 48.87813362]]",40,quantum,1,
precond_pen=1.300,16,-1.0033584869119991,48.878133617987075,1.3,2,0.15691685676574707,0.0041120052337646484,0.0,0000101011011011,----+-+-++-++-++,0,True,"[[0.000137, 56.3964732], [0.003957, 53.66202355], [0.004112, 48.87813362]]",40,quantum,1,
precond_pen=1.400,16,-0.9548880317599995,48.878133617987075,1.4,2,0.12937092781066895,0.0038480758666992188,0.0,0000101011011011,----+-+-++-++-++,0,True,"[[0.000129, 56.3964732], [0.003694, 53.66202355], [0.003848, 48.87813362]]",40,quantum,1,
precond_pen=1.500,16,-0.9142898944379994,48.878133617987075,1.5,2,0.24349212646484375,0.0042111873626708984,0.0,0000101011011011,----+-+-++-++-++,0,True,"[[0.000128, 56.3964732], [0.004053, 53.54260694], [0.004211, 48.87813362]]",40,quantum,1,
precond_pen=1.600,16,-0.8797857055600007,48.878133617987075,1.6,2,0.25974583625793457,0.003905773162841797,0.0,1111010100100100,++++-+-+--+--+--,0,True,"[[0.000133, 56.3964732], [0.003906, 48.87813362]]",40,quantum,1,
precond_pen=1.700,16,-0.8500962706329984,48.878133617987075,1.7,2,0.16552495956420898,0.004121065139770508,0.0,1111010100100100,++++-+-+--+--+--,0,True,"[[0.000156, 56.3964732], [0.004121, 48.87813362]]",40,quantum,1,
precond_pen=1.800,16,-0.8242774143099982,48.878133617987075,1.8,2,0.17859292030334473,0.004530906677246094,0.0,1111010100100100,++++-+-+--+--+--,0,True,"[[0.000139, 56.3964732], [0.004531, 48.87813362]]",40,quantum,1,
precond_pen=1.900,16,-0.8016172732739957,48.878133617987075,1.9,2,0.17565011978149414,0.004952192306518555,0.0,1111010100100100,++++-+-+--+--+--,0,True,"[[8.8e-05, 56.3964732], [0.004952, 48.87813362]]",40,quantum,1,
precond_pen=2.000,16,-0.7815685574880025,48.878133617987075,2.0,2,0.1540358066558838,0.0037238597869873047,0.0,1111010100100100,++++-+-+--+--+--,0,True,"[[8.8e-05, 56.3964732], [0.003724, 48.87813362]]",40,quantum,1,
baseline,16,58.82524293108496,58.825242931084986,,2,0.13038206100463867,0.0041010379791259766,0.0,0000011101110101,-----+++-+++-+-+,0,True,"[[0.000132, 68.50773673], [0.003939, 67.31014482], [0.004101, 58.82524293]]",41,quantum,1,
precond_pen=1.100,16,-1.1487080943949985,58.825242931084986,1.1,2,0.14585113525390625,0.0055751800537109375,0.0,1111100010001010,+++++---+---+-+-,0,True,"[[0.000131, 68.50773673], [0.004977, 65.31090104], [0.005271, 63.45997997], [0.005575, 58.82524293]]",41,quantum,1,
precond_pen=1.200,16,-1.0713985713760037,58.825242931084986,1.2,2,0.14741206169128418,0.011522054672241211,0.0,1111100010001010,+++++---+---+-+-,0,True,"[[9e-05, 68.50773673], [0.003812, 68.41757893], [0.00397, 60.23310194], [0.011522, 58.82524293]]",41,quantum,1,
precond_pen=1.300,16,-1.0096533736979936,58.825242931084986,1.3,2,0.19605493545532227,0.010070085525512695,0.0,0000011101110101,-----+++-+++-+-+,0,True,"[[0.000133, 68.50773673], [0.003848, 68.41757893], [0.00401, 60.23310194], [0.01007, 58.82524293]]",41,quantum,1,
precond_pen=1.400,16,-0.9591833004029988,58.825242931084986,1.4,2,0.18717598915100098,0.004041910171508789,0.0,0000011101110101,-----+++-+++-+-+,0,True,"[[0.000132, 68.50773673], [0.00388, 66.70767688], [0.004042, 58.82524293]]",41,quantum,1,
precond_pen=1.500,16,-0.9171467170530008,58.825242931084986,1.5,2,0.23160004615783691,0.21531200408935547,0.0,0000011101110101,-----+++-+++-+-+,0,True,"[[0.000132, 68.50773673], [0.003881, 60.2850238], [0.214982, 58.85555945], [0.215312, 58.82524293]]",41,quantum,1,
precond_pen=1.600,16,-0.8815851897889981,58.825242931084986,1.6,2,0.1937088966369629,0.004540920257568359,0.0,1111100010001010,+++++---+---+-+-,0,True,"[[0.000136, 68.50773673], [0.004386, 66.52256197], [0.004541, 58.82524293]]",41,quantum,1,
precond_pen=1.700,16,-0.8511049443239989,58.825242931084986,1.7,2,0.21655702590942383,0.15398597717285156,0.0,1111100010001010,+++++---+---+-+-,0,True,"[[0.000129, 68.50773673], [0.003777, 68.00423956], [0.003929, 60.23310194], [0.153871, 58.85555945], [0.153986, 58.82524293]]",41,quantum,1,
precond_pen=1.800,16,-0.8246861543100028,58.825242931084986,1.8,2,0.19341397285461426,0.13556814193725586,0.0,1111100010001010,+++++---+---+-+-,0,True,"[[0.00013, 68.50773673], [0.003787, 68.00423956], [0.00394, 60.23310194], [0.135366, 59.68804889], [0.135466, 58.85555945], [0.135568, 58.82524293]]",41,quantum,1,
precond_pen=1.900,16,-0.8015655656269978,58.825242931084986,1.9,2,0.16152501106262207,0.14389801025390625,0.0,1111100010001010,+++++---+---+-+-,0,True,"[[0.000161, 68.50773673], [0.004462, 67.84088136], [0.004696, 60.23310194], [0.143898, 58.82524293], [0.161163, 58.82524293]]",41,quantum,1,
precond_pen=2.000,16,-0.7811603516479959,58.825242931084986,2.0,2,0.17914581298828125,0.17333698272705078,0.0,1111100010001010,+++++---+---+-+-,0,True,"[[9e-05, 68.50773673], [0.003738, 67.63995174], [0.003884, 60.2850238], [0.123315, 60.23310194], [0.16617, 58.85555945], [0.173337, 58.82524293]]",41,quantum,1,
baseline,16,53.508881400785995,53.50888140078601,,2,0.08388400077819824,0.07684993743896484,0.0,1100001011111000,++----+-+++++---,0,True,"[[0.000137, 57.28100237], [0.003728, 54.33266577], [0.069272, 54.23838821], [0.076511, 53.5784754], [0.07685, 53.5088814]]",42,quantum,1,
precond_pen=1.100,16,-1.0987770743869962,53.50888140078601,1.1,2,0.17832016944885254,0.1775040626525879,0.0,0011110100000111,--++++-+-----+++,0,True,"[[0.000141, 57.28100237], [0.003914, 54.33266577], [0.177391, 53.5784754], [0.177504, 53.5088814], [0.177867, 53.5088814]]",42,quantum,1,
precond_pen=1.200,16,-1.028721947571996,53.50888140078601,1.2,2,0.2539539337158203,0.004230022430419922,0.0,0011110100000111,--++++-+-----+++,0,True,"[[0.000139, 57.28100237], [0.004096, 56.83765012], [0.00423, 53.5088814]]",42,quantum,1,
precond_pen=1.300,16,-0.9724634821509968,53.50888140078601,1.3,2,0.25418806076049805,0.2403559684753418,0.0,0011110100000111,--++++-+-----+++,0,True,"[[0.000152, 57.28100237], [0.004002, 54.33266577], [0.17602, 53.5784754], [0.240356, 53.5088814]]",42,quantum,1,
precond_pen=1.400,16,-0.9262751882210001,53.50888140078601,1.4,2,0.19867897033691406,0.19807910919189453,0.0,1100001011111000,++----+-+++++---,0,True,"[[0.000133, 57.28100237], [0.004485, 54.33266577], [0.19797, 53.5784754], [0.198079, 53.5088814], [0.198328, 53.5088814]]",42,quantum,1,
precond_pen=1.500,16,-0.8876653205769998,53.50888140078601,1.5,2,0.23714184761047363,0.00397491455078125,0.0,0011110100000111,--++++-+-----+++,0,True,"[[9.4e-05, 57.28100237], [0.003844, 56.83765012], [0.003975, 53.5088814]]",42,quantum,1,
precond_pen=1.600,16,-0.8549037528619952,53.50888140078601,1.6,2,0.19200897216796875,0.00407099723815918,0.0,0011110100000111,--++++-+-----+++,0,True,"[[0.000133, 57.28100237], [0.003942, 56.83765012], [0.004071, 53.5088814]]",42,quantum,1,
precond_pen=1.700,16,-0.8267511802810006,53.50888140078601,1.7,2,0.16233491897583008,0.004019975662231445,0.0,0011110100000111,--++++-+-----+++,0,True,"[[0.000133, 57.28100237], [0.00389, 56.83765012], [0.00402, 53.5088814]]",42,quantum,1,
precond_pen=1.800,16,-0.8022962136790026,53.50888140078601,1.8,2,0.1984238624572754,0.003958940505981445,0.0,0011110100000111,--++++-+-----+++,0,True,"[[0.000133, 57.28100237], [0.003832, 56.83765012], [0.003959, 53.5088814]]",42,quantum,1,
precond_pen=1.900,16,-0.7808532256009979,53.50888140078601,1.9,2,0.17443609237670898,0.003964900970458984,0.0,0011110100000111,--++++-+-----+++,0,True,"[[0.000142, 57.28100237], [0.003836, 56.83765012], [0.003965, 53.5088814]]",42,quantum,1,
precond_pen=2.000,16,-0.7618969358409959,53.50888140078601,2.0,2,0.14085102081298828,0.004038810729980469,0.0,0011110100000111,--++++-+-----+++,0,True,"[[0.000143, 57.28100237], [0.003906, 56.83765012], [0.004039, 53.5088814]]",42,quantum,1,
baseline,16,56.31625406638999,56.31625406639001,,2,0.1148080825805664,0.0035970211029052734,0.0,1100101100110010,++--+-++--++--+-,0,True,"[[0.000131, 66.61160606], [0.003167, 64.70867725], [0.003359, 62.87394182], [0.003597, 56.31625407]]",43,quantum,1,
precond_pen=1.100,16,-1.1260142658590082,56.31625406639001,1.1,2,0.14979887008666992,0.00950002670288086,0.0,0011010011001101,--++-+--++--++-+,0,True,"[[0.000149, 66.61160606], [0.004019, 61.97285462], [0.004206, 59.04859689], [0.0095, 56.31625407]]",43,quantum,1,
precond_pen=1.200,16,-1.0520213253429986,56.31625406639001,1.2,2,0.11650705337524414,0.004021167755126953,0.0,0011010011001101,--++-+--++--++-+,0,True,"[[0.000128, 66.61160606], [0.003664, 66.16913225], [0.003843, 60.79753385], [0.004021, 56.31625407]]",43,quantum,1,
precond_pen=1.300,16,-0.9927574293139987,56.31625406639001,1.3,2,0.15803909301757812,0.010981082916259766,0.0,0011010011001101,--++-+--++--++-+,0,True,"[[0.000135, 66.61160606], [0.00377, 61.97285462], [0.003908, 59.04859689], [0.010981, 56.31625407]]",43,quantum,1,
precond_pen=1.400,16,-0.9442092696320019,56.31625406639001,1.4,2,0.23312997817993164,0.010150909423828125,0.0,0011010011001101,--++-+--++--++-+,0,True,"[[0.000129, 66.61160606], [0.003625, 62.60505448], [0.003931, 60.76488535], [0.004061, 57.32304598], [0.010151, 56.31625407]]",43,quantum,1,
precond_pen=1.500,16,-0.9037030458940007,56.31625406639001,1.5,2,0.14727187156677246,0.010277986526489258,0.0,0011010011001101,--++-+--++--++-+,0,True,"[[0.00013, 66.61160606], [0.004236, 61.97285462], [0.00441, 59.04859689], [0.010278, 56.31625407]]",43,quantum,1,
precond_pen=1.600,16,-0.8693882509469999,56.31625406639001,1.6,2,0.11741018295288086,0.008831977844238281,0.0,0011010011001101,--++-+--++--++-+,0,True,"[[0.0001, 66.61160606], [0.003642, 61.97285462], [0.003774, 59.04859689], [0.008832, 56.31625407]]",43,quantum,1,
precond_pen=1.700,16,-0.8399425572380004,56.31625406639001,1.7,2,0.12248706817626953,0.010912895202636719,0.0,0011010011001101,--++-+--++--++-+,0,True,"[[0.00013, 66.61160606], [0.003657, 61.97285462], [0.003793, 59.04859689], [0.010913, 56.31625407]]",43,quantum,1,
precond_pen=1.800,16,-0.8143959847340065,56.31625406639001,1.8,2,0.15630388259887695,0.011397838592529297,0.0,0011010011001101,--++-+--++--++-+,0,True,"[[0.000129, 66.61160606], [0.003693, 61.97285462], [0.003829, 59.04859689], [0.011398, 56.31625407]]",43,quantum,1,
precond_pen=1.900,16,-0.7920206968309991,56.31625406639001,1.9,2,0.09795308113098145,0.00978708267211914,0.0,0011010011001101,--++-+--++--++-+,0,True,"[[0.00013, 66.61160606], [0.003595, 61.97285462], [0.003726, 59.04859689], [0.009787, 56.31625407]]",43,quantum,1,
precond_pen=2.000,16,-0.7722594753350007,56.31625406639001,2.0,2,0.11527705192565918,0.01046609878540039,0.0,0011010011001101,--++-+--++--++-+,0,True,"[[0.00013, 66.61160606], [0.003599, 61.97285462], [0.003739, 59.04859689], [0.010466, 56.31625407]]",43,quantum,1,
baseline,16,53.15022057514402,53.150220575143976,,2,0.07256889343261719,0.021955013275146484,0.0,0101010111100100,-+-+-+-++++--+--,0,True,"[[0.000132, 66.97830628], [0.003336, 65.66431613], [0.003499, 53.29178636], [0.021955, 53.15022058]]",44,quantum,1,
precond_pen=1.100,16,-1.2699155926579992,53.150220575143976,1.1,2,0.13988304138183594,0.011332988739013672,0.0,0101010111100100,-+-+-+-++++--+--,0,True,"[[0.000134, 66.97830628], [0.003603, 66.62356564], [0.003821, 62.95531317], [0.004031, 62.63319498], [0.004178, 53.29178636], [0.011333, 53.15022058]]",44,quantum,1,
precond_pen=1.200,16,-1.1794453004290038,53.150220575143976,1.2,2,0.09076499938964844,0.003968000411987305,0.0,0101010111100100,-+-+-+-++++--+--,0,True,"[[0.000131, 66.97830628], [0.003799, 60.54325614], [0.003968, 53.15022058]]",44,quantum,1,
precond_pen=1.300,16,-1.1071277812999973,53.150220575143976,1.3,2,0.15425395965576172,0.003973960876464844,0.0,0101010111100100,-+-+-+-++++--+--,0,True,"[[0.000134, 66.97830628], [0.003796, 60.54325614], [0.003974, 53.15022058]]",44,quantum,1,
precond_pen=1.400,16,-1.0479765099860012,53.150220575143976,1.4,2,0.13448786735534668,0.0037469863891601562,0.0,0101010111100100,-+-+-+-++++--+--,0,True,"[[0.00014, 66.97830628], [0.003574, 60.54325614], [0.003747, 53.15022058]]",44,quantum,1,
precond_pen=1.500,16,-0.998682883169999,53.150220575143976,1.5,2,0.10754108428955078,0.00397491455078125,0.0,0101010111100100,-+-+-+-++++--+--,0,True,"[[0.000146, 66.97830628], [0.003805, 60.54325614], [0.003975, 53.15022058]]",44,quantum,1,
precond_pen=1.600,16,-0.9569638941669991,53.150220575143976,1.6,2,0.15951299667358398,0.003841876983642578,0.0,0101010111100100,-+-+-+-++++--+--,0,True,"[[0.000146, 66.97830628], [0.003673, 60.54325614], [0.003842, 53.15022058]]",44,quantum,1,
precond_pen=1.700,16,-0.9211928743159996,53.150220575143976,1.7,2,0.14108991622924805,0.003844022750854492,0.0,0101010111100100,-+-+-+-++++--+--,0,True,"[[0.000129, 66.97830628], [0.003673, 60.54325614], [0.003844, 53.15022058]]",44,quantum,1,
precond_pen=1.800,16,-0.8901788365570011,53.150220575143976,1.8,2,0.14162898063659668,0.009716033935546875,0.0,0101010111100100,-+-+-+-++++--+--,0,True,"[[0.000131, 66.97830628], [0.003734, 61.70974269], [0.00392, 53.29178636], [0.009716, 53.15022058]]",44,quantum,1,
precond_pen=1.900,16,-0.8630295788840012,53.150220575143976,1.9,2,0.1439988613128662,0.010803937911987305,0.0,0101010111100100,-+-+-+-++++--+--,0,True,"[[0.000131, 66.97830628], [0.003564, 61.70974269], [0.003743, 53.29178636], [0.010804, 53.15022058]]",44,quantum,1,
precond_pen=2.000,16,-0.8390633376869978,53.150220575143976,2.0,2,0.12185502052307129,0.010630130767822266,0.0,0101010111100100,-+-+-+-++++--+--,0,True,"[[0.000147, 66.97830628], [0.003661, 61.70974269], [0.003836, 53.29178636], [0.01063, 53.15022058]]",44,quantum,1,
baseline,16,52.970173795464014,52.970173795463964,,2,0.10993099212646484,0.09259319305419922,0.0,1010101110001001,+-+-+-+++---+--+,0,True,"[[0.000134, 64.12096068], [0.003046, 62.76205983], [0.003217, 62.70679051], [0.003423, 61.89953132], [0.003571, 54.03093178], [0.024908, 53.50755793], [0.092593, 52.9701738], [0.10937, 52.9701738]]",45,quantum,1,
precond_pen=1.100,16,-1.0646720175550017,52.970173795463964,1.1,2,0.17643117904663086,0.0049440860748291016,0.0,1010101110001001,+-+-+-+++---+--+,0,True,"[[0.000139, 64.12096068], [0.004526, 60.75893928], [0.0048, 56.88071623], [0.004944, 52.9701738]]",45,quantum,1,
precond_pen=1.200,16,-0.9986113455670003,52.970173795463964,1.2,2,0.1619880199432373,0.16026806831359863,0.0,1010101110001001,+-+-+-+++---+--+,0,True,"[[9e-05, 64.12096068], [0.003491, 64.12280735], [0.003624, 53.32113868], [0.160268, 52.9701738], [0.161658, 52.9701738]]",45,quantum,1,
precond_pen=1.300,16,-0.9454926021300034,52.970173795463964,1.3,2,0.1513509750366211,0.15070009231567383,0.0,1010101110001001,+-+-+-+++---+--+,0,True,"[[0.000134, 64.12096068], [0.003876, 58.90748562], [0.004025, 53.50755793], [0.1507, 52.9701738], [0.150975, 52.9701738]]",45,quantum,1,
precond_pen=1.400,16,-0.901840092269997,52.970173795463964,1.4,2,0.16313600540161133,0.16238999366760254,0.0,1010101110001001,+-+-+-+++---+--+,0,True,"[[0.000136, 64.12096068], [0.003755, 64.12280735], [0.003884, 53.32113868], [0.16239, 52.9701738], [0.16272, 52.9701738]]",45,quantum,1,
precond_pen=1.500,16,-0.8653229367370017,52.970173795463964,1.5,2,0.19213414192199707,0.003904104232788086,0.0,1010101110001001,+-+-+-+++---+--+,0,True,"[[0.000147, 64.12096068], [0.003755, 60.28292136], [0.003904, 52.9701738]]",45,quantum,1,
precond_pen=1.600,16,-0.8343190166570009,52.970173795463964,1.6,2,0.17120003700256348,0.003924131393432617,0.0,1010101110001001,+-+-+-+++---+--+,0,True,"[[0.000135, 64.12096068], [0.003758, 62.98082014], [0.003924, 52.9701738]]",45,quantum,1,
precond_pen=1.700,16,-0.8076644347880038,52.970173795463964,1.7,2,0.19166183471679688,0.003986835479736328,0.0,1010101110001001,+-+-+-+++---+--+,0,True,"[[0.000136, 64.12096068], [0.003825, 62.98082014], [0.003987, 52.9701738]]",45,quantum,1,
precond_pen=1.800,16,-0.784501763506996,52.970173795463964,1.8,2,0.1745319366455078,0.09288501739501953,0.0,1010101110001001,+-+-+-+++---+--+,0,True,"[[0.000141, 64.12096068], [0.003729, 62.98082014], [0.003917, 54.03093178], [0.009194, 53.50755793], [0.092885, 52.9701738]]",45,quantum,1,
precond_pen=1.900,16,-0.7641855205359933,52.970173795463964,1.9,2,0.16822099685668945,0.16669893264770508,0.0,0101010001110110,-+-+-+---+++-++-,0,True,"[[0.000134, 64.12096068], [0.003717, 62.98082014], [0.003905, 54.03093178], [0.010348, 53.50755793], [0.166699, 52.9701738], [0.167863, 52.9701738]]",45,quantum,1,
precond_pen=2.000,16,-0.7462204452899979,52.970173795463964,2.0,2,0.17004895210266113,0.004033088684082031,0.0,1010101110001001,+-+-+-+++---+--+,0,True,"[[0.00013, 64.12096068], [0.003859, 56.46244708], [0.004033, 52.9701738]]",45,quantum,1,
baseline,16,51.191062953102005,51.191062953101955,,2,0.0837399959564209,0.021596193313598633,0.0,0011101101011000,--+++-++-+-++---,0,True,"[[0.000134, 61.67329133], [0.003332, 58.71647211], [0.003487, 51.65703938], [0.021596, 51.19106295]]",46,quantum,1,
precond_pen=1.100,16,-1.0564985863719984,51.191062953101955,1.1,2,0.207381010055542,0.010957956314086914,0.0,1100010010100111,++---+--+-+--+++,0,True,"[[0.00013, 61.67329133], [0.003758, 58.17846777], [0.003903, 51.65703938], [0.010958, 51.19106295]]",46,quantum,1,
precond_pen=1.200,16,-0.9918748528079995,51.191062953101955,1.2,2,0.19808197021484375,0.01108098030090332,0.0,1100010010100111,++---+--+-+--+++,0,True,"[[0.000131, 61.67329133], [0.003781, 58.17846777], [0.003931, 51.65703938], [0.011081, 51.19106295]]",46,quantum,1,
precond_pen=1.300,16,-0.9398185009140017,51.191062953101955,1.3,2,0.3135709762573242,0.010803937911987305,0.0,1100010010100111,++---+--+-+--+++,0,True,"[[0.000131, 61.67329133], [0.003424, 59.34927152], [0.00365, 58.71647211], [0.003878, 53.18925095], [0.009356, 51.98647913], [0.010804, 51.19106295]]",46,quantum,1,
precond_pen=1.400,16,-0.8969761353410002,51.191062953101955,1.4,2,0.21938300132751465,0.21785187721252441,0.0,1100010010100111,++---+--+-+--+++,0,True,"[[0.000132, 61.67329133], [0.003477, 60.20747511], [0.003707, 58.71647211], [0.003913, 58.17846777], [0.004069, 51.65703938], [0.217852, 51.19106295], [0.218979, 51.19106295]]",46,quantum,1,
precond_pen=1.500,16,-0.861092726831,51.191062953101955,1.5,2,0.23321199417114258,0.23024201393127441,0.0,0011101101011000,--+++-++-+-++---,0,True,"[[0.000133, 61.67329133], [0.003732, 58.17846777], [0.003884, 51.65703938], [0.230242, 51.19106295], [0.232698, 51.19106295]]",46,quantum,1,
precond_pen=1.600,16,-0.8305951450440014,51.191062953101955,1.6,2,0.18401598930358887,0.18107318878173828,0.0,0011101101011000,--+++-++-+-++---,0,True,"[[0.000143, 61.67329133], [0.003522, 60.20747511], [0.003753, 58.71647211], [0.003959, 58.17846777], [0.004113, 51.65703938], [0.181073, 51.19106295], [0.183641, 51.19106295]]",46,quantum,1,
precond_pen=1.700,16,-0.8043522333129989,51.191062953101955,1.7,2,0.17731404304504395,0.1740429401397705,0.0,1100010010100111,++---+--+-+--+++,0,True,"[[0.000135, 61.67329133], [0.00338, 60.20747511], [0.003624, 58.71647211], [0.003831, 58.17846777], [0.003969, 51.65703938], [0.174043, 51.19106295], [0.176898, 51.19106295]]",46,quantum,1,
precond_pen=1.800,16,-0.7815295603409913,51.191062953101955,1.8,2,0.16895699501037598,0.15287017822265625,0.0,0011101101011000,--+++-++-+-++---,0,True,"[[0.000129, 61.67329133], [0.003764, 58.17846777], [0.003912, 51.65703938], [0.15287, 51.19106295]]",46,quantum,1,
precond_pen=1.900,16,-0.7614978540839985,51.191062953101955,1.9,2,0.17087006568908691,0.08540892601013184,0.0,1100010010100111,++---+--+-+--+++,0,True,"[[0.000149, 61.67329133], [0.00372, 58.17846777], [0.003867, 51.65703938], [0.085409, 51.19106295]]",46,quantum,1,
precond_pen=2.000,16,-0.7437735813559989,51.191062953101955,2.0,2,0.3056910037994385,0.1836230754852295,0.0,0011101101011000,--+++-++-+-++---,0,True,"[[0.000137, 61.67329133], [0.003895, 58.17846777], [0.004048, 51.65703938], [0.183623, 51.19106295]]",46,quantum,1,
baseline,16,57.55010545807402,57.550105458073986,,2,0.09616494178771973,0.08631491661071777,0.0,0100101100111100,-+--+-++--++++--,0,True,"[[0.000147, 74.14415895], [0.003809, 69.81351686], [0.004034, 69.33623008], [0.004254, 61.27968596], [0.023724, 59.67098493], [0.086315, 57.55010546], [0.095735, 57.55010546]]",47,quantum,1,
precond_pen=1.100,16,-1.168045523889,57.550105458073986,1.1,2,0.16420507431030273,0.0038759708404541016,0.0,1011010011000011,+-++-+--++----++,0,True,"[[0.0001, 74.14415895], [0.003732, 69.35148083], [0.003876, 57.55010546]]",47,quantum,1,
precond_pen=1.200,16,-1.0890956746570009,57.550105458073986,1.2,2,0.11785602569580078,0.0038690567016601562,0.0,1011010011000011,+-++-+--++----++,0,True,"[[0.00013, 74.14415895], [0.003709, 72.7138981], [0.003869, 57.55010546]]",47,quantum,1,
precond_pen=1.300,16,-1.025930826707003,57.550105458073986,1.3,2,0.14046502113342285,0.07693290710449219,0.0,0100101100111100,-+--+-++--++++--,0,True,"[[0.000141, 74.14415895], [0.003656, 66.94500568], [0.003935, 66.52596114], [0.004106, 65.63039268], [0.004251, 58.2707661], [0.076933, 57.55010546], [0.140061, 57.55010546]]",47,quantum,1,
precond_pen=1.400,16,-0.9742314541059951,57.550105458073986,1.4,2,0.16117000579833984,0.10275506973266602,0.0,1011010011000011,+-++-+--++----++,0,True,"[[0.00013, 74.14415895], [0.003831, 65.63039268], [0.003983, 58.2707661], [0.102755, 57.55010546]]",47,quantum,1,
precond_pen=1.500,16,-0.931125810333004,57.550105458073986,1.5,2,0.1955890655517578,0.007902860641479492,0.0,1011010011000011,+-++-+--++----++,0,True,"[[0.00013, 74.14415895], [0.003458, 65.56668781], [0.003728, 63.61570637], [0.00397, 58.2707661], [0.007903, 57.55010546]]",47,quantum,1,
precond_pen=1.600,16,-0.8946293035169974,57.550105458073986,1.6,2,0.20146894454956055,0.003993988037109375,0.0,1011010011000011,+-++-+--++----++,0,True,"[[0.000144, 74.14415895], [0.003839, 67.55777935], [0.003994, 57.55010546]]",47,quantum,1,
precond_pen=1.700,16,-0.863326101260002,57.550105458073986,1.7,2,0.19209694862365723,0.004003047943115234,0.0,1011010011000011,+-++-+--++----++,0,True,"[[0.000135, 74.14415895], [0.00385, 67.79380495], [0.004003, 57.55010546]]",47,quantum,1,
precond_pen=1.800,16,-0.8361784490979991,57.550105458073986,1.8,2,0.21582698822021484,0.0039980411529541016,0.0,1011010011000011,+-++-+--++----++,0,True,"[[0.000138, 74.14415895], [0.003847, 67.79380495], [0.003998, 57.55010546]]",47,quantum,1,
precond_pen=1.900,16,-0.8124086360509999,57.550105458073986,1.9,2,0.22347187995910645,0.0040378570556640625,0.0,1011010011000011,+-++-+--++----++,0,True,"[[0.00013, 74.14415895], [0.00389, 67.79380495], [0.004038, 57.55010546]]",47,quantum,1,
precond_pen=2.000,16,-0.79142185113,57.550105458073986,2.0,2,0.19905996322631836,0.0046939849853515625,0.0,1011010011000011,+-++-+--++----++,0,True,"[[0.000139, 74.14415895], [0.004492, 67.79380495], [0.004694, 57.55010546]]",47,quantum,1,
baseline,16,52.83573420340597,52.835734203406,,2,0.13365912437438965,0.12786507606506348,0.0,0110110010111000,-++-++--+-+++---,0,True,"[[9.7e-05, 61.55636568], [0.003554, 61.00093952], [0.004107, 57.90998019], [0.004496, 53.35216122], [0.127865, 52.8357342], [0.133133, 52.8357342]]",48,quantum,1,
precond_pen=1.100,16,-1.1263514519670013,52.835734203406,1.1,2,0.1371779441833496,0.010833024978637695,0.0,1001001101000111,+--+--++-+---+++,0,True,"[[9.1e-05, 61.55636568], [0.004314, 61.29921326], [0.004522, 54.46896836], [0.010833, 52.8357342]]",48,quantum,1,
precond_pen=1.200,16,-1.053314008339001,52.835734203406,1.2,2,0.17732906341552734,0.004519939422607422,0.0,1001001101000111,+--+--++-+---+++,0,True,"[[9.1e-05, 61.55636568], [0.004291, 59.67414027], [0.00452, 52.8357342]]",48,quantum,1,
precond_pen=1.300,16,-0.9946658606180012,52.835734203406,1.3,2,0.20879316329956055,0.004556179046630859,0.0,1001001101000111,+--+--++-+---+++,0,True,"[[9.5e-05, 61.55636568], [0.004382, 59.67414027], [0.004556, 52.8357342]]",48,quantum,1,
precond_pen=1.400,16,-0.9465185465240005,52.835734203406,1.4,2,0.1800229549407959,0.004586935043334961,0.0,1001001101000111,+--+--++-+---+++,0,True,"[[9.1e-05, 61.55636568], [0.004377, 59.67414027], [0.004587, 52.8357342]]",48,quantum,1,
precond_pen=1.500,16,-0.9062726091160016,52.835734203406,1.5,2,0.18096184730529785,0.003965854644775391,0.0,1001001101000111,+--+--++-+---+++,0,True,"[[9.1e-05, 61.55636568], [0.00379, 59.67414027], [0.003966, 52.8357342]]",48,quantum,1,
precond_pen=1.600,16,-0.8721235057190038,52.835734203406,1.6,2,0.1517810821533203,0.0038208961486816406,0.0,1001001101000111,+--+--++-+---+++,0,True,"[[9.2e-05, 61.55636568], [0.003651, 59.67414027], [0.003821, 52.8357342]]",48,quantum,1,
precond_pen=1.700,16,-0.8427787819390016,52.835734203406,1.7,2,0.18135809898376465,0.00392603874206543,0.0,1001001101000111,+--+--++-+---+++,0,True,"[[9.6e-05, 61.55636568], [0.003745, 59.67414027], [0.003926, 52.8357342]]",48,quantum,1,
precond_pen=1.800,16,-0.8172879625549969,52.835734203406,1.8,2,0.2052907943725586,0.0038378238677978516,0.0,1001001101000111,+--+--++-+---+++,0,True,"[[9.8e-05, 61.55636568], [0.003661, 59.67414027], [0.003838, 52.8357342]]",48,quantum,1,
precond_pen=1.900,16,-0.7949365421309977,52.835734203406,1.9,2,0.24911880493164062,0.004503011703491211,0.0,1001001101000111,+--+--++-+---+++,0,True,"[[9.1e-05, 61.55636568], [0.004301, 59.67414027], [0.004503, 52.8357342]]",48,quantum,1,
precond_pen=2.000,16,-5.679236521697997,53.357645477279995,2.0,2,0.031362056732177734,0.025290966033935547,0.0,1011001101000110,+-++--++-+---++-,0,True,"[[9.5e-05, 61.55636568], [0.003695, 58.3006275], [0.003943, 57.90998019], [0.004188, 53.61692299], [0.025291, 52.8357342], [0.028174, 53.35764548], [0.031048, 53.35764548]]",48,quantum,1,
baseline,16,52.93206856060904,52.932068560609004,,2,0.0718681812286377,0.0036962032318115234,0.0,1100010100010111,++---+-+---+-+++,0,True,"[[0.000108, 71.46377212], [0.003157, 69.4039771], [0.003319, 68.55219577], [0.003526, 68.17790329], [0.003696, 52.93206856]]",49,quantum,1,
precond_pen=1.100,16,-1.1663608388839979,52.932068560609004,1.1,2,0.16065287590026855,0.004637956619262695,0.0,0011101011101000,--+++-+-+++-+---,0,True,"[[0.000135, 71.46377212], [0.004437, 65.15672935], [0.004638, 52.93206856]]",49,quantum,1,
precond_pen=1.200,16,-1.0881963141570052,52.932068560609004,1.2,2,0.19377493858337402,0.01053309440612793,0.0,1100010100010111,++---+-+---+-+++,0,True,"[[9.5e-05, 71.46377212], [0.004004, 59.88199103], [0.00417, 54.34390541], [0.010533, 52.93206856]]",49,quantum,1,
precond_pen=1.300,16,-1.0255601029189947,52.932068560609004,1.3,2,0.21142816543579102,0.009859085083007812,0.0,1100010100010111,++---+-+---+-+++,0,True,"[[9.1e-05, 71.46377212], [0.003779, 59.88199103], [0.003902, 54.34390541], [0.009859, 52.93206856]]",49,quantum,1,
precond_pen=1.400,16,-0.9742262692169996,52.932068560609004,1.4,2,0.16073894500732422,0.00460505485534668,0.0,1100010100010111,++---+-+---+-+++,0,True,"[[9.1e-05, 71.46377212], [0.004386, 65.66615429], [0.004605, 52.93206856]]",49,quantum,1,
precond_pen=1.500,16,-0.9313781943679968,52.932068560609004,1.5,2,0.1770930290222168,0.003905057907104492,0.0,0011101011101000,--+++-+-+++-+---,0,True,"[[9.7e-05, 71.46377212], [0.003755, 60.87676055], [0.003905, 52.93206856]]",49,quantum,1,
precond_pen=1.600,16,-0.895065749559997,52.932068560609004,1.6,2,0.22517800331115723,0.004068851470947266,0.0,1100010100010111,++---+-+---+-+++,0,True,"[[9.8e-05, 71.46377212], [0.00375, 68.12321148], [0.003912, 65.56909532], [0.004069, 52.93206856]]",49,quantum,1,
precond_pen=1.700,16,-0.8638951458179944,52.932068560609004,1.7,2,0.18173885345458984,0.004498004913330078,0.0,1100010100010111,++---+-+---+-+++,0,True,"[[9.9e-05, 71.46377212], [0.004303, 65.56909532], [0.004498, 52.93206856]]",49,quantum,1,
precond_pen=1.800,16,-0.8368436047279992,52.932068560609004,1.8,2,0.2609078884124756,0.00453495979309082,0.0,1100010100010111,++---+-+---+-+++,0,True,"[[9.3e-05, 71.46377212], [0.00433, 65.56909532], [0.004535, 52.93206856]]",49,quantum,1,
precond_pen=1.900,16,-0.8131431111690004,52.932068560609004,1.9,2,0.18597197532653809,0.0038909912109375,0.0,1100010100010111,++---+-+---+-+++,0,True,"[[9.2e-05, 71.46377212], [0.00373, 69.25547015], [0.003891, 52.93206856]]",49,quantum,1,
precond_pen=2.000,16,-0.7922060653299967,52.932068560609004,2.0,2,0.18168091773986816,0.009894132614135742,0.0,0011101011101000,--+++-+-+++-+---,0,True,"[[9.6e-05, 71.46377212], [0.003712, 68.55219577], [0.003915, 66.2559569], [0.004054, 54.00357055], [0.008272, 54.05031961], [0.009894, 52.93206856]]",49,quantum,1,
