name,n,objective_model,objective_baseline,penalty,mip_status,runtime_sec,time_to_best_sec,mip_gap,x_bits,z_bits,sum_z,presolve,trajectory,seed,preconditioner_family,layers,sweeps
baseline,16,52.153185832214,52.15318583221401,,2,0.2410280704498291,0.02778005599975586,0.0,1100001101100101,++----++-++--+-+,0,False,"[[0.001694, 73.03745402], [0.026709, 70.50479998], [0.02778, 52.15318583]]",0,quantum,1,
precond_pen=1.100,16,-1.5675662157470018,52.15318583221401,1.1,2,0.1444230079650879,0.007180929183959961,0.0,1100001101100101,++----++-++--+-+,0,False,"[[0.000202, 73.03745402], [0.00678, 71.35847681], [0.007181, 52.15318583]]",0,quantum,1,
precond_pen=1.200,16,-1.4407286254440015,52.15318583221401,1.2,2,0.11985301971435547,0.016668081283569336,0.0,1100001101100101,++----++-++--+-+,0,False,"[[0.000487, 73.03745402], [0.016045, 68.1667114], [0.016668, 52.15318583]]",0,quantum,1,
precond_pen=1.300,16,-1.3400066016140002,52.15318583221401,1.3,2,0.06216001510620117,0.007958173751831055,0.0,1100001101100101,++----++-++--+-+,0,False,"[[0.000256, 73.03745402], [0.007651, 65.75789146], [0.007958, 52.15318583]]",0,quantum,1,
precond_pen=1.400,16,-1.2580508826150005,52.15318583221401,1.4,2,0.05383110046386719,0.0071451663970947266,0.0,1100001101100101,++----++-++--+-+,0,False,"[[0.000239, 73.03745402], [0.006927, 68.88011754], [0.007145, 52.15318583]]",0,quantum,1,
precond_pen=1.500,16,-1.1900411194450031,52.15318583221401,1.5,2,0.0389101505279541,0.0053369998931884766,0.0,1100001101100101,++----++-++--+-+,0,False,"[[0.000171, 73.03745402], [0.005132, 66.48881507], [0.005337, 52.15318583]]",0,quantum,1,
precond_pen=1.600,16,-1.1326825450580005,52.15318583221401,1.6,2,0.05322003364562988,0.0056819915771484375,0.0,0011110010011010,--++++--+--++-+-,0,False,"[[0.000158, 73.03745402], [0.005134, 72.04627882], [0.005532, 65.70384053], [0.005682, 52.15318583]]",0,quantum,1,
precond_pen=1.700,16,-1.0836450871239993,52.15318583221401,1.7,2,0.05964493751525879,0.005596160888671875,0.0,0011110010011010,--++++--+--++-+-,0,False,"[[0.000163, 73.03745402], [0.004666, 72.30986055], [0.005073, 65.87958235], [0.005414, 64.56147757], [0.005596, 52.15318583]]",0,quantum,1,
precond_pen=1.800,16,-1.041234477238003,52.15318583221401,1.8,2,0.0631258487701416,0.006012916564941406,0.0,0011110010011010,--++++--+--++-+-,0,False,"[[0.000188, 73.03745402], [0.005143, 72.30986055], [0.005631, 65.87958235], [0.005871, 64.56147757], [0.006013, 52.15318583]]",0,quantum,1,
precond_pen=1.900,16,-1.004188309733002,52.15318583221401,1.9,2,0.04358100891113281,0.005038022994995117,0.0,0011110010011010,--++++--+--++-+-,0,False,"[[0.000146, 73.03745402], [0.004853, 69.56237389], [0.005038, 52.15318583]]",0,quantum,1,
precond_pen=2.000,16,-0.9715461393349969,52.15318583221401,2.0,2,0.03965306282043457,0.005944013595581055,0.0,0011110010011010,--++++--+--++-+-,0,False,"[[0.000183, 73.03745402], [0.005721, 69.56237389], [0.005944, 52.15318583]]",0,quantum,1,
baseline,16,54.52969249298498,54.529692492984985,,2,0.12806081771850586,0.00535893440246582,0.0,1011100110000011,+-+++--++-----++,0,False,"[[0.000155, 70.39490808], [0.004699, 69.51964787], [0.0051, 68.22205269], [0.005359, 54.52969249]]",1,quantum,1,
precond_pen=1.100,16,-1.128363075605999,54.529692492984985,1.1,2,0.19011688232421875,0.0067501068115234375,0.0,0100011001111100,-+---++--+++++--,0,False,"[[0.000189, 70.39490808], [0.006222, 62.15042293], [0.00675, 54.52969249]]",1,quantum,1,
precond_pen=1.200,16,-1.0542318148510024,54.529692492984985,1.2,2,0.19825506210327148,0.013524055480957031,0.0,0100011001111100,-+---++--+++++--,0,False,"[[0.000166, 70.39490808], [0.006113, 66.63073347], [0.006416, 54.72989054], [0.013524, 54.52969249]]",1,quantum,1,
precond_pen=1.300,16,-0.9948578147799996,54.529692492984985,1.3,2,0.2236478328704834,0.01177978515625,0.0,0100011001111100,-+---++--+++++--,0,False,"[[0.000164, 70.39490808], [0.005753, 64.85245517], [0.005997, 54.72989054], [0.01178, 54.52969249]]",1,quantum,1,
precond_pen=1.400,16,-0.9462159998430018,54.529692492984985,1.4,2,0.2439131736755371,0.0117340087890625,0.0,0100011001111100,-+---++--+++++--,0,False,"[[0.000149, 70.39490808], [0.0057, 62.44988331], [0.006058, 54.72989054], [0.011734, 54.52969249]]",1,quantum,1,
precond_pen=1.500,16,-0.9056268856450043,54.529692492984985,1.5,2,0.18986988067626953,0.01104283332824707,0.0,0100011001111100,-+---++--+++++--,0,False,"[[0.000186, 70.39490808], [0.005429, 65.08804683], [0.00568, 54.72989054], [0.011043, 54.52969249]]",1,quantum,1,
precond_pen=1.600,16,-0.8712369042339967,54.529692492984985,1.6,2,0.23763298988342285,0.009790897369384766,0.0,0100011001111100,-+---++--+++++--,0,False,"[[0.000163, 70.39490808], [0.00462, 59.39150001], [0.00486, 54.72989054], [0.009791, 54.52969249]]",1,quantum,1,
precond_pen=1.700,16,-0.8417220493840016,54.529692492984985,1.7,2,0.2817997932434082,0.2800168991088867,0.0,1011100110000011,+-+++--++-----++,0,False,"[[0.00015, 70.39490808], [0.004646, 64.38581389], [0.004911, 54.72989054], [0.280017, 54.52969249], [0.280778, 54.52969249]]",1,quantum,1,
precond_pen=1.800,16,-0.8161112027049962,54.529692492984985,1.8,2,0.22706007957458496,0.22517609596252441,0.0,1011100110000011,+-+++--++-----++,0,False,"[[0.000146, 70.39490808], [0.004996, 67.33219015], [0.00549, 66.20889003], [0.005855, 66.01049301], [0.006075, 54.72989054], [0.225176, 54.52969249], [0.226057, 54.52969249]]",1,quantum,1,
precond_pen=1.900,16,-0.793675931864998,54.529692492984985,1.9,2,0.23147010803222656,0.20659208297729492,0.0,1011100110000011,+-+++--++-----++,0,False,"[[0.000151, 70.39490808], [0.005387, 65.89845801], [0.005635, 54.72989054], [0.206592, 54.52969249], [0.230392, 54.52969249]]",1,quantum,1,
precond_pen=2.000,16,-0.7738585399850013,54.529692492984985,2.0,2,0.2197580337524414,0.21798992156982422,0.0,1011100110000011,+-+++--++-----++,0,False,"[[0.000161, 70.39490808], [0.005554, 65.89845801], [0.005805, 54.72989054], [0.21799, 54.52969249], [0.218729, 54.52969249]]",1,quantum,1,
baseline,16,50.310833559542,50.310833559541976,,2,0.10485601425170898,0.005739927291870117,0.0,1010001100110011,+-+---++--++--++,0,False,"[[0.000139, 62.56545302], [0.005525, 62.25577299], [0.00574, 50.31083356]]",2,quantum,1,
precond_pen=1.100,16,-1.2180146675480001,50.310833559541976,1.1,2,0.14116311073303223,0.0062351226806640625,0.0,0101110011001100,-+-+++--++--++--,0,False,"[[0.000188, 62.56545302], [0.005985, 58.45071296], [0.006235, 50.31083356]]",2,quantum,1,
precond_pen=1.200,16,-1.135178738939997,50.310833559541976,1.2,2,0.17445778846740723,0.0060617923736572266,0.0,0101110011001100,-+-+++--++--++--,0,False,"[[0.000159, 62.56545302], [0.005825, 58.45071296], [0.006062, 50.31083356]]",2,quantum,1,
precond_pen=1.300,16,-1.0686214253510053,50.310833559541976,1.3,2,0.16153407096862793,0.005506992340087891,0.0,0101110011001100,-+-+++--++--++--,0,False,"[[0.000154, 62.56545302], [0.005291, 60.32284466], [0.005507, 50.31083356]]",2,quantum,1,
precond_pen=1.400,16,-1.013956423033001,50.310833559541976,1.4,2,0.1550920009613037,0.006428956985473633,0.0,0101110011001100,-+-+++--++--++--,0,False,"[[0.000207, 62.56545302], [0.00624, 60.99168658], [0.006429, 50.31083356]]",2,quantum,1,
precond_pen=1.500,16,-0.9682469764129973,50.310833559541976,1.5,2,0.20151805877685547,0.0060749053955078125,0.0,0101110011001100,-+-+++--++--++--,0,False,"[[0.000158, 62.56545302], [0.00582, 60.99168658], [0.006075, 50.31083356]]",2,quantum,1,
precond_pen=1.600,16,-0.9294521962109936,50.310833559541976,1.6,2,0.20080018043518066,0.005717039108276367,0.0,1010001100110011,+-+---++--++--++,0,False,"[[0.000181, 62.56545302], [0.005373, 59.48536742], [0.005717, 50.31083356]]",2,quantum,1,
precond_pen=1.700,16,-0.8961086802940015,50.310833559541976,1.7,2,0.14742803573608398,0.005868196487426758,0.0,0101110011001100,-+-+++--++--++--,0,False,"[[0.000173, 62.56545302], [0.005643, 60.99168658], [0.005868, 50.31083356]]",2,quantum,1,
precond_pen=1.800,16,-0.8671401264299954,50.310833559541976,1.8,2,0.18488001823425293,0.0071239471435546875,0.0,0101110011001100,-+-+++--++--++--,0,False,"[[0.000218, 62.56545302], [0.006665, 56.96710954], [0.007124, 50.31083356]]",2,quantum,1,
precond_pen=1.900,16,-0.8417362656479996,50.310833559541976,1.9,2,0.1777658462524414,0.005732059478759766,0.0,0101110011001100,-+-+++--++--++--,0,False,"[[0.000151, 62.56545302], [0.005545, 60.99168658], [0.005732, 50.31083356]]",2,quantum,1,
precond_pen=2.000,16,-0.8192759543329968,50.310833559541976,2.0,2,0.16513776779174805,0.006235837936401367,0.0,0101110011001100,-+-+++--++--++--,0,False,"[[0.000152, 62.56545302], [0.006002, 62.51175233], [0.006236, 50.31083356]]",2,quantum,1,
baseline,16,54.829006957291995,54.829006957292,,2,0.15190386772155762,0.13553786277770996,0.0,0100010011111100,-+---+--++++++--,0,False,"[[0.000226, 65.70475581], [0.004316, 64.97945169], [0.004779, 64.83970402], [0.005097, 63.19355644], [0.005249, 56.36824711], [0.103505, 56.16359783], [0.135538, 54.82900696]]",3,quantum,1,
precond_pen=1.100,16,-1.0703719474860023,54.829006957292,1.1,2,0.19274282455444336,0.011632919311523438,0.0,1011101100000011,+-+++-++------++,0,False,"[[0.000168, 65.70475581], [0.005277, 63.93190297], [0.005519, 56.16359783], [0.011633, 54.82900696]]",3,quantum,1,
precond_pen=1.200,16,-1.0034306320720008,54.829006957292,1.2,2,0.17041897773742676,0.16825485229492188,0.0,1011101100000011,+-+++-++------++,0,False,"[[0.000159, 65.70475581], [0.005068, 60.4054412], [0.005273, 55.29132634], [0.168255, 54.82900696], [0.169356, 54.82900696]]",3,quantum,1,
precond_pen=1.300,16,-0.9496568991990006,54.829006957292,1.3,2,0.20847821235656738,0.011335134506225586,0.0,1011101100000011,+-+++-++------++,0,False,"[[0.000184, 65.70475581], [0.005457, 63.68921731], [0.005954, 63.19355644], [0.006235, 56.16359783], [0.011335, 54.82900696]]",3,quantum,1,
precond_pen=1.400,16,-0.9055003896049989,54.829006957292,1.4,2,0.21553492546081543,0.11864304542541504,0.0,0100010011111100,-+---+--++++++--,0,False,"[[0.000891, 65.70475581], [0.00646, 63.68921731], [0.007009, 63.19355644], [0.00736, 56.16359783], [0.118643, 54.82900696]]",3,quantum,1,
precond_pen=1.500,16,-0.8685844561510025,54.829006957292,1.5,2,0.17429208755493164,0.17148399353027344,0.0,1011101100000011,+-+++-++------++,0,False,"[[0.000166, 65.70475581], [0.00592, 60.4054412], [0.00617, 55.29132634], [0.171484, 54.82900696], [0.173135, 54.82900696]]",3,quantum,1,
precond_pen=1.600,16,-0.8372580156949976,54.829006957292,1.6,2,0.22813892364501953,0.005296945571899414,0.0,1011101100000011,+-+++-++------++,0,False,"[[0.000144, 65.70475581], [0.005106, 62.61665611], [0.005297, 54.82900696]]",3,quantum,1,
precond_pen=1.700,16,-0.8103373194759973,54.829006957292,1.7,2,0.20174193382263184,0.12239193916320801,0.0,0100010011111100,-+---+--++++++--,0,False,"[[0.000165, 65.70475581], [0.005491, 60.4054412], [0.005704, 55.29132634], [0.122392, 54.82900696]]",3,quantum,1,
precond_pen=1.800,16,-0.7869518237120028,54.829006957292,1.8,2,0.17824792861938477,0.15127897262573242,0.0,1011101100000011,+-+++-++------++,0,False,"[[0.000146, 65.70475581], [0.004911, 60.4054412], [0.005071, 55.29132634], [0.151279, 54.82900696], [0.176903, 54.82900696]]",3,quantum,1,
precond_pen=1.900,16,-0.7664463023479984,54.829006957292,1.9,2,0.20357990264892578,0.20074987411499023,0.0,1011101100000011,+-+++-++------++,0,False,"[[0.000172, 65.70475581], [0.006119, 60.4054412], [0.006339, 55.29132634], [0.20075, 54.82900696], [0.202472, 54.82900696]]",3,quantum,1,
precond_pen=2.000,16,-0.7483185933650063,54.829006957292,2.0,2,0.17243504524230957,0.012232065200805664,0.0,1011101100000011,+-+++-++------++,0,False,"[[0.00016, 65.70475581], [0.005703, 63.04304106], [0.006168, 63.00717721], [0.00651, 60.4054412], [0.006694, 55.29132634], [0.012232, 54.82900696]]",3,quantum,1,
baseline,16,55.122635289212994,55.12263528921302,,2,0.144395112991333,0.005379915237426758,0.0,0010111101100100,--+-++++-++--+--,0,False,"[[0.00016, 68.76273039], [0.004687, 64.93774152], [0.005127, 64.75577114], [0.00538, 55.12263529]]",4,quantum,1,
precond_pen=1.100,16,-1.263671426334997,55.12263528921302,1.1,2,0.043519020080566406,0.005805015563964844,0.0,1101000010011011,++-+----+--++-++,0,False,"[[0.000164, 68.76273039], [0.005588, 64.80307465], [0.005805, 55.12263529]]",4,quantum,1,
precond_pen=1.200,16,-1.173440860056,55.12263528921302,1.2,2,0.037615060806274414,0.005160093307495117,0.0,1101000010011011,++-+----+--++-++,0,False,"[[0.000145, 68.76273039], [0.004996, 64.21421738], [0.00516, 55.12263529]]",4,quantum,1,
precond_pen=1.300,16,-1.1013851294349974,55.12263528921302,1.3,2,0.04416799545288086,0.0053179264068603516,0.0,1101000010011011,++-+----+--++-++,0,False,"[[0.000173, 68.76273039], [0.005111, 61.05776201], [0.005318, 55.12263529]]",4,quantum,1,
precond_pen=1.400,16,-1.0424962543249983,55.12263528921302,1.4,2,0.05279183387756348,0.00612187385559082,0.0,1101000010011011,++-+----+--++-++,0,False,"[[0.000166, 68.76273039], [0.005835, 63.3835368], [0.006122, 55.12263529]]",4,quantum,1,
precond_pen=1.500,16,-0.9934555413110013,55.12263528921302,1.5,2,0.04778599739074707,0.006785154342651367,0.0,1101000010011011,++-+----+--++-++,0,False,"[[0.000177, 68.76273039], [0.006506, 63.0752117], [0.006785, 55.12263529]]",4,quantum,1,
precond_pen=1.600,16,-0.9519757425140005,55.12263528921302,1.6,2,0.054656982421875,0.0056149959564208984,0.0,1101000010011011,++-+----+--++-++,0,False,"[[0.000153, 68.76273039], [0.00541, 58.74205442], [0.005615, 55.12263529]]",4,quantum,1,
precond_pen=1.700,16,-0.9164286285579974,55.12263528921302,1.7,2,0.05255293846130371,0.005117893218994141,0.0,1101000010011011,++-+----+--++-++,0,False,"[[0.000142, 68.76273039], [0.004944, 62.3139899], [0.005118, 55.12263529]]",4,quantum,1,
precond_pen=1.800,16,-0.885623133039001,55.12263528921302,1.8,2,0.05306386947631836,0.005776882171630859,0.0,1101000010011011,++-+----+--++-++,0,False,"[[0.000171, 68.76273039], [0.005518, 63.0752117], [0.005777, 55.12263529]]",4,quantum,1,
precond_pen=1.900,16,-0.8586676729979947,55.12263528921302,1.9,2,0.05016803741455078,0.005339145660400391,0.0,1101000010011011,++-+----+--++-++,0,False,"[[0.000162, 68.76273039], [0.005134, 65.63730075], [0.005339, 55.12263529]]",4,quantum,1,
precond_pen=2.000,16,-0.8348814616869964,55.12263528921302,2.0,2,0.06495285034179688,0.006512880325317383,0.0,1101000010011011,++-+----+--++-++,0,False,"[[0.00016, 68.76273039], [0.006164, 58.71768209], [0.006513, 55.12263529]]",4,quantum,1,
baseline,16,52.37270996931199,52.372709969311984,,2,0.12241101264953613,0.00585484504699707,0.0,1110100000101011,+++-+-----+-+-++,0,False,"[[0.000176, 68.21373681], [0.005611, 67.56578562], [0.005855, 52.37270997]]",5,quantum,1,
precond_pen=1.100,16,-1.2859296197270016,52.372709969311984,1.1,2,0.05600690841674805,0.006536960601806641,0.0,0001011111010100,---+-+++++-+-+--,0,False,"[[0.000185, 68.21373681], [0.006243, 60.58996784], [0.006537, 52.37270997]]",5,quantum,1,
precond_pen=1.200,16,-1.1938380539369984,52.372709969311984,1.2,2,0.05415987968444824,0.006902933120727539,0.0,0001011111010100,---+-+++++-+-+--,0,False,"[[0.000193, 68.21373681], [0.005992, 63.59702674], [0.006441, 62.40964552], [0.006746, 60.58996784], [0.006903, 52.37270997]]",5,quantum,1,
precond_pen=1.300,16,-1.1202066285739978,52.372709969311984,1.3,2,0.050379037857055664,0.005366086959838867,0.0,0001011111010100,---+-+++++-+-+--,0,False,"[[0.000169, 68.21373681], [0.005161, 60.58996784], [0.005366, 52.37270997]]",5,quantum,1,
precond_pen=1.400,16,-1.0599675062960046,52.372709969311984,1.4,2,0.05293703079223633,0.006163120269775391,0.0,0001011111010100,---+-+++++-+-+--,0,False,"[[0.000164, 68.21373681], [0.005911, 60.58996784], [0.006163, 52.37270997]]",5,quantum,1,
precond_pen=1.500,16,-1.0097570948699959,52.372709969311984,1.5,2,0.05914306640625,0.006646871566772461,0.0,1110100000101011,+++-+-----+-+-++,0,False,"[[0.000962, 68.21373681], [0.006412, 63.41020322], [0.006647, 52.37270997]]",5,quantum,1,
precond_pen=1.600,16,-0.967254448957001,52.372709969311984,1.6,2,0.06588411331176758,0.0054700374603271484,0.0,1110100000101011,+++-+-----+-+-++,0,False,"[[0.000148, 68.21373681], [0.005294, 63.41020322], [0.00547, 52.37270997]]",5,quantum,1,
precond_pen=1.700,16,-0.9308052737189998,52.372709969311984,1.7,2,0.0634770393371582,0.005185842514038086,0.0,0001011111010100,---+-+++++-+-+--,0,False,"[[0.000156, 68.21373681], [0.005018, 60.58996784], [0.005186, 52.37270997]]",5,quantum,1,
precond_pen=1.800,16,-0.8991983547409959,52.372709969311984,1.8,2,0.058508872985839844,0.00524592399597168,0.0,0001011111010100,---+-+++++-+-+--,0,False,"[[0.000146, 68.21373681], [0.004993, 60.58996784], [0.005246, 52.37270997]]",5,quantum,1,
precond_pen=1.900,16,-0.8715259828900006,52.372709969311984,1.9,2,0.06577086448669434,0.006961822509765625,0.0,0001011111010100,---+-+++++-+-+--,0,False,"[[0.000232, 68.21373681], [0.006665, 60.58996784], [0.006962, 52.37270997]]",5,quantum,1,
precond_pen=2.000,16,-0.8470947318740034,52.372709969311984,2.0,2,0.060159921646118164,0.0059680938720703125,0.0,0001011111010100,---+-+++++-+-+--,0,False,"[[0.000187, 68.21373681], [0.00574, 60.58996784], [0.005968, 52.37270997]]",5,quantum,1,
baseline,16,57.72883444011803,57.72883444011801,,2,0.12143182754516602,0.09584498405456543,0.0,0011100100110101,--+++--+--++-+-+,0,False,"[[0.000175, 69.62770689], [0.004991, 58.77051706], [0.095845, 57.72883444], [0.120056, 57.72883444]]",6,quantum,1,
precond_pen=1.100,16,-1.1345706663580017,57.72883444011801,1.1,2,0.22270894050598145,0.00621795654296875,0.0,0011100100110101,--+++--+--++-+-+,0,False,"[[0.000158, 69.62770689], [0.005452, 63.85743204], [0.006066, 63.23172664], [0.006218, 57.72883444]]",6,quantum,1,
precond_pen=1.200,16,-1.0589235243049986,57.72883444011801,1.2,2,0.21530795097351074,0.006001949310302734,0.0,0011100100110101,--+++--+--++-+-+,0,False,"[[0.000182, 69.62770689], [0.005796, 61.91760401], [0.006002, 57.72883444]]",6,quantum,1,
precond_pen=1.300,16,-0.9984844894729985,57.72883444011801,1.3,2,0.2167048454284668,0.012670040130615234,0.0,1100011011001010,++---++-++--+-+-,0,False,"[[0.000186, 69.62770689], [0.006557, 68.47543759], [0.006901, 59.6135344], [0.01267, 57.72883444]]",6,quantum,1,
precond_pen=1.400,16,-0.9490698209869972,57.72883444011801,1.4,2,0.20715117454528809,0.01176309585571289,0.0,1100011011001010,++---++-++--+-+-,0,False,"[[0.000151, 69.62770689], [0.005665, 68.47543759], [0.005869, 59.6135344], [0.011763, 57.72883444]]",6,quantum,1,
precond_pen=1.500,16,-0.9079046715349994,57.72883444011801,1.5,2,0.21568799018859863,0.011630773544311523,0.0,1100011011001010,++---++-++--+-+-,0,False,"[[0.000177, 69.62770689], [0.005947, 68.47543759], [0.006198, 59.6135344], [0.011631, 57.72883444]]",6,quantum,1,
precond_pen=1.600,16,-0.8730755549669986,57.72883444011801,1.6,2,0.2599499225616455,0.0062749385833740234,0.0,0011100100110101,--+++--+--++-+-+,0,False,"[[0.000171, 69.62770689], [0.005473, 64.62545849], [0.006123, 63.23172664], [0.006275, 57.72883444]]",6,quantum,1,
precond_pen=1.700,16,-0.8432195770829987,57.72883444011801,1.7,2,0.2166459560394287,0.014061927795410156,0.0,1100011011001010,++---++-++--+-+-,0,False,"[[0.000171, 69.62770689], [0.006674, 68.47543759], [0.007054, 59.6135344], [0.014062, 57.72883444]]",6,quantum,1,
precond_pen=1.800,16,-0.817339553032995,57.72883444011801,1.8,2,0.19920086860656738,0.012489795684814453,0.0,1100011011001010,++---++-++--+-+-,0,False,"[[0.000155, 69.62770689], [0.006028, 68.47543759], [0.006317, 59.6135344], [0.01249, 57.72883444]]",6,quantum,1,
precond_pen=1.900,16,-0.7946887191580023,57.72883444011801,1.9,2,0.17244386672973633,0.011816024780273438,0.0,1100011011001010,++---++-++--+-+-,0,False,"[[0.00016, 69.62770689], [0.005716, 68.47543759], [0.006027, 59.6135344], [0.011816, 57.72883444]]",6,quantum,1,
precond_pen=2.000,16,-0.7746966557509998,57.72883444011801,2.0,2,0.22031211853027344,0.21853208541870117,0.0,0011100100110101,--+++--+--++-+-+,0,False,"[[0.000168, 69.62770689], [0.006508, 68.47543759], [0.006783, 59.6135344], [0.012479, 58.77051706], [0.195913, 58.04778669], [0.218532, 57.72883444], [0.219353, 57.72883444]]",6,quantum,1,
baseline,16,53.18710891938896,53.18710891938902,,2,0.13956499099731445,0.005959987640380859,0.0,1110001010101010,+++---+-+-+-+-+-,0,False,"[[0.00016, 61.80104583], [0.005761, 61.00677859], [0.00596, 53.18710892]]",7,quantum,1,
precond_pen=1.100,16,-1.135215203891999,53.18710891938902,1.1,2,0.22900009155273438,0.006431102752685547,0.0,0001110101010101,---+++-+-+-+-+-+,0,False,"[[0.000171, 61.80104583], [0.005907, 57.89580275], [0.006431, 53.18710892]]",7,quantum,1,
precond_pen=1.200,16,-1.0607916169179967,53.18710891938902,1.2,2,0.20810914039611816,0.0064220428466796875,0.0,1110001010101010,+++---+-+-+-+-+-,0,False,"[[0.000152, 61.80104583], [0.006127, 61.05489716], [0.006422, 53.18710892]]",7,quantum,1,
precond_pen=1.300,16,-1.0010986967889979,53.18710891938902,1.3,2,0.21183109283447266,0.005593061447143555,0.0,1110001010101010,+++---+-+-+-+-+-,0,False,"[[0.000164, 61.80104583], [0.005359, 61.27149127], [0.005593, 53.18710892]]",7,quantum,1,
precond_pen=1.400,16,-0.9521403072980021,53.18710891938902,1.4,2,0.21145987510681152,0.004820823669433594,0.0,1110001010101010,+++---+-+-+-+-+-,0,False,"[[0.000126, 61.80104583], [0.004655, 61.27149127], [0.004821, 53.18710892]]",7,quantum,1,
precond_pen=1.500,16,-0.9112493816050025,53.18710891938902,1.5,2,0.19117999076843262,0.0058400630950927734,0.0,1110001010101010,+++---+-+-+-+-+-,0,False,"[[0.000147, 61.80104583], [0.005615, 60.62767184], [0.00584, 53.18710892]]",7,quantum,1,
precond_pen=1.600,16,-0.8765769948830044,53.18710891938902,1.6,2,0.18425703048706055,0.005342960357666016,0.0,1110001010101010,+++---+-+-+-+-+-,0,False,"[[0.00015, 61.80104583], [0.005117, 59.82057367], [0.005343, 53.18710892]]",7,quantum,1,
precond_pen=1.700,16,-0.8468004785629963,53.18710891938902,1.7,2,0.26271986961364746,0.0052869319915771484,0.0,1110001010101010,+++---+-+-+-+-+-,0,False,"[[0.000146, 61.80104583], [0.004543, 60.98273613], [0.004885, 60.59485159], [0.005117, 60.29153719], [0.005287, 53.18710892]]",7,quantum,1,
precond_pen=1.800,16,-0.8209482710800051,53.18710891938902,1.8,2,0.2732081413269043,0.0059931278228759766,0.0,0001110101010101,---+++-+-+-+-+-+,0,False,"[[0.000156, 61.80104583], [0.005705, 61.26206066], [0.005993, 53.18710892]]",7,quantum,1,
precond_pen=1.900,16,-0.7982905729649978,53.18710891938902,1.9,2,0.18565702438354492,0.00577998161315918,0.0,1110001010101010,+++---+-+-+-+-+-,0,False,"[[0.000165, 61.80104583], [0.005531, 61.05489716], [0.00578, 53.18710892]]",7,quantum,1,
precond_pen=2.000,16,-0.7782682582719955,53.18710891938902,2.0,2,0.25341796875,0.004670143127441406,0.0,1110001010101010,+++---+-+-+-+-+-,0,False,"[[0.000143, 61.80104583], [0.004507, 61.05489716], [0.00467, 53.18710892]]",7,quantum,1,
baseline,16,49.90665485264998,49.906654852649986,,2,0.1200571060180664,0.0047152042388916016,0.0,1111101000010001,+++++-+----+---+,0,False,"[[0.000142, 55.64886967], [0.004227, 54.54692395], [0.004531, 51.42158349], [0.004715, 49.90665485]]",8,quantum,1,
precond_pen=1.100,16,-1.0785227792959997,49.906654852649986,1.1,2,0.18545818328857422,0.004843950271606445,0.0,1111101000010001,+++++-+----+---+,0,False,"[[0.000144, 55.64886967], [0.004844, 49.90665485]]",8,quantum,1,
precond_pen=1.200,16,-1.0114188698659987,49.906654852649986,1.2,2,0.1818399429321289,0.0050280094146728516,0.0,1111101000010001,+++++-+----+---+,0,False,"[[0.000141, 55.64886967], [0.004735, 51.42158349], [0.005028, 49.90665485]]",8,quantum,1,
precond_pen=1.300,16,-0.9573907830390027,49.906654852649986,1.3,2,0.16823792457580566,0.0046689510345458984,0.0,1111101000010001,+++++-+----+---+,0,False,"[[0.00014, 55.64886967], [0.004669, 49.90665485]]",8,quantum,1,
precond_pen=1.400,16,-0.9129421005430034,49.906654852649986,1.4,2,0.17231202125549316,0.005764007568359375,0.0,1111101000010001,+++++-+----+---+,0,False,"[[0.000163, 55.64886967], [0.005764, 49.90665485]]",8,quantum,1,
precond_pen=1.500,16,-0.8757239968189978,49.906654852649986,1.5,2,0.16087603569030762,0.005697011947631836,0.0,1111101000010001,+++++-+----+---+,0,False,"[[0.000161, 55.64886967], [0.005697, 49.90665485]]",8,quantum,1,
precond_pen=1.600,16,-0.8440993249699975,49.906654852649986,1.6,2,0.19337201118469238,0.0055010318756103516,0.0,1111101000010001,+++++-+----+---+,0,False,"[[0.000165, 55.64886967], [0.005501, 49.90665485]]",8,quantum,1,
precond_pen=1.700,16,-0.8168917687099988,49.906654852649986,1.7,2,0.2117159366607666,0.005521059036254883,0.0,1111101000010001,+++++-+----+---+,0,False,"[[0.000192, 55.64886967], [0.005521, 49.90665485]]",8,quantum,1,
precond_pen=1.800,16,-0.7932338067099964,49.906654852649986,1.8,2,0.15881109237670898,0.004698991775512695,0.0,1111101000010001,+++++-+----+---+,0,False,"[[0.000132, 55.64886967], [0.004699, 49.90665485]]",8,quantum,1,
precond_pen=1.900,16,-6.051620121406004,49.906654852649986,1.9,2,0.048272132873535156,0.005741119384765625,0.0,0000010111101110,-----+-++++-+++-,0,False,"[[0.000191, 55.64886967], [0.005498, 51.42158349], [0.005741, 49.90665485]]",8,quantum,1,
precond_pen=2.000,16,-5.902688424042004,49.906654852649986,2.0,2,0.045266151428222656,0.004918098449707031,0.0,0000010111101110,-----+-++++-+++-,0,False,"[[0.000136, 55.64886967], [0.004719, 54.90437588], [0.004918, 49.90665485]]",8,quantum,1,
baseline,16,57.25525883915294,57.25525883915303,,2,0.12421607971191406,0.004003047943115234,0.0,0100001011111100,-+----+-++++++--,0,False,"[[0.000154, 65.5564928], [0.003822, 64.42284024], [0.004003, 57.25525884]]",9,quantum,1,
precond_pen=1.100,16,-1.1727997260990017,57.25525883915303,1.1,2,0.16748499870300293,0.11566996574401855,0.0,1011110100000011,+-++++-+------++,0,False,"[[0.000189, 65.5564928], [0.006121, 62.6361349], [0.006424, 59.03503964], [0.115323, 58.76902168], [0.11567, 57.25525884]]",9,quantum,1,
precond_pen=1.200,16,-1.093295544696006,57.25525883915303,1.2,2,0.1501328945159912,0.10169696807861328,0.0,1011110100000011,+-++++-+------++,0,False,"[[0.000184, 65.5564928], [0.005482, 65.72581464], [0.005721, 59.03503964], [0.101697, 57.25525884]]",9,quantum,1,
precond_pen=1.300,16,-1.029681540472998,57.25525883915303,1.3,2,0.1866929531097412,0.16048979759216309,0.0,1011110100000011,+-++++-+------++,0,False,"[[0.000169, 65.5564928], [0.005747, 65.72581464], [0.005965, 59.03503964], [0.16049, 57.25525884]]",9,quantum,1,
precond_pen=1.400,16,-0.9776128115529943,57.25525883915303,1.4,2,0.14858198165893555,0.09659099578857422,0.0,1011110100000011,+-++++-+------++,0,False,"[[0.000166, 65.5564928], [0.005288, 65.61672442], [0.005579, 59.21595385], [0.011428, 59.03503964], [0.096174, 58.76902168], [0.096591, 57.25525884]]",9,quantum,1,
precond_pen=1.500,16,-0.9341991438709965,57.25525883915303,1.5,2,0.1271979808807373,0.08051109313964844,0.0,1011110100000011,+-++++-+------++,0,False,"[[0.000138, 65.5564928], [0.004509, 61.47351622], [0.004677, 59.21595385], [0.010626, 59.03503964], [0.080511, 57.25525884]]",9,quantum,1,
precond_pen=1.600,16,-0.8974425738469938,57.25525883915303,1.6,2,0.1621389389038086,0.1073448657989502,0.0,1011110100000011,+-++++-+------++,0,False,"[[0.000145, 65.5564928], [0.005576, 59.03503964], [0.107345, 57.25525884]]",9,quantum,1,
precond_pen=1.700,16,-0.8659173934050006,57.25525883915303,1.7,2,0.16921496391296387,0.14429092407226562,0.0,1011110100000011,+-++++-+------++,0,False,"[[0.000141, 65.5564928], [0.004714, 59.03503964], [0.144291, 57.25525884]]",9,quantum,1,
precond_pen=1.800,16,-0.8385785057460016,57.25525883915303,1.8,2,0.14743494987487793,0.09916996955871582,0.0,1011110100000011,+-++++-+------++,0,False,"[[0.000149, 65.5564928], [0.005415, 59.03503964], [0.09917, 57.25525884]]",9,quantum,1,
precond_pen=1.900,16,-0.8146423522550013,57.25525883915303,1.9,2,0.21071219444274902,0.16202497482299805,0.0,1011110100000011,+-++++-+------++,0,False,"[[0.000183, 65.5564928], [0.005602, 59.03503964], [0.162025, 57.25525884]]",9,quantum,1,
precond_pen=2.000,16,-0.7935096593210034,57.25525883915303,2.0,2,0.15523505210876465,0.1407787799835205,0.0,1011110100000011,+-++++-+------++,0,False,"[[0.000165, 65.5564928], [0.005393, 59.03503964], [0.140779, 57.25525884], [0.154224, 57.25525884]]",9,quantum,1,
baseline,16,52.05582907783801,52.055829077838,,2,0.10947704315185547,0.09855294227600098,0.0,1101000010110110,++-+----+-++-++-,0,False,"[[0.000158, 64.46330545], [0.004336, 52.62063366], [0.098553, 52.05582908], [0.108272, 52.05582908]]",10,quantum,1,
precond_pen=1.100,16,-1.0909251348690017,52.055829077838,1.1,2,0.20425009727478027,0.17145609855651855,0.0,0010111101001001,--+-++++-+--+--+,0,False,"[[0.000184, 64.46330545], [0.004053, 63.88228644], [0.00432, 63.60375233], [0.004528, 59.3400613], [0.004686, 52.62063366], [0.171456, 52.05582908]]",10,quantum,1,
precond_pen=1.200,16,-1.022264421386999,52.055829077838,1.2,2,0.1684551239013672,0.08981513977050781,0.0,0010111101001001,--+-++++-+--+--+,0,False,"[[0.000144, 64.46330545], [0.00487, 56.54758595], [0.005169, 53.85955225], [0.011147, 52.62063366], [0.089815, 52.05582908]]",10,quantum,1,
precond_pen=1.300,16,-0.9670166567339988,52.055829077838,1.3,2,0.15658092498779297,0.15495705604553223,0.0,1101000010110110,++-+----+-++-++-,0,False,"[[0.000139, 64.46330545], [0.004404, 55.58055234], [0.004936, 54.22120065], [0.005149, 53.85955225], [0.011044, 52.62063366], [0.154957, 52.05582908], [0.155704, 52.05582908]]",10,quantum,1,
precond_pen=1.400,16,-0.9215879792689989,52.055829077838,1.4,2,0.20040202140808105,0.0045909881591796875,0.0,0010111101001001,--+-++++-+--+--+,0,False,"[[0.000142, 64.46330545], [0.004412, 60.51004248], [0.004591, 52.05582908]]",10,quantum,1,
precond_pen=1.500,16,-0.8835661677110016,52.055829077838,1.5,2,0.15842604637145996,0.005546092987060547,0.0,0010111101001001,--+-++++-+--+--+,0,False,"[[0.000187, 64.46330545], [0.005267, 60.51004248], [0.005546, 52.05582908]]",10,quantum,1,
precond_pen=1.600,16,-0.8512710269909993,52.055829077838,1.6,2,0.17084717750549316,0.004258155822753906,0.0,0010111101001001,--+-++++-+--+--+,0,False,"[[0.000142, 64.46330545], [0.004083, 60.51004248], [0.004258, 52.05582908]]",10,quantum,1,
precond_pen=1.700,16,-0.8234960308339989,52.055829077838,1.7,2,0.1640458106994629,0.16205286979675293,0.0,0010111101001001,--+-++++-+--+--+,0,False,"[[0.000144, 64.46330545], [0.004611, 57.12698347], [0.00499, 52.62063366], [0.162053, 52.05582908], [0.163006, 52.05582908]]",10,quantum,1,
precond_pen=1.800,16,-0.7993520713409961,52.055829077838,1.8,2,0.20552301406860352,0.005202054977416992,0.0,0010111101001001,--+-++++-+--+--+,0,False,"[[0.000148, 64.46330545], [0.005027, 60.51004248], [0.005202, 52.05582908]]",10,quantum,1,
precond_pen=1.900,16,-0.7781691620570079,52.055829077838,1.9,2,0.17609000205993652,0.00566411018371582,0.0,0010111101001001,--+-++++-+--+--+,0,False,"[[0.000159, 64.46330545], [0.005437, 60.51004248], [0.005664, 52.05582908]]",10,quantum,1,
precond_pen=2.000,16,-0.7594329922949976,52.055829077838,2.0,2,0.1411290168762207,0.005007028579711914,0.0,0010111101001001,--+-++++-+--+--+,0,False,"[[0.000153, 64.46330545], [0.004827, 60.51004248], [0.005007, 52.05582908]]",10,quantum,1,
baseline,16,45.25501814482699,45.25501814482695,,2,0.09990596771240234,0.08184099197387695,0.0,1000001011101110,+-----+-+++-+++-,0,False,"[[0.000189, 52.99377053], [0.005546, 47.48460716], [0.079642, 46.97897288], [0.080029, 46.5803316], [0.081841, 45.25501814], [0.098723, 45.25501814]]",11,quantum,1,
precond_pen=1.100,16,-1.1958449168869985,45.25501814482695,1.1,2,0.1865549087524414,0.1848750114440918,0.0,1000001011101110,+-----+-+++-+++-,0,False,"[[0.000143, 52.99377053], [0.004667, 47.48460716], [0.090392, 46.97897288], [0.090797, 46.46444609], [0.184875, 45.25501814], [0.185617, 45.25501814]]",11,quantum,1,
precond_pen=1.200,16,-1.116846678090007,45.25501814482695,1.2,2,0.18372297286987305,0.18124079704284668,0.0,0111110100010001,-+++++-+---+---+,0,False,"[[0.00014, 52.99377053], [0.00492, 47.48460716], [0.181241, 45.25501814], [0.182695, 45.25501814]]",11,quantum,1,
precond_pen=1.300,16,-1.0531305013979981,45.25501814482695,1.3,2,0.21369099617004395,0.0050580501556396484,0.0,1000001011101110,+-----+-+++-+++-,0,False,"[[0.00015, 52.99377053], [0.004885, 52.26092109], [0.005058, 45.25501814]]",11,quantum,1,
precond_pen=1.400,16,-1.0006360369550018,45.25501814482695,1.4,2,0.18529486656188965,0.10805606842041016,0.0,1000001011101110,+-----+-+++-+++-,0,False,"[[0.000159, 52.99377053], [0.004936, 47.48460716], [0.107633, 47.46553141], [0.108056, 45.25501814]]",11,quantum,1,
precond_pen=1.500,16,-0.9566278638520007,45.25501814482695,1.5,2,0.20534896850585938,0.0057430267333984375,0.0,1000001011101110,+-----+-+++-+++-,0,False,"[[0.000168, 52.99377053], [0.005483, 52.11797985], [0.005743, 45.25501814]]",11,quantum,1,
precond_pen=1.600,16,-0.9191950088139995,45.25501814482695,1.6,2,0.2101759910583496,0.12572693824768066,0.0,1000001011101110,+-----+-+++-+++-,0,False,"[[0.000135, 52.99377053], [0.004432, 47.48460716], [0.125312, 45.69988919], [0.125727, 45.25501814]]",11,quantum,1,
precond_pen=1.700,16,-0.8869616361649975,45.25501814482695,1.7,2,0.18813800811767578,0.11338996887207031,0.0,0111110100010001,-+++++-+---+---+,0,False,"[[0.000136, 52.99377053], [0.003977, 47.48460716], [0.112798, 46.97897288], [0.113223, 45.69988919], [0.11339, 45.25501814]]",11,quantum,1,
precond_pen=1.800,16,-0.8589115808860006,45.25501814482695,1.8,2,0.17112302780151367,0.08256196975708008,0.0,0111110100010001,-+++++-+---+---+,0,False,"[[0.000127, 52.99377053], [0.00414, 47.48460716], [0.08209, 45.69988919], [0.082562, 45.25501814]]",11,quantum,1,
precond_pen=1.900,16,-0.834277980021997,45.25501814482695,1.9,2,0.20728087425231934,0.12096190452575684,0.0,1000001011101110,+-----+-+++-+++-,0,False,"[[0.000193, 52.99377053], [0.0055, 47.48460716], [0.120557, 45.69988919], [0.120962, 45.25501814]]",11,quantum,1,
precond_pen=2.000,16,-0.8124707810230021,45.25501814482695,2.0,2,0.20919108390808105,0.20553994178771973,0.0,1000001011101110,+-----+-+++-+++-,0,False,"[[0.00017, 52.99377053], [0.005845, 47.48460716], [0.20554, 45.25501814], [0.208083, 45.25501814]]",11,quantum,1,
baseline,16,54.407573739141014,54.407573739141,,2,0.12798500061035156,0.019125938415527344,0.0,1101000101101001,++-+---+-++-+--+,0,False,"[[0.000175, 69.10977453], [0.005332, 66.62603972], [0.005639, 58.24436744], [0.019126, 54.40757374]]",12,quantum,1,
precond_pen=1.100,16,-1.255325981085,54.407573739141,1.1,2,0.057621002197265625,0.006476879119873047,0.0,0010111010010110,--+-+++-+--+-++-,0,False,"[[0.000183, 69.10977453], [0.006186, 67.5271159], [0.006477, 54.40757374]]",12,quantum,1,
precond_pen=1.200,16,-1.1666712393040024,54.407573739141,1.2,2,0.05878710746765137,0.010251045227050781,0.0,1101000101101001,++-+---+-++-+--+,0,False,"[[0.00015, 69.10977453], [0.004991, 62.4374625], [0.005383, 56.68045393], [0.010251, 54.40757374]]",12,quantum,1,
precond_pen=1.300,16,-1.0957785204879968,54.407573739141,1.3,2,0.061927080154418945,0.005176067352294922,0.0,1101000101101001,++-+---+-++-+--+,0,False,"[[0.000159, 69.10977453], [0.004491, 68.38503698], [0.004759, 66.10275658], [0.005009, 65.84498665], [0.005176, 54.40757374]]",12,quantum,1,
precond_pen=1.400,16,-1.0377742110849972,54.407573739141,1.4,2,0.06215786933898926,0.011394977569580078,0.0,1101000101101001,++-+---+-++-+--+,0,False,"[[0.000153, 69.10977453], [0.005799, 63.78339432], [0.006031, 56.68045393], [0.011395, 54.40757374]]",12,quantum,1,
precond_pen=1.500,16,-0.9894228669309975,54.407573739141,1.5,2,0.06851696968078613,0.005517005920410156,0.0,1101000101101001,++-+---+-++-+--+,0,False,"[[0.000165, 69.10977453], [0.005264, 63.93640275], [0.005517, 54.40757374]]",12,quantum,1,
precond_pen=1.600,16,-0.9484912518950006,54.407573739141,1.6,2,0.07333803176879883,0.0066699981689453125,0.0,1101000101101001,++-+---+-++-+--+,0,False,"[[0.000213, 69.10977453], [0.005873, 62.4374625], [0.006469, 61.3540445], [0.00667, 54.40757374]]",12,quantum,1,
precond_pen=1.700,16,-0.9133873072770005,54.407573739141,1.7,2,0.06684207916259766,0.006524085998535156,0.0,1101000101101001,++-+---+-++-+--+,0,False,"[[0.000158, 69.10977453], [0.005853, 62.4374625], [0.006325, 61.3540445], [0.006524, 54.40757374]]",12,quantum,1,
precond_pen=1.800,16,-0.882945413595996,54.407573739141,1.8,2,0.06557917594909668,0.005059957504272461,0.0,1101000101101001,++-+---+-++-+--+,0,False,"[[0.000133, 69.10977453], [0.004836, 63.77342491], [0.00506, 54.40757374]]",12,quantum,1,
precond_pen=1.900,16,-0.8562919847240007,54.407573739141,1.9,2,0.0679168701171875,0.011217832565307617,0.0,1101000101101001,++-+---+-++-+--+,0,False,"[[0.000159, 69.10977453], [0.005408, 63.83929385], [0.005649, 56.68045393], [0.011218, 54.40757374]]",12,quantum,1,
precond_pen=2.000,16,-0.8327592949249993,54.407573739141,2.0,2,0.06848692893981934,0.011266946792602539,0.0,1101000101101001,++-+---+-++-+--+,0,False,"[[0.000175, 69.10977453], [0.005706, 62.55899616], [0.005977, 58.07532317], [0.011267, 54.40757374]]",12,quantum,1,
baseline,16,57.09992072540301,57.09992072540301,,2,0.10137319564819336,0.00484919548034668,0.0,1100111001001001,++--+++--+--+--+,0,False,"[[0.000159, 72.06703931], [0.004401, 69.83825138], [0.004653, 65.31841], [0.004849, 57.09992073]]",13,quantum,1,
precond_pen=1.100,16,-1.3241299883379956,57.09992072540301,1.1,2,0.03229808807373047,0.00567317008972168,0.0,0011000110110110,--++---++-++-++-,0,False,"[[0.000148, 72.06703931], [0.005423, 64.53311068], [0.005673, 57.09992073]]",13,quantum,1,
precond_pen=1.200,16,-1.2255318596040023,57.09992072540301,1.2,2,0.0449070930480957,0.0055310726165771484,0.0,0011000110110110,--++---++-++-++-,0,False,"[[0.000159, 72.06703931], [0.005288, 64.53311068], [0.005531, 57.09992073]]",13,quantum,1,
precond_pen=1.300,16,-1.1471187340330005,57.09992072540301,1.3,2,0.052551984786987305,0.0053539276123046875,0.0,1100111001001001,++--+++--+--+--+,0,False,"[[0.000158, 72.06703931], [0.004708, 68.84774304], [0.005131, 65.31841], [0.005354, 57.09992073]]",13,quantum,1,
precond_pen=1.400,16,-1.083241713561006,57.09992072540301,1.4,2,0.049926042556762695,0.005535125732421875,0.0,0011000110110110,--++---++-++-++-,0,False,"[[0.000145, 72.06703931], [0.004981, 64.45262003], [0.005395, 63.50269078], [0.005535, 57.09992073]]",13,quantum,1,
precond_pen=1.500,16,-1.0301859340689985,57.09992072540301,1.5,2,0.047904014587402344,0.005139827728271484,0.0,0011000110110110,--++---++-++-++-,0,False,"[[0.000158, 72.06703931], [0.004936, 63.50269078], [0.00514, 57.09992073]]",13,quantum,1,
precond_pen=1.600,16,-0.9854063299249995,57.09992072540301,1.6,2,0.04889702796936035,0.006337165832519531,0.0,0011000110110110,--++---++-++-++-,0,False,"[[0.000162, 72.06703931], [0.006116, 63.67657803], [0.006337, 57.09992073]]",13,quantum,1,
precond_pen=1.700,16,-0.9471002099090011,57.09992072540301,1.7,2,0.05350208282470703,0.010297060012817383,0.0,1100111001001001,++--+++--+--+--+,0,False,"[[0.000155, 72.06703931], [0.005131, 63.55698972], [0.005368, 59.86171238], [0.010297, 57.09992073]]",13,quantum,1,
precond_pen=1.800,16,-0.9139542277440027,57.09992072540301,1.8,2,0.06351399421691895,0.010899066925048828,0.0,1100111001001001,++--+++--+--+--+,0,False,"[[0.000177, 72.06703931], [0.005156, 63.55698972], [0.005374, 59.86171238], [0.010899, 57.09992073]]",13,quantum,1,
precond_pen=1.900,16,-0.8849885814199956,57.09992072540301,1.9,2,0.048790931701660156,0.011233091354370117,0.0,1100111001001001,++--+++--+--+--+,0,False,"[[0.000168, 72.06703931], [0.005636, 63.55698972], [0.005882, 59.86171238], [0.011233, 57.09992073]]",13,quantum,1,
precond_pen=2.000,16,-8.039936902111997,57.09992072540301,2.0,2,0.016299009323120117,0.006299018859863281,0.0,0011000110110110,--++---++-++-++-,0,False,"[[0.000175, 72.06703931], [0.005186, 64.05638915], [0.00598, 61.04414445], [0.006299, 57.09992073]]",13,quantum,1,
baseline,16,53.125232901941,53.12523290194102,,2,0.13849401473999023,0.019134044647216797,0.0,0011011011001001,--++-++-++--+--+,0,False,"[[0.000155, 64.34502192], [0.005043, 61.21384138], [0.005425, 56.51942124], [0.01871, 53.89049446], [0.019134, 53.1252329]]",14,quantum,1,
precond_pen=1.100,16,-1.150453730914001,53.12523290194102,1.1,2,0.19754910469055176,0.1553049087524414,0.0,1100100100110110,++--+--+--++-++-,0,False,"[[0.000153, 64.34502192], [0.005703, 60.8803099], [0.006002, 53.31579278], [0.155305, 53.1252329]]",14,quantum,1,
precond_pen=1.200,16,-1.0742955443150022,53.12523290194102,1.2,2,0.25246620178222656,0.17557501792907715,0.0,0011011011001001,--++-++-++--+--+,0,False,"[[0.000145, 64.34502192], [0.004867, 62.43012496], [0.005143, 61.86226119], [0.005316, 53.31579278], [0.175575, 53.1252329]]",14,quantum,1,
precond_pen=1.300,16,-1.0132234746359954,53.12523290194102,1.3,2,0.2124950885772705,0.2094130516052246,0.0,0011011011001001,--++-++-++--+--+,0,False,"[[0.000175, 64.34502192], [0.005801, 58.17016652], [0.006137, 53.89049446], [0.136848, 53.31579278], [0.209413, 53.1252329], [0.211362, 53.1252329]]",14,quantum,1,
precond_pen=1.400,16,-0.9631426515869981,53.12523290194102,1.4,2,0.22162294387817383,0.2187671661376953,0.0,0011011011001001,--++-++-++--+--+,0,False,"[[0.000154, 64.34502192], [0.005238, 63.65244886], [0.005482, 53.31579278], [0.218767, 53.1252329], [0.220515, 53.1252329]]",14,quantum,1,
precond_pen=1.500,16,-0.9213204331679989,53.12523290194102,1.5,2,0.1870100498199463,0.18555688858032227,0.0,0011011011001001,--++-++-++--+--+,0,False,"[[0.000178, 64.34502192], [0.005537, 63.37142461], [0.005794, 53.31579278], [0.185557, 53.1252329], [0.186167, 53.1252329]]",14,quantum,1,
precond_pen=1.600,16,-0.8858630331599979,53.12523290194102,1.6,2,0.21053695678710938,0.14907097816467285,0.0,0011011011001001,--++-++-++--+--+,0,False,"[[0.000126, 64.34502192], [0.003906, 63.12914255], [0.00404, 53.31579278], [0.149071, 53.1252329]]",14,quantum,1,
precond_pen=1.700,16,-0.8554155943079973,53.12523290194102,1.7,2,0.17906618118286133,0.1522371768951416,0.0,0011011011001001,--++-++-++--+--+,0,False,"[[0.000159, 64.34502192], [0.004386, 59.65398593], [0.004832, 53.31579278], [0.152237, 53.1252329], [0.177864, 53.1252329]]",14,quantum,1,
precond_pen=1.800,16,-0.8289835210360001,53.12523290194102,1.8,2,0.16863203048706055,0.1517930030822754,0.0,0011011011001001,--++-++-++--+--+,0,False,"[[0.000185, 64.34502192], [0.005282, 56.51942124], [0.010826, 53.89049446], [0.103759, 53.31579278], [0.151793, 53.1252329]]",14,quantum,1,
precond_pen=1.900,16,-0.8058194402339973,53.12523290194102,1.9,2,0.15527820587158203,0.1538689136505127,0.0,0011011011001001,--++-++-++--+--+,0,False,"[[0.000231, 64.34502192], [0.005403, 58.71819599], [0.005625, 53.31579278], [0.153869, 53.1252329], [0.154507, 53.1252329]]",14,quantum,1,
precond_pen=2.000,16,-0.7853510078379973,53.12523290194102,2.0,2,0.20402097702026367,0.2020409107208252,0.0,0011011011001001,--++-++-++--+--+,0,False,"[[0.000131, 64.34502192], [0.003928, 56.51942124], [0.009789, 53.89049446], [0.123946, 53.31579278], [0.202041, 53.1252329], [0.202969, 53.1252329]]",14,quantum,1,
baseline,16,56.86765244234502,56.867652442345,,2,0.14397001266479492,0.005110979080200195,0.0,1110010010010011,+++--+--+--+--++,0,False,"[[0.00017, 67.65280917], [0.0045, 65.26432876], [0.004839, 61.48547181], [0.005111, 56.86765244]]",15,quantum,1,
precond_pen=1.100,16,-1.0886487744939988,56.867652442345,1.1,2,0.1539750099182129,0.01036214828491211,0.0,1110010010010011,+++--+--+--+--++,0,False,"[[0.000167, 67.65280917], [0.00485, 63.50244138], [0.005077, 57.88862811], [0.010362, 56.86765244]]",15,quantum,1,
precond_pen=1.200,16,-1.0189077793960069,56.867652442345,1.2,2,0.21561503410339355,0.005014896392822266,0.0,0001101101101100,---++-++-++-++--,0,False,"[[0.000156, 67.65280917], [0.004776, 63.13458975], [0.005015, 56.86765244]]",15,quantum,1,
precond_pen=1.300,16,-0.9630295031710032,56.867652442345,1.3,2,0.22005009651184082,0.010468006134033203,0.0,1110010010010011,+++--+--+--+--++,0,False,"[[0.000153, 67.65280917], [0.004808, 63.88165462], [0.00496, 59.37658883], [0.010468, 56.86765244]]",15,quantum,1,
precond_pen=1.400,16,-0.9172406047770005,56.867652442345,1.4,2,0.23587489128112793,0.004642963409423828,0.0,0001101101101100,---++-++-++-++--,0,False,"[[0.000145, 67.65280917], [0.004431, 60.65539806], [0.004643, 56.86765244]]",15,quantum,1,
precond_pen=1.500,16,-0.8790263315120059,56.867652442345,1.5,2,0.18476319313049316,0.0061609745025634766,0.0,0001101101101100,---++-++-++-++--,0,False,"[[0.000185, 67.65280917], [0.005872, 61.8724055], [0.006161, 56.86765244]]",15,quantum,1,
precond_pen=1.600,16,-0.8466452727699929,56.867652442345,1.6,2,0.21148014068603516,0.006330013275146484,0.0,0001101101101100,---++-++-++-++--,0,False,"[[0.000184, 67.65280917], [0.005785, 65.47298236], [0.006135, 61.8724055], [0.00633, 56.86765244]]",15,quantum,1,
precond_pen=1.700,16,-0.8188530830990013,56.867652442345,1.7,2,0.19930195808410645,0.0062100887298583984,0.0,0001101101101100,---++-++-++-++--,0,False,"[[0.000238, 67.65280917], [0.005647, 65.47298236], [0.006046, 61.8724055], [0.00621, 56.86765244]]",15,quantum,1,
precond_pen=1.800,16,-0.7947363934290017,56.867652442345,1.8,2,0.15989899635314941,0.0059909820556640625,0.0,0001101101101100,---++-++-++-++--,0,False,"[[0.000161, 67.65280917], [0.005465, 65.47298236], [0.005809, 61.8724055], [0.005991, 56.86765244]]",15,quantum,1,
precond_pen=1.900,16,-0.7736097517429972,56.867652442345,1.9,2,0.23359012603759766,0.007356166839599609,0.0,0001101101101100,---++-++-++-++--,0,False,"[[0.000176, 67.65280917], [0.005708, 64.682623], [0.007129, 61.38382599], [0.007356, 56.86765244]]",15,quantum,1,
precond_pen=2.000,16,-0.7549483905039969,56.867652442345,2.0,2,0.19490814208984375,0.011548042297363281,0.0,1110010010010011,+++--+--+--+--++,0,False,"[[0.000169, 67.65280917], [0.005627, 63.88165462], [0.005847, 59.37658883], [0.011548, 56.86765244]]",15,quantum,1,
baseline,16,55.12307955243,55.12307955243,,2,0.14291095733642578,0.005463838577270508,0.0,0001111010010011,---++++-+--+--++,0,False,"[[0.000177, 66.08345906], [0.004827, 64.01534034], [0.005181, 63.4419686], [0.005464, 55.12307955]]",16,quantum,1,
precond_pen=1.100,16,-1.1572200980949994,55.12307955243,1.1,2,0.18830609321594238,0.005856037139892578,0.0,0001111010010011,---++++-+--+--++,0,False,"[[0.000158, 66.08345906], [0.005602, 64.22571128], [0.005856, 55.12307955]]",16,quantum,1,
precond_pen=1.200,16,-1.0794139512480054,55.12307955243,1.2,2,0.1933438777923584,0.1652369499206543,0.0,0001111010010011,---++++-+--+--++,0,False,"[[0.000229, 66.08345906], [0.006214, 63.26465719], [0.006449, 56.72212149], [0.164788, 56.03310744], [0.165237, 55.12307955]]",16,quantum,1,
precond_pen=1.300,16,-1.017174231575999,55.12307955243,1.3,2,0.145050048828125,0.005856037139892578,0.0,0001111010010011,---++++-+--+--++,0,False,"[[0.00016, 66.08345906], [0.005681, 65.91159548], [0.005856, 55.12307955]]",16,quantum,1,
precond_pen=1.400,16,-0.9662387508829955,55.12307955243,1.4,2,0.15239500999450684,0.011684894561767578,0.0,0001111010010011,---++++-+--+--++,0,False,"[[0.000148, 66.08345906], [0.005363, 63.42404785], [0.005581, 56.72212149], [0.011685, 55.12307955]]",16,quantum,1,
precond_pen=1.500,16,-0.9237744126460026,55.12307955243,1.5,2,0.12650394439697266,0.004284858703613281,0.0,0001111010010011,---++++-+--+--++,0,False,"[[0.000139, 66.08345906], [0.004119, 62.62964315], [0.004285, 55.12307955]]",16,quantum,1,
precond_pen=1.600,16,-0.8878240641650033,55.12307955243,1.6,2,0.18965506553649902,0.005285024642944336,0.0,0001111010010011,---++++-+--+--++,0,False,"[[0.000177, 66.08345906], [0.005072, 62.62964315], [0.005285, 55.12307955]]",16,quantum,1,
precond_pen=1.700,16,-0.8569915045690024,55.12307955243,1.7,2,0.18371891975402832,0.005757808685302734,0.0,0001111010010011,---++++-+--+--++,0,False,"[[0.000154, 66.08345906], [0.005525, 62.62964315], [0.005758, 55.12307955]]",16,quantum,1,
precond_pen=1.800,16,-0.8302537008720012,55.12307955243,1.8,2,0.17330503463745117,0.005074977874755859,0.0,0001111010010011,---++++-+--+--++,0,False,"[[0.00016, 66.08345906], [0.004872, 62.62964315], [0.005075, 55.12307955]]",16,quantum,1,
precond_pen=1.900,16,-0.8068439921069999,55.12307955243,1.9,2,0.16195988655090332,0.005399942398071289,0.0,0001111010010011,---++++-+--+--++,0,False,"[[0.000169, 66.08345906], [0.00516, 62.62964315], [0.0054, 55.12307955]]",16,quantum,1,
precond_pen=2.000,16,-0.7861760802960021,55.12307955243,2.0,2,0.16914987564086914,0.006227016448974609,0.0,0001111010010011,---++++-+--+--++,0,False,"[[0.000187, 66.08345906], [0.005994, 62.62964315], [0.006227, 55.12307955]]",16,quantum,1,
baseline,16,51.476810919306985,51.476810919307,,2,0.21615219116210938,0.004897117614746094,0.0,1100101011000101,++--+-+-++---+-+,0,False,"[[0.000148, 59.99779131], [0.004741, 58.47811494], [0.004897, 51.47681092]]",17,quantum,1,
precond_pen=1.100,16,-1.0074546896730023,51.476810919307,1.1,2,0.20287203788757324,0.20081496238708496,0.0,1100101011000101,++--+-+-++---+-+,0,False,"[[0.000164, 59.99779131], [0.005489, 56.01963888], [0.005721, 51.84448153], [0.200815, 51.47681092], [0.201765, 51.47681092]]",17,quantum,1,
precond_pen=1.200,16,-0.9482751858970007,51.476810919307,1.2,2,0.20913004875183105,0.09424686431884766,0.0,0011010100111010,--++-+-+--+++-+-,0,False,"[[0.000156, 59.99779131], [0.00523, 56.6659414], [0.005651, 55.76047413], [0.005903, 52.08275058], [0.094247, 51.47681092]]",17,quantum,1,
precond_pen=1.300,16,-0.9005666116879958,51.476810919307,1.3,2,0.2154848575592041,0.2131810188293457,0.0,1100101011000101,++--+-+-++---+-+,0,False,"[[0.000156, 59.99779131], [0.005413, 57.97528187], [0.005644, 52.08275058], [0.188818, 51.84448153], [0.213181, 51.47681092], [0.214485, 51.47681092]]",17,quantum,1,
precond_pen=1.400,16,-0.8612776213530022,51.476810919307,1.4,2,0.2104511260986328,0.10876703262329102,0.0,0011010100111010,--++-+-+--+++-+-,0,False,"[[0.000144, 59.99779131], [0.004007, 56.6659414], [0.004359, 55.76047413], [0.004604, 53.64308831], [0.004738, 52.10618224], [0.009452, 51.84448153], [0.108767, 51.47681092]]",17,quantum,1,
precond_pen=1.500,16,-0.8283533496189985,51.476810919307,1.5,2,0.21809005737304688,0.13122820854187012,0.0,0011010100111010,--++-+-+--+++-+-,0,False,"[[0.000148, 59.99779131], [0.004223, 56.6659414], [0.004612, 55.76047413], [0.004872, 54.77510728], [0.005017, 51.84448153], [0.131228, 51.47681092]]",17,quantum,1,
precond_pen=1.600,16,-0.8003588830050026,51.476810919307,1.6,2,0.21198701858520508,0.12363195419311523,0.0,1100101011000101,++--+-+-++---+-+,0,False,"[[0.00016, 59.99779131], [0.005337, 58.01054407], [0.005554, 52.80867432], [0.01193, 51.84448153], [0.123632, 51.47681092]]",17,quantum,1,
precond_pen=1.700,16,-0.7762612810900009,51.476810919307,1.7,2,0.23363804817199707,0.13384485244750977,0.0,0011010100111010,--++-+-+--+++-+-,0,False,"[[0.000151, 59.99779131], [0.005284, 58.01054407], [0.005476, 52.80867432], [0.010744, 52.08275058], [0.133845, 51.47681092]]",17,quantum,1,
precond_pen=1.800,16,-0.7552979984110042,51.476810919307,1.8,2,0.23371410369873047,0.23113107681274414,0.0,0011010100111010,--++-+-+--+++-+-,0,False,"[[0.000187, 59.99779131], [0.005539, 58.01054407], [0.005743, 52.80867432], [0.010662, 52.08275058], [0.193719, 51.84448153], [0.231131, 51.47681092], [0.232266, 51.47681092]]",17,quantum,1,
precond_pen=1.900,16,-0.736893662468006,51.476810919307,1.9,2,0.2272799015045166,0.2242579460144043,0.0,1100101011000101,++--+-+-++---+-+,0,False,"[[0.000157, 59.99779131], [0.005538, 58.01054407], [0.005768, 52.80867432], [0.010823, 52.08275058], [0.1182, 51.84448153], [0.224258, 51.47681092], [0.225955, 51.47681092]]",17,quantum,1,
precond_pen=2.000,16,-0.7206056099709972,51.476810919307,2.0,2,0.20984601974487305,0.20804715156555176,0.0,1100101011000101,++--+-+-++---+-+,0,False,"[[0.000164, 59.99779131], [0.005467, 58.01054407], [0.005716, 52.80867432], [0.010734, 52.08275058], [0.113592, 51.84448153], [0.208047, 51.47681092], [0.208881, 51.47681092]]",17,quantum,1,
baseline,16,52.871042980527996,52.87104298052797,,2,0.14168787002563477,0.08289885520935059,0.0,1011011100000011,+-++-+++------++,0,False,"[[0.000132, 59.61514206], [0.00335, 54.99593595], [0.076392, 54.49376575], [0.081966, 53.74023949], [0.082899, 52.87104298]]",18,quantum,1,
precond_pen=1.100,16,-1.1596883879190019,52.87104298052797,1.1,2,0.1782088279724121,0.13621902465820312,0.0,0100100011111100,-+--+---++++++--,0,False,"[[0.000142, 59.61514206], [0.004877, 54.99593595], [0.135791, 53.23732097], [0.136219, 52.87104298]]",18,quantum,1,
precond_pen=1.200,16,-1.0820922164620024,52.87104298052797,1.2,2,0.21019387245178223,0.005156993865966797,0.0,1011011100000011,+-++-+++------++,0,False,"[[0.000154, 59.61514206], [0.004951, 56.7586309], [0.005157, 52.87104298]]",18,quantum,1,
precond_pen=1.300,16,-1.0199489223159999,52.87104298052797,1.3,2,0.20908379554748535,0.012303829193115234,0.0,1011011100000011,+-++-+++------++,0,False,"[[0.000152, 59.61514206], [0.004982, 54.99593595], [0.012304, 52.87104298]]",18,quantum,1,
precond_pen=1.400,16,-0.9690423621889979,52.87104298052797,1.4,2,0.20615720748901367,0.013308048248291016,0.0,1011011100000011,+-++-+++------++,0,False,"[[0.000255, 59.61514206], [0.005567, 54.99593595], [0.013308, 52.87104298]]",18,quantum,1,
precond_pen=1.500,16,-0.9265661759179995,52.87104298052797,1.5,2,0.19825506210327148,0.16092705726623535,0.0,0100100011111100,-+--+---++++++--,0,False,"[[0.00024, 59.61514206], [0.006412, 54.99593595], [0.113642, 54.95953024], [0.114043, 53.57607879], [0.160927, 52.87104298]]",18,quantum,1,
precond_pen=1.600,16,-0.8905791852649978,52.87104298052797,1.6,2,0.24213480949401855,0.16394591331481934,0.0,1011011100000011,+-++-+++------++,0,False,"[[0.000235, 59.61514206], [0.006183, 54.99593595], [0.163347, 54.49376575], [0.163846, 53.23732097], [0.163946, 52.87104298]]",18,quantum,1,
precond_pen=1.700,16,-0.8596948973829992,52.87104298052797,1.7,2,0.2361741065979004,0.15137696266174316,0.0,1011011100000011,+-++-+++------++,0,False,"[[0.00019, 59.61514206], [0.004924, 54.99593595], [0.150925, 54.49376575], [0.151377, 52.87104298]]",18,quantum,1,
precond_pen=1.800,16,-0.8328969078509996,52.87104298052797,1.8,2,0.2048799991607666,0.12619614601135254,0.0,0100100011111100,-+--+---++++++--,0,False,"[[0.000188, 59.61514206], [0.004739, 54.99593595], [0.125504, 53.74023949], [0.12596, 53.23732097], [0.126196, 52.87104298]]",18,quantum,1,
precond_pen=1.900,16,-0.8094221378639981,52.87104298052797,1.9,2,0.19951486587524414,0.11173892021179199,0.0,0100100011111100,-+--+---++++++--,0,False,"[[0.0003, 59.61514206], [0.005784, 54.99593595], [0.111261, 53.23732097], [0.111739, 52.87104298]]",18,quantum,1,
precond_pen=2.000,16,-0.788687201073996,52.87104298052797,2.0,2,0.19396686553955078,0.11304998397827148,0.0,0100100011111100,-+--+---++++++--,0,False,"[[0.000223, 59.61514206], [0.00619, 54.99593595], [0.112413, 53.83326309], [0.112854, 53.07726968], [0.11305, 52.87104298]]",18,quantum,1,
baseline,16,52.105474173337996,52.105474173337996,,2,0.1280660629272461,0.11217117309570312,0.0,0001110110000111,---+++-++----+++,0,False,"[[0.000149, 68.86817334], [0.004333, 67.16571112], [0.004613, 66.89795767], [0.004833, 63.00207325], [0.004978, 53.71935186], [0.089118, 52.64011219], [0.111784, 52.58426783], [0.112171, 52.10547417]]",19,quantum,1,
precond_pen=1.100,16,-1.2517615238599955,52.105474173337996,1.1,2,0.05868387222290039,0.006285905838012695,0.0,0001110110000111,---+++-++----+++,0,False,"[[0.000162, 68.86817334], [0.005942, 58.0155804], [0.006286, 52.10547417]]",19,quantum,1,
precond_pen=1.200,16,-1.1636970631070023,52.105474173337996,1.2,2,0.06875205039978027,0.006167173385620117,0.0,0001110110000111,---+++-++----+++,0,False,"[[0.00017, 68.86817334], [0.005942, 64.10661696], [0.006167, 52.10547417]]",19,quantum,1,
precond_pen=1.300,16,-1.0932360433209993,52.105474173337996,1.3,2,0.06209516525268555,0.005378007888793945,0.0,0001110110000111,---+++-++----+++,0,False,"[[0.000142, 68.86817334], [0.005148, 58.0155804], [0.005378, 52.10547417]]",19,quantum,1,
precond_pen=1.400,16,-1.0355589933440026,52.105474173337996,1.4,2,0.06587409973144531,0.004942893981933594,0.0,1110001001111000,+++---+--++++---,0,False,"[[0.000149, 68.86817334], [0.004555, 66.55419046], [0.004814, 64.64161891], [0.004943, 52.10547417]]",19,quantum,1,
precond_pen=1.500,16,-0.9874630158479976,52.105474173337996,1.5,2,0.04772615432739258,0.00657200813293457,0.0,0001110110000111,---+++-++----+++,0,False,"[[0.000193, 68.86817334], [0.006246, 58.0155804], [0.006572, 52.10547417]]",19,quantum,1,
precond_pen=1.600,16,-0.9467355658650014,52.105474173337996,1.6,2,0.05794405937194824,0.006155967712402344,0.0,0001110110000111,---+++-++----+++,0,False,"[[0.000175, 68.86817334], [0.005899, 60.95584911], [0.006156, 52.10547417]]",19,quantum,1,
precond_pen=1.700,16,-0.9117983478430016,52.105474173337996,1.7,2,0.05348920822143555,0.005444049835205078,0.0,0001110110000111,---+++-++----+++,0,False,"[[0.000176, 68.86817334], [0.005225, 60.95584911], [0.005444, 52.10547417]]",19,quantum,1,
precond_pen=1.800,16,-0.8814947340229935,52.105474173337996,1.8,2,0.06211519241333008,0.004218101501464844,0.0,0001110110000111,---+++-++----+++,0,False,"[[0.000133, 68.86817334], [0.004056, 60.95584911], [0.004218, 52.10547417]]",19,quantum,1,
precond_pen=1.900,16,-0.8549578808539957,52.105474173337996,1.9,2,0.07212209701538086,0.005456209182739258,0.0,0001110110000111,---+++-++----+++,0,False,"[[0.000169, 68.86817334], [0.005248, 60.95584911], [0.005456, 52.10547417]]",19,quantum,1,
precond_pen=2.000,16,-0.8315246455590009,52.105474173337996,2.0,2,0.05732989311218262,0.004957914352416992,0.0,0001110110000111,---+++-++----+++,0,False,"[[0.000136, 68.86817334], [0.004779, 60.83712696], [0.004958, 52.10547417]]",19,quantum,1,
baseline,16,48.848816103204996,48.848816103205024,,2,0.15930986404418945,0.004524946212768555,0.0,1110000111011000,+++----+++-++---,0,False,"[[0.000139, 62.54334804], [0.004338, 58.8871088], [0.004525, 48.8488161]]",20,quantum,1,
precond_pen=1.100,16,-1.0885595531210024,48.848816103205024,1.1,2,0.19187498092651367,0.012840986251831055,0.0,0001111000100111,---++++---+--+++,0,False,"[[0.000158, 62.54334804], [0.004525, 55.20701126], [0.005018, 53.98666864], [0.005158, 49.58158333], [0.012841, 48.8488161]]",20,quantum,1,
precond_pen=1.200,16,-1.021259203921999,48.848816103205024,1.2,2,0.21291685104370117,0.013046979904174805,0.0,0001111000100111,---++++---+--+++,0,False,"[[0.000166, 62.54334804], [0.004449, 56.10303473], [0.004589, 52.1647148], [0.013047, 48.8488161]]",20,quantum,1,
precond_pen=1.300,16,-0.9669117917740042,48.848816103205024,1.3,2,0.2288661003112793,0.22581219673156738,0.0,0001111000100111,---++++---+--+++,0,False,"[[0.000152, 62.54334804], [0.005679, 50.22112427], [0.005902, 49.58158333], [0.225812, 48.8488161], [0.22757, 48.8488161]]",20,quantum,1,
precond_pen=1.400,16,-0.9220937767250001,48.848816103205024,1.4,2,0.21381592750549316,0.012070894241333008,0.0,0001111000100111,---++++---+--+++,0,False,"[[0.000172, 62.54334804], [0.005999, 54.42824012], [0.006222, 49.58158333], [0.012071, 48.8488161]]",20,quantum,1,
precond_pen=1.500,16,-0.8844932394509994,48.848816103205024,1.5,2,0.1948859691619873,0.012540102005004883,0.0,0001111000100111,---++++---+--+++,0,False,"[[0.000246, 62.54334804], [0.006277, 59.89506214], [0.006568, 49.58158333], [0.01254, 48.8488161]]",20,quantum,1,
precond_pen=1.600,16,-0.8524916346950047,48.848816103205024,1.6,2,0.1694049835205078,0.14836406707763672,0.0,0001111000100111,---++++---+--+++,0,False,"[[0.00022, 62.54334804], [0.005771, 56.10303473], [0.006003, 52.1647148], [0.013363, 49.58158333], [0.148364, 48.8488161], [0.168087, 48.8488161]]",20,quantum,1,
precond_pen=1.700,16,-0.824922021253002,48.848816103205024,1.7,2,0.20371198654174805,0.20038890838623047,0.0,0001111000100111,---++++---+--+++,0,False,"[[0.000216, 62.54334804], [0.006156, 53.98666864], [0.00644, 49.58158333], [0.200389, 48.8488161], [0.20237, 48.8488161]]",20,quantum,1,
precond_pen=1.800,16,-0.8009211167530026,48.848816103205024,1.8,2,0.21689796447753906,0.21517109870910645,0.0,1110000111011000,+++----+++-++---,0,False,"[[0.000209, 62.54334804], [0.00524, 53.98666864], [0.005418, 49.58158333], [0.215171, 48.8488161], [0.215745, 48.8488161]]",20,quantum,1,
precond_pen=1.900,16,-0.7798367035950005,48.848816103205024,1.9,2,0.20297718048095703,0.2012770175933838,0.0,1110000111011000,+++----+++-++---,0,False,"[[0.000201, 62.54334804], [0.005168, 53.98666864], [0.005342, 49.58158333], [0.201277, 48.8488161], [0.201846, 48.8488161]]",20,quantum,1,
precond_pen=2.000,16,-0.7611665278970019,48.848816103205024,2.0,2,0.2189650535583496,0.13161206245422363,0.0,1110000111011000,+++----+++-++---,0,False,"[[0.000195, 62.54334804], [0.005173, 53.98666864], [0.005337, 49.58158333], [0.131612, 48.8488161]]",20,quantum,1,
baseline,16,53.34693970559003,53.346939705589996,,2,0.189208984375,0.15742802619934082,0.0,0111110010001100,-+++++--+---++--,0,False,"[[0.000209, 60.32874964], [0.004695, 59.92999146], [0.005078, 59.92685198], [0.005396, 54.06815409], [0.024286, 53.41995908], [0.157428, 53.34693971]]",21,quantum,1,
precond_pen=1.100,16,-1.0826998363789997,53.346939705589996,1.1,2,0.2164011001586914,0.21393609046936035,0.0,0111110010001100,-+++++--+---++--,0,False,"[[0.000137, 60.32874964], [0.005172, 56.60613708], [0.005421, 53.41995908], [0.213936, 53.34693971], [0.214992, 53.34693971]]",21,quantum,1,
precond_pen=1.200,16,-1.0146809015389922,53.346939705589996,1.2,2,0.21485400199890137,0.21129298210144043,0.0,1000001101110011,+-----++-+++--++,0,False,"[[0.000194, 60.32874964], [0.005647, 56.15309461], [0.006044, 53.41995908], [0.211293, 53.34693971], [0.213907, 53.34693971]]",21,quantum,1,
precond_pen=1.300,16,-0.9600122111469993,53.346939705589996,1.3,2,0.23671698570251465,0.23282480239868164,0.0,1000001101110011,+-----++-+++--++,0,False,"[[0.000137, 60.32874964], [0.004514, 59.46290013], [0.004693, 53.41995908], [0.232825, 53.34693971], [0.235458, 53.34693971]]",21,quantum,1,
precond_pen=1.400,16,-0.9150986565720007,53.346939705589996,1.4,2,0.16968393325805664,0.16792798042297363,0.0,0111110010001100,-+++++--+---++--,0,False,"[[0.000163, 60.32874964], [0.005882, 56.15309461], [0.006163, 53.41995908], [0.167928, 53.34693971], [0.16859, 53.34693971]]",21,quantum,1,
precond_pen=1.500,16,-0.8775330418639999,53.346939705589996,1.5,2,0.18487286567687988,0.004909992218017578,0.0,1000001101110011,+-----++-+++--++,0,False,"[[0.000138, 60.32874964], [0.004771, 56.17180172], [0.00491, 53.34693971]]",21,quantum,1,
precond_pen=1.600,16,-0.8456419305429996,53.346939705589996,1.6,2,0.1978590488433838,0.007966041564941406,0.0,1000001101110011,+-----++-+++--++,0,False,"[[0.000313, 60.32874964], [0.007717, 56.17180172], [0.007966, 53.34693971]]",21,quantum,1,
precond_pen=1.700,16,-0.8182256859890016,53.346939705589996,1.7,2,0.23515582084655762,0.005731821060180664,0.0,1000001101110011,+-----++-+++--++,0,False,"[[0.000158, 60.32874964], [0.005527, 57.3124371], [0.005732, 53.34693971]]",21,quantum,1,
precond_pen=1.800,16,-0.7944010861109989,53.346939705589996,1.8,2,0.19658708572387695,0.10145211219787598,0.0,0111110010001100,-+++++--+---++--,0,False,"[[0.000156, 60.32874964], [0.005313, 56.15309461], [0.005567, 53.41995908], [0.101452, 53.34693971]]",21,quantum,1,
precond_pen=1.900,16,-0.7735039110510069,53.346939705589996,1.9,2,0.21304607391357422,0.20956110954284668,0.0,0111110010001100,-+++++--+---++--,0,False,"[[0.000154, 60.32874964], [0.006086, 56.15309461], [0.006358, 53.41995908], [0.209561, 53.34693971], [0.211796, 53.34693971]]",21,quantum,1,
precond_pen=2.000,16,-0.7550243881350038,53.346939705589996,2.0,2,0.26881909370422363,0.005857944488525391,0.0,1000001101110011,+-----++-+++--++,0,False,"[[0.000536, 60.32874964], [0.005672, 56.89825832], [0.005858, 53.34693971]]",21,quantum,1,
baseline,16,55.63589205206201,55.635892052061976,,2,0.13976716995239258,0.004580020904541016,0.0,1110000110110100,+++----++-++-+--,0,False,"[[0.000157, 65.01239624], [0.004138, 65.00804539], [0.004378, 65.00343887], [0.00458, 55.63589205]]",22,quantum,1,
precond_pen=1.100,16,-1.1686956112089995,55.635892052061976,1.1,2,0.11001706123352051,0.013705015182495117,0.0,1110000110110100,+++----++-++-+--,0,False,"[[0.00015, 65.01239624], [0.005613, 63.09527653], [0.005852, 58.13303639], [0.013705, 55.63589205]]",22,quantum,1,
precond_pen=1.200,16,-1.0901161629660026,55.635892052061976,1.2,2,0.14772891998291016,0.012267112731933594,0.0,1110000110110100,+++----++-++-+--,0,False,"[[0.00017, 65.01239624], [0.005757, 62.75329613], [0.006008, 58.13303639], [0.012267, 55.63589205]]",22,quantum,1,
precond_pen=1.300,16,-1.0271644890449982,55.635892052061976,1.3,2,0.15574908256530762,0.1299750804901123,0.0,1110000110110100,+++----++-++-+--,0,False,"[[0.000155, 65.01239624], [0.005428, 64.19850434], [0.005692, 58.13303639], [0.129529, 57.24456885], [0.129975, 55.63589205]]",22,quantum,1,
precond_pen=1.400,16,-0.9755850604820004,55.635892052061976,1.4,2,0.13247895240783691,0.004696846008300781,0.0,0001111001001011,---++++--+--+-++,0,False,"[[0.000127, 65.01239624], [0.004502, 63.69795782], [0.004697, 55.63589205]]",22,quantum,1,
precond_pen=1.500,16,-0.9325422275070014,55.635892052061976,1.5,2,0.1595931053161621,0.00623011589050293,0.0,0001111001001011,---++++--+--+-++,0,False,"[[0.00018, 65.01239624], [0.005989, 60.65760745], [0.00623, 55.63589205]]",22,quantum,1,
precond_pen=1.600,16,-0.8960726913510024,55.635892052061976,1.6,2,0.13761186599731445,0.012629032135009766,0.0,0001111001001011,---++++--+--+-++,0,False,"[[0.000161, 65.01239624], [0.006313, 64.19850434], [0.006604, 58.13303639], [0.012629, 55.63589205]]",22,quantum,1,
precond_pen=1.700,16,-0.864773717218001,55.635892052061976,1.7,2,0.1596050262451172,0.011043071746826172,0.0,0001111001001011,---++++--+--+-++,0,False,"[[0.00017, 65.01239624], [0.005072, 63.39989388], [0.005272, 58.13303639], [0.011043, 55.63589205]]",22,quantum,1,
precond_pen=1.800,16,-0.8376158919919998,55.635892052061976,1.8,2,0.15180611610412598,0.011435985565185547,0.0,0001111001001011,---++++--+--+-++,0,False,"[[0.000162, 65.01239624], [0.005193, 63.39989388], [0.005465, 58.13303639], [0.011436, 55.63589205]]",22,quantum,1,
precond_pen=1.900,16,-0.8138266720229987,55.635892052061976,1.9,2,0.15676403045654297,0.012258052825927734,0.0,0001111001001011,---++++--+--+-++,0,False,"[[0.000156, 65.01239624], [0.005323, 63.39989388], [0.005519, 58.13303639], [0.012258, 55.63589205]]",22,quantum,1,
precond_pen=2.000,16,-0.7928144433170026,55.635892052061976,2.0,2,0.1521439552307129,0.011687994003295898,0.0,0001111001001011,---++++--+--+-++,0,False,"[[0.000173, 65.01239624], [0.005311, 63.39989388], [0.005546, 58.13303639], [0.011688, 55.63589205]]",22,quantum,1,
baseline,16,53.58429874295398,53.58429874295398,,2,0.1348280906677246,0.004800081253051758,0.0,1100001001101101,++----+--++-++-+,0,False,"[[0.000156, 62.43540209], [0.004174, 61.47328807], [0.004409, 60.63664049], [0.004644, 60.12218803], [0.0048, 53.58429874]]",23,quantum,1,
precond_pen=1.100,16,-1.1970436623149965,53.58429874295398,1.1,2,0.06142401695251465,0.005694866180419922,0.0,0011110110010010,--++++-++--+--+-,0,False,"[[0.000165, 62.43540209], [0.005443, 59.54577531], [0.005695, 53.58429874]]",23,quantum,1,
precond_pen=1.200,16,-1.1153516662650036,53.58429874295398,1.2,2,0.15150117874145508,0.005044221878051758,0.0,0011110110010010,--++++-++--+--+-,0,False,"[[0.000157, 62.43540209], [0.004856, 59.09030613], [0.005044, 53.58429874]]",23,quantum,1,
precond_pen=1.300,16,-1.0499235923780006,53.58429874295398,1.3,2,0.17310690879821777,0.005720853805541992,0.0,0011110110010010,--++++-++--+--+-,0,False,"[[0.000172, 62.43540209], [0.005493, 59.09030613], [0.005721, 53.58429874]]",23,quantum,1,
precond_pen=1.400,16,-0.9963233300809975,53.58429874295398,1.4,2,0.10777711868286133,0.005561113357543945,0.0,0011110110010010,--++++-++--+--+-,0,False,"[[0.000164, 62.43540209], [0.005289, 60.85809655], [0.005561, 53.58429874]]",23,quantum,1,
precond_pen=1.500,16,-0.9515978995829979,53.58429874295398,1.5,2,0.14621901512145996,0.005752086639404297,0.0,0011110110010010,--++++-++--+--+-,0,False,"[[0.000157, 62.43540209], [0.005489, 60.35421534], [0.005752, 53.58429874]]",23,quantum,1,
precond_pen=1.600,16,-0.9137042335739993,53.58429874295398,1.6,2,0.16016006469726562,0.0049779415130615234,0.0,0011110110010010,--++++-++--+--+-,0,False,"[[0.000148, 62.43540209], [0.004799, 60.35421534], [0.004978, 53.58429874]]",23,quantum,1,
precond_pen=1.700,16,-0.8811832776789998,53.58429874295398,1.7,2,0.12766695022583008,0.005490779876708984,0.0,1100001001101101,++----+--++-++-+,0,False,"[[0.000143, 62.43540209], [0.005196, 60.06782509], [0.005491, 53.58429874]]",23,quantum,1,
precond_pen=1.800,16,-0.8529648077150025,53.58429874295398,1.8,2,0.18567299842834473,0.00492095947265625,0.0,1100001001101101,++----+--++-++-+,0,False,"[[0.000159, 62.43540209], [0.004742, 60.2399098], [0.004921, 53.58429874]]",23,quantum,1,
precond_pen=1.900,16,-0.8282457604389997,53.58429874295398,1.9,2,0.18763303756713867,0.0045969486236572266,0.0,1100001001101101,++----+--++-++-+,0,False,"[[0.000142, 62.43540209], [0.004427, 60.2399098], [0.004597, 53.58429874]]",23,quantum,1,
precond_pen=2.000,16,-0.8064117320660005,53.58429874295398,2.0,2,0.17817187309265137,0.004858970642089844,0.0,1100001001101101,++----+--++-++-+,0,False,"[[0.000141, 62.43540209], [0.004654, 60.2399098], [0.004859, 53.58429874]]",23,quantum,1,
baseline,16,54.71327719824801,54.71327719824798,,2,0.2360529899597168,0.0193331241607666,0.0,0001001011110011,---+--+-++++--++,0,False,"[[0.000173, 63.06341451], [0.004437, 55.06980781], [0.019333, 54.7132772]]",24,quantum,1,
precond_pen=1.100,16,-1.0149442510209976,54.71327719824798,1.1,2,0.1909348964691162,0.1874091625213623,0.0,1110110100001100,+++-++-+----++--,0,False,"[[0.0002, 63.06341451], [0.005804, 55.06980781], [0.096119, 54.73356801], [0.187409, 54.7132772], [0.18977, 54.7132772]]",24,quantum,1,
precond_pen=1.200,16,-0.9538898164969982,54.71327719824798,1.2,2,0.209306001663208,0.1260819435119629,0.0,0001001011110011,---+--+-++++--++,0,False,"[[0.000163, 63.06341451], [0.005524, 55.93058443], [0.005763, 55.06980781], [0.126082, 54.7132772]]",24,quantum,1,
precond_pen=1.300,16,-0.9048692026229981,54.71327719824798,1.3,2,0.21718192100524902,0.21358299255371094,0.0,1110110100001100,+++-++-+----++--,0,False,"[[0.000182, 63.06341451], [0.005393, 58.63651915], [0.005648, 55.06980781], [0.11536, 54.92553073], [0.115778, 54.73356801], [0.213583, 54.7132772], [0.21589, 54.7132772]]",24,quantum,1,
precond_pen=1.400,16,-0.864630970846,54.71327719824798,1.4,2,0.2614600658416748,0.16007399559020996,0.0,0001001011110011,---+--+-++++--++,0,False,"[[0.000191, 63.06341451], [0.005694, 61.88926471], [0.005934, 55.31644459], [0.011496, 55.06980781], [0.159604, 54.78151002], [0.160074, 54.7132772]]",24,quantum,1,
precond_pen=1.500,16,-0.8310010728900012,54.71327719824798,1.5,2,0.24810504913330078,0.19127917289733887,0.0,1110110100001100,+++-++-+----++--,0,False,"[[0.00016, 63.06341451], [0.005481, 62.63117386], [0.005741, 54.73356801], [0.191279, 54.7132772]]",24,quantum,1,
precond_pen=1.600,16,-0.802470220797006,54.71327719824798,1.6,2,0.2379150390625,0.23464703559875488,0.0,0001001011110011,---+--+-++++--++,0,False,"[[0.000163, 63.06341451], [0.005138, 62.81625027], [0.005375, 54.73356801], [0.234647, 54.7132772]]",24,quantum,1,
precond_pen=1.700,16,-0.7779570852269995,54.71327719824798,1.7,2,0.23815512657165527,0.137861967086792,0.0,0001001011110011,---+--+-++++--++,0,False,"[[0.000159, 63.06341451], [0.005333, 62.81625027], [0.005628, 54.73356801], [0.137862, 54.7132772]]",24,quantum,1,
precond_pen=1.800,16,-0.7566666010849996,54.71327719824798,1.8,2,0.2110440731048584,0.10822606086730957,0.0,0001001011110011,---+--+-++++--++,0,False,"[[0.000154, 63.06341451], [0.00556, 62.71316539], [0.005825, 54.73356801], [0.108226, 54.7132772]]",24,quantum,1,
precond_pen=1.900,16,-5.296997960558995,54.73356801480401,1.9,2,0.05556488037109375,0.020132780075073242,0.0,1100101000101101,++--+-+---+-++-+,0,False,"[[0.000195, 63.06341451], [0.0055, 61.62550248], [0.005921, 60.62855284], [0.006317, 57.80761426], [0.006509, 55.06980781], [0.020133, 54.7132772], [0.05388, 54.73356801], [0.054624, 54.73356801]]",24,quantum,1,
precond_pen=2.000,16,-5.156898468496,54.73356801480401,2.0,2,0.059342145919799805,0.01157999038696289,0.0,0011010111010010,--++-+-+++-+--+-,0,False,"[[0.000156, 63.06341451], [0.005156, 57.80761426], [0.005425, 55.06980781], [0.01158, 54.7132772], [0.027946, 54.73356801]]",24,quantum,1,
baseline,16,50.73561711458199,50.73561711458199,,2,0.11798501014709473,0.10175609588623047,0.0,1110000100011101,+++----+---+++-+,0,False,"[[0.000178, 55.47990272], [0.00505, 51.67108166], [0.062601, 51.33878801], [0.086935, 51.2853106], [0.101756, 50.73561711]]",25,quantum,1,
precond_pen=1.100,16,-1.079995570193999,50.73561711458199,1.1,2,0.1901710033416748,0.11806488037109375,0.0,0001111011100010,---++++-+++---+-,0,False,"[[0.000149, 55.47990272], [0.004498, 51.67108166], [0.009491, 51.33878801], [0.117635, 51.2853106], [0.118065, 50.73561711]]",25,quantum,1,
precond_pen=1.200,16,-1.012698047794002,50.73561711458199,1.2,2,0.20749497413635254,0.20508790016174316,0.0,0001111011100010,---++++-+++---+-,0,False,"[[0.000161, 55.47990272], [0.004815, 51.67108166], [0.130757, 51.2853106], [0.162477, 51.18486693], [0.205088, 50.73561711], [0.206469, 50.73561711]]",25,quantum,1,
precond_pen=1.300,16,-0.9585234697210074,50.73561711458199,1.3,2,0.20355892181396484,0.1995398998260498,0.0,0001111011100010,---++++-+++---+-,0,False,"[[0.000167, 55.47990272], [0.005062, 51.67108166], [0.127066, 51.2853106], [0.19954, 50.73561711], [0.202567, 50.73561711]]",25,quantum,1,
precond_pen=1.400,16,-0.9139603438879993,50.73561711458199,1.4,2,0.19016718864440918,0.18721318244934082,0.0,1110000100011101,+++----+---+++-+,0,False,"[[0.000152, 55.47990272], [0.004536, 51.67108166], [0.187213, 50.73561711], [0.189077, 50.73561711]]",25,quantum,1,
precond_pen=1.500,16,-0.8766504902300047,50.73561711458199,1.5,2,0.2511889934539795,0.2478339672088623,0.0,1110000100011101,+++----+---+++-+,0,False,"[[0.000147, 55.47990272], [0.004717, 51.67108166], [0.247834, 50.73561711], [0.250042, 50.73561711]]",25,quantum,1,
precond_pen=1.600,16,-0.844950578589998,50.73561711458199,1.6,2,0.2596931457519531,0.21544599533081055,0.0,0001111011100010,---++++-+++---+-,0,False,"[[0.00018, 55.47990272], [0.005343, 51.67108166], [0.17457, 51.33878801], [0.175034, 51.2853106], [0.189478, 50.78316752], [0.215446, 50.73561711]]",25,quantum,1,
precond_pen=1.700,16,-0.8176800161800024,50.73561711458199,1.7,2,0.2230820655822754,0.21050286293029785,0.0,1110000100011101,+++----+---+++-+,0,False,"[[0.000146, 55.47990272], [0.004615, 51.67108166], [0.181737, 50.78316752], [0.210503, 50.73561711]]",25,quantum,1,
precond_pen=1.800,16,-0.7939685386560056,50.73561711458199,1.8,2,0.26511693000793457,0.26256585121154785,0.0,1110000100011101,+++----+---+++-+,0,False,"[[0.000175, 55.47990272], [0.005605, 51.67108166], [0.221999, 51.18486693], [0.262566, 50.73561711], [0.263825, 50.73561711]]",25,quantum,1,
precond_pen=1.900,16,-0.7731603447659978,50.73561711458199,1.9,2,0.2036278247833252,0.20136690139770508,0.0,0001111011100010,---++++-+++---+-,0,False,"[[0.00017, 55.47990272], [0.004771, 51.67108166], [0.201367, 50.73561711], [0.202831, 50.73561711]]",25,quantum,1,
precond_pen=2.000,16,-0.7547517100940029,50.73561711458199,2.0,2,0.16680908203125,0.16382312774658203,0.0,1110000100011101,+++----+---+++-+,0,False,"[[0.000126, 55.47990272], [0.00362, 51.67108166], [0.096675, 51.33878801], [0.163823, 50.73561711], [0.165813, 50.73561711]]",25,quantum,1,
baseline,16,51.07438107428298,51.07438107428301,,2,0.09206295013427734,0.005009889602661133,0.0,0011000101001111,--++---+-+--++++,0,False,"[[0.000202, 65.83376564], [0.004761, 62.71590739], [0.00501, 51.07438107]]",26,quantum,1,
precond_pen=1.100,16,-1.2469394589180043,51.07438107428301,1.1,2,0.13103890419006348,0.006043910980224609,0.0,0011000101001111,--++---+-+--++++,0,False,"[[0.000156, 65.83376564], [0.005279, 62.71590739], [0.005798, 61.23838602], [0.006044, 51.07438107]]",26,quantum,1,
precond_pen=1.200,16,-1.159488532890002,51.07438107428301,1.2,2,0.18372106552124023,0.004530191421508789,0.0,0011000101001111,--++---+-+--++++,0,False,"[[0.000151, 65.83376564], [0.004274, 61.48800609], [0.00453, 51.07438107]]",26,quantum,1,
precond_pen=1.300,16,-1.0894865794190016,51.07438107428301,1.3,2,0.12747597694396973,0.0057909488677978516,0.0,0011000101001111,--++---+-+--++++,0,False,"[[0.000159, 65.83376564], [0.005225, 58.1001933], [0.005791, 51.07438107]]",26,quantum,1,
precond_pen=1.400,16,-1.0321669411119956,51.07438107428301,1.4,2,0.14682292938232422,0.004383087158203125,0.0,1100111010110000,++--+++-+-++----,0,False,"[[0.000137, 65.83376564], [0.003921, 60.84954774], [0.004189, 60.70475234], [0.004383, 51.07438107]]",26,quantum,1,
precond_pen=1.500,16,-0.9843582842919973,51.07438107428301,1.5,2,0.12828493118286133,0.004889011383056641,0.0,0011000101001111,--++---+-+--++++,0,False,"[[0.000161, 65.83376564], [0.004683, 62.88152012], [0.004889, 51.07438107]]",26,quantum,1,
precond_pen=1.600,16,-0.9438676614720034,51.07438107428301,1.6,2,0.15676212310791016,0.005013942718505859,0.0,1100111010110000,++--+++-+-++----,0,False,"[[0.000157, 65.83376564], [0.004406, 61.4911586], [0.004795, 60.70475234], [0.005014, 51.07438107]]",26,quantum,1,
precond_pen=1.700,16,-0.9091296594319989,51.07438107428301,1.7,2,0.1620941162109375,0.004961967468261719,0.0,0011000101001111,--++---+-+--++++,0,False,"[[0.000154, 65.83376564], [0.004731, 62.17292905], [0.004962, 51.07438107]]",26,quantum,1,
precond_pen=1.800,16,-0.8789966812759991,51.07438107428301,1.8,2,0.11913108825683594,0.004803180694580078,0.0,0011000101001111,--++---+-+--++++,0,False,"[[0.00014, 65.83376564], [0.00457, 62.17292905], [0.004803, 51.07438107]]",26,quantum,1,
precond_pen=1.900,16,-0.852607810576,51.07438107428301,1.9,2,0.14560794830322266,0.004155874252319336,0.0,0011000101001111,--++---+-+--++++,0,False,"[[0.000131, 65.83376564], [0.003949, 62.17292905], [0.004156, 51.07438107]]",26,quantum,1,
precond_pen=2.000,16,-0.8293044071470002,51.07438107428301,2.0,2,0.1429119110107422,0.005216836929321289,0.0,0011000101001111,--++---+-+--++++,0,False,"[[0.000146, 65.83376564], [0.004921, 62.17292905], [0.005217, 51.07438107]]",26,quantum,1,
baseline,16,55.47288216266205,55.472882162661975,,2,0.1148529052734375,0.005362987518310547,0.0,1101011000101010,++-+-++---+-+-+-,0,False,"[[0.000169, 68.31728327], [0.00446, 66.70996593], [0.0048, 66.00453342], [0.005179, 65.18138276], [0.005363, 55.47288216]]",27,quantum,1,
precond_pen=1.100,16,-1.1379686277930041,55.472882162661975,1.1,2,0.21469402313232422,0.005151987075805664,0.0,1101011000101010,++-+-++---+-+-+-,0,False,"[[0.000167, 68.31728327], [0.004901, 68.06902113], [0.005152, 55.47288216]]",27,quantum,1,
precond_pen=1.200,16,-1.062873717943999,55.472882162661975,1.2,2,0.200531005859375,0.004615068435668945,0.0,1101011000101010,++-+-++---+-+-+-,0,False,"[[0.000147, 68.31728327], [0.004397, 68.06902113], [0.004615, 55.47288216]]",27,quantum,1,
precond_pen=1.300,16,-1.0027130474230024,55.472882162661975,1.3,2,0.2316591739654541,0.005416154861450195,0.0,1101011000101010,++-+-++---+-+-+-,0,False,"[[0.000157, 68.31728327], [0.005183, 68.06902113], [0.005416, 55.47288216]]",27,quantum,1,
precond_pen=1.400,16,-0.9534168519529977,55.472882162661975,1.4,2,0.2198038101196289,0.0042917728424072266,0.0,1101011000101010,++-+-++---+-+-+-,0,False,"[[0.000123, 68.31728327], [0.004086, 68.06902113], [0.004292, 55.47288216]]",27,quantum,1,
precond_pen=1.500,16,-0.9122746480980002,55.472882162661975,1.5,2,0.1753699779510498,0.0055348873138427734,0.0,1101011000101010,++-+-++---+-+-+-,0,False,"[[0.000155, 68.31728327], [0.005289, 68.06902113], [0.005535, 55.47288216]]",27,quantum,1,
precond_pen=1.600,16,-0.8774108438340011,55.472882162661975,1.6,2,0.2090909481048584,0.0039539337158203125,0.0,1101011000101010,++-+-++---+-+-+-,0,False,"[[0.000192, 68.31728327], [0.003793, 68.06902113], [0.003954, 55.47288216]]",27,quantum,1,
precond_pen=1.700,16,-0.8474855698419992,55.472882162661975,1.7,2,0.2400829792022705,0.0052928924560546875,0.0,1101011000101010,++-+-++---+-+-+-,0,False,"[[0.000148, 68.31728327], [0.005081, 68.06902113], [0.005293, 55.47288216]]",27,quantum,1,
precond_pen=1.800,16,-0.8215158062979997,55.472882162661975,1.8,2,0.2139449119567871,0.006502866744995117,0.0,1101011000101010,++-+-++---+-+-+-,0,False,"[[0.000214, 68.31728327], [0.00623, 68.06902113], [0.006503, 55.47288216]]",27,quantum,1,
precond_pen=1.900,16,-0.7987637276790043,55.472882162661975,1.9,2,0.26174402236938477,0.00459599494934082,0.0,1101011000101010,++-+-++---+-+-+-,0,False,"[[0.000141, 68.31728327], [0.004384, 68.06902113], [0.004596, 55.47288216]]",27,quantum,1,
precond_pen=2.000,16,-0.7786647645570062,55.472882162661975,2.0,2,0.2373199462890625,0.004467964172363281,0.0,1101011000101010,++-+-++---+-+-+-,0,False,"[[0.000132, 68.31728327], [0.004231, 68.06902113], [0.004468, 55.47288216]]",27,quantum,1,
baseline,16,59.10192928332397,59.10192928332398,,2,0.1065361499786377,0.004548072814941406,0.0,0000111101010110,----++++-+-+-++-,0,False,"[[0.000144, 72.09207676], [0.004271, 70.04628981], [0.004548, 59.10192928]]",28,quantum,1,
precond_pen=1.100,16,-1.2387203227040011,59.10192928332398,1.1,2,0.06136202812194824,0.0048542022705078125,0.0,1111000010101001,++++----+-+-+--+,0,False,"[[0.000145, 72.09207676], [0.004613, 70.72025398], [0.004854, 59.10192928]]",28,quantum,1,
precond_pen=1.200,16,-1.15030012139,59.10192928332398,1.2,2,0.11403203010559082,0.11159896850585938,0.0,1111000010101001,++++----+-+-+--+,0,False,"[[0.000156, 72.09207676], [0.004509, 64.94714319], [0.004931, 61.63492201], [0.111599, 59.10192928], [0.113456, 59.10192928]]",28,quantum,1,
precond_pen=1.300,16,-1.0798823860000013,59.10192928332398,1.3,2,0.13887691497802734,0.13485193252563477,0.0,0000111101010110,----++++-+-+-++-,0,False,"[[0.000158, 72.09207676], [0.00543, 65.98432175], [0.005703, 61.63492201], [0.134852, 59.10192928], [0.138242, 59.10192928]]",28,quantum,1,
precond_pen=1.400,16,-1.0224561126300014,59.10192928332398,1.4,2,0.0628969669342041,0.010467052459716797,0.0,1111000010101001,++++----+-+-+--+,0,False,"[[0.000168, 72.09207676], [0.005046, 68.38823683], [0.00564, 67.39203672], [0.005794, 61.63492201], [0.010467, 59.10192928]]",28,quantum,1,
precond_pen=1.500,16,-0.9747165410990029,59.10192928332398,1.5,2,0.07727694511413574,0.00433802604675293,0.0,1111000010101001,++++----+-+-+--+,0,False,"[[0.000136, 72.09207676], [0.004167, 70.72025398], [0.004338, 59.10192928]]",28,quantum,1,
precond_pen=1.600,16,-0.9343950109759973,59.10192928332398,1.6,2,0.05116415023803711,0.004572153091430664,0.0,0000111101010110,----++++-+-+-++-,0,False,"[[0.000146, 72.09207676], [0.00415, 65.67353852], [0.004572, 59.10192928]]",28,quantum,1,
precond_pen=1.700,16,-0.8998816274029995,59.10192928332398,1.7,2,0.05203986167907715,0.004698038101196289,0.0,1111000010101001,++++----+-+-+--+,0,False,"[[0.00014, 72.09207676], [0.004512, 70.72025398], [0.004698, 59.10192928]]",28,quantum,1,
precond_pen=1.800,16,-0.8700020761860037,59.10192928332398,1.8,2,0.07056593894958496,0.003849029541015625,0.0,1111000010101001,++++----+-+-+--+,0,False,"[[0.000125, 72.09207676], [0.003727, 70.72025398], [0.003849, 59.10192928]]",28,quantum,1,
precond_pen=1.900,16,-0.8438792694970028,59.10192928332398,1.9,2,0.06424188613891602,0.010545015335083008,0.0,1111000010101001,++++----+-+-+--+,0,False,"[[0.000143, 72.09207676], [0.004734, 64.94714319], [0.005175, 61.63492201], [0.010545, 59.10192928]]",28,quantum,1,
precond_pen=2.000,16,-0.8208450145739974,59.10192928332398,2.0,2,0.06307196617126465,0.0057392120361328125,0.0,1111000010101001,++++----+-+-+--+,0,False,"[[0.000162, 72.09207676], [0.00549, 70.72025398], [0.005739, 59.10192928]]",28,quantum,1,
baseline,16,51.01969925600298,51.019699256003015,,2,0.08960413932800293,0.0048220157623291016,0.0,0101111110000010,-+-++++++-----+-,0,False,"[[0.000154, 60.01319887], [0.004297, 59.47277317], [0.00462, 59.28158748], [0.004822, 51.01969926]]",29,quantum,1,
precond_pen=1.100,16,-1.1660316640240005,51.019699256003015,1.1,2,0.18296504020690918,0.00550389289855957,0.0,0101111110000010,-+-++++++-----+-,0,False,"[[0.000161, 60.01319887], [0.005253, 59.55461684], [0.005504, 51.01969926]]",29,quantum,1,
precond_pen=1.200,16,-1.0887296201370047,51.019699256003015,1.2,2,0.17602109909057617,0.012660026550292969,0.0,0101111110000010,-+-++++++-----+-,0,False,"[[0.000153, 60.01319887], [0.005022, 59.22648284], [0.005239, 53.00953685], [0.01266, 51.01969926]]",29,quantum,1,
precond_pen=1.300,16,-1.0266416324140017,51.019699256003015,1.3,2,0.21190690994262695,0.01240682601928711,0.0,0101111110000010,-+-++++++-----+-,0,False,"[[0.000132, 60.01319887], [0.00447, 59.67908021], [0.004686, 53.20751646], [0.012407, 51.01969926]]",29,quantum,1,
precond_pen=1.400,16,-0.9756620397080003,51.019699256003015,1.4,2,0.2128920555114746,0.012885093688964844,0.0,0101111110000010,-+-++++++-----+-,0,False,"[[0.000154, 60.01319887], [0.005154, 59.81580565], [0.005406, 53.20751646], [0.012885, 51.01969926]]",29,quantum,1,
precond_pen=1.500,16,-0.9330438140309978,51.019699256003015,1.5,2,0.17572808265686035,0.01211094856262207,0.0,0101111110000010,-+-++++++-----+-,0,False,"[[0.000162, 60.01319887], [0.00538, 55.82254247], [0.005667, 53.00953685], [0.012111, 51.01969926]]",29,quantum,1,
precond_pen=1.600,16,-0.8968789557730013,51.019699256003015,1.6,2,0.17383313179016113,0.012082099914550781,0.0,0101111110000010,-+-++++++-----+-,0,False,"[[0.000146, 60.01319887], [0.004806, 53.178413], [0.005003, 53.00953685], [0.012082, 51.01969926]]",29,quantum,1,
precond_pen=1.700,16,-0.8658003855669998,51.019699256003015,1.7,2,0.1698589324951172,0.011506080627441406,0.0,0101111110000010,-+-++++++-----+-,0,False,"[[0.000136, 60.01319887], [0.004628, 59.58627932], [0.004848, 53.00953685], [0.011506, 51.01969926]]",29,quantum,1,
precond_pen=1.800,16,-0.8388025474860008,51.019699256003015,1.8,2,0.21396303176879883,0.01288604736328125,0.0,0101111110000010,-+-++++++-----+-,0,False,"[[0.000148, 60.01319887], [0.00496, 58.74363538], [0.005227, 53.00953685], [0.012886, 51.01969926]]",29,quantum,1,
precond_pen=1.900,16,-0.815129149026002,51.019699256003015,1.9,2,0.23237109184265137,0.011677980422973633,0.0,0101111110000010,-+-++++++-----+-,0,False,"[[0.000167, 60.01319887], [0.005384, 58.74363538], [0.00566, 53.00953685], [0.011678, 51.01969926]]",29,quantum,1,
precond_pen=2.000,16,-0.7942002056849988,51.019699256003015,2.0,2,0.16095399856567383,0.013950824737548828,0.0,0101111110000010,-+-++++++-----+-,0,False,"[[0.000168, 60.01319887], [0.005881, 58.74363538], [0.00705, 53.00953685], [0.013951, 51.01969926]]",29,quantum,1,
baseline,16,54.90713725593096,54.907137255931005,,2,0.10408806800842285,0.004496097564697266,0.0,0101100010100111,-+-++---+-+--+++,0,False,"[[0.000154, 68.38602335], [0.004496, 54.90713726]]",30,quantum,1,
precond_pen=1.100,16,-1.1725661487130044,54.907137255931005,1.1,2,0.1564159393310547,0.005242109298706055,0.0,1010011101011000,+-+--+++-+-++---,0,False,"[[0.000152, 68.38602335], [0.005014, 64.35114305], [0.005242, 54.90713726]]",30,quantum,1,
precond_pen=1.200,16,-1.0930874954930028,54.907137255931005,1.2,2,0.18553805351257324,0.005926847457885742,0.0,0101100010100111,-+-++---+-+--+++,0,False,"[[0.000164, 68.38602335], [0.005476, 61.72008744], [0.005927, 54.90713726]]",30,quantum,1,
precond_pen=1.300,16,-1.0295063545220016,54.907137255931005,1.3,2,0.17349004745483398,0.005660057067871094,0.0,1010011101011000,+-+--+++-+-++---,0,False,"[[0.00017, 68.38602335], [0.005449, 65.95966218], [0.00566, 54.90713726]]",30,quantum,1,
precond_pen=1.400,16,-0.9774705622000006,54.907137255931005,1.4,2,0.23895907402038574,0.006576061248779297,0.0,1010011101011000,+-+--+++-+-++---,0,False,"[[0.000169, 68.38602335], [0.005475, 64.87699468], [0.006022, 63.58133185], [0.006405, 62.84700714], [0.006576, 54.90713726]]",30,quantum,1,
precond_pen=1.500,16,-0.934087249022002,54.907137255931005,1.5,2,0.17325520515441895,0.005307197570800781,0.0,1010011101011000,+-+--+++-+-++---,0,False,"[[0.000155, 68.38602335], [0.005082, 65.70080642], [0.005307, 54.90713726]]",30,quantum,1,
precond_pen=1.600,16,-0.8973575222839987,54.907137255931005,1.6,2,0.16466593742370605,0.005540132522583008,0.0,0101100010100111,-+-++---+-+--+++,0,False,"[[0.000143, 68.38602335], [0.004707, 62.83889225], [0.005225, 62.58781768], [0.00554, 54.90713726]]",30,quantum,1,
precond_pen=1.700,16,-0.8658555946669999,54.907137255931005,1.7,2,0.14921903610229492,0.005411863327026367,0.0,1010011101011000,+-+--+++-+-++---,0,False,"[[0.000147, 68.38602335], [0.005213, 65.70080642], [0.005412, 54.90713726]]",30,quantum,1,
precond_pen=1.800,16,-0.8385366486780033,54.907137255931005,1.8,2,0.19617104530334473,0.004550933837890625,0.0,0101100010100111,-+-++---+-+--+++,0,False,"[[0.000129, 68.38602335], [0.003884, 62.83889225], [0.004272, 62.58781768], [0.004551, 54.90713726]]",30,quantum,1,
precond_pen=1.900,16,-0.8146175248040013,54.907137255931005,1.9,2,0.2120201587677002,0.00574803352355957,0.0,0101100010100111,-+-++---+-+--+++,0,False,"[[0.000153, 68.38602335], [0.005471, 65.34268713], [0.005748, 54.90713726]]",30,quantum,1,
precond_pen=2.000,16,-0.7934993204669984,54.907137255931005,2.0,2,0.16055893898010254,0.0051419734954833984,0.0,0101100010100111,-+-++---+-+--+++,0,False,"[[0.00016, 68.38602335], [0.004898, 65.34268713], [0.005142, 54.90713726]]",30,quantum,1,
baseline,16,55.00379766133802,55.003797661338,,2,0.2539069652557373,0.12195992469787598,0.0,0010110101110100,--+-++-+-+++-+--,0,False,"[[0.000154, 70.79056208], [0.004843, 67.02215949], [0.005033, 55.63139223], [0.018249, 55.10047494], [0.12196, 55.00379766], [0.252345, 55.00379766]]",31,quantum,1,
precond_pen=1.100,16,-1.0651333438499968,55.003797661338,1.1,2,0.20041108131408691,0.006269931793212891,0.0,1101001010001011,++-+--+-+---+-++,0,False,"[[0.000166, 70.79056208], [0.005924, 58.3652328], [0.00627, 55.00379766]]",31,quantum,1,
precond_pen=1.200,16,-0.998459667984001,55.003797661338,1.2,2,0.21585392951965332,0.0056591033935546875,0.0,1101001010001011,++-+--+-+---+-++,0,False,"[[0.000171, 70.79056208], [0.005415, 64.23797576], [0.005659, 55.00379766]]",31,quantum,1,
precond_pen=1.300,16,-0.9449693182929995,55.003797661338,1.3,2,0.2223219871520996,0.0057141780853271484,0.0,1101001010001011,++-+--+-+---+-++,0,False,"[[0.000146, 70.79056208], [0.005477, 64.23797576], [0.005714, 55.00379766]]",31,quantum,1,
precond_pen=1.400,16,-0.9010886995260003,55.003797661338,1.4,2,0.2080681324005127,0.005414009094238281,0.0,1101001010001011,++-+--+-+---+-++,0,False,"[[0.000169, 70.79056208], [0.005198, 64.23797576], [0.005414, 55.00379766]]",31,quantum,1,
precond_pen=1.500,16,-0.8644320241419994,55.003797661338,1.5,2,0.1972060203552246,0.006273984909057617,0.0,1101001010001011,++-+--+-+---+-++,0,False,"[[0.000172, 70.79056208], [0.006009, 60.18192093], [0.006274, 55.00379766]]",31,quantum,1,
precond_pen=1.600,16,-0.8333447779830001,55.003797661338,1.6,2,0.19883990287780762,0.004949092864990234,0.0,1101001010001011,++-+--+-+---+-++,0,False,"[[0.00014, 70.79056208], [0.004781, 59.52080269], [0.004949, 55.00379766]]",31,quantum,1,
precond_pen=1.700,16,-0.8066430933109983,55.003797661338,1.7,2,0.18755197525024414,0.005964994430541992,0.0,1101001010001011,++-+--+-+---+-++,0,False,"[[0.000157, 70.79056208], [0.005749, 60.4209243], [0.005965, 55.00379766]]",31,quantum,1,
precond_pen=1.800,16,-0.7834572323619966,55.003797661338,1.8,2,0.1951920986175537,0.005700111389160156,0.0,1101001010001011,++-+--+-+---+-++,0,False,"[[0.000155, 70.79056208], [0.005518, 60.4209243], [0.0057, 55.00379766]]",31,quantum,1,
precond_pen=1.900,16,-0.7631338285840013,55.003797661338,1.9,2,0.21264195442199707,0.005930900573730469,0.0,1101001010001011,++-+--+-+---+-++,0,False,"[[0.000175, 70.79056208], [0.005704, 60.4209243], [0.005931, 55.00379766]]",31,quantum,1,
precond_pen=2.000,16,-0.7451722286679976,55.003797661338,2.0,2,0.16156387329101562,0.005386829376220703,0.0,1101001010001011,++-+--+-+---+-++,0,False,"[[0.000145, 70.79056208], [0.005178, 60.4209243], [0.005387, 55.00379766]]",31,quantum,1,
baseline,16,54.575011453616995,54.57501145361701,,2,0.22568011283874512,0.004541158676147461,0.0,0101011010110100,-+-+-++-+-++-+--,0,False,"[[0.000143, 70.50954653], [0.00438, 67.16312832], [0.004541, 54.57501145]]",32,quantum,1,
precond_pen=1.100,16,-1.100286417222999,54.57501145361701,1.1,2,0.230849027633667,0.0060482025146484375,0.0,1010100101001011,+-+-+--+-+--+-++,0,False,"[[0.000164, 70.50954653], [0.005811, 62.22299006], [0.006048, 54.57501145]]",32,quantum,1,
precond_pen=1.200,16,-1.0294014976129997,54.57501145361701,1.2,2,0.21612215042114258,0.006177186965942383,0.0,1010100101001011,+-+-+--+-+--+-++,0,False,"[[0.000167, 70.50954653], [0.005904, 62.76649246], [0.006177, 54.57501145]]",32,quantum,1,
precond_pen=1.300,16,-0.972589730974998,54.57501145361701,1.3,2,0.22255587577819824,0.0059070587158203125,0.0,1010100101001011,+-+-+--+-+--+-++,0,False,"[[0.000183, 70.50954653], [0.00567, 60.52021974], [0.005907, 54.57501145]]",32,quantum,1,
precond_pen=1.400,16,-0.9260238842499975,54.57501145361701,1.4,2,0.20192193984985352,0.012578010559082031,0.0,0101011010110100,-+-+-++-+-++-+--,0,False,"[[0.000192, 70.50954653], [0.005643, 65.01484637], [0.00618, 63.16918688], [0.006598, 62.01558526], [0.006825, 54.66568214], [0.012578, 54.57501145]]",32,quantum,1,
precond_pen=1.500,16,-0.887152222372003,54.57501145361701,1.5,2,0.18010592460632324,0.013273000717163086,0.0,0101011010110100,-+-+-++-+-++-+--,0,False,"[[0.000172, 70.50954653], [0.005771, 63.80624966], [0.006318, 63.16918688], [0.006743, 62.01558526], [0.006992, 54.66568214], [0.013273, 54.57501145]]",32,quantum,1,
precond_pen=1.600,16,-0.8542073563080006,54.57501145361701,1.6,2,0.18379497528076172,0.005258083343505859,0.0,1010100101001011,+-+-+--+-+--+-++,0,False,"[[0.00017, 70.50954653], [0.005047, 66.0256466], [0.005258, 54.57501145]]",32,quantum,1,
precond_pen=1.700,16,-0.8259259154450023,54.57501145361701,1.7,2,0.1980760097503662,0.011020898818969727,0.0,1010100101001011,+-+-+--+-+--+-++,0,False,"[[0.00015, 70.50954653], [0.004774, 62.01558526], [0.004983, 54.66568214], [0.011021, 54.57501145]]",32,quantum,1,
precond_pen=1.800,16,-0.8013806131789982,54.57501145361701,1.8,2,0.19403505325317383,0.005820035934448242,0.0,0101011010110100,-+-+-++-+-++-+--,0,False,"[[0.000178, 70.50954653], [0.005592, 65.75530876], [0.00582, 54.57501145]]",32,quantum,1,
precond_pen=1.900,16,-0.7798749991479976,54.57501145361701,1.9,2,0.19919085502624512,0.013987064361572266,0.0,1010100101001011,+-+-+--+-+--+-++,0,False,"[[0.000158, 70.50954653], [0.005744, 62.22299006], [0.005984, 54.66568214], [0.013987, 54.57501145]]",32,quantum,1,
precond_pen=2.000,16,-0.7608762074580016,54.57501145361701,2.0,2,0.20297622680664062,0.01380300521850586,0.0,1010100101001011,+-+-+--+-+--+-++,0,False,"[[0.000179, 70.50954653], [0.006183, 62.22299006], [0.006435, 54.66568214], [0.013803, 54.57501145]]",32,quantum,1,
baseline,16,51.023124532018954,51.02312453201898,,2,0.11116409301757812,0.00551295280456543,0.0,1101011101000100,++-+-+++-+---+--,0,False,"[[0.000157, 61.51487656], [0.005513, 51.02312453]]",33,quantum,1,
precond_pen=1.100,16,-1.1287826881600012,51.02312453201898,1.1,2,0.14632701873779297,0.005882978439331055,0.0,1101011101000100,++-+-+++-+---+--,0,False,"[[0.000153, 61.51487656], [0.005457, 55.6202878], [0.005883, 51.02312453]]",33,quantum,1,
precond_pen=1.200,16,-1.0556231388459985,51.02312453201898,1.2,2,0.15807008743286133,0.013345003128051758,0.0,0010100010111011,--+-+---+-+++-++,0,False,"[[0.000173, 61.51487656], [0.006457, 58.30015865], [0.006769, 51.08263394], [0.013345, 51.02312453]]",33,quantum,1,
precond_pen=1.300,16,-0.9968249329979981,51.02312453201898,1.3,2,0.16881608963012695,0.13899993896484375,0.0,1101011101000100,++-+-+++-+---+--,0,False,"[[0.000142, 61.51487656], [0.005285, 59.00347009], [0.005545, 53.42137744], [0.012036, 51.08263394], [0.139, 51.02312453]]",33,quantum,1,
precond_pen=1.400,16,-0.9485244182049994,51.02312453201898,1.4,2,0.1642451286315918,0.012118101119995117,0.0,0010100010111011,--+-+---+-+++-++,0,False,"[[0.000142, 61.51487656], [0.005469, 59.00347009], [0.005703, 53.42137744], [0.012008, 52.66685801], [0.012118, 51.02312453]]",33,quantum,1,
precond_pen=1.500,16,-0.9081326172390032,51.02312453201898,1.5,2,0.1273341178894043,0.013698101043701172,0.0,0010100010111011,--+-+---+-+++-++,0,False,"[[0.000178, 61.51487656], [0.006218, 61.07510677], [0.006765, 58.82497091], [0.00729, 58.14836605], [0.007505, 53.42137744], [0.013493, 52.66685801], [0.013698, 51.02312453]]",33,quantum,1,
precond_pen=1.600,16,-0.8738490222769979,51.02312453201898,1.6,2,0.17968297004699707,0.011383056640625,0.0,0010100010111011,--+-+---+-+++-++,0,False,"[[0.000131, 61.51487656], [0.004683, 54.9982635], [0.004861, 51.08263394], [0.011383, 51.02312453]]",33,quantum,1,
precond_pen=1.700,16,-0.8443821156610047,51.02312453201898,1.7,2,0.2079939842224121,0.011001110076904297,0.0,1101011101000100,++-+-+++-+---+--,0,False,"[[0.000129, 61.51487656], [0.005107, 60.60303399], [0.00553, 58.82497091], [0.005802, 53.42137744], [0.011001, 51.02312453]]",33,quantum,1,
precond_pen=1.800,16,-0.8187811237830012,51.02312453201898,1.8,2,0.14935708045959473,0.09341692924499512,0.0,0010100010111011,--+-+---+-+++-++,0,False,"[[0.000131, 61.51487656], [0.004885, 55.00495826], [0.005074, 51.08263394], [0.093417, 51.02312453]]",33,quantum,1,
precond_pen=1.900,16,-0.796330666191996,51.02312453201898,1.9,2,0.20234990119934082,0.1402568817138672,0.0,0010100010111011,--+-+---+-+++-++,0,False,"[[0.000186, 61.51487656], [0.006394, 55.00495826], [0.006699, 51.08263394], [0.140257, 51.02312453]]",33,quantum,1,
precond_pen=2.000,16,-0.7764817442199972,51.02312453201898,2.0,2,0.2007601261138916,0.17204594612121582,0.0,0010100010111011,--+-+---+-+++-++,0,False,"[[0.000123, 61.51487656], [0.004369, 60.60303399], [0.004699, 58.82497091], [0.005008, 55.00495826], [0.005157, 51.08263394], [0.172046, 51.02312453]]",33,quantum,1,
baseline,16,55.64204311779201,55.642043117792014,,2,0.11772298812866211,0.019488811492919922,0.0,0101111000110010,-+-++++---++--+-,0,False,"[[0.000174, 67.82714401], [0.005799, 66.29366424], [0.006082, 57.66067582], [0.019489, 55.64204312]]",34,quantum,1,
precond_pen=1.100,16,-1.1779254209579983,55.642043117792014,1.1,2,0.19475388526916504,0.1042020320892334,0.0,1010000111001101,+-+----+++--++-+,0,False,"[[0.000166, 67.82714401], [0.005711, 66.6218566], [0.006303, 65.94425916], [0.006948, 60.84735253], [0.007202, 56.66330573], [0.104202, 55.64204312]]",34,quantum,1,
precond_pen=1.200,16,-1.0978012211609984,55.642043117792014,1.2,2,0.19518709182739258,0.013278007507324219,0.0,0101111000110010,-+-++++---++--+-,0,False,"[[0.000148, 67.82714401], [0.005631, 66.6218566], [0.006126, 65.94425916], [0.006574, 63.88430783], [0.006771, 56.66330573], [0.013278, 55.64204312]]",34,quantum,1,
precond_pen=1.300,16,-1.0337268139759965,55.642043117792014,1.3,2,0.22248315811157227,0.013653993606567383,0.0,0101111000110010,-+-++++---++--+-,0,False,"[[0.000189, 67.82714401], [0.006915, 63.88430783], [0.007237, 56.66330573], [0.013654, 55.64204312]]",34,quantum,1,
precond_pen=1.400,16,-0.9813004047109972,55.642043117792014,1.4,2,0.19727802276611328,0.012326955795288086,0.0,0101111000110010,-+-++++---++--+-,0,False,"[[0.000157, 67.82714401], [0.005961, 65.5275341], [0.006245, 56.66330573], [0.012327, 55.64204312]]",34,quantum,1,
precond_pen=1.500,16,-0.9375988255359982,55.642043117792014,1.5,2,0.18497514724731445,0.013189077377319336,0.0,0101111000110010,-+-++++---++--+-,0,False,"[[0.00016, 67.82714401], [0.006394, 65.5275341], [0.006624, 56.66330573], [0.013189, 55.64204312]]",34,quantum,1,
precond_pen=1.600,16,-0.9006039935819992,55.642043117792014,1.6,2,0.17917609214782715,0.013985157012939453,0.0,0101111000110010,-+-++++---++--+-,0,False,"[[0.000152, 67.82714401], [0.006388, 65.5275341], [0.006662, 56.66330573], [0.013985, 55.64204312]]",34,quantum,1,
precond_pen=1.700,16,-0.8688770846830005,55.642043117792014,1.7,2,0.1913919448852539,0.013461828231811523,0.0,0101111000110010,-+-++++---++--+-,0,False,"[[0.00015, 67.82714401], [0.005966, 65.5275341], [0.006216, 56.66330573], [0.013462, 55.64204312]]",34,quantum,1,
precond_pen=1.800,16,-0.8413645628710054,55.642043117792014,1.8,2,0.18887996673583984,0.01404881477355957,0.0,0101111000110010,-+-++++---++--+-,0,False,"[[0.000164, 67.82714401], [0.005939, 65.5275341], [0.006185, 56.66330573], [0.014049, 55.64204312]]",34,quantum,1,
precond_pen=1.900,16,-0.8172767048660008,55.642043117792014,1.9,2,0.18940210342407227,0.01291513442993164,0.0,0101111000110010,-+-++++---++--+-,0,False,"[[0.000159, 67.82714401], [0.006192, 65.5275341], [0.006436, 56.66330573], [0.012915, 55.64204312]]",34,quantum,1,
precond_pen=2.000,16,-0.7960099198029988,55.642043117792014,2.0,2,0.18008708953857422,0.013690948486328125,0.0,0101111000110010,-+-++++---++--+-,0,False,"[[0.000147, 67.82714401], [0.006003, 65.5275341], [0.006245, 56.66330573], [0.013691, 55.64204312]]",34,quantum,1,
baseline,16,50.319911238606,50.319911238606,,2,0.20479798316955566,0.005735874176025391,0.0,0100111000001111,-+--+++-----++++,0,False,"[[0.000167, 62.67728118], [0.005249, 58.12500321], [0.005736, 50.31991124]]",35,quantum,1,
precond_pen=1.100,16,-1.1298245594540006,50.319911238606,1.1,2,0.16999602317810059,0.012459993362426758,0.0,0100111000001111,-+--+++-----++++,0,False,"[[0.000173, 62.67728118], [0.005931, 58.29059361], [0.006202, 51.56981889], [0.01246, 50.31991124]]",35,quantum,1,
precond_pen=1.200,16,-1.0567270545200014,50.319911238606,1.2,2,0.1821119785308838,0.013113021850585938,0.0,1011000111110000,+-++---+++++----,0,False,"[[0.00017, 62.67728118], [0.006268, 62.22242342], [0.006525, 51.56981889], [0.013113, 50.31991124]]",35,quantum,1,
precond_pen=1.300,16,-0.9979587643439993,50.319911238606,1.3,2,0.1886909008026123,0.18661284446716309,0.0,0100111000001111,-+--+++-----++++,0,False,"[[0.00015, 62.67728118], [0.005389, 59.9134798], [0.005599, 51.56981889], [0.012606, 51.47748928], [0.186613, 50.31991124], [0.1875, 50.31991124]]",35,quantum,1,
precond_pen=1.400,16,-0.9496681122179993,50.319911238606,1.4,2,0.20079708099365234,0.0068359375,0.0,0100111000001111,-+--+++-----++++,0,False,"[[0.000184, 62.67728118], [0.00661, 55.62789362], [0.006836, 50.31991124]]",35,quantum,1,
precond_pen=1.500,16,-0.9092733437560021,50.319911238606,1.5,2,0.1639878749847412,0.12491202354431152,0.0,0100111000001111,-+--+++-----++++,0,False,"[[0.000188, 62.67728118], [0.006605, 62.24149603], [0.006949, 51.56981889], [0.124912, 50.31991124]]",35,quantum,1,
precond_pen=1.600,16,-0.8749782707769969,50.319911238606,1.6,2,0.24090099334716797,0.006064891815185547,0.0,1011000111110000,+-++---+++++----,0,False,"[[0.000137, 62.67728118], [0.005784, 58.08219384], [0.006065, 50.31991124]]",35,quantum,1,
precond_pen=1.700,16,-0.8454946416360016,50.319911238606,1.7,2,0.22257494926452637,0.005691051483154297,0.0,1011000111110000,+-++---+++++----,0,False,"[[0.00019, 62.67728118], [0.00488, 61.92977755], [0.005298, 59.95253945], [0.005526, 58.08219384], [0.005691, 50.31991124]]",35,quantum,1,
precond_pen=1.800,16,-0.8198735195720008,50.319911238606,1.8,2,0.19991207122802734,0.006555080413818359,0.0,1011000111110000,+-++---+++++----,0,False,"[[0.000165, 62.67728118], [0.006285, 58.08219384], [0.006555, 50.31991124]]",35,quantum,1,
precond_pen=1.900,16,-0.7974006934070008,50.319911238606,1.9,2,0.19892406463623047,0.0063860416412353516,0.0,1011000111110000,+-++---+++++----,0,False,"[[0.000174, 62.67728118], [0.00616, 58.08219384], [0.006386, 50.31991124]]",35,quantum,1,
precond_pen=2.000,16,-0.7775283220209968,50.319911238606,2.0,2,0.2817869186401367,0.014430046081542969,0.0,1011000111110000,+-++---+++++----,0,False,"[[0.000774, 62.67728118], [0.01364, 58.08219384], [0.01443, 50.31991124]]",35,quantum,1,
baseline,16,49.03036796241597,49.030367962415966,,2,0.15618205070495605,0.0064198970794677734,0.0,1001110000001111,+--+++------++++,0,False,"[[0.000209, 60.3179802], [0.006095, 60.20521594], [0.00642, 49.03036796]]",36,quantum,1,
precond_pen=1.100,16,-1.1403471446630054,49.030367962415966,1.1,2,0.21054816246032715,0.00634002685546875,0.0,0110001111110000,-++---++++++----,0,False,"[[0.000177, 60.3179802], [0.006093, 55.03334625], [0.00634, 49.03036796]]",36,quantum,1,
precond_pen=1.200,16,-1.0671934361569972,49.030367962415966,1.2,2,0.21935606002807617,0.006033897399902344,0.0,0110001111110000,-++---++++++----,0,False,"[[0.000171, 60.3179802], [0.005795, 55.03334625], [0.006034, 49.03036796]]",36,quantum,1,
precond_pen=1.300,16,-1.0081854737790055,49.030367962415966,1.3,2,0.20856285095214844,0.0060498714447021484,0.0,0110001111110000,-++---++++++----,0,False,"[[0.000159, 60.3179802], [0.005781, 55.03334625], [0.00605, 49.03036796]]",36,quantum,1,
precond_pen=1.400,16,-0.959568645122995,49.030367962415966,1.4,2,0.20021605491638184,0.00611114501953125,0.0,0110001111110000,-++---++++++----,0,False,"[[0.000154, 60.3179802], [0.005849, 56.69218295], [0.006111, 49.03036796]]",36,quantum,1,
precond_pen=1.500,16,-0.9188118444300013,49.030367962415966,1.5,2,0.2079169750213623,0.005747079849243164,0.0,0110001111110000,-++---++++++----,0,False,"[[0.00016, 60.3179802], [0.00544, 57.82809184], [0.005747, 49.03036796]]",36,quantum,1,
precond_pen=1.600,16,-0.884146142055001,49.030367962415966,1.6,2,0.20314812660217285,0.00605010986328125,0.0,0110001111110000,-++---++++++----,0,False,"[[0.000149, 60.3179802], [0.005827, 56.69218295], [0.00605, 49.03036796]]",36,quantum,1,
precond_pen=1.700,16,-0.8542974949000008,49.030367962415966,1.7,2,0.18993186950683594,0.0063250064849853516,0.0,0110001111110000,-++---++++++----,0,False,"[[0.000166, 60.3179802], [0.006102, 56.69218295], [0.006325, 49.03036796]]",36,quantum,1,
precond_pen=1.800,16,-0.828324583857003,49.030367962415966,1.8,2,0.18735098838806152,0.006215095520019531,0.0,0110001111110000,-++---++++++----,0,False,"[[0.000182, 60.3179802], [0.005925, 56.69218295], [0.006215, 49.03036796]]",36,quantum,1,
precond_pen=1.900,16,-0.8055169491870009,49.030367962415966,1.9,2,0.22054696083068848,0.00488591194152832,0.0,0110001111110000,-++---++++++----,0,False,"[[0.000157, 60.3179802], [0.004738, 56.69218295], [0.004886, 49.03036796]]",36,quantum,1,
precond_pen=2.000,16,-0.7853280628839974,49.030367962415966,2.0,2,0.21488189697265625,0.006234884262084961,0.0,0110001111110000,-++---++++++----,0,False,"[[0.000169, 60.3179802], [0.006016, 56.69218295], [0.006235, 49.03036796]]",36,quantum,1,
baseline,16,50.27446762025803,50.274467620257944,,2,0.20602011680603027,0.0062830448150634766,0.0,1110110100100001,+++-++-+--+----+,0,False,"[[0.000184, 60.68418953], [0.005964, 60.56254765], [0.006283, 50.27446762]]",37,quantum,1,
precond_pen=1.100,16,-1.051604575732,50.274467620257944,1.1,2,0.19054698944091797,0.013230085372924805,0.0,1110110100100001,+++-++-+--+----+,0,False,"[[0.000157, 60.68418953], [0.005286, 59.56769681], [0.005517, 51.16247544], [0.01323, 50.27446762]]",37,quantum,1,
precond_pen=1.200,16,-0.9877729324029962,50.274467620257944,1.2,2,0.23004698753356934,0.012401103973388672,0.0,1110110100100001,+++-++-+--+----+,0,False,"[[0.000166, 60.68418953], [0.005653, 55.81468904], [0.005893, 51.16247544], [0.012401, 50.27446762]]",37,quantum,1,
precond_pen=1.300,16,-0.9363154605130015,50.274467620257944,1.3,2,0.22163105010986328,0.013773918151855469,0.0,1110110100100001,+++-++-+--+----+,0,False,"[[0.00016, 60.68418953], [0.005857, 57.80165511], [0.006059, 52.17823743], [0.013774, 50.27446762]]",37,quantum,1,
precond_pen=1.400,16,-0.893939031416001,50.274467620257944,1.4,2,0.24555110931396484,0.014756202697753906,0.0,1110110100100001,+++-++-+--+----+,0,False,"[[0.000177, 60.68418953], [0.006273, 56.88720417], [0.006578, 51.31505693], [0.014756, 50.27446762]]",37,quantum,1,
precond_pen=1.500,16,-0.8584262781540009,50.274467620257944,1.5,2,0.22231316566467285,0.01371312141418457,0.0,1110110100100001,+++-++-+--+----+,0,False,"[[0.000158, 60.68418953], [0.006764, 55.96163808], [0.007111, 51.31505693], [0.013713, 50.27446762]]",37,quantum,1,
precond_pen=1.600,16,-0.8282292193019947,50.274467620257944,1.6,2,0.1726090908050537,0.012827157974243164,0.0,1110110100100001,+++-++-+--+----+,0,False,"[[0.000179, 60.68418953], [0.006025, 55.96163808], [0.006323, 51.31505693], [0.012827, 50.27446762]]",37,quantum,1,
precond_pen=1.700,16,-0.8022338790050014,50.274467620257944,1.7,2,0.19930100440979004,0.012809991836547852,0.0,1110110100100001,+++-++-+--+----+,0,False,"[[0.000154, 60.68418953], [0.005775, 55.96163808], [0.005979, 51.31505693], [0.01281, 50.27446762]]",37,quantum,1,
precond_pen=1.800,16,-0.7796178753160055,50.274467620257944,1.8,2,0.23267483711242676,0.013345003128051758,0.0,1110110100100001,+++-++-+--+----+,0,False,"[[0.000164, 60.68418953], [0.006238, 59.67154278], [0.006484, 51.16247544], [0.013345, 50.27446762]]",37,quantum,1,
precond_pen=1.900,16,-0.759760852462005,50.274467620257944,1.9,2,0.20082306861877441,0.012521028518676758,0.0,1110110100100001,+++-++-+--+----+,0,False,"[[0.000162, 60.68418953], [0.006124, 55.81468904], [0.006448, 51.16247544], [0.012521, 50.27446762]]",37,quantum,1,
precond_pen=2.000,16,-0.7421856334009975,50.274467620257944,2.0,2,0.20544219017028809,0.012634992599487305,0.0,1110110100100001,+++-++-+--+----+,0,False,"[[0.000172, 60.68418953], [0.005913, 56.88720417], [0.006198, 51.31505693], [0.012635, 50.27446762]]",37,quantum,1,
baseline,16,48.92007484624299,48.920074846243,,2,0.15543007850646973,0.019567012786865234,0.0,1001010011100011,+--+-+--+++---++,0,False,"[[0.000197, 53.23242293], [0.004966, 49.2276037], [0.019567, 48.92007485]]",38,quantum,1,
precond_pen=1.100,16,-1.0512088516789992,48.920074846243,1.1,2,0.19751596450805664,0.014180898666381836,0.0,0110101100011100,-++-+-++---+++--,0,False,"[[0.000155, 53.23242293], [0.006172, 49.2276037], [0.014181, 48.92007485]]",38,quantum,1,
precond_pen=1.200,16,-0.9878593407690026,48.920074846243,1.2,2,0.1976919174194336,0.013457059860229492,0.0,0110101100011100,-++-+-++---+++--,0,False,"[[0.000168, 53.23242293], [0.005908, 49.2276037], [0.013457, 48.92007485]]",38,quantum,1,
precond_pen=1.300,16,-0.9367125066640041,48.920074846243,1.3,2,0.1926589012145996,0.18791699409484863,0.0,0110101100011100,-++-+-++---+++--,0,False,"[[0.000182, 53.23242293], [0.00601, 49.2276037], [0.15409, 49.1655569], [0.187917, 48.92007485], [0.191239, 48.92007485]]",38,quantum,1,
precond_pen=1.400,16,-0.8945395061359953,48.920074846243,1.4,2,0.2573981285095215,0.24896502494812012,0.0,1001010011100011,+--+-+--+++---++,0,False,"[[0.000179, 53.23242293], [0.006452, 49.2276037], [0.248965, 48.92007485], [0.255941, 48.92007485]]",38,quantum,1,
precond_pen=1.500,16,-0.8591610090459962,48.920074846243,1.5,2,0.21794795989990234,0.11385083198547363,0.0,0110101100011100,-++-+-++---+++--,0,False,"[[0.000156, 53.23242293], [0.005832, 49.2276037], [0.113399, 49.13799309], [0.113851, 48.92007485]]",38,quantum,1,
precond_pen=1.600,16,-0.8290521789000005,48.920074846243,1.6,2,0.2157580852508545,0.006533145904541016,0.0,1001010011100011,+--+-+--+++---++,0,False,"[[0.000154, 53.23242293], [0.006228, 51.96804425], [0.006533, 48.92007485]]",38,quantum,1,
precond_pen=1.700,16,-0.803113722972002,48.920074846243,1.7,2,0.2136249542236328,0.21001601219177246,0.0,1001010011100011,+--+-+--+++---++,0,False,"[[0.000148, 53.23242293], [0.004927, 49.2276037], [0.169067, 49.13799309], [0.210016, 48.92007485], [0.212255, 48.92007485]]",38,quantum,1,
precond_pen=1.800,16,-0.7805330126569991,48.920074846243,1.8,2,0.19203495979309082,0.0059871673583984375,0.0,0110101100011100,-++-+-++---+++--,0,False,"[[0.000145, 53.23242293], [0.005787, 50.71358707], [0.005987, 48.92007485]]",38,quantum,1,
precond_pen=1.900,16,-0.760696036598004,48.920074846243,1.9,2,0.15836596488952637,0.06659197807312012,0.0,0110101100011100,-++-+-++---+++--,0,False,"[[0.000168, 53.23242293], [0.005643, 49.2276037], [0.066592, 48.92007485]]",38,quantum,1,
precond_pen=2.000,16,-0.743130209613005,48.920074846243,2.0,2,0.21499300003051758,0.10790896415710449,0.0,0110101100011100,-++-+-++---+++--,0,False,"[[0.000156, 53.23242293], [0.005897, 49.2276037], [0.107909, 48.92007485]]",38,quantum,1,
baseline,16,52.73576775703898,52.735767757039,,2,0.19454121589660645,0.018696069717407227,0.0,1000011011010011,+----++-++-+--++,0,False,"[[0.000165, 63.01236036], [0.004991, 55.72869612], [0.018696, 52.73576776]]",39,quantum,1,
precond_pen=1.100,16,-1.165045679473998,52.735767757039,1.1,2,0.2061610221862793,0.006345987319946289,0.0,0111100100101100,-++++--+--+-++--,0,False,"[[0.000158, 63.01236036], [0.006108, 61.20203299], [0.006346, 52.73576776]]",39,quantum,1,
precond_pen=1.200,16,-1.0874956013620007,52.735767757039,1.2,2,0.2175290584564209,0.007898092269897461,0.0,1000011011010011,+----++-++-+--++,0,False,"[[0.000177, 63.01236036], [0.007243, 62.71511861], [0.007711, 57.97643721], [0.007898, 52.73576776]]",39,quantum,1,
precond_pen=1.300,16,-1.0252723343120032,52.735767757039,1.3,2,0.21413922309875488,0.006161212921142578,0.0,1000011011010011,+----++-++-+--++,0,False,"[[0.000173, 63.01236036], [0.005919, 57.97643721], [0.006161, 52.73576776]]",39,quantum,1,
precond_pen=1.400,16,-0.974223649336996,52.735767757039,1.4,2,0.21478796005249023,0.0054509639739990234,0.0,1000011011010011,+----++-++-+--++,0,False,"[[0.00016, 63.01236036], [0.005012, 62.92980336], [0.005307, 57.97643721], [0.005451, 52.73576776]]",39,quantum,1,
precond_pen=1.500,16,-0.9315766281430005,52.735767757039,1.5,2,0.19305205345153809,0.0061359405517578125,0.0,1000011011010011,+----++-++-+--++,0,False,"[[0.000155, 63.01236036], [0.005886, 57.97643721], [0.006136, 52.73576776]]",39,quantum,1,
precond_pen=1.600,16,-0.895407966656002,52.735767757039,1.6,2,0.19010400772094727,0.006563901901245117,0.0,1000011011010011,+----++-++-+--++,0,False,"[[0.000184, 63.01236036], [0.006334, 61.43736318], [0.006564, 52.73576776]]",39,quantum,1,
precond_pen=1.700,16,-0.8643410625370027,52.735767757039,1.7,2,0.20309019088745117,0.006513118743896484,0.0,1000011011010011,+----++-++-+--++,0,False,"[[0.000172, 63.01236036], [0.00624, 61.43736318], [0.006513, 52.73576776]]",39,quantum,1,
precond_pen=1.800,16,-0.8373646268469992,52.735767757039,1.8,2,0.21251988410949707,0.0059778690338134766,0.0,1000011011010011,+----++-++-+--++,0,False,"[[0.000163, 63.01236036], [0.005715, 57.97643721], [0.005978, 52.73576776]]",39,quantum,1,
precond_pen=1.900,16,-0.8137186000710006,52.735767757039,1.9,2,0.1861259937286377,0.006192922592163086,0.0,0111100100101100,-++++--+--+-++--,0,False,"[[0.000163, 63.01236036], [0.005974, 57.97643721], [0.006193, 52.73576776]]",39,quantum,1,
precond_pen=2.000,16,-0.7928204860020003,52.735767757039,2.0,2,0.2140798568725586,0.006501913070678711,0.0,0111100100101100,-++++--+--+-++--,0,False,"[[0.000161, 63.01236036], [0.006222, 57.97643721], [0.006502, 52.73576776]]",39,quantum,1,
baseline,16,48.87813361798696,48.878133617987075,,2,0.1951909065246582,0.00539088249206543,0.0,1111010100100100,++++-+-+--+--+--,0,False,"[[0.000165, 56.3964732], [0.005391, 48.87813362]]",40,quantum,1,
precond_pen=1.100,16,-1.135345753931004,48.878133617987075,1.1,2,0.2086329460144043,0.005939960479736328,0.0,0000101011011011,----+-+-++-++-++,0,False,"[[0.000151, 56.3964732], [0.005684, 55.90419512], [0.00594, 48.87813362]]",40,quantum,1,
precond_pen=1.200,16,-1.0622491374380019,48.878133617987075,1.2,2,0.16876006126403809,0.0058209896087646484,0.0,0000101011011011,----+-+-++-++-++,0,False,"[[0.000164, 56.3964732], [0.005553, 55.90419512], [0.005821, 48.87813362]]",40,quantum,1,
precond_pen=1.300,16,-1.0033584869119991,48.878133617987075,1.3,2,0.19043397903442383,0.005195140838623047,0.0,0000101011011011,----+-+-++-++-++,0,False,"[[0.000142, 56.3964732], [0.005015, 53.66202355], [0.005195, 48.87813362]]",40,quantum,1,
precond_pen=1.400,16,-0.9548880317599995,48.878133617987075,1.4,2,0.17949390411376953,0.00639796257019043,0.0,0000101011011011,----+-+-++-++-++,0,False,"[[0.000205, 56.3964732], [0.00614, 53.66202355], [0.006398, 48.87813362]]",40,quantum,1,
precond_pen=1.500,16,-0.9142898944379994,48.878133617987075,1.5,2,0.21684598922729492,0.006078004837036133,0.0,0000101011011011,----+-+-++-++-++,0,False,"[[0.000182, 56.3964732], [0.005841, 53.54260694], [0.006078, 48.87813362]]",40,quantum,1,
precond_pen=1.600,16,-0.8797857055600007,48.878133617987075,1.6,2,0.20838689804077148,0.0065708160400390625,0.0,1111010100100100,++++-+-+--+--+--,0,False,"[[0.000154, 56.3964732], [0.006571, 48.87813362]]",40,quantum,1,
precond_pen=1.700,16,-0.8500962706329984,48.878133617987075,1.7,2,0.22822093963623047,0.00551605224609375,0.0,1111010100100100,++++-+-+--+--+--,0,False,"[[0.000175, 56.3964732], [0.005516, 48.87813362]]",40,quantum,1,
precond_pen=1.800,16,-0.8242774143099982,48.878133617987075,1.8,2,0.1568129062652588,0.005939006805419922,0.0,1111010100100100,++++-+-+--+--+--,0,False,"[[0.000179, 56.3964732], [0.005939, 48.87813362]]",40,quantum,1,
precond_pen=1.900,16,-0.8016172732739957,48.878133617987075,1.9,2,0.1754169464111328,0.005136966705322266,0.0,1111010100100100,++++-+-+--+--+--,0,False,"[[0.000155, 56.3964732], [0.005137, 48.87813362]]",40,quantum,1,
precond_pen=2.000,16,-0.7815685574880025,48.878133617987075,2.0,2,0.20436906814575195,0.0054318904876708984,0.0,1111010100100100,++++-+-+--+--+--,0,False,"[[0.000157, 56.3964732], [0.005432, 48.87813362]]",40,quantum,1,
baseline,16,58.82524293108496,58.825242931084986,,2,0.2051699161529541,0.005553007125854492,0.0,0000011101110101,-----+++-+++-+-+,0,False,"[[0.000146, 68.50773673], [0.005349, 67.31014482], [0.005553, 58.82524293]]",41,quantum,1,
precond_pen=1.100,16,-1.1487080943949985,58.825242931084986,1.1,2,0.17174506187438965,0.006688117980957031,0.0,1111100010001010,+++++---+---+-+-,0,False,"[[0.000177, 68.50773673], [0.006017, 65.31090104], [0.006416, 63.45997997], [0.006688, 58.82524293]]",41,quantum,1,
precond_pen=1.200,16,-1.0713985713760037,58.825242931084986,1.2,2,0.18477606773376465,0.01251220703125,0.0,1111100010001010,+++++---+---+-+-,0,False,"[[0.000151, 68.50773673], [0.005508, 68.41757893], [0.005756, 60.23310194], [0.012512, 58.82524293]]",41,quantum,1,
precond_pen=1.300,16,-1.0096533736979936,58.825242931084986,1.3,2,0.196213960647583,0.012146949768066406,0.0,0000011101110101,-----+++-+++-+-+,0,False,"[[0.000151, 68.50773673], [0.005975, 68.41757893], [0.006199, 60.23310194], [0.012147, 58.82524293]]",41,quantum,1,
precond_pen=1.400,16,-0.9591833004029988,58.825242931084986,1.4,2,0.18639683723449707,0.006592988967895508,0.0,0000011101110101,-----+++-+++-+-+,0,False,"[[0.000174, 68.50773673], [0.006362, 66.70767688], [0.006593, 58.82524293]]",41,quantum,1,
precond_pen=1.500,16,-0.9171467170529981,58.825242931084986,1.5,2,0.1982898712158203,0.1386878490447998,0.0,1111100010001010,+++++---+---+-+-,0,False,"[[0.000166, 68.50773673], [0.005958, 60.2850238], [0.138251, 58.85555945], [0.138688, 58.82524293]]",41,quantum,1,
precond_pen=1.600,16,-0.8815851897889981,58.825242931084986,1.6,2,0.15393686294555664,0.006714820861816406,0.0,1111100010001010,+++++---+---+-+-,0,False,"[[0.000165, 68.50773673], [0.006411, 66.52256197], [0.006715, 58.82524293]]",41,quantum,1,
precond_pen=1.700,16,-0.8511049443239989,58.825242931084986,1.7,2,0.15694403648376465,0.09650707244873047,0.0,1111100010001010,+++++---+---+-+-,0,False,"[[0.000151, 68.50773673], [0.005061, 68.00423956], [0.005231, 60.23310194], [0.096085, 58.85555945], [0.096507, 58.82524293]]",41,quantum,1,
precond_pen=1.800,16,-0.8246861543100028,58.825242931084986,1.8,2,0.187791109085083,0.12485289573669434,0.0,1111100010001010,+++++---+---+-+-,0,False,"[[0.000143, 68.50773673], [0.005884, 68.00423956], [0.006172, 60.23310194], [0.12427, 59.68804889], [0.124691, 58.85555945], [0.124853, 58.82524293]]",41,quantum,1,
precond_pen=1.900,16,-0.8015655656269978,58.825242931084986,1.9,2,0.19742894172668457,0.19579792022705078,0.0,1111100010001010,+++++---+---+-+-,0,False,"[[0.000162, 68.50773673], [0.005774, 67.84088136], [0.006044, 60.23310194], [0.172572, 59.61916641], [0.178832, 58.85555945], [0.195798, 58.82524293], [0.196403, 58.82524293]]",41,quantum,1,
precond_pen=2.000,16,-0.7811603516479968,58.825242931084986,2.0,2,0.171860933303833,0.16533899307250977,0.0,0000011101110101,-----+++-+++-+-+,0,False,"[[0.000147, 68.50773673], [0.005679, 67.63995174], [0.005878, 60.2850238], [0.101565, 60.23310194], [0.139357, 59.61916641], [0.165339, 58.82524293]]",41,quantum,1,
baseline,16,53.508881400785995,53.50888140078601,,2,0.17448711395263672,0.13413214683532715,0.0,1100001011111000,++----+-+++++---,0,False,"[[0.000183, 57.28100237], [0.005786, 54.33266577], [0.114673, 54.2068099], [0.123626, 53.5784754], [0.134132, 53.5088814], [0.17291, 53.5088814]]",42,quantum,1,
precond_pen=1.100,16,-1.0987770743869962,53.50888140078601,1.1,2,0.16277289390563965,0.12368106842041016,0.0,1100001011111000,++----+-+++++---,0,False,"[[0.000143, 57.28100237], [0.005053, 54.33266577], [0.123681, 53.5088814], [0.161294, 53.5088814]]",42,quantum,1,
precond_pen=1.200,16,-1.028721947571996,53.50888140078601,1.2,2,0.2200000286102295,0.00599217414855957,0.0,0011110100000111,--++++-+-----+++,0,False,"[[0.000155, 57.28100237], [0.00581, 56.83765012], [0.005992, 53.5088814]]",42,quantum,1,
precond_pen=1.300,16,-0.9724634821509968,53.50888140078601,1.3,2,0.2088170051574707,0.1871778964996338,0.0,0011110100000111,--++++-+-----+++,0,False,"[[0.000251, 57.28100237], [0.006058, 54.33266577], [0.140518, 53.5784754], [0.187178, 53.5088814]]",42,quantum,1,
precond_pen=1.400,16,-0.9262751882210001,53.50888140078601,1.4,2,0.19871807098388672,0.17005491256713867,0.0,1100001011111000,++----+-+++++---,0,False,"[[0.000215, 57.28100237], [0.005758, 54.33266577], [0.170055, 53.5088814], [0.197385, 53.5088814]]",42,quantum,1,
precond_pen=1.500,16,-0.8876653205769998,53.50888140078601,1.5,2,0.1895890235900879,0.00577998161315918,0.0,0011110100000111,--++++-+-----+++,0,False,"[[0.000193, 57.28100237], [0.005613, 56.83765012], [0.00578, 53.5088814]]",42,quantum,1,
precond_pen=1.600,16,-0.8549037528619952,53.50888140078601,1.6,2,0.20883607864379883,0.006448030471801758,0.0,0011110100000111,--++++-+-----+++,0,False,"[[0.000228, 57.28100237], [0.00622, 56.83765012], [0.006448, 53.5088814]]",42,quantum,1,
precond_pen=1.700,16,-0.8267511802810006,53.50888140078601,1.7,2,0.1820669174194336,0.006142854690551758,0.0,0011110100000111,--++++-+-----+++,0,False,"[[0.000198, 57.28100237], [0.005945, 56.83765012], [0.006143, 53.5088814]]",42,quantum,1,
precond_pen=1.800,16,-0.8022962136790026,53.50888140078601,1.8,2,0.20033502578735352,0.006855964660644531,0.0,0011110100000111,--++++-+-----+++,0,False,"[[0.000252, 57.28100237], [0.006605, 56.83765012], [0.006856, 53.5088814]]",42,quantum,1,
precond_pen=1.900,16,-0.7808532256009979,53.50888140078601,1.9,2,0.19690585136413574,0.006326913833618164,0.0,0011110100000111,--++++-+-----+++,0,False,"[[0.000244, 57.28100237], [0.006078, 56.83765012], [0.006327, 53.5088814]]",42,quantum,1,
precond_pen=2.000,16,-0.7618969358409959,53.50888140078601,2.0,2,0.2428269386291504,0.005809783935546875,0.0,0011110100000111,--++++-+-----+++,0,False,"[[0.000143, 57.28100237], [0.005595, 56.83765012], [0.00581, 53.5088814]]",42,quantum,1,
baseline,16,56.31625406638999,56.31625406639001,,2,0.22919487953186035,0.006530046463012695,0.0,1100101100110010,++--+-++--++--+-,0,False,"[[0.000144, 66.61160606], [0.005049, 64.70867725], [0.006213, 62.87394182], [0.00653, 56.31625407]]",43,quantum,1,
precond_pen=1.100,16,-1.1260142658590082,56.31625406639001,1.1,2,0.1455519199371338,0.012840986251831055,0.0,0011010011001101,--++-+--++--++-+,0,False,"[[0.000189, 66.61160606], [0.006179, 61.97285462], [0.006513, 59.04859689], [0.012841, 56.31625407]]",43,quantum,1,
precond_pen=1.200,16,-1.0520213253429986,56.31625406639001,1.2,2,0.12510085105895996,0.006165027618408203,0.0,0011010011001101,--++-+--++--++-+,0,False,"[[0.000148, 66.61160606], [0.005432, 66.16913225], [0.005931, 60.79753385], [0.006165, 56.31625407]]",43,quantum,1,
precond_pen=1.300,16,-0.9927574293139987,56.31625406639001,1.3,2,0.15815186500549316,0.011339902877807617,0.0,0011010011001101,--++-+--++--++-+,0,False,"[[0.000192, 66.61160606], [0.004946, 61.97285462], [0.005112, 59.04859689], [0.01134, 56.31625407]]",43,quantum,1,
precond_pen=1.400,16,-0.9442092696320019,56.31625406639001,1.4,2,0.16404509544372559,0.010018110275268555,0.0,0011010011001101,--++-+--++--++-+,0,False,"[[0.000183, 66.61160606], [0.004754, 62.60505448], [0.005244, 60.76488535], [0.005377, 57.32304598], [0.010018, 56.31625407]]",43,quantum,1,
precond_pen=1.500,16,-0.9037030458940007,56.31625406639001,1.5,2,0.12929606437683105,0.011596918106079102,0.0,0011010011001101,--++-+--++--++-+,0,False,"[[0.000199, 66.61160606], [0.005501, 61.97285462], [0.005718, 59.04859689], [0.011597, 56.31625407]]",43,quantum,1,
precond_pen=1.600,16,-0.8693882509469999,56.31625406639001,1.6,2,0.14460396766662598,0.012288808822631836,0.0,0011010011001101,--++-+--++--++-+,0,False,"[[0.000226, 66.61160606], [0.005315, 61.97285462], [0.005476, 59.04859689], [0.012289, 56.31625407]]",43,quantum,1,
precond_pen=1.700,16,-0.8399425572380004,56.31625406639001,1.7,2,0.14844799041748047,0.01358485221862793,0.0,0011010011001101,--++-+--++--++-+,0,False,"[[0.000198, 66.61160606], [0.006157, 61.97285462], [0.006422, 59.04859689], [0.013585, 56.31625407]]",43,quantum,1,
precond_pen=1.800,16,-0.8143959847340065,56.31625406639001,1.8,2,0.11866903305053711,0.012985944747924805,0.0,0011010011001101,--++-+--++--++-+,0,False,"[[0.000201, 66.61160606], [0.006199, 61.97285462], [0.006421, 59.04859689], [0.012986, 56.31625407]]",43,quantum,1,
precond_pen=1.900,16,-0.7920206968309991,56.31625406639001,1.9,2,0.15644478797912598,0.013054847717285156,0.0,0011010011001101,--++-+--++--++-+,0,False,"[[0.000166, 66.61160606], [0.006386, 61.97285462], [0.006677, 59.04859689], [0.013055, 56.31625407]]",43,quantum,1,
precond_pen=2.000,16,-0.7722594753350007,56.31625406639001,2.0,2,0.13498997688293457,0.013514041900634766,0.0,0011010011001101,--++-+--++--++-+,0,False,"[[0.000221, 66.61160606], [0.006728, 61.97285462], [0.006955, 59.04859689], [0.013514, 56.31625407]]",43,quantum,1,
baseline,16,53.15022057514402,53.150220575143976,,2,0.15269684791564941,0.020280838012695312,0.0,0101010111100100,-+-+-+-++++--+--,0,False,"[[0.000268, 66.97830628], [0.00672, 65.66431613], [0.00704, 53.29178636], [0.020281, 53.15022058]]",44,quantum,1,
precond_pen=1.100,16,-1.2699155926579992,53.150220575143976,1.1,2,0.13907217979431152,0.013811111450195312,0.0,0101010111100100,-+-+-+-++++--+--,0,False,"[[0.000236, 66.97830628], [0.006473, 66.62356564], [0.007025, 62.95531317], [0.007469, 62.63319498], [0.007677, 53.29178636], [0.013811, 53.15022058]]",44,quantum,1,
precond_pen=1.200,16,-1.1794453004290038,53.150220575143976,1.2,2,0.15919113159179688,0.0072629451751708984,0.0,0101010111100100,-+-+-+-++++--+--,0,False,"[[0.000247, 66.97830628], [0.006976, 60.54325614], [0.007263, 53.15022058]]",44,quantum,1,
precond_pen=1.300,16,-1.1071277812999973,53.150220575143976,1.3,2,0.16667604446411133,0.00654292106628418,0.0,0101010111100100,-+-+-+-++++--+--,0,False,"[[0.000155, 66.97830628], [0.006262, 60.54325614], [0.006543, 53.15022058]]",44,quantum,1,
precond_pen=1.400,16,-1.0479765099860012,53.150220575143976,1.4,2,0.13216590881347656,0.007061004638671875,0.0,0101010111100100,-+-+-+-++++--+--,0,False,"[[0.000236, 66.97830628], [0.006743, 60.54325614], [0.007061, 53.15022058]]",44,quantum,1,
precond_pen=1.500,16,-0.998682883169999,53.150220575143976,1.5,2,0.1901710033416748,0.0076138973236083984,0.0,0101010111100100,-+-+-+-++++--+--,0,False,"[[0.00023, 66.97830628], [0.007319, 60.54325614], [0.007614, 53.15022058]]",44,quantum,1,
precond_pen=1.600,16,-0.9569638941669991,53.150220575143976,1.6,2,0.13253998756408691,0.007953882217407227,0.0,0101010111100100,-+-+-+-++++--+--,0,False,"[[0.000248, 66.97830628], [0.007546, 60.54325614], [0.007954, 53.15022058]]",44,quantum,1,
precond_pen=1.700,16,-0.9211928743159996,53.150220575143976,1.7,2,0.18627500534057617,0.007211923599243164,0.0,0101010111100100,-+-+-+-++++--+--,0,False,"[[0.000246, 66.97830628], [0.006913, 60.54325614], [0.007212, 53.15022058]]",44,quantum,1,
precond_pen=1.800,16,-0.8901788365570011,53.150220575143976,1.8,2,0.18424606323242188,0.013211965560913086,0.0,0101010111100100,-+-+-+-++++--+--,0,False,"[[0.000222, 66.97830628], [0.006738, 61.70974269], [0.007064, 53.29178636], [0.013212, 53.15022058]]",44,quantum,1,
precond_pen=1.900,16,-0.8630295788840012,53.150220575143976,1.9,2,0.16136503219604492,0.012919187545776367,0.0,0101010111100100,-+-+-+-++++--+--,0,False,"[[0.000218, 66.97830628], [0.006053, 61.70974269], [0.006342, 53.29178636], [0.012919, 53.15022058]]",44,quantum,1,
precond_pen=2.000,16,-0.8390633376869978,53.150220575143976,2.0,2,0.19795608520507812,0.017050981521606445,0.0,0101010111100100,-+-+-+-++++--+--,0,False,"[[0.000262, 66.97830628], [0.007429, 61.70974269], [0.007951, 53.29178636], [0.017051, 53.15022058]]",44,quantum,1,
baseline,16,52.970173795464,52.970173795463964,,2,0.19995617866516113,0.16959285736083984,0.0,0101010001110110,-+-+-+---+++-++-,0,False,"[[0.000146, 64.12096068], [0.005477, 62.76205983], [0.005774, 62.70679051], [0.006105, 61.89953132], [0.006281, 54.03093178], [0.021819, 53.50755793], [0.155677, 53.32113868], [0.169593, 52.9701738], [0.197889, 52.9701738]]",45,quantum,1,
precond_pen=1.100,16,-1.0646720175550017,52.970173795463964,1.1,2,0.2074298858642578,0.007581949234008789,0.0,1010101110001001,+-+-+-+++---+--+,0,False,"[[0.000248, 64.12096068], [0.006903, 60.75893928], [0.00737, 56.88071623], [0.007582, 52.9701738]]",45,quantum,1,
precond_pen=1.200,16,-0.9986113455669994,52.970173795463964,1.2,2,0.25110912322998047,0.17264413833618164,0.0,0101010001110110,-+-+-+---+++-++-,0,False,"[[0.000215, 64.12096068], [0.006943, 64.12280735], [0.007249, 53.32113868], [0.172644, 52.9701738]]",45,quantum,1,
precond_pen=1.300,16,-0.9454926021300034,52.970173795463964,1.3,2,0.1983180046081543,0.19614410400390625,0.0,1010101110001001,+-+-+-+++---+--+,0,False,"[[0.000215, 64.12096068], [0.005988, 58.90748562], [0.006224, 53.50755793], [0.196144, 52.9701738], [0.197113, 52.9701738]]",45,quantum,1,
precond_pen=1.400,16,-0.9018400922700005,52.970173795463964,1.4,2,0.20897698402404785,0.20603418350219727,0.0,0101010001110110,-+-+-+---+++-++-,0,False,"[[0.000181, 64.12096068], [0.004867, 64.12280735], [0.005003, 53.32113868], [0.206034, 52.9701738], [0.207647, 52.9701738]]",45,quantum,1,
precond_pen=1.500,16,-0.8653229367370017,52.970173795463964,1.5,2,0.22075104713439941,0.005771160125732422,0.0,1010101110001001,+-+-+-+++---+--+,0,False,"[[0.000214, 64.12096068], [0.005551, 60.28292136], [0.005771, 52.9701738]]",45,quantum,1,
precond_pen=1.600,16,-0.8343190166570009,52.970173795463964,1.6,2,0.16462397575378418,0.006724119186401367,0.0,1010101110001001,+-+-+-+++---+--+,0,False,"[[0.00024, 64.12096068], [0.006464, 62.98082014], [0.006724, 52.9701738]]",45,quantum,1,
precond_pen=1.700,16,-0.8076644347880038,52.970173795463964,1.7,2,0.2129039764404297,0.006671905517578125,0.0,1010101110001001,+-+-+-+++---+--+,0,False,"[[0.000232, 64.12096068], [0.006414, 62.98082014], [0.006672, 52.9701738]]",45,quantum,1,
precond_pen=1.800,16,-0.784501763506996,52.970173795463964,1.8,2,0.2482898235321045,0.13675785064697266,0.0,1010101110001001,+-+-+-+++---+--+,0,False,"[[0.000213, 64.12096068], [0.005898, 62.98082014], [0.006162, 54.03093178], [0.012772, 53.50755793], [0.136758, 52.9701738]]",45,quantum,1,
precond_pen=1.900,16,-0.7641855205359933,52.970173795463964,1.9,2,0.21964812278747559,0.2171931266784668,0.0,0101010001110110,-+-+-+---+++-++-,0,False,"[[0.000209, 64.12096068], [0.005958, 62.98082014], [0.006194, 54.03093178], [0.105475, 53.50755793], [0.217193, 52.9701738], [0.218276, 52.9701738]]",45,quantum,1,
precond_pen=2.000,16,-0.7462204452899979,52.970173795463964,2.0,2,0.20924901962280273,0.006306171417236328,0.0,1010101110001001,+-+-+-+++---+--+,0,False,"[[0.000147, 64.12096068], [0.006087, 56.46244708], [0.006306, 52.9701738]]",45,quantum,1,
baseline,16,51.19106295310202,51.191062953101955,,2,0.19108986854553223,0.09991979598999023,0.0,1100010010100111,++---+--+-+--+++,0,False,"[[0.000242, 61.67329133], [0.005998, 58.71647211], [0.006241, 51.65703938], [0.09992, 51.19106295], [0.189325, 51.19106295]]",46,quantum,1,
precond_pen=1.100,16,-1.0564985863719984,51.191062953101955,1.1,2,0.18907880783081055,0.01267385482788086,0.0,1100010010100111,++---+--+-+--+++,0,False,"[[0.000222, 61.67329133], [0.006188, 58.17846777], [0.006479, 51.65703938], [0.012674, 51.19106295]]",46,quantum,1,
precond_pen=1.200,16,-0.9918748528079995,51.191062953101955,1.2,2,0.2433149814605713,0.012150049209594727,0.0,1100010010100111,++---+--+-+--+++,0,False,"[[0.000189, 61.67329133], [0.005429, 58.17846777], [0.005651, 51.65703938], [0.01215, 51.19106295]]",46,quantum,1,
precond_pen=1.300,16,-0.9398185009140017,51.191062953101955,1.3,2,0.23457694053649902,0.01195383071899414,0.0,1100010010100111,++---+--+-+--+++,0,False,"[[0.000229, 61.67329133], [0.004549, 59.34927152], [0.004992, 58.71647211], [0.00523, 53.18925095], [0.009742, 51.98647913], [0.011954, 51.19106295]]",46,quantum,1,
precond_pen=1.400,16,-0.8969761353410002,51.191062953101955,1.4,2,0.23223304748535156,0.22972607612609863,0.0,0011101101011000,--+++-++-+-++---,0,False,"[[0.000224, 61.67329133], [0.0051, 60.20747511], [0.005528, 58.71647211], [0.005913, 58.17846777], [0.006094, 51.65703938], [0.229726, 51.19106295], [0.230815, 51.19106295]]",46,quantum,1,
precond_pen=1.500,16,-0.8610927268309974,51.191062953101955,1.5,2,0.2348160743713379,0.23084783554077148,0.0,1100010010100111,++---+--+-+--+++,0,False,"[[0.000213, 61.67329133], [0.005968, 58.17846777], [0.006185, 51.65703938], [0.230848, 51.19106295], [0.233508, 51.19106295]]",46,quantum,1,
precond_pen=1.600,16,-0.8305951450439997,51.191062953101955,1.6,2,0.21572399139404297,0.2104330062866211,0.0,1100010010100111,++---+--+-+--+++,0,False,"[[0.000208, 61.67329133], [0.005237, 60.20747511], [0.00568, 58.71647211], [0.006032, 58.17846777], [0.0062, 51.65703938], [0.210433, 51.19106295], [0.214379, 51.19106295]]",46,quantum,1,
precond_pen=1.700,16,-0.8043522333129998,51.191062953101955,1.7,2,0.26136112213134766,0.2587890625,0.0,0011101101011000,--+++-++-+-++---,0,False,"[[0.000216, 61.67329133], [0.005357, 60.20747511], [0.005845, 58.71647211], [0.006206, 58.17846777], [0.006376, 51.65703938], [0.258789, 51.19106295], [0.259915, 51.19106295]]",46,quantum,1,
precond_pen=1.800,16,-0.7815295603409957,51.191062953101955,1.8,2,0.20499801635742188,0.16957497596740723,0.0,1100010010100111,++---+--+-+--+++,0,False,"[[0.000215, 61.67329133], [0.005877, 58.17846777], [0.006128, 51.65703938], [0.169575, 51.19106295]]",46,quantum,1,
precond_pen=1.900,16,-0.7614978540839985,51.191062953101955,1.9,2,0.1844480037689209,0.08942699432373047,0.0,1100010010100111,++---+--+-+--+++,0,False,"[[0.000215, 61.67329133], [0.006269, 58.17846777], [0.006513, 51.65703938], [0.089427, 51.19106295]]",46,quantum,1,
precond_pen=2.000,16,-0.7437735813559989,51.191062953101955,2.0,2,0.21293210983276367,0.12487912178039551,0.0,0011101101011000,--+++-++-+-++---,0,False,"[[0.000166, 61.67329133], [0.005911, 58.17846777], [0.006166, 51.65703938], [0.124879, 51.19106295]]",46,quantum,1,
baseline,16,57.55010545807403,57.550105458073986,,2,0.13537383079528809,0.11072993278503418,0.0,1011010011000011,+-++-+--++----++,0,False,"[[0.000145, 74.14415895], [0.004955, 69.81351686], [0.005391, 69.33623008], [0.005593, 61.27968596], [0.018413, 59.67098493], [0.103351, 58.28224786], [0.11073, 57.55010546], [0.133846, 57.55010546]]",47,quantum,1,
precond_pen=1.100,16,-1.168045523889,57.550105458073986,1.1,2,0.16995692253112793,0.006193876266479492,0.0,1011010011000011,+-++-+--++----++,0,False,"[[0.000205, 74.14415895], [0.00596, 69.35148083], [0.006194, 57.55010546]]",47,quantum,1,
precond_pen=1.200,16,-1.0890956746570009,57.550105458073986,1.2,2,0.20223093032836914,0.006326913833618164,0.0,1011010011000011,+-++-+--++----++,0,False,"[[0.000182, 74.14415895], [0.006009, 72.7138981], [0.006327, 57.55010546]]",47,quantum,1,
precond_pen=1.300,16,-1.025930826707003,57.550105458073986,1.3,2,0.1702110767364502,0.10070013999938965,0.0,0100101100111100,-+--+-++--++++--,0,False,"[[0.00021, 74.14415895], [0.005271, 66.94500568], [0.00579, 66.52596114], [0.006147, 65.63039268], [0.006329, 58.2707661], [0.1007, 57.55010546], [0.168911, 57.55010546]]",47,quantum,1,
precond_pen=1.400,16,-0.9742314541059951,57.550105458073986,1.4,2,0.18347501754760742,0.13172602653503418,0.0,1011010011000011,+-++-+--++----++,0,False,"[[0.000216, 74.14415895], [0.005607, 65.63039268], [0.005836, 58.2707661], [0.131726, 57.55010546]]",47,quantum,1,
precond_pen=1.500,16,-0.931125810333004,57.550105458073986,1.5,2,0.19972491264343262,0.010263919830322266,0.0,1011010011000011,+-++-+--++----++,0,False,"[[0.000159, 74.14415895], [0.004846, 65.56668781], [0.005207, 63.61570637], [0.005457, 58.2707661], [0.010264, 57.55010546]]",47,quantum,1,
precond_pen=1.600,16,-0.8946293035169974,57.550105458073986,1.6,2,0.20777297019958496,0.006262063980102539,0.0,1011010011000011,+-++-+--++----++,0,False,"[[0.000147, 74.14415895], [0.006029, 67.55777935], [0.006262, 57.55010546]]",47,quantum,1,
precond_pen=1.700,16,-0.863326101260002,57.550105458073986,1.7,2,0.22727394104003906,0.00614619255065918,0.0,1011010011000011,+-++-+--++----++,0,False,"[[0.000214, 74.14415895], [0.005885, 67.79380495], [0.006146, 57.55010546]]",47,quantum,1,
precond_pen=1.800,16,-0.8361784490979991,57.550105458073986,1.8,2,0.18979406356811523,0.0057220458984375,0.0,1011010011000011,+-++-+--++----++,0,False,"[[0.000147, 74.14415895], [0.005499, 67.79380495], [0.005722, 57.55010546]]",47,quantum,1,
precond_pen=1.900,16,-0.8124086360509999,57.550105458073986,1.9,2,0.18344593048095703,0.005953788757324219,0.0,1011010011000011,+-++-+--++----++,0,False,"[[0.000151, 74.14415895], [0.005722, 67.79380495], [0.005954, 57.55010546]]",47,quantum,1,
precond_pen=2.000,16,-0.79142185113,57.550105458073986,2.0,2,0.18031978607177734,0.0068399906158447266,0.0,1011010011000011,+-++-+--++----++,0,False,"[[0.000173, 74.14415895], [0.006572, 67.79380495], [0.00684, 57.55010546]]",47,quantum,1,
baseline,16,52.835734203405984,52.835734203406,,2,0.2283649444580078,0.019387006759643555,0.0,1001001101000111,+--+--++-+---+++,0,False,"[[0.000154, 61.55636568], [0.00539, 61.00093952], [0.006098, 57.90998019], [0.006552, 53.35216122], [0.019387, 52.8357342]]",48,quantum,1,
precond_pen=1.100,16,-1.1263514519670013,52.835734203406,1.1,2,0.1754598617553711,0.012775897979736328,0.0,1001001101000111,+--+--++-+---+++,0,False,"[[0.000156, 61.55636568], [0.006002, 61.29921326], [0.00625, 54.46896836], [0.012776, 52.8357342]]",48,quantum,1,
precond_pen=1.200,16,-1.053314008339001,52.835734203406,1.2,2,0.15955901145935059,0.0060808658599853516,0.0,1001001101000111,+--+--++-+---+++,0,False,"[[0.000144, 61.55636568], [0.005809, 59.67414027], [0.006081, 52.8357342]]",48,quantum,1,
precond_pen=1.300,16,-0.9946658606180012,52.835734203406,1.3,2,0.202042818069458,0.0063419342041015625,0.0,1001001101000111,+--+--++-+---+++,0,False,"[[0.00017, 61.55636568], [0.006087, 59.67414027], [0.006342, 52.8357342]]",48,quantum,1,
precond_pen=1.400,16,-0.9465185465240005,52.835734203406,1.4,2,0.17762088775634766,0.006203889846801758,0.0,1001001101000111,+--+--++-+---+++,0,False,"[[0.000148, 61.55636568], [0.005945, 59.67414027], [0.006204, 52.8357342]]",48,quantum,1,
precond_pen=1.500,16,-0.9062726091160016,52.835734203406,1.5,2,0.21808481216430664,0.00651097297668457,0.0,1001001101000111,+--+--++-+---+++,0,False,"[[0.000176, 61.55636568], [0.006238, 59.67414027], [0.006511, 52.8357342]]",48,quantum,1,
precond_pen=1.600,16,-0.8721235057190038,52.835734203406,1.6,2,0.21046996116638184,0.01618194580078125,0.0,1001001101000111,+--+--++-+---+++,0,False,"[[0.001048, 61.55636568], [0.015134, 59.67414027], [0.016182, 52.8357342]]",48,quantum,1,
precond_pen=1.700,16,-0.8427787819390016,52.835734203406,1.7,2,0.2231459617614746,0.006198883056640625,0.0,1001001101000111,+--+--++-+---+++,0,False,"[[0.000164, 61.55636568], [0.005931, 59.67414027], [0.006199, 52.8357342]]",48,quantum,1,
precond_pen=1.800,16,-0.8172879625549969,52.835734203406,1.8,2,0.19361186027526855,0.00606083869934082,0.0,1001001101000111,+--+--++-+---+++,0,False,"[[0.000195, 61.55636568], [0.005779, 59.67414027], [0.006061, 52.8357342]]",48,quantum,1,
precond_pen=1.900,16,-0.7949365421309977,52.835734203406,1.9,2,0.17769193649291992,0.006120920181274414,0.0,1001001101000111,+--+--++-+---+++,0,False,"[[0.000163, 61.55636568], [0.005837, 59.67414027], [0.006121, 52.8357342]]",48,quantum,1,
precond_pen=2.000,16,-5.679236521697997,53.357645477279995,2.0,2,0.034857988357543945,0.031785011291503906,0.0,1011001101000110,+-++--++-+---++-,0,False,"[[0.000159, 61.55636568], [0.005758, 58.3006275], [0.006085, 57.90998019], [0.006344, 53.61692299], [0.031785, 52.8357342], [0.032049, 53.35764548], [0.034159, 53.35764548]]",48,quantum,1,
baseline,16,52.93206856060904,52.932068560609004,,2,0.1856679916381836,0.0062808990478515625,0.0,1100010100010111,++---+-+---+-+++,0,False,"[[0.000133, 71.46377212], [0.004515, 69.4039771], [0.004753, 68.55219577], [0.006093, 68.17790329], [0.006281, 52.93206856]]",49,quantum,1,
precond_pen=1.100,16,-1.1663608388839979,52.932068560609004,1.1,2,0.17449617385864258,0.006227016448974609,0.0,0011101011101000,--+++-+-+++-+---,0,False,"[[0.000161, 71.46377212], [0.005984, 65.15672935], [0.006227, 52.93206856]]",49,quantum,1,
precond_pen=1.200,16,-1.0881963141570052,52.932068560609004,1.2,2,0.21376299858093262,0.012816905975341797,0.0,1100010100010111,++---+-+---+-+++,0,False,"[[0.000149, 71.46377212], [0.005643, 59.88199103], [0.005853, 54.34390541], [0.012817, 52.93206856]]",49,quantum,1,
precond_pen=1.300,16,-1.0255601029189947,52.932068560609004,1.3,2,0.23226594924926758,0.012025833129882812,0.0,1100010100010111,++---+-+---+-+++,0,False,"[[0.000161, 71.46377212], [0.005941, 59.88199103], [0.006152, 54.34390541], [0.012026, 52.93206856]]",49,quantum,1,
precond_pen=1.400,16,-0.9742262692169996,52.932068560609004,1.4,2,0.20454788208007812,0.005567789077758789,0.0,1100010100010111,++---+-+---+-+++,0,False,"[[0.000138, 71.46377212], [0.005348, 65.66615429], [0.005568, 52.93206856]]",49,quantum,1,
precond_pen=1.500,16,-0.9313781943679968,52.932068560609004,1.5,2,0.17808198928833008,0.006137847900390625,0.0,0011101011101000,--+++-+-+++-+---,0,False,"[[0.000153, 71.46377212], [0.00591, 60.87676055], [0.006138, 52.93206856]]",49,quantum,1,
precond_pen=1.600,16,-0.895065749559997,52.932068560609004,1.6,2,0.20157599449157715,0.005881786346435547,0.0,1100010100010111,++---+-+---+-+++,0,False,"[[0.000147, 71.46377212], [0.005249, 68.12321148], [0.005649, 65.56909532], [0.005882, 52.93206856]]",49,quantum,1,
precond_pen=1.700,16,-0.8638951458179944,52.932068560609004,1.7,2,0.20624709129333496,0.005655050277709961,0.0,1100010100010111,++---+-+---+-+++,0,False,"[[0.000152, 71.46377212], [0.005407, 65.56909532], [0.005655, 52.93206856]]",49,quantum,1,
precond_pen=1.800,16,-0.8368436047279992,52.932068560609004,1.8,2,0.22142505645751953,0.005852937698364258,0.0,1100010100010111,++---+-+---+-+++,0,False,"[[0.000158, 71.46377212], [0.005614, 65.56909532], [0.005853, 52.93206856]]",49,quantum,1,
precond_pen=1.900,16,-0.8131431111690004,52.932068560609004,1.9,2,0.23544597625732422,0.005399942398071289,0.0,1100010100010111,++---+-+---+-+++,0,False,"[[0.00018, 71.46377212], [0.005167, 69.25547015], [0.0054, 52.93206856]]",49,quantum,1,
precond_pen=2.000,16,-0.7922060653299967,52.932068560609004,2.0,2,0.2676198482513428,0.011837959289550781,0.0,0011101011101000,--+++-+-+++-+---,0,False,"[[0.000174, 71.46377212], [0.006258, 68.55219577], [0.006743, 66.2559569], [0.006957, 54.00357055], [0.011838, 52.93206856]]",49,quantum,1,
