name,n,objective_model,objective_baseline,penalty,mip_status,runtime_sec,time_to_best_sec,mip_gap,x_bits,z_bits,sum_z,presolve,trajectory,seed,preconditioner_family,layers,sweeps
baseline,20,91.05430035318493,91.054300353185,,2,0.7526640892028809,0.46051597595214844,0.0,00011101100010100111,---+++-++---+-+--+++,0,True,"[[0.00093, 109.3548078], [0.028147, 101.73928921], [0.030243, 100.75620308], [0.031695, 93.35214931], [0.398242, 93.14102728], [0.446601, 92.65812845], [0.459963, 91.93633401], [0.460516, 91.05430035]]",0,quantum,2,
precond_pen=1.100,20,-2.4091288742190002,91.054300353185,1.1,2,0.5517940521240234,0.026757001876831055,0.0,00011101100010100111,---+++-++---+-+--+++,0,True,"[[0.000237, 109.3548078], [0.02468, 96.65467517], [0.026757, 91.05430035]]",0,quantum,2,
precond_pen=1.200,20,-2.1366504256660015,91.054300353185,1.2,2,0.5680100917816162,0.011497020721435547,0.0,00011101100010100111,---+++-++---+-+--+++,0,True,"[[0.000193, 109.3548078], [0.01098, 99.59411488], [0.011497, 91.05430035]]",0,quantum,2,
precond_pen=1.300,20,-1.93558295823199,91.054300353185,1.3,2,0.51780104637146,0.008830070495605469,0.0,00011101100010100111,---+++-++---+-+--+++,0,True,"[[0.000166, 109.3548078], [0.008526, 101.3461292], [0.00883, 91.05430035]]",0,quantum,2,
precond_pen=1.400,20,-1.7803804312220048,91.054300353185,1.4,2,0.5799129009246826,0.008417129516601562,0.0,00011101100010100111,---+++-++---+-+--+++,0,True,"[[0.00017, 109.3548078], [0.008126, 107.66953319], [0.008417, 91.05430035]]",0,quantum,2,
precond_pen=1.500,20,-1.6566008968620007,91.054300353185,1.5,2,0.5520679950714111,0.0091400146484375,0.0,00011101100010100111,---+++-++---+-+--+++,0,True,"[[0.000178, 109.3548078], [0.008804, 104.46443492], [0.00914, 91.05430035]]",0,quantum,2,
precond_pen=1.600,20,-1.6429950142959981,91.054300353185,1.6,2,0.4468729496002197,0.24375391006469727,0.0,00011101100010100111,---+++-++---+-+--+++,0,True,"[[0.000196, 109.3548078], [0.010556, 108.08903099], [0.010972, 94.7603425], [0.243239, 93.4371303], [0.243754, 91.05430035]]",0,quantum,2,
precond_pen=1.700,20,-8.420363271024005,91.054300353185,1.7,2,0.12937498092651367,0.025346994400024414,0.0,00011101100010100111,---+++-++---+-+--+++,0,True,"[[0.000179, 109.3548078], [0.011464, 96.1403278], [0.012445, 92.58481756], [0.025347, 91.05430035]]",0,quantum,2,
precond_pen=1.800,20,-3.2038716158219955,91.054300353185,1.8,2,0.06607198715209961,0.009328842163085938,0.0,00011101100010100111,---+++-++---+-+--+++,0,True,"[[0.000166, 109.3548078], [0.008095, 107.77128757], [0.008682, 101.73928921], [0.009051, 96.77640796], [0.009329, 91.05430035]]",0,quantum,2,
precond_pen=1.900,20,-9.489409628561008,91.054300353185,1.9,2,0.07993197441101074,0.05065512657165527,0.0,00011101100010100111,---+++-++---+-+--+++,0,True,"[[0.000169, 109.3548078], [0.007941, 103.8699674], [0.008422, 101.73928921], [0.0087, 98.7390871], [0.008984, 93.85441107], [0.020957, 93.70979723], [0.050655, 91.05430035]]",0,quantum,2,
precond_pen=2.000,20,-1.2841008232069964,91.054300353185,2.0,2,0.4192650318145752,0.00884389877319336,0.0,00011101100010100111,---+++-++---+-+--+++,0,True,"[[0.000177, 109.3548078], [0.008528, 107.94783632], [0.008844, 91.05430035]]",0,quantum,2,
baseline,20,86.877412855237,86.87741285523705,,2,0.2783501148223877,0.2725830078125,0.0,00100100101101011101,--+--+--+-++-+-+++-+,0,True,"[[0.000206, 99.25133438], [0.008525, 89.49026055], [0.041788, 88.09944822], [0.23803, 87.42019146], [0.272583, 86.87741286]]",1,quantum,2,
precond_pen=1.100,20,-2.163523847442999,86.87741285523705,1.1,2,0.39661097526550293,0.009645938873291016,0.0,11011011010010100010,++-++-++-+--+-+---+-,0,True,"[[0.000166, 99.25133438], [0.009646, 86.87741286]]",1,quantum,2,
precond_pen=1.200,20,-1.9408523535259974,86.87741285523705,1.2,2,0.4725680351257324,0.008373022079467773,0.0,11011011010010100010,++-++-++-+--+-+---+-,0,True,"[[0.00018, 99.25133438], [0.008373, 86.87741286]]",1,quantum,2,
precond_pen=1.300,20,-1.7727893511670008,86.87741285523705,1.3,2,0.36555004119873047,0.028164148330688477,0.0,11011011010010100010,++-++-++-+--+-+---+-,0,True,"[[0.000195, 99.25133438], [0.009374, 95.48813228], [0.009732, 88.09095915], [0.028164, 86.87741286]]",1,quantum,2,
precond_pen=1.400,20,-1.6410190331190009,86.87741285523705,1.4,2,0.4640200138092041,0.009944915771484375,0.0,00100100101101011101,--+--+--+-++-+-+++-+,0,True,"[[0.000191, 99.25133438], [0.009593, 94.45637223], [0.009945, 86.87741286]]",1,quantum,2,
precond_pen=1.500,20,-1.5346980251699982,86.87741285523705,1.5,2,0.4094419479370117,0.025734901428222656,0.0,11011011010010100010,++-++-++-+--+-+---+-,0,True,"[[0.000182, 99.25133438], [0.010306, 99.09341315], [0.010724, 90.65976686], [0.025735, 86.87741286]]",1,quantum,2,
precond_pen=1.600,20,-1.522608944226997,86.87741285523705,1.6,2,0.4225020408630371,0.008511066436767578,0.0,00100100101101011101,--+--+--+-++-+-+++-+,0,True,"[[0.000173, 99.25133438], [0.008144, 94.45637223], [0.008511, 86.87741286]]",1,quantum,2,
precond_pen=1.700,20,-1.3732415217780094,86.87741285523705,1.7,2,0.40998220443725586,0.009412050247192383,0.0,11011011010010100010,++-++-++-+--+-+---+-,0,True,"[[0.000161, 99.25133438], [0.009063, 99.16400251], [0.009412, 86.87741286]]",1,quantum,2,
precond_pen=1.800,20,-8.658550898689002,86.87741285523705,1.8,2,0.05154085159301758,0.008986949920654297,0.0,11011011010010100010,++-++-++-+--+-+---+-,0,True,"[[0.000169, 99.25133438], [0.008149, 90.21804459], [0.008987, 86.87741286]]",1,quantum,2,
precond_pen=1.900,20,-2.9571272417620023,86.87741285523705,1.9,2,0.32859301567077637,0.010193109512329102,0.0,11011011010010100010,++-++-++-+--+-+---+-,0,True,"[[0.000157, 99.25133438], [0.009836, 97.83915873], [0.010193, 86.87741286]]",1,quantum,2,
precond_pen=2.000,20,-9.139084953047997,86.87741285523705,2.0,2,0.12309694290161133,0.011399984359741211,0.0,00100100101101011101,--+--+--+-++-+-+++-+,0,True,"[[0.000185, 99.25133438], [0.009689, 94.76476634], [0.010551, 95.2824903], [0.011035, 94.29391229], [0.0114, 86.87741286]]",1,quantum,2,
baseline,20,86.18601616309802,86.18601616309805,,2,0.6781928539276123,0.1481938362121582,0.0,01001101110100110100,-+--++-+++-+--++-+--,0,True,"[[0.000173, 97.10293979], [0.007463, 96.61597096], [0.007862, 96.43400482], [0.008407, 87.34743637], [0.148194, 86.18601616]]",2,quantum,2,
precond_pen=1.100,20,-1.7830265177840001,86.18601616309805,1.1,2,0.4123210906982422,0.02696514129638672,0.0,10110010001011001011,+-++--+---+-++--+-++,0,True,"[[0.000199, 97.10293979], [0.010705, 93.07828645], [0.011271, 87.73600063], [0.026965, 86.18601616]]",2,quantum,2,
precond_pen=1.200,20,-1.857603551220997,86.18601616309805,1.2,2,0.3928639888763428,0.010146141052246094,0.0,01001101110100110100,-+--++-+++-+--++-+--,0,True,"[[0.000179, 97.10293979], [0.009662, 95.93350232], [0.010146, 86.18601616]]",2,quantum,2,
precond_pen=1.300,20,-1.6988829269079897,86.18601616309805,1.3,2,0.4144289493560791,0.00789785385131836,0.0,10110010001011001011,+-++--+---+-++--+-++,0,True,"[[0.000157, 97.10293979], [0.00761, 93.8873557], [0.007898, 86.18601616]]",2,quantum,2,
precond_pen=1.400,20,-1.574696016472993,86.18601616309805,1.4,2,0.4722859859466553,0.009768962860107422,0.0,10110010001011001011,+-++--+---+-++--+-++,0,True,"[[0.000155, 97.10293979], [0.009208, 91.13056322], [0.009769, 86.18601616]]",2,quantum,2,
precond_pen=1.500,20,-1.4746208467450046,86.18601616309805,1.5,2,0.49608302116394043,0.020994901657104492,0.0,10110010001011001011,+-++--+---+-++--+-++,0,True,"[[0.000181, 97.10293979], [0.008108, 93.2635349], [0.008473, 87.73600063], [0.020995, 86.18601616]]",2,quantum,2,
precond_pen=1.600,20,-1.3921111048350046,86.18601616309805,1.6,2,0.7322530746459961,0.7109498977661133,0.0,10110010001011001011,+-++--+---+-++--+-++,0,True,"[[0.000144, 97.10293979], [0.008206, 93.2635349], [0.00866, 87.73600063], [0.024689, 87.34743637], [0.568314, 86.94986128], [0.71095, 86.18601616], [0.730912, 86.18601616]]",2,quantum,2,
precond_pen=1.700,20,-1.3228145173710057,86.18601616309805,1.7,2,0.5127031803131104,0.010255098342895508,0.0,10110010001011001011,+-++--+---+-++--+-++,0,True,"[[0.000202, 97.10293979], [0.009865, 96.81296026], [0.010255, 86.18601616]]",2,quantum,2,
precond_pen=1.800,20,-6.902721611981997,86.18601616309805,1.8,2,0.11736392974853516,0.010969877243041992,0.0,10110010001011001011,+-++--+---+-++--+-++,0,True,"[[0.000207, 97.10293979], [0.009916, 92.30902842], [0.01097, 86.18601616]]",2,quantum,2,
precond_pen=1.900,20,-7.253351205327004,86.18601616309805,1.9,2,0.17794179916381836,0.02740788459777832,0.0,01001101110100110100,-+--++-+++-+--++-+--,0,True,"[[0.00021, 97.10293979], [0.01011, 87.34743637], [0.027408, 86.18601616]]",2,quantum,2,
precond_pen=2.000,20,-11.758577743324004,86.18601616309805,2.0,2,0.12628793716430664,0.12006998062133789,0.0,01001101110100110100,-+--++-+++-+--++-+--,0,True,"[[0.000194, 97.10293979], [0.009227, 94.47797827], [0.009655, 88.06914732], [0.12007, 86.18601616], [0.125322, 86.18601616]]",2,quantum,2,
baseline,20,85.67646959644996,85.67646959644996,,2,0.26106905937194824,0.008893966674804688,0.0,00000110111101100101,-----++-++++-++--+-+,0,True,"[[0.000211, 100.2592436], [0.008894, 85.6764696]]",3,quantum,2,
precond_pen=1.100,20,-2.0124191366999984,85.67646959644996,1.1,2,0.42360496520996094,0.152238130569458,0.0,00000110111101100101,-----++-++++-++--+-+,0,True,"[[0.000201, 100.2592436], [0.009905, 95.1794966], [0.010396, 87.05925459], [0.152238, 85.6764696]]",3,quantum,2,
precond_pen=1.200,20,-1.8143117356210077,85.67646959644996,1.2,2,0.4785878658294678,0.008940935134887695,0.0,00000110111101100101,-----++-++++-++--+-+,0,True,"[[0.000143, 100.2592436], [0.008534, 92.05523056], [0.008941, 85.6764696]]",3,quantum,2,
precond_pen=1.300,20,-1.6639799269809945,85.67646959644996,1.3,2,0.8052248954772949,0.05599403381347656,0.0,11111001000010011010,+++++--+----+--++-+-,0,True,"[[0.000679, 100.2592436], [0.021243, 93.60721318], [0.023151, 93.2088425], [0.02462, 86.8557907], [0.055994, 85.6764696]]",3,quantum,2,
precond_pen=1.400,20,-1.7643390332109998,85.67646959644996,1.4,2,0.5472018718719482,0.03334403038024902,0.0,00000110111101100101,-----++-++++-++--+-+,0,True,"[[0.000926, 100.2592436], [0.031289, 93.43174124], [0.033344, 85.6764696]]",3,quantum,2,
precond_pen=1.500,20,-6.380405510909993,85.67646959644996,1.5,2,0.13580989837646484,0.048532962799072266,0.0,00000110111101100101,-----++-++++-++--+-+,0,True,"[[0.000161, 100.2592436], [0.008501, 95.4244872], [0.009227, 96.78752049], [0.009785, 95.11756741], [0.010154, 87.84885236], [0.048533, 85.6764696]]",3,quantum,2,
precond_pen=1.600,20,-7.201650713025009,85.67646959644996,1.6,2,0.07741284370422363,0.04504084587097168,0.0,00000110111101100101,-----++-++++-++--+-+,0,True,"[[0.000158, 100.2592436], [0.008212, 87.8253299], [0.008939, 87.84885236], [0.045041, 85.6764696]]",3,quantum,2,
precond_pen=1.700,20,-7.780881214916009,85.67646959644996,1.7,2,0.17893099784851074,0.027632951736450195,0.0,00000110111101100101,-----++-++++-++--+-+,0,True,"[[0.000174, 100.2592436], [0.009789, 94.73252449], [0.010667, 93.2088425], [0.011266, 87.84885236], [0.027633, 85.6764696]]",3,quantum,2,
precond_pen=1.800,20,-2.986399727381997,85.67646959644996,1.8,2,0.2950611114501953,0.00903010368347168,0.0,00000110111101100101,-----++-++++-++--+-+,0,True,"[[0.000203, 100.2592436], [0.007754, 97.74158062], [0.008166, 96.61527017], [0.008714, 95.49669108], [0.00903, 85.6764696]]",3,quantum,2,
precond_pen=1.900,20,-8.370741398825002,85.67646959644996,1.9,2,0.06300711631774902,0.021825075149536133,0.0,11111001000010011010,+++++--+----+--++-+-,0,True,"[[0.000207, 100.2592436], [0.007984, 90.92867947], [0.008747, 87.84885236], [0.021825, 85.6764696]]",3,quantum,2,
precond_pen=2.000,20,-14.997302168725996,85.67646959644996,2.0,2,0.09185290336608887,0.009279966354370117,0.0,00000110111101100101,-----++-++++-++--+-+,0,True,"[[0.000187, 100.2592436], [0.008128, 99.61926243], [0.008566, 101.26600627], [0.008855, 99.40621895], [0.00928, 85.6764696]]",3,quantum,2,
baseline,20,95.9516514162469,95.95165141624703,,2,0.45432400703430176,0.0562739372253418,0.0,01001101101001011100,-+--++-++-+--+-+++--,0,True,"[[0.000221, 108.15912238], [0.00746, 105.47468849], [0.007865, 96.22615194], [0.056274, 95.95165142]]",4,quantum,2,
precond_pen=1.100,20,-1.650566760274014,96.17217928737297,1.1,2,0.4312901496887207,0.02592301368713379,0.0,11100011001100110010,+++---++--++--++--+-,0,True,"[[0.000193, 108.15912238], [0.008581, 107.21835053], [0.009095, 98.16790094], [0.025923, 96.17217929]]",4,quantum,2,
precond_pen=1.200,20,-1.7077756862249913,96.17217928737297,1.2,2,0.5594229698181152,0.37584710121154785,0.0,11100011001100110010,+++---++--++--++--+-,0,True,"[[0.000138, 108.15912238], [0.006546, 107.21835053], [0.00679, 98.16790094], [0.275628, 98.32693519], [0.275972, 98.0772353], [0.276127, 97.26444326], [0.375847, 96.17217929]]",4,quantum,2,
precond_pen=1.300,20,-1.5648505230110015,96.17217928737297,1.3,2,0.4762849807739258,0.019903898239135742,0.0,11100011001100110010,+++---++--++--++--+-,0,True,"[[0.000136, 108.15912238], [0.006476, 104.18505941], [0.006741, 97.26444326], [0.019904, 96.17217929]]",4,quantum,2,
precond_pen=1.400,20,-1.4531812687700043,96.17217928737297,1.4,2,0.5095529556274414,0.009145975112915039,0.0,00011100110011001101,---+++--++--++--++-+,0,True,"[[0.000151, 108.15912238], [0.008549, 101.12096775], [0.009146, 95.95165142], [0.025246, 96.17217929]]",4,quantum,2,
precond_pen=1.500,20,-1.3642764964540035,95.95165141624703,1.5,2,0.48981714248657227,0.4826011657714844,0.0,10110010010110100011,+-++--+--+-++-+---++,0,True,"[[0.000126, 108.15912238], [0.006876, 106.13085115], [0.007145, 97.01520008], [0.017181, 96.17217929], [0.482601, 95.95165142], [0.488873, 95.95165142]]",4,quantum,2,
precond_pen=1.600,20,-1.2912762001910068,95.95165141624703,1.6,2,0.5536339282989502,0.5513019561767578,0.0,10110010010110100011,+-++--+--+-++-+---++,0,True,"[[0.000145, 108.15912238], [0.006664, 103.170125], [0.006956, 96.22615194], [0.018436, 96.17217929], [0.551302, 95.95165142], [0.552729, 95.95165142]]",4,quantum,2,
precond_pen=1.700,20,-1.2826733248250015,95.95165141624703,1.7,2,0.4779667854309082,0.45544886589050293,0.0,10110010010110100011,+-++--+--+-++-+---++,0,True,"[[0.000141, 108.15912238], [0.006683, 106.13085115], [0.006931, 97.01520008], [0.023762, 96.17217929], [0.455449, 95.95165142], [0.476856, 95.95165142]]",4,quantum,2,
precond_pen=1.800,20,-7.715274304335997,96.53066340809089,1.8,2,0.03320002555847168,0.008121013641357422,0.0,11110001001100110010,++++---+--++--++--+-,0,True,"[[0.000136, 108.15912238], [0.006767, 109.03718196], [0.007364, 103.68933841], [0.00779, 102.83543924], [0.008121, 96.53066341]]",4,quantum,2,
precond_pen=1.900,20,-2.625932818664001,96.31795521474696,1.9,2,0.2860078811645508,0.008307933807373047,0.0,00011110100011001101,---++++-+---++--++-+,0,True,"[[0.000125, 108.15912238], [0.007189, 103.86208758], [0.007756, 100.51664357], [0.008308, 96.31795521]]",4,quantum,2,
precond_pen=2.000,20,-2.1882446388169896,96.53066340809089,2.0,2,0.3423309326171875,0.32839298248291016,0.0,00001110110011001101,----+++-++--++--++-+,0,True,"[[0.00014, 108.15912238], [0.006854, 100.91620965], [0.007139, 97.01520008], [0.328393, 95.95165142], [0.328753, 96.17217929], [0.328892, 96.31795521], [0.34066, 96.53066341], [0.341466, 96.53066341]]",4,quantum,2,
baseline,20,82.85950408443097,82.85950408443104,,2,0.2583889961242676,0.19621491432189941,0.0,11100001001100110101,+++----+--++--++-+-+,0,True,"[[0.000127, 105.24454556], [0.007079, 100.61575624], [0.007529, 99.63767186], [0.008012, 84.02401955], [0.196215, 82.85950408], [0.257389, 82.85950408]]",5,quantum,2,
precond_pen=1.100,20,-2.2426547762349998,82.85950408443104,1.1,2,0.33720993995666504,0.17031002044677734,0.0,00011110110011001010,---++++-++--++--+-+-,0,True,"[[0.000132, 105.24454556], [0.007763, 99.78555258], [0.008167, 84.9557184], [0.022959, 84.02401955], [0.169236, 83.36120061], [0.17031, 82.85950408]]",5,quantum,2,
precond_pen=1.200,20,-2.0087333988319873,82.85950408443104,1.2,2,0.380903959274292,0.00747990608215332,0.0,11100001001100110101,+++----+--++--++-+-+,0,True,"[[0.000136, 105.24454556], [0.007105, 102.5319869], [0.00748, 82.85950408]]",5,quantum,2,
precond_pen=1.300,20,-1.8325824624290021,82.85950408443104,1.3,2,0.47225308418273926,0.007451057434082031,0.0,11100001001100110101,+++----+--++--++-+-+,0,True,"[[0.000121, 105.24454556], [0.007138, 102.13085457], [0.007451, 82.85950408]]",5,quantum,2,
precond_pen=1.400,20,-1.6946596922510135,82.85950408443104,1.4,2,0.3908050060272217,0.0067291259765625,0.0,11100001001100110101,+++----+--++--++-+-+,0,True,"[[0.000125, 105.24454556], [0.006483, 102.13085457], [0.006729, 82.85950408]]",5,quantum,2,
precond_pen=1.500,20,-1.583467435654999,82.85950408443104,1.5,2,0.5583860874176025,0.00680994987487793,0.0,00011110110011001010,---++++-++--++--+-+-,0,True,"[[0.000123, 105.24454556], [0.006531, 97.58388403], [0.00681, 82.85950408]]",5,quantum,2,
precond_pen=1.600,20,-1.571155147328005,82.85950408443104,1.6,2,0.48006415367126465,0.006495952606201172,0.0,00011110110011001010,---++++-++--++--+-+-,0,True,"[[0.000125, 105.24454556], [0.006235, 97.58388403], [0.006496, 82.85950408]]",5,quantum,2,
precond_pen=1.700,20,-1.5555868470349932,82.85950408443104,1.7,2,0.36342501640319824,0.00840306282043457,0.0,00011110110011001010,---++++-++--++--+-+-,0,True,"[[0.000146, 105.24454556], [0.00799, 94.47603509], [0.008403, 82.85950408]]",5,quantum,2,
precond_pen=1.800,20,-3.2371028994170015,82.85950408443104,1.8,2,0.21833300590515137,0.21556591987609863,0.0,00011110110011001010,---++++-++--++--+-+-,0,True,"[[0.000214, 105.24454556], [0.010993, 96.6393817], [0.012257, 96.03510001], [0.012672, 83.35668951], [0.215566, 82.85950408], [0.217511, 82.85950408]]",5,quantum,2,
precond_pen=1.900,20,-5.357702302035998,82.85950408443104,1.9,2,0.20053505897521973,0.18686199188232422,0.0,00011110110011001010,---++++-++--++--+-+-,0,True,"[[0.00084, 105.24454556], [0.025789, 98.33033704], [0.028009, 97.48483065], [0.02979, 92.83623767], [0.030478, 84.9557184], [0.044248, 83.35668951], [0.186862, 82.85950408]]",5,quantum,2,
precond_pen=2.000,20,-17.738279824434002,82.85950408443104,2.0,2,0.04051804542541504,0.009448051452636719,0.0,11100001001100110101,+++----+--++--++-+-+,0,True,"[[0.00015, 105.24454556], [0.00857, 89.69408799], [0.009448, 82.85950408]]",5,quantum,2,
baseline,20,88.71565305593603,88.71565305593602,,2,0.4821479320526123,0.11275100708007812,0.0,01110000111100000111,-+++----++++-----+++,0,True,"[[0.000177, 109.73299824], [0.009374, 108.28913449], [0.00989, 93.69489405], [0.112751, 88.71565306]]",6,quantum,2,
precond_pen=1.100,20,-2.3757691671600067,88.71565305593602,1.1,2,0.2776970863342285,0.02171611785888672,0.0,01110000111100000111,-+++----++++-----+++,0,True,"[[0.000146, 109.73299824], [0.007633, 107.40119647], [0.007989, 93.69146671], [0.021716, 88.71565306]]",6,quantum,2,
precond_pen=1.200,20,-2.1135120333760096,88.71565305593602,1.2,2,0.3591880798339844,0.024877071380615234,0.0,10001111000011111000,+---++++----+++++---,0,True,"[[0.000138, 109.73299824], [0.008648, 104.58854137], [0.009114, 89.50648883], [0.024877, 88.71565306]]",6,quantum,2,
precond_pen=1.300,20,-1.9187703652720067,88.71565305593602,1.3,2,0.4366130828857422,0.02027106285095215,0.0,10001111000011111000,+---++++----+++++---,0,True,"[[0.000138, 109.73299824], [0.006898, 105.66186949], [0.007266, 89.50648883], [0.020271, 88.71565306]]",6,quantum,2,
precond_pen=1.400,20,-1.767760575366001,88.71565305593602,1.4,2,0.4590950012207031,0.02252197265625,0.0,10001111000011111000,+---++++----+++++---,0,True,"[[0.000144, 109.73299824], [0.007803, 103.92584416], [0.008155, 89.50648883], [0.022522, 88.71565306]]",6,quantum,2,
precond_pen=1.500,20,-1.6468890729529928,88.71565305593602,1.5,2,0.5923209190368652,0.5845410823822021,0.0,01110000111100000111,-+++----++++-----+++,0,True,"[[0.000177, 109.73299824], [0.008276, 103.92584416], [0.008607, 89.50648883], [0.580601, 89.21741223], [0.584541, 88.71565306], [0.589964, 88.71565306]]",6,quantum,2,
precond_pen=1.600,20,-7.808794670376008,88.71565305593602,1.6,2,0.1859581470489502,0.02312922477722168,0.0,01110000111100000111,-+++----++++-----+++,0,True,"[[0.000902, 109.73299824], [0.019507, 103.05790163], [0.022525, 101.76422513], [0.023129, 88.71565306]]",6,quantum,2,
precond_pen=1.700,20,-1.464822728943,88.71565305593602,1.7,2,0.5444560050964355,0.01907491683959961,0.0,10001111000011111000,+---++++----+++++---,0,True,"[[0.000163, 109.73299824], [0.008016, 103.92584416], [0.008398, 89.50648883], [0.019075, 88.71565306]]",6,quantum,2,
precond_pen=1.800,20,-1.4554161419579899,88.71565305593602,1.8,2,0.34886908531188965,0.0267789363861084,0.0,10001111000011111000,+---++++----+++++---,0,True,"[[0.000163, 109.73299824], [0.007948, 103.92584416], [0.008246, 89.50648883], [0.026779, 88.71565306]]",6,quantum,2,
precond_pen=1.900,20,-9.661920499450002,88.71565305593602,1.9,2,0.07931900024414062,0.00845193862915039,0.0,01110000111100000111,-+++----++++-----+++,0,True,"[[0.000173, 109.73299824], [0.007636, 97.08051199], [0.008452, 88.71565306]]",6,quantum,2,
precond_pen=2.000,20,-15.884509032856005,89.21741223230005,2.0,2,0.08176302909851074,0.007297039031982422,0.0,10001111000011011001,+---++++----++-++--+,0,True,"[[0.000151, 109.73299824], [0.006225, 102.92284163], [0.0068, 102.11352296], [0.007297, 89.21741223]]",6,quantum,2,
baseline,20,85.6369000782881,85.63690007828797,,2,0.340817928314209,0.2604959011077881,0.0,10010110110000111010,+--+-++-++----+++-+-,0,True,"[[0.000167, 100.42888407], [0.008251, 86.68155316], [0.190007, 85.68813474], [0.260496, 85.63690008], [0.337854, 85.63690008]]",7,quantum,2,
precond_pen=1.100,20,-2.212732957745013,85.63690007828797,1.1,2,0.3146791458129883,0.31061291694641113,0.0,01101001001111000101,-++-+--+--++++---+-+,0,True,"[[0.000153, 100.42888407], [0.007763, 97.52343489], [0.008081, 85.68813474], [0.310613, 85.63690008]]",7,quantum,2,
precond_pen=1.200,20,-2.1793292195300005,85.63690007828797,1.2,2,0.40161585807800293,0.39904093742370605,0.0,10010110110000111010,+--+-++-++----+++-+-,0,True,"[[0.000151, 100.42888407], [0.007278, 97.52343489], [0.007578, 85.68813474], [0.399041, 85.63690008], [0.400238, 85.63690008]]",7,quantum,2,
precond_pen=1.300,20,-11.973983497637,85.90424433452202,1.3,2,0.03385186195373535,0.00774693489074707,0.0,10010011110010010011,+--+--++++--+--+--++,0,True,"[[0.000139, 100.42888407], [0.007034, 91.59540708], [0.007747, 85.68813474], [0.020477, 85.90424433]]",7,quantum,2,
precond_pen=1.400,20,-1.6681459083879933,85.63690007828797,1.4,2,0.5523061752319336,0.3773491382598877,0.0,10010110110000111010,+--+-++-++----+++-+-,0,True,"[[0.000128, 100.42888407], [0.006103, 99.70716589], [0.006469, 97.5987919], [0.006759, 93.87328891], [0.006988, 85.68813474], [0.377349, 85.63690008]]",7,quantum,2,
precond_pen=1.500,20,-6.87657408019399,85.68813473851395,1.5,2,0.19821500778198242,0.01155710220336914,0.0,10010010111100010011,+--+--+-++++---+--++,0,True,"[[0.000162, 100.42888407], [0.009782, 92.24461525], [0.011048, 90.48139207], [0.011557, 85.68813474], [0.189125, 86.97968911]]",7,quantum,2,
precond_pen=1.600,20,-7.854275572360999,85.68813473851395,1.6,2,0.13300013542175293,0.010185956954956055,0.0,10010010111100010011,+--+--+-++++---+--++,0,True,"[[0.000138, 100.42888407], [0.008421, 100.53342552], [0.009058, 97.5987919], [0.009658, 96.44258133], [0.010186, 85.68813474]]",7,quantum,2,
precond_pen=1.700,20,-8.563294137823,86.00633422320197,1.7,2,0.10528182983398438,0.009655952453613281,0.0,10010010111000110011,+--+--+-+++---++--++,0,True,"[[0.000173, 100.42888407], [0.008023, 92.49364976], [0.009173, 93.00892284], [0.009656, 85.90424433], [0.0667, 86.00633422]]",7,quantum,2,
precond_pen=1.800,20,-9.050599725048002,86.00633422320197,1.8,2,0.10602116584777832,0.009552001953125,0.0,10010010111000110011,+--+--+-+++---++--++,0,True,"[[0.000141, 100.42888407], [0.008164, 96.09844455], [0.008729, 96.14866158], [0.009234, 95.90839791], [0.009552, 85.90424433], [0.025125, 86.00633422]]",7,quantum,2,
precond_pen=1.900,20,-14.967699455207004,85.68813473851395,1.9,2,0.11459088325500488,0.010463953018188477,0.0,01101101000011101100,-++-++-+----+++-++--,0,True,"[[0.00014, 100.42888407], [0.009413, 94.82647892], [0.010464, 85.68813474]]",7,quantum,2,
precond_pen=2.000,20,-15.642757467672002,85.68813473851395,2.0,2,0.11974000930786133,0.027513980865478516,0.0,10010010111100010011,+--+--+-++++---+--++,0,True,"[[0.000174, 100.42888407], [0.009729, 94.93071147], [0.011154, 93.7233173], [0.0118, 85.81986277], [0.027514, 85.68813474]]",7,quantum,2,
baseline,20,79.77328345706597,79.77328345706601,,2,0.2970108985900879,0.010705947875976562,0.0,10101110100100110010,+-+-+++-+--+--++--+-,0,True,"[[0.000224, 96.55726062], [0.008825, 95.73930033], [0.010075, 90.56198097], [0.010706, 79.77328346]]",8,quantum,2,
precond_pen=1.100,20,-2.251624458740009,79.77328345706601,1.1,2,0.3652970790863037,0.011748075485229492,0.0,01010001011011001101,-+-+---+-++-++--++-+,0,True,"[[0.00019, 96.55726062], [0.01113, 95.17105261], [0.011748, 79.77328346]]",8,quantum,2,
precond_pen=1.200,20,-2.0234571192719972,79.77328345706601,1.2,2,0.39011502265930176,0.3849799633026123,0.0,10101110100100110010,+-+-+++-+--+--++--+-,0,True,"[[0.000152, 96.55726062], [0.007957, 93.48060135], [0.008372, 83.36857148], [0.02201, 82.03283412], [0.38498, 79.77328346], [0.38903, 79.77328346]]",8,quantum,2,
precond_pen=1.300,20,-1.9999087816719907,79.77328345706601,1.3,2,0.40047597885131836,0.1850428581237793,0.0,10101110100100110010,+-+-+++-+--+--++--+-,0,True,"[[0.000139, 96.55726062], [0.008145, 95.86268517], [0.008579, 83.36857148], [0.023296, 83.33841424], [0.176793, 83.28974867], [0.177298, 80.96608517], [0.185043, 79.77328346]]",8,quantum,2,
precond_pen=1.400,20,-1.713186991907996,79.77328345706601,1.4,2,0.38932085037231445,0.3351399898529053,0.0,10101110100100110010,+-+-+++-+--+--++--+-,0,True,"[[0.000148, 96.55726062], [0.008167, 94.56077453], [0.008803, 82.03283412], [0.33514, 79.77328346]]",8,quantum,2,
precond_pen=1.500,20,-1.6023306037120033,79.77328345706601,1.5,2,0.4889519214630127,0.00988006591796875,0.0,01010001011011001101,-+-+---+-++-++--++-+,0,True,"[[0.000134, 96.55726062], [0.009393, 91.73957139], [0.00988, 79.77328346]]",8,quantum,2,
precond_pen=1.600,20,-1.5900968973480047,79.77328345706601,1.6,2,0.4230780601501465,0.008172035217285156,0.0,01010001011011001101,-+-+---+-++-++--++-+,0,True,"[[0.000138, 96.55726062], [0.007802, 90.14653234], [0.008172, 79.77328346]]",8,quantum,2,
precond_pen=1.700,20,-8.967988121617006,79.77328345706601,1.7,2,0.04682302474975586,0.009773969650268555,0.0,01010001011011001101,-+-+---+-++-++--++-+,0,True,"[[0.000138, 96.55726062], [0.008342, 90.29170205], [0.008962, 89.05707432], [0.009428, 89.60747812], [0.009774, 79.77328346]]",8,quantum,2,
precond_pen=1.800,20,-9.456976100322988,79.77328345706601,1.8,2,0.047042131423950195,0.009100198745727539,0.0,01010001011011001101,-+-+---+-++-++--++-+,0,True,"[[0.001056, 96.55726062], [0.008533, 83.22494858], [0.0091, 79.77328346]]",8,quantum,2,
precond_pen=1.900,20,-9.747283130742002,79.77328345706601,1.9,2,0.046365976333618164,0.00851893424987793,0.0,01010001011011001101,-+-+---+-++-++--++-+,0,True,"[[0.000141, 96.55726062], [0.007687, 83.22494858], [0.008519, 79.77328346]]",8,quantum,2,
precond_pen=2.000,20,-12.391072994347999,79.77328345706601,2.0,2,0.044384002685546875,0.009989023208618164,0.0,01010001011011001101,-+-+---+-++-++--++-+,0,True,"[[0.000141, 96.55726062], [0.008348, 92.9708931], [0.009048, 91.19013355], [0.009588, 90.56198097], [0.009989, 79.77328346]]",8,quantum,2,
baseline,20,88.48452697954204,88.48452697954197,,2,0.24211597442626953,0.04839205741882324,0.0,00100101001101010111,--+--+-+--++-+-+-+++,0,True,"[[0.000136, 97.81162164], [0.007562, 89.33706487], [0.048392, 88.48452698]]",9,quantum,2,
precond_pen=1.100,20,-2.1742188925990096,88.48452697954197,1.1,2,0.39246606826782227,0.024468183517456055,0.0,00100101001101010111,--+--+-+--++-+-+-+++,0,True,"[[0.00015, 97.81162164], [0.007238, 96.82653495], [0.007569, 88.61249637], [0.024468, 88.48452698]]",9,quantum,2,
precond_pen=1.200,20,-2.142540101155994,88.48452697954197,1.2,2,0.45167994499206543,0.026752948760986328,0.0,00100101001101010111,--+--+-+--++-+-+-+++,0,True,"[[0.000148, 97.81162164], [0.008904, 89.33706487], [0.026753, 88.48452698]]",9,quantum,2,
precond_pen=1.300,20,-1.7795016497000073,88.48452697954197,1.3,2,0.4031050205230713,0.17559385299682617,0.0,00100101001101010111,--+--+-+--++-+-+-+++,0,True,"[[0.000134, 97.81162164], [0.00868, 89.33706487], [0.175594, 88.48452698]]",9,quantum,2,
precond_pen=1.400,20,-1.646760587344998,88.48452697954197,1.4,2,0.375399112701416,0.008067131042480469,0.0,00100101001101010111,--+--+-+--++-+-+-+++,0,True,"[[0.000132, 97.81162164], [0.007703, 96.85876838], [0.008067, 88.48452698]]",9,quantum,2,
precond_pen=1.500,20,-1.539760282032999,88.48452697954197,1.5,2,0.4171719551086426,0.008135080337524414,0.0,00100101001101010111,--+--+-+--++-+-+-+++,0,True,"[[0.000145, 97.81162164], [0.0077, 96.34165566], [0.008135, 88.48452698]]",9,quantum,2,
precond_pen=1.600,20,-1.5278020838629995,88.48452697954197,1.6,2,0.4115450382232666,0.4091370105743408,0.0,00100101001101010111,--+--+-+--++-+-+-+++,0,True,"[[0.000139, 97.81162164], [0.008413, 89.33706487], [0.409137, 88.48452698], [0.410418, 88.48452698]]",9,quantum,2,
precond_pen=1.700,20,-1.5126340198200072,88.48452697954197,1.7,2,0.4783601760864258,0.4725170135498047,0.0,00100101001101010111,--+--+-+--++-+-+-+++,0,True,"[[0.000925, 97.81162164], [0.008038, 89.33706487], [0.418247, 88.61249637], [0.472517, 88.48452698], [0.476782, 88.48452698]]",9,quantum,2,
precond_pen=1.800,20,-3.3047390721600056,88.48452697954197,1.8,2,0.18832707405090332,0.184495210647583,0.0,11011010110010101000,++-++-+-++--+-+-+---,0,True,"[[0.000146, 97.81162164], [0.008934, 96.67645728], [0.009542, 88.61249637], [0.184495, 88.48452698]]",9,quantum,2,
precond_pen=1.900,20,-9.673224552217995,88.48452697954197,1.9,2,0.09654498100280762,0.007654905319213867,0.0,11011010110010101000,++-++-+-++--+-+-+---,0,True,"[[0.000137, 97.81162164], [0.00694, 93.80721746], [0.007655, 88.48452698]]",9,quantum,2,
precond_pen=2.000,20,-3.1974163040859978,88.48452697954197,2.0,2,0.21410107612609863,0.007651090621948242,0.0,00100101001101010111,--+--+-+--++-+-+-+++,0,True,"[[0.000123, 97.81162164], [0.00732, 96.37524005], [0.007651, 88.48452698]]",9,quantum,2,
baseline,20,83.23887641655998,83.23887641655996,,2,0.2510099411010742,0.05467987060546875,0.0,01101010011100100101,-++-+-+--+++--+--+-+,0,True,"[[0.000137, 104.2780989], [0.007357, 98.10284215], [0.008059, 97.78319211], [0.008632, 84.11801038], [0.05468, 83.23887642]]",10,quantum,2,
precond_pen=1.100,20,-2.211813052645999,83.23887641655996,1.1,2,0.4347100257873535,0.007367134094238281,0.0,10010101100011011010,+--+-+-++---++-++-+-,0,True,"[[0.000135, 104.2780989], [0.006897, 94.77453974], [0.007367, 83.23887642]]",10,quantum,2,
precond_pen=1.200,20,-2.1793840951440036,83.23887641655996,1.2,2,0.42847609519958496,0.009001016616821289,0.0,10010101100011011010,+--+-+-++---++-++-+-,0,True,"[[0.000139, 104.2780989], [0.008323, 94.77453974], [0.009001, 83.23887642]]",10,quantum,2,
precond_pen=1.300,20,-1.809702998214,83.23887641655996,1.3,2,0.4424409866333008,0.01840806007385254,0.0,10010101100011011010,+--+-+-++---++-++-+-,0,True,"[[0.000184, 104.2780989], [0.008755, 96.19791319], [0.009257, 86.65551469], [0.018408, 83.23887642]]",10,quantum,2,
precond_pen=1.400,20,-1.674445670714002,83.23887641655996,1.4,2,0.5299298763275146,0.010554790496826172,0.0,10010101100011011010,+--+-+-++---++-++-+-,0,True,"[[0.000188, 104.2780989], [0.009783, 98.70205912], [0.010555, 83.23887642]]",10,quantum,2,
precond_pen=1.500,20,-1.5653726734239939,83.23887641655996,1.5,2,0.48993682861328125,0.011414051055908203,0.0,01101010011100100101,-++-+-+--+++--+--+-+,0,True,"[[0.0002, 104.2780989], [0.010924, 97.97750054], [0.011414, 83.23887642]]",10,quantum,2,
precond_pen=1.600,20,-1.553167484060996,83.23887641655996,1.6,2,0.49941587448120117,0.00922083854675293,0.0,01101010011100100101,-++-+-+--+++--+--+-+,0,True,"[[0.000196, 104.2780989], [0.008809, 97.97750054], [0.009221, 83.23887642]]",10,quantum,2,
precond_pen=1.700,20,-9.760998662378002,83.23887641655996,1.7,2,0.17235493659973145,0.011389017105102539,0.0,01101010011100100101,-++-+-+--+++--+--+-+,0,True,"[[0.000196, 104.2780989], [0.010735, 95.36230821], [0.011389, 83.23887642]]",10,quantum,2,
precond_pen=1.800,20,-1.3352922115809935,83.23887641655996,1.8,2,0.43681907653808594,0.008239030838012695,0.0,01101010011100100101,-++-+-+--+++--+--+-+,0,True,"[[0.000138, 104.2780989], [0.007207, 96.38557949], [0.007793, 94.42120626], [0.008239, 83.23887642]]",10,quantum,2,
precond_pen=1.900,20,-10.340125656809004,83.23887641655996,1.9,2,0.10961103439331055,0.008244991302490234,0.0,01101010011100100101,-++-+-+--+++--+--+-+,0,True,"[[0.000138, 104.2780989], [0.006996, 96.14368225], [0.007589, 94.42120626], [0.007962, 91.59078888], [0.008245, 83.23887642]]",10,quantum,2,
precond_pen=2.000,20,-10.412982993909,83.23887641655996,2.0,2,0.11759710311889648,0.008152008056640625,0.0,01101010011100100101,-++-+-+--+++--+--+-+,0,True,"[[0.000148, 104.2780989], [0.006852, 91.24606441], [0.007765, 89.35077638], [0.008152, 83.23887642]]",10,quantum,2,
baseline,20,76.31510007514902,76.31510007514892,,2,0.31947898864746094,0.006343841552734375,0.0,00111100000010111110,--++++------+-+++++-,0,True,"[[0.000138, 96.29156649], [0.005458, 88.84832625], [0.005972, 88.11419514], [0.006344, 76.31510008]]",11,quantum,2,
precond_pen=1.100,20,-2.295606702627998,76.31510007514892,1.1,2,0.3370699882507324,0.007994890213012695,0.0,11000011111101000001,++----++++++-+-----+,0,True,"[[0.000163, 96.29156649], [0.007575, 89.31592519], [0.007995, 76.31510008]]",11,quantum,2,
precond_pen=1.200,20,-2.0583085167819917,76.31510007514892,1.2,2,0.3450431823730469,0.007705211639404297,0.0,11000011111101000001,++----++++++-+-----+,0,True,"[[0.000151, 96.29156649], [0.007331, 92.70844378], [0.007705, 76.31510008]]",11,quantum,2,
precond_pen=1.300,20,-1.8786817497559873,76.31510007514892,1.3,2,0.563215970993042,0.007385969161987305,0.0,11000011111101000001,++----++++++-+-----+,0,True,"[[0.000148, 96.29156649], [0.00705, 93.02150455], [0.007386, 76.31510008]]",11,quantum,2,
precond_pen=1.400,20,-1.8595066111869958,76.31510007514892,1.4,2,0.43230390548706055,0.021214008331298828,0.0,00111100000010111110,--++++------+-+++++-,0,True,"[[0.000143, 96.29156649], [0.007304, 87.87720951], [0.007621, 81.7845949], [0.021214, 76.31510008]]",11,quantum,2,
precond_pen=1.500,20,-1.4739536204860002,76.31510007514892,1.5,2,0.4935951232910156,0.007108926773071289,0.0,11000011111101000001,++----++++++-+-----+,0,True,"[[0.000153, 96.29156649], [0.00677, 89.50635065], [0.007109, 76.31510008]]",11,quantum,2,
precond_pen=1.600,20,-7.902190554429005,76.31510007514892,1.6,2,0.03981614112854004,0.007941007614135742,0.0,11000011111101000001,++----++++++-+-----+,0,True,"[[0.000156, 96.29156649], [0.006962, 86.38659897], [0.007619, 87.16452761], [0.007941, 76.31510008]]",11,quantum,2,
precond_pen=1.700,20,-8.799625459698001,76.31510007514892,1.7,2,0.04072904586791992,0.008438825607299805,0.0,11000011111101000001,++----++++++-+-----+,0,True,"[[0.000156, 96.29156649], [0.007126, 90.67991249], [0.007718, 89.15008558], [0.008084, 84.30141064], [0.008439, 76.31510008]]",11,quantum,2,
precond_pen=1.800,20,-9.423776799573002,76.31510007514892,1.8,2,0.04364800453186035,0.007181882858276367,0.0,00111100000010111110,--++++------+-+++++-,0,True,"[[0.000125, 96.29156649], [0.006223, 86.22967093], [0.006741, 85.56223191], [0.007182, 76.31510008]]",11,quantum,2,
precond_pen=1.900,20,-3.2625275153069975,76.31510007514892,1.9,2,0.24335098266601562,0.19812393188476562,0.0,00111100000010111110,--++++------+-+++++-,0,True,"[[0.000148, 96.29156649], [0.00677, 93.91379692], [0.007226, 92.33069845], [0.007527, 88.90376614], [0.007783, 78.74483472], [0.198124, 76.31510008]]",11,quantum,2,
precond_pen=2.000,20,-17.889214045921,76.31510007514892,2.0,2,0.035726070404052734,0.008269071578979492,0.0,00111100000010111110,--++++------+-+++++-,0,True,"[[0.000162, 96.29156649], [0.007427, 83.91591248], [0.008269, 76.31510008]]",11,quantum,2,
baseline,20,77.75058841425097,77.75058841425094,,2,0.23958706855773926,0.007070064544677734,0.0,10100000011101111001,+-+------+++-++++--+,0,True,"[[0.000143, 92.22246372], [0.006039, 91.70296296], [0.006479, 91.12879427], [0.006863, 91.05408728], [0.00707, 77.75058841]]",12,quantum,2,
precond_pen=1.100,20,-4.073777787953002,77.75058841425094,1.1,2,0.06872200965881348,0.02128911018371582,0.0,01011111100010000110,-+-++++++---+----++-,0,True,"[[0.000147, 92.22246372], [0.00633, 90.67417158], [0.006686, 91.12879427], [0.007076, 78.9912649], [0.021289, 77.75058841]]",12,quantum,2,
precond_pen=1.200,20,-18.874455555992,77.75058841425094,1.2,2,0.03485894203186035,0.008495092391967773,0.0,10100000011101111001,+-+------+++-++++--+,0,True,"[[0.000133, 92.22246372], [0.007707, 90.30523269], [0.008495, 77.75058841]]",12,quantum,2,
precond_pen=1.300,20,-1.794153068982995,77.75058841425094,1.3,2,0.468764066696167,0.021075963973999023,0.0,01011111100010000110,-+-++++++---+----++-,0,True,"[[0.000132, 92.22246372], [0.006671, 89.09933894], [0.006947, 78.9912649], [0.021076, 77.75058841]]",12,quantum,2,
precond_pen=1.400,20,-1.8732791451980013,77.75058841425094,1.4,2,0.3093230724334717,0.018362045288085938,0.0,01011111100010000110,-+-++++++---+----++-,0,True,"[[0.000133, 92.22246372], [0.006052, 91.86260287], [0.006294, 80.61312742], [0.018362, 77.75058841]]",12,quantum,2,
precond_pen=1.500,20,-1.7424130993449989,77.75058841425094,1.5,2,0.33408093452453613,0.007074117660522461,0.0,01011111100010000110,-+-++++++---+----++-,0,True,"[[0.000163, 92.22246372], [0.007074, 77.75058841]]",12,quantum,2,
precond_pen=1.600,20,-9.517857134585993,77.75058841425094,1.6,2,0.10144591331481934,0.09339594841003418,0.0,10100000011101111001,+-+------+++-++++--+,0,True,"[[0.000112, 92.22246372], [0.006468, 89.83223739], [0.006989, 91.12879427], [0.007764, 87.80129846], [0.008174, 79.4547428], [0.093396, 77.75058841]]",12,quantum,2,
precond_pen=1.700,20,-10.526941188111001,77.75058841425094,1.7,2,0.08305191993713379,0.006211996078491211,0.0,10100000011101111001,+-+------+++-++++--+,0,True,"[[0.000119, 92.22246372], [0.005605, 84.56143142], [0.006212, 77.75058841]]",12,quantum,2,
precond_pen=1.800,20,-3.442862936374004,77.75058841425094,1.8,2,0.1538410186767578,0.02062702178955078,0.0,01011111100010000110,-+-++++++---+----++-,0,True,"[[0.000116, 92.22246372], [0.006725, 86.38048692], [0.007497, 79.4547428], [0.020627, 77.75058841]]",12,quantum,2,
precond_pen=1.900,20,-5.489366383396002,77.75058841425094,1.9,2,0.1726539134979248,0.007751941680908203,0.0,10100000011101111001,+-+------+++-++++--+,0,True,"[[0.000121, 92.22246372], [0.006349, 89.89611107], [0.007328, 88.59177004], [0.007752, 77.75058841]]",12,quantum,2,
precond_pen=2.000,20,-12.737649997889001,77.75058841425094,2.0,2,0.07999897003173828,0.006351947784423828,0.0,01011111100010000110,-+-++++++---+----++-,0,True,"[[0.000108, 92.22246372], [0.006352, 77.75058841]]",12,quantum,2,
baseline,20,89.44390718160102,89.44390718160099,,2,0.2708559036254883,0.15543293952941895,0.0,01001100101101000111,-+--++--+-++-+---+++,0,True,"[[0.000121, 106.21881692], [0.005246, 105.16036908], [0.005481, 89.74403957], [0.155433, 89.44390718]]",13,quantum,2,
precond_pen=1.100,20,-2.0872927684060034,89.44390718160099,1.1,2,0.39296603202819824,0.0062830448150634766,0.0,01001100101101000111,-+--++--+-++-+---+++,0,True,"[[0.000118, 106.21881692], [0.005997, 103.00388699], [0.006283, 89.44390718]]",13,quantum,2,
precond_pen=1.200,20,-1.8738260439419978,89.44390718160099,1.2,2,0.36319708824157715,0.007267951965332031,0.0,01001100101101000111,-+--++--+-++-+---+++,0,True,"[[0.000117, 106.21881692], [0.007015, 97.96183222], [0.007268, 89.44390718]]",13,quantum,2,
precond_pen=1.300,20,-1.7131658104899916,89.44390718160099,1.3,2,0.3767740726470947,0.007548093795776367,0.0,01001100101101000111,-+--++--+-++-+---+++,0,True,"[[0.000127, 106.21881692], [0.007212, 93.17255534], [0.007548, 89.44390718]]",13,quantum,2,
precond_pen=1.400,20,-1.5874114852370038,89.44390718160099,1.4,2,0.4813809394836426,0.006592988967895508,0.0,01001100101101000111,-+--++--+-++-+---+++,0,True,"[[0.000119, 106.21881692], [0.006373, 94.0050643], [0.006593, 89.44390718]]",13,quantum,2,
precond_pen=1.500,20,-1.4860483567110059,89.44390718160099,1.5,2,0.5030379295349121,0.5013570785522461,0.0,10110011010010111000,+-++--++-+--+-+++---,0,True,"[[0.000124, 106.21881692], [0.006259, 95.66425118], [0.006471, 89.74403957], [0.501357, 89.44390718], [0.502096, 89.44390718]]",13,quantum,2,
precond_pen=1.600,20,-1.4024569156760105,89.44390718160099,1.6,2,0.4712860584259033,0.007804155349731445,0.0,01001100101101000111,-+--++--+-++-+---+++,0,True,"[[0.000125, 106.21881692], [0.007499, 101.88397592], [0.007804, 89.44390718]]",13,quantum,2,
precond_pen=1.700,20,-1.3928162115290021,89.44390718160099,1.7,2,0.585136890411377,0.0067059993743896484,0.0,01001100101101000111,-+--++--+-++-+---+++,0,True,"[[0.00013, 106.21881692], [0.006441, 101.88397592], [0.006706, 89.44390718]]",13,quantum,2,
precond_pen=1.800,20,-1.2723815463549961,89.44390718160099,1.8,2,0.5451779365539551,0.03497505187988281,0.0,10110011010010111000,+-++--++-+--+-+++---,0,True,"[[0.000138, 106.21881692], [0.008611, 95.70354131], [0.009081, 89.74403957], [0.034975, 89.44390718]]",13,quantum,2,
precond_pen=1.900,20,-8.556927452041998,89.97816943476903,1.9,2,0.13605904579162598,0.013752937316894531,0.0,10001010011011010101,+---+-+--++-++-+-+-+,0,True,"[[0.00025, 106.21881692], [0.011543, 104.1768642], [0.012288, 103.72570808], [0.013354, 93.73262835], [0.013753, 89.74403957], [0.044685, 89.97816943]]",13,quantum,2,
precond_pen=2.000,20,-8.680652311603994,89.97816943476903,2.0,2,0.16181111335754395,0.012258052825927734,0.0,10001010011011010101,+---+-+--++-++-+-+-+,0,True,"[[0.000256, 106.21881692], [0.010066, 102.97485022], [0.010866, 103.72570808], [0.011729, 97.97305752], [0.012258, 89.97816943]]",13,quantum,2,
baseline,20,82.31170179008105,82.31170179008107,,2,0.5400481224060059,0.009395122528076172,0.0,01010111000011010110,-+-+-+++----++-+-++-,0,True,"[[0.000209, 96.17608724], [0.008995, 95.63332807], [0.009395, 82.31170179]]",14,quantum,2,
precond_pen=1.100,20,-2.2056781558199905,82.31170179008107,1.1,2,0.4862990379333496,0.013728141784667969,0.0,01010111000011010110,-+-+-+++----++-+-++-,0,True,"[[0.000264, 96.17608724], [0.013144, 96.30273573], [0.013728, 82.31170179]]",14,quantum,2,
precond_pen=1.200,20,-2.1733500809010007,82.31170179008107,1.2,2,0.4718289375305176,0.019972801208496094,0.0,10101000111100101001,+-+-+---++++--+-+--+,0,True,"[[0.00074, 96.17608724], [0.019973, 82.31170179]]",14,quantum,2,
precond_pen=1.300,20,-1.8075192953100032,82.31170179008107,1.3,2,0.603320837020874,0.02034592628479004,0.0,10101000111100101001,+-+-+---++++--+-+--+,0,True,"[[0.000417, 96.17608724], [0.020346, 82.31170179]]",14,quantum,2,
precond_pen=1.400,20,-1.673015343077001,82.31170179008107,1.4,2,0.3844931125640869,0.024964094161987305,0.0,01010111000011010110,-+-+-+++----++-+-++-,0,True,"[[0.000206, 96.17608724], [0.009427, 91.48949129], [0.009969, 85.75770832], [0.024964, 82.31170179]]",14,quantum,2,
precond_pen=1.500,20,-1.5643936243679928,82.31170179008107,1.5,2,0.34142494201660156,0.021569013595581055,0.0,10101000111100101001,+-+-+---++++--+-+--+,0,True,"[[0.000137, 96.17608724], [0.006801, 93.35935328], [0.007129, 85.75770832], [0.021569, 82.31170179]]",14,quantum,2,
precond_pen=1.600,20,-1.4746958200559934,82.31170179008107,1.6,2,0.3570230007171631,0.02267599105834961,0.0,10101000111100101001,+-+-+---++++--+-+--+,0,True,"[[0.000139, 96.17608724], [0.007746, 91.66773706], [0.008096, 85.75770832], [0.022676, 82.31170179]]",14,quantum,2,
precond_pen=1.700,20,-1.4644503543219969,82.31170179008107,1.7,2,0.36113715171813965,0.02141714096069336,0.0,10101000111100101001,+-+-+---++++--+-+--+,0,True,"[[0.000135, 96.17608724], [0.007457, 91.66773706], [0.007846, 85.75770832], [0.021417, 82.31170179]]",14,quantum,2,
precond_pen=1.800,20,-1.2314868529230125,82.31170179008107,1.8,2,0.3779158592224121,0.016429901123046875,0.0,10101000111100101001,+-+-+---++++--+-+--+,0,True,"[[0.000141, 96.17608724], [0.006398, 95.25543161], [0.006712, 85.75770832], [0.01643, 82.31170179]]",14,quantum,2,
precond_pen=1.900,20,-7.877088495865001,82.31170179008107,1.9,2,0.034459829330444336,0.00693202018737793,0.0,01010111000011010110,-+-+-+++----++-+-++-,0,True,"[[0.000129, 96.17608724], [0.006304, 95.45513979], [0.006647, 94.30311268], [0.006932, 82.31170179]]",14,quantum,2,
precond_pen=2.000,20,-8.151565019553997,82.31170179008107,2.0,2,0.03970694541931152,0.007196903228759766,0.0,10101000111100101001,+-+-+---++++--+-+--+,0,True,"[[0.000106, 96.17608724], [0.006029, 89.72413622], [0.007197, 82.31170179]]",14,quantum,2,
baseline,20,89.71269175700898,89.71269175700894,,2,0.2986118793487549,0.051973819732666016,0.0,11100001101000111100,+++----++-+---++++--,0,True,"[[0.000115, 103.76901397], [0.005534, 100.60146456], [0.005995, 99.52190078], [0.006377, 97.82099385], [0.00672, 89.87867982], [0.051974, 89.71269176]]",15,quantum,2,
precond_pen=1.100,20,-1.9998232589720093,89.71269175700894,1.1,2,0.38340282440185547,0.006697893142700195,0.0,11100001101000111100,+++----++-+---++++--,0,True,"[[0.000129, 103.76901397], [0.006408, 102.32293263], [0.006698, 89.71269176]]",15,quantum,2,
precond_pen=1.200,20,-1.8002107871959954,89.71269175700894,1.2,2,0.4029090404510498,0.022289037704467773,0.0,00011110010111000011,---++++--+-+++----++,0,True,"[[0.000133, 103.76901397], [0.00781, 98.25773202], [0.00817, 89.87867982], [0.022289, 89.71269176]]",15,quantum,2,
precond_pen=1.300,20,-1.6494098567000055,89.71269175700894,1.3,2,0.44821691513061523,0.007858991622924805,0.0,00011110010111000011,---++++--+-+++----++,0,True,"[[0.000127, 103.76901397], [0.007455, 103.26654855], [0.007859, 89.71269176]]",15,quantum,2,
precond_pen=1.400,20,-1.5310655701989972,89.71269175700894,1.4,2,0.46733689308166504,0.4523749351501465,0.0,11100001101000111100,+++----++-+---++++--,0,True,"[[0.000153, 103.76901397], [0.006503, 102.47319739], [0.006726, 89.87867982], [0.452375, 89.71269176], [0.466141, 89.71269176]]",15,quantum,2,
precond_pen=1.500,20,-1.5177669896019985,89.71269175700894,1.5,2,0.4700438976287842,0.4627659320831299,0.0,00011110010111000011,---++++--+-+++----++,0,True,"[[0.000149, 103.76901397], [0.007082, 97.84154125], [0.007358, 89.87867982], [0.462766, 89.71269176], [0.468624, 89.71269176]]",15,quantum,2,
precond_pen=1.600,20,-1.5003390714199938,89.71269175700894,1.6,2,0.7948100566864014,0.7737770080566406,0.0,11100001101000111100,+++----++-+---++++--,0,True,"[[0.000258, 103.76901397], [0.012443, 97.84154125], [0.013054, 89.87867982], [0.773777, 89.71269176], [0.792071, 89.71269176]]",15,quantum,2,
precond_pen=1.700,20,-7.733082438314986,90.06102017474899,1.7,2,0.22318506240844727,0.01345682144165039,0.0,11100001100001111100,+++----++----+++++--,0,True,"[[0.000289, 103.76901397], [0.012883, 103.51649416], [0.013457, 89.87867982], [0.090579, 90.06102017]]",15,quantum,2,
precond_pen=1.800,20,-1.2335609721979992,89.71269175700894,1.8,2,0.4185330867767334,0.41442394256591797,0.0,00011110010111000011,---++++--+-+++----++,0,True,"[[0.000151, 103.76901397], [0.00737, 102.07044329], [0.007723, 89.87867982], [0.414424, 89.71269176], [0.417648, 89.71269176]]",15,quantum,2,
precond_pen=1.900,20,-8.436535310859,90.06102017474899,1.9,2,0.0836789608001709,0.008595943450927734,0.0,11100001100001111100,+++----++----+++++--,0,True,"[[0.000151, 103.76901397], [0.007017, 100.7019737], [0.007635, 100.60146456], [0.008328, 97.44424313], [0.008596, 89.87867982], [0.020443, 90.06102017]]",15,quantum,2,
precond_pen=2.000,20,-13.890849746998,90.06102017474899,2.0,2,0.08199501037597656,0.008077859878540039,0.0,11100001100001111100,+++----++----+++++--,0,True,"[[0.000155, 103.76901397], [0.007612, 102.19445917], [0.008078, 90.06102017]]",15,quantum,2,
baseline,20,82.67428161161699,82.67428161161693,,2,0.27770209312438965,0.009517192840576172,0.0,10100001111010011010,+-+----++++-+--++-+-,0,True,"[[0.00018, 106.15579404], [0.008517, 104.59548956], [0.009031, 104.29108772], [0.009517, 82.67428161]]",16,quantum,2,
precond_pen=1.100,20,-2.206929824690995,82.67428161161693,1.1,2,0.4581871032714844,0.008282899856567383,0.0,01011110000101100101,-+-++++----+-++--+-+,0,True,"[[0.000168, 106.15579404], [0.007907, 96.36756198], [0.008283, 82.67428161]]",16,quantum,2,
precond_pen=1.200,20,-1.9800641660160068,82.67428161161693,1.2,2,0.4570479393005371,0.011013031005859375,0.0,01011110000101100101,-+-++++----+-++--+-+,0,True,"[[0.000197, 106.15579404], [0.010426, 96.36756198], [0.011013, 82.67428161]]",16,quantum,2,
precond_pen=1.300,20,-1.9562150251760073,82.67428161161693,1.3,2,0.35712218284606934,0.0074961185455322266,0.0,01011110000101100101,-+-++++----+-++--+-+,0,True,"[[0.000148, 106.15579404], [0.00709, 94.6264034], [0.007496, 82.67428161]]",16,quantum,2,
precond_pen=1.400,20,-1.9236039344799991,82.67428161161693,1.4,2,0.4103050231933594,0.008719205856323242,0.0,01011110000101100101,-+-++++----+-++--+-+,0,True,"[[0.000152, 106.15579404], [0.008217, 94.6264034], [0.008719, 82.67428161]]",16,quantum,2,
precond_pen=1.500,20,-1.4208919292680022,82.67428161161693,1.5,2,0.40457987785339355,0.008790016174316406,0.0,01011110000101100101,-+-++++----+-++--+-+,0,True,"[[0.000141, 106.15579404], [0.008362, 89.64352853], [0.00879, 82.67428161]]",16,quantum,2,
precond_pen=1.600,20,-1.3035434277630014,82.67428161161693,1.6,2,0.35275888442993164,0.006545066833496094,0.0,01011110000101100101,-+-++++----+-++--+-+,0,True,"[[0.000124, 106.15579404], [0.006253, 96.36756198], [0.006545, 82.67428161]]",16,quantum,2,
precond_pen=1.700,20,-1.4004805913410046,82.67428161161693,1.7,2,0.6117761135101318,0.013729095458984375,0.0,01011110000101100101,-+-++++----+-++--+-+,0,True,"[[0.00022, 106.15579404], [0.013138, 94.6264034], [0.013729, 82.67428161]]",16,quantum,2,
precond_pen=1.800,20,-1.3361031303299917,82.67428161161693,1.8,2,0.5317461490631104,0.008807182312011719,0.0,01011110000101100101,-+-++++----+-++--+-+,0,True,"[[0.000157, 106.15579404], [0.008427, 94.6264034], [0.008807, 82.67428161]]",16,quantum,2,
precond_pen=1.900,20,-1.3285985134779956,82.67428161161693,1.9,2,0.39351797103881836,0.007981061935424805,0.0,01011110000101100101,-+-++++----+-++--+-+,0,True,"[[0.000177, 106.15579404], [0.007656, 94.6264034], [0.007981, 82.67428161]]",16,quantum,2,
precond_pen=2.000,20,-8.692705993379002,82.67428161161693,2.0,2,0.11471104621887207,0.022057056427001953,0.0,01011110000101100101,-+-++++----+-++--+-+,0,True,"[[0.000152, 106.15579404], [0.007052, 93.07151999], [0.007824, 91.87290243], [0.008154, 84.67923381], [0.022057, 82.67428161]]",16,quantum,2,
baseline,20,82.14816747484396,82.1481674748439,,2,0.267808198928833,0.04940319061279297,0.0,11101011100000011010,+++-+-+++------++-+-,0,True,"[[0.000154, 95.81145687], [0.007629, 89.66467141], [0.008178, 87.28941179], [0.008526, 82.99825671], [0.049403, 82.14816747]]",17,quantum,2,
precond_pen=1.100,20,-2.0107501491670003,82.1481674748439,1.1,2,0.37698888778686523,0.008849859237670898,0.0,11101011100000011010,+++-+-+++------++-+-,0,True,"[[0.000175, 95.81145687], [0.008491, 94.06736869], [0.00885, 82.14816747]]",17,quantum,2,
precond_pen=1.200,20,-1.8164887767780105,82.1481674748439,1.2,2,0.38837409019470215,0.0223081111907959,0.0,11101011100000011010,+++-+-+++------++-+-,0,True,"[[0.000177, 95.81145687], [0.008662, 95.25795181], [0.009063, 83.01162426], [0.022308, 82.14816747]]",17,quantum,2,
precond_pen=1.300,20,-1.6680543343859942,82.1481674748439,1.3,2,0.4650859832763672,0.0252530574798584,0.0,11101011100000011010,+++-+-+++------++-+-,0,True,"[[0.000171, 95.81145687], [0.010119, 95.25795181], [0.010577, 83.01162426], [0.025253, 82.14816747]]",17,quantum,2,
precond_pen=1.400,20,-1.5506284155210022,82.1481674748439,1.4,2,0.44264698028564453,0.008362054824829102,0.0,11101011100000011010,+++-+-+++------++-+-,0,True,"[[0.000139, 95.81145687], [0.008362, 82.14816747]]",17,quantum,2,
precond_pen=1.500,20,-1.5373879423169932,82.1481674748439,1.5,2,0.567284107208252,0.022941112518310547,0.0,11101011100000011010,+++-+-+++------++-+-,0,True,"[[0.000132, 95.81145687], [0.006853, 94.30566679], [0.007153, 83.01162426], [0.022941, 82.14816747]]",17,quantum,2,
precond_pen=1.600,20,-1.3760828211759968,82.1481674748439,1.6,2,0.6128859519958496,0.02133011817932129,0.0,11101011100000011010,+++-+-+++------++-+-,0,True,"[[0.000114, 95.81145687], [0.006047, 90.87402234], [0.006315, 83.01162426], [0.02133, 82.14816747]]",17,quantum,2,
precond_pen=1.700,20,-7.42400162821701,82.98516314315798,1.7,2,0.10789704322814941,0.01779317855834961,0.0,11111011100000001010,+++++-+++-------+-+-,0,True,"[[0.00012, 95.81145687], [0.005633, 91.42551118], [0.006004, 89.66467141], [0.006378, 88.68771182], [0.006626, 83.01162426], [0.017793, 82.98516314]]",17,quantum,2,
precond_pen=1.800,20,-2.864547684199991,82.1481674748439,1.8,2,0.23137211799621582,0.005952119827270508,0.0,11101011100000011010,+++-+-+++------++-+-,0,True,"[[0.000104, 95.81145687], [0.005299, 90.27988628], [0.005579, 89.66467141], [0.005952, 82.14816747]]",17,quantum,2,
precond_pen=1.900,20,-8.01657337547899,82.98516314315798,1.9,2,0.1122899055480957,0.0065920352935791016,0.0,11111011100000001010,+++++-+++-------+-+-,0,True,"[[0.000117, 95.81145687], [0.005688, 90.80367314], [0.006028, 89.66467141], [0.006356, 89.56428073], [0.006592, 82.98516314]]",17,quantum,2,
precond_pen=2.000,20,-2.8018886595950026,82.1481674748439,2.0,2,0.22702407836914062,0.022787094116210938,0.0,11101011100000011010,+++-+-+++------++-+-,0,True,"[[0.000101, 95.81145687], [0.006227, 91.66282114], [0.006563, 83.01162426], [0.022787, 82.14816747]]",17,quantum,2,
baseline,20,79.80056749382197,79.80056749382202,,2,0.3048839569091797,0.0062580108642578125,0.0,11101100000111100010,+++-++-----++++---+-,0,True,"[[0.000109, 100.33611984], [0.005391, 99.74992906], [0.005797, 97.95087393], [0.006258, 79.80056749]]",18,quantum,2,
precond_pen=1.100,20,-2.369378195318003,79.80056749382202,1.1,2,0.2649250030517578,0.022403955459594727,0.0,00010011111000011101,---+--+++++----+++-+,0,True,"[[0.000112, 100.33611984], [0.006484, 91.61887372], [0.006827, 83.19554991], [0.022404, 79.80056749]]",18,quantum,2,
precond_pen=1.200,20,-2.116594674759998,79.80056749382202,1.2,2,0.8871941566467285,0.006177186965942383,0.0,00010011111000011101,---+--+++++----+++-+,0,True,"[[0.000112, 100.33611984], [0.005844, 90.73462994], [0.006177, 79.80056749]]",18,quantum,2,
precond_pen=1.300,20,-1.9266013905120083,79.80056749382202,1.3,2,0.4434499740600586,0.006804943084716797,0.0,00010011111000011101,---+--+++++----+++-+,0,True,"[[0.000125, 100.33611984], [0.006446, 90.73462994], [0.006805, 79.80056749]]",18,quantum,2,
precond_pen=1.400,20,-1.7780702882130015,79.80056749382202,1.4,2,0.4591410160064697,0.006188869476318359,0.0,00010011111000011101,---+--+++++----+++-+,0,True,"[[0.00013, 100.33611984], [0.005862, 85.99276877], [0.006189, 79.80056749]]",18,quantum,2,
precond_pen=1.500,20,-1.7619728883409955,79.80056749382202,1.5,2,0.35547900199890137,0.007272958755493164,0.0,00010011111000011101,---+--+++++----+++-+,0,True,"[[0.000118, 100.33611984], [0.006903, 85.99276877], [0.007273, 79.80056749]]",18,quantum,2,
precond_pen=1.600,20,-8.008618435351003,79.80056749382202,1.6,2,0.05412101745605469,0.006163120269775391,0.0,00010011111000011101,---+--+++++----+++-+,0,True,"[[0.000122, 100.33611984], [0.005517, 89.73061056], [0.006163, 79.80056749]]",18,quantum,2,
precond_pen=1.700,20,-3.1082672130280002,79.80056749382202,1.7,2,0.28244805335998535,0.0065691471099853516,0.0,00010011111000011101,---+--+++++----+++-+,0,True,"[[0.000103, 100.33611984], [0.005389, 98.63371838], [0.005775, 95.30982243], [0.006242, 91.94477703], [0.006569, 79.80056749]]",18,quantum,2,
precond_pen=1.800,20,-9.508217201525,79.80056749382202,1.8,2,0.06015896797180176,0.0059051513671875,0.0,00010011111000011101,---+--+++++----+++-+,0,True,"[[0.000115, 100.33611984], [0.005394, 85.07979686], [0.005905, 79.80056749]]",18,quantum,2,
precond_pen=1.900,20,-9.915073124721,79.80056749382202,1.9,2,0.06918001174926758,0.006386995315551758,0.0,00010011111000011101,---+--+++++----+++-+,0,True,"[[0.000103, 100.33611984], [0.0056, 89.0439444], [0.006387, 79.80056749]]",18,quantum,2,
precond_pen=2.000,20,-5.433208077771001,79.80056749382202,2.0,2,0.16501712799072266,0.006186962127685547,0.0,00010011111000011101,---+--+++++----+++-+,0,True,"[[0.000101, 100.33611984], [0.005186, 87.15505797], [0.006187, 79.80056749]]",18,quantum,2,
baseline,20,83.09995655695903,83.099956556959,,2,0.2913978099822998,0.16959691047668457,0.0,00111001110010110100,--+++--+++--+-++-+--,0,True,"[[0.000108, 96.97929596], [0.005425, 83.24679853], [0.169597, 83.09995656]]",19,quantum,2,
precond_pen=1.100,20,-2.056666871159008,83.099956556959,1.1,2,0.3348720073699951,0.0070149898529052734,0.0,11000110001101001011,++---++---++-+--+-++,0,True,"[[0.000111, 96.97929596], [0.006709, 87.79369455], [0.007015, 83.09995656]]",19,quantum,2,
precond_pen=1.200,20,-1.8534209047629915,83.099956556959,1.2,2,0.4278140068054199,0.006967067718505859,0.0,11000110001101001011,++---++---++-+--+-++,0,True,"[[0.000127, 96.97929596], [0.006624, 93.59239798], [0.006967, 83.09995656]]",19,quantum,2,
precond_pen=1.300,20,-1.69910179873699,83.099956556959,1.3,2,0.4096550941467285,0.007061004638671875,0.0,11000110001101001011,++---++---++-+--+-++,0,True,"[[0.000113, 96.97929596], [0.006708, 96.45863453], [0.007061, 83.09995656]]",19,quantum,2,
precond_pen=1.400,20,-1.5775347838429994,83.099956556959,1.4,2,0.40017008781433105,0.39767909049987793,0.0,11000110001101001011,++---++---++-+--+-++,0,True,"[[0.000118, 96.97929596], [0.006524, 96.45863453], [0.006871, 83.24679853], [0.397679, 83.09995656], [0.399118, 83.09995656]]",19,quantum,2,
precond_pen=1.500,20,-1.4790663595890017,83.099956556959,1.5,2,0.4485480785369873,0.446835994720459,0.0,11000110001101001011,++---++---++-+--+-++,0,True,"[[0.000193, 96.97929596], [0.011516, 93.59239798], [0.012105, 83.24679853], [0.446836, 83.09995656], [0.447484, 83.09995656]]",19,quantum,2,
precond_pen=1.600,20,-1.397543804339989,83.099956556959,1.6,2,0.6299910545349121,0.5952670574188232,0.0,00111001110010110100,--+++--+++--+-++-+--,0,True,"[[0.000114, 96.97929596], [0.005762, 83.24679853], [0.595267, 83.09995656], [0.629017, 83.09995656]]",19,quantum,2,
precond_pen=1.700,20,-6.926447265378998,83.24679853033504,1.7,2,0.04965090751647949,0.007430076599121094,0.0,00011100000111110101,---+++-----+++++-+-+,0,True,"[[0.000113, 96.97929596], [0.006627, 89.0648065], [0.00743, 83.24679853]]",19,quantum,2,
precond_pen=1.800,20,-3.8509844403909987,83.24679853033504,1.8,2,0.26862382888793945,0.022365808486938477,0.0,11100011111000001010,+++---+++++-----+-+-,0,True,"[[0.000104, 96.97929596], [0.005927, 92.43038108], [0.006873, 89.19903472], [0.022366, 83.24679853]]",19,quantum,2,
precond_pen=1.900,20,-1.2193095789989954,83.099956556959,1.9,2,0.4714701175689697,0.4683501720428467,0.0,11000110001101001011,++---++---++-+--+-++,0,True,"[[0.000117, 96.97929596], [0.006655, 96.89743696], [0.006986, 83.24679853], [0.46835, 83.09995656], [0.470607, 83.09995656]]",19,quantum,2,
precond_pen=2.000,20,-1.2133293555479963,83.099956556959,2.0,2,0.5159680843353271,0.5103521347045898,0.0,00111001110010110100,--+++--+++--+-++-+--,0,True,"[[0.000112, 96.97929596], [0.007784, 96.89743696], [0.008144, 83.24679853], [0.510352, 83.09995656], [0.515394, 83.09995656]]",19,quantum,2,
baseline,20,78.26556278535102,78.26556278535112,,2,0.4436831474304199,0.0059239864349365234,0.0,00010111001011110001,---+-+++--+-++++---+,0,True,"[[0.00011, 95.91205688], [0.005602, 94.59141341], [0.005924, 78.26556279]]",20,quantum,2,
precond_pen=1.100,20,-2.2261406216800026,78.26556278535112,1.1,2,0.37375903129577637,0.3662099838256836,0.0,11101000110100001110,+++-+---++-+----+++-,0,True,"[[0.000155, 95.91205688], [0.005898, 88.24701688], [0.00622, 78.90643919], [0.36621, 78.26556279], [0.372094, 78.26556279]]",20,quantum,2,
precond_pen=1.200,20,-1.9978893467820047,78.26556278535112,1.2,2,0.3048241138458252,0.020998001098632812,0.0,00010111001011110001,---+-+++--+-++++---+,0,True,"[[0.000163, 95.91205688], [0.007025, 88.45276572], [0.007307, 78.90643919], [0.020998, 78.26556279]]",20,quantum,2,
precond_pen=1.300,20,-1.8251284394310048,78.26556278535112,1.3,2,0.5215208530426025,0.5133979320526123,0.0,11101000110100001110,+++-+---++-+----+++-,0,True,"[[0.000106, 95.91205688], [0.005457, 93.11700418], [0.005974, 89.8619251], [0.006445, 80.84566209], [0.017064, 78.90643919], [0.513398, 78.26556279]]",20,quantum,2,
precond_pen=1.400,20,-1.6893794388430035,78.26556278535112,1.4,2,0.4711329936981201,0.006000995635986328,0.0,11101000110100001110,+++-+---++-+----+++-,0,True,"[[0.000117, 95.91205688], [0.005745, 93.9157314], [0.006001, 78.26556279]]",20,quantum,2,
precond_pen=1.500,20,-1.5796503710619945,78.26556278535112,1.5,2,0.567375898361206,0.0644228458404541,0.0,11101000110100001110,+++-+---++-+----+++-,0,True,"[[0.000212, 95.91205688], [0.012028, 92.7653869], [0.012561, 78.90643919], [0.064423, 78.26556279]]",20,quantum,2,
precond_pen=1.600,20,-1.4889630798570028,78.26556278535112,1.6,2,0.3958780765533447,0.032018184661865234,0.0,11101000110100001110,+++-+---++-+----+++-,0,True,"[[0.000139, 95.91205688], [0.007462, 92.7653869], [0.007771, 78.90643919], [0.032018, 78.26556279]]",20,quantum,2,
precond_pen=1.700,20,-1.4126666474869936,78.26556278535112,1.7,2,0.39927101135253906,0.3974010944366455,0.0,00010111001011110001,---+-+++--+-++++---+,0,True,"[[0.000141, 95.91205688], [0.007307, 94.39308206], [0.007673, 80.84566209], [0.021307, 78.90643919], [0.397401, 78.26556279], [0.398381, 78.26556279]]",20,quantum,2,
precond_pen=1.800,20,-10.192734597357006,78.26556278535112,1.8,2,0.035382986068725586,0.00704503059387207,0.0,11101000110100001110,+++-+---++-+----+++-,0,True,"[[0.000129, 95.91205688], [0.006387, 90.4777826], [0.007045, 78.26556279]]",20,quantum,2,
precond_pen=1.900,20,-18.257537515856,78.26556278535112,1.9,2,0.03926515579223633,0.008398056030273438,0.0,11101000110100001110,+++-+---++-+----+++-,0,True,"[[0.00014, 95.91205688], [0.007646, 84.07509468], [0.008398, 78.26556279]]",20,quantum,2,
precond_pen=2.000,20,-18.895791551148008,78.26556278535112,2.0,2,0.03694796562194824,0.007648944854736328,0.0,11101000110100001110,+++-+---++-+----+++-,0,True,"[[0.000138, 95.91205688], [0.006874, 88.16366476], [0.007649, 78.26556279]]",20,quantum,2,
baseline,20,82.84862866312403,82.84862866312393,,2,0.29298901557922363,0.2014942169189453,0.0,11000111111001010000,++---++++++--+-+----,0,True,"[[0.000152, 102.25712846], [0.007244, 101.50163897], [0.007646, 83.11219154], [0.201494, 82.84862866], [0.291561, 82.84862866]]",21,quantum,2,
precond_pen=1.100,20,-2.138638079149011,82.84862866312393,1.1,2,0.3191640377044678,0.02907109260559082,0.0,11000111111001010000,++---++++++--+-+----,0,True,"[[0.000177, 102.25712846], [0.008695, 91.56626131], [0.009065, 86.06423304], [0.029071, 82.84862866]]",21,quantum,2,
precond_pen=1.200,20,-1.9185439930330013,82.84862866312393,1.2,2,0.38083791732788086,0.028280973434448242,0.0,00111000000110101111,--+++------++-+-++++,0,True,"[[0.000198, 102.25712846], [0.00924, 92.40656574], [0.009679, 86.06423304], [0.028281, 82.84862866]]",21,quantum,2,
precond_pen=1.300,20,-1.7530351403340045,82.84862866312393,1.3,2,0.5307290554046631,0.026480913162231445,0.0,00111000000110101111,--+++------++-+-++++,0,True,"[[0.000159, 102.25712846], [0.008642, 95.63472475], [0.009191, 83.61009567], [0.026481, 82.84862866]]",21,quantum,2,
precond_pen=1.400,20,-1.6235252493560068,82.84862866312393,1.4,2,0.4150419235229492,0.008052825927734375,0.0,00111000000110101111,--+++------++-+-++++,0,True,"[[0.000195, 102.25712846], [0.00767, 96.41234382], [0.008053, 82.84862866]]",21,quantum,2,
precond_pen=1.500,20,-1.5191358345639987,82.84862866312393,1.5,2,0.45734310150146484,0.010009050369262695,0.0,00111000000110101111,--+++------++-+-++++,0,True,"[[0.000182, 102.25712846], [0.0095, 95.64631198], [0.010009, 82.84862866]]",21,quantum,2,
precond_pen=1.600,20,-1.5073292659450015,82.84862866312393,1.6,2,0.4797530174255371,0.008183002471923828,0.0,00111000000110101111,--+++------++-+-++++,0,True,"[[0.000164, 102.25712846], [0.007868, 95.64631198], [0.008183, 82.84862866]]",21,quantum,2,
precond_pen=1.700,20,-1.4922962982139865,82.84862866312393,1.7,2,0.5644431114196777,0.008949041366577148,0.0,00111000000110101111,--+++------++-+-++++,0,True,"[[0.000172, 102.25712846], [0.00853, 95.64631198], [0.008949, 82.84862866]]",21,quantum,2,
precond_pen=1.800,20,-8.277369481699,83.55074665350794,1.8,2,0.15858697891235352,0.008399009704589844,0.0,11000101111001010100,++---+-++++--+-+-+--,0,True,"[[0.000165, 102.25712846], [0.007646, 86.42839662], [0.008399, 83.11219154], [0.031287, 83.55074665]]",21,quantum,2,
precond_pen=1.900,20,-5.0639181679480085,83.11219153519203,1.9,2,0.4103109836578369,0.008507966995239258,0.0,11011000011001010011,++-++----++--+-+--++,0,True,"[[0.000188, 102.25712846], [0.007529, 93.99890198], [0.008175, 89.12511756], [0.008508, 82.84862866], [0.287754, 83.11219154]]",21,quantum,2,
precond_pen=2.000,20,-14.956464782720996,83.55074665350794,2.0,2,0.27083802223205566,0.024248123168945312,0.0,11000101111001010100,++---+-++++--+-+-+--,0,True,"[[0.000289, 102.25712846], [0.021721, 93.35290399], [0.024248, 83.47077278], [0.076179, 83.55074665]]",21,quantum,2,
baseline,20,83.07382704028196,83.07382704028208,,2,0.4998781681060791,0.3927321434020996,0.0,11101000100110001110,+++-+---+--++---+++-,0,True,"[[0.000242, 98.93266694], [0.00993, 98.88452851], [0.01043, 83.17262706], [0.392732, 83.07382704], [0.497413, 83.07382704]]",22,quantum,2,
precond_pen=1.100,20,-2.0574759846440056,83.17262706047597,1.1,2,0.39218592643737793,0.009185791015625,0.0,01101000101110000111,-++-+---+-+++----+++,0,True,"[[0.000157, 98.93266694], [0.008733, 95.3011543], [0.009186, 83.17262706]]",22,quantum,2,
precond_pen=1.200,20,-2.026860691304007,83.17262706047597,1.2,2,0.4429030418395996,0.006829023361206055,0.0,01101000101110000111,-++-+---+-+++----+++,0,True,"[[0.000139, 98.93266694], [0.006542, 95.08542194], [0.006829, 83.17262706]]",22,quantum,2,
precond_pen=1.300,20,-1.6921402534410017,83.17262706047597,1.3,2,0.5318551063537598,0.0074481964111328125,0.0,01101000101110000111,-++-+---+-+++----+++,0,True,"[[0.000143, 98.93266694], [0.00716, 97.39349407], [0.007448, 83.17262706]]",22,quantum,2,
precond_pen=1.400,20,-1.5689100393780038,83.17262706047597,1.4,2,0.4527568817138672,0.022372007369995117,0.0,01101000101110000111,-++-+---+-+++----+++,0,True,"[[0.000142, 98.93266694], [0.007248, 94.21300805], [0.00759, 84.38661843], [0.022372, 83.17262706]]",22,quantum,2,
precond_pen=1.500,20,-1.5549275179249946,83.17262706047597,1.5,2,0.38190197944641113,0.019839048385620117,0.0,01101000101110000111,-++-+---+-+++----+++,0,True,"[[0.000125, 98.93266694], [0.006103, 94.21300805], [0.006361, 84.38661843], [0.019839, 83.17262706]]",22,quantum,2,
precond_pen=1.600,20,-6.805951103371003,83.17262706047597,1.6,2,0.09729695320129395,0.006043910980224609,0.0,01101000101110000111,-++-+---+-+++----+++,0,True,"[[0.00012, 98.93266694], [0.005431, 92.64666127], [0.006044, 83.17262706]]",22,quantum,2,
precond_pen=1.700,20,-7.533480797809,83.17262706047597,1.7,2,0.12058186531066895,0.006758928298950195,0.0,01101000101110000111,-++-+---+-+++----+++,0,True,"[[0.000107, 98.93266694], [0.005722, 98.24654133], [0.006465, 95.52316991], [0.006759, 83.17262706]]",22,quantum,2,
precond_pen=1.800,20,-2.909193302360002,83.17262706047597,1.8,2,0.26119399070739746,0.006700038909912109,0.0,10010111010001111000,+--+-+++-+---++++---,0,True,"[[9.7e-05, 98.93266694], [0.00643, 98.4777647], [0.0067, 83.07382704], [0.164995, 83.59905201], [0.257037, 83.17262706], [0.260448, 83.17262706]]",22,quantum,2,
precond_pen=1.900,20,-2.9489568487909956,83.17262706047597,1.9,2,0.2293720245361328,0.006691932678222656,0.0,10010111010001111000,+--+-+++-+---++++---,0,True,"[[0.000105, 98.93266694], [0.005895, 90.43564336], [0.006692, 83.17262706]]",22,quantum,2,
precond_pen=2.000,20,-8.623646699633001,83.17262706047597,2.0,2,0.12437009811401367,0.0064051151275634766,0.0,01101000101110000111,-++-+---+-+++----+++,0,True,"[[0.000107, 98.93266694], [0.006014, 97.80051703], [0.006405, 83.17262706]]",22,quantum,2,
baseline,20,86.23840636077102,86.23840636077104,,2,0.2714989185333252,0.005003929138183594,0.0,00111100101111010000,--++++--+-++++-+----,0,True,"[[0.000107, 101.64287487], [0.004376, 100.93796988], [0.004573, 99.9450731], [0.00479, 99.36373232], [0.005004, 86.23840636]]",23,quantum,2,
precond_pen=1.100,20,-2.2165073756409903,86.23840636077104,1.1,2,0.31252598762512207,0.006612062454223633,0.0,00111100101111010000,--++++--+-++++-+----,0,True,"[[0.000109, 101.64287487], [0.006323, 96.89649837], [0.006612, 86.23840636]]",23,quantum,2,
precond_pen=1.200,20,-1.9834335012070028,86.23840636077104,1.2,2,0.4500131607055664,0.006476163864135742,0.0,00111100101111010000,--++++--+-++++-+----,0,True,"[[0.000112, 101.64287487], [0.006102, 95.30005201], [0.006476, 86.23840636]]",23,quantum,2,
precond_pen=1.300,20,-1.8085013487599948,86.23840636077104,1.3,2,0.43969202041625977,0.005995035171508789,0.0,00111100101111010000,--++++--+-++++-+----,0,True,"[[0.000111, 101.64287487], [0.00574, 96.54006154], [0.005995, 86.23840636]]",23,quantum,2,
precond_pen=1.400,20,-1.6718593217889985,86.23840636077104,1.4,2,0.4059751033782959,0.019190073013305664,0.0,11000011010000101111,++----++-+----+-++++,0,True,"[[0.000112, 101.64287487], [0.006605, 99.66850633], [0.006898, 88.99012646], [0.01919, 86.23840636]]",23,quantum,2,
precond_pen=1.500,20,-1.561904914697001,86.23840636077104,1.5,2,0.4964320659637451,0.005999088287353516,0.0,11000011010000101111,++----++-+----+-++++,0,True,"[[0.000117, 101.64287487], [0.005718, 95.84942102], [0.005999, 86.23840636]]",23,quantum,2,
precond_pen=1.600,20,-1.5495659967860043,86.23840636077104,1.6,2,0.4108390808105469,0.0077669620513916016,0.0,00111100101111010000,--++++--+-++++-+----,0,True,"[[0.000125, 101.64287487], [0.006656, 97.58971156], [0.007141, 95.27561259], [0.007467, 94.75982124], [0.007767, 86.23840636]]",23,quantum,2,
precond_pen=1.700,20,-1.533939279617,86.23840636077104,1.7,2,0.5229799747467041,0.00619816780090332,0.0,00111100101111010000,--++++--+-++++-+----,0,True,"[[0.000114, 101.64287487], [0.005905, 94.75982124], [0.006198, 86.23840636]]",23,quantum,2,
precond_pen=1.800,20,-1.3306708867540014,86.23840636077104,1.8,2,0.3640170097351074,0.005970954895019531,0.0,11000011010000101111,++----++-+----+-++++,0,True,"[[0.000112, 101.64287487], [0.005656, 98.76273509], [0.005971, 86.23840636]]",23,quantum,2,
precond_pen=1.900,20,-1.3231209967110011,86.23840636077104,1.9,2,0.38325977325439453,0.005902767181396484,0.0,11000011010000101111,++----++-+----+-++++,0,True,"[[0.000129, 101.64287487], [0.005623, 98.76273509], [0.005903, 86.23840636]]",23,quantum,2,
precond_pen=2.000,20,-3.0887235889399953,86.23840636077104,2.0,2,0.2129368782043457,0.006303071975708008,0.0,00111100101111010000,--++++--+-++++-+----,0,True,"[[0.000126, 101.64287487], [0.006026, 98.07878763], [0.006303, 86.23840636]]",23,quantum,2,
baseline,20,84.150958659411,84.150958659411,,2,0.30919790267944336,0.05119514465332031,0.0,11011011000001111000,++-++-++-----++++---,0,True,"[[0.000124, 99.23764799], [0.005329, 98.92498045], [0.00566, 98.45292824], [0.005999, 84.39637609], [0.051195, 84.15095866]]",24,quantum,2,
precond_pen=1.100,20,-1.8439618242619993,84.150958659411,1.1,2,0.4009511470794678,0.006175041198730469,0.0,00100100111110000111,--+--+--+++++----+++,0,True,"[[0.000118, 99.23764799], [0.005913, 91.10041173], [0.006175, 84.15095866]]",24,quantum,2,
precond_pen=1.200,20,-1.674323117712012,84.150958659411,1.2,2,0.5117769241333008,0.008047819137573242,0.0,00100100111110000111,--+--+--+++++----+++,0,True,"[[0.000131, 99.23764799], [0.007572, 92.74456609], [0.008048, 84.15095866]]",24,quantum,2,
precond_pen=1.300,20,-1.5441020504420067,84.150958659411,1.3,2,0.5256528854370117,0.5223238468170166,0.0,11011011000001111000,++-++-++-----++++---,0,True,"[[0.000137, 99.23764799], [0.007342, 99.08525932], [0.007675, 84.56573802], [0.505709, 84.4635056], [0.522324, 84.15095866], [0.524756, 84.15095866]]",24,quantum,2,
precond_pen=1.400,20,-1.4407011719469942,84.150958659411,1.4,2,0.5147199630737305,0.006437063217163086,0.0,00100100111110000111,--+--+--+++++----+++,0,True,"[[0.000133, 99.23764799], [0.006118, 92.74456609], [0.006437, 84.15095866]]",24,quantum,2,
precond_pen=1.500,20,-1.3564284506839943,84.150958659411,1.5,2,0.5008618831634521,0.006675004959106445,0.0,00100100111110000111,--+--+--+++++----+++,0,True,"[[0.000135, 99.23764799], [0.006388, 98.91507196], [0.006675, 84.15095866]]",24,quantum,2,
precond_pen=1.600,20,-1.2863311167900022,84.150958659411,1.6,2,0.5324420928955078,0.008298158645629883,0.0,00100100111110000111,--+--+--+++++----+++,0,True,"[[0.000197, 99.23764799], [0.007827, 96.27245754], [0.008298, 84.15095866]]",24,quantum,2,
precond_pen=1.700,20,-1.278110781294,84.150958659411,1.7,2,0.5175039768218994,0.011656999588012695,0.0,11011011000001111000,++-++-++-----++++---,0,True,"[[0.000191, 99.23764799], [0.011063, 95.15284324], [0.011657, 84.15095866]]",24,quantum,2,
precond_pen=1.800,20,-2.580058143584001,84.150958659411,1.8,2,0.3595430850982666,0.020580053329467773,0.0,11011011000001111000,++-++-++-----++++---,0,True,"[[0.000156, 99.23764799], [0.007711, 96.32979023], [0.008162, 95.64629914], [0.008562, 84.56573802], [0.02058, 84.15095866]]",24,quantum,2,
precond_pen=1.900,20,-2.5472804537069944,84.150958659411,1.9,2,0.3292961120605469,0.010703086853027344,0.0,11011011000001111000,++-++-++-----++++---,0,True,"[[0.000214, 99.23764799], [0.009753, 96.40460903], [0.010409, 95.80460873], [0.010703, 84.15095866]]",24,quantum,2,
precond_pen=2.000,20,-2.4924465622190013,84.150958659411,2.0,2,0.32484006881713867,0.318958044052124,0.0,11011011000001111000,++-++-++-----++++---,0,True,"[[0.00014, 99.23764799], [0.007259, 99.49876809], [0.007734, 98.45292824], [0.0081, 97.58075552], [0.008366, 86.29386035], [0.021766, 84.56573802], [0.318958, 84.15095866], [0.323791, 84.15095866]]",24,quantum,2,
baseline,20,77.66472207053906,77.66472207053896,,2,0.2632889747619629,0.23169183731079102,0.0,10101001101100100110,+-+-+--++-++--+--++-,0,True,"[[0.000131, 94.47062093], [0.00695, 93.19584062], [0.007536, 93.09418239], [0.007923, 77.95130031], [0.231692, 77.66472207], [0.261784, 77.66472207]]",25,quantum,2,
precond_pen=1.100,20,-2.2819509788079984,77.66472207053896,1.1,2,0.5006740093231201,0.4474301338195801,0.0,01010110010011011001,-+-+-++--+--++-++--+,0,True,"[[0.000144, 94.47062093], [0.00707, 93.74014538], [0.007418, 80.96865763], [0.020038, 77.95130031], [0.44743, 77.66472207]]",25,quantum,2,
precond_pen=1.200,20,-2.047092046332999,77.66472207053896,1.2,2,0.48525094985961914,0.48302292823791504,0.0,10101001101100100110,+-+-+--++-++--+--++-,0,True,"[[0.000144, 94.47062093], [0.008352, 93.27706683], [0.008888, 77.95130031], [0.483023, 77.66472207], [0.484224, 77.66472207]]",25,quantum,2,
precond_pen=1.300,20,-1.8692292560110015,77.66472207053896,1.3,2,0.6189141273498535,0.6167881488800049,0.0,01010110010011011001,-+-+-++--+--++-++--+,0,True,"[[0.000153, 94.47062093], [0.007914, 93.4527533], [0.008342, 77.95130031], [0.616788, 77.66472207], [0.617746, 77.66472207]]",25,quantum,2,
precond_pen=1.400,20,-1.7293908260810085,77.66472207053896,1.4,2,0.44600701332092285,0.008538007736206055,0.0,10101001101100100110,+-+-+--++-++--+--++-,0,True,"[[0.000146, 94.47062093], [0.008112, 92.21549737], [0.008538, 77.66472207]]",25,quantum,2,
precond_pen=1.500,20,-1.714144110856994,77.66472207053896,1.5,2,0.4927089214324951,0.008096933364868164,0.0,10101001101100100110,+-+-+--++-++--+--++-,0,True,"[[0.000134, 94.47062093], [0.007723, 92.21549737], [0.008097, 77.66472207]]",25,quantum,2,
precond_pen=1.600,20,-1.6946491090479814,77.66472207053896,1.6,2,0.5048608779907227,0.25647902488708496,0.0,01010110010011011001,-+-+-++--+--++-++--+,0,True,"[[0.000136, 94.47062093], [0.007025, 94.08413778], [0.007303, 80.96865763], [0.024615, 77.95130031], [0.256479, 77.66472207]]",25,quantum,2,
precond_pen=1.700,20,-5.011752916789003,77.66472207053896,1.7,2,0.2269611358642578,0.028365135192871094,0.0,10101001101100100110,+-+-+--++-++--+--++-,0,True,"[[0.000163, 94.47062093], [0.008308, 88.46575569], [0.00932, 87.89608033], [0.009968, 78.41118054], [0.028365, 77.66472207]]",25,quantum,2,
precond_pen=1.800,20,-17.047513090349998,77.95130031412704,1.8,2,0.07069587707519531,0.008456945419311523,0.0,01000110001011111001,-+---++---+-+++++--+,0,True,"[[0.000151, 94.47062093], [0.007951, 93.48161711], [0.008457, 77.95130031]]",25,quantum,2,
precond_pen=1.900,20,-18.01920459926299,77.95130031412704,1.9,2,0.07570600509643555,0.007969141006469727,0.0,01000110001011111001,-+---++---+-+++++--+,0,True,"[[0.000145, 94.47062093], [0.007438, 93.48161711], [0.007969, 77.95130031]]",25,quantum,2,
precond_pen=2.000,20,-18.561854567229002,77.95130031412704,2.0,2,0.07053804397583008,0.007380008697509766,0.0,01000110001011111001,-+---++---+-+++++--+,0,True,"[[0.00014, 94.47062093], [0.006822, 78.2085194], [0.00738, 77.95130031]]",25,quantum,2,
baseline,20,87.21762913893905,87.21762913893888,,2,0.4032928943634033,0.2724289894104004,0.0,11101001000100101011,+++-+--+---+--+-+-++,0,True,"[[0.00014, 102.49531235], [0.005848, 101.52668535], [0.006233, 101.48394763], [0.006518, 87.63973142], [0.272429, 87.21762914]]",26,quantum,2,
precond_pen=1.100,20,-2.195738912699003,87.21762913893888,1.1,2,0.37090110778808594,0.008404970169067383,0.0,11101001000100101011,+++-+--+---+--+-+-++,0,True,"[[0.000146, 102.49531235], [0.008002, 99.09297195], [0.008405, 87.21762914]]",26,quantum,2,
precond_pen=1.200,20,-2.1627363502330024,87.21762913893888,1.2,2,0.3807539939880371,0.027081966400146484,0.0,00010110111011010100,---+-++-+++-++-+-+--,0,True,"[[0.000148, 102.49531235], [0.00865, 97.61718139], [0.009192, 87.63973142], [0.027082, 87.21762914]]",26,quantum,2,
precond_pen=1.300,20,-1.7908579313100041,87.21762913893888,1.3,2,0.4610278606414795,0.008173942565917969,0.0,00010110111011010100,---+-++-+++-++-+-+--,0,True,"[[0.000153, 102.49531235], [0.007648, 99.76640138], [0.008174, 87.21762914]]",26,quantum,2,
precond_pen=1.400,20,-1.6556191805349965,87.21762913893888,1.4,2,0.49555397033691406,0.008311986923217773,0.0,11101001000100101011,+++-+--+---+--+-+-++,0,True,"[[0.000133, 102.49531235], [0.007868, 99.09297195], [0.008312, 87.21762914]]",26,quantum,2,
precond_pen=1.500,20,-1.6408112097599883,87.21762913893888,1.5,2,0.43343687057495117,0.007202863693237305,0.0,11101001000100101011,+++-+--+---+--+-+-++,0,True,"[[0.000136, 102.49531235], [0.006881, 99.09297195], [0.007203, 87.21762914]]",26,quantum,2,
precond_pen=1.600,20,-1.621546028969,87.21762913893888,1.6,2,0.4588198661804199,0.007863998413085938,0.0,11101001000100101011,+++-+--+---+--+-+-++,0,True,"[[0.000137, 102.49531235], [0.007532, 99.09297195], [0.007864, 87.21762914]]",26,quantum,2,
precond_pen=1.700,20,-7.489453054886001,87.21762913893888,1.7,2,0.03603196144104004,0.0063359737396240234,0.0,11101001000100101011,+++-+--+---+--+-+-++,0,True,"[[0.000123, 102.49531235], [0.006096, 101.09024139], [0.006336, 87.21762914]]",26,quantum,2,
precond_pen=1.800,20,-3.0967739756380084,87.21762913893888,1.8,2,0.2960331439971924,0.019310951232910156,0.0,00010110111011010100,---+-++-+++-++-+-+--,0,True,"[[0.000118, 102.49531235], [0.006022, 99.93485268], [0.006455, 94.55742439], [0.006885, 87.63973142], [0.019311, 87.21762914]]",26,quantum,2,
precond_pen=1.900,20,-14.593642152089998,87.21762913893888,1.9,2,0.07838892936706543,0.008508920669555664,0.0,11101001000100101011,+++-+--+---+--+-+-++,0,True,"[[0.000123, 102.49531235], [0.006237, 96.40205414], [0.007368, 94.55742439], [0.008069, 94.0771867], [0.008509, 87.21762914]]",26,quantum,2,
precond_pen=2.000,20,-15.149271723110001,87.21762913893888,2.0,2,0.0482327938079834,0.008096933364868164,0.0,11101001000100101011,+++-+--+---+--+-+-++,0,True,"[[0.000128, 102.49531235], [0.006709, 99.3087289], [0.007302, 94.55742439], [0.007735, 94.0771867], [0.008097, 87.21762914]]",26,quantum,2,
baseline,20,87.5919514400579,87.591951440058,,2,0.28488898277282715,0.04884600639343262,0.0,00110001010110101011,--++---+-+-++-+-+-++,0,True,"[[0.000158, 107.78376111], [0.005659, 100.61342916], [0.006159, 98.68179288], [0.006492, 88.76707026], [0.048846, 87.59195144]]",27,quantum,2,
precond_pen=1.100,20,-3.710358926503991,87.591951440058,1.1,2,0.07141613960266113,0.006926059722900391,0.0,00110001010110101011,--++---+-+-++-+-+-++,0,True,"[[0.000124, 107.78376111], [0.006043, 101.81539225], [0.006362, 100.61342916], [0.006926, 87.59195144]]",27,quantum,2,
precond_pen=1.200,20,-3.292153535562001,87.591951440058,1.2,2,0.09607291221618652,0.008421897888183594,0.0,00110001010110101011,--++---+-+-++-+-+-++,0,True,"[[0.000136, 107.78376111], [0.007291, 101.27315017], [0.007732, 100.61342916], [0.008422, 87.59195144]]",27,quantum,2,
precond_pen=1.300,20,-1.906257362636003,87.591951440058,1.3,2,0.44257092475891113,0.022968053817749023,0.0,00110001010110101011,--++---+-+-++-+-+-++,0,True,"[[0.000133, 107.78376111], [0.008097, 102.61278147], [0.008559, 89.28984872], [0.022637, 88.76707026], [0.022968, 87.59195144]]",27,quantum,2,
precond_pen=1.400,20,-1.8858528183440022,87.591951440058,1.4,2,0.396251916885376,0.009712934494018555,0.0,00110001010110101011,--++---+-+-++-+-+-++,0,True,"[[0.000191, 107.78376111], [0.009277, 103.92031847], [0.009713, 87.59195144]]",27,quantum,2,
precond_pen=1.500,20,-1.8588314952339982,87.591951440058,1.5,2,0.3833940029144287,0.007835865020751953,0.0,00110001010110101011,--++---+-+-++-+-+-++,0,True,"[[0.00015, 107.78376111], [0.007472, 103.92031847], [0.007836, 87.59195144]]",27,quantum,2,
precond_pen=1.600,20,-3.122740549466,87.591951440058,1.6,2,0.32146310806274414,0.3088960647583008,0.0,00110001010110101011,--++---+-+-++-+-+-++,0,True,"[[0.000138, 107.78376111], [0.007722, 98.74403999], [0.008422, 98.68179288], [0.008828, 93.21479025], [0.038201, 90.35112345], [0.308896, 87.59195144], [0.320638, 87.59195144]]",27,quantum,2,
precond_pen=1.700,20,-8.442614922057995,88.98686855617002,1.7,2,0.11076498031616211,0.007084846496582031,0.0,00101001110111000011,--+-+--+++-+++----++,0,True,"[[0.000126, 107.78376111], [0.006515, 93.52558783], [0.007085, 87.7959701], [0.018514, 88.98686856]]",27,quantum,2,
precond_pen=1.800,20,-3.0334319725100016,89.117925343104,1.8,2,0.17521119117736816,0.008260011672973633,0.0,00101001110101000111,--+-+--+++-+-+---+++,0,True,"[[0.000156, 107.78376111], [0.007189, 98.0084757], [0.007941, 97.09248826], [0.00826, 89.11792534]]",27,quantum,2,
precond_pen=1.900,20,-3.11009790419401,87.79597010218599,1.9,2,0.19664502143859863,0.19077396392822266,0.0,00110001010111001011,--++---+-+-+++--+-++,0,True,"[[0.000122, 107.78376111], [0.00637, 102.12646247], [0.006723, 100.61342916], [0.007033, 101.61270396], [0.007333, 89.11792534], [0.190774, 87.7959701], [0.195752, 87.7959701]]",27,quantum,2,
precond_pen=2.000,20,-1.2753655426299915,87.591951440058,2.0,2,0.5069091320037842,0.5001649856567383,0.0,11001110101001010100,++--+++-+-+--+-+-+--,0,True,"[[0.000147, 107.78376111], [0.0098, 101.36636296], [0.010291, 89.28984872], [0.02364, 88.87895855], [0.281538, 88.76707026], [0.500165, 87.59195144], [0.505837, 87.59195144]]",27,quantum,2,
baseline,20,93.11912959467489,93.11912959467504,,2,0.3527989387512207,0.008983135223388672,0.0,00101101011010101100,--+-++-+-++-+-+-++--,0,True,"[[0.000167, 112.05868104], [0.008351, 111.87905873], [0.008983, 93.11912959]]",28,quantum,2,
precond_pen=1.100,20,-2.2855347329930034,93.11912959467504,1.1,2,0.32636308670043945,0.31974101066589355,0.0,11010010100101010011,++-+--+-+--+-+-+--++,0,True,"[[0.000139, 112.05868104], [0.00796, 104.37018414], [0.008407, 94.06327874], [0.319741, 93.11912959], [0.325212, 93.11912959]]",28,quantum,2,
precond_pen=1.200,20,-2.0357170289369932,93.11912959467504,1.2,2,0.3867180347442627,0.38158488273620605,0.0,00101101011010101100,--+-++-+-++-+-+-++--,0,True,"[[0.000151, 112.05868104], [0.009139, 110.39393655], [0.009517, 94.06327874], [0.381585, 93.11912959], [0.385579, 93.11912959]]",28,quantum,2,
precond_pen=1.300,20,-1.8501581813560009,93.11912959467504,1.3,2,0.40114498138427734,0.009050130844116211,0.0,11010010100101010011,++-+--+-+--+-+-+--++,0,True,"[[0.000153, 112.05868104], [0.008624, 109.50390582], [0.00905, 93.11912959]]",28,quantum,2,
precond_pen=1.400,20,-1.7062681906220014,93.11912959467504,1.4,2,0.43109703063964844,0.4284789562225342,0.0,00101101011010101100,--+-++-+-++-+-+-++--,0,True,"[[0.000198, 112.05868104], [0.010425, 106.25874648], [0.010952, 95.16930219], [0.025198, 94.06327874], [0.428479, 93.11912959], [0.429909, 93.11912959]]",28,quantum,2,
precond_pen=1.500,20,-1.6906564219159943,93.11912959467504,1.5,2,0.4266040325164795,0.4197981357574463,0.0,11010010100101010011,++-+--+-+--+-+-+--++,0,True,"[[0.000183, 112.05868104], [0.00879, 106.25874648], [0.009274, 95.16930219], [0.022975, 94.06327874], [0.419798, 93.11912959], [0.425142, 93.11912959]]",28,quantum,2,
precond_pen=1.600,20,-1.6702785190720046,93.11912959467504,1.6,2,0.5586299896240234,0.5497949123382568,0.0,00101101011010101100,--+-++-+-++-+-+-++--,0,True,"[[0.000136, 112.05868104], [0.006912, 109.75207195], [0.007171, 94.06327874], [0.549795, 93.11912959]]",28,quantum,2,
precond_pen=1.700,20,-1.417680240156999,93.11912959467504,1.7,2,0.6075050830841064,0.6045329570770264,0.0,11010010100101010011,++-+--+-+--+-+-+--++,0,True,"[[0.000742, 112.05868104], [0.028682, 104.37018414], [0.030491, 94.06327874], [0.604533, 93.11912959], [0.606255, 93.11912959]]",28,quantum,2,
precond_pen=1.800,20,-1.40867032891299,93.11912959467504,1.8,2,0.5293128490447998,0.5259099006652832,0.0,00101101011010101100,--+-++-+-++-+-+-++--,0,True,"[[0.000198, 112.05868104], [0.011427, 104.37018414], [0.011963, 94.06327874], [0.52591, 93.11912959], [0.528032, 93.11912959]]",28,quantum,2,
precond_pen=1.900,20,-7.818514668851996,93.11912959467504,1.9,2,0.08205509185791016,0.0792229175567627,0.0,11010010100101010011,++-+--+-+--+-+-+--++,0,True,"[[0.000153, 112.05868104], [0.009391, 104.86385263], [0.010768, 101.71883583], [0.011215, 94.2491942], [0.079223, 93.11912959]]",28,quantum,2,
precond_pen=2.000,20,-8.105647093182997,93.11912959467504,2.0,2,0.05742692947387695,0.023916006088256836,0.0,00101101011010101100,--+-++-+-++-+-+-++--,0,True,"[[0.000157, 112.05868104], [0.008229, 107.91668108], [0.008772, 106.76972349], [0.009191, 101.71883583], [0.009417, 94.2491942], [0.023916, 93.11912959]]",28,quantum,2,
baseline,20,82.226332970171,82.22633297017099,,2,0.23002314567565918,0.00651097297668457,0.0,10001000000101111111,+---+------+-+++++++,0,True,"[[0.000147, 96.89743791], [0.00573, 95.47627379], [0.005993, 94.84188135], [0.006331, 94.12698386], [0.006511, 82.22633297]]",29,quantum,2,
precond_pen=1.100,20,-2.1849804939170063,82.22633297017099,1.1,2,0.3662898540496826,0.36408305168151855,0.0,01110111111010000000,-+++-++++++-+-------,0,True,"[[0.000149, 96.89743791], [0.009696, 93.57029365], [0.010208, 82.87474386], [0.364083, 82.22633297], [0.365296, 82.22633297]]",29,quantum,2,
precond_pen=1.200,20,-1.9615653478039992,82.22633297017099,1.2,2,0.49540281295776367,0.02387690544128418,0.0,10001000000101111111,+---+------+-+++++++,0,True,"[[0.000146, 96.89743791], [0.008168, 93.61297994], [0.008505, 82.87474386], [0.023877, 82.22633297]]",29,quantum,2,
precond_pen=1.300,20,-1.792733911783996,82.22633297017099,1.3,2,0.49351000785827637,0.008137941360473633,0.0,10001000000101111111,+---+------+-+++++++,0,True,"[[0.00012, 96.89743791], [0.007767, 94.08163554], [0.008138, 82.22633297]]",29,quantum,2,
precond_pen=1.400,20,-1.660197549218008,82.22633297017099,1.4,2,0.5566461086273193,0.0061910152435302734,0.0,10001000000101111111,+---+------+-+++++++,0,True,"[[0.000113, 96.89743791], [0.005969, 92.13272457], [0.006191, 82.22633297]]",29,quantum,2,
precond_pen=1.500,20,-1.5531257553139994,82.22633297017099,1.5,2,0.4420459270477295,0.1964569091796875,0.0,10001000000101111111,+---+------+-+++++++,0,True,"[[0.000188, 96.89743791], [0.009716, 93.30765234], [0.010067, 84.96978639], [0.195629, 83.82105563], [0.1962, 83.10068155], [0.196457, 82.22633297]]",29,quantum,2,
precond_pen=1.600,20,-8.359351297362004,82.22633297017099,1.6,2,0.0477290153503418,0.007385969161987305,0.0,01110111111010000000,-+++-++++++-+-------,0,True,"[[0.000134, 96.89743791], [0.006649, 91.35518043], [0.007022, 94.84188135], [0.007386, 82.22633297]]",29,quantum,2,
precond_pen=1.700,20,-9.003733510104997,82.22633297017099,1.7,2,0.055104970932006836,0.042925119400024414,0.0,10001000000101111111,+---+------+-+++++++,0,True,"[[0.00013, 96.89743791], [0.007495, 91.82321784], [0.007963, 94.84188135], [0.008559, 89.30347211], [0.008907, 82.87474386], [0.042925, 82.22633297]]",29,quantum,2,
precond_pen=1.800,20,-14.679718259369,83.07542443805495,1.8,2,0.08024907112121582,0.00861501693725586,0.0,10001000000111111110,+---+------++++++++-,0,True,"[[0.000136, 96.89743791], [0.007769, 90.04896531], [0.008615, 83.07542444]]",29,quantum,2,
precond_pen=1.900,20,-15.420014988307003,83.07542443805495,1.9,2,0.08464312553405762,0.012048006057739258,0.0,01110111111000000001,-+++-++++++--------+,0,True,"[[0.000267, 96.89743791], [0.010597, 89.75249812], [0.011374, 94.84188135], [0.012048, 83.07542444]]",29,quantum,2,
precond_pen=2.000,20,-15.83289795334401,82.22633297017099,2.0,2,0.1016850471496582,0.008744955062866211,0.0,10001000000101111111,+---+------+-+++++++,0,True,"[[0.000191, 96.89743791], [0.007893, 88.80294635], [0.008745, 82.22633297]]",29,quantum,2,
baseline,20,84.71931037378403,84.71931037378405,,2,0.25960707664489746,0.052369117736816406,0.0,10010101010001101011,+--+-+-+-+---++-+-++,0,True,"[[0.000222, 104.74225618], [0.008089, 100.76655151], [0.009148, 98.81446004], [0.009795, 87.03918624], [0.052369, 84.71931037]]",30,quantum,2,
precond_pen=1.100,20,-2.1078060778090144,84.71931037378405,1.1,2,0.314831018447876,0.008929967880249023,0.0,10010101010001101011,+--+-+-+-+---++-+-++,0,True,"[[0.000146, 104.74225618], [0.008325, 100.96466625], [0.00893, 84.71931037]]",30,quantum,2,
precond_pen=1.200,20,-1.895779745530998,84.71931037378405,1.2,2,0.37307286262512207,0.01049494743347168,0.0,10010101010001101011,+--+-+-+-+---++-+-++,0,True,"[[0.000193, 104.74225618], [0.009171, 103.17162333], [0.009748, 101.9121372], [0.01018, 100.67502036], [0.010495, 84.71931037]]",30,quantum,2,
precond_pen=1.300,20,-1.7351324884399961,84.71931037378405,1.3,2,0.5070698261260986,0.008337020874023438,0.0,10010101010001101011,+--+-+-+-+---++-+-++,0,True,"[[0.000168, 104.74225618], [0.007933, 101.79892021], [0.008337, 84.71931037]]",30,quantum,2,
precond_pen=1.400,20,-1.6087949451470003,84.71931037378405,1.4,2,0.44609999656677246,0.008834123611450195,0.0,10010101010001101011,+--+-+-+-+---++-+-++,0,True,"[[0.000164, 104.74225618], [0.00838, 101.05910988], [0.008834, 84.71931037]]",30,quantum,2,
precond_pen=1.500,20,-1.594783866466992,84.71931037378405,1.5,2,0.6511070728302002,0.009763956069946289,0.0,10010101010001101011,+--+-+-+-+---++-+-++,0,True,"[[0.000193, 104.74225618], [0.009317, 101.05910988], [0.009764, 84.71931037]]",30,quantum,2,
precond_pen=1.600,20,-1.57665966159799,84.71931037378405,1.6,2,0.4500539302825928,0.010965108871459961,0.0,10010101010001101011,+--+-+-+-+---++-+-++,0,True,"[[0.000154, 104.74225618], [0.010432, 101.05910988], [0.010965, 84.71931037]]",30,quantum,2,
precond_pen=1.700,20,-6.827534099705005,84.71931037378405,1.7,2,0.05010199546813965,0.010085105895996094,0.0,10010101010001101011,+--+-+-+-+---++-+-++,0,True,"[[0.000151, 104.74225618], [0.00819, 91.09515041], [0.009544, 90.77343159], [0.010085, 84.71931037]]",30,quantum,2,
precond_pen=1.800,20,-2.7775304437070023,84.71931037378405,1.8,2,0.22765302658081055,0.006746053695678711,0.0,10010101010001101011,+--+-+-+-+---++-+-++,0,True,"[[0.000134, 104.74225618], [0.006438, 101.05910988], [0.006746, 84.71931037]]",30,quantum,2,
precond_pen=1.900,20,-2.790403300444993,84.71931037378405,1.9,2,0.2707810401916504,0.02957296371459961,0.0,10010101010001101011,+--+-+-+-+---++-+-++,0,True,"[[0.000134, 104.74225618], [0.007304, 95.69888821], [0.008179, 87.06438165], [0.023964, 86.22403975], [0.029573, 84.71931037]]",30,quantum,2,
precond_pen=2.000,20,-2.303390369589007,84.71931037378405,2.0,2,0.28106188774108887,0.023345947265625,0.0,10010101010001101011,+--+-+-+-+---++-+-++,0,True,"[[0.000135, 104.74225618], [0.007368, 96.67937965], [0.008375, 87.06438165], [0.023346, 84.71931037]]",30,quantum,2,
baseline,20,87.90704881895097,87.90704881895097,,2,0.2386929988861084,0.055007219314575195,0.0,01100010101001100111,-++---+-+-+--++--+++,0,True,"[[0.000133, 99.48180469], [0.006397, 97.2263147], [0.006802, 97.08089392], [0.00719, 91.09599186], [0.055007, 87.90704882]]",31,quantum,2,
precond_pen=1.100,20,-2.2813117023970033,87.90704881895097,1.1,2,0.3377079963684082,0.007905960083007812,0.0,10011101010110011000,+--+++-+-+-++--++---,0,True,"[[0.00013, 99.48180469], [0.007526, 98.8607444], [0.007906, 87.90704882]]",31,quantum,2,
precond_pen=1.200,20,-2.2470685842269997,87.90704881895097,1.2,2,0.32636284828186035,0.01998591423034668,0.0,10011101010110011000,+--+++-+-+-++--++---,0,True,"[[0.000147, 99.48180469], [0.007714, 98.03108196], [0.008149, 91.09599186], [0.019986, 87.90704882]]",31,quantum,2,
precond_pen=1.300,20,-1.858363575054991,87.90704881895097,1.3,2,0.35048794746398926,0.023360013961791992,0.0,10011101010110011000,+--+++-+-+-++--++---,0,True,"[[0.000159, 99.48180469], [0.008329, 97.89557768], [0.008717, 93.04408369], [0.02336, 87.90704882]]",31,quantum,2,
precond_pen=1.400,20,-1.7166121180230078,87.90704881895097,1.4,2,0.33858585357666016,0.022571802139282227,0.0,10011101010110011000,+--+++-+-+-++--++---,0,True,"[[0.000152, 99.48180469], [0.007821, 98.53360698], [0.008224, 91.09599186], [0.022572, 87.90704882]]",31,quantum,2,
precond_pen=1.500,20,-1.7011098147420043,87.90704881895097,1.5,2,0.47756004333496094,0.008067131042480469,0.0,10011101010110011000,+--+++-+-+-++--++---,0,True,"[[0.000142, 99.48180469], [0.007716, 99.07120728], [0.008067, 87.90704882]]",31,quantum,2,
precond_pen=1.600,20,-1.5085426457780091,87.90704881895097,1.6,2,0.4524509906768799,0.008674860000610352,0.0,10011101010110011000,+--+++-+-+-++--++---,0,True,"[[0.000148, 99.48180469], [0.008162, 99.35115138], [0.008675, 87.90704882]]",31,quantum,2,
precond_pen=1.700,20,-1.4979098252250047,87.90704881895097,1.7,2,0.3855159282684326,0.007925987243652344,0.0,10011101010110011000,+--+++-+-+-++--++---,0,True,"[[0.000139, 99.48180469], [0.007558, 99.35115138], [0.007926, 87.90704882]]",31,quantum,2,
precond_pen=1.800,20,-1.3625184734489935,87.90704881895097,1.8,2,0.4835059642791748,0.023237943649291992,0.0,10011101010110011000,+--+++-+-+-++--++---,0,True,"[[0.00014, 99.48180469], [0.008371, 97.18496425], [0.008812, 91.09599186], [0.023238, 87.90704882]]",31,quantum,2,
precond_pen=1.900,20,-8.436111204540005,87.90704881895097,1.9,2,0.04523301124572754,0.009124040603637695,0.0,10011101010110011000,+--+++-+-+-++--++---,0,True,"[[0.00015, 99.48180469], [0.008468, 94.12841079], [0.009124, 87.90704882]]",31,quantum,2,
precond_pen=2.000,20,-1.254013456221994,87.90704881895097,2.0,2,0.4746990203857422,0.008326053619384766,0.0,01100010101001100111,-++---+-+-+--++--+++,0,True,"[[0.00013, 99.48180469], [0.00783, 97.17396182], [0.008326, 87.90704882]]",31,quantum,2,
baseline,20,78.56180449337695,78.56180449337694,,2,0.2375030517578125,0.19033193588256836,0.0,01011001100001011011,-+-++--++----+-++-++,0,True,"[[0.000155, 95.23757289], [0.007467, 93.26727687], [0.008118, 92.23668488], [0.00867, 79.07743901], [0.190332, 78.56180449]]",32,quantum,2,
precond_pen=1.100,20,-2.3582297815129927,78.56180449337694,1.1,2,0.3240830898284912,0.32010412216186523,0.0,10100110011110100100,+-+--++--++++-+--+--,0,True,"[[0.00014, 95.23757289], [0.007961, 94.26613327], [0.008491, 79.07743901], [0.320104, 78.56180449], [0.322877, 78.56180449]]",32,quantum,2,
precond_pen=1.200,20,-2.1068406504130053,78.56180449337694,1.2,2,0.45350193977355957,0.02578282356262207,0.0,01011001100001011011,-+-++--++----+-++-++,0,True,"[[0.000142, 95.23757289], [0.008138, 88.91956708], [0.008629, 79.07743901], [0.025783, 78.56180449]]",32,quantum,2,
precond_pen=1.300,20,-2.080845896466993,78.56180449337694,1.3,2,0.4466850757598877,0.4426131248474121,0.0,01011001100001011011,-+-++--++----+-++-++,0,True,"[[0.000219, 95.23757289], [0.01024, 86.74488492], [0.010691, 79.07743901], [0.442613, 78.56180449], [0.445383, 78.56180449]]",32,quantum,2,
precond_pen=1.400,20,-2.0456139514990017,78.56180449337694,1.4,2,0.3935050964355469,0.38944315910339355,0.0,10100110011110100100,+-+--++--++++-+--+--,0,True,"[[0.000173, 95.23757289], [0.008569, 86.74488492], [0.009006, 79.07743901], [0.389443, 78.56180449]]",32,quantum,2,
precond_pen=1.500,20,-12.691740992759994,78.56180449337694,1.5,2,0.03582501411437988,0.010991811752319336,0.0,10100110011110100100,+-+--++--++++-+--+--,0,True,"[[0.000157, 95.23757289], [0.009868, 85.74765787], [0.010992, 78.56180449]]",32,quantum,2,
precond_pen=1.600,20,-3.5571334151499983,79.41536261058903,1.6,2,0.23009419441223145,0.019230127334594727,0.0,01110010101010010011,-+++--+-+-+-+--+--++,0,True,"[[0.000137, 95.23757289], [0.006965, 94.19993929], [0.007349, 81.27466453], [0.01923, 79.41536261]]",32,quantum,2,
precond_pen=1.700,20,-1.4719232871400045,78.56180449337694,1.7,2,0.4846069812774658,0.4815700054168701,0.0,10100110011110100100,+-+--++--++++-+--+--,0,True,"[[0.000155, 95.23757289], [0.008556, 93.81993988], [0.008995, 79.41536261], [0.021152, 79.07743901], [0.48157, 78.56180449], [0.48352, 78.56180449]]",32,quantum,2,
precond_pen=1.800,20,-1.4019460952070038,78.56180449337694,1.8,2,0.49271607398986816,0.4872090816497803,0.0,01011001100001011011,-+-++--++----+-++-++,0,True,"[[0.000131, 95.23757289], [0.007101, 89.73616876], [0.007373, 79.07743901], [0.487209, 78.56180449], [0.491429, 78.56180449]]",32,quantum,2,
precond_pen=1.900,20,-9.783259904932006,78.56180449337694,1.9,2,0.09130001068115234,0.0835409164428711,0.0,01011001100001011011,-+-++--++----+-++-++,0,True,"[[0.000177, 95.23757289], [0.008129, 91.24113442], [0.008954, 79.41536261], [0.020249, 79.07743901], [0.083541, 78.56180449], [0.090357, 78.56180449]]",32,quantum,2,
precond_pen=2.000,20,-1.2888632475630022,78.56180449337694,2.0,2,0.4838531017303467,0.47490406036376953,0.0,01011001100001011011,-+-++--++----+-++-++,0,True,"[[0.000153, 95.23757289], [0.010133, 94.62510425], [0.010814, 79.41536261], [0.026084, 79.07743901], [0.474904, 78.56180449]]",32,quantum,2,
baseline,20,83.67726135948,83.67726135948001,,2,0.31246018409729004,0.013399124145507812,0.0,10111010011101000100,+-+++-+--+++-+---+--,0,True,"[[0.000257, 100.54670181], [0.01069, 97.61198768], [0.012471, 96.58713728], [0.013399, 83.67726136]]",33,quantum,2,
precond_pen=1.100,20,-2.172334462924997,83.67726135948001,1.1,2,0.6696429252624512,0.08161091804504395,0.0,01000101100010111011,-+---+-++---+-+++-++,0,True,"[[0.000501, 100.54670181], [0.028416, 94.27685703], [0.029954, 87.0921894], [0.081611, 83.67726136]]",33,quantum,2,
precond_pen=1.200,20,-1.9493830971759962,83.67726135948001,1.2,2,0.48945093154907227,0.2909560203552246,0.0,01000101100010111011,-+---+-++---+-+++-++,0,True,"[[0.000461, 100.54670181], [0.017738, 100.36601504], [0.018464, 87.0921894], [0.050432, 86.83870836], [0.288033, 85.79337526], [0.290306, 84.70062997], [0.290956, 83.67726136]]",33,quantum,2,
precond_pen=1.300,20,-1.7808341983460032,83.67726135948001,1.3,2,0.46298980712890625,0.05683398246765137,0.0,10111010011101000100,+-+++-+--+++-+---+--,0,True,"[[0.000192, 100.54670181], [0.010901, 99.11451421], [0.011476, 87.0921894], [0.056834, 83.67726136]]",33,quantum,2,
precond_pen=1.400,20,-1.648548823685008,83.67726135948001,1.4,2,0.3896148204803467,0.009702920913696289,0.0,10111010011101000100,+-+++-+--+++-+---+--,0,True,"[[0.000168, 100.54670181], [0.009225, 100.47412458], [0.009703, 83.67726136]]",33,quantum,2,
precond_pen=1.500,20,-1.5417406416800041,83.67726135948001,1.5,2,0.472459077835083,0.008310079574584961,0.0,10111010011101000100,+-+++-+--+++-+---+--,0,True,"[[0.000132, 100.54670181], [0.007972, 95.74955423], [0.00831, 83.67726136]]",33,quantum,2,
precond_pen=1.600,20,-1.5295371922430139,83.67726135948001,1.6,2,0.44852304458618164,0.00852823257446289,0.0,10111010011101000100,+-+++-+--+++-+---+--,0,True,"[[0.00014, 100.54670181], [0.008012, 98.40079712], [0.008528, 83.67726136]]",33,quantum,2,
precond_pen=1.700,20,-1.514254117914998,83.67726135948001,1.7,2,0.3907589912414551,0.009245872497558594,0.0,10111010011101000100,+-+++-+--+++-+---+--,0,True,"[[0.000149, 100.54670181], [0.008689, 98.40079712], [0.009246, 83.67726136]]",33,quantum,2,
precond_pen=1.800,20,-10.120786151040003,83.67726135948001,1.8,2,0.11675190925598145,0.009685993194580078,0.0,01000101100010111011,-+---+-++---+-+++-++,0,True,"[[0.000177, 100.54670181], [0.008592, 96.94486218], [0.009078, 96.58713728], [0.009353, 93.93433676], [0.009686, 83.67726136]]",33,quantum,2,
precond_pen=1.900,20,-3.1985726365210088,83.67726135948001,1.9,2,0.14498591423034668,0.009637117385864258,0.0,10111010011101000100,+-+++-+--+++-+---+--,0,True,"[[0.000166, 100.54670181], [0.009128, 98.29966023], [0.009637, 83.67726136]]",33,quantum,2,
precond_pen=2.000,20,-10.379504935152005,83.67726135948001,2.0,2,0.12952208518981934,0.009443044662475586,0.0,10111010011101000100,+-+++-+--+++-+---+--,0,True,"[[0.000144, 100.54670181], [0.008494, 96.29085191], [0.009443, 83.67726136]]",33,quantum,2,
baseline,20,82.39623807549906,82.39623807549904,,2,0.20194315910339355,0.008620977401733398,0.0,01111101110000100010,-+++++-+++----+---+-,0,True,"[[0.000161, 98.7367735], [0.008621, 82.39623808]]",34,quantum,2,
precond_pen=1.100,20,-2.738521299602011,82.39623807549904,1.1,2,0.10755205154418945,0.007735013961791992,0.0,10000010001111011101,+-----+---++++-+++-+,0,True,"[[0.000121, 98.7367735], [0.007372, 96.76325846], [0.007735, 82.39623808]]",34,quantum,2,
precond_pen=1.200,20,-2.4282194987689962,82.39623807549904,1.2,2,0.21309399604797363,0.007876157760620117,0.0,01111101110000100010,-+++++-+++----+---+-,0,True,"[[0.000144, 98.7367735], [0.007876, 82.39623808]]",34,quantum,2,
precond_pen=1.300,20,-2.3973804281849933,82.39623807549904,1.3,2,0.2069380283355713,0.007170915603637695,0.0,01111101110000100010,-+++++-+++----+---+-,0,True,"[[0.000127, 98.7367735], [0.007171, 82.39623808]]",34,quantum,2,
precond_pen=1.400,20,-2.356054767259998,82.39623807549904,1.4,2,0.20499897003173828,0.009421110153198242,0.0,01111101110000100010,-+++++-+++----+---+-,0,True,"[[0.000157, 98.7367735], [0.009421, 82.39623808]]",34,quantum,2,
precond_pen=1.500,20,-2.2998380936179945,82.39623807549904,1.5,2,0.2762010097503662,0.008595943450927734,0.0,01111101110000100010,-+++++-+++----+---+-,0,True,"[[0.000137, 98.7367735], [0.008596, 82.39623808]]",34,quantum,2,
precond_pen=1.600,20,-1.7538524945079956,82.39623807549904,1.6,2,0.40036821365356445,0.008744001388549805,0.0,10000010001111011101,+-----+---++++-+++-+,0,True,"[[0.000951, 98.7367735], [0.008335, 98.11728125], [0.008744, 82.39623808]]",34,quantum,2,
precond_pen=1.700,20,-1.6546649132329936,82.39623807549904,1.7,2,0.3254220485687256,0.008805990219116211,0.0,10000010001111011101,+-----+---++++-+++-+,0,True,"[[0.000148, 98.7367735], [0.008278, 97.58252087], [0.008806, 82.39623808]]",34,quantum,2,
precond_pen=1.800,20,-1.6436699765770086,82.39623807549904,1.8,2,0.291579008102417,0.009676933288574219,0.0,10000010001111011101,+-----+---++++-+++-+,0,True,"[[0.000157, 98.7367735], [0.009069, 97.58252087], [0.009677, 82.39623808]]",34,quantum,2,
precond_pen=1.900,20,-13.205875610900996,82.39623807549904,1.9,2,0.04246401786804199,0.009473085403442383,0.0,10000010001111011101,+-----+---++++-+++-+,0,True,"[[0.000156, 98.7367735], [0.008439, 97.92125913], [0.009473, 82.39623808]]",34,quantum,2,
precond_pen=2.000,20,-13.366773753778993,82.39623807549904,2.0,2,0.038301944732666016,0.008986949920654297,0.0,10000010001111011101,+-----+---++++-+++-+,0,True,"[[0.000157, 98.7367735], [0.008184, 96.24254909], [0.008987, 82.39623808]]",34,quantum,2,
baseline,20,79.00556704927004,79.00556704927007,,2,0.22812795639038086,0.007954835891723633,0.0,11010011011101010000,++-+--++-+++-+-+----,0,True,"[[0.00014, 95.2992115], [0.007512, 95.23054743], [0.007955, 79.00556705]]",35,quantum,2,
precond_pen=1.100,20,-2.2890854593700016,79.00556704927007,1.1,2,0.3555178642272949,0.03017592430114746,0.0,11010011011101010000,++-+--++-+++-+-+----,0,True,"[[0.000131, 95.2992115], [0.010261, 87.74994085], [0.010994, 81.50298679], [0.030176, 79.00556705]]",35,quantum,2,
precond_pen=1.200,20,-2.0496776506999943,79.00556704927007,1.2,2,0.38928699493408203,0.3861260414123535,0.0,11010011011101010000,++-+--++-+++-+-+----,0,True,"[[0.000144, 95.2992115], [0.008449, 92.81789628], [0.008845, 81.50298679], [0.345668, 80.0502459], [0.386126, 79.00556705]]",35,quantum,2,
precond_pen=1.300,20,-1.869065247183002,79.00556704927007,1.3,2,0.3752608299255371,0.02748894691467285,0.0,11010011011101010000,++-+--++-+++-+-+----,0,True,"[[0.000159, 95.2992115], [0.009854, 92.81789628], [0.010373, 81.50298679], [0.027489, 79.00556705]]",35,quantum,2,
precond_pen=1.400,20,-1.7274973604669892,79.00556704927007,1.4,2,0.3922610282897949,0.02541518211364746,0.0,11010011011101010000,++-+--++-+++-+-+----,0,True,"[[0.000162, 95.2992115], [0.009283, 92.81789628], [0.009763, 81.50298679], [0.025415, 79.00556705]]",35,quantum,2,
precond_pen=1.500,20,-1.6132872686950002,79.00556704927007,1.5,2,0.4297149181365967,0.010308027267456055,0.0,00101100100010101111,--+-++--+---+-+-++++,0,True,"[[0.000186, 95.2992115], [0.009839, 86.13892563], [0.010308, 79.00556705]]",35,quantum,2,
precond_pen=1.600,20,-1.6004269901769952,79.00556704927007,1.6,2,0.3805060386657715,0.00959014892578125,0.0,00101100100010101111,--+-++--+---+-+-++++,0,True,"[[0.000178, 95.2992115], [0.009093, 86.13892563], [0.00959, 79.00556705]]",35,quantum,2,
precond_pen=1.700,20,-1.43986061847599,79.00556704927007,1.7,2,0.40189695358276367,0.39852309226989746,0.0,00101100100010101111,--+-++--+---+-+-++++,0,True,"[[0.000143, 95.2992115], [0.007048, 91.21312359], [0.007321, 83.16013749], [0.017605, 80.74822822], [0.398523, 79.00556705]]",35,quantum,2,
precond_pen=1.800,20,-1.3723256996319968,79.00556704927007,1.8,2,0.522108793258667,0.5203728675842285,0.0,11010011011101010000,++-+--++-+++-+-+----,0,True,"[[0.00013, 95.2992115], [0.006296, 86.59984804], [0.006512, 83.16013749], [0.343934, 81.29764171], [0.344365, 80.74822822], [0.520373, 79.00556705], [0.521252, 79.00556705]]",35,quantum,2,
precond_pen=1.900,20,-10.193713460487002,79.00556704927007,1.9,2,0.04915785789489746,0.007901906967163086,0.0,00101100100010101111,--+-++--+---+-+-++++,0,True,"[[0.00013, 95.2992115], [0.006378, 91.59865958], [0.007064, 90.38396565], [0.007627, 82.2537924], [0.007902, 79.00556705]]",35,quantum,2,
precond_pen=2.000,20,-10.363587301622,79.00556704927007,2.0,2,0.04298686981201172,0.009978055953979492,0.0,00101100100010101111,--+-++--+---+-+-++++,0,True,"[[0.000183, 95.2992115], [0.008494, 91.01438094], [0.009581, 82.61413825], [0.009978, 79.00556705]]",35,quantum,2,
baseline,20,80.13639809201804,80.13639809201803,,2,0.297091007232666,0.05321002006530762,0.0,11011011000100101010,++-++-++---+--+-+-+-,0,True,"[[0.000167, 97.21051435], [0.006667, 92.06888915], [0.007067, 90.54775029], [0.007381, 80.85941209], [0.05321, 80.13639809]]",36,quantum,2,
precond_pen=1.100,20,-1.912254630834001,80.21311944332402,1.1,2,0.3660738468170166,0.023756027221679688,0.0,11111010000100101010,+++++-+----+--+-+-+-,0,True,"[[0.000186, 97.21051435], [0.008603, 86.44786952], [0.009194, 80.58779223], [0.023756, 80.21311944]]",36,quantum,2,
precond_pen=1.200,20,-1.7315170450070134,80.21311944332402,1.2,2,0.4433019161224365,0.016999006271362305,0.0,11111010000100101010,+++++-+----+--+-+-+-,0,True,"[[0.000173, 97.21051435], [0.007297, 89.53656915], [0.007855, 85.67711974], [0.0083, 80.85941209], [0.016999, 80.21311944]]",36,quantum,2,
precond_pen=1.300,20,-1.5931985941860063,80.21311944332402,1.3,2,0.504518985748291,0.02868509292602539,0.0,11111010000100101010,+++++-+----+--+-+-+-,0,True,"[[0.00018, 97.21051435], [0.008489, 89.53656915], [0.009182, 85.67711974], [0.009642, 83.4470057], [0.009934, 80.58779223], [0.028685, 80.21311944]]",36,quantum,2,
precond_pen=1.400,20,-1.4836472554410065,80.21311944332402,1.4,2,0.4093019962310791,0.03941202163696289,0.0,11111010000100101010,+++++-+----+--+-+-+-,0,True,"[[0.000189, 97.21051435], [0.009648, 83.4470057], [0.01007, 80.58779223], [0.039412, 80.21311944]]",36,quantum,2,
precond_pen=1.500,20,-1.394563400911995,80.21311944332402,1.5,2,0.4385650157928467,0.008108139038085938,0.0,00000101111011010101,-----+-++++-++-+-+-+,0,True,"[[0.000156, 97.21051435], [0.007649, 86.20900436], [0.008108, 80.21311944]]",36,quantum,2,
precond_pen=1.600,20,-1.320599034986003,80.21311944332402,1.6,2,0.4153139591217041,0.008365154266357422,0.0,11111010000100101010,+++++-+----+--+-+-+-,0,True,"[[0.000156, 97.21051435], [0.008001, 86.87449592], [0.008365, 80.21311944]]",36,quantum,2,
precond_pen=1.700,20,-1.2581373980879924,80.21311944332402,1.7,2,0.44840502738952637,0.023309946060180664,0.0,11111010000100101010,+++++-+----+--+-+-+-,0,True,"[[0.000174, 97.21051435], [0.008206, 83.4470057], [0.008539, 80.58779223], [0.02331, 80.21311944]]",36,quantum,2,
precond_pen=1.800,20,-1.2506884760430044,80.21311944332402,1.8,2,0.4733240604400635,0.02188396453857422,0.0,11111010000100101010,+++++-+----+--+-+-+-,0,True,"[[0.000152, 97.21051435], [0.007823, 83.4470057], [0.008199, 80.58779223], [0.021884, 80.21311944]]",36,quantum,2,
precond_pen=1.900,20,-2.7383770656589963,80.15033199869603,1.9,2,0.25085902214050293,0.21175599098205566,0.0,01101011000100101011,-++-+-++---+--+-+-++,0,True,"[[0.000143, 97.21051435], [0.007025, 86.12125325], [0.007785, 80.31026291], [0.211756, 80.150332]]",36,quantum,2,
precond_pen=2.000,20,-2.6832125192930043,80.15033199869603,2.0,2,0.2692270278930664,0.2612309455871582,0.0,10010100111011010100,+--+-+--+++-++-+-+--,0,True,"[[0.000114, 97.21051435], [0.005895, 93.25728073], [0.006235, 90.54775029], [0.006738, 82.72106743], [0.007035, 80.85941209], [0.260613, 80.31026291], [0.261231, 80.150332], [0.268094, 80.150332]]",36,quantum,2,
baseline,20,79.03749319300894,79.03749319300896,,2,0.5534520149230957,0.42199182510375977,0.0,00000111111000001111,-----++++++-----++++,0,True,"[[0.000272, 94.91528326], [0.014048, 94.62951941], [0.015262, 80.37211047], [0.420218, 79.61660727], [0.421992, 79.03749319]]",37,quantum,2,
precond_pen=1.100,20,-11.914410014984002,81.43049186532706,1.1,2,0.04987215995788574,0.010883092880249023,0.0,00010010111000101111,---+--+-+++---+-++++,0,True,"[[0.000187, 94.91528326], [0.009557, 85.73380809], [0.01029, 91.0176306], [0.01064, 87.49668798], [0.010883, 81.43049187]]",37,quantum,2,
precond_pen=1.200,20,-11.843965018384,81.43049186532706,1.2,2,0.046926021575927734,0.010092973709106445,0.0,00010010111000101111,---+--+-+++---+-++++,0,True,"[[0.000187, 94.91528326], [0.009138, 84.37226208], [0.010093, 81.43049187]]",37,quantum,2,
precond_pen=1.300,20,-1.7406374720210032,79.03749319300896,1.3,2,0.5128819942474365,0.49711108207702637,0.0,11111000000111110000,+++++------+++++----,0,True,"[[0.000148, 94.91528326], [0.008041, 92.59403794], [0.008407, 80.47131032], [0.018265, 80.37211047], [0.484305, 79.61660727], [0.497111, 79.03749319], [0.511491, 79.03749319]]",37,quantum,2,
precond_pen=1.400,20,-1.6139275142029916,79.03749319300896,1.4,2,0.4799530506134033,0.4763038158416748,0.0,00000111111000001111,-----++++++-----++++,0,True,"[[0.000185, 94.91528326], [0.01008, 90.50846438], [0.010495, 80.47131032], [0.04065, 80.37211047], [0.467093, 79.61660727], [0.476304, 79.03749319], [0.478692, 79.03749319]]",37,quantum,2,
precond_pen=1.500,20,-1.5998393873009906,79.03749319300896,1.5,2,0.5036320686340332,0.48642802238464355,0.0,00000111111000001111,-----++++++-----++++,0,True,"[[0.00016, 94.91528326], [0.007734, 94.41175882], [0.008108, 80.47131032], [0.021288, 80.37211047], [0.48602, 79.61660727], [0.486428, 79.03749319], [0.502388, 79.03749319]]",37,quantum,2,
precond_pen=1.600,20,-1.58160647462201,79.03749319300896,1.6,2,0.4351818561553955,0.021402835845947266,0.0,11111000000111110000,+++++------+++++----,0,True,"[[0.000144, 94.91528326], [0.008153, 92.16663143], [0.008529, 80.47131032], [0.021403, 79.03749319]]",37,quantum,2,
precond_pen=1.700,20,-7.75626390468201,80.9012478020771,1.7,2,0.11390900611877441,0.007094144821166992,0.0,00010010111000111101,---+--+-+++---++++-+,0,True,"[[0.000143, 94.91528326], [0.005895, 87.5647197], [0.006728, 87.74446999], [0.007094, 79.03749319], [0.019925, 80.9012478]]",37,quantum,2,
precond_pen=1.800,20,-8.231035060158009,80.07536895827904,1.8,2,0.13194990158081055,0.007113933563232422,0.0,11100101000111110000,+++--+-+---+++++----,0,True,"[[0.000137, 94.91528326], [0.006389, 85.61396339], [0.007114, 80.07536896]]",37,quantum,2,
precond_pen=1.900,20,-13.321664015313003,81.43049186532706,1.9,2,0.08138608932495117,0.008433103561401367,0.0,00010010111000101111,---+--+-+++---+-++++,0,True,"[[0.000155, 94.91528326], [0.00703, 92.34868919], [0.007687, 89.92609799], [0.008062, 90.71138773], [0.008433, 81.43049187]]",37,quantum,2,
precond_pen=2.000,20,-13.858545384606995,81.43049186532706,2.0,2,0.09628009796142578,0.007194995880126953,0.0,00010010111000101111,---+--+-+++---+-++++,0,True,"[[0.000136, 94.91528326], [0.006205, 88.30536389], [0.006661, 89.92609799], [0.006947, 89.6669585], [0.007195, 81.43049187], [0.094192, 81.43049187]]",37,quantum,2,
baseline,20,79.54594012645597,79.54594012645599,,2,0.24936223030090332,0.006556034088134766,0.0,00000011001110101111,------++--+++-+-++++,0,True,"[[0.000142, 87.95403624], [0.005948, 84.00364317], [0.006556, 79.54594013]]",38,quantum,2,
precond_pen=1.100,20,-2.0745338224419942,79.54594012645599,1.1,2,0.37386202812194824,0.008013010025024414,0.0,11111100110001010000,++++++--++---+-+----,0,True,"[[0.000134, 87.95403624], [0.008013, 79.54594013]]",38,quantum,2,
precond_pen=1.200,20,-1.8691698682499993,79.54594012645599,1.2,2,0.4978151321411133,0.022464990615844727,0.0,11111100110001010000,++++++--++---+-+----,0,True,"[[0.000132, 87.95403624], [0.007932, 85.95708709], [0.008238, 80.87382978], [0.022465, 79.54594013]]",38,quantum,2,
precond_pen=1.300,20,-1.7132654081059968,79.54594012645599,1.3,2,0.4703679084777832,0.00843191146850586,0.0,11111100110001010000,++++++--++---+-+----,0,True,"[[0.000139, 87.95403624], [0.008432, 79.54594013]]",38,quantum,2,
precond_pen=1.400,20,-1.6964489051139982,79.54594012645599,1.4,2,0.5087640285491943,0.023066997528076172,0.0,11111100110001010000,++++++--++---+-+----,0,True,"[[0.000128, 87.95403624], [0.008149, 85.95708709], [0.008559, 80.87382978], [0.023067, 79.54594013]]",38,quantum,2,
precond_pen=1.500,20,-1.4909542883170026,79.54594012645599,1.5,2,0.5310430526733398,0.008124828338623047,0.0,11111100110001010000,++++++--++---+-+----,0,True,"[[0.000134, 87.95403624], [0.008125, 79.54594013]]",38,quantum,2,
precond_pen=1.600,20,-1.408567521908008,79.54594012645599,1.6,2,0.5210549831390381,0.006799936294555664,0.0,11111100110001010000,++++++--++---+-+----,0,True,"[[0.000134, 87.95403624], [0.0068, 79.54594013]]",38,quantum,2,
precond_pen=1.700,20,-7.734310765985985,79.54594012645599,1.7,2,0.08850479125976562,0.008239984512329102,0.0,00000011001110101111,------++--+++-+-++++,0,True,"[[0.000127, 87.95403624], [0.007082, 84.351517], [0.00824, 79.54594013]]",38,quantum,2,
precond_pen=1.800,20,-4.645668349485998,80.87382977633403,1.8,2,0.2030320167541504,0.00606989860534668,0.0,00011001101110110100,---++--++-+++-++-+--,0,True,"[[9.7e-05, 87.95403624], [0.00607, 79.54594013], [0.197795, 80.87382978], [0.202353, 80.87382978]]",38,quantum,2,
precond_pen=1.900,20,-2.9198154632740074,79.54594012645599,1.9,2,0.20799684524536133,0.005569934844970703,0.0,11111100110001010000,++++++--++---+-+----,0,True,"[[0.000107, 87.95403624], [0.00557, 79.54594013]]",38,quantum,2,
precond_pen=2.000,20,-5.337575372106,79.54594012645599,2.0,2,0.231597900390625,0.006660938262939453,0.0,11111100110001010000,++++++--++---+-+----,0,True,"[[0.000108, 87.95403624], [0.006661, 79.54594013]]",38,quantum,2,
baseline,20,77.70571533373399,77.70571533373409,,2,0.23228216171264648,0.05118513107299805,0.0,11011100010001001011,++-+++---+---+--+-++,0,True,"[[0.000119, 99.74755999], [0.005501, 98.9603326], [0.005861, 80.23631276], [0.051185, 77.70571533]]",39,quantum,2,
precond_pen=1.100,20,-16.199148736995006,78.04074615101011,1.1,2,0.027642011642456055,0.005608081817626953,0.0,11001100010011001011,++--++---+--++--+-++,0,True,"[[0.000108, 99.74755999], [0.004993, 90.24411666], [0.005608, 78.04074615]]",39,quantum,2,
precond_pen=1.200,20,-15.847084942713996,78.04074615101011,1.2,2,0.020013093948364258,0.0055789947509765625,0.0,00110011101100110100,--++--+++-++--++-+--,0,True,"[[9e-05, 99.74755999], [0.004905, 97.25392183], [0.00516, 100.94697668], [0.005579, 78.04074615]]",39,quantum,2,
precond_pen=1.300,20,-1.850131921146998,77.70571533373409,1.3,2,0.47487807273864746,0.005067110061645508,0.0,11011100010001001011,++-+++---+---+--+-++,0,True,"[[9.7e-05, 99.74755999], [0.004897, 90.11054959], [0.005067, 77.70571533]]",39,quantum,2,
precond_pen=1.400,20,-1.7120667467369977,77.70571533373409,1.4,2,0.325577974319458,0.006721019744873047,0.0,11011100010001001011,++-+++---+---+--+-++,0,True,"[[0.000109, 99.74755999], [0.00643, 91.76845911], [0.006721, 77.70571533]]",39,quantum,2,
precond_pen=1.500,20,-1.6004408352949984,77.70571533373409,1.5,2,0.5040981769561768,0.0066680908203125,0.0,11011100010001001011,++-+++---+---+--+-++,0,True,"[[0.000121, 99.74755999], [0.006378, 91.76845911], [0.006668, 77.70571533]]",39,quantum,2,
precond_pen=1.600,20,-1.5081710178830061,77.70571533373409,1.6,2,0.47830796241760254,0.006211996078491211,0.0,11011100010001001011,++-+++---+---+--+-++,0,True,"[[0.000111, 99.74755999], [0.005944, 91.76845911], [0.006212, 77.70571533]]",39,quantum,2,
precond_pen=1.700,20,-1.4977454168130038,77.70571533373409,1.7,2,0.43166112899780273,0.00593113899230957,0.0,11011100010001001011,++-+++---+---+--+-++,0,True,"[[0.000164, 99.74755999], [0.005656, 92.26520375], [0.005931, 77.70571533]]",39,quantum,2,
precond_pen=1.800,20,-9.958450431920994,77.70571533373409,1.8,2,0.07080292701721191,0.0063169002532958984,0.0,00100011101110110100,--+---+++-+++-++-+--,0,True,"[[0.000124, 99.74755999], [0.005515, 91.34282623], [0.006317, 77.70571533]]",39,quantum,2,
precond_pen=1.900,20,-5.869924512294,77.70571533373409,1.9,2,0.1414499282836914,0.006031036376953125,0.0,11011100010001001011,++-+++---+---+--+-++,0,True,"[[0.000141, 99.74755999], [0.005148, 94.04986828], [0.005547, 92.63872464], [0.005834, 90.88977693], [0.006031, 77.70571533]]",39,quantum,2,
precond_pen=2.000,20,-10.419059093125,78.04074615101011,2.0,2,0.07012391090393066,0.0065860748291015625,0.0,11001100010011001011,++--++---+--++--+-++,0,True,"[[0.000144, 99.74755999], [0.005689, 86.61851998], [0.006367, 87.66375513], [0.006586, 78.04074615]]",39,quantum,2,
baseline,20,81.61632994138795,81.61632994138799,,2,0.1575610637664795,0.0450589656829834,0.0,11101101001100001010,+++-++-+--++----+-+-,0,True,"[[9.8e-05, 96.05167908], [0.005171, 87.40785504], [0.045059, 81.61632994]]",40,quantum,2,
precond_pen=1.100,20,-2.5030887518230003,81.61632994138799,1.1,2,0.2109379768371582,0.006658077239990234,0.0,11101101001100001010,+++-++-+--++----+-+-,0,True,"[[0.0001, 96.05167908], [0.006408, 94.42349849], [0.006658, 81.61632994]]",40,quantum,2,
precond_pen=1.200,20,-2.234731119918994,81.61632994138799,1.2,2,0.1892411708831787,0.006371021270751953,0.0,11101101001100001010,+++-++-+--++----+-+-,0,True,"[[0.000104, 96.05167908], [0.006138, 95.12544707], [0.006371, 81.61632994]]",40,quantum,2,
precond_pen=1.300,20,-2.032221904972001,81.61632994138799,1.3,2,0.2956809997558594,0.2563939094543457,0.0,00010010110011110101,---+--+-++--++++-+-+,0,True,"[[0.000116, 96.05167908], [0.005653, 87.40785504], [0.255971, 86.66255546], [0.256177, 86.15601899], [0.256296, 85.72176087], [0.256394, 81.61632994]]",40,quantum,2,
precond_pen=1.400,20,-1.873482814466998,81.61632994138799,1.4,2,0.29379701614379883,0.02280592918395996,0.0,11101101001100001010,+++-++-+--++----+-+-,0,True,"[[0.000158, 96.05167908], [0.006716, 87.40785504], [0.022806, 81.61632994]]",40,quantum,2,
precond_pen=1.500,20,-1.7454343127890013,81.61632994138799,1.5,2,0.30903005599975586,0.0072269439697265625,0.0,11101101001100001010,+++-++-+--++----+-+-,0,True,"[[0.000125, 96.05167908], [0.006843, 94.71339], [0.007227, 81.61632994]]",40,quantum,2,
precond_pen=1.600,20,-1.6397918629909949,81.61632994138799,1.6,2,0.29363298416137695,0.01904296875,0.0,11101101001100001010,+++-++-+--++----+-+-,0,True,"[[0.000111, 96.05167908], [0.006678, 87.40785504], [0.019043, 81.61632994]]",40,quantum,2,
precond_pen=1.700,20,-1.6278475621960045,81.61632994138799,1.7,2,0.2920200824737549,0.006982088088989258,0.0,11101101001100001010,+++-++-+--++----+-+-,0,True,"[[0.000107, 96.05167908], [0.00659, 95.87572575], [0.006982, 81.61632994]]",40,quantum,2,
precond_pen=1.800,20,-1.4753621383459983,81.61632994138799,1.8,2,0.33476805686950684,0.01853799819946289,0.0,11101101001100001010,+++-++-+--++----+-+-,0,True,"[[0.000118, 96.05167908], [0.00577, 87.40785504], [0.018538, 81.61632994]]",40,quantum,2,
precond_pen=1.900,20,-1.4666118534569996,81.61632994138799,1.9,2,0.36049795150756836,0.018576860427856445,0.0,11101101001100001010,+++-++-+--++----+-+-,0,True,"[[0.000109, 96.05167908], [0.005646, 87.40785504], [0.018577, 81.61632994]]",40,quantum,2,
precond_pen=2.000,20,-3.267684819485005,81.61632994138799,2.0,2,0.0593569278717041,0.0069921016693115234,0.0,11101101001100001010,+++-++-+--++----+-+-,0,True,"[[0.000114, 96.05167908], [0.006165, 92.71681855], [0.006508, 91.45226541], [0.006992, 81.61632994]]",40,quantum,2,
baseline,20,94.43387874031102,94.43387874031103,,2,0.5006721019744873,0.004457950592041016,0.0,00010111110101000011,---+-+++++-+-+----++,0,True,"[[9.3e-05, 105.37524093], [0.004458, 94.43387874]]",41,quantum,2,
precond_pen=1.100,20,-2.0230178242419985,94.43387874031103,1.1,2,0.439755916595459,0.0059778690338134766,0.0,00010111110101000011,---+-+++++-+-+----++,0,True,"[[0.000123, 105.37524093], [0.005699, 102.61596233], [0.005978, 94.43387874]]",41,quantum,2,
precond_pen=1.200,20,-1.8154795004799915,94.43387874031103,1.2,2,0.40639615058898926,0.007122039794921875,0.0,00010111110101000011,---+-+++++-+-+----++,0,True,"[[0.000114, 105.37524093], [0.0068, 102.61596233], [0.007122, 94.43387874]]",41,quantum,2,
precond_pen=1.300,20,-1.6596965899019889,94.43387874031103,1.3,2,0.4184708595275879,0.019769906997680664,0.0,00010111110101000011,---+-+++++-+-+----++,0,True,"[[0.000118, 105.37524093], [0.00675, 103.07375771], [0.007058, 94.88355894], [0.01977, 94.43387874]]",41,quantum,2,
precond_pen=1.400,20,-1.5380498282899904,94.43387874031103,1.4,2,0.40102577209472656,0.007096767425537109,0.0,00010111110101000011,---+-+++++-+-+----++,0,True,"[[0.000117, 105.37524093], [0.00679, 101.84923359], [0.007097, 94.43387874]]",41,quantum,2,
precond_pen=1.500,20,-1.4402075201200049,94.43387874031103,1.5,2,0.4884319305419922,0.01949000358581543,0.0,00010111110101000011,---+-+++++-+-+----++,0,True,"[[0.000108, 105.37524093], [0.005847, 103.90624822], [0.00618, 94.88355894], [0.01949, 94.43387874]]",41,quantum,2,
precond_pen=1.600,20,-1.3596671916529957,94.43387874031103,1.6,2,0.4864809513092041,0.005936861038208008,0.0,00010111110101000011,---+-+++++-+-+----++,0,True,"[[0.000161, 105.37524093], [0.005937, 94.43387874]]",41,quantum,2,
precond_pen=1.700,20,-1.3503136674099956,94.43387874031103,1.7,2,0.4490840435028076,0.006011009216308594,0.0,00010111110101000011,---+-+++++-+-+----++,0,True,"[[0.000165, 105.37524093], [0.006011, 94.43387874]]",41,quantum,2,
precond_pen=1.800,20,-7.087117008217001,94.43387874031103,1.8,2,0.03838086128234863,0.0063228607177734375,0.0,00010111110101000011,---+-+++++-+-+----++,0,True,"[[0.000169, 105.37524093], [0.006323, 94.43387874]]",41,quantum,2,
precond_pen=1.900,20,-7.427493812492006,94.43387874031103,1.9,2,0.043057918548583984,0.006769895553588867,0.0,00010111110101000011,---+-+++++-+-+----++,0,True,"[[9.9e-05, 105.37524093], [0.005858, 101.40865618], [0.00677, 94.43387874]]",41,quantum,2,
precond_pen=2.000,20,-1.141793081676001,94.43387874031103,2.0,2,0.47834205627441406,0.0198209285736084,0.0,00010111110101000011,---+-+++++-+-+----++,0,True,"[[9.6e-05, 105.37524093], [0.00523, 104.96393491], [0.005467, 94.88355894], [0.019821, 94.43387874]]",41,quantum,2,
baseline,20,84.01773115393992,84.01773115394,,2,0.23499393463134766,0.005886077880859375,0.0,11011111000011100000,++-+++++----+++-----,0,True,"[[0.000123, 94.99804401], [0.005886, 84.01773115]]",42,quantum,2,
precond_pen=1.100,20,-2.2372022484460032,84.01773115394,1.1,2,0.2493889331817627,0.0063250064849853516,0.0,00100000111100011111,--+-----++++---+++++,0,True,"[[0.000108, 94.99804401], [0.006085, 87.80123223], [0.006325, 84.01773115]]",42,quantum,2,
precond_pen=1.200,20,-1.8856787149560024,84.01773115394,1.2,2,0.3357210159301758,0.006736040115356445,0.0,00100000111100011111,--+-----++++---+++++,0,True,"[[0.000106, 94.99804401], [0.006497, 87.80123223], [0.006736, 84.01773115]]",42,quantum,2,
precond_pen=1.300,20,-1.7259958269480062,84.01773115394,1.3,2,0.4362010955810547,0.006163120269775391,0.0,11011111000011100000,++-+++++----+++-----,0,True,"[[0.000111, 94.99804401], [0.006163, 84.01773115]]",42,quantum,2,
precond_pen=1.400,20,-1.6004607958949943,84.01773115394,1.4,2,0.3402409553527832,0.0059490203857421875,0.0,11011111000011100000,++-+++++----+++-----,0,True,"[[0.000135, 94.99804401], [0.005949, 84.01773115]]",42,quantum,2,
precond_pen=1.500,20,-1.498957256666987,84.01773115394,1.5,2,0.39392518997192383,0.005997180938720703,0.0,11011111000011100000,++-+++++----+++-----,0,True,"[[0.000162, 94.99804401], [0.005997, 84.01773115]]",42,quantum,2,
precond_pen=1.600,20,-8.291266046351996,84.01773115394,1.6,2,0.07583498954772949,0.00640106201171875,0.0,00100000111100011111,--+-----++++---+++++,0,True,"[[0.000159, 94.99804401], [0.005579, 92.07391704], [0.005872, 90.15339095], [0.00615, 94.28489375], [0.006401, 84.01773115]]",42,quantum,2,
precond_pen=1.700,20,-3.045711608323005,84.01773115394,1.7,2,0.2244880199432373,0.005867958068847656,0.0,00100000111100011111,--+-----++++---+++++,0,True,"[[0.000109, 94.99804401], [0.005672, 87.80123223], [0.005868, 84.01773115]]",42,quantum,2,
precond_pen=1.800,20,-3.0809264742939995,84.01773115394,1.8,2,0.21585297584533691,0.005948066711425781,0.0,11011111000011100000,++-+++++----+++-----,0,True,"[[9.9e-05, 94.99804401], [0.005264, 90.509344], [0.005526, 90.15339095], [0.005948, 84.01773115]]",42,quantum,2,
precond_pen=1.900,20,-9.234477494118002,84.01773115394,1.9,2,0.08269190788269043,0.00615692138671875,0.0,00100000111100011111,--+-----++++---+++++,0,True,"[[0.000155, 94.99804401], [0.005353, 92.11813691], [0.005616, 90.15339095], [0.005907, 94.28489375], [0.006157, 84.01773115]]",42,quantum,2,
precond_pen=2.000,20,-3.1079948783330167,84.01773115394,2.0,2,0.18887114524841309,0.006281137466430664,0.0,00100000111100011111,--+-----++++---+++++,0,True,"[[0.000108, 94.99804401], [0.006062, 94.81365858], [0.006281, 84.01773115]]",42,quantum,2,
baseline,20,85.59189281977802,85.59189281977801,,2,0.25794291496276855,0.005717039108276367,0.0,01110110101000101100,-+++-++-+-+---+-++--,0,True,"[[0.000103, 103.42593599], [0.005055, 99.92374707], [0.00541, 98.06776897], [0.005717, 85.59189282]]",43,quantum,2,
precond_pen=1.100,20,-2.2050285467510005,85.59189281977801,1.1,2,0.34630513191223145,0.005984067916870117,0.0,10001001010111010011,+---+--+-+-+++-+--++,0,True,"[[0.000104, 103.42593599], [0.00573, 89.44774059], [0.005984, 85.59189282]]",43,quantum,2,
precond_pen=1.200,20,-2.1726787850650098,85.59189281977801,1.2,2,0.34896397590637207,0.006319999694824219,0.0,10001001010111010011,+---+--+-+-+++-+--++,0,True,"[[0.000119, 103.42593599], [0.006025, 89.44774059], [0.00632, 85.59189282]]",43,quantum,2,
precond_pen=1.300,20,-1.8053886333130045,85.59189281977801,1.3,2,0.41670703887939453,0.0060231685638427734,0.0,10001001010111010011,+---+--+-+-+++-+--++,0,True,"[[0.000167, 103.42593599], [0.005763, 98.26880608], [0.006023, 85.59189282]]",43,quantum,2,
precond_pen=1.400,20,-1.6706707549229858,85.59189281977801,1.4,2,0.4807288646697998,0.006165981292724609,0.0,10001001010111010011,+---+--+-+-+++-+--++,0,True,"[[0.00016, 103.42593599], [0.005883, 89.19314889], [0.006166, 85.59189282]]",43,quantum,2,
precond_pen=1.500,20,-1.5619632892920041,85.59189281977801,1.5,2,0.5356400012969971,0.007455110549926758,0.0,10001001010111010011,+---+--+-+-+++-+--++,0,True,"[[0.000188, 103.42593599], [0.006978, 93.34587217], [0.007455, 85.59189282]]",43,quantum,2,
precond_pen=1.600,20,-1.4722390895030042,85.59189281977801,1.6,2,0.3915081024169922,0.0061261653900146484,0.0,10001001010111010011,+---+--+-+-+++-+--++,0,True,"[[0.000121, 103.42593599], [0.005857, 96.63419044], [0.006126, 85.59189282]]",43,quantum,2,
precond_pen=1.700,20,-1.4620177699849997,85.59189281977801,1.7,2,0.3742990493774414,0.007130146026611328,0.0,10001001010111010011,+---+--+-+-+++-+--++,0,True,"[[0.000158, 103.42593599], [0.006804, 99.82446804], [0.00713, 85.59189282]]",43,quantum,2,
precond_pen=1.800,20,-1.449278612244001,85.59189281977801,1.8,2,0.5092530250549316,0.005997180938720703,0.0,10001001010111010011,+---+--+-+-+++-+--++,0,True,"[[0.000111, 103.42593599], [0.005743, 99.82446804], [0.005997, 85.59189282]]",43,quantum,2,
precond_pen=1.900,20,-3.095885474064998,85.59189281977801,1.9,2,0.17781591415405273,0.006999969482421875,0.0,10001001010111010011,+---+--+-+-+++-+--++,0,True,"[[0.00011, 103.42593599], [0.0063, 86.79642962], [0.007, 85.59189282]]",43,quantum,2,
precond_pen=2.000,20,-3.071416633456998,85.59189281977801,2.0,2,0.18026494979858398,0.006405830383300781,0.0,10001001010111010011,+---+--+-+-+++-+--++,0,True,"[[0.000107, 103.42593599], [0.005331, 96.21177367], [0.006046, 89.90003588], [0.006406, 85.59189282]]",43,quantum,2,
baseline,20,85.99376565754903,85.99376565754899,,2,0.3153979778289795,0.05258488655090332,0.0,11001001010011010011,++--+--+-+--++-+--++,0,True,"[[0.000126, 110.22696221], [0.005063, 109.41116097], [0.005443, 105.22035959], [0.005839, 88.41082091], [0.052585, 85.99376566]]",44,quantum,2,
precond_pen=1.100,20,-2.2521892818140046,85.99376565754899,1.1,2,0.3209049701690674,0.31678199768066406,0.0,00110110101100101100,--++-++-+-++--+-++--,0,True,"[[0.000106, 110.22696221], [0.006063, 100.1532357], [0.006385, 86.9551439], [0.316782, 85.99376566], [0.320103, 85.99376566]]",44,quantum,2,
precond_pen=1.200,20,-2.0137194042379924,85.99376565754899,1.2,2,0.48220014572143555,0.4772460460662842,0.0,00110110101100101100,--++-++-+-++--+-++--,0,True,"[[0.000108, 110.22696221], [0.005714, 104.91199112], [0.005986, 86.9551439], [0.477246, 85.99376566], [0.481299, 85.99376566]]",44,quantum,2,
precond_pen=1.300,20,-1.8350801334050004,85.99376565754899,1.3,2,0.37481689453125,0.37082695960998535,0.0,00110110101100101100,--++-++-+-++--+-++--,0,True,"[[0.000129, 110.22696221], [0.007292, 101.28424166], [0.007613, 86.9551439], [0.370827, 85.99376566], [0.374028, 85.99376566]]",44,quantum,2,
precond_pen=1.400,20,-1.695701053355,85.99376565754899,1.4,2,0.361130952835083,0.3599100112915039,0.0,11001001010011010011,++--+--+-+--++-+--++,0,True,"[[0.000107, 110.22696221], [0.005819, 104.64810977], [0.006043, 86.9551439], [0.35991, 85.99376566], [0.360434, 85.99376566]]",44,quantum,2,
precond_pen=1.500,20,-1.5836221005519935,85.99376565754899,1.5,2,0.8014140129089355,0.020519018173217773,0.0,00110110101100101100,--++-++-+-++--+-++--,0,True,"[[0.000118, 110.22696221], [0.005587, 101.28424166], [0.005773, 86.9551439], [0.020519, 85.99376566]]",44,quantum,2,
precond_pen=1.600,20,-6.956138039293002,85.99376565754899,1.6,2,0.049818992614746094,0.007261037826538086,0.0,00110110101100101100,--++-++-+-++--+-++--,0,True,"[[0.000121, 110.22696221], [0.006414, 96.58948622], [0.007261, 85.99376566]]",44,quantum,2,
precond_pen=1.700,20,-1.2978435617610113,85.99376565754899,1.7,2,0.483536958694458,0.01834702491760254,0.0,00110110101100101100,--++-++-+-++--+-++--,0,True,"[[9.4e-05, 110.22696221], [0.006097, 103.76797274], [0.006422, 88.32540068], [0.018347, 85.99376566]]",44,quantum,2,
precond_pen=1.800,20,-8.203252471804005,85.99376565754899,1.8,2,0.049566030502319336,0.024258852005004883,0.0,11001001010011010011,++--+--+-+--++-+--++,0,True,"[[0.000113, 110.22696221], [0.006516, 97.78701479], [0.007314, 87.3627712], [0.024259, 85.99376566]]",44,quantum,2,
precond_pen=1.900,20,-9.055707599296,85.99376565754899,1.9,2,0.10596299171447754,0.09531402587890625,0.0,00110110101100101100,--++-++-+-++--+-++--,0,True,"[[9.3e-05, 110.22696221], [0.005005, 91.17447077], [0.005581, 87.3627712], [0.095314, 85.99376566]]",44,quantum,2,
precond_pen=2.000,20,-5.630504035461998,85.99376565754899,2.0,2,0.06563186645507812,0.0644829273223877,0.0,00110110101100101100,--++-++-+-++--+-++--,0,True,"[[9.5e-05, 110.22696221], [0.005748, 89.71674228], [0.006616, 86.9551439], [0.064483, 85.99376566], [0.065267, 85.99376566]]",44,quantum,2,
baseline,20,87.18365226728395,87.18365226728393,,2,0.4143850803375244,0.36751508712768555,0.0,00101000010111111001,--+-+----+-++++++--+,0,True,"[[9.5e-05, 102.95291853], [0.004591, 98.7766833], [0.004938, 98.4215626], [0.005255, 90.17094747], [0.294223, 89.42815932], [0.367247, 88.73984077], [0.367414, 88.16063719], [0.367515, 87.18365227], [0.413474, 87.18365227]]",45,quantum,2,
precond_pen=1.100,20,-3.493512741036005,87.18365226728393,1.1,2,0.12495684623718262,0.0061779022216796875,0.0,11010111101000000110,++-+-++++-+------++-,0,True,"[[0.000112, 102.95291853], [0.005491, 100.8366286], [0.005763, 98.7766833], [0.006178, 87.18365227]]",45,quantum,2,
precond_pen=1.200,20,-1.9840102443179966,87.18365226728393,1.2,2,0.31674695014953613,0.005838871002197266,0.0,00101000010111111001,--+-+----+-++++++--+,0,True,"[[0.000108, 102.95291853], [0.005565, 102.63169731], [0.005839, 87.18365227]]",45,quantum,2,
precond_pen=1.300,20,-1.8113814717730055,87.18365226728393,1.3,2,0.4742128849029541,0.005671977996826172,0.0,00101000010111111001,--+-+----+-++++++--+,0,True,"[[0.000109, 102.95291853], [0.005376, 102.35391834], [0.005672, 87.18365227]]",45,quantum,2,
precond_pen=1.400,20,-1.6760009705440044,87.18365226728393,1.4,2,0.4390268325805664,0.006277799606323242,0.0,00101000010111111001,--+-+----+-++++++--+,0,True,"[[0.000127, 102.95291853], [0.005966, 102.33244541], [0.006278, 87.18365227]]",45,quantum,2,
precond_pen=1.500,20,-1.6613003855810025,87.18365226728393,1.5,2,0.4883148670196533,0.007222890853881836,0.0,00101000010111111001,--+-+----+-++++++--+,0,True,"[[0.000151, 102.95291853], [0.006805, 102.33244541], [0.007223, 87.18365227]]",45,quantum,2,
precond_pen=1.600,20,-8.149493745971993,87.18365226728393,1.6,2,0.0388638973236084,0.006493091583251953,0.0,11010111101000000110,++-+-++++-+------++-,0,True,"[[0.000109, 102.95291853], [0.005559, 99.90652422], [0.006061, 98.7766833], [0.006493, 87.18365227]]",45,quantum,2,
precond_pen=1.700,20,-8.784096342729999,87.18365226728393,1.7,2,0.04145693778991699,0.0070209503173828125,0.0,11010111101000000110,++-+-++++-+------++-,0,True,"[[9.4e-05, 102.95291853], [0.005713, 98.59780974], [0.0064, 98.7766833], [0.007021, 87.18365227]]",45,quantum,2,
precond_pen=1.800,20,-1.3360636690129937,87.18365226728393,1.8,2,0.5327701568603516,0.005340099334716797,0.0,00101000010111111001,--+-+----+-++++++--+,0,True,"[[9e-05, 102.95291853], [0.005086, 101.32955131], [0.00534, 87.18365227]]",45,quantum,2,
precond_pen=1.900,20,-9.443840698428007,87.18365226728393,1.9,2,0.03648495674133301,0.006404876708984375,0.0,11010111101000000110,++-+-++++-+------++-,0,True,"[[0.000153, 102.95291853], [0.00569, 97.76226585], [0.005987, 98.7766833], [0.006405, 87.18365227]]",45,quantum,2,
precond_pen=2.000,20,-19.063131845556995,87.18365226728393,2.0,2,0.031019926071166992,0.0054759979248046875,0.0,00101000010111111001,--+-+----+-++++++--+,0,True,"[[9.8e-05, 102.95291853], [0.005158, 105.1898523], [0.005476, 87.18365227]]",45,quantum,2,
baseline,20,78.00730446917791,78.00730446917791,,2,0.2369999885559082,0.005487918853759766,0.0,10100101101101011000,+-+--+-++-++-+-++---,0,True,"[[9.3e-05, 93.48682256], [0.004584, 91.17570095], [0.004995, 90.23763227], [0.005488, 78.00730447]]",46,quantum,2,
precond_pen=1.100,20,-13.802051701731996,79.11583177525196,1.1,2,0.03430819511413574,0.006239175796508789,0.0,11001001100111011000,++--+--++--+++-++---,0,True,"[[0.000101, 93.48682256], [0.005504, 82.95413457], [0.006239, 79.11583178]]",46,quantum,2,
precond_pen=1.200,20,-1.6483832498620057,78.07640589645192,1.2,2,0.5380139350891113,0.006443023681640625,0.0,00110110011100100101,--++-++--+++--+--+-+,0,True,"[[9.4e-05, 93.48682256], [0.006172, 87.88720635], [0.006443, 78.00730447], [0.536576, 78.0764059], [0.537213, 78.0764059]]",46,quantum,2,
precond_pen=1.300,20,-1.6952442429689967,78.07640589645192,1.3,2,0.5103979110717773,0.006031990051269531,0.0,11001001100011011010,++--+--++---++-++-+-,0,True,"[[0.000112, 93.48682256], [0.005794, 84.17389864], [0.006032, 78.00730447], [0.505972, 78.0764059], [0.509464, 78.0764059]]",46,quantum,2,
precond_pen=1.400,20,-7.065471106306001,78.07640589645192,1.4,2,0.06315183639526367,0.006466865539550781,0.0,11001001100011011010,++--+--++---++-++-+-,0,True,"[[0.000117, 93.48682256], [0.005615, 88.19011714], [0.006109, 84.58963308], [0.006467, 78.0764059]]",46,quantum,2,
precond_pen=1.500,20,-8.178977123476995,78.07640589645192,1.5,2,0.08739304542541504,0.0067369937896728516,0.0,11001001100011011010,++--+--++---++-++-+-,0,True,"[[0.0001, 93.48682256], [0.005841, 83.17267104], [0.006737, 78.0764059]]",46,quantum,2,
precond_pen=1.600,20,-1.3961476560430004,78.07640589645192,1.6,2,0.4681520462036133,0.0064220428466796875,0.0,00110110011100100101,--++-++--+++--+--+-+,0,True,"[[9.4e-05, 93.48682256], [0.006032, 83.29826087], [0.006422, 78.00730447], [0.464036, 78.0764059], [0.466841, 78.0764059]]",46,quantum,2,
precond_pen=1.700,20,-5.391751213722998,78.07640589645192,1.7,2,0.16500401496887207,0.007647991180419922,0.0,00110110011100100101,--++-++--+++--+--+-+,0,True,"[[0.000108, 93.48682256], [0.006521, 91.63271606], [0.006915, 91.17570095], [0.00733, 90.68069831], [0.007648, 78.00730447], [0.162898, 78.0764059]]",46,quantum,2,
precond_pen=1.800,20,-16.27257139868401,78.07640589645192,1.8,2,0.0686330795288086,0.05723714828491211,0.0,00110110011100100101,--++-++--+++--+--+-+,0,True,"[[0.00011, 93.48682256], [0.00555, 91.69826331], [0.005972, 90.23763227], [0.006502, 79.34579062], [0.021569, 78.51979691], [0.057237, 78.0764059], [0.068217, 78.0764059]]",46,quantum,2,
precond_pen=1.900,20,-16.831826186785,78.07640589645192,1.9,2,0.05639505386352539,0.015830039978027344,0.0,11001001100011011010,++--+--++---++-++-+-,0,True,"[[0.000102, 93.48682256], [0.005194, 82.8763622], [0.00574, 78.51979691], [0.01583, 78.0764059]]",46,quantum,2,
precond_pen=2.000,20,-17.070122873172,78.07640589645192,2.0,2,0.050607919692993164,0.04651999473571777,0.0,00110110011100100101,--++-++--+++--+--+-+,0,True,"[[0.000102, 93.48682256], [0.004769, 90.09339015], [0.004982, 90.47185298], [0.005416, 86.02444878], [0.005675, 79.34579062], [0.016391, 78.51979691], [0.04652, 78.0764059]]",46,quantum,2,
baseline,20,89.41175591807497,89.41175591807492,,2,0.4839341640472412,0.005380153656005859,0.0,00111010010001110101,--+++-+--+---+++-+-+,0,True,"[[9e-05, 110.47216124], [0.004956, 105.60359554], [0.00538, 89.41175592]]",47,quantum,2,
precond_pen=1.100,20,-2.081136720023995,89.41175591807492,1.1,2,0.4288828372955322,0.4253058433532715,0.0,00111010010001110101,--+++-+--+---+++-+-+,0,True,"[[0.000108, 110.47216124], [0.00546, 104.54318004], [0.005701, 91.91455206], [0.397132, 90.54156753], [0.412059, 90.59512355], [0.412237, 90.2958693], [0.425195, 89.91768998], [0.425306, 89.41175592], [0.42817, 89.41175592]]",47,quantum,2,
precond_pen=1.200,20,-1.8671214654219987,89.41175591807492,1.2,2,0.40872621536254883,0.17068219184875488,0.0,11000101101110001010,++---+-++-+++---+-+-,0,True,"[[0.000119, 110.47216124], [0.005619, 104.54318004], [0.005892, 91.91455206], [0.018112, 91.02096284], [0.170682, 89.41175592]]",47,quantum,2,
precond_pen=1.300,20,-1.7063308521410026,89.41175591807492,1.3,2,0.3871951103210449,0.3699800968170166,0.0,00111010010001110101,--+++-+--+---+++-+-+,0,True,"[[0.000134, 110.47216124], [0.006578, 104.54318004], [0.006916, 91.91455206], [0.36998, 89.41175592], [0.386479, 89.41175592]]",47,quantum,2,
precond_pen=1.400,20,-1.5806524153630015,89.41175591807492,1.4,2,0.42118287086486816,0.4078660011291504,0.0,00111010010001110101,--+++-+--+---+++-+-+,0,True,"[[0.000115, 110.47216124], [0.007047, 104.68465828], [0.007427, 91.91455206], [0.020048, 90.95159732], [0.165784, 89.91768998], [0.407866, 89.41175592], [0.42035, 89.41175592]]",47,quantum,2,
precond_pen=1.500,20,-1.479455996757002,89.41175591807492,1.5,2,0.5279850959777832,0.27082395553588867,0.0,00111010010001110101,--+++-+--+---+++-+-+,0,True,"[[0.00011, 110.47216124], [0.005507, 109.76094866], [0.005796, 104.72835678], [0.006005, 91.09753163], [0.019888, 91.02096284], [0.270628, 91.01182929], [0.270824, 89.41175592]]",47,quantum,2,
precond_pen=1.600,20,-1.467799198952994,89.41175591807492,1.6,2,0.43123292922973633,0.022027015686035156,0.0,11000101101110001010,++---+-++-+++---+-+-,0,True,"[[0.000121, 110.47216124], [0.006623, 109.76094866], [0.007068, 104.54318004], [0.007362, 91.91455206], [0.022027, 89.41175592]]",47,quantum,2,
precond_pen=1.700,20,-1.452940852507993,89.41175591807492,1.7,2,0.5681948661804199,0.021255970001220703,0.0,11000101101110001010,++---+-++-+++---+-+-,0,True,"[[0.000116, 110.47216124], [0.005708, 109.76094866], [0.006041, 104.54318004], [0.006246, 91.91455206], [0.021256, 89.41175592]]",47,quantum,2,
precond_pen=1.800,20,-2.532345613110998,90.66786219950102,1.8,2,0.21837997436523438,0.01572704315185547,0.0,01000101011100001111,-+---+-+-+++----++++,0,True,"[[0.000121, 110.47216124], [0.005566, 97.81673737], [0.006206, 91.09753163], [0.015727, 89.91768998], [0.023239, 90.6678622]]",47,quantum,2,
precond_pen=1.900,20,-1.2150181365470036,89.41175591807492,1.9,2,0.5457479953765869,0.01871180534362793,0.0,11000101101110001010,++---+-++-+++---+-+-,0,True,"[[0.000156, 110.47216124], [0.005494, 100.61693543], [0.005701, 91.02096284], [0.018712, 89.41175592]]",47,quantum,2,
precond_pen=2.000,20,-1.2088210219259992,89.41175591807492,2.0,2,0.5295591354370117,0.021214962005615234,0.0,11000101101110001010,++---+-++-+++---+-+-,0,True,"[[0.000164, 110.47216124], [0.00578, 100.61693543], [0.005988, 91.02096284], [0.021215, 89.41175592]]",47,quantum,2,
baseline,20,86.15627452997106,86.15627452997096,,2,0.2800788879394531,0.00504302978515625,0.0,10100110110100110100,+-+--++-++-+--++-+--,0,True,"[[0.000158, 96.43899889], [0.005043, 86.15627453]]",48,quantum,2,
precond_pen=1.100,20,-2.083827815064998,86.15627452997096,1.1,2,0.3246331214904785,0.005582094192504883,0.0,01011001001011001011,-+-++--+--+-++--+-++,0,True,"[[0.000163, 96.43899889], [0.005354, 95.02568405], [0.005582, 86.15627453]]",48,quantum,2,
precond_pen=1.200,20,-1.8711874292389918,86.15627452997096,1.2,2,0.5306239128112793,0.005787849426269531,0.0,01011001001011001011,-+-++--+--+-++--+-++,0,True,"[[0.000121, 96.43899889], [0.005527, 95.87960407], [0.005788, 86.15627453]]",48,quantum,2,
precond_pen=1.300,20,-1.7110839874630006,86.15627452997096,1.3,2,0.6062178611755371,0.010714054107666016,0.0,01011001001011001011,-+-++--+--+-++--+-++,0,True,"[[0.000215, 96.43899889], [0.010309, 93.31824426], [0.010714, 86.15627453]]",48,quantum,2,
precond_pen=1.400,20,-1.585725474448001,86.15627452997096,1.4,2,0.47154903411865234,0.011327028274536133,0.0,10100110110100110100,+-+--++-++-+--++-+--,0,True,"[[0.000211, 96.43899889], [0.011327, 86.15627453]]",48,quantum,2,
precond_pen=1.500,20,-1.4846603036730013,86.15627452997096,1.5,2,0.44142985343933105,0.024719953536987305,0.0,10100110110100110100,+-+--++-++-+--++-+--,0,True,"[[0.000179, 96.43899889], [0.00835, 95.94651767], [0.008675, 86.56873765], [0.02472, 86.15627453]]",48,quantum,2,
precond_pen=1.600,20,-7.123546256608998,87.86100964302706,1.6,2,0.15938401222229004,0.010074138641357422,0.0,11001011010001001011,++--+-++-+---+--+-++,0,True,"[[0.000176, 96.43899889], [0.010074, 86.3982847], [0.157093, 86.56873765], [0.157586, 87.86100964], [0.158402, 87.86100964]]",48,quantum,2,
precond_pen=1.700,20,-3.0693953050780056,86.3982846962789,1.7,2,0.29486083984375,0.011333942413330078,0.0,00110100001110011101,--++-+----+++--+++-+,0,True,"[[0.000158, 96.43899889], [0.010291, 93.94620467], [0.011334, 86.3982847]]",48,quantum,2,
precond_pen=1.800,20,-1.2715445858809957,86.15627452997096,1.8,2,0.5140340328216553,0.007364034652709961,0.0,10100110110100110100,+-+--++-++-+--++-+--,0,True,"[[0.000153, 96.43899889], [0.007364, 86.15627453]]",48,quantum,2,
precond_pen=1.900,20,-3.090162396830994,86.3982846962789,1.9,2,0.22478389739990234,0.010032892227172852,0.0,00110100001110011101,--++-+----+++--+++-+,0,True,"[[0.00014, 96.43899889], [0.009423, 93.38116926], [0.010033, 86.15627453], [0.222129, 86.56873765], [0.222558, 86.3982847], [0.223951, 86.3982847]]",48,quantum,2,
precond_pen=2.000,20,-9.581523067400003,86.56873765446899,2.0,2,0.11570215225219727,0.008738040924072266,0.0,11101010010001001011,+++-+-+--+---+--+-++,0,True,"[[0.000153, 96.43899889], [0.008119, 95.6227462], [0.008738, 86.15627453], [0.114027, 86.56873765], [0.11473, 86.56873765]]",48,quantum,2,
baseline,20,81.73893395604502,81.73893395604502,,2,0.33344292640686035,0.0067179203033447266,0.0,11010101100100010101,++-+-+-++--+---+-+-+,0,True,"[[0.000138, 98.5611487], [0.006718, 81.73893396]]",49,quantum,2,
precond_pen=1.100,20,-2.4936149147219986,81.73893395604502,1.1,2,0.43030786514282227,0.009086847305297852,0.0,00101010011011101010,--+-+-+--++-+++-+-+-,0,True,"[[0.000207, 98.5611487], [0.008665, 96.25644164], [0.009087, 81.73893396]]",49,quantum,2,
precond_pen=1.200,20,-2.2204220249170046,81.73893395604502,1.2,2,0.3597300052642822,0.008382081985473633,0.0,00101010011011101010,--+-+-+--++-+++-+-+-,0,True,"[[0.000139, 98.5611487], [0.008027, 95.30341002], [0.008382, 81.73893396]]",49,quantum,2,
precond_pen=1.300,20,-2.016009433062001,81.73893395604502,1.3,2,0.3537631034851074,0.007752895355224609,0.0,00101010011011101010,--+-+-+--++-+++-+-+-,0,True,"[[0.000119, 98.5611487], [0.007359, 89.76297676], [0.007753, 81.73893396]]",49,quantum,2,
precond_pen=1.400,20,-1.8567093887459993,81.73893395604502,1.4,2,0.3467590808868408,0.008448123931884766,0.0,00101010011011101010,--+-+-+--++-+++-+-+-,0,True,"[[0.000144, 98.5611487], [0.007919, 89.76297676], [0.008448, 81.73893396]]",49,quantum,2,
precond_pen=1.500,20,-1.7287392869800016,81.73893395604502,1.5,2,0.3219289779663086,0.007524967193603516,0.0,00101010011011101010,--+-+-+--++-+++-+-+-,0,True,"[[0.00013, 98.5611487], [0.007157, 98.14055455], [0.007525, 81.73893396]]",49,quantum,2,
precond_pen=1.600,20,-1.6234915778270036,81.73893395604502,1.6,2,0.4341878890991211,0.006836891174316406,0.0,00101010011011101010,--+-+-+--++-+++-+-+-,0,True,"[[0.000155, 98.5611487], [0.006554, 98.41333422], [0.006837, 81.73893396]]",49,quantum,2,
precond_pen=1.700,20,-1.6118425622269967,81.73893395604502,1.7,2,0.601417064666748,0.006318092346191406,0.0,00101010011011101010,--+-+-+--++-+++-+-+-,0,True,"[[0.000129, 98.5611487], [0.00605, 98.41333422], [0.006318, 81.73893396]]",49,quantum,2,
precond_pen=1.800,20,-12.339287894931998,81.97865215972301,1.8,2,0.03375720977783203,0.0073490142822265625,0.0,11010101101100010001,++-+-+-++-++---+---+,0,True,"[[0.000133, 98.5611487], [0.006204, 92.85181522], [0.006863, 94.31233018], [0.007349, 81.97865216]]",49,quantum,2,
precond_pen=1.900,20,-5.889750162828001,81.73893395604502,1.9,2,0.048265933990478516,0.008599996566772461,0.0,00101010011011101010,--+-+-+--++-+++-+-+-,0,True,"[[0.00016, 98.5611487], [0.007396, 93.95411004], [0.008191, 94.00780184], [0.0086, 81.73893396]]",49,quantum,2,
precond_pen=2.000,20,-22.038070004879003,81.97865215972301,2.0,2,0.03125,0.00707697868347168,0.0,00101010010011101110,--+-+-+--+--+++-+++-,0,True,"[[0.000143, 98.5611487], [0.006491, 85.70021787], [0.007077, 81.97865216]]",49,quantum,2,
