seed,layers,sweeps,preconditioner_family,name,penalty,presolve,event_idx,time_sec,orig_obj,running_best_orig_obj
0,1,,quantum,baseline,,True,0,0.000224,109.3548078,109.3548078
0,1,,quantum,baseline,,True,1,0.011019,101.73928921,101.73928921
0,1,,quantum,baseline,,True,2,0.011476,100.75620308,100.75620308
0,1,,quantum,baseline,,True,3,0.011812,93.35214931,93.35214931
0,1,,quantum,baseline,,True,4,0.301445,93.14102728,93.14102728
0,1,,quantum,baseline,,True,5,0.426707,92.65812845,92.65812845
0,1,,quantum,baseline,,True,6,0.474759,91.93633401,91.93633401
0,1,,quantum,baseline,,True,7,0.475302,91.05430035,91.05430035
0,1,,quantum,precond_pen=1.100,1.1,True,0,0.000187,109.3548078,109.3548078
0,1,,quantum,precond_pen=1.100,1.1,True,1,0.009014,95.08106389,95.08106389
0,1,,quantum,precond_pen=1.100,1.1,True,2,0.009365,91.05430035,91.05430035
0,1,,quantum,precond_pen=1.200,1.2,True,0,0.000162,109.3548078,109.3548078
0,1,,quantum,precond_pen=1.200,1.2,True,1,0.010371,106.71376559,106.71376559
0,1,,quantum,precond_pen=1.200,1.2,True,2,0.010789,91.05430035,91.05430035
0,1,,quantum,precond_pen=1.300,1.3,True,0,0.00016,109.3548078,109.3548078
0,1,,quantum,precond_pen=1.300,1.3,True,1,0.008621,108.78184445,108.78184445
0,1,,quantum,precond_pen=1.300,1.3,True,2,0.009006,94.7603425,94.7603425
0,1,,quantum,precond_pen=1.300,1.3,True,3,0.307916,91.82434876,91.82434876
0,1,,quantum,precond_pen=1.300,1.3,True,4,0.490667,91.05430035,91.05430035
0,1,,quantum,precond_pen=1.300,1.3,True,5,0.493329,91.05430035,91.05430035
0,1,,quantum,precond_pen=1.400,1.4,True,0,0.000217,109.3548078,109.3548078
0,1,,quantum,precond_pen=1.400,1.4,True,1,0.009727,106.69027126,106.69027126
0,1,,quantum,precond_pen=1.400,1.4,True,2,0.01001,93.85441107,93.85441107
0,1,,quantum,precond_pen=1.400,1.4,True,3,0.029549,91.05430035,91.05430035
0,1,,quantum,precond_pen=1.500,1.5,True,0,0.000174,109.3548078,109.3548078
0,1,,quantum,precond_pen=1.500,1.5,True,1,0.008946,109.25403681,109.25403681
0,1,,quantum,precond_pen=1.500,1.5,True,2,0.00928,91.05430035,91.05430035
0,1,,quantum,precond_pen=1.600,1.6,True,0,0.000143,109.3548078,109.3548078
0,1,,quantum,precond_pen=1.600,1.6,True,1,0.00828,106.69027126,106.69027126
0,1,,quantum,precond_pen=1.600,1.6,True,2,0.00864,93.85441107,93.85441107
0,1,,quantum,precond_pen=1.600,1.6,True,3,0.028101,91.82434876,91.82434876
0,1,,quantum,precond_pen=1.600,1.6,True,4,0.32224,91.05430035,91.05430035
0,1,,quantum,precond_pen=1.700,1.7,True,0,0.000263,109.3548078,109.3548078
0,1,,quantum,precond_pen=1.700,1.7,True,1,0.010238,108.52982179,108.52982179
0,1,,quantum,precond_pen=1.700,1.7,True,2,0.010588,91.82434876,91.82434876
0,1,,quantum,precond_pen=1.700,1.7,True,3,0.58294,91.05430035,91.05430035
0,1,,quantum,precond_pen=1.700,1.7,True,4,0.584435,91.05430035,91.05430035
0,1,,quantum,precond_pen=1.800,1.8,True,0,0.000252,109.3548078,109.3548078
0,1,,quantum,precond_pen=1.800,1.8,True,1,0.009943,107.6332382,107.6332382
0,1,,quantum,precond_pen=1.800,1.8,True,2,0.010367,91.05430035,91.05430035
0,1,,quantum,precond_pen=1.900,1.9,True,0,0.000236,109.3548078,109.3548078
0,1,,quantum,precond_pen=1.900,1.9,True,1,0.009413,106.70799953,106.70799953
0,1,,quantum,precond_pen=1.900,1.9,True,2,0.009726,91.05430035,91.05430035
0,1,,quantum,precond_pen=2.000,2.0,True,0,0.000186,109.3548078,109.3548078
0,1,,quantum,precond_pen=2.000,2.0,True,1,0.009399,108.08850261,108.08850261
0,1,,quantum,precond_pen=2.000,2.0,True,2,0.009781,94.7603425,94.7603425
0,1,,quantum,precond_pen=2.000,2.0,True,3,0.033458,91.82434876,91.82434876
0,1,,quantum,precond_pen=2.000,2.0,True,4,0.294953,91.05430035,91.05430035
1,1,,quantum,baseline,,True,0,0.000173,99.25133438,99.25133438
1,1,,quantum,baseline,,True,1,0.007899,89.49026055,89.49026055
1,1,,quantum,baseline,,True,2,0.04225,88.09944822,88.09944822
1,1,,quantum,baseline,,True,3,0.194178,87.42019146,87.42019146
1,1,,quantum,baseline,,True,4,0.219189,86.87741286,86.87741286
1,1,,quantum,precond_pen=1.100,1.1,True,0,0.000139,99.25133438,99.25133438
1,1,,quantum,precond_pen=1.100,1.1,True,1,0.007858,86.87741286,86.87741286
1,1,,quantum,precond_pen=1.200,1.2,True,0,0.000137,99.25133438,99.25133438
1,1,,quantum,precond_pen=1.200,1.2,True,1,0.007494,98.39094766,98.39094766
1,1,,quantum,precond_pen=1.200,1.2,True,2,0.007901,86.87741286,86.87741286
1,1,,quantum,precond_pen=1.300,1.3,True,0,0.000184,99.25133438,99.25133438
1,1,,quantum,precond_pen=1.300,1.3,True,1,0.006709,86.87741286,86.87741286
1,1,,quantum,precond_pen=1.400,1.4,True,0,0.000126,99.25133438,99.25133438
1,1,,quantum,precond_pen=1.400,1.4,True,1,0.006947,86.87741286,86.87741286
1,1,,quantum,precond_pen=1.500,1.5,True,0,0.000148,99.25133438,99.25133438
1,1,,quantum,precond_pen=1.500,1.5,True,1,0.007469,97.99868126,97.99868126
1,1,,quantum,precond_pen=1.500,1.5,True,2,0.007813,90.65976686,90.65976686
1,1,,quantum,precond_pen=1.500,1.5,True,3,0.322792,90.44769331,90.44769331
1,1,,quantum,precond_pen=1.500,1.5,True,4,0.323154,88.41446105,88.41446105
1,1,,quantum,precond_pen=1.500,1.5,True,5,0.469102,86.87741286,86.87741286
1,1,,quantum,precond_pen=1.500,1.5,True,6,0.475081,86.87741286,86.87741286
1,1,,quantum,precond_pen=1.600,1.6,True,0,0.000135,99.25133438,99.25133438
1,1,,quantum,precond_pen=1.600,1.6,True,1,0.006572,99.02550151,99.02550151
1,1,,quantum,precond_pen=1.600,1.6,True,2,0.006854,88.09095915,88.09095915
1,1,,quantum,precond_pen=1.600,1.6,True,3,0.533716,86.87741286,86.87741286
1,1,,quantum,precond_pen=1.600,1.6,True,4,0.534823,86.87741286,86.87741286
1,1,,quantum,precond_pen=1.700,1.7,True,0,0.000201,99.25133438,99.25133438
1,1,,quantum,precond_pen=1.700,1.7,True,1,0.00778,99.02550151,99.02550151
1,1,,quantum,precond_pen=1.700,1.7,True,2,0.008195,88.09095915,88.09095915
1,1,,quantum,precond_pen=1.700,1.7,True,3,0.429297,86.87741286,86.87741286
1,1,,quantum,precond_pen=1.700,1.7,True,4,0.432673,86.87741286,86.87741286
1,1,,quantum,precond_pen=1.800,1.8,True,0,0.000137,99.25133438,99.25133438
1,1,,quantum,precond_pen=1.800,1.8,True,1,0.006655,96.54587366,96.54587366
1,1,,quantum,precond_pen=1.800,1.8,True,2,0.006936,86.87741286,86.87741286
1,1,,quantum,precond_pen=1.900,1.9,True,0,0.000221,99.25133438,99.25133438
1,1,,quantum,precond_pen=1.900,1.9,True,1,0.007818,99.01733187,99.01733187
1,1,,quantum,precond_pen=1.900,1.9,True,2,0.00821,90.65976686,90.65976686
1,1,,quantum,precond_pen=1.900,1.9,True,3,0.020909,88.09095915,88.09095915
1,1,,quantum,precond_pen=1.900,1.9,True,4,0.202351,86.87741286,86.87741286
1,1,,quantum,precond_pen=2.000,2.0,True,0,0.000132,99.25133438,99.25133438
1,1,,quantum,precond_pen=2.000,2.0,True,1,0.007437,99.06844041,99.06844041
1,1,,quantum,precond_pen=2.000,2.0,True,2,0.007796,86.87741286,86.87741286
2,1,,quantum,baseline,,True,0,0.000203,97.10293979,97.10293979
2,1,,quantum,baseline,,True,1,0.007902,96.61597096,96.61597096
2,1,,quantum,baseline,,True,2,0.008326,96.43400482,96.43400482
2,1,,quantum,baseline,,True,3,0.008859,87.34743637,87.34743637
2,1,,quantum,baseline,,True,4,0.053101,86.18601616,86.18601616
2,1,,quantum,precond_pen=1.100,1.1,True,0,0.000133,97.10293979,97.10293979
2,1,,quantum,precond_pen=1.100,1.1,True,1,0.006855,94.36835082,94.36835082
2,1,,quantum,precond_pen=1.100,1.1,True,2,0.007258,93.95236858,93.95236858
2,1,,quantum,precond_pen=1.100,1.1,True,3,0.007542,86.18601616,86.18601616
2,1,,quantum,precond_pen=1.200,1.2,True,0,0.000146,97.10293979,97.10293979
2,1,,quantum,precond_pen=1.200,1.2,True,1,0.006942,93.79665298,93.79665298
2,1,,quantum,precond_pen=1.200,1.2,True,2,0.00721,86.18601616,86.18601616
2,1,,quantum,precond_pen=1.300,1.3,True,0,0.000166,97.10293979,97.10293979
2,1,,quantum,precond_pen=1.300,1.3,True,1,0.007815,93.79665298,93.79665298
2,1,,quantum,precond_pen=1.300,1.3,True,2,0.00825,86.18601616,86.18601616
2,1,,quantum,precond_pen=1.400,1.4,True,0,0.000147,97.10293979,97.10293979
2,1,,quantum,precond_pen=1.400,1.4,True,1,0.007666,95.22637243,95.22637243
2,1,,quantum,precond_pen=1.400,1.4,True,2,0.008078,87.73600063,87.73600063
2,1,,quantum,precond_pen=1.400,1.4,True,3,0.915843,86.18601616,86.18601616
2,1,,quantum,precond_pen=1.400,1.4,True,4,0.954385,86.18601616,86.18601616
2,1,,quantum,precond_pen=1.500,1.5,True,0,0.000155,97.10293979,97.10293979
2,1,,quantum,precond_pen=1.500,1.5,True,1,0.007169,92.94082037,92.94082037
2,1,,quantum,precond_pen=1.500,1.5,True,2,0.007487,88.3167964,88.3167964
2,1,,quantum,precond_pen=1.500,1.5,True,3,0.020502,87.88103126,87.88103126
2,1,,quantum,precond_pen=1.500,1.5,True,4,0.278805,87.78289147,87.78289147
2,1,,quantum,precond_pen=1.500,1.5,True,5,0.285188,86.18601616,86.18601616
2,1,,quantum,precond_pen=1.600,1.6,True,0,0.000147,97.10293979,97.10293979
2,1,,quantum,precond_pen=1.600,1.6,True,1,0.006683,93.79665298,93.79665298
2,1,,quantum,precond_pen=1.600,1.6,True,2,0.006952,86.18601616,86.18601616
2,1,,quantum,precond_pen=1.700,1.7,True,0,0.000167,97.10293979,97.10293979
2,1,,quantum,precond_pen=1.700,1.7,True,1,0.008266,90.57290524,90.57290524
2,1,,quantum,precond_pen=1.700,1.7,True,2,0.008664,86.94986128,86.94986128
2,1,,quantum,precond_pen=1.700,1.7,True,3,0.467921,86.18601616,86.18601616
2,1,,quantum,precond_pen=1.700,1.7,True,4,0.471779,86.18601616,86.18601616
2,1,,quantum,precond_pen=1.800,1.8,True,0,0.000206,97.10293979,97.10293979
2,1,,quantum,precond_pen=1.800,1.8,True,1,0.0071,90.57290524,90.57290524
2,1,,quantum,precond_pen=1.800,1.8,True,2,0.007404,86.94986128,86.94986128
2,1,,quantum,precond_pen=1.800,1.8,True,3,0.651628,86.18601616,86.18601616
2,1,,quantum,precond_pen=1.800,1.8,True,4,0.665252,86.18601616,86.18601616
2,1,,quantum,precond_pen=1.900,1.9,True,0,0.000132,97.10293979,97.10293979
2,1,,quantum,precond_pen=1.900,1.9,True,1,0.007033,91.7019444,91.7019444
2,1,,quantum,precond_pen=1.900,1.9,True,2,0.007388,86.18601616,86.18601616
2,1,,quantum,precond_pen=2.000,2.0,True,0,0.00013,97.10293979,97.10293979
2,1,,quantum,precond_pen=2.000,2.0,True,1,0.006662,91.7019444,91.7019444
2,1,,quantum,precond_pen=2.000,2.0,True,2,0.006991,86.18601616,86.18601616
3,1,,quantum,baseline,,True,0,0.000194,100.2592436,100.2592436
3,1,,quantum,baseline,,True,1,0.006415,85.6764696,85.6764696
3,1,,quantum,precond_pen=1.100,1.1,True,0,0.000187,100.2592436,100.2592436
3,1,,quantum,precond_pen=1.100,1.1,True,1,0.006897,97.83989601,97.83989601
3,1,,quantum,precond_pen=1.100,1.1,True,2,0.007226,88.67905442,88.67905442
3,1,,quantum,precond_pen=1.100,1.1,True,3,0.021934,87.05925459,87.05925459
3,1,,quantum,precond_pen=1.100,1.1,True,4,0.239848,85.6764696,85.6764696
3,1,,quantum,precond_pen=1.200,1.2,True,0,0.000194,100.2592436,100.2592436
3,1,,quantum,precond_pen=1.200,1.2,True,1,0.007073,97.35819975,97.35819975
3,1,,quantum,precond_pen=1.200,1.2,True,2,0.007278,87.0739768,87.0739768
3,1,,quantum,precond_pen=1.200,1.2,True,3,0.022029,87.05925459,87.05925459
3,1,,quantum,precond_pen=1.200,1.2,True,4,0.502327,85.6764696,85.6764696
3,1,,quantum,precond_pen=1.200,1.2,True,5,0.509785,85.6764696,85.6764696
3,1,,quantum,precond_pen=1.300,1.3,True,0,0.000189,100.2592436,100.2592436
3,1,,quantum,precond_pen=1.300,1.3,True,1,0.007447,97.83989601,97.83989601
3,1,,quantum,precond_pen=1.300,1.3,True,2,0.00777,88.67905442,88.67905442
3,1,,quantum,precond_pen=1.300,1.3,True,3,0.022956,85.6764696,85.6764696
3,1,,quantum,precond_pen=1.400,1.4,True,0,0.000205,100.2592436,100.2592436
3,1,,quantum,precond_pen=1.400,1.4,True,1,0.007305,97.64607708,97.64607708
3,1,,quantum,precond_pen=1.400,1.4,True,2,0.007669,87.34565572,87.34565572
3,1,,quantum,precond_pen=1.400,1.4,True,3,0.017224,87.05925459,87.05925459
3,1,,quantum,precond_pen=1.400,1.4,True,4,0.020998,85.6764696,85.6764696
3,1,,quantum,precond_pen=1.500,1.5,True,0,0.000204,100.2592436,100.2592436
3,1,,quantum,precond_pen=1.500,1.5,True,1,0.00837,96.68853271,96.68853271
3,1,,quantum,precond_pen=1.500,1.5,True,2,0.008644,86.8557907,86.8557907
3,1,,quantum,precond_pen=1.500,1.5,True,3,0.020808,85.6764696,85.6764696
3,1,,quantum,precond_pen=1.600,1.6,True,0,0.000109,100.2592436,100.2592436
3,1,,quantum,precond_pen=1.600,1.6,True,1,0.005292,97.70182735,97.70182735
3,1,,quantum,precond_pen=1.600,1.6,True,2,0.005478,86.8557907,86.8557907
3,1,,quantum,precond_pen=1.600,1.6,True,3,0.443813,85.6764696,85.6764696
3,1,,quantum,precond_pen=1.600,1.6,True,4,0.444345,85.6764696,85.6764696
3,1,,quantum,precond_pen=1.700,1.7,True,0,0.000154,100.2592436,100.2592436
3,1,,quantum,precond_pen=1.700,1.7,True,1,0.005397,96.07203778,96.07203778
3,1,,quantum,precond_pen=1.700,1.7,True,2,0.005771,87.34565572,87.34565572
3,1,,quantum,precond_pen=1.700,1.7,True,3,0.013623,87.0739768,87.0739768
3,1,,quantum,precond_pen=1.700,1.7,True,4,0.017161,87.05925459,87.05925459
3,1,,quantum,precond_pen=1.700,1.7,True,5,0.40046,85.6764696,85.6764696
3,1,,quantum,precond_pen=1.700,1.7,True,6,0.413187,85.6764696,85.6764696
3,1,,quantum,precond_pen=1.800,1.8,True,0,0.000163,100.2592436,100.2592436
3,1,,quantum,precond_pen=1.800,1.8,True,1,0.005406,97.83989601,97.83989601
3,1,,quantum,precond_pen=1.800,1.8,True,2,0.005633,88.67905442,88.67905442
3,1,,quantum,precond_pen=1.800,1.8,True,3,0.016877,87.05925459,87.05925459
3,1,,quantum,precond_pen=1.800,1.8,True,4,0.220712,85.6764696,85.6764696
3,1,,quantum,precond_pen=1.900,1.9,True,0,0.000153,100.2592436,100.2592436
3,1,,quantum,precond_pen=1.900,1.9,True,1,0.005231,97.83989601,97.83989601
3,1,,quantum,precond_pen=1.900,1.9,True,2,0.005447,88.67905442,88.67905442
3,1,,quantum,precond_pen=1.900,1.9,True,3,0.016411,87.05925459,87.05925459
3,1,,quantum,precond_pen=1.900,1.9,True,4,0.39867,85.6764696,85.6764696
3,1,,quantum,precond_pen=1.900,1.9,True,5,0.399673,85.6764696,85.6764696
3,1,,quantum,precond_pen=2.000,2.0,True,0,0.00011,100.2592436,100.2592436
3,1,,quantum,precond_pen=2.000,2.0,True,1,0.005467,97.83989601,97.83989601
3,1,,quantum,precond_pen=2.000,2.0,True,2,0.005688,88.67905442,88.67905442
3,1,,quantum,precond_pen=2.000,2.0,True,3,0.019775,87.05925459,87.05925459
3,1,,quantum,precond_pen=2.000,2.0,True,4,0.465973,85.6764696,85.6764696
3,1,,quantum,precond_pen=2.000,2.0,True,5,0.466416,85.6764696,85.6764696
4,1,,quantum,baseline,,True,0,0.000125,108.15912238,108.15912238
4,1,,quantum,baseline,,True,1,0.005659,105.47468849,105.47468849
4,1,,quantum,baseline,,True,2,0.006038,96.22615194,96.22615194
4,1,,quantum,baseline,,True,3,0.052488,95.95165142,95.95165142
4,1,,quantum,precond_pen=1.100,1.1,True,0,0.000104,108.15912238,108.15912238
4,1,,quantum,precond_pen=1.100,1.1,True,1,0.006017,107.3589498,107.3589498
4,1,,quantum,precond_pen=1.100,1.1,True,2,0.006324,97.51331964,97.51331964
4,1,,quantum,precond_pen=1.100,1.1,True,3,0.018474,96.17217929,96.17217929
4,1,,quantum,precond_pen=1.100,1.1,True,4,0.407331,95.95165142,95.95165142
4,1,,quantum,precond_pen=1.100,1.1,True,5,0.420581,95.95165142,95.95165142
4,1,,quantum,precond_pen=1.200,1.2,True,0,0.000117,108.15912238,108.15912238
4,1,,quantum,precond_pen=1.200,1.2,True,1,0.00635,107.23838424,107.23838424
4,1,,quantum,precond_pen=1.200,1.2,True,2,0.00666,96.22615194,96.22615194
4,1,,quantum,precond_pen=1.200,1.2,True,3,0.41624,96.17217929,96.17217929
4,1,,quantum,precond_pen=1.200,1.2,True,4,0.430446,95.95165142,95.95165142
4,1,,quantum,precond_pen=1.200,1.2,True,5,0.439241,95.95165142,95.95165142
4,1,,quantum,precond_pen=1.300,1.3,True,0,0.000104,108.15912238,108.15912238
4,1,,quantum,precond_pen=1.300,1.3,True,1,0.006016,103.170125,103.170125
4,1,,quantum,precond_pen=1.300,1.3,True,2,0.006319,96.22615194,96.22615194
4,1,,quantum,precond_pen=1.300,1.3,True,3,0.400394,96.17217929,96.17217929
4,1,,quantum,precond_pen=1.300,1.3,True,4,0.415483,95.95165142,95.95165142
4,1,,quantum,precond_pen=1.300,1.3,True,5,0.418325,95.95165142,95.95165142
4,1,,quantum,precond_pen=1.400,1.4,True,0,0.000105,108.15912238,108.15912238
4,1,,quantum,precond_pen=1.400,1.4,True,1,0.006418,101.12096775,101.12096775
4,1,,quantum,precond_pen=1.400,1.4,True,2,0.006774,95.95165142,95.95165142
4,1,,quantum,precond_pen=1.500,1.5,True,0,0.000112,108.15912238,108.15912238
4,1,,quantum,precond_pen=1.500,1.5,True,1,0.00546,101.12096775,101.12096775
4,1,,quantum,precond_pen=1.500,1.5,True,2,0.00573,95.95165142,95.95165142
4,1,,quantum,precond_pen=1.600,1.6,True,0,0.000104,108.15912238,108.15912238
4,1,,quantum,precond_pen=1.600,1.6,True,1,0.006062,103.170125,103.170125
4,1,,quantum,precond_pen=1.600,1.6,True,2,0.006451,96.17217929,96.17217929
4,1,,quantum,precond_pen=1.600,1.6,True,3,0.415941,95.95165142,95.95165142
4,1,,quantum,precond_pen=1.600,1.6,True,4,0.430867,95.95165142,95.95165142
4,1,,quantum,precond_pen=1.700,1.7,True,0,0.000103,108.15912238,108.15912238
4,1,,quantum,precond_pen=1.700,1.7,True,1,0.00512,103.170125,103.170125
4,1,,quantum,precond_pen=1.700,1.7,True,2,0.005377,96.17217929,96.17217929
4,1,,quantum,precond_pen=1.700,1.7,True,3,0.416619,95.95165142,95.95165142
4,1,,quantum,precond_pen=1.700,1.7,True,4,0.426851,95.95165142,95.95165142
4,1,,quantum,precond_pen=1.800,1.8,True,0,0.000106,108.15912238,108.15912238
4,1,,quantum,precond_pen=1.800,1.8,True,1,0.00568,103.170125,103.170125
4,1,,quantum,precond_pen=1.800,1.8,True,2,0.005997,96.17217929,96.17217929
4,1,,quantum,precond_pen=1.800,1.8,True,3,0.526938,95.95165142,95.95165142
4,1,,quantum,precond_pen=1.800,1.8,True,4,0.540984,95.95165142,95.95165142
4,1,,quantum,precond_pen=1.900,1.9,True,0,0.000153,108.15912238,108.15912238
4,1,,quantum,precond_pen=1.900,1.9,True,1,0.007121,101.12096775,101.12096775
4,1,,quantum,precond_pen=1.900,1.9,True,2,0.007477,95.95165142,95.95165142
4,1,,quantum,precond_pen=2.000,2.0,True,0,0.000103,108.15912238,108.15912238
4,1,,quantum,precond_pen=2.000,2.0,True,1,0.005952,101.12096775,101.12096775
4,1,,quantum,precond_pen=2.000,2.0,True,2,0.00627,95.95165142,95.95165142
5,1,,quantum,baseline,,True,0,0.000165,105.24454556,105.24454556
5,1,,quantum,baseline,,True,1,0.005272,100.61575624,100.61575624
5,1,,quantum,baseline,,True,2,0.005495,99.63767186,99.63767186
5,1,,quantum,baseline,,True,3,0.005803,84.02401955,84.02401955
5,1,,quantum,baseline,,True,4,0.176896,82.85950408,82.85950408
5,1,,quantum,baseline,,True,5,0.23209,82.85950408,82.85950408
5,1,,quantum,precond_pen=1.100,1.1,True,0,0.000147,105.24454556,105.24454556
5,1,,quantum,precond_pen=1.100,1.1,True,1,0.006185,94.15327433,94.15327433
5,1,,quantum,precond_pen=1.100,1.1,True,2,0.006471,86.81684812,86.81684812
5,1,,quantum,precond_pen=1.100,1.1,True,3,0.018929,84.02401955,84.02401955
5,1,,quantum,precond_pen=1.100,1.1,True,4,0.01906,82.85950408,82.85950408
5,1,,quantum,precond_pen=1.200,1.2,True,0,0.000157,105.24454556,105.24454556
5,1,,quantum,precond_pen=1.200,1.2,True,1,0.004935,98.01974587,98.01974587
5,1,,quantum,precond_pen=1.200,1.2,True,2,0.005167,82.85950408,82.85950408
5,1,,quantum,precond_pen=1.300,1.3,True,0,0.000203,105.24454556,105.24454556
5,1,,quantum,precond_pen=1.300,1.3,True,1,0.012644,93.85685565,93.85685565
5,1,,quantum,precond_pen=1.300,1.3,True,2,0.013483,83.35668951,83.35668951
5,1,,quantum,precond_pen=1.300,1.3,True,3,0.070769,82.85950408,82.85950408
5,1,,quantum,precond_pen=1.400,1.4,True,0,0.000208,105.24454556,105.24454556
5,1,,quantum,precond_pen=1.400,1.4,True,1,0.010345,98.01974587,98.01974587
5,1,,quantum,precond_pen=1.400,1.4,True,2,0.010869,82.85950408,82.85950408
5,1,,quantum,precond_pen=1.500,1.5,True,0,0.000305,105.24454556,105.24454556
5,1,,quantum,precond_pen=1.500,1.5,True,1,0.011865,96.78324825,96.78324825
5,1,,quantum,precond_pen=1.500,1.5,True,2,0.012667,82.85950408,82.85950408
5,1,,quantum,precond_pen=1.600,1.6,True,0,0.000206,105.24454556,105.24454556
5,1,,quantum,precond_pen=1.600,1.6,True,1,0.010597,97.82867346,97.82867346
5,1,,quantum,precond_pen=1.600,1.6,True,2,0.011,82.85950408,82.85950408
5,1,,quantum,precond_pen=1.700,1.7,True,0,0.000178,105.24454556,105.24454556
5,1,,quantum,precond_pen=1.700,1.7,True,1,0.010279,94.35798929,94.35798929
5,1,,quantum,precond_pen=1.700,1.7,True,2,0.010752,82.85950408,82.85950408
5,1,,quantum,precond_pen=1.800,1.8,True,0,0.000156,105.24454556,105.24454556
5,1,,quantum,precond_pen=1.800,1.8,True,1,0.008838,92.47721325,92.47721325
5,1,,quantum,precond_pen=1.800,1.8,True,2,0.009274,83.35668951,83.35668951
5,1,,quantum,precond_pen=1.800,1.8,True,3,0.356451,82.85950408,82.85950408
5,1,,quantum,precond_pen=1.900,1.9,True,0,0.00015,105.24454556,105.24454556
5,1,,quantum,precond_pen=1.900,1.9,True,1,0.007305,98.57408989,98.57408989
5,1,,quantum,precond_pen=1.900,1.9,True,2,0.007752,92.47721325,92.47721325
5,1,,quantum,precond_pen=1.900,1.9,True,3,0.008023,83.35668951,83.35668951
5,1,,quantum,precond_pen=1.900,1.9,True,4,0.243275,83.36120061,83.35668951
5,1,,quantum,precond_pen=1.900,1.9,True,5,0.243802,82.85950408,82.85950408
5,1,,quantum,precond_pen=2.000,2.0,True,0,0.000234,105.24454556,105.24454556
5,1,,quantum,precond_pen=2.000,2.0,True,1,0.009665,101.49722229,101.49722229
5,1,,quantum,precond_pen=2.000,2.0,True,2,0.010115,84.9557184,84.9557184
5,1,,quantum,precond_pen=2.000,2.0,True,3,0.022061,84.02401955,84.02401955
5,1,,quantum,precond_pen=2.000,2.0,True,4,0.438855,83.36120061,83.36120061
5,1,,quantum,precond_pen=2.000,2.0,True,5,0.43934,82.85950408,82.85950408
5,1,,quantum,precond_pen=2.000,2.0,True,6,0.44118,82.85950408,82.85950408
6,1,,quantum,baseline,,True,0,0.000151,109.73299824,109.73299824
6,1,,quantum,baseline,,True,1,0.008071,108.28913449,108.28913449
6,1,,quantum,baseline,,True,2,0.008465,93.69489405,93.69489405
6,1,,quantum,baseline,,True,3,0.107678,88.71565306,88.71565306
6,1,,quantum,precond_pen=1.100,1.1,True,0,0.000198,109.73299824,109.73299824
6,1,,quantum,precond_pen=1.100,1.1,True,1,0.009756,105.11715173,105.11715173
6,1,,quantum,precond_pen=1.100,1.1,True,2,0.010301,102.77961878,102.77961878
6,1,,quantum,precond_pen=1.100,1.1,True,3,0.010981,99.91616064,99.91616064
6,1,,quantum,precond_pen=1.100,1.1,True,4,0.011311,89.50648883,89.50648883
6,1,,quantum,precond_pen=1.100,1.1,True,5,0.232276,89.21741223,89.21741223
6,1,,quantum,precond_pen=1.100,1.1,True,6,0.232788,88.71565306,88.71565306
6,1,,quantum,precond_pen=1.200,1.2,True,0,0.001295,109.73299824,109.73299824
6,1,,quantum,precond_pen=1.200,1.2,True,1,0.012281,99.27937992,99.27937992
6,1,,quantum,precond_pen=1.200,1.2,True,2,0.013233,97.45634233,97.45634233
6,1,,quantum,precond_pen=1.200,1.2,True,3,0.013554,88.71565306,88.71565306
6,1,,quantum,precond_pen=1.300,1.3,True,0,0.000188,109.73299824,109.73299824
6,1,,quantum,precond_pen=1.300,1.3,True,1,0.009624,103.92584416,103.92584416
6,1,,quantum,precond_pen=1.300,1.3,True,2,0.01006,89.50648883,89.50648883
6,1,,quantum,precond_pen=1.300,1.3,True,3,0.495215,88.71565306,88.71565306
6,1,,quantum,precond_pen=1.300,1.3,True,4,0.497613,88.71565306,88.71565306
6,1,,quantum,precond_pen=1.400,1.4,True,0,0.000258,109.73299824,109.73299824
6,1,,quantum,precond_pen=1.400,1.4,True,1,0.011051,103.92584416,103.92584416
6,1,,quantum,precond_pen=1.400,1.4,True,2,0.011465,89.50648883,89.50648883
6,1,,quantum,precond_pen=1.400,1.4,True,3,0.471048,89.20978197,89.20978197
6,1,,quantum,precond_pen=1.400,1.4,True,4,0.471649,88.71565306,88.71565306
6,1,,quantum,precond_pen=1.400,1.4,True,5,0.472829,88.71565306,88.71565306
6,1,,quantum,precond_pen=1.500,1.5,True,0,0.000223,109.73299824,109.73299824
6,1,,quantum,precond_pen=1.500,1.5,True,1,0.011829,103.92584416,103.92584416
6,1,,quantum,precond_pen=1.500,1.5,True,2,0.012328,89.50648883,89.50648883
6,1,,quantum,precond_pen=1.500,1.5,True,3,0.546007,88.71565306,88.71565306
6,1,,quantum,precond_pen=1.500,1.5,True,4,0.554209,88.71565306,88.71565306
6,1,,quantum,precond_pen=1.600,1.6,True,0,0.000163,109.73299824,109.73299824
6,1,,quantum,precond_pen=1.600,1.6,True,1,0.009944,101.38972658,101.38972658
6,1,,quantum,precond_pen=1.600,1.6,True,2,0.01026,88.71565306,88.71565306
6,1,,quantum,precond_pen=1.700,1.7,True,0,0.000152,109.73299824,109.73299824
6,1,,quantum,precond_pen=1.700,1.7,True,1,0.009007,101.38972658,101.38972658
6,1,,quantum,precond_pen=1.700,1.7,True,2,0.009522,88.71565306,88.71565306
6,1,,quantum,precond_pen=1.800,1.8,True,0,0.000202,109.73299824,109.73299824
6,1,,quantum,precond_pen=1.800,1.8,True,1,0.010273,101.38972658,101.38972658
6,1,,quantum,precond_pen=1.800,1.8,True,2,0.010687,88.71565306,88.71565306
6,1,,quantum,precond_pen=1.900,1.9,True,0,0.000222,109.73299824,109.73299824
6,1,,quantum,precond_pen=1.900,1.9,True,1,0.009051,104.80019587,104.80019587
6,1,,quantum,precond_pen=1.900,1.9,True,2,0.00955,88.71565306,88.71565306
6,1,,quantum,precond_pen=2.000,2.0,True,0,0.00016,109.73299824,109.73299824
6,1,,quantum,precond_pen=2.000,2.0,True,1,0.007785,102.26137918,102.26137918
6,1,,quantum,precond_pen=2.000,2.0,True,2,0.008153,88.71565306,88.71565306
7,1,,quantum,baseline,,True,0,0.000197,100.42888407,100.42888407
7,1,,quantum,baseline,,True,1,0.008936,86.68155316,86.68155316
7,1,,quantum,baseline,,True,2,0.275601,85.68813474,85.68813474
7,1,,quantum,baseline,,True,3,0.420852,85.63690008,85.63690008
7,1,,quantum,baseline,,True,4,0.530881,85.63690008,85.63690008
7,1,,quantum,precond_pen=1.100,1.1,True,0,0.000189,100.42888407,100.42888407
7,1,,quantum,precond_pen=1.100,1.1,True,1,0.010363,94.23184609,94.23184609
7,1,,quantum,precond_pen=1.100,1.1,True,2,0.010798,85.68813474,85.68813474
7,1,,quantum,precond_pen=1.100,1.1,True,3,0.509446,85.63690008,85.63690008
7,1,,quantum,precond_pen=1.100,1.1,True,4,0.517697,85.63690008,85.63690008
7,1,,quantum,precond_pen=1.200,1.2,True,0,0.000147,100.42888407,100.42888407
7,1,,quantum,precond_pen=1.200,1.2,True,1,0.007435,94.23184609,94.23184609
7,1,,quantum,precond_pen=1.200,1.2,True,2,0.007817,85.68813474,85.68813474
7,1,,quantum,precond_pen=1.200,1.2,True,3,0.4571,85.63690008,85.63690008
7,1,,quantum,precond_pen=1.300,1.3,True,0,0.000137,100.42888407,100.42888407
7,1,,quantum,precond_pen=1.300,1.3,True,1,0.006541,94.23184609,94.23184609
7,1,,quantum,precond_pen=1.300,1.3,True,2,0.00684,85.68813474,85.68813474
7,1,,quantum,precond_pen=1.300,1.3,True,3,0.536633,85.63690008,85.63690008
7,1,,quantum,precond_pen=1.300,1.3,True,4,0.572034,85.63690008,85.63690008
7,1,,quantum,precond_pen=1.400,1.4,True,0,0.000159,100.42888407,100.42888407
7,1,,quantum,precond_pen=1.400,1.4,True,1,0.007957,94.93030008,94.93030008
7,1,,quantum,precond_pen=1.400,1.4,True,2,0.008238,85.68813474,85.68813474
7,1,,quantum,precond_pen=1.400,1.4,True,3,0.021021,85.63690008,85.63690008
7,1,,quantum,precond_pen=1.500,1.5,True,0,0.000138,100.42888407,100.42888407
7,1,,quantum,precond_pen=1.500,1.5,True,1,0.006551,97.16661497,97.16661497
7,1,,quantum,precond_pen=1.500,1.5,True,2,0.006815,85.68813474,85.68813474
7,1,,quantum,precond_pen=1.500,1.5,True,3,0.021409,85.63690008,85.63690008
7,1,,quantum,precond_pen=1.600,1.6,True,0,0.000164,100.42888407,100.42888407
7,1,,quantum,precond_pen=1.600,1.6,True,1,0.007883,93.23423289,93.23423289
7,1,,quantum,precond_pen=1.600,1.6,True,2,0.008196,85.68813474,85.68813474
7,1,,quantum,precond_pen=1.600,1.6,True,3,0.023103,85.63690008,85.63690008
7,1,,quantum,precond_pen=1.700,1.7,True,0,0.000156,100.42888407,100.42888407
7,1,,quantum,precond_pen=1.700,1.7,True,1,0.007072,97.09650986,97.09650986
7,1,,quantum,precond_pen=1.700,1.7,True,2,0.007382,85.68813474,85.68813474
7,1,,quantum,precond_pen=1.700,1.7,True,3,0.023239,85.63690008,85.63690008
7,1,,quantum,precond_pen=1.800,1.8,True,0,0.000136,100.42888407,100.42888407
7,1,,quantum,precond_pen=1.800,1.8,True,1,0.006995,97.09650986,97.09650986
7,1,,quantum,precond_pen=1.800,1.8,True,2,0.007336,85.68813474,85.68813474
7,1,,quantum,precond_pen=1.800,1.8,True,3,0.022642,85.63690008,85.63690008
7,1,,quantum,precond_pen=1.900,1.9,True,0,0.000127,100.42888407,100.42888407
7,1,,quantum,precond_pen=1.900,1.9,True,1,0.006428,97.09650986,97.09650986
7,1,,quantum,precond_pen=1.900,1.9,True,2,0.006678,85.68813474,85.68813474
7,1,,quantum,precond_pen=1.900,1.9,True,3,0.022891,85.63690008,85.63690008
7,1,,quantum,precond_pen=2.000,2.0,True,0,0.00013,100.42888407,100.42888407
7,1,,quantum,precond_pen=2.000,2.0,True,1,0.007412,89.02790857,89.02790857
7,1,,quantum,precond_pen=2.000,2.0,True,2,0.007811,85.68813474,85.68813474
7,1,,quantum,precond_pen=2.000,2.0,True,3,0.434639,85.63690008,85.63690008
7,1,,quantum,precond_pen=2.000,2.0,True,4,0.43965,85.63690008,85.63690008
8,1,,quantum,baseline,,True,0,0.000135,96.55726062,96.55726062
8,1,,quantum,baseline,,True,1,0.005622,95.73930033,95.73930033
8,1,,quantum,baseline,,True,2,0.006318,90.56198097,90.56198097
8,1,,quantum,baseline,,True,3,0.006772,79.77328346,79.77328346
8,1,,quantum,precond_pen=1.100,1.1,True,0,0.000139,96.55726062,96.55726062
8,1,,quantum,precond_pen=1.100,1.1,True,1,0.007094,90.49837394,90.49837394
8,1,,quantum,precond_pen=1.100,1.1,True,2,0.007483,79.77328346,79.77328346
8,1,,quantum,precond_pen=1.200,1.2,True,0,0.000209,96.55726062,96.55726062
8,1,,quantum,precond_pen=1.200,1.2,True,1,0.009996,90.49837394,90.49837394
8,1,,quantum,precond_pen=1.200,1.2,True,2,0.010431,79.77328346,79.77328346
8,1,,quantum,precond_pen=1.300,1.3,True,0,0.000168,96.55726062,96.55726062
8,1,,quantum,precond_pen=1.300,1.3,True,1,0.008807,90.14653234,90.14653234
8,1,,quantum,precond_pen=1.300,1.3,True,2,0.009182,79.77328346,79.77328346
8,1,,quantum,precond_pen=1.400,1.4,True,0,0.000153,96.55726062,96.55726062
8,1,,quantum,precond_pen=1.400,1.4,True,1,0.00846,91.64711096,91.64711096
8,1,,quantum,precond_pen=1.400,1.4,True,2,0.008902,83.36857148,83.36857148
8,1,,quantum,precond_pen=1.400,1.4,True,3,0.029189,82.03283412,82.03283412
8,1,,quantum,precond_pen=1.400,1.4,True,4,0.624361,80.99150187,80.99150187
8,1,,quantum,precond_pen=1.400,1.4,True,5,0.629571,79.77328346,79.77328346
8,1,,quantum,precond_pen=1.400,1.4,True,6,0.630764,79.77328346,79.77328346
8,1,,quantum,precond_pen=1.500,1.5,True,0,0.0002,96.55726062,96.55726062
8,1,,quantum,precond_pen=1.500,1.5,True,1,0.00755,86.05512079,86.05512079
8,1,,quantum,precond_pen=1.500,1.5,True,2,0.007944,79.77328346,79.77328346
8,1,,quantum,precond_pen=1.600,1.6,True,0,0.00018,96.55726062,96.55726062
8,1,,quantum,precond_pen=1.600,1.6,True,1,0.006321,93.48060135,93.48060135
8,1,,quantum,precond_pen=1.600,1.6,True,2,0.006578,83.36857148,83.36857148
8,1,,quantum,precond_pen=1.600,1.6,True,3,0.021103,82.03283412,82.03283412
8,1,,quantum,precond_pen=1.600,1.6,True,4,0.399812,79.77328346,79.77328346
8,1,,quantum,precond_pen=1.600,1.6,True,5,0.402607,79.77328346,79.77328346
8,1,,quantum,precond_pen=1.700,1.7,True,0,0.000185,96.55726062,96.55726062
8,1,,quantum,precond_pen=1.700,1.7,True,1,0.006258,93.48060135,93.48060135
8,1,,quantum,precond_pen=1.700,1.7,True,2,0.006493,83.36857148,83.36857148
8,1,,quantum,precond_pen=1.700,1.7,True,3,0.020213,82.03283412,82.03283412
8,1,,quantum,precond_pen=1.700,1.7,True,4,0.436175,79.77328346,79.77328346
8,1,,quantum,precond_pen=1.800,1.8,True,0,0.000199,96.55726062,96.55726062
8,1,,quantum,precond_pen=1.800,1.8,True,1,0.006854,93.48060135,93.48060135
8,1,,quantum,precond_pen=1.800,1.8,True,2,0.007207,83.36857148,83.36857148
8,1,,quantum,precond_pen=1.800,1.8,True,3,0.020627,79.77328346,79.77328346
8,1,,quantum,precond_pen=1.900,1.9,True,0,0.000178,96.55726062,96.55726062
8,1,,quantum,precond_pen=1.900,1.9,True,1,0.00648,92.92660963,92.92660963
8,1,,quantum,precond_pen=1.900,1.9,True,2,0.006734,83.33841424,83.33841424
8,1,,quantum,precond_pen=1.900,1.9,True,3,0.022702,79.77328346,79.77328346
8,1,,quantum,precond_pen=2.000,2.0,True,0,0.000162,96.55726062,96.55726062
8,1,,quantum,precond_pen=2.000,2.0,True,1,0.005411,90.14653234,90.14653234
8,1,,quantum,precond_pen=2.000,2.0,True,2,0.005639,79.77328346,79.77328346
9,1,,quantum,baseline,,True,0,0.000151,97.81162164,97.81162164
9,1,,quantum,baseline,,True,1,0.004997,89.33706487,89.33706487
9,1,,quantum,baseline,,True,2,0.036008,88.48452698,88.48452698
9,1,,quantum,precond_pen=1.100,1.1,True,0,0.00015,97.81162164,97.81162164
9,1,,quantum,precond_pen=1.100,1.1,True,1,0.005241,89.33706487,89.33706487
9,1,,quantum,precond_pen=1.100,1.1,True,2,0.355431,88.48452698,88.48452698
9,1,,quantum,precond_pen=1.200,1.2,True,0,0.000144,97.81162164,97.81162164
9,1,,quantum,precond_pen=1.200,1.2,True,1,0.006384,97.70925116,97.70925116
9,1,,quantum,precond_pen=1.200,1.2,True,2,0.006704,88.48452698,88.48452698
9,1,,quantum,precond_pen=1.300,1.3,True,0,0.000102,97.81162164,97.81162164
9,1,,quantum,precond_pen=1.300,1.3,True,1,0.005171,97.1011399,97.1011399
9,1,,quantum,precond_pen=1.300,1.3,True,2,0.005398,88.61249637,88.61249637
9,1,,quantum,precond_pen=1.300,1.3,True,3,0.358059,88.48452698,88.48452698
9,1,,quantum,precond_pen=1.300,1.3,True,4,0.358971,88.48452698,88.48452698
9,1,,quantum,precond_pen=1.400,1.4,True,0,0.000147,97.81162164,97.81162164
9,1,,quantum,precond_pen=1.400,1.4,True,1,0.005331,96.39119907,96.39119907
9,1,,quantum,precond_pen=1.400,1.4,True,2,0.005557,88.48452698,88.48452698
9,1,,quantum,precond_pen=1.500,1.5,True,0,0.000103,97.81162164,97.81162164
9,1,,quantum,precond_pen=1.500,1.5,True,1,0.005342,89.33706487,89.33706487
9,1,,quantum,precond_pen=1.500,1.5,True,2,0.393316,88.61249637,88.61249637
9,1,,quantum,precond_pen=1.500,1.5,True,3,0.393506,88.48452698,88.48452698
9,1,,quantum,precond_pen=1.500,1.5,True,4,0.393807,88.48452698,88.48452698
9,1,,quantum,precond_pen=1.600,1.6,True,0,9.8e-05,97.81162164,97.81162164
9,1,,quantum,precond_pen=1.600,1.6,True,1,0.00507,97.41329741,97.41329741
9,1,,quantum,precond_pen=1.600,1.6,True,2,0.005281,88.48452698,88.48452698
9,1,,quantum,precond_pen=1.700,1.7,True,0,0.000174,97.81162164,97.81162164
9,1,,quantum,precond_pen=1.700,1.7,True,1,0.01208,97.81752035,97.81162164
9,1,,quantum,precond_pen=1.700,1.7,True,2,0.012543,88.48452698,88.48452698
9,1,,quantum,precond_pen=1.800,1.8,True,0,0.000234,97.81162164,97.81162164
9,1,,quantum,precond_pen=1.800,1.8,True,1,0.013118,97.81752035,97.81162164
9,1,,quantum,precond_pen=1.800,1.8,True,2,0.013685,88.48452698,88.48452698
9,1,,quantum,precond_pen=1.900,1.9,True,0,0.000143,97.81162164,97.81162164
9,1,,quantum,precond_pen=1.900,1.9,True,1,0.007583,89.33706487,89.33706487
9,1,,quantum,precond_pen=1.900,1.9,True,2,0.233396,89.17121708,89.17121708
9,1,,quantum,precond_pen=1.900,1.9,True,3,0.233737,88.48452698,88.48452698
9,1,,quantum,precond_pen=2.000,2.0,True,0,0.00013,97.81162164,97.81162164
9,1,,quantum,precond_pen=2.000,2.0,True,1,0.00713,89.33706487,89.33706487
9,1,,quantum,precond_pen=2.000,2.0,True,2,0.4601,88.61249637,88.61249637
9,1,,quantum,precond_pen=2.000,2.0,True,3,0.460564,88.48452698,88.48452698
9,1,,quantum,precond_pen=2.000,2.0,True,4,0.461321,88.48452698,88.48452698
10,1,,quantum,baseline,,True,0,0.000135,104.2780989,104.2780989
10,1,,quantum,baseline,,True,1,0.006637,98.10284215,98.10284215
10,1,,quantum,baseline,,True,2,0.007069,97.78319211,97.78319211
10,1,,quantum,baseline,,True,3,0.007404,84.11801038,84.11801038
10,1,,quantum,baseline,,True,4,0.054127,83.23887642,83.23887642
10,1,,quantum,precond_pen=1.100,1.1,True,0,0.000145,104.2780989,104.2780989
10,1,,quantum,precond_pen=1.100,1.1,True,1,0.007015,96.02510477,96.02510477
10,1,,quantum,precond_pen=1.100,1.1,True,2,0.007464,83.23887642,83.23887642
10,1,,quantum,precond_pen=1.200,1.2,True,0,0.000247,104.2780989,104.2780989
10,1,,quantum,precond_pen=1.200,1.2,True,1,0.01003,97.46305116,97.46305116
10,1,,quantum,precond_pen=1.200,1.2,True,2,0.010477,84.11801038,84.11801038
10,1,,quantum,precond_pen=1.200,1.2,True,3,0.027413,83.23887642,83.23887642
10,1,,quantum,precond_pen=1.300,1.3,True,0,0.000166,104.2780989,104.2780989
10,1,,quantum,precond_pen=1.300,1.3,True,1,0.009768,99.26501973,99.26501973
10,1,,quantum,precond_pen=1.300,1.3,True,2,0.010272,84.11801038,84.11801038
10,1,,quantum,precond_pen=1.300,1.3,True,3,0.02919,83.23887642,83.23887642
10,1,,quantum,precond_pen=1.400,1.4,True,0,0.000174,104.2780989,104.2780989
10,1,,quantum,precond_pen=1.400,1.4,True,1,0.008642,97.97750054,97.97750054
10,1,,quantum,precond_pen=1.400,1.4,True,2,0.009107,83.23887642,83.23887642
10,1,,quantum,precond_pen=1.500,1.5,True,0,0.000171,104.2780989,104.2780989
10,1,,quantum,precond_pen=1.500,1.5,True,1,0.0087,94.7426702,94.7426702
10,1,,quantum,precond_pen=1.500,1.5,True,2,0.009364,94.42120626,94.42120626
10,1,,quantum,precond_pen=1.500,1.5,True,3,0.009916,83.23887642,83.23887642
10,1,,quantum,precond_pen=1.600,1.6,True,0,0.000164,104.2780989,104.2780989
10,1,,quantum,precond_pen=1.600,1.6,True,1,0.007522,97.28663515,97.28663515
10,1,,quantum,precond_pen=1.600,1.6,True,2,0.00783,84.11801038,84.11801038
10,1,,quantum,precond_pen=1.600,1.6,True,3,0.02482,83.23887642,83.23887642
10,1,,quantum,precond_pen=1.700,1.7,True,0,0.000139,104.2780989,104.2780989
10,1,,quantum,precond_pen=1.700,1.7,True,1,0.009278,97.28663515,97.28663515
10,1,,quantum,precond_pen=1.700,1.7,True,2,0.009739,84.11801038,84.11801038
10,1,,quantum,precond_pen=1.700,1.7,True,3,0.026282,83.23887642,83.23887642
10,1,,quantum,precond_pen=1.800,1.8,True,0,0.000157,104.2780989,104.2780989
10,1,,quantum,precond_pen=1.800,1.8,True,1,0.008002,97.28663515,97.28663515
10,1,,quantum,precond_pen=1.800,1.8,True,2,0.008401,84.11801038,84.11801038
10,1,,quantum,precond_pen=1.800,1.8,True,3,0.020929,83.23887642,83.23887642
10,1,,quantum,precond_pen=1.900,1.9,True,0,0.000156,104.2780989,104.2780989
10,1,,quantum,precond_pen=1.900,1.9,True,1,0.00736,97.28663515,97.28663515
10,1,,quantum,precond_pen=1.900,1.9,True,2,0.007719,84.11801038,84.11801038
10,1,,quantum,precond_pen=1.900,1.9,True,3,0.018156,83.23887642,83.23887642
10,1,,quantum,precond_pen=2.000,2.0,True,0,0.000179,104.2780989,104.2780989
10,1,,quantum,precond_pen=2.000,2.0,True,1,0.009779,97.28663515,97.28663515
10,1,,quantum,precond_pen=2.000,2.0,True,2,0.010229,84.11801038,84.11801038
10,1,,quantum,precond_pen=2.000,2.0,True,3,0.034273,83.23887642,83.23887642
11,1,,quantum,baseline,,True,0,0.000192,96.29156649,96.29156649
11,1,,quantum,baseline,,True,1,0.007374,88.84832625,88.84832625
11,1,,quantum,baseline,,True,2,0.008028,88.11419514,88.11419514
11,1,,quantum,baseline,,True,3,0.008473,76.31510008,76.31510008
11,1,,quantum,precond_pen=1.100,1.1,True,0,0.000157,96.29156649,96.29156649
11,1,,quantum,precond_pen=1.100,1.1,True,1,0.009352,89.50635065,89.50635065
11,1,,quantum,precond_pen=1.100,1.1,True,2,0.009884,76.31510008,76.31510008
11,1,,quantum,precond_pen=1.200,1.2,True,0,0.000172,96.29156649,96.29156649
11,1,,quantum,precond_pen=1.200,1.2,True,1,0.00953,89.86879267,89.86879267
11,1,,quantum,precond_pen=1.200,1.2,True,2,0.010028,76.31510008,76.31510008
11,1,,quantum,precond_pen=1.300,1.3,True,0,0.000136,96.29156649,96.29156649
11,1,,quantum,precond_pen=1.300,1.3,True,1,0.007654,87.50718615,87.50718615
11,1,,quantum,precond_pen=1.300,1.3,True,2,0.007959,76.31510008,76.31510008
11,1,,quantum,precond_pen=1.400,1.4,True,0,0.000169,96.29156649,96.29156649
11,1,,quantum,precond_pen=1.400,1.4,True,1,0.010154,87.50718615,87.50718615
11,1,,quantum,precond_pen=1.400,1.4,True,2,0.010836,76.31510008,76.31510008
11,1,,quantum,precond_pen=1.500,1.5,True,0,0.000177,96.29156649,96.29156649
11,1,,quantum,precond_pen=1.500,1.5,True,1,0.008775,88.75924101,88.75924101
11,1,,quantum,precond_pen=1.500,1.5,True,2,0.009169,76.31510008,76.31510008
11,1,,quantum,precond_pen=1.600,1.6,True,0,0.00019,96.29156649,96.29156649
11,1,,quantum,precond_pen=1.600,1.6,True,1,0.010156,89.50635065,89.50635065
11,1,,quantum,precond_pen=1.600,1.6,True,2,0.010682,76.31510008,76.31510008
11,1,,quantum,precond_pen=1.700,1.7,True,0,0.000184,96.29156649,96.29156649
11,1,,quantum,precond_pen=1.700,1.7,True,1,0.00911,90.96786991,90.96786991
11,1,,quantum,precond_pen=1.700,1.7,True,2,0.009667,76.31510008,76.31510008
11,1,,quantum,precond_pen=1.800,1.8,True,0,0.000156,96.29156649,96.29156649
11,1,,quantum,precond_pen=1.800,1.8,True,1,0.008696,89.86879267,89.86879267
11,1,,quantum,precond_pen=1.800,1.8,True,2,0.009096,76.31510008,76.31510008
11,1,,quantum,precond_pen=1.900,1.9,True,0,0.000156,96.29156649,96.29156649
11,1,,quantum,precond_pen=1.900,1.9,True,1,0.008758,87.50718615,87.50718615
11,1,,quantum,precond_pen=1.900,1.9,True,2,0.009185,76.31510008,76.31510008
11,1,,quantum,precond_pen=2.000,2.0,True,0,0.000151,96.29156649,96.29156649
11,1,,quantum,precond_pen=2.000,2.0,True,1,0.008646,87.50718615,87.50718615
11,1,,quantum,precond_pen=2.000,2.0,True,2,0.009083,76.31510008,76.31510008
12,1,,quantum,baseline,,True,0,0.000139,92.22246372,92.22246372
12,1,,quantum,baseline,,True,1,0.006581,91.70296296,91.70296296
12,1,,quantum,baseline,,True,2,0.007201,91.12879427,91.12879427
12,1,,quantum,baseline,,True,3,0.007763,91.05408728,91.05408728
12,1,,quantum,baseline,,True,4,0.007984,77.75058841,77.75058841
12,1,,quantum,precond_pen=1.100,1.1,True,0,0.000166,92.22246372,92.22246372
12,1,,quantum,precond_pen=1.100,1.1,True,1,0.009215,77.75058841,77.75058841
12,1,,quantum,precond_pen=1.200,1.2,True,0,0.000863,92.22246372,92.22246372
12,1,,quantum,precond_pen=1.200,1.2,True,1,0.009767,77.75058841,77.75058841
12,1,,quantum,precond_pen=1.300,1.3,True,0,0.000151,92.22246372,92.22246372
12,1,,quantum,precond_pen=1.300,1.3,True,1,0.008613,91.89807392,91.89807392
12,1,,quantum,precond_pen=1.300,1.3,True,2,0.009107,80.61312742,80.61312742
12,1,,quantum,precond_pen=1.300,1.3,True,3,0.023065,79.29677586,79.29677586
12,1,,quantum,precond_pen=1.300,1.3,True,4,0.375221,77.75058841,77.75058841
12,1,,quantum,precond_pen=1.300,1.3,True,5,0.377357,77.75058841,77.75058841
12,1,,quantum,precond_pen=1.400,1.4,True,0,0.00018,92.22246372,92.22246372
12,1,,quantum,precond_pen=1.400,1.4,True,1,0.009307,77.75058841,77.75058841
12,1,,quantum,precond_pen=1.500,1.5,True,0,0.000144,92.22246372,92.22246372
12,1,,quantum,precond_pen=1.500,1.5,True,1,0.006891,87.56947277,87.56947277
12,1,,quantum,precond_pen=1.500,1.5,True,2,0.007143,79.29677586,79.29677586
12,1,,quantum,precond_pen=1.500,1.5,True,3,0.450439,78.15820018,78.15820018
12,1,,quantum,precond_pen=1.500,1.5,True,4,0.452045,77.75058841,77.75058841
12,1,,quantum,precond_pen=1.500,1.5,True,5,0.490571,77.75058841,77.75058841
12,1,,quantum,precond_pen=1.600,1.6,True,0,0.000158,92.22246372,92.22246372
12,1,,quantum,precond_pen=1.600,1.6,True,1,0.007479,77.75058841,77.75058841
12,1,,quantum,precond_pen=1.700,1.7,True,0,0.000186,92.22246372,92.22246372
12,1,,quantum,precond_pen=1.700,1.7,True,1,0.00831,77.75058841,77.75058841
12,1,,quantum,precond_pen=1.800,1.8,True,0,0.000193,92.22246372,92.22246372
12,1,,quantum,precond_pen=1.800,1.8,True,1,0.009045,91.49991545,91.49991545
12,1,,quantum,precond_pen=1.800,1.8,True,2,0.009528,79.29677586,79.29677586
12,1,,quantum,precond_pen=1.800,1.8,True,3,0.391567,77.75058841,77.75058841
12,1,,quantum,precond_pen=1.800,1.8,True,4,0.394793,77.75058841,77.75058841
12,1,,quantum,precond_pen=1.900,1.9,True,0,0.000177,92.22246372,92.22246372
12,1,,quantum,precond_pen=1.900,1.9,True,1,0.008705,77.75058841,77.75058841
12,1,,quantum,precond_pen=2.000,2.0,True,0,0.000178,92.22246372,92.22246372
12,1,,quantum,precond_pen=2.000,2.0,True,1,0.009117,77.75058841,77.75058841
13,1,,quantum,baseline,,True,0,0.000195,106.21881692,106.21881692
13,1,,quantum,baseline,,True,1,0.006279,105.16036908,105.16036908
13,1,,quantum,baseline,,True,2,0.006596,89.74403957,89.74403957
13,1,,quantum,baseline,,True,3,0.124212,89.44390718,89.44390718
13,1,,quantum,precond_pen=1.100,1.1,True,0,0.000897,106.21881692,106.21881692
13,1,,quantum,precond_pen=1.100,1.1,True,1,0.007966,96.25599671,96.25599671
13,1,,quantum,precond_pen=1.100,1.1,True,2,0.008294,89.44390718,89.44390718
13,1,,quantum,precond_pen=1.200,1.2,True,0,0.000148,106.21881692,106.21881692
13,1,,quantum,precond_pen=1.200,1.2,True,1,0.006587,95.66425118,95.66425118
13,1,,quantum,precond_pen=1.200,1.2,True,2,0.006868,89.74403957,89.74403957
13,1,,quantum,precond_pen=1.200,1.2,True,3,0.554458,89.44390718,89.44390718
13,1,,quantum,precond_pen=1.200,1.2,True,4,0.555565,89.44390718,89.44390718
13,1,,quantum,precond_pen=1.300,1.3,True,0,0.000139,106.21881692,106.21881692
13,1,,quantum,precond_pen=1.300,1.3,True,1,0.008013,100.36310042,100.36310042
13,1,,quantum,precond_pen=1.300,1.3,True,2,0.008471,89.44390718,89.44390718
13,1,,quantum,precond_pen=1.400,1.4,True,0,0.000141,106.21881692,106.21881692
13,1,,quantum,precond_pen=1.400,1.4,True,1,0.00767,96.31831811,96.31831811
13,1,,quantum,precond_pen=1.400,1.4,True,2,0.008003,89.44390718,89.44390718
13,1,,quantum,precond_pen=1.500,1.5,True,0,0.000126,106.21881692,106.21881692
13,1,,quantum,precond_pen=1.500,1.5,True,1,0.006986,96.31831811,96.31831811
13,1,,quantum,precond_pen=1.500,1.5,True,2,0.007237,89.44390718,89.44390718
13,1,,quantum,precond_pen=1.600,1.6,True,0,0.000137,106.21881692,106.21881692
13,1,,quantum,precond_pen=1.600,1.6,True,1,0.007551,96.31831811,96.31831811
13,1,,quantum,precond_pen=1.600,1.6,True,2,0.007886,89.44390718,89.44390718
13,1,,quantum,precond_pen=1.700,1.7,True,0,0.000133,106.21881692,106.21881692
13,1,,quantum,precond_pen=1.700,1.7,True,1,0.007772,100.31251658,100.31251658
13,1,,quantum,precond_pen=1.700,1.7,True,2,0.008227,89.92443576,89.92443576
13,1,,quantum,precond_pen=1.700,1.7,True,3,0.443846,89.74403957,89.74403957
13,1,,quantum,precond_pen=1.700,1.7,True,4,0.444206,89.44390718,89.44390718
13,1,,quantum,precond_pen=1.700,1.7,True,5,0.446629,89.44390718,89.44390718
13,1,,quantum,precond_pen=1.800,1.8,True,0,0.000118,106.21881692,106.21881692
13,1,,quantum,precond_pen=1.800,1.8,True,1,0.006073,96.31831811,96.31831811
13,1,,quantum,precond_pen=1.800,1.8,True,2,0.006261,89.44390718,89.44390718
13,1,,quantum,precond_pen=1.900,1.9,True,0,0.000146,106.21881692,106.21881692
13,1,,quantum,precond_pen=1.900,1.9,True,1,0.007376,98.88813536,98.88813536
13,1,,quantum,precond_pen=1.900,1.9,True,2,0.007744,89.44390718,89.44390718
13,1,,quantum,precond_pen=2.000,2.0,True,0,0.000125,106.21881692,106.21881692
13,1,,quantum,precond_pen=2.000,2.0,True,1,0.006562,103.64754127,103.64754127
13,1,,quantum,precond_pen=2.000,2.0,True,2,0.006852,89.92443576,89.92443576
13,1,,quantum,precond_pen=2.000,2.0,True,3,0.463794,89.44390718,89.44390718
13,1,,quantum,precond_pen=2.000,2.0,True,4,0.477672,89.44390718,89.44390718
14,1,,quantum,baseline,,True,0,0.000143,96.17608724,96.17608724
14,1,,quantum,baseline,,True,1,0.0062,95.63332807,95.63332807
14,1,,quantum,baseline,,True,2,0.006449,82.31170179,82.31170179
14,1,,quantum,precond_pen=1.100,1.1,True,0,0.000145,96.17608724,96.17608724
14,1,,quantum,precond_pen=1.100,1.1,True,1,0.007272,95.25543161,95.25543161
14,1,,quantum,precond_pen=1.100,1.1,True,2,0.007628,85.75770832,85.75770832
14,1,,quantum,precond_pen=1.100,1.1,True,3,0.019715,82.31170179,82.31170179
14,1,,quantum,precond_pen=1.200,1.2,True,0,0.000157,96.17608724,96.17608724
14,1,,quantum,precond_pen=1.200,1.2,True,1,0.005396,92.85739915,92.85739915
14,1,,quantum,precond_pen=1.200,1.2,True,2,0.005668,85.75770832,85.75770832
14,1,,quantum,precond_pen=1.200,1.2,True,3,0.019384,82.31170179,82.31170179
14,1,,quantum,precond_pen=1.300,1.3,True,0,0.000149,96.17608724,96.17608724
14,1,,quantum,precond_pen=1.300,1.3,True,1,0.005177,95.25543161,95.25543161
14,1,,quantum,precond_pen=1.300,1.3,True,2,0.005439,85.75770832,85.75770832
14,1,,quantum,precond_pen=1.300,1.3,True,3,0.016524,82.31170179,82.31170179
14,1,,quantum,precond_pen=1.400,1.4,True,0,0.000157,96.17608724,96.17608724
14,1,,quantum,precond_pen=1.400,1.4,True,1,0.005317,93.64480352,93.64480352
14,1,,quantum,precond_pen=1.400,1.4,True,2,0.005585,85.75770832,85.75770832
14,1,,quantum,precond_pen=1.400,1.4,True,3,0.016075,82.31170179,82.31170179
14,1,,quantum,precond_pen=1.500,1.5,True,0,0.000104,96.17608724,96.17608724
14,1,,quantum,precond_pen=1.500,1.5,True,1,0.00633,95.25543161,95.25543161
14,1,,quantum,precond_pen=1.500,1.5,True,2,0.006723,85.75770832,85.75770832
14,1,,quantum,precond_pen=1.500,1.5,True,3,0.01759,82.31170179,82.31170179
14,1,,quantum,precond_pen=1.600,1.6,True,0,0.000107,96.17608724,96.17608724
14,1,,quantum,precond_pen=1.600,1.6,True,1,0.005377,95.25543161,95.25543161
14,1,,quantum,precond_pen=1.600,1.6,True,2,0.005646,85.75770832,85.75770832
14,1,,quantum,precond_pen=1.600,1.6,True,3,0.018306,82.31170179,82.31170179
14,1,,quantum,precond_pen=1.700,1.7,True,0,0.000116,96.17608724,96.17608724
14,1,,quantum,precond_pen=1.700,1.7,True,1,0.006009,92.85739915,92.85739915
14,1,,quantum,precond_pen=1.700,1.7,True,2,0.006332,85.75770832,85.75770832
14,1,,quantum,precond_pen=1.700,1.7,True,3,0.017365,82.31170179,82.31170179
14,1,,quantum,precond_pen=1.800,1.8,True,0,0.000109,96.17608724,96.17608724
14,1,,quantum,precond_pen=1.800,1.8,True,1,0.005317,82.31170179,82.31170179
14,1,,quantum,precond_pen=1.900,1.9,True,0,0.000107,96.17608724,96.17608724
14,1,,quantum,precond_pen=1.900,1.9,True,1,0.00516,93.46327616,93.46327616
14,1,,quantum,precond_pen=1.900,1.9,True,2,0.005436,85.75770832,85.75770832
14,1,,quantum,precond_pen=1.900,1.9,True,3,0.2404,83.37820868,83.37820868
14,1,,quantum,precond_pen=1.900,1.9,True,4,0.240552,82.31170179,82.31170179
14,1,,quantum,precond_pen=2.000,2.0,True,0,0.000128,96.17608724,96.17608724
14,1,,quantum,precond_pen=2.000,2.0,True,1,0.005202,93.46327616,93.46327616
14,1,,quantum,precond_pen=2.000,2.0,True,2,0.005463,85.75770832,85.75770832
14,1,,quantum,precond_pen=2.000,2.0,True,3,0.0163,82.31170179,82.31170179
15,1,,quantum,baseline,,True,0,0.00012,103.76901397,103.76901397
15,1,,quantum,baseline,,True,1,0.00451,100.60146456,100.60146456
15,1,,quantum,baseline,,True,2,0.004785,99.52190078,99.52190078
15,1,,quantum,baseline,,True,3,0.005063,97.82099385,97.82099385
15,1,,quantum,baseline,,True,4,0.005323,89.87867982,89.87867982
15,1,,quantum,baseline,,True,5,0.052065,89.71269176,89.71269176
15,1,,quantum,precond_pen=1.100,1.1,True,0,0.000122,103.76901397,103.76901397
15,1,,quantum,precond_pen=1.100,1.1,True,1,0.005078,101.92645456,101.92645456
15,1,,quantum,precond_pen=1.100,1.1,True,2,0.005326,89.87867982,89.87867982
15,1,,quantum,precond_pen=1.100,1.1,True,3,0.544159,89.71269176,89.71269176
15,1,,quantum,precond_pen=1.100,1.1,True,4,0.547544,89.71269176,89.71269176
15,1,,quantum,precond_pen=1.200,1.2,True,0,0.000128,103.76901397,103.76901397
15,1,,quantum,precond_pen=1.200,1.2,True,1,0.006292,102.07044329,102.07044329
15,1,,quantum,precond_pen=1.200,1.2,True,2,0.006612,89.87867982,89.87867982
15,1,,quantum,precond_pen=1.200,1.2,True,3,0.451941,89.71269176,89.71269176
15,1,,quantum,precond_pen=1.200,1.2,True,4,0.468676,89.71269176,89.71269176
15,1,,quantum,precond_pen=1.300,1.3,True,0,0.000151,103.76901397,103.76901397
15,1,,quantum,precond_pen=1.300,1.3,True,1,0.005347,101.92645456,101.92645456
15,1,,quantum,precond_pen=1.300,1.3,True,2,0.005595,89.87867982,89.87867982
15,1,,quantum,precond_pen=1.300,1.3,True,3,0.016581,89.71269176,89.71269176
15,1,,quantum,precond_pen=1.400,1.4,True,0,0.000109,103.76901397,103.76901397
15,1,,quantum,precond_pen=1.400,1.4,True,1,0.005319,98.47186288,98.47186288
15,1,,quantum,precond_pen=1.400,1.4,True,2,0.00554,89.87867982,89.87867982
15,1,,quantum,precond_pen=1.400,1.4,True,3,0.016499,89.71269176,89.71269176
15,1,,quantum,precond_pen=1.500,1.5,True,0,0.000108,103.76901397,103.76901397
15,1,,quantum,precond_pen=1.500,1.5,True,1,0.005392,101.92645456,101.92645456
15,1,,quantum,precond_pen=1.500,1.5,True,2,0.005638,89.87867982,89.87867982
15,1,,quantum,precond_pen=1.500,1.5,True,3,0.019215,89.71269176,89.71269176
15,1,,quantum,precond_pen=1.600,1.6,True,0,0.000105,103.76901397,103.76901397
15,1,,quantum,precond_pen=1.600,1.6,True,1,0.006941,101.92645456,101.92645456
15,1,,quantum,precond_pen=1.600,1.6,True,2,0.007248,89.87867982,89.87867982
15,1,,quantum,precond_pen=1.600,1.6,True,3,0.416482,89.71269176,89.71269176
15,1,,quantum,precond_pen=1.600,1.6,True,4,0.419996,89.71269176,89.71269176
15,1,,quantum,precond_pen=1.700,1.7,True,0,0.000116,103.76901397,103.76901397
15,1,,quantum,precond_pen=1.700,1.7,True,1,0.005302,102.37790917,102.37790917
15,1,,quantum,precond_pen=1.700,1.7,True,2,0.005547,101.92645456,101.92645456
15,1,,quantum,precond_pen=1.700,1.7,True,3,0.005782,89.87867982,89.87867982
15,1,,quantum,precond_pen=1.700,1.7,True,4,0.016767,89.71269176,89.71269176
15,1,,quantum,precond_pen=1.800,1.8,True,0,0.000107,103.76901397,103.76901397
15,1,,quantum,precond_pen=1.800,1.8,True,1,0.0053,98.47186288,98.47186288
15,1,,quantum,precond_pen=1.800,1.8,True,2,0.00553,89.87867982,89.87867982
15,1,,quantum,precond_pen=1.800,1.8,True,3,0.516572,89.71269176,89.71269176
15,1,,quantum,precond_pen=1.800,1.8,True,4,0.528531,89.71269176,89.71269176
15,1,,quantum,precond_pen=1.900,1.9,True,0,0.000111,103.76901397,103.76901397
15,1,,quantum,precond_pen=1.900,1.9,True,1,0.005157,98.47186288,98.47186288
15,1,,quantum,precond_pen=1.900,1.9,True,2,0.005375,89.87867982,89.87867982
15,1,,quantum,precond_pen=1.900,1.9,True,3,0.530391,89.71269176,89.71269176
15,1,,quantum,precond_pen=1.900,1.9,True,4,0.546595,89.71269176,89.71269176
15,1,,quantum,precond_pen=2.000,2.0,True,0,0.000104,103.76901397,103.76901397
15,1,,quantum,precond_pen=2.000,2.0,True,1,0.006232,101.92645456,101.92645456
15,1,,quantum,precond_pen=2.000,2.0,True,2,0.006527,89.87867982,89.87867982
15,1,,quantum,precond_pen=2.000,2.0,True,3,0.488384,89.71269176,89.71269176
15,1,,quantum,precond_pen=2.000,2.0,True,4,0.494347,89.71269176,89.71269176
16,1,,quantum,baseline,,True,0,0.000105,106.15579404,106.15579404
16,1,,quantum,baseline,,True,1,0.004907,104.59548956,104.59548956
16,1,,quantum,baseline,,True,2,0.005341,104.29108772,104.29108772
16,1,,quantum,baseline,,True,3,0.005848,82.67428161,82.67428161
16,1,,quantum,precond_pen=1.100,1.1,True,0,9.7e-05,106.15579404,106.15579404
16,1,,quantum,precond_pen=1.100,1.1,True,1,0.004997,92.01997818,92.01997818
16,1,,quantum,precond_pen=1.100,1.1,True,2,0.005216,82.67428161,82.67428161
16,1,,quantum,precond_pen=1.200,1.2,True,0,0.000108,106.15579404,106.15579404
16,1,,quantum,precond_pen=1.200,1.2,True,1,0.004782,99.28111952,99.28111952
16,1,,quantum,precond_pen=1.200,1.2,True,2,0.005102,97.24348628,97.24348628
16,1,,quantum,precond_pen=1.200,1.2,True,3,0.005417,94.6264034,94.6264034
16,1,,quantum,precond_pen=1.200,1.2,True,4,0.005667,84.67923381,84.67923381
16,1,,quantum,precond_pen=1.200,1.2,True,5,0.225551,84.61470109,84.61470109
16,1,,quantum,precond_pen=1.200,1.2,True,6,0.229096,82.67428161,82.67428161
16,1,,quantum,precond_pen=1.300,1.3,True,0,0.000122,106.15579404,106.15579404
16,1,,quantum,precond_pen=1.300,1.3,True,1,0.005996,94.21321385,94.21321385
16,1,,quantum,precond_pen=1.300,1.3,True,2,0.006357,82.67428161,82.67428161
16,1,,quantum,precond_pen=1.400,1.4,True,0,0.000105,106.15579404,106.15579404
16,1,,quantum,precond_pen=1.400,1.4,True,1,0.005247,96.36756198,96.36756198
16,1,,quantum,precond_pen=1.400,1.4,True,2,0.005471,82.67428161,82.67428161
16,1,,quantum,precond_pen=1.500,1.5,True,0,0.000149,106.15579404,106.15579404
16,1,,quantum,precond_pen=1.500,1.5,True,1,0.005356,96.36756198,96.36756198
16,1,,quantum,precond_pen=1.500,1.5,True,2,0.005583,82.67428161,82.67428161
16,1,,quantum,precond_pen=1.600,1.6,True,0,0.000113,106.15579404,106.15579404
16,1,,quantum,precond_pen=1.600,1.6,True,1,0.00515,96.37056649,96.37056649
16,1,,quantum,precond_pen=1.600,1.6,True,2,0.005386,84.67923381,84.67923381
16,1,,quantum,precond_pen=1.600,1.6,True,3,0.474495,83.35680101,83.35680101
16,1,,quantum,precond_pen=1.600,1.6,True,4,0.474664,82.67428161,82.67428161
16,1,,quantum,precond_pen=1.600,1.6,True,5,0.483009,82.67428161,82.67428161
16,1,,quantum,precond_pen=1.700,1.7,True,0,0.000128,106.15579404,106.15579404
16,1,,quantum,precond_pen=1.700,1.7,True,1,0.005237,100.67547504,100.67547504
16,1,,quantum,precond_pen=1.700,1.7,True,2,0.005531,82.67428161,82.67428161
16,1,,quantum,precond_pen=1.800,1.8,True,0,0.000123,106.15579404,106.15579404
16,1,,quantum,precond_pen=1.800,1.8,True,1,0.005573,100.8979385,100.8979385
16,1,,quantum,precond_pen=1.800,1.8,True,2,0.005827,82.67428161,82.67428161
16,1,,quantum,precond_pen=1.900,1.9,True,0,0.000131,106.15579404,106.15579404
16,1,,quantum,precond_pen=1.900,1.9,True,1,0.005304,100.8979385,100.8979385
16,1,,quantum,precond_pen=1.900,1.9,True,2,0.00556,82.67428161,82.67428161
16,1,,quantum,precond_pen=2.000,2.0,True,0,0.00012,106.15579404,106.15579404
16,1,,quantum,precond_pen=2.000,2.0,True,1,0.006103,92.40176894,92.40176894
16,1,,quantum,precond_pen=2.000,2.0,True,2,0.006516,82.67428161,82.67428161
17,1,,quantum,baseline,,True,0,0.000105,95.81145687,95.81145687
17,1,,quantum,baseline,,True,1,0.004701,89.66467141,89.66467141
17,1,,quantum,baseline,,True,2,0.005013,87.28941179,87.28941179
17,1,,quantum,baseline,,True,3,0.00525,82.99825671,82.99825671
17,1,,quantum,baseline,,True,4,0.041122,82.14816747,82.14816747
17,1,,quantum,precond_pen=1.100,1.1,True,0,0.000144,95.81145687,95.81145687
17,1,,quantum,precond_pen=1.100,1.1,True,1,0.005132,92.32924187,92.32924187
17,1,,quantum,precond_pen=1.100,1.1,True,2,0.005349,83.01162426,83.01162426
17,1,,quantum,precond_pen=1.100,1.1,True,3,0.016019,82.14816747,82.14816747
17,1,,quantum,precond_pen=1.200,1.2,True,0,0.00015,95.81145687,95.81145687
17,1,,quantum,precond_pen=1.200,1.2,True,1,0.005089,94.0013649,94.0013649
17,1,,quantum,precond_pen=1.200,1.2,True,2,0.005358,83.01162426,83.01162426
17,1,,quantum,precond_pen=1.200,1.2,True,3,0.015475,82.14816747,82.14816747
17,1,,quantum,precond_pen=1.300,1.3,True,0,0.000165,95.81145687,95.81145687
17,1,,quantum,precond_pen=1.300,1.3,True,1,0.00562,93.76478981,93.76478981
17,1,,quantum,precond_pen=1.300,1.3,True,2,0.005867,83.01162426,83.01162426
17,1,,quantum,precond_pen=1.300,1.3,True,3,0.016759,82.14816747,82.14816747
17,1,,quantum,precond_pen=1.400,1.4,True,0,0.000166,95.81145687,95.81145687
17,1,,quantum,precond_pen=1.400,1.4,True,1,0.005227,94.32974214,94.32974214
17,1,,quantum,precond_pen=1.400,1.4,True,2,0.005495,83.01162426,83.01162426
17,1,,quantum,precond_pen=1.400,1.4,True,3,0.016576,82.14816747,82.14816747
17,1,,quantum,precond_pen=1.500,1.5,True,0,0.000151,95.81145687,95.81145687
17,1,,quantum,precond_pen=1.500,1.5,True,1,0.005668,93.65029412,93.65029412
17,1,,quantum,precond_pen=1.500,1.5,True,2,0.005956,83.01162426,83.01162426
17,1,,quantum,precond_pen=1.500,1.5,True,3,0.019586,82.14816747,82.14816747
17,1,,quantum,precond_pen=1.600,1.6,True,0,0.000156,95.81145687,95.81145687
17,1,,quantum,precond_pen=1.600,1.6,True,1,0.005258,90.52695984,90.52695984
17,1,,quantum,precond_pen=1.600,1.6,True,2,0.00552,82.14816747,82.14816747
17,1,,quantum,precond_pen=1.700,1.7,True,0,0.000155,95.81145687,95.81145687
17,1,,quantum,precond_pen=1.700,1.7,True,1,0.005414,94.32974214,94.32974214
17,1,,quantum,precond_pen=1.700,1.7,True,2,0.005677,83.01162426,83.01162426
17,1,,quantum,precond_pen=1.700,1.7,True,3,0.483876,82.14816747,82.14816747
17,1,,quantum,precond_pen=1.700,1.7,True,4,0.489982,82.14816747,82.14816747
17,1,,quantum,precond_pen=1.800,1.8,True,0,0.000151,95.81145687,95.81145687
17,1,,quantum,precond_pen=1.800,1.8,True,1,0.005331,92.84651401,92.84651401
17,1,,quantum,precond_pen=1.800,1.8,True,2,0.005597,83.01162426,83.01162426
17,1,,quantum,precond_pen=1.800,1.8,True,3,0.373717,82.98516314,82.98516314
17,1,,quantum,precond_pen=1.800,1.8,True,4,0.373899,82.14816747,82.14816747
17,1,,quantum,precond_pen=1.900,1.9,True,0,0.000211,95.81145687,95.81145687
17,1,,quantum,precond_pen=1.900,1.9,True,1,0.010177,92.5254633,92.5254633
17,1,,quantum,precond_pen=1.900,1.9,True,2,0.010619,83.01162426,83.01162426
17,1,,quantum,precond_pen=1.900,1.9,True,3,0.501982,82.14816747,82.14816747
17,1,,quantum,precond_pen=1.900,1.9,True,4,0.503349,82.14816747,82.14816747
17,1,,quantum,precond_pen=2.000,2.0,True,0,0.000155,95.81145687,95.81145687
17,1,,quantum,precond_pen=2.000,2.0,True,1,0.007862,94.0013649,94.0013649
17,1,,quantum,precond_pen=2.000,2.0,True,2,0.008283,83.01162426,83.01162426
17,1,,quantum,precond_pen=2.000,2.0,True,3,0.338783,82.98516314,82.98516314
17,1,,quantum,precond_pen=2.000,2.0,True,4,0.47253,82.14816747,82.14816747
17,1,,quantum,precond_pen=2.000,2.0,True,5,0.474041,82.14816747,82.14816747
18,1,,quantum,baseline,,True,0,0.000168,100.33611984,100.33611984
18,1,,quantum,baseline,,True,1,0.00794,99.74992906,99.74992906
18,1,,quantum,baseline,,True,2,0.008591,97.95087393,97.95087393
18,1,,quantum,baseline,,True,3,0.009055,79.80056749,79.80056749
18,1,,quantum,precond_pen=1.100,1.1,True,0,0.00013,100.33611984,100.33611984
18,1,,quantum,precond_pen=1.100,1.1,True,1,0.006769,84.77691428,84.77691428
18,1,,quantum,precond_pen=1.100,1.1,True,2,0.007139,79.80056749,79.80056749
18,1,,quantum,precond_pen=1.200,1.2,True,0,0.000135,100.33611984,100.33611984
18,1,,quantum,precond_pen=1.200,1.2,True,1,0.007031,83.70413568,83.70413568
18,1,,quantum,precond_pen=1.200,1.2,True,2,0.007385,79.80056749,79.80056749
18,1,,quantum,precond_pen=1.300,1.3,True,0,0.000133,100.33611984,100.33611984
18,1,,quantum,precond_pen=1.300,1.3,True,1,0.007072,97.15629751,97.15629751
18,1,,quantum,precond_pen=1.300,1.3,True,2,0.00749,84.77691428,84.77691428
18,1,,quantum,precond_pen=1.300,1.3,True,3,0.007705,79.80056749,79.80056749
18,1,,quantum,precond_pen=1.400,1.4,True,0,0.000135,100.33611984,100.33611984
18,1,,quantum,precond_pen=1.400,1.4,True,1,0.008163,84.77691428,84.77691428
18,1,,quantum,precond_pen=1.400,1.4,True,2,0.008498,79.80056749,79.80056749
18,1,,quantum,precond_pen=1.500,1.5,True,0,0.000156,100.33611984,100.33611984
18,1,,quantum,precond_pen=1.500,1.5,True,1,0.007892,84.77691428,84.77691428
18,1,,quantum,precond_pen=1.500,1.5,True,2,0.008356,79.80056749,79.80056749
18,1,,quantum,precond_pen=1.600,1.6,True,0,0.000136,100.33611984,100.33611984
18,1,,quantum,precond_pen=1.600,1.6,True,1,0.006937,84.77691428,84.77691428
18,1,,quantum,precond_pen=1.600,1.6,True,2,0.007318,79.80056749,79.80056749
18,1,,quantum,precond_pen=1.700,1.7,True,0,0.000134,100.33611984,100.33611984
18,1,,quantum,precond_pen=1.700,1.7,True,1,0.007178,85.99276877,85.99276877
18,1,,quantum,precond_pen=1.700,1.7,True,2,0.007534,79.80056749,79.80056749
18,1,,quantum,precond_pen=1.800,1.8,True,0,0.000143,100.33611984,100.33611984
18,1,,quantum,precond_pen=1.800,1.8,True,1,0.008272,85.99276877,85.99276877
18,1,,quantum,precond_pen=1.800,1.8,True,2,0.008757,79.80056749,79.80056749
18,1,,quantum,precond_pen=1.900,1.9,True,0,0.000124,100.33611984,100.33611984
18,1,,quantum,precond_pen=1.900,1.9,True,1,0.007124,82.39691718,82.39691718
18,1,,quantum,precond_pen=1.900,1.9,True,2,0.007382,79.80056749,79.80056749
18,1,,quantum,precond_pen=2.000,2.0,True,0,0.000157,100.33611984,100.33611984
18,1,,quantum,precond_pen=2.000,2.0,True,1,0.008163,84.77691428,84.77691428
18,1,,quantum,precond_pen=2.000,2.0,True,2,0.008571,79.80056749,79.80056749
19,1,,quantum,baseline,,True,0,0.000156,96.97929596,96.97929596
19,1,,quantum,baseline,,True,1,0.006361,83.24679853,83.24679853
19,1,,quantum,baseline,,True,2,0.175805,83.09995656,83.09995656
19,1,,quantum,precond_pen=1.100,1.1,True,0,0.000193,96.97929596,96.97929596
19,1,,quantum,precond_pen=1.100,1.1,True,1,0.007693,94.88515084,94.88515084
19,1,,quantum,precond_pen=1.100,1.1,True,2,0.008161,83.24679853,83.24679853
19,1,,quantum,precond_pen=1.100,1.1,True,3,0.024686,83.09995656,83.09995656
19,1,,quantum,precond_pen=1.200,1.2,True,0,0.000197,96.97929596,96.97929596
19,1,,quantum,precond_pen=1.200,1.2,True,1,0.008289,96.62524463,96.62524463
19,1,,quantum,precond_pen=1.200,1.2,True,2,0.008715,83.09995656,83.09995656
19,1,,quantum,precond_pen=1.300,1.3,True,0,0.000127,96.97929596,96.97929596
19,1,,quantum,precond_pen=1.300,1.3,True,1,0.007903,96.0599693,96.0599693
19,1,,quantum,precond_pen=1.300,1.3,True,2,0.008389,83.24679853,83.24679853
19,1,,quantum,precond_pen=1.300,1.3,True,3,0.023741,83.09995656,83.09995656
19,1,,quantum,precond_pen=1.400,1.4,True,0,0.000141,96.97929596,96.97929596
19,1,,quantum,precond_pen=1.400,1.4,True,1,0.008826,96.0599693,96.0599693
19,1,,quantum,precond_pen=1.400,1.4,True,2,0.009253,83.24679853,83.24679853
19,1,,quantum,precond_pen=1.400,1.4,True,3,0.025158,83.09995656,83.09995656
19,1,,quantum,precond_pen=1.500,1.5,True,0,0.000137,96.97929596,96.97929596
19,1,,quantum,precond_pen=1.500,1.5,True,1,0.007479,95.80439966,95.80439966
19,1,,quantum,precond_pen=1.500,1.5,True,2,0.007749,83.09995656,83.09995656
19,1,,quantum,precond_pen=1.600,1.6,True,0,0.00014,96.97929596,96.97929596
19,1,,quantum,precond_pen=1.600,1.6,True,1,0.008196,94.85739939,94.85739939
19,1,,quantum,precond_pen=1.600,1.6,True,2,0.008573,83.09995656,83.09995656
19,1,,quantum,precond_pen=1.700,1.7,True,0,0.000142,96.97929596,96.97929596
19,1,,quantum,precond_pen=1.700,1.7,True,1,0.006903,90.76657491,90.76657491
19,1,,quantum,precond_pen=1.700,1.7,True,2,0.007295,83.24679853,83.24679853
19,1,,quantum,precond_pen=1.700,1.7,True,3,0.495972,83.09995656,83.09995656
19,1,,quantum,precond_pen=1.700,1.7,True,4,0.498373,83.09995656,83.09995656
19,1,,quantum,precond_pen=1.800,1.8,True,0,0.000174,96.97929596,96.97929596
19,1,,quantum,precond_pen=1.800,1.8,True,1,0.007497,95.80439966,95.80439966
19,1,,quantum,precond_pen=1.800,1.8,True,2,0.007899,83.09995656,83.09995656
19,1,,quantum,precond_pen=1.900,1.9,True,0,0.000194,96.97929596,96.97929596
19,1,,quantum,precond_pen=1.900,1.9,True,1,0.006545,95.31138629,95.31138629
19,1,,quantum,precond_pen=1.900,1.9,True,2,0.006785,83.09995656,83.09995656
19,1,,quantum,precond_pen=2.000,2.0,True,0,0.000184,96.97929596,96.97929596
19,1,,quantum,precond_pen=2.000,2.0,True,1,0.006283,93.47585249,93.47585249
19,1,,quantum,precond_pen=2.000,2.0,True,2,0.006483,83.09995656,83.09995656
20,1,,quantum,baseline,,True,0,0.00021,95.91205688,95.91205688
20,1,,quantum,baseline,,True,1,0.007099,94.59141341,94.59141341
20,1,,quantum,baseline,,True,2,0.007544,78.26556279,78.26556279
20,1,,quantum,precond_pen=1.100,1.1,True,0,0.000134,95.91205688,95.91205688
20,1,,quantum,precond_pen=1.100,1.1,True,1,0.006365,93.49497821,93.49497821
20,1,,quantum,precond_pen=1.100,1.1,True,2,0.00669,80.84566209,80.84566209
20,1,,quantum,precond_pen=1.100,1.1,True,3,0.020842,78.26556279,78.26556279
20,1,,quantum,precond_pen=1.200,1.2,True,0,0.000185,95.91205688,95.91205688
20,1,,quantum,precond_pen=1.200,1.2,True,1,0.006811,93.89002376,93.89002376
20,1,,quantum,precond_pen=1.200,1.2,True,2,0.007158,78.26556279,78.26556279
20,1,,quantum,precond_pen=1.300,1.3,True,0,0.000235,95.91205688,95.91205688
20,1,,quantum,precond_pen=1.300,1.3,True,1,0.008569,95.39621942,95.39621942
20,1,,quantum,precond_pen=1.300,1.3,True,2,0.009036,78.26556279,78.26556279
20,1,,quantum,precond_pen=1.400,1.4,True,0,0.000216,95.91205688,95.91205688
20,1,,quantum,precond_pen=1.400,1.4,True,1,0.008581,91.81392867,91.81392867
20,1,,quantum,precond_pen=1.400,1.4,True,2,0.008986,78.26556279,78.26556279
20,1,,quantum,precond_pen=1.500,1.5,True,0,0.000207,95.91205688,95.91205688
20,1,,quantum,precond_pen=1.500,1.5,True,1,0.006863,93.25982857,93.25982857
20,1,,quantum,precond_pen=1.500,1.5,True,2,0.007228,78.26556279,78.26556279
20,1,,quantum,precond_pen=1.600,1.6,True,0,0.000158,95.91205688,95.91205688
20,1,,quantum,precond_pen=1.600,1.6,True,1,0.006945,78.26556279,78.26556279
20,1,,quantum,precond_pen=1.700,1.7,True,0,0.000207,95.91205688,95.91205688
20,1,,quantum,precond_pen=1.700,1.7,True,1,0.007897,78.26556279,78.26556279
20,1,,quantum,precond_pen=1.800,1.8,True,0,0.000144,95.91205688,95.91205688
20,1,,quantum,precond_pen=1.800,1.8,True,1,0.008686,78.26556279,78.26556279
20,1,,quantum,precond_pen=1.900,1.9,True,0,0.000177,95.91205688,95.91205688
20,1,,quantum,precond_pen=1.900,1.9,True,1,0.008207,78.26556279,78.26556279
20,1,,quantum,precond_pen=2.000,2.0,True,0,0.000132,95.91205688,95.91205688
20,1,,quantum,precond_pen=2.000,2.0,True,1,0.006407,78.26556279,78.26556279
21,1,,quantum,baseline,,True,0,0.000168,102.25712846,102.25712846
21,1,,quantum,baseline,,True,1,0.007155,101.50163897,101.50163897
21,1,,quantum,baseline,,True,2,0.007597,83.11219154,83.11219154
21,1,,quantum,baseline,,True,3,0.201744,82.84862866,82.84862866
21,1,,quantum,baseline,,True,4,0.303561,82.84862866,82.84862866
21,1,,quantum,precond_pen=1.100,1.1,True,0,0.000136,102.25712846,102.25712846
21,1,,quantum,precond_pen=1.100,1.1,True,1,0.007028,89.66783003,89.66783003
21,1,,quantum,precond_pen=1.100,1.1,True,2,0.0073,86.06423304,86.06423304
21,1,,quantum,precond_pen=1.100,1.1,True,3,0.020695,83.11219154,83.11219154
21,1,,quantum,precond_pen=1.100,1.1,True,4,0.350149,83.04714759,83.04714759
21,1,,quantum,precond_pen=1.100,1.1,True,5,0.566445,82.84862866,82.84862866
21,1,,quantum,precond_pen=1.100,1.1,True,6,0.567353,82.84862866,82.84862866
21,1,,quantum,precond_pen=1.200,1.2,True,0,0.000141,102.25712846,102.25712846
21,1,,quantum,precond_pen=1.200,1.2,True,1,0.006398,101.33849452,101.33849452
21,1,,quantum,precond_pen=1.200,1.2,True,2,0.006729,94.92966818,94.92966818
21,1,,quantum,precond_pen=1.200,1.2,True,3,0.006903,86.06423304,86.06423304
21,1,,quantum,precond_pen=1.200,1.2,True,4,0.017842,84.87550146,84.87550146
21,1,,quantum,precond_pen=1.200,1.2,True,5,0.021663,83.11219154,83.11219154
21,1,,quantum,precond_pen=1.200,1.2,True,6,0.55473,83.04714759,83.04714759
21,1,,quantum,precond_pen=1.200,1.2,True,7,0.565131,82.84862866,82.84862866
21,1,,quantum,precond_pen=1.200,1.2,True,8,0.571061,82.84862866,82.84862866
21,1,,quantum,precond_pen=1.300,1.3,True,0,0.000154,102.25712846,102.25712846
21,1,,quantum,precond_pen=1.300,1.3,True,1,0.008876,93.32134677,93.32134677
21,1,,quantum,precond_pen=1.300,1.3,True,2,0.009281,83.61009567,83.61009567
21,1,,quantum,precond_pen=1.300,1.3,True,3,0.029887,82.84862866,82.84862866
21,1,,quantum,precond_pen=1.400,1.4,True,0,0.000149,102.25712846,102.25712846
21,1,,quantum,precond_pen=1.400,1.4,True,1,0.007615,89.66783003,89.66783003
21,1,,quantum,precond_pen=1.400,1.4,True,2,0.007967,86.06423304,86.06423304
21,1,,quantum,precond_pen=1.400,1.4,True,3,0.024593,83.11219154,83.11219154
21,1,,quantum,precond_pen=1.400,1.4,True,4,0.293482,82.84862866,82.84862866
21,1,,quantum,precond_pen=1.500,1.5,True,0,0.000173,102.25712846,102.25712846
21,1,,quantum,precond_pen=1.500,1.5,True,1,0.009005,89.66783003,89.66783003
21,1,,quantum,precond_pen=1.500,1.5,True,2,0.009435,86.06423304,86.06423304
21,1,,quantum,precond_pen=1.500,1.5,True,3,0.026934,83.11219154,83.11219154
21,1,,quantum,precond_pen=1.500,1.5,True,4,0.465691,83.04714759,83.04714759
21,1,,quantum,precond_pen=1.500,1.5,True,5,0.841288,82.84862866,82.84862866
21,1,,quantum,precond_pen=1.500,1.5,True,6,0.847688,82.84862866,82.84862866
21,1,,quantum,precond_pen=1.600,1.6,True,0,0.000165,102.25712846,102.25712846
21,1,,quantum,precond_pen=1.600,1.6,True,1,0.007255,97.30731024,97.30731024
21,1,,quantum,precond_pen=1.600,1.6,True,2,0.007554,86.06423304,86.06423304
21,1,,quantum,precond_pen=1.600,1.6,True,3,0.019512,83.11219154,83.11219154
21,1,,quantum,precond_pen=1.600,1.6,True,4,0.530098,83.04714759,83.04714759
21,1,,quantum,precond_pen=1.600,1.6,True,5,0.530528,82.84862866,82.84862866
21,1,,quantum,precond_pen=1.600,1.6,True,6,0.532913,82.84862866,82.84862866
21,1,,quantum,precond_pen=1.700,1.7,True,0,0.000129,102.25712846,102.25712846
21,1,,quantum,precond_pen=1.700,1.7,True,1,0.006902,92.34213975,92.34213975
21,1,,quantum,precond_pen=1.700,1.7,True,2,0.007241,82.84862866,82.84862866
21,1,,quantum,precond_pen=1.800,1.8,True,0,0.000173,102.25712846,102.25712846
21,1,,quantum,precond_pen=1.800,1.8,True,1,0.00826,95.63472475,95.63472475
21,1,,quantum,precond_pen=1.800,1.8,True,2,0.008682,86.34438593,86.34438593
21,1,,quantum,precond_pen=1.800,1.8,True,3,0.020804,83.11219154,83.11219154
21,1,,quantum,precond_pen=1.800,1.8,True,4,0.320542,82.84862866,82.84862866
21,1,,quantum,precond_pen=1.900,1.9,True,0,0.000183,102.25712846,102.25712846
21,1,,quantum,precond_pen=1.900,1.9,True,1,0.00853,95.63472475,95.63472475
21,1,,quantum,precond_pen=1.900,1.9,True,2,0.008959,86.34438593,86.34438593
21,1,,quantum,precond_pen=1.900,1.9,True,3,0.022605,83.11219154,83.11219154
21,1,,quantum,precond_pen=1.900,1.9,True,4,0.476994,82.84862866,82.84862866
21,1,,quantum,precond_pen=2.000,2.0,True,0,0.000128,102.25712846,102.25712846
21,1,,quantum,precond_pen=2.000,2.0,True,1,0.006344,91.73214907,91.73214907
21,1,,quantum,precond_pen=2.000,2.0,True,2,0.00661,82.84862866,82.84862866
22,1,,quantum,baseline,,True,0,0.000136,98.93266694,98.93266694
22,1,,quantum,baseline,,True,1,0.006364,98.88452851,98.88452851
22,1,,quantum,baseline,,True,2,0.006698,83.17262706,83.17262706
22,1,,quantum,baseline,,True,3,0.259867,83.07382704,83.07382704
22,1,,quantum,baseline,,True,4,0.368249,83.07382704,83.07382704
22,1,,quantum,precond_pen=1.100,1.1,True,0,0.000155,98.93266694,98.93266694
22,1,,quantum,precond_pen=1.100,1.1,True,1,0.008551,97.53390354,97.53390354
22,1,,quantum,precond_pen=1.100,1.1,True,2,0.008953,84.38661843,84.38661843
22,1,,quantum,precond_pen=1.100,1.1,True,3,0.021837,83.07382704,83.07382704
22,1,,quantum,precond_pen=1.100,1.1,True,4,0.383827,83.17262706,83.07382704
22,1,,quantum,precond_pen=1.100,1.1,True,5,0.385791,83.17262706,83.07382704
22,1,,quantum,precond_pen=1.200,1.2,True,0,0.00014,98.93266694,98.93266694
22,1,,quantum,precond_pen=1.200,1.2,True,1,0.00686,94.21300805,94.21300805
22,1,,quantum,precond_pen=1.200,1.2,True,2,0.007199,83.07382704,83.07382704
22,1,,quantum,precond_pen=1.200,1.2,True,3,0.478247,83.17262706,83.07382704
22,1,,quantum,precond_pen=1.200,1.2,True,4,0.503039,83.17262706,83.07382704
22,1,,quantum,precond_pen=1.300,1.3,True,0,0.000199,98.93266694,98.93266694
22,1,,quantum,precond_pen=1.300,1.3,True,1,0.007739,90.05241357,90.05241357
22,1,,quantum,precond_pen=1.300,1.3,True,2,0.008091,85.9155509,85.9155509
22,1,,quantum,precond_pen=1.300,1.3,True,3,0.021157,83.17262706,83.17262706
22,1,,quantum,precond_pen=1.300,1.3,True,4,0.497746,83.07382704,83.07382704
22,1,,quantum,precond_pen=1.300,1.3,True,5,0.513842,83.07382704,83.07382704
22,1,,quantum,precond_pen=1.400,1.4,True,0,0.000126,98.93266694,98.93266694
22,1,,quantum,precond_pen=1.400,1.4,True,1,0.007295,93.9272693,93.9272693
22,1,,quantum,precond_pen=1.400,1.4,True,2,0.007628,84.38661843,84.38661843
22,1,,quantum,precond_pen=1.400,1.4,True,3,0.022393,83.17262706,83.17262706
22,1,,quantum,precond_pen=1.400,1.4,True,4,0.487999,83.07382704,83.07382704
22,1,,quantum,precond_pen=1.400,1.4,True,5,0.491239,83.07382704,83.07382704
22,1,,quantum,precond_pen=1.500,1.5,True,0,0.000146,98.93266694,98.93266694
22,1,,quantum,precond_pen=1.500,1.5,True,1,0.008088,92.65603331,92.65603331
22,1,,quantum,precond_pen=1.500,1.5,True,2,0.008576,83.07382704,83.07382704
22,1,,quantum,precond_pen=1.600,1.6,True,0,0.000141,98.93266694,98.93266694
22,1,,quantum,precond_pen=1.600,1.6,True,1,0.007745,90.05241357,90.05241357
22,1,,quantum,precond_pen=1.600,1.6,True,2,0.00808,85.9155509,85.9155509
22,1,,quantum,precond_pen=1.600,1.6,True,3,0.023547,83.17262706,83.17262706
22,1,,quantum,precond_pen=1.600,1.6,True,4,0.531296,83.07382704,83.07382704
22,1,,quantum,precond_pen=1.600,1.6,True,5,0.534448,83.07382704,83.07382704
22,1,,quantum,precond_pen=1.700,1.7,True,0,0.000123,98.93266694,98.93266694
22,1,,quantum,precond_pen=1.700,1.7,True,1,0.006552,90.05241357,90.05241357
22,1,,quantum,precond_pen=1.700,1.7,True,2,0.006757,85.9155509,85.9155509
22,1,,quantum,precond_pen=1.700,1.7,True,3,0.020476,83.17262706,83.17262706
22,1,,quantum,precond_pen=1.700,1.7,True,4,0.586114,83.07382704,83.07382704
22,1,,quantum,precond_pen=1.700,1.7,True,5,0.587011,83.07382704,83.07382704
22,1,,quantum,precond_pen=1.800,1.8,True,0,0.000132,98.93266694,98.93266694
22,1,,quantum,precond_pen=1.800,1.8,True,1,0.007304,90.05241357,90.05241357
22,1,,quantum,precond_pen=1.800,1.8,True,2,0.007617,85.9155509,85.9155509
22,1,,quantum,precond_pen=1.800,1.8,True,3,0.023623,83.17262706,83.17262706
22,1,,quantum,precond_pen=1.800,1.8,True,4,0.209434,83.07382704,83.07382704
22,1,,quantum,precond_pen=1.900,1.9,True,0,0.000135,98.93266694,98.93266694
22,1,,quantum,precond_pen=1.900,1.9,True,1,0.007716,93.50812655,93.50812655
22,1,,quantum,precond_pen=1.900,1.9,True,2,0.008133,83.07382704,83.07382704
22,1,,quantum,precond_pen=2.000,2.0,True,0,0.000126,98.93266694,98.93266694
22,1,,quantum,precond_pen=2.000,2.0,True,1,0.007228,90.05241357,90.05241357
22,1,,quantum,precond_pen=2.000,2.0,True,2,0.007513,85.9155509,85.9155509
22,1,,quantum,precond_pen=2.000,2.0,True,3,0.024934,83.17262706,83.17262706
22,1,,quantum,precond_pen=2.000,2.0,True,4,0.652706,83.07382704,83.07382704
22,1,,quantum,precond_pen=2.000,2.0,True,5,0.659156,83.07382704,83.07382704
23,1,,quantum,baseline,,True,0,0.00013,101.64287487,101.64287487
23,1,,quantum,baseline,,True,1,0.006464,100.93796988,100.93796988
23,1,,quantum,baseline,,True,2,0.006865,99.9450731,99.9450731
23,1,,quantum,baseline,,True,3,0.007304,99.36373232,99.36373232
23,1,,quantum,baseline,,True,4,0.007631,86.23840636,86.23840636
23,1,,quantum,precond_pen=1.100,1.1,True,0,0.000131,101.64287487,101.64287487
23,1,,quantum,precond_pen=1.100,1.1,True,1,0.007559,98.76273509,98.76273509
23,1,,quantum,precond_pen=1.100,1.1,True,2,0.007877,86.23840636,86.23840636
23,1,,quantum,precond_pen=1.200,1.2,True,0,0.000127,101.64287487,101.64287487
23,1,,quantum,precond_pen=1.200,1.2,True,1,0.006451,98.76273509,98.76273509
23,1,,quantum,precond_pen=1.200,1.2,True,2,0.006739,86.23840636,86.23840636
23,1,,quantum,precond_pen=1.300,1.3,True,0,0.000179,101.64287487,101.64287487
23,1,,quantum,precond_pen=1.300,1.3,True,1,0.009699,98.76273509,98.76273509
23,1,,quantum,precond_pen=1.300,1.3,True,2,0.010148,86.23840636,86.23840636
23,1,,quantum,precond_pen=1.400,1.4,True,0,0.000185,101.64287487,101.64287487
23,1,,quantum,precond_pen=1.400,1.4,True,1,0.008584,98.81999597,98.81999597
23,1,,quantum,precond_pen=1.400,1.4,True,2,0.009005,86.23840636,86.23840636
23,1,,quantum,precond_pen=1.500,1.5,True,0,0.000199,101.64287487,101.64287487
23,1,,quantum,precond_pen=1.500,1.5,True,1,0.008939,96.89142851,96.89142851
23,1,,quantum,precond_pen=1.500,1.5,True,2,0.009343,86.23840636,86.23840636
23,1,,quantum,precond_pen=1.600,1.6,True,0,0.000209,101.64287487,101.64287487
23,1,,quantum,precond_pen=1.600,1.6,True,1,0.010578,98.04384763,98.04384763
23,1,,quantum,precond_pen=1.600,1.6,True,2,0.010988,88.99012646,88.99012646
23,1,,quantum,precond_pen=1.600,1.6,True,3,0.047384,86.23840636,86.23840636
23,1,,quantum,precond_pen=1.700,1.7,True,0,0.000168,101.64287487,101.64287487
23,1,,quantum,precond_pen=1.700,1.7,True,1,0.009498,95.72747824,95.72747824
23,1,,quantum,precond_pen=1.700,1.7,True,2,0.00989,86.23840636,86.23840636
23,1,,quantum,precond_pen=1.800,1.8,True,0,0.000195,101.64287487,101.64287487
23,1,,quantum,precond_pen=1.800,1.8,True,1,0.010399,98.04384763,98.04384763
23,1,,quantum,precond_pen=1.800,1.8,True,2,0.010951,88.99012646,88.99012646
23,1,,quantum,precond_pen=1.800,1.8,True,3,0.030222,86.23840636,86.23840636
23,1,,quantum,precond_pen=1.900,1.9,True,0,0.000187,101.64287487,101.64287487
23,1,,quantum,precond_pen=1.900,1.9,True,1,0.010846,98.04384763,98.04384763
23,1,,quantum,precond_pen=1.900,1.9,True,2,0.011459,88.99012646,88.99012646
23,1,,quantum,precond_pen=1.900,1.9,True,3,0.028085,86.23840636,86.23840636
23,1,,quantum,precond_pen=2.000,2.0,True,0,0.000189,101.64287487,101.64287487
23,1,,quantum,precond_pen=2.000,2.0,True,1,0.009438,98.04384763,98.04384763
23,1,,quantum,precond_pen=2.000,2.0,True,2,0.009877,88.99012646,88.99012646
23,1,,quantum,precond_pen=2.000,2.0,True,3,0.022235,86.23840636,86.23840636
24,1,,quantum,baseline,,True,0,0.000165,99.23764799,99.23764799
24,1,,quantum,baseline,,True,1,0.007351,98.92498045,98.92498045
24,1,,quantum,baseline,,True,2,0.007923,98.45292824,98.45292824
24,1,,quantum,baseline,,True,3,0.008269,84.39637609,84.39637609
24,1,,quantum,baseline,,True,4,0.041459,84.15095866,84.15095866
24,1,,quantum,precond_pen=1.100,1.1,True,0,0.000171,99.23764799,99.23764799
24,1,,quantum,precond_pen=1.100,1.1,True,1,0.010787,95.32079468,95.32079468
24,1,,quantum,precond_pen=1.100,1.1,True,2,0.011402,84.56573802,84.56573802
24,1,,quantum,precond_pen=1.100,1.1,True,3,0.047151,84.15095866,84.15095866
24,1,,quantum,precond_pen=1.200,1.2,True,0,0.000168,99.23764799,99.23764799
24,1,,quantum,precond_pen=1.200,1.2,True,1,0.00931,96.34974828,96.34974828
24,1,,quantum,precond_pen=1.200,1.2,True,2,0.010037,95.70478223,95.70478223
24,1,,quantum,precond_pen=1.200,1.2,True,3,0.01042,84.15095866,84.15095866
24,1,,quantum,precond_pen=1.300,1.3,True,0,0.00017,99.23764799,99.23764799
24,1,,quantum,precond_pen=1.300,1.3,True,1,0.008764,94.62541447,94.62541447
24,1,,quantum,precond_pen=1.300,1.3,True,2,0.009207,84.39637609,84.39637609
24,1,,quantum,precond_pen=1.300,1.3,True,3,0.022784,84.15095866,84.15095866
24,1,,quantum,precond_pen=1.400,1.4,True,0,0.000147,99.23764799,99.23764799
24,1,,quantum,precond_pen=1.400,1.4,True,1,0.007339,96.53987634,96.53987634
24,1,,quantum,precond_pen=1.400,1.4,True,2,0.007666,84.56573802,84.56573802
24,1,,quantum,precond_pen=1.400,1.4,True,3,0.020876,84.15095866,84.15095866
24,1,,quantum,precond_pen=1.500,1.5,True,0,0.000176,99.23764799,99.23764799
24,1,,quantum,precond_pen=1.500,1.5,True,1,0.011479,94.62541447,94.62541447
24,1,,quantum,precond_pen=1.500,1.5,True,2,0.012072,84.39637609,84.39637609
24,1,,quantum,precond_pen=1.500,1.5,True,3,0.02712,84.15095866,84.15095866
24,1,,quantum,precond_pen=1.600,1.6,True,0,0.000162,99.23764799,99.23764799
24,1,,quantum,precond_pen=1.600,1.6,True,1,0.007697,89.05402694,89.05402694
24,1,,quantum,precond_pen=1.600,1.6,True,2,0.008062,84.56573802,84.56573802
24,1,,quantum,precond_pen=1.600,1.6,True,3,0.490341,84.15095866,84.15095866
24,1,,quantum,precond_pen=1.600,1.6,True,4,0.514296,84.15095866,84.15095866
24,1,,quantum,precond_pen=1.700,1.7,True,0,0.000179,99.23764799,99.23764799
24,1,,quantum,precond_pen=1.700,1.7,True,1,0.008696,89.05402694,89.05402694
24,1,,quantum,precond_pen=1.700,1.7,True,2,0.009133,84.56573802,84.56573802
24,1,,quantum,precond_pen=1.700,1.7,True,3,0.596184,84.4635056,84.4635056
24,1,,quantum,precond_pen=1.700,1.7,True,4,0.596631,84.15095866,84.15095866
24,1,,quantum,precond_pen=1.700,1.7,True,5,0.609457,84.15095866,84.15095866
24,1,,quantum,precond_pen=1.800,1.8,True,0,0.00015,99.23764799,99.23764799
24,1,,quantum,precond_pen=1.800,1.8,True,1,0.007564,97.00147257,97.00147257
24,1,,quantum,precond_pen=1.800,1.8,True,2,0.007867,84.56573802,84.56573802
24,1,,quantum,precond_pen=1.800,1.8,True,3,0.570097,84.39637609,84.39637609
24,1,,quantum,precond_pen=1.800,1.8,True,4,0.570647,84.15095866,84.15095866
24,1,,quantum,precond_pen=1.800,1.8,True,5,0.572827,84.15095866,84.15095866
24,1,,quantum,precond_pen=1.900,1.9,True,0,0.000187,99.23764799,99.23764799
24,1,,quantum,precond_pen=1.900,1.9,True,1,0.010022,96.72019804,96.72019804
24,1,,quantum,precond_pen=1.900,1.9,True,2,0.010564,84.56573802,84.56573802
24,1,,quantum,precond_pen=1.900,1.9,True,3,0.503413,84.39637609,84.39637609
24,1,,quantum,precond_pen=1.900,1.9,True,4,0.50386,84.15095866,84.15095866
24,1,,quantum,precond_pen=1.900,1.9,True,5,0.514734,84.15095866,84.15095866
24,1,,quantum,precond_pen=2.000,2.0,True,0,0.000155,99.23764799,99.23764799
24,1,,quantum,precond_pen=2.000,2.0,True,1,0.009239,96.72019804,96.72019804
24,1,,quantum,precond_pen=2.000,2.0,True,2,0.009706,84.56573802,84.56573802
24,1,,quantum,precond_pen=2.000,2.0,True,3,0.521555,84.15095866,84.15095866
24,1,,quantum,precond_pen=2.000,2.0,True,4,0.551322,84.15095866,84.15095866
25,1,,quantum,baseline,,True,0,0.000158,94.47062093,94.47062093
25,1,,quantum,baseline,,True,1,0.007372,93.19584062,93.19584062
25,1,,quantum,baseline,,True,2,0.008133,93.09418239,93.09418239
25,1,,quantum,baseline,,True,3,0.008582,77.95130031,77.95130031
25,1,,quantum,baseline,,True,4,0.232069,77.66472207,77.66472207
25,1,,quantum,baseline,,True,5,0.261035,77.66472207,77.66472207
25,1,,quantum,precond_pen=1.100,1.1,True,0,0.000163,94.47062093,94.47062093
25,1,,quantum,precond_pen=1.100,1.1,True,1,0.009508,93.79259158,93.79259158
25,1,,quantum,precond_pen=1.100,1.1,True,2,0.010197,77.95130031,77.95130031
25,1,,quantum,precond_pen=1.100,1.1,True,3,0.413742,77.66472207,77.66472207
25,1,,quantum,precond_pen=1.100,1.1,True,4,0.415116,77.66472207,77.66472207
25,1,,quantum,precond_pen=1.200,1.2,True,0,0.000179,94.47062093,94.47062093
25,1,,quantum,precond_pen=1.200,1.2,True,1,0.010658,90.29348538,90.29348538
25,1,,quantum,precond_pen=1.200,1.2,True,2,0.011186,80.96865763,80.96865763
25,1,,quantum,precond_pen=1.200,1.2,True,3,0.028742,77.95130031,77.95130031
25,1,,quantum,precond_pen=1.200,1.2,True,4,0.501663,77.66472207,77.66472207
25,1,,quantum,precond_pen=1.200,1.2,True,5,0.506557,77.66472207,77.66472207
25,1,,quantum,precond_pen=1.300,1.3,True,0,0.00015,94.47062093,94.47062093
25,1,,quantum,precond_pen=1.300,1.3,True,1,0.007943,89.21857785,89.21857785
25,1,,quantum,precond_pen=1.300,1.3,True,2,0.008279,77.95130031,77.95130031
25,1,,quantum,precond_pen=1.300,1.3,True,3,0.036277,77.66472207,77.66472207
25,1,,quantum,precond_pen=1.400,1.4,True,0,0.000184,94.47062093,94.47062093
25,1,,quantum,precond_pen=1.400,1.4,True,1,0.008362,92.72079001,92.72079001
25,1,,quantum,precond_pen=1.400,1.4,True,2,0.008856,77.95130031,77.95130031
25,1,,quantum,precond_pen=1.400,1.4,True,3,0.023744,77.66472207,77.66472207
25,1,,quantum,precond_pen=1.500,1.5,True,0,0.000184,94.47062093,94.47062093
25,1,,quantum,precond_pen=1.500,1.5,True,1,0.009482,91.65824825,91.65824825
25,1,,quantum,precond_pen=1.500,1.5,True,2,0.009943,77.66472207,77.66472207
25,1,,quantum,precond_pen=1.600,1.6,True,0,0.000181,94.47062093,94.47062093
25,1,,quantum,precond_pen=1.600,1.6,True,1,0.00897,92.96348944,92.96348944
25,1,,quantum,precond_pen=1.600,1.6,True,2,0.009493,77.95130031,77.95130031
25,1,,quantum,precond_pen=1.600,1.6,True,3,0.022746,77.66472207,77.66472207
25,1,,quantum,precond_pen=1.700,1.7,True,0,0.000177,94.47062093,94.47062093
25,1,,quantum,precond_pen=1.700,1.7,True,1,0.008334,77.95130031,77.95130031
25,1,,quantum,precond_pen=1.700,1.7,True,2,0.024462,77.66472207,77.66472207
25,1,,quantum,precond_pen=1.800,1.8,True,0,0.000155,94.47062093,94.47062093
25,1,,quantum,precond_pen=1.800,1.8,True,1,0.008164,77.95130031,77.95130031
25,1,,quantum,precond_pen=1.800,1.8,True,2,0.041339,77.66472207,77.66472207
25,1,,quantum,precond_pen=1.900,1.9,True,0,0.000165,94.47062093,94.47062093
25,1,,quantum,precond_pen=1.900,1.9,True,1,0.008152,93.93699794,93.93699794
25,1,,quantum,precond_pen=1.900,1.9,True,2,0.008716,93.68105741,93.68105741
25,1,,quantum,precond_pen=1.900,1.9,True,3,0.008978,77.95130031,77.95130031
25,1,,quantum,precond_pen=1.900,1.9,True,4,0.49737,77.66472207,77.66472207
25,1,,quantum,precond_pen=2.000,2.0,True,0,0.000174,94.47062093,94.47062093
25,1,,quantum,precond_pen=2.000,2.0,True,1,0.007153,94.12005017,94.12005017
25,1,,quantum,precond_pen=2.000,2.0,True,2,0.007517,77.95130031,77.95130031
25,1,,quantum,precond_pen=2.000,2.0,True,3,0.022411,77.66472207,77.66472207
26,1,,quantum,baseline,,True,0,0.000166,102.49531235,102.49531235
26,1,,quantum,baseline,,True,1,0.007314,101.52668535,101.52668535
26,1,,quantum,baseline,,True,2,0.00792,101.48394763,101.48394763
26,1,,quantum,baseline,,True,3,0.008289,87.63973142,87.63973142
26,1,,quantum,baseline,,True,4,0.206993,87.21762914,87.21762914
26,1,,quantum,precond_pen=1.100,1.1,True,0,0.000144,102.49531235,102.49531235
26,1,,quantum,precond_pen=1.100,1.1,True,1,0.007408,96.18346393,96.18346393
26,1,,quantum,precond_pen=1.100,1.1,True,2,0.007698,87.63973142,87.63973142
26,1,,quantum,precond_pen=1.100,1.1,True,3,0.363333,87.21762914,87.21762914
26,1,,quantum,precond_pen=1.100,1.1,True,4,0.374646,87.21762914,87.21762914
26,1,,quantum,precond_pen=1.200,1.2,True,0,0.000192,102.49531235,102.49531235
26,1,,quantum,precond_pen=1.200,1.2,True,1,0.00912,97.07683655,97.07683655
26,1,,quantum,precond_pen=1.200,1.2,True,2,0.00968,89.49402151,89.49402151
26,1,,quantum,precond_pen=1.200,1.2,True,3,0.334318,87.21762914,87.21762914
26,1,,quantum,precond_pen=1.200,1.2,True,4,0.353183,87.21762914,87.21762914
26,1,,quantum,precond_pen=1.300,1.3,True,0,0.000163,102.49531235,102.49531235
26,1,,quantum,precond_pen=1.300,1.3,True,1,0.007226,97.82979282,97.82979282
26,1,,quantum,precond_pen=1.300,1.3,True,2,0.00762,89.49402151,89.49402151
26,1,,quantum,precond_pen=1.300,1.3,True,3,0.447391,87.63973142,87.63973142
26,1,,quantum,precond_pen=1.300,1.3,True,4,0.457567,87.21762914,87.21762914
26,1,,quantum,precond_pen=1.300,1.3,True,5,0.459311,87.21762914,87.21762914
26,1,,quantum,precond_pen=1.400,1.4,True,0,0.000136,102.49531235,102.49531235
26,1,,quantum,precond_pen=1.400,1.4,True,1,0.007328,101.251824,101.251824
26,1,,quantum,precond_pen=1.400,1.4,True,2,0.007766,87.63973142,87.63973142
26,1,,quantum,precond_pen=1.400,1.4,True,3,0.600692,87.50122478,87.50122478
26,1,,quantum,precond_pen=1.400,1.4,True,4,0.601078,87.21762914,87.21762914
26,1,,quantum,precond_pen=1.400,1.4,True,5,0.609271,87.21762914,87.21762914
26,1,,quantum,precond_pen=1.500,1.5,True,0,0.000143,102.49531235,102.49531235
26,1,,quantum,precond_pen=1.500,1.5,True,1,0.00766,99.85975797,99.85975797
26,1,,quantum,precond_pen=1.500,1.5,True,2,0.008069,87.21762914,87.21762914
26,1,,quantum,precond_pen=1.600,1.6,True,0,0.000137,102.49531235,102.49531235
26,1,,quantum,precond_pen=1.600,1.6,True,1,0.007216,99.27216756,99.27216756
26,1,,quantum,precond_pen=1.600,1.6,True,2,0.007539,87.63973142,87.63973142
26,1,,quantum,precond_pen=1.600,1.6,True,3,0.698416,87.21762914,87.21762914
26,1,,quantum,precond_pen=1.600,1.6,True,4,0.700971,87.21762914,87.21762914
26,1,,quantum,precond_pen=1.700,1.7,True,0,0.00013,102.49531235,102.49531235
26,1,,quantum,precond_pen=1.700,1.7,True,1,0.00693,97.07683655,97.07683655
26,1,,quantum,precond_pen=1.700,1.7,True,2,0.007352,89.49402151,89.49402151
26,1,,quantum,precond_pen=1.700,1.7,True,3,0.527326,87.50122478,87.50122478
26,1,,quantum,precond_pen=1.700,1.7,True,4,0.527748,87.21762914,87.21762914
26,1,,quantum,precond_pen=1.700,1.7,True,5,0.54241,87.21762914,87.21762914
26,1,,quantum,precond_pen=1.800,1.8,True,0,0.000131,102.49531235,102.49531235
26,1,,quantum,precond_pen=1.800,1.8,True,1,0.007338,97.07683655,97.07683655
26,1,,quantum,precond_pen=1.800,1.8,True,2,0.007752,89.49402151,89.49402151
26,1,,quantum,precond_pen=1.800,1.8,True,3,0.503307,89.085415,89.085415
26,1,,quantum,precond_pen=1.800,1.8,True,4,0.503644,87.21762914,87.21762914
26,1,,quantum,precond_pen=1.800,1.8,True,5,0.507724,87.21762914,87.21762914
26,1,,quantum,precond_pen=1.900,1.9,True,0,0.00013,102.49531235,102.49531235
26,1,,quantum,precond_pen=1.900,1.9,True,1,0.007924,99.90630846,99.90630846
26,1,,quantum,precond_pen=1.900,1.9,True,2,0.00828,87.21762914,87.21762914
26,1,,quantum,precond_pen=2.000,2.0,True,0,0.00013,102.49531235,102.49531235
26,1,,quantum,precond_pen=2.000,2.0,True,1,0.007244,98.63138116,98.63138116
26,1,,quantum,precond_pen=2.000,2.0,True,2,0.00756,87.63973142,87.63973142
26,1,,quantum,precond_pen=2.000,2.0,True,3,0.356732,87.21762914,87.21762914
27,1,,quantum,baseline,,True,0,0.000117,107.78376111,107.78376111
27,1,,quantum,baseline,,True,1,0.005491,100.61342916,100.61342916
27,1,,quantum,baseline,,True,2,0.00606,98.68179288,98.68179288
27,1,,quantum,baseline,,True,3,0.00645,88.76707026,88.76707026
27,1,,quantum,baseline,,True,4,0.052157,87.59195144,87.59195144
27,1,,quantum,precond_pen=1.100,1.1,True,0,0.000119,107.78376111,107.78376111
27,1,,quantum,precond_pen=1.100,1.1,True,1,0.006624,107.15212967,107.15212967
27,1,,quantum,precond_pen=1.100,1.1,True,2,0.006948,89.28984872,89.28984872
27,1,,quantum,precond_pen=1.100,1.1,True,3,0.020244,87.59195144,87.59195144
27,1,,quantum,precond_pen=1.200,1.2,True,0,0.00012,107.78376111,107.78376111
27,1,,quantum,precond_pen=1.200,1.2,True,1,0.006558,102.04240087,102.04240087
27,1,,quantum,precond_pen=1.200,1.2,True,2,0.006854,89.28984872,89.28984872
27,1,,quantum,precond_pen=1.200,1.2,True,3,0.017164,87.59195144,87.59195144
27,1,,quantum,precond_pen=1.300,1.3,True,0,0.000139,107.78376111,107.78376111
27,1,,quantum,precond_pen=1.300,1.3,True,1,0.00684,101.30344859,101.30344859
27,1,,quantum,precond_pen=1.300,1.3,True,2,0.007189,89.28984872,89.28984872
27,1,,quantum,precond_pen=1.300,1.3,True,3,0.023652,87.59195144,87.59195144
27,1,,quantum,precond_pen=1.400,1.4,True,0,0.000115,107.78376111,107.78376111
27,1,,quantum,precond_pen=1.400,1.4,True,1,0.006667,102.04240087,102.04240087
27,1,,quantum,precond_pen=1.400,1.4,True,2,0.007019,89.28984872,89.28984872
27,1,,quantum,precond_pen=1.400,1.4,True,3,0.019132,87.59195144,87.59195144
27,1,,quantum,precond_pen=1.500,1.5,True,0,0.000122,107.78376111,107.78376111
27,1,,quantum,precond_pen=1.500,1.5,True,1,0.006832,107.15212967,107.15212967
27,1,,quantum,precond_pen=1.500,1.5,True,2,0.007184,89.28984872,89.28984872
27,1,,quantum,precond_pen=1.500,1.5,True,3,0.019091,87.59195144,87.59195144
27,1,,quantum,precond_pen=1.600,1.6,True,0,0.00013,107.78376111,107.78376111
27,1,,quantum,precond_pen=1.600,1.6,True,1,0.006778,102.04240087,102.04240087
27,1,,quantum,precond_pen=1.600,1.6,True,2,0.00713,89.28984872,89.28984872
27,1,,quantum,precond_pen=1.600,1.6,True,3,0.01909,87.59195144,87.59195144
27,1,,quantum,precond_pen=1.700,1.7,True,0,0.000117,107.78376111,107.78376111
27,1,,quantum,precond_pen=1.700,1.7,True,1,0.007048,101.61270396,101.61270396
27,1,,quantum,precond_pen=1.700,1.7,True,2,0.007349,89.28984872,89.28984872
27,1,,quantum,precond_pen=1.700,1.7,True,3,0.018218,87.59195144,87.59195144
27,1,,quantum,precond_pen=1.800,1.8,True,0,0.000114,107.78376111,107.78376111
27,1,,quantum,precond_pen=1.800,1.8,True,1,0.006591,101.61270396,101.61270396
27,1,,quantum,precond_pen=1.800,1.8,True,2,0.006897,89.28984872,89.28984872
27,1,,quantum,precond_pen=1.800,1.8,True,3,0.017455,87.59195144,87.59195144
27,1,,quantum,precond_pen=1.900,1.9,True,0,0.000114,107.78376111,107.78376111
27,1,,quantum,precond_pen=1.900,1.9,True,1,0.006786,102.17076593,102.17076593
27,1,,quantum,precond_pen=1.900,1.9,True,2,0.007146,89.28984872,89.28984872
27,1,,quantum,precond_pen=1.900,1.9,True,3,0.021362,88.76707026,88.76707026
27,1,,quantum,precond_pen=1.900,1.9,True,4,0.424954,87.59195144,87.59195144
27,1,,quantum,precond_pen=1.900,1.9,True,5,0.430089,87.59195144,87.59195144
27,1,,quantum,precond_pen=2.000,2.0,True,0,0.000113,107.78376111,107.78376111
27,1,,quantum,precond_pen=2.000,2.0,True,1,0.006318,102.17076593,102.17076593
27,1,,quantum,precond_pen=2.000,2.0,True,2,0.006611,89.28984872,89.28984872
27,1,,quantum,precond_pen=2.000,2.0,True,3,0.021502,88.76707026,88.76707026
27,1,,quantum,precond_pen=2.000,2.0,True,4,0.51839,87.59195144,87.59195144
27,1,,quantum,precond_pen=2.000,2.0,True,5,0.519566,87.59195144,87.59195144
28,1,,quantum,baseline,,True,0,0.000126,112.05868104,112.05868104
28,1,,quantum,baseline,,True,1,0.00635,111.87905873,111.87905873
28,1,,quantum,baseline,,True,2,0.006761,93.11912959,93.11912959
28,1,,quantum,precond_pen=1.100,1.1,True,0,0.000115,112.05868104,112.05868104
28,1,,quantum,precond_pen=1.100,1.1,True,1,0.006478,109.75207195,109.75207195
28,1,,quantum,precond_pen=1.100,1.1,True,2,0.006878,93.11912959,93.11912959
28,1,,quantum,precond_pen=1.200,1.2,True,0,0.00012,112.05868104,112.05868104
28,1,,quantum,precond_pen=1.200,1.2,True,1,0.006582,106.39049317,106.39049317
28,1,,quantum,precond_pen=1.200,1.2,True,2,0.006938,93.11912959,93.11912959
28,1,,quantum,precond_pen=1.300,1.3,True,0,0.000117,112.05868104,112.05868104
28,1,,quantum,precond_pen=1.300,1.3,True,1,0.006233,112.09744167,112.05868104
28,1,,quantum,precond_pen=1.300,1.3,True,2,0.006647,106.76972349,106.76972349
28,1,,quantum,precond_pen=1.300,1.3,True,3,0.006998,100.52659588,100.52659588
28,1,,quantum,precond_pen=1.300,1.3,True,4,0.007255,94.06327874,94.06327874
28,1,,quantum,precond_pen=1.300,1.3,True,5,0.668138,93.11912959,93.11912959
28,1,,quantum,precond_pen=1.300,1.3,True,6,0.669751,93.11912959,93.11912959
28,1,,quantum,precond_pen=1.400,1.4,True,0,0.000126,112.05868104,112.05868104
28,1,,quantum,precond_pen=1.400,1.4,True,1,0.007002,109.75207195,109.75207195
28,1,,quantum,precond_pen=1.400,1.4,True,2,0.007396,93.11912959,93.11912959
28,1,,quantum,precond_pen=1.500,1.5,True,0,0.00012,112.05868104,112.05868104
28,1,,quantum,precond_pen=1.500,1.5,True,1,0.006768,109.75207195,109.75207195
28,1,,quantum,precond_pen=1.500,1.5,True,2,0.007182,93.11912959,93.11912959
28,1,,quantum,precond_pen=1.600,1.6,True,0,0.000118,112.05868104,112.05868104
28,1,,quantum,precond_pen=1.600,1.6,True,1,0.006881,104.37018414,104.37018414
28,1,,quantum,precond_pen=1.600,1.6,True,2,0.007189,94.06327874,94.06327874
28,1,,quantum,precond_pen=1.600,1.6,True,3,0.452811,93.11912959,93.11912959
28,1,,quantum,precond_pen=1.600,1.6,True,4,0.453506,93.11912959,93.11912959
28,1,,quantum,precond_pen=1.700,1.7,True,0,0.000114,112.05868104,112.05868104
28,1,,quantum,precond_pen=1.700,1.7,True,1,0.006472,106.63763671,106.63763671
28,1,,quantum,precond_pen=1.700,1.7,True,2,0.006805,93.11912959,93.11912959
28,1,,quantum,precond_pen=1.800,1.8,True,0,0.000134,112.05868104,112.05868104
28,1,,quantum,precond_pen=1.800,1.8,True,1,0.006664,106.63763671,106.63763671
28,1,,quantum,precond_pen=1.800,1.8,True,2,0.007029,93.11912959,93.11912959
28,1,,quantum,precond_pen=1.900,1.9,True,0,0.000116,112.05868104,112.05868104
28,1,,quantum,precond_pen=1.900,1.9,True,1,0.00666,109.75207195,109.75207195
28,1,,quantum,precond_pen=1.900,1.9,True,2,0.007056,93.11912959,93.11912959
28,1,,quantum,precond_pen=2.000,2.0,True,0,0.000118,112.05868104,112.05868104
28,1,,quantum,precond_pen=2.000,2.0,True,1,0.007052,104.37018414,104.37018414
28,1,,quantum,precond_pen=2.000,2.0,True,2,0.007365,94.06327874,94.06327874
28,1,,quantum,precond_pen=2.000,2.0,True,3,0.613313,93.11912959,93.11912959
28,1,,quantum,precond_pen=2.000,2.0,True,4,0.616867,93.11912959,93.11912959
29,1,,quantum,baseline,,True,0,0.000123,96.89743791,96.89743791
29,1,,quantum,baseline,,True,1,0.005844,95.47627379,95.47627379
29,1,,quantum,baseline,,True,2,0.00618,94.84188135,94.84188135
29,1,,quantum,baseline,,True,3,0.006583,94.12698386,94.12698386
29,1,,quantum,baseline,,True,4,0.00681,82.22633297,82.22633297
29,1,,quantum,precond_pen=1.100,1.1,True,0,0.000111,96.89743791,96.89743791
29,1,,quantum,precond_pen=1.100,1.1,True,1,0.006669,94.70162953,94.70162953
29,1,,quantum,precond_pen=1.100,1.1,True,2,0.006962,84.96978639,84.96978639
29,1,,quantum,precond_pen=1.100,1.1,True,3,0.021067,82.22633297,82.22633297
29,1,,quantum,precond_pen=1.200,1.2,True,0,0.000115,96.89743791,96.89743791
29,1,,quantum,precond_pen=1.200,1.2,True,1,0.006798,93.72200141,93.72200141
29,1,,quantum,precond_pen=1.200,1.2,True,2,0.007078,82.22633297,82.22633297
29,1,,quantum,precond_pen=1.300,1.3,True,0,0.000116,96.89743791,96.89743791
29,1,,quantum,precond_pen=1.300,1.3,True,1,0.007046,96.38063455,96.38063455
29,1,,quantum,precond_pen=1.300,1.3,True,2,0.007376,82.22633297,82.22633297
29,1,,quantum,precond_pen=1.400,1.4,True,0,0.000126,96.89743791,96.89743791
29,1,,quantum,precond_pen=1.400,1.4,True,1,0.007004,93.27193902,93.27193902
29,1,,quantum,precond_pen=1.400,1.4,True,2,0.007416,82.87474386,82.87474386
29,1,,quantum,precond_pen=1.400,1.4,True,3,0.021521,82.22633297,82.22633297
29,1,,quantum,precond_pen=1.500,1.5,True,0,0.00012,96.89743791,96.89743791
29,1,,quantum,precond_pen=1.500,1.5,True,1,0.006963,93.45668557,93.45668557
29,1,,quantum,precond_pen=1.500,1.5,True,2,0.007316,82.22633297,82.22633297
29,1,,quantum,precond_pen=1.600,1.6,True,0,0.000115,96.89743791,96.89743791
29,1,,quantum,precond_pen=1.600,1.6,True,1,0.006904,92.77687586,92.77687586
29,1,,quantum,precond_pen=1.600,1.6,True,2,0.007287,82.22633297,82.22633297
29,1,,quantum,precond_pen=1.700,1.7,True,0,0.000115,96.89743791,96.89743791
29,1,,quantum,precond_pen=1.700,1.7,True,1,0.006851,93.45668557,93.45668557
29,1,,quantum,precond_pen=1.700,1.7,True,2,0.00721,82.22633297,82.22633297
29,1,,quantum,precond_pen=1.800,1.8,True,0,0.000117,96.89743791,96.89743791
29,1,,quantum,precond_pen=1.800,1.8,True,1,0.006954,94.73821069,94.73821069
29,1,,quantum,precond_pen=1.800,1.8,True,2,0.007302,82.22633297,82.22633297
29,1,,quantum,precond_pen=1.900,1.9,True,0,0.000129,96.89743791,96.89743791
29,1,,quantum,precond_pen=1.900,1.9,True,1,0.00702,94.73821069,94.73821069
29,1,,quantum,precond_pen=1.900,1.9,True,2,0.007322,82.22633297,82.22633297
29,1,,quantum,precond_pen=2.000,2.0,True,0,0.00017,96.89743791,96.89743791
29,1,,quantum,precond_pen=2.000,2.0,True,1,0.006874,94.73821069,94.73821069
29,1,,quantum,precond_pen=2.000,2.0,True,2,0.007175,82.22633297,82.22633297
30,1,,quantum,baseline,,True,0,0.000111,104.74225618,104.74225618
30,1,,quantum,baseline,,True,1,0.005275,100.76655151,100.76655151
30,1,,quantum,baseline,,True,2,0.005988,98.81446004,98.81446004
30,1,,quantum,baseline,,True,3,0.006435,87.03918624,87.03918624
30,1,,quantum,baseline,,True,4,0.04981,84.71931037,84.71931037
30,1,,quantum,precond_pen=1.100,1.1,True,0,0.000109,104.74225618,104.74225618
30,1,,quantum,precond_pen=1.100,1.1,True,1,0.006274,101.05910988,101.05910988
30,1,,quantum,precond_pen=1.100,1.1,True,2,0.006565,84.71931037,84.71931037
30,1,,quantum,precond_pen=1.200,1.2,True,0,0.000118,104.74225618,104.74225618
30,1,,quantum,precond_pen=1.200,1.2,True,1,0.007067,103.09746502,103.09746502
30,1,,quantum,precond_pen=1.200,1.2,True,2,0.007426,84.71931037,84.71931037
30,1,,quantum,precond_pen=1.300,1.3,True,0,0.000121,104.74225618,104.74225618
30,1,,quantum,precond_pen=1.300,1.3,True,1,0.006978,101.07480791,101.07480791
30,1,,quantum,precond_pen=1.300,1.3,True,2,0.007324,84.71931037,84.71931037
30,1,,quantum,precond_pen=1.400,1.4,True,0,0.000116,104.74225618,104.74225618
30,1,,quantum,precond_pen=1.400,1.4,True,1,0.006923,102.35476306,102.35476306
30,1,,quantum,precond_pen=1.400,1.4,True,2,0.007403,87.06438165,87.06438165
30,1,,quantum,precond_pen=1.400,1.4,True,3,0.020916,84.71931037,84.71931037
30,1,,quantum,precond_pen=1.500,1.5,True,0,0.000118,104.74225618,104.74225618
30,1,,quantum,precond_pen=1.500,1.5,True,1,0.006864,97.46937936,97.46937936
30,1,,quantum,precond_pen=1.500,1.5,True,2,0.007274,87.06438165,87.06438165
30,1,,quantum,precond_pen=1.500,1.5,True,3,0.028518,84.71931037,84.71931037
30,1,,quantum,precond_pen=1.600,1.6,True,0,0.000117,104.74225618,104.74225618
30,1,,quantum,precond_pen=1.600,1.6,True,1,0.00683,102.35476306,102.35476306
30,1,,quantum,precond_pen=1.600,1.6,True,2,0.007246,87.06438165,87.06438165
30,1,,quantum,precond_pen=1.600,1.6,True,3,0.018193,86.22403975,86.22403975
30,1,,quantum,precond_pen=1.600,1.6,True,4,0.023457,84.71931037,84.71931037
30,1,,quantum,precond_pen=1.700,1.7,True,0,0.000117,104.74225618,104.74225618
30,1,,quantum,precond_pen=1.700,1.7,True,1,0.006972,102.35476306,102.35476306
30,1,,quantum,precond_pen=1.700,1.7,True,2,0.007435,87.06438165,87.06438165
30,1,,quantum,precond_pen=1.700,1.7,True,3,0.02096,84.71931037,84.71931037
30,1,,quantum,precond_pen=1.800,1.8,True,0,0.000127,104.74225618,104.74225618
30,1,,quantum,precond_pen=1.800,1.8,True,1,0.006843,102.35476306,102.35476306
30,1,,quantum,precond_pen=1.800,1.8,True,2,0.007266,87.06438165,87.06438165
30,1,,quantum,precond_pen=1.800,1.8,True,3,0.019861,84.71931037,84.71931037
30,1,,quantum,precond_pen=1.900,1.9,True,0,0.000133,104.74225618,104.74225618
30,1,,quantum,precond_pen=1.900,1.9,True,1,0.006607,102.35476306,102.35476306
30,1,,quantum,precond_pen=1.900,1.9,True,2,0.00701,87.06438165,87.06438165
30,1,,quantum,precond_pen=1.900,1.9,True,3,0.019713,84.71931037,84.71931037
30,1,,quantum,precond_pen=2.000,2.0,True,0,0.00012,104.74225618,104.74225618
30,1,,quantum,precond_pen=2.000,2.0,True,1,0.006847,102.35476306,102.35476306
30,1,,quantum,precond_pen=2.000,2.0,True,2,0.007316,87.06438165,87.06438165
30,1,,quantum,precond_pen=2.000,2.0,True,3,0.020097,84.71931037,84.71931037
31,1,,quantum,baseline,,True,0,0.000128,99.48180469,99.48180469
31,1,,quantum,baseline,,True,1,0.005366,97.2263147,97.2263147
31,1,,quantum,baseline,,True,2,0.005695,97.08089392,97.08089392
31,1,,quantum,baseline,,True,3,0.006113,91.09599186,91.09599186
31,1,,quantum,baseline,,True,4,0.051811,87.90704882,87.90704882
31,1,,quantum,precond_pen=1.100,1.1,True,0,0.000112,99.48180469,99.48180469
31,1,,quantum,precond_pen=1.100,1.1,True,1,0.006202,99.20700486,99.20700486
31,1,,quantum,precond_pen=1.100,1.1,True,2,0.006456,93.04408369,93.04408369
31,1,,quantum,precond_pen=1.100,1.1,True,3,0.017919,87.90704882,87.90704882
31,1,,quantum,precond_pen=1.200,1.2,True,0,0.000118,99.48180469,99.48180469
31,1,,quantum,precond_pen=1.200,1.2,True,1,0.006882,96.29770441,96.29770441
31,1,,quantum,precond_pen=1.200,1.2,True,2,0.007176,91.09599186,91.09599186
31,1,,quantum,precond_pen=1.200,1.2,True,3,0.019982,87.90704882,87.90704882
31,1,,quantum,precond_pen=1.300,1.3,True,0,0.000117,99.48180469,99.48180469
31,1,,quantum,precond_pen=1.300,1.3,True,1,0.006692,97.17396182,97.17396182
31,1,,quantum,precond_pen=1.300,1.3,True,2,0.007114,87.90704882,87.90704882
31,1,,quantum,precond_pen=1.400,1.4,True,0,0.00012,99.48180469,99.48180469
31,1,,quantum,precond_pen=1.400,1.4,True,1,0.006632,99.20068642,99.20068642
31,1,,quantum,precond_pen=1.400,1.4,True,2,0.00695,87.90704882,87.90704882
31,1,,quantum,precond_pen=1.500,1.5,True,0,0.000123,99.48180469,99.48180469
31,1,,quantum,precond_pen=1.500,1.5,True,1,0.006723,99.20068642,99.20068642
31,1,,quantum,precond_pen=1.500,1.5,True,2,0.007101,87.90704882,87.90704882
31,1,,quantum,precond_pen=1.600,1.6,True,0,0.000118,99.48180469,99.48180469
31,1,,quantum,precond_pen=1.600,1.6,True,1,0.006562,99.00446886,99.00446886
31,1,,quantum,precond_pen=1.600,1.6,True,2,0.006881,91.09599186,91.09599186
31,1,,quantum,precond_pen=1.600,1.6,True,3,0.021546,87.90704882,87.90704882
31,1,,quantum,precond_pen=1.700,1.7,True,0,0.000115,99.48180469,99.48180469
31,1,,quantum,precond_pen=1.700,1.7,True,1,0.006432,99.20068642,99.20068642
31,1,,quantum,precond_pen=1.700,1.7,True,2,0.006752,87.90704882,87.90704882
31,1,,quantum,precond_pen=1.800,1.8,True,0,0.000118,99.48180469,99.48180469
31,1,,quantum,precond_pen=1.800,1.8,True,1,0.007255,99.20068642,99.20068642
31,1,,quantum,precond_pen=1.800,1.8,True,2,0.007562,87.90704882,87.90704882
31,1,,quantum,precond_pen=1.900,1.9,True,0,0.000117,99.48180469,99.48180469
31,1,,quantum,precond_pen=1.900,1.9,True,1,0.006966,87.90704882,87.90704882
31,1,,quantum,precond_pen=2.000,2.0,True,0,0.000114,99.48180469,99.48180469
31,1,,quantum,precond_pen=2.000,2.0,True,1,0.006948,99.20068642,99.20068642
31,1,,quantum,precond_pen=2.000,2.0,True,2,0.007308,87.90704882,87.90704882
32,1,,quantum,baseline,,True,0,0.000121,95.23757289,95.23757289
32,1,,quantum,baseline,,True,1,0.005698,93.26727687,93.26727687
32,1,,quantum,baseline,,True,2,0.006126,92.23668488,92.23668488
32,1,,quantum,baseline,,True,3,0.006529,79.07743901,79.07743901
32,1,,quantum,baseline,,True,4,0.161217,78.56180449,78.56180449
32,1,,quantum,precond_pen=1.100,1.1,True,0,0.000109,95.23757289,95.23757289
32,1,,quantum,precond_pen=1.100,1.1,True,1,0.006309,91.93871068,91.93871068
32,1,,quantum,precond_pen=1.100,1.1,True,2,0.00666,79.07743901,79.07743901
32,1,,quantum,precond_pen=1.100,1.1,True,3,0.489833,78.56180449,78.56180449
32,1,,quantum,precond_pen=1.100,1.1,True,4,0.491485,78.56180449,78.56180449
32,1,,quantum,precond_pen=1.200,1.2,True,0,0.000115,95.23757289,95.23757289
32,1,,quantum,precond_pen=1.200,1.2,True,1,0.006561,92.16067024,92.16067024
32,1,,quantum,precond_pen=1.200,1.2,True,2,0.006872,79.07743901,79.07743901
32,1,,quantum,precond_pen=1.200,1.2,True,3,0.366582,78.56180449,78.56180449
32,1,,quantum,precond_pen=1.300,1.3,True,0,0.000116,95.23757289,95.23757289
32,1,,quantum,precond_pen=1.300,1.3,True,1,0.00663,91.92019091,91.92019091
32,1,,quantum,precond_pen=1.300,1.3,True,2,0.007015,79.07743901,79.07743901
32,1,,quantum,precond_pen=1.300,1.3,True,3,0.539319,78.56180449,78.56180449
32,1,,quantum,precond_pen=1.300,1.3,True,4,0.543252,78.56180449,78.56180449
32,1,,quantum,precond_pen=1.400,1.4,True,0,0.000122,95.23757289,95.23757289
32,1,,quantum,precond_pen=1.400,1.4,True,1,0.006673,94.20561238,94.20561238
32,1,,quantum,precond_pen=1.400,1.4,True,2,0.006969,79.41536261,79.41536261
32,1,,quantum,precond_pen=1.400,1.4,True,3,0.651286,78.56180449,78.56180449
32,1,,quantum,precond_pen=1.400,1.4,True,4,0.656797,78.56180449,78.56180449
32,1,,quantum,precond_pen=1.500,1.5,True,0,0.000117,95.23757289,95.23757289
32,1,,quantum,precond_pen=1.500,1.5,True,1,0.007155,94.20561238,94.20561238
32,1,,quantum,precond_pen=1.500,1.5,True,2,0.007458,79.41536261,79.41536261
32,1,,quantum,precond_pen=1.500,1.5,True,3,0.516511,78.56180449,78.56180449
32,1,,quantum,precond_pen=1.500,1.5,True,4,0.523694,78.56180449,78.56180449
32,1,,quantum,precond_pen=1.600,1.6,True,0,0.000126,95.23757289,95.23757289
32,1,,quantum,precond_pen=1.600,1.6,True,1,0.006924,90.17011413,90.17011413
32,1,,quantum,precond_pen=1.600,1.6,True,2,0.007296,79.07743901,79.07743901
32,1,,quantum,precond_pen=1.600,1.6,True,3,0.575192,78.56180449,78.56180449
32,1,,quantum,precond_pen=1.600,1.6,True,4,0.591951,78.56180449,78.56180449
32,1,,quantum,precond_pen=1.700,1.7,True,0,0.000118,95.23757289,95.23757289
32,1,,quantum,precond_pen=1.700,1.7,True,1,0.006831,94.36464975,94.36464975
32,1,,quantum,precond_pen=1.700,1.7,True,2,0.007133,78.56180449,78.56180449
32,1,,quantum,precond_pen=1.800,1.8,True,0,0.000115,95.23757289,95.23757289
32,1,,quantum,precond_pen=1.800,1.8,True,1,0.006016,94.84568829,94.84568829
32,1,,quantum,precond_pen=1.800,1.8,True,2,0.006436,78.56180449,78.56180449
32,1,,quantum,precond_pen=1.900,1.9,True,0,0.000113,95.23757289,95.23757289
32,1,,quantum,precond_pen=1.900,1.9,True,1,0.0074,94.36464975,94.36464975
32,1,,quantum,precond_pen=1.900,1.9,True,2,0.007811,78.56180449,78.56180449
32,1,,quantum,precond_pen=2.000,2.0,True,0,0.000126,95.23757289,95.23757289
32,1,,quantum,precond_pen=2.000,2.0,True,1,0.006916,94.80770116,94.80770116
32,1,,quantum,precond_pen=2.000,2.0,True,2,0.007299,79.07743901,79.07743901
32,1,,quantum,precond_pen=2.000,2.0,True,3,0.56131,78.56180449,78.56180449
32,1,,quantum,precond_pen=2.000,2.0,True,4,0.564582,78.56180449,78.56180449
33,1,,quantum,baseline,,True,0,0.00013,100.54670181,100.54670181
33,1,,quantum,baseline,,True,1,0.005248,97.61198768,97.61198768
33,1,,quantum,baseline,,True,2,0.005926,96.58713728,96.58713728
33,1,,quantum,baseline,,True,3,0.006425,83.67726136,83.67726136
33,1,,quantum,precond_pen=1.100,1.1,True,0,0.00012,100.54670181,100.54670181
33,1,,quantum,precond_pen=1.100,1.1,True,1,0.006216,98.52952884,98.52952884
33,1,,quantum,precond_pen=1.100,1.1,True,2,0.006531,87.0921894,87.0921894
33,1,,quantum,precond_pen=1.100,1.1,True,3,0.018498,83.67726136,83.67726136
33,1,,quantum,precond_pen=1.200,1.2,True,0,0.000122,100.54670181,100.54670181
33,1,,quantum,precond_pen=1.200,1.2,True,1,0.006904,95.6983604,95.6983604
33,1,,quantum,precond_pen=1.200,1.2,True,2,0.007368,83.67726136,83.67726136
33,1,,quantum,precond_pen=1.300,1.3,True,0,0.000127,100.54670181,100.54670181
33,1,,quantum,precond_pen=1.300,1.3,True,1,0.006888,96.26468321,96.26468321
33,1,,quantum,precond_pen=1.300,1.3,True,2,0.007237,83.67726136,83.67726136
33,1,,quantum,precond_pen=1.400,1.4,True,0,0.000119,100.54670181,100.54670181
33,1,,quantum,precond_pen=1.400,1.4,True,1,0.006869,96.34641931,96.34641931
33,1,,quantum,precond_pen=1.400,1.4,True,2,0.007322,83.67726136,83.67726136
33,1,,quantum,precond_pen=1.500,1.5,True,0,0.000124,100.54670181,100.54670181
33,1,,quantum,precond_pen=1.500,1.5,True,1,0.006569,97.74325964,97.74325964
33,1,,quantum,precond_pen=1.500,1.5,True,2,0.006866,83.67726136,83.67726136
33,1,,quantum,precond_pen=1.600,1.6,True,0,0.000114,100.54670181,100.54670181
33,1,,quantum,precond_pen=1.600,1.6,True,1,0.006934,97.74325964,97.74325964
33,1,,quantum,precond_pen=1.600,1.6,True,2,0.007309,83.67726136,83.67726136
33,1,,quantum,precond_pen=1.700,1.7,True,0,0.000118,100.54670181,100.54670181
33,1,,quantum,precond_pen=1.700,1.7,True,1,0.006793,97.74325964,97.74325964
33,1,,quantum,precond_pen=1.700,1.7,True,2,0.00714,83.67726136,83.67726136
33,1,,quantum,precond_pen=1.800,1.8,True,0,0.000116,100.54670181,100.54670181
33,1,,quantum,precond_pen=1.800,1.8,True,1,0.006938,98.71890395,98.71890395
33,1,,quantum,precond_pen=1.800,1.8,True,2,0.007294,83.67726136,83.67726136
33,1,,quantum,precond_pen=1.900,1.9,True,0,0.000184,100.54670181,100.54670181
33,1,,quantum,precond_pen=1.900,1.9,True,1,0.010761,98.71890395,98.71890395
33,1,,quantum,precond_pen=1.900,1.9,True,2,0.011345,83.67726136,83.67726136
33,1,,quantum,precond_pen=2.000,2.0,True,0,0.000117,100.54670181,100.54670181
33,1,,quantum,precond_pen=2.000,2.0,True,1,0.006576,95.6983604,95.6983604
33,1,,quantum,precond_pen=2.000,2.0,True,2,0.007027,83.67726136,83.67726136
34,1,,quantum,baseline,,True,0,0.000603,98.7367735,98.7367735
34,1,,quantum,baseline,,True,1,0.013887,82.39623808,82.39623808
34,1,,quantum,precond_pen=1.100,1.1,True,0,0.000192,98.7367735,98.7367735
34,1,,quantum,precond_pen=1.100,1.1,True,1,0.008776,93.15548549,93.15548549
34,1,,quantum,precond_pen=1.100,1.1,True,2,0.009188,82.39623808,82.39623808
34,1,,quantum,precond_pen=1.200,1.2,True,0,0.000143,98.7367735,98.7367735
34,1,,quantum,precond_pen=1.200,1.2,True,1,0.007185,82.39623808,82.39623808
34,1,,quantum,precond_pen=1.300,1.3,True,0,0.000156,98.7367735,98.7367735
34,1,,quantum,precond_pen=1.300,1.3,True,1,0.007413,82.39623808,82.39623808
34,1,,quantum,precond_pen=1.400,1.4,True,0,0.000137,98.7367735,98.7367735
34,1,,quantum,precond_pen=1.400,1.4,True,1,0.00713,91.65735148,91.65735148
34,1,,quantum,precond_pen=1.400,1.4,True,2,0.007494,82.39623808,82.39623808
34,1,,quantum,precond_pen=1.500,1.5,True,0,0.000135,98.7367735,98.7367735
34,1,,quantum,precond_pen=1.500,1.5,True,1,0.006729,94.27268186,94.27268186
34,1,,quantum,precond_pen=1.500,1.5,True,2,0.007113,82.39623808,82.39623808
34,1,,quantum,precond_pen=1.600,1.6,True,0,0.00012,98.7367735,98.7367735
34,1,,quantum,precond_pen=1.600,1.6,True,1,0.005252,96.7756812,96.7756812
34,1,,quantum,precond_pen=1.600,1.6,True,2,0.005515,82.39623808,82.39623808
34,1,,quantum,precond_pen=1.700,1.7,True,0,0.000125,98.7367735,98.7367735
34,1,,quantum,precond_pen=1.700,1.7,True,1,0.005222,98.47349704,98.47349704
34,1,,quantum,precond_pen=1.700,1.7,True,2,0.005488,82.39623808,82.39623808
34,1,,quantum,precond_pen=1.800,1.8,True,0,0.000112,98.7367735,98.7367735
34,1,,quantum,precond_pen=1.800,1.8,True,1,0.005135,98.47349704,98.47349704
34,1,,quantum,precond_pen=1.800,1.8,True,2,0.005406,82.39623808,82.39623808
34,1,,quantum,precond_pen=1.900,1.9,True,0,0.000114,98.7367735,98.7367735
34,1,,quantum,precond_pen=1.900,1.9,True,1,0.005313,98.20797036,98.20797036
34,1,,quantum,precond_pen=1.900,1.9,True,2,0.005547,82.39623808,82.39623808
34,1,,quantum,precond_pen=2.000,2.0,True,0,0.000163,98.7367735,98.7367735
34,1,,quantum,precond_pen=2.000,2.0,True,1,0.009116,98.20797036,98.20797036
34,1,,quantum,precond_pen=2.000,2.0,True,2,0.009606,82.39623808,82.39623808
35,1,,quantum,baseline,,True,0,0.000137,95.2992115,95.2992115
35,1,,quantum,baseline,,True,1,0.006378,95.23054743,95.23054743
35,1,,quantum,baseline,,True,2,0.006685,79.00556705,79.00556705
35,1,,quantum,precond_pen=1.100,1.1,True,0,0.000116,95.2992115,95.2992115
35,1,,quantum,precond_pen=1.100,1.1,True,1,0.007481,94.04972461,94.04972461
35,1,,quantum,precond_pen=1.100,1.1,True,2,0.007893,81.50298679,81.50298679
35,1,,quantum,precond_pen=1.100,1.1,True,3,0.020271,79.00556705,79.00556705
35,1,,quantum,precond_pen=1.200,1.2,True,0,0.000116,95.2992115,95.2992115
35,1,,quantum,precond_pen=1.200,1.2,True,1,0.006171,88.31309559,88.31309559
35,1,,quantum,precond_pen=1.200,1.2,True,2,0.006442,79.00556705,79.00556705
35,1,,quantum,precond_pen=1.300,1.3,True,0,0.000145,95.2992115,95.2992115
35,1,,quantum,precond_pen=1.300,1.3,True,1,0.007339,91.90597244,91.90597244
35,1,,quantum,precond_pen=1.300,1.3,True,2,0.007686,81.50298679,81.50298679
35,1,,quantum,precond_pen=1.300,1.3,True,3,0.022062,79.00556705,79.00556705
35,1,,quantum,precond_pen=1.400,1.4,True,0,0.000146,95.2992115,95.2992115
35,1,,quantum,precond_pen=1.400,1.4,True,1,0.007494,79.00556705,79.00556705
35,1,,quantum,precond_pen=1.500,1.5,True,0,0.000167,95.2992115,95.2992115
35,1,,quantum,precond_pen=1.500,1.5,True,1,0.010994,88.31309559,88.31309559
35,1,,quantum,precond_pen=1.500,1.5,True,2,0.011432,79.00556705,79.00556705
35,1,,quantum,precond_pen=1.600,1.6,True,0,0.00046,95.2992115,95.2992115
35,1,,quantum,precond_pen=1.600,1.6,True,1,0.018719,93.3720787,93.3720787
35,1,,quantum,precond_pen=1.600,1.6,True,2,0.019984,81.50298679,81.50298679
35,1,,quantum,precond_pen=1.600,1.6,True,3,0.064999,79.00556705,79.00556705
35,1,,quantum,precond_pen=1.700,1.7,True,0,0.000133,95.2992115,95.2992115
35,1,,quantum,precond_pen=1.700,1.7,True,1,0.006244,94.24599906,94.24599906
35,1,,quantum,precond_pen=1.700,1.7,True,2,0.006761,81.50298679,81.50298679
35,1,,quantum,precond_pen=1.700,1.7,True,3,0.018827,80.74822822,80.74822822
35,1,,quantum,precond_pen=1.700,1.7,True,4,0.490967,79.00556705,79.00556705
35,1,,quantum,precond_pen=1.700,1.7,True,5,0.494292,79.00556705,79.00556705
35,1,,quantum,precond_pen=1.800,1.8,True,0,0.00025,95.2992115,95.2992115
35,1,,quantum,precond_pen=1.800,1.8,True,1,0.010047,91.90597244,91.90597244
35,1,,quantum,precond_pen=1.800,1.8,True,2,0.010425,81.50298679,81.50298679
35,1,,quantum,precond_pen=1.800,1.8,True,3,0.022738,80.74822822,80.74822822
35,1,,quantum,precond_pen=1.800,1.8,True,4,0.523656,79.39579401,79.39579401
35,1,,quantum,precond_pen=1.800,1.8,True,5,0.524271,79.00556705,79.00556705
35,1,,quantum,precond_pen=1.800,1.8,True,6,0.526099,79.00556705,79.00556705
35,1,,quantum,precond_pen=1.900,1.9,True,0,0.000165,95.2992115,95.2992115
35,1,,quantum,precond_pen=1.900,1.9,True,1,0.010663,88.31309559,88.31309559
35,1,,quantum,precond_pen=1.900,1.9,True,2,0.011082,79.00556705,79.00556705
35,1,,quantum,precond_pen=2.000,2.0,True,0,0.000201,95.2992115,95.2992115
35,1,,quantum,precond_pen=2.000,2.0,True,1,0.010636,94.04972461,94.04972461
35,1,,quantum,precond_pen=2.000,2.0,True,2,0.011189,81.50298679,81.50298679
35,1,,quantum,precond_pen=2.000,2.0,True,3,0.056306,79.00556705,79.00556705
36,1,,quantum,baseline,,True,0,0.000997,97.21051435,97.21051435
36,1,,quantum,baseline,,True,1,0.008458,92.06888915,92.06888915
36,1,,quantum,baseline,,True,2,0.008926,90.54775029,90.54775029
36,1,,quantum,baseline,,True,3,0.00929,80.85941209,80.85941209
36,1,,quantum,baseline,,True,4,0.049189,80.13639809,80.13639809
36,1,,quantum,precond_pen=1.100,1.1,True,0,0.000169,97.21051435,97.21051435
36,1,,quantum,precond_pen=1.100,1.1,True,1,0.010169,83.4470057,83.4470057
36,1,,quantum,precond_pen=1.100,1.1,True,2,0.010666,80.58779223,80.58779223
36,1,,quantum,precond_pen=1.100,1.1,True,3,0.053841,80.13639809,80.13639809
36,1,,quantum,precond_pen=1.200,1.2,True,0,0.000343,97.21051435,97.21051435
36,1,,quantum,precond_pen=1.200,1.2,True,1,0.02303,84.38520598,84.38520598
36,1,,quantum,precond_pen=1.200,1.2,True,2,0.023877,80.58779223,80.58779223
36,1,,quantum,precond_pen=1.200,1.2,True,3,0.059285,80.13639809,80.13639809
36,1,,quantum,precond_pen=1.300,1.3,True,0,0.000189,97.21051435,97.21051435
36,1,,quantum,precond_pen=1.300,1.3,True,1,0.009037,83.4470057,83.4470057
36,1,,quantum,precond_pen=1.300,1.3,True,2,0.009385,80.58779223,80.58779223
36,1,,quantum,precond_pen=1.300,1.3,True,3,0.026204,80.13639809,80.13639809
36,1,,quantum,precond_pen=1.400,1.4,True,0,0.00015,97.21051435,97.21051435
36,1,,quantum,precond_pen=1.400,1.4,True,1,0.006977,83.4470057,83.4470057
36,1,,quantum,precond_pen=1.400,1.4,True,2,0.00728,80.58779223,80.58779223
36,1,,quantum,precond_pen=1.400,1.4,True,3,0.021757,80.13639809,80.13639809
36,1,,quantum,precond_pen=1.500,1.5,True,0,0.000137,97.21051435,97.21051435
36,1,,quantum,precond_pen=1.500,1.5,True,1,0.006642,83.4470057,83.4470057
36,1,,quantum,precond_pen=1.500,1.5,True,2,0.006922,80.58779223,80.58779223
36,1,,quantum,precond_pen=1.500,1.5,True,3,0.023294,80.13639809,80.13639809
36,1,,quantum,precond_pen=1.600,1.6,True,0,0.000144,97.21051435,97.21051435
36,1,,quantum,precond_pen=1.600,1.6,True,1,0.007572,83.4470057,83.4470057
36,1,,quantum,precond_pen=1.600,1.6,True,2,0.007983,80.58779223,80.58779223
36,1,,quantum,precond_pen=1.600,1.6,True,3,0.022386,80.13639809,80.13639809
36,1,,quantum,precond_pen=1.700,1.7,True,0,0.000128,97.21051435,97.21051435
36,1,,quantum,precond_pen=1.700,1.7,True,1,0.006127,83.4470057,83.4470057
36,1,,quantum,precond_pen=1.700,1.7,True,2,0.0064,80.58779223,80.58779223
36,1,,quantum,precond_pen=1.700,1.7,True,3,0.018463,80.13639809,80.13639809
36,1,,quantum,precond_pen=1.800,1.8,True,0,0.000148,97.21051435,97.21051435
36,1,,quantum,precond_pen=1.800,1.8,True,1,0.007686,83.4470057,83.4470057
36,1,,quantum,precond_pen=1.800,1.8,True,2,0.008036,80.58779223,80.58779223
36,1,,quantum,precond_pen=1.800,1.8,True,3,0.022775,80.13639809,80.13639809
36,1,,quantum,precond_pen=1.900,1.9,True,0,0.000148,97.21051435,97.21051435
36,1,,quantum,precond_pen=1.900,1.9,True,1,0.006252,83.4470057,83.4470057
36,1,,quantum,precond_pen=1.900,1.9,True,2,0.006512,80.58779223,80.58779223
36,1,,quantum,precond_pen=1.900,1.9,True,3,0.018929,80.13639809,80.13639809
36,1,,quantum,precond_pen=2.000,2.0,True,0,0.000144,97.21051435,97.21051435
36,1,,quantum,precond_pen=2.000,2.0,True,1,0.007321,83.4470057,83.4470057
36,1,,quantum,precond_pen=2.000,2.0,True,2,0.007673,80.58779223,80.58779223
36,1,,quantum,precond_pen=2.000,2.0,True,3,0.020881,80.13639809,80.13639809
37,1,,quantum,baseline,,True,0,0.000135,94.91528326,94.91528326
37,1,,quantum,baseline,,True,1,0.005508,94.62951941,94.62951941
37,1,,quantum,baseline,,True,2,0.005741,80.37211047,80.37211047
37,1,,quantum,baseline,,True,3,0.390871,79.61660727,79.61660727
37,1,,quantum,baseline,,True,4,0.391609,79.03749319,79.03749319
37,1,,quantum,precond_pen=1.100,1.1,True,0,0.000134,94.91528326,94.91528326
37,1,,quantum,precond_pen=1.100,1.1,True,1,0.00678,94.46688244,94.46688244
37,1,,quantum,precond_pen=1.100,1.1,True,2,0.007386,85.61547373,85.61547373
37,1,,quantum,precond_pen=1.100,1.1,True,3,0.007653,80.47134852,80.47134852
37,1,,quantum,precond_pen=1.100,1.1,True,4,0.016494,80.07536896,80.07536896
37,1,,quantum,precond_pen=1.100,1.1,True,5,0.268607,79.03749319,79.03749319
37,1,,quantum,precond_pen=1.200,1.2,True,0,0.000132,94.91528326,94.91528326
37,1,,quantum,precond_pen=1.200,1.2,True,1,0.006275,94.37285931,94.37285931
37,1,,quantum,precond_pen=1.200,1.2,True,2,0.006533,80.47131032,80.47131032
37,1,,quantum,precond_pen=1.200,1.2,True,3,0.015271,80.07536896,80.07536896
37,1,,quantum,precond_pen=1.200,1.2,True,4,0.333183,79.61660727,79.61660727
37,1,,quantum,precond_pen=1.200,1.2,True,5,0.519709,79.03749319,79.03749319
37,1,,quantum,precond_pen=1.200,1.2,True,6,0.52391,79.03749319,79.03749319
37,1,,quantum,precond_pen=1.300,1.3,True,0,0.000146,94.91528326,94.91528326
37,1,,quantum,precond_pen=1.300,1.3,True,1,0.006121,93.09021455,93.09021455
37,1,,quantum,precond_pen=1.300,1.3,True,2,0.006395,80.07536896,80.07536896
37,1,,quantum,precond_pen=1.300,1.3,True,3,0.4097,79.03749319,79.03749319
37,1,,quantum,precond_pen=1.300,1.3,True,4,0.413981,79.03749319,79.03749319
37,1,,quantum,precond_pen=1.400,1.4,True,0,0.000133,94.91528326,94.91528326
37,1,,quantum,precond_pen=1.400,1.4,True,1,0.006237,93.09021455,93.09021455
37,1,,quantum,precond_pen=1.400,1.4,True,2,0.006503,80.07536896,80.07536896
37,1,,quantum,precond_pen=1.400,1.4,True,3,0.44398,79.03749319,79.03749319
37,1,,quantum,precond_pen=1.500,1.5,True,0,0.000129,94.91528326,94.91528326
37,1,,quantum,precond_pen=1.500,1.5,True,1,0.006116,85.26507017,85.26507017
37,1,,quantum,precond_pen=1.500,1.5,True,2,0.006338,80.37211047,80.37211047
37,1,,quantum,precond_pen=1.500,1.5,True,3,0.311846,80.07536896,80.07536896
37,1,,quantum,precond_pen=1.500,1.5,True,4,0.416007,79.03749319,79.03749319
37,1,,quantum,precond_pen=1.500,1.5,True,5,0.426402,79.03749319,79.03749319
37,1,,quantum,precond_pen=1.600,1.6,True,0,0.000129,94.91528326,94.91528326
37,1,,quantum,precond_pen=1.600,1.6,True,1,0.006,93.09021455,93.09021455
37,1,,quantum,precond_pen=1.600,1.6,True,2,0.006284,80.07536896,80.07536896
37,1,,quantum,precond_pen=1.600,1.6,True,3,0.434464,79.61660727,79.61660727
37,1,,quantum,precond_pen=1.600,1.6,True,4,0.434879,79.03749319,79.03749319
37,1,,quantum,precond_pen=1.600,1.6,True,5,0.451387,79.03749319,79.03749319
37,1,,quantum,precond_pen=1.700,1.7,True,0,0.000153,94.91528326,94.91528326
37,1,,quantum,precond_pen=1.700,1.7,True,1,0.007663,93.09021455,93.09021455
37,1,,quantum,precond_pen=1.700,1.7,True,2,0.008054,80.07536896,80.07536896
37,1,,quantum,precond_pen=1.700,1.7,True,3,0.363752,79.03749319,79.03749319
37,1,,quantum,precond_pen=1.700,1.7,True,4,0.377332,79.03749319,79.03749319
37,1,,quantum,precond_pen=1.800,1.8,True,0,0.000164,94.91528326,94.91528326
37,1,,quantum,precond_pen=1.800,1.8,True,1,0.007143,93.09021455,93.09021455
37,1,,quantum,precond_pen=1.800,1.8,True,2,0.007532,80.07536896,80.07536896
37,1,,quantum,precond_pen=1.800,1.8,True,3,0.462998,79.03749319,79.03749319
37,1,,quantum,precond_pen=1.800,1.8,True,4,0.489722,79.03749319,79.03749319
37,1,,quantum,precond_pen=1.900,1.9,True,0,0.000163,94.91528326,94.91528326
37,1,,quantum,precond_pen=1.900,1.9,True,1,0.007217,93.09021455,93.09021455
37,1,,quantum,precond_pen=1.900,1.9,True,2,0.00761,80.07536896,80.07536896
37,1,,quantum,precond_pen=1.900,1.9,True,3,0.327452,79.61660727,79.61660727
37,1,,quantum,precond_pen=1.900,1.9,True,4,0.447458,79.03749319,79.03749319
37,1,,quantum,precond_pen=1.900,1.9,True,5,0.47297,79.03749319,79.03749319
37,1,,quantum,precond_pen=2.000,2.0,True,0,0.000145,94.91528326,94.91528326
37,1,,quantum,precond_pen=2.000,2.0,True,1,0.00735,91.80109966,91.80109966
37,1,,quantum,precond_pen=2.000,2.0,True,2,0.00768,80.57149136,80.57149136
37,1,,quantum,precond_pen=2.000,2.0,True,3,0.021093,80.37211047,80.37211047
37,1,,quantum,precond_pen=2.000,2.0,True,4,0.437913,79.61660727,79.61660727
37,1,,quantum,precond_pen=2.000,2.0,True,5,0.446651,79.03749319,79.03749319
37,1,,quantum,precond_pen=2.000,2.0,True,6,0.447954,79.03749319,79.03749319
38,1,,quantum,baseline,,True,0,0.000159,87.95403624,87.95403624
38,1,,quantum,baseline,,True,1,0.006952,84.00364317,84.00364317
38,1,,quantum,baseline,,True,2,0.007561,79.54594013,79.54594013
38,1,,quantum,precond_pen=1.100,1.1,True,0,0.000147,87.95403624,87.95403624
38,1,,quantum,precond_pen=1.100,1.1,True,1,0.006768,79.54594013,79.54594013
38,1,,quantum,precond_pen=1.200,1.2,True,0,0.000151,87.95403624,87.95403624
38,1,,quantum,precond_pen=1.200,1.2,True,1,0.007496,86.59644271,86.59644271
38,1,,quantum,precond_pen=1.200,1.2,True,2,0.007804,79.54594013,79.54594013
38,1,,quantum,precond_pen=1.300,1.3,True,0,0.000156,87.95403624,87.95403624
38,1,,quantum,precond_pen=1.300,1.3,True,1,0.007823,79.54594013,79.54594013
38,1,,quantum,precond_pen=1.400,1.4,True,0,0.000169,87.95403624,87.95403624
38,1,,quantum,precond_pen=1.400,1.4,True,1,0.007584,79.54594013,79.54594013
38,1,,quantum,precond_pen=1.500,1.5,True,0,0.000232,87.95403624,87.95403624
38,1,,quantum,precond_pen=1.500,1.5,True,1,0.007466,79.54594013,79.54594013
38,1,,quantum,precond_pen=1.600,1.6,True,0,0.000215,87.95403624,87.95403624
38,1,,quantum,precond_pen=1.600,1.6,True,1,0.007775,87.40847718,87.40847718
38,1,,quantum,precond_pen=1.600,1.6,True,2,0.008153,80.87382978,80.87382978
38,1,,quantum,precond_pen=1.600,1.6,True,3,0.409423,79.54594013,79.54594013
38,1,,quantum,precond_pen=1.600,1.6,True,4,0.412313,79.54594013,79.54594013
38,1,,quantum,precond_pen=1.700,1.7,True,0,0.000134,87.95403624,87.95403624
38,1,,quantum,precond_pen=1.700,1.7,True,1,0.006874,87.40847718,87.40847718
38,1,,quantum,precond_pen=1.700,1.7,True,2,0.007173,80.87382978,80.87382978
38,1,,quantum,precond_pen=1.700,1.7,True,3,0.023887,79.54594013,79.54594013
38,1,,quantum,precond_pen=1.800,1.8,True,0,0.000139,87.95403624,87.95403624
38,1,,quantum,precond_pen=1.800,1.8,True,1,0.007543,87.40847718,87.40847718
38,1,,quantum,precond_pen=1.800,1.8,True,2,0.007849,80.87382978,80.87382978
38,1,,quantum,precond_pen=1.800,1.8,True,3,0.025798,79.54594013,79.54594013
38,1,,quantum,precond_pen=1.900,1.9,True,0,0.000202,87.95403624,87.95403624
38,1,,quantum,precond_pen=1.900,1.9,True,1,0.007739,87.22231624,87.22231624
38,1,,quantum,precond_pen=1.900,1.9,True,2,0.007982,80.87382978,80.87382978
38,1,,quantum,precond_pen=1.900,1.9,True,3,0.02521,79.54594013,79.54594013
38,1,,quantum,precond_pen=2.000,2.0,True,0,0.000202,87.95403624,87.95403624
38,1,,quantum,precond_pen=2.000,2.0,True,1,0.007357,79.54594013,79.54594013
39,1,,quantum,baseline,,True,0,0.000195,99.74755999,99.74755999
39,1,,quantum,baseline,,True,1,0.006555,98.9603326,98.9603326
39,1,,quantum,baseline,,True,2,0.006871,80.23631276,80.23631276
39,1,,quantum,baseline,,True,3,0.04588,77.70571533,77.70571533
39,1,,quantum,precond_pen=1.100,1.1,True,0,0.000167,99.74755999,99.74755999
39,1,,quantum,precond_pen=1.100,1.1,True,1,0.006609,87.49055073,87.49055073
39,1,,quantum,precond_pen=1.100,1.1,True,2,0.006976,77.70571533,77.70571533
39,1,,quantum,precond_pen=1.200,1.2,True,0,0.000195,99.74755999,99.74755999
39,1,,quantum,precond_pen=1.200,1.2,True,1,0.007097,90.59910102,90.59910102
39,1,,quantum,precond_pen=1.200,1.2,True,2,0.007349,77.70571533,77.70571533
39,1,,quantum,precond_pen=1.300,1.3,True,0,0.000205,99.74755999,99.74755999
39,1,,quantum,precond_pen=1.300,1.3,True,1,0.007152,95.67246449,95.67246449
39,1,,quantum,precond_pen=1.300,1.3,True,2,0.007412,77.70571533,77.70571533
39,1,,quantum,precond_pen=1.400,1.4,True,0,0.000218,99.74755999,99.74755999
39,1,,quantum,precond_pen=1.400,1.4,True,1,0.006997,96.17489203,96.17489203
39,1,,quantum,precond_pen=1.400,1.4,True,2,0.007288,77.70571533,77.70571533
39,1,,quantum,precond_pen=1.500,1.5,True,0,0.000198,99.74755999,99.74755999
39,1,,quantum,precond_pen=1.500,1.5,True,1,0.00684,96.23261718,96.23261718
39,1,,quantum,precond_pen=1.500,1.5,True,2,0.007137,77.70571533,77.70571533
39,1,,quantum,precond_pen=1.600,1.6,True,0,0.000207,99.74755999,99.74755999
39,1,,quantum,precond_pen=1.600,1.6,True,1,0.00679,91.06069966,91.06069966
39,1,,quantum,precond_pen=1.600,1.6,True,2,0.007134,77.70571533,77.70571533
39,1,,quantum,precond_pen=1.700,1.7,True,0,0.000182,99.74755999,99.74755999
39,1,,quantum,precond_pen=1.700,1.7,True,1,0.007641,96.17489203,96.17489203
39,1,,quantum,precond_pen=1.700,1.7,True,2,0.007976,77.70571533,77.70571533
39,1,,quantum,precond_pen=1.800,1.8,True,0,0.00014,99.74755999,99.74755999
39,1,,quantum,precond_pen=1.800,1.8,True,1,0.00703,87.49055073,87.49055073
39,1,,quantum,precond_pen=1.800,1.8,True,2,0.007292,77.70571533,77.70571533
39,1,,quantum,precond_pen=1.900,1.9,True,0,0.00021,99.74755999,99.74755999
39,1,,quantum,precond_pen=1.900,1.9,True,1,0.007767,88.95589078,88.95589078
39,1,,quantum,precond_pen=1.900,1.9,True,2,0.008169,77.70571533,77.70571533
39,1,,quantum,precond_pen=2.000,2.0,True,0,0.000199,99.74755999,99.74755999
39,1,,quantum,precond_pen=2.000,2.0,True,1,0.007291,93.041641,93.041641
39,1,,quantum,precond_pen=2.000,2.0,True,2,0.007646,77.70571533,77.70571533
40,1,,quantum,baseline,,True,0,0.000208,96.05167908,96.05167908
40,1,,quantum,baseline,,True,1,0.007682,87.40785504,87.40785504
40,1,,quantum,baseline,,True,2,0.056148,81.61632994,81.61632994
40,1,,quantum,precond_pen=1.100,1.1,True,0,0.0002,96.05167908,96.05167908
40,1,,quantum,precond_pen=1.100,1.1,True,1,0.007528,87.40785504,87.40785504
40,1,,quantum,precond_pen=1.100,1.1,True,2,0.021855,81.61632994,81.61632994
40,1,,quantum,precond_pen=1.200,1.2,True,0,0.000151,96.05167908,96.05167908
40,1,,quantum,precond_pen=1.200,1.2,True,1,0.007694,87.40785504,87.40785504
40,1,,quantum,precond_pen=1.200,1.2,True,2,0.025643,81.61632994,81.61632994
40,1,,quantum,precond_pen=1.300,1.3,True,0,0.000156,96.05167908,96.05167908
40,1,,quantum,precond_pen=1.300,1.3,True,1,0.008132,87.40785504,87.40785504
40,1,,quantum,precond_pen=1.300,1.3,True,2,0.022218,81.61632994,81.61632994
40,1,,quantum,precond_pen=1.400,1.4,True,0,0.000136,96.05167908,96.05167908
40,1,,quantum,precond_pen=1.400,1.4,True,1,0.008228,87.40785504,87.40785504
40,1,,quantum,precond_pen=1.400,1.4,True,2,0.020997,81.61632994,81.61632994
40,1,,quantum,precond_pen=1.500,1.5,True,0,0.000159,96.05167908,96.05167908
40,1,,quantum,precond_pen=1.500,1.5,True,1,0.007354,87.40785504,87.40785504
40,1,,quantum,precond_pen=1.500,1.5,True,2,0.02331,81.61632994,81.61632994
40,1,,quantum,precond_pen=1.600,1.6,True,0,0.000183,96.05167908,96.05167908
40,1,,quantum,precond_pen=1.600,1.6,True,1,0.007774,89.58478438,89.58478438
40,1,,quantum,precond_pen=1.600,1.6,True,2,0.008191,81.61632994,81.61632994
40,1,,quantum,precond_pen=1.700,1.7,True,0,0.00017,96.05167908,96.05167908
40,1,,quantum,precond_pen=1.700,1.7,True,1,0.008459,87.40785504,87.40785504
40,1,,quantum,precond_pen=1.700,1.7,True,2,0.022923,81.61632994,81.61632994
40,1,,quantum,precond_pen=1.800,1.8,True,0,0.000162,96.05167908,96.05167908
40,1,,quantum,precond_pen=1.800,1.8,True,1,0.007802,87.40785504,87.40785504
40,1,,quantum,precond_pen=1.800,1.8,True,2,0.020355,81.61632994,81.61632994
40,1,,quantum,precond_pen=1.900,1.9,True,0,0.000138,96.05167908,96.05167908
40,1,,quantum,precond_pen=1.900,1.9,True,1,0.00722,87.40785504,87.40785504
40,1,,quantum,precond_pen=1.900,1.9,True,2,0.022036,81.61632994,81.61632994
40,1,,quantum,precond_pen=2.000,2.0,True,0,0.000159,96.05167908,96.05167908
40,1,,quantum,precond_pen=2.000,2.0,True,1,0.00692,87.40785504,87.40785504
40,1,,quantum,precond_pen=2.000,2.0,True,2,0.019533,81.61632994,81.61632994
41,1,,quantum,baseline,,True,0,0.000159,105.37524093,105.37524093
41,1,,quantum,baseline,,True,1,0.007288,94.43387874,94.43387874
41,1,,quantum,precond_pen=1.100,1.1,True,0,0.000147,105.37524093,105.37524093
41,1,,quantum,precond_pen=1.100,1.1,True,1,0.0079,100.16623752,100.16623752
41,1,,quantum,precond_pen=1.100,1.1,True,2,0.0083,94.43387874,94.43387874
41,1,,quantum,precond_pen=1.200,1.2,True,0,0.000187,105.37524093,105.37524093
41,1,,quantum,precond_pen=1.200,1.2,True,1,0.007945,104.7814729,104.7814729
41,1,,quantum,precond_pen=1.200,1.2,True,2,0.008334,94.43387874,94.43387874
41,1,,quantum,precond_pen=1.300,1.3,True,0,0.000219,105.37524093,105.37524093
41,1,,quantum,precond_pen=1.300,1.3,True,1,0.007446,102.34611609,102.34611609
41,1,,quantum,precond_pen=1.300,1.3,True,2,0.0078,94.88355894,94.88355894
41,1,,quantum,precond_pen=1.300,1.3,True,3,0.443941,94.43387874,94.43387874
41,1,,quantum,precond_pen=1.300,1.3,True,4,0.455051,94.43387874,94.43387874
41,1,,quantum,precond_pen=1.400,1.4,True,0,0.0002,105.37524093,105.37524093
41,1,,quantum,precond_pen=1.400,1.4,True,1,0.008557,102.71105218,102.71105218
41,1,,quantum,precond_pen=1.400,1.4,True,2,0.008918,94.88355894,94.88355894
41,1,,quantum,precond_pen=1.400,1.4,True,3,0.420706,94.85543992,94.85543992
41,1,,quantum,precond_pen=1.400,1.4,True,4,0.421203,94.43387874,94.43387874
41,1,,quantum,precond_pen=1.400,1.4,True,5,0.427907,94.43387874,94.43387874
41,1,,quantum,precond_pen=1.500,1.5,True,0,0.000142,105.37524093,105.37524093
41,1,,quantum,precond_pen=1.500,1.5,True,1,0.007209,101.78976905,101.78976905
41,1,,quantum,precond_pen=1.500,1.5,True,2,0.007496,95.14300074,95.14300074
41,1,,quantum,precond_pen=1.500,1.5,True,3,0.020735,94.88355894,94.88355894
41,1,,quantum,precond_pen=1.500,1.5,True,4,0.469526,94.43387874,94.43387874
41,1,,quantum,precond_pen=1.500,1.5,True,5,0.47072,94.43387874,94.43387874
41,1,,quantum,precond_pen=1.600,1.6,True,0,0.000211,105.37524093,105.37524093
41,1,,quantum,precond_pen=1.600,1.6,True,1,0.007686,102.14159142,102.14159142
41,1,,quantum,precond_pen=1.600,1.6,True,2,0.008012,94.43387874,94.43387874
41,1,,quantum,precond_pen=1.700,1.7,True,0,0.000204,105.37524093,105.37524093
41,1,,quantum,precond_pen=1.700,1.7,True,1,0.008672,104.54885605,104.54885605
41,1,,quantum,precond_pen=1.700,1.7,True,2,0.009166,94.88355894,94.88355894
41,1,,quantum,precond_pen=1.700,1.7,True,3,0.427112,94.43387874,94.43387874
41,1,,quantum,precond_pen=1.700,1.7,True,4,0.447848,94.43387874,94.43387874
41,1,,quantum,precond_pen=1.800,1.8,True,0,0.000145,105.37524093,105.37524093
41,1,,quantum,precond_pen=1.800,1.8,True,1,0.007143,94.43387874,94.43387874
41,1,,quantum,precond_pen=1.900,1.9,True,0,0.000214,105.37524093,105.37524093
41,1,,quantum,precond_pen=1.900,1.9,True,1,0.007624,94.43387874,94.43387874
41,1,,quantum,precond_pen=2.000,2.0,True,0,0.000211,105.37524093,105.37524093
41,1,,quantum,precond_pen=2.000,2.0,True,1,0.006945,102.71105218,102.71105218
41,1,,quantum,precond_pen=2.000,2.0,True,2,0.00721,94.88355894,94.88355894
41,1,,quantum,precond_pen=2.000,2.0,True,3,0.437632,94.43387874,94.43387874
41,1,,quantum,precond_pen=2.000,2.0,True,4,0.447272,94.43387874,94.43387874
42,1,,quantum,baseline,,True,0,0.000188,94.99804401,94.99804401
42,1,,quantum,baseline,,True,1,0.006204,84.01773115,84.01773115
42,1,,quantum,precond_pen=1.100,1.1,True,0,0.000174,94.99804401,94.99804401
42,1,,quantum,precond_pen=1.100,1.1,True,1,0.007313,87.80123223,87.80123223
42,1,,quantum,precond_pen=1.100,1.1,True,2,0.00763,84.01773115,84.01773115
42,1,,quantum,precond_pen=1.200,1.2,True,0,0.000168,94.99804401,94.99804401
42,1,,quantum,precond_pen=1.200,1.2,True,1,0.00832,94.16536255,94.16536255
42,1,,quantum,precond_pen=1.200,1.2,True,2,0.008674,84.01773115,84.01773115
42,1,,quantum,precond_pen=1.300,1.3,True,0,0.000146,94.99804401,94.99804401
42,1,,quantum,precond_pen=1.300,1.3,True,1,0.007913,94.16536255,94.16536255
42,1,,quantum,precond_pen=1.300,1.3,True,2,0.008215,84.01773115,84.01773115
42,1,,quantum,precond_pen=1.400,1.4,True,0,0.000133,94.99804401,94.99804401
42,1,,quantum,precond_pen=1.400,1.4,True,1,0.006596,84.01773115,84.01773115
42,1,,quantum,precond_pen=1.500,1.5,True,0,0.000123,94.99804401,94.99804401
42,1,,quantum,precond_pen=1.500,1.5,True,1,0.00642,84.01773115,84.01773115
42,1,,quantum,precond_pen=1.600,1.6,True,0,0.000134,94.99804401,94.99804401
42,1,,quantum,precond_pen=1.600,1.6,True,1,0.007789,94.12506903,94.12506903
42,1,,quantum,precond_pen=1.600,1.6,True,2,0.008131,87.05234119,87.05234119
42,1,,quantum,precond_pen=1.600,1.6,True,3,0.022027,86.47959483,86.47959483
42,1,,quantum,precond_pen=1.600,1.6,True,4,0.022378,84.01773115,84.01773115
42,1,,quantum,precond_pen=1.700,1.7,True,0,0.000123,94.99804401,94.99804401
42,1,,quantum,precond_pen=1.700,1.7,True,1,0.007322,84.01773115,84.01773115
42,1,,quantum,precond_pen=1.800,1.8,True,0,0.000125,94.99804401,94.99804401
42,1,,quantum,precond_pen=1.800,1.8,True,1,0.00643,94.76133816,94.76133816
42,1,,quantum,precond_pen=1.800,1.8,True,2,0.006785,89.91455438,89.91455438
42,1,,quantum,precond_pen=1.800,1.8,True,3,0.007024,84.01773115,84.01773115
42,1,,quantum,precond_pen=1.900,1.9,True,0,0.000145,94.99804401,94.99804401
42,1,,quantum,precond_pen=1.900,1.9,True,1,0.006426,84.01773115,84.01773115
42,1,,quantum,precond_pen=2.000,2.0,True,0,0.000139,94.99804401,94.99804401
42,1,,quantum,precond_pen=2.000,2.0,True,1,0.006263,84.01773115,84.01773115
43,1,,quantum,baseline,,True,0,0.00014,103.42593599,103.42593599
43,1,,quantum,baseline,,True,1,0.005707,99.92374707,99.92374707
43,1,,quantum,baseline,,True,2,0.006117,98.06776897,98.06776897
43,1,,quantum,baseline,,True,3,0.006439,85.59189282,85.59189282
43,1,,quantum,precond_pen=1.100,1.1,True,0,0.000125,103.42593599,103.42593599
43,1,,quantum,precond_pen=1.100,1.1,True,1,0.005985,99.86701937,99.86701937
43,1,,quantum,precond_pen=1.100,1.1,True,2,0.006279,85.59189282,85.59189282
43,1,,quantum,precond_pen=1.200,1.2,True,0,0.000153,103.42593599,103.42593599
43,1,,quantum,precond_pen=1.200,1.2,True,1,0.006508,99.95181482,99.95181482
43,1,,quantum,precond_pen=1.200,1.2,True,2,0.006844,87.92848909,87.92848909
43,1,,quantum,precond_pen=1.200,1.2,True,3,0.020361,85.59189282,85.59189282
43,1,,quantum,precond_pen=1.300,1.3,True,0,0.000157,103.42593599,103.42593599
43,1,,quantum,precond_pen=1.300,1.3,True,1,0.006448,102.77053531,102.77053531
43,1,,quantum,precond_pen=1.300,1.3,True,2,0.006767,87.92848909,87.92848909
43,1,,quantum,precond_pen=1.300,1.3,True,3,0.487722,85.59189282,85.59189282
43,1,,quantum,precond_pen=1.300,1.3,True,4,0.492991,85.59189282,85.59189282
43,1,,quantum,precond_pen=1.400,1.4,True,0,0.000157,103.42593599,103.42593599
43,1,,quantum,precond_pen=1.400,1.4,True,1,0.007607,101.71119107,101.71119107
43,1,,quantum,precond_pen=1.400,1.4,True,2,0.007948,87.94422593,87.94422593
43,1,,quantum,precond_pen=1.400,1.4,True,3,0.020523,87.92848909,87.92848909
43,1,,quantum,precond_pen=1.400,1.4,True,4,0.484859,85.59189282,85.59189282
43,1,,quantum,precond_pen=1.400,1.4,True,5,0.48598,85.59189282,85.59189282
43,1,,quantum,precond_pen=1.500,1.5,True,0,0.000157,103.42593599,103.42593599
43,1,,quantum,precond_pen=1.500,1.5,True,1,0.006879,98.02880234,98.02880234
43,1,,quantum,precond_pen=1.500,1.5,True,2,0.007249,88.66370628,88.66370628
43,1,,quantum,precond_pen=1.500,1.5,True,3,0.019647,87.92848909,87.92848909
43,1,,quantum,precond_pen=1.500,1.5,True,4,0.498869,85.59189282,85.59189282
43,1,,quantum,precond_pen=1.500,1.5,True,5,0.526854,85.59189282,85.59189282
43,1,,quantum,precond_pen=1.600,1.6,True,0,0.000164,103.42593599,103.42593599
43,1,,quantum,precond_pen=1.600,1.6,True,1,0.007271,98.02880234,98.02880234
43,1,,quantum,precond_pen=1.600,1.6,True,2,0.007657,88.66370628,88.66370628
43,1,,quantum,precond_pen=1.600,1.6,True,3,0.021107,85.59189282,85.59189282
43,1,,quantum,precond_pen=1.700,1.7,True,0,0.000152,103.42593599,103.42593599
43,1,,quantum,precond_pen=1.700,1.7,True,1,0.008204,98.02880234,98.02880234
43,1,,quantum,precond_pen=1.700,1.7,True,2,0.008642,88.66370628,88.66370628
43,1,,quantum,precond_pen=1.700,1.7,True,3,0.022429,85.59189282,85.59189282
43,1,,quantum,precond_pen=1.800,1.8,True,0,0.00022,103.42593599,103.42593599
43,1,,quantum,precond_pen=1.800,1.8,True,1,0.007631,98.02880234,98.02880234
43,1,,quantum,precond_pen=1.800,1.8,True,2,0.008065,88.66370628,88.66370628
43,1,,quantum,precond_pen=1.800,1.8,True,3,0.021661,85.59189282,85.59189282
43,1,,quantum,precond_pen=1.900,1.9,True,0,0.000208,103.42593599,103.42593599
43,1,,quantum,precond_pen=1.900,1.9,True,1,0.008373,98.02880234,98.02880234
43,1,,quantum,precond_pen=1.900,1.9,True,2,0.008883,88.66370628,88.66370628
43,1,,quantum,precond_pen=1.900,1.9,True,3,0.024109,85.59189282,85.59189282
43,1,,quantum,precond_pen=2.000,2.0,True,0,0.000144,103.42593599,103.42593599
43,1,,quantum,precond_pen=2.000,2.0,True,1,0.007687,98.02880234,98.02880234
43,1,,quantum,precond_pen=2.000,2.0,True,2,0.008151,88.66370628,88.66370628
43,1,,quantum,precond_pen=2.000,2.0,True,3,0.021293,85.59189282,85.59189282
44,1,,quantum,baseline,,True,0,0.000134,110.22696221,110.22696221
44,1,,quantum,baseline,,True,1,0.00633,109.41116097,109.41116097
44,1,,quantum,baseline,,True,2,0.006764,105.22035959,105.22035959
44,1,,quantum,baseline,,True,3,0.007193,88.41082091,88.41082091
44,1,,quantum,baseline,,True,4,0.051534,85.99376566,85.99376566
44,1,,quantum,precond_pen=1.100,1.1,True,0,0.00012,110.22696221,110.22696221
44,1,,quantum,precond_pen=1.100,1.1,True,1,0.007086,100.0460903,100.0460903
44,1,,quantum,precond_pen=1.100,1.1,True,2,0.007493,86.9551439,86.9551439
44,1,,quantum,precond_pen=1.100,1.1,True,3,0.355546,85.99376566,85.99376566
44,1,,quantum,precond_pen=1.200,1.2,True,0,0.000134,110.22696221,110.22696221
44,1,,quantum,precond_pen=1.200,1.2,True,1,0.007673,104.2735959,104.2735959
44,1,,quantum,precond_pen=1.200,1.2,True,2,0.008032,86.9551439,86.9551439
44,1,,quantum,precond_pen=1.200,1.2,True,3,0.020383,85.99376566,85.99376566
44,1,,quantum,precond_pen=1.300,1.3,True,0,0.000175,110.22696221,110.22696221
44,1,,quantum,precond_pen=1.300,1.3,True,1,0.009202,99.92201485,99.92201485
44,1,,quantum,precond_pen=1.300,1.3,True,2,0.00969,88.32540068,88.32540068
44,1,,quantum,precond_pen=1.300,1.3,True,3,0.023615,88.19719924,88.19719924
44,1,,quantum,precond_pen=1.300,1.3,True,4,0.326816,86.9551439,86.9551439
44,1,,quantum,precond_pen=1.300,1.3,True,5,0.490197,85.99376566,85.99376566
44,1,,quantum,precond_pen=1.300,1.3,True,6,0.494882,85.99376566,85.99376566
44,1,,quantum,precond_pen=1.400,1.4,True,0,0.000162,110.22696221,110.22696221
44,1,,quantum,precond_pen=1.400,1.4,True,1,0.007561,104.71690784,104.71690784
44,1,,quantum,precond_pen=1.400,1.4,True,2,0.007915,86.9551439,86.9551439
44,1,,quantum,precond_pen=1.400,1.4,True,3,0.463246,85.99376566,85.99376566
44,1,,quantum,precond_pen=1.400,1.4,True,4,0.474296,85.99376566,85.99376566
44,1,,quantum,precond_pen=1.500,1.5,True,0,0.000149,110.22696221,110.22696221
44,1,,quantum,precond_pen=1.500,1.5,True,1,0.007618,103.44999337,103.44999337
44,1,,quantum,precond_pen=1.500,1.5,True,2,0.007941,88.19719924,88.19719924
44,1,,quantum,precond_pen=1.500,1.5,True,3,0.433725,85.99376566,85.99376566
44,1,,quantum,precond_pen=1.500,1.5,True,4,0.441499,85.99376566,85.99376566
44,1,,quantum,precond_pen=1.600,1.6,True,0,0.00015,110.22696221,110.22696221
44,1,,quantum,precond_pen=1.600,1.6,True,1,0.007734,102.29644378,102.29644378
44,1,,quantum,precond_pen=1.600,1.6,True,2,0.008505,99.77038294,99.77038294
44,1,,quantum,precond_pen=1.600,1.6,True,3,0.008779,86.9551439,86.9551439
44,1,,quantum,precond_pen=1.600,1.6,True,4,0.515407,85.99376566,85.99376566
44,1,,quantum,precond_pen=1.600,1.6,True,5,0.518159,85.99376566,85.99376566
44,1,,quantum,precond_pen=1.700,1.7,True,0,0.000108,110.22696221,110.22696221
44,1,,quantum,precond_pen=1.700,1.7,True,1,0.005786,102.63628901,102.63628901
44,1,,quantum,precond_pen=1.700,1.7,True,2,0.005981,86.9551439,86.9551439
44,1,,quantum,precond_pen=1.700,1.7,True,3,0.479605,85.99376566,85.99376566
44,1,,quantum,precond_pen=1.700,1.7,True,4,0.485408,85.99376566,85.99376566
44,1,,quantum,precond_pen=1.800,1.8,True,0,0.000123,110.22696221,110.22696221
44,1,,quantum,precond_pen=1.800,1.8,True,1,0.00561,102.63628901,102.63628901
44,1,,quantum,precond_pen=1.800,1.8,True,2,0.00581,86.9551439,86.9551439
44,1,,quantum,precond_pen=1.800,1.8,True,3,0.354031,85.99376566,85.99376566
44,1,,quantum,precond_pen=1.800,1.8,True,4,0.364913,85.99376566,85.99376566
44,1,,quantum,precond_pen=1.900,1.9,True,0,0.000121,110.22696221,110.22696221
44,1,,quantum,precond_pen=1.900,1.9,True,1,0.006214,102.63628901,102.63628901
44,1,,quantum,precond_pen=1.900,1.9,True,2,0.006415,86.9551439,86.9551439
44,1,,quantum,precond_pen=1.900,1.9,True,3,0.830277,85.99376566,85.99376566
44,1,,quantum,precond_pen=1.900,1.9,True,4,0.834052,85.99376566,85.99376566
44,1,,quantum,precond_pen=2.000,2.0,True,0,0.00012,110.22696221,110.22696221
44,1,,quantum,precond_pen=2.000,2.0,True,1,0.006516,102.63628901,102.63628901
44,1,,quantum,precond_pen=2.000,2.0,True,2,0.006779,86.9551439,86.9551439
44,1,,quantum,precond_pen=2.000,2.0,True,3,0.465184,85.99376566,85.99376566
44,1,,quantum,precond_pen=2.000,2.0,True,4,0.473062,85.99376566,85.99376566
45,1,,quantum,baseline,,True,0,0.000109,102.95291853,102.95291853
45,1,,quantum,baseline,,True,1,0.004756,98.7766833,98.7766833
45,1,,quantum,baseline,,True,2,0.005037,98.4215626,98.4215626
45,1,,quantum,baseline,,True,3,0.00529,90.17094747,90.17094747
45,1,,quantum,baseline,,True,4,0.167611,89.42815932,89.42815932
45,1,,quantum,baseline,,True,5,0.187194,88.73984077,88.73984077
45,1,,quantum,baseline,,True,6,0.187336,88.16063719,88.16063719
45,1,,quantum,baseline,,True,7,0.187429,87.18365227,87.18365227
45,1,,quantum,baseline,,True,8,0.22677,87.18365227,87.18365227
45,1,,quantum,precond_pen=1.100,1.1,True,0,0.000128,102.95291853,102.95291853
45,1,,quantum,precond_pen=1.100,1.1,True,1,0.005487,102.35391834,102.35391834
45,1,,quantum,precond_pen=1.100,1.1,True,2,0.005761,87.18365227,87.18365227
45,1,,quantum,precond_pen=1.200,1.2,True,0,0.000154,102.95291853,102.95291853
45,1,,quantum,precond_pen=1.200,1.2,True,1,0.005702,102.82972009,102.82972009
45,1,,quantum,precond_pen=1.200,1.2,True,2,0.006046,87.18365227,87.18365227
45,1,,quantum,precond_pen=1.300,1.3,True,0,0.000133,102.95291853,102.95291853
45,1,,quantum,precond_pen=1.300,1.3,True,1,0.005546,98.89690553,98.89690553
45,1,,quantum,precond_pen=1.300,1.3,True,2,0.005888,87.18365227,87.18365227
45,1,,quantum,precond_pen=1.400,1.4,True,0,0.000148,102.95291853,102.95291853
45,1,,quantum,precond_pen=1.400,1.4,True,1,0.005616,102.583817,102.583817
45,1,,quantum,precond_pen=1.400,1.4,True,2,0.005892,88.73984077,88.73984077
45,1,,quantum,precond_pen=1.400,1.4,True,3,0.018248,87.18365227,87.18365227
45,1,,quantum,precond_pen=1.500,1.5,True,0,0.000124,102.95291853,102.95291853
45,1,,quantum,precond_pen=1.500,1.5,True,1,0.006343,101.59698857,101.59698857
45,1,,quantum,precond_pen=1.500,1.5,True,2,0.006691,87.18365227,87.18365227
45,1,,quantum,precond_pen=1.600,1.6,True,0,0.000172,102.95291853,102.95291853
45,1,,quantum,precond_pen=1.600,1.6,True,1,0.006559,102.33244541,102.33244541
45,1,,quantum,precond_pen=1.600,1.6,True,2,0.006983,87.18365227,87.18365227
45,1,,quantum,precond_pen=1.700,1.7,True,0,0.000113,102.95291853,102.95291853
45,1,,quantum,precond_pen=1.700,1.7,True,1,0.005645,102.33244541,102.33244541
45,1,,quantum,precond_pen=1.700,1.7,True,2,0.005961,87.18365227,87.18365227
45,1,,quantum,precond_pen=1.800,1.8,True,0,0.000164,102.95291853,102.95291853
45,1,,quantum,precond_pen=1.800,1.8,True,1,0.005575,102.583817,102.583817
45,1,,quantum,precond_pen=1.800,1.8,True,2,0.005846,88.73984077,88.73984077
45,1,,quantum,precond_pen=1.800,1.8,True,3,0.020039,87.18365227,87.18365227
45,1,,quantum,precond_pen=1.900,1.9,True,0,0.000156,102.95291853,102.95291853
45,1,,quantum,precond_pen=1.900,1.9,True,1,0.005592,102.35391834,102.35391834
45,1,,quantum,precond_pen=1.900,1.9,True,2,0.005893,87.18365227,87.18365227
45,1,,quantum,precond_pen=2.000,2.0,True,0,0.000162,102.95291853,102.95291853
45,1,,quantum,precond_pen=2.000,2.0,True,1,0.005338,101.02766763,101.02766763
45,1,,quantum,precond_pen=2.000,2.0,True,2,0.005643,98.7766833,98.7766833
45,1,,quantum,precond_pen=2.000,2.0,True,3,0.005974,90.17094747,90.17094747
45,1,,quantum,precond_pen=2.000,2.0,True,4,0.016106,87.18365227,87.18365227
46,1,,quantum,baseline,,True,0,0.000174,93.48682256,93.48682256
46,1,,quantum,baseline,,True,1,0.004679,91.17570095,91.17570095
46,1,,quantum,baseline,,True,2,0.00495,90.23763227,90.23763227
46,1,,quantum,baseline,,True,3,0.005305,78.00730447,78.00730447
46,1,,quantum,precond_pen=1.100,1.1,True,0,0.000157,93.48682256,93.48682256
46,1,,quantum,precond_pen=1.100,1.1,True,1,0.006161,87.88720635,87.88720635
46,1,,quantum,precond_pen=1.100,1.1,True,2,0.006488,78.00730447,78.00730447
46,1,,quantum,precond_pen=1.100,1.1,True,3,0.406848,78.0764059,78.00730447
46,1,,quantum,precond_pen=1.100,1.1,True,4,0.409103,78.0764059,78.00730447
46,1,,quantum,precond_pen=1.200,1.2,True,0,0.000106,93.48682256,93.48682256
46,1,,quantum,precond_pen=1.200,1.2,True,1,0.006422,90.67346271,90.67346271
46,1,,quantum,precond_pen=1.200,1.2,True,2,0.006716,78.00730447,78.00730447
46,1,,quantum,precond_pen=1.200,1.2,True,3,0.401293,78.0764059,78.00730447
46,1,,quantum,precond_pen=1.200,1.2,True,4,0.40182,78.0764059,78.00730447
46,1,,quantum,precond_pen=1.300,1.3,True,0,0.000119,93.48682256,93.48682256
46,1,,quantum,precond_pen=1.300,1.3,True,1,0.006239,89.67784208,89.67784208
46,1,,quantum,precond_pen=1.300,1.3,True,2,0.006459,80.59317983,80.59317983
46,1,,quantum,precond_pen=1.300,1.3,True,3,0.018258,78.00730447,78.00730447
46,1,,quantum,precond_pen=1.300,1.3,True,4,0.181034,78.0764059,78.00730447
46,1,,quantum,precond_pen=1.400,1.4,True,0,0.000112,93.48682256,93.48682256
46,1,,quantum,precond_pen=1.400,1.4,True,1,0.00551,87.17030722,87.17030722
46,1,,quantum,precond_pen=1.400,1.4,True,2,0.005716,80.59317983,80.59317983
46,1,,quantum,precond_pen=1.400,1.4,True,3,0.018275,78.00730447,78.00730447
46,1,,quantum,precond_pen=1.500,1.5,True,0,0.000112,93.48682256,93.48682256
46,1,,quantum,precond_pen=1.500,1.5,True,1,0.005895,93.14600506,93.14600506
46,1,,quantum,precond_pen=1.500,1.5,True,2,0.006117,80.59317983,80.59317983
46,1,,quantum,precond_pen=1.500,1.5,True,3,0.018674,78.00730447,78.00730447
46,1,,quantum,precond_pen=1.600,1.6,True,0,0.000124,93.48682256,93.48682256
46,1,,quantum,precond_pen=1.600,1.6,True,1,0.00553,86.52432111,86.52432111
46,1,,quantum,precond_pen=1.600,1.6,True,2,0.005862,78.00730447,78.00730447
46,1,,quantum,precond_pen=1.700,1.7,True,0,0.000172,93.48682256,93.48682256
46,1,,quantum,precond_pen=1.700,1.7,True,1,0.006829,88.93229195,88.93229195
46,1,,quantum,precond_pen=1.700,1.7,True,2,0.007284,78.0764059,78.0764059
46,1,,quantum,precond_pen=1.700,1.7,True,3,0.021818,78.00730447,78.00730447
46,1,,quantum,precond_pen=1.800,1.8,True,0,0.000106,93.48682256,93.48682256
46,1,,quantum,precond_pen=1.800,1.8,True,1,0.005633,86.52432111,86.52432111
46,1,,quantum,precond_pen=1.800,1.8,True,2,0.005935,78.00730447,78.00730447
46,1,,quantum,precond_pen=1.900,1.9,True,0,0.000124,93.48682256,93.48682256
46,1,,quantum,precond_pen=1.900,1.9,True,1,0.006551,85.58210615,85.58210615
46,1,,quantum,precond_pen=1.900,1.9,True,2,0.006971,78.0764059,78.0764059
46,1,,quantum,precond_pen=1.900,1.9,True,3,0.020699,78.00730447,78.00730447
46,1,,quantum,precond_pen=2.000,2.0,True,0,0.000129,93.48682256,93.48682256
46,1,,quantum,precond_pen=2.000,2.0,True,1,0.00547,89.93984949,89.93984949
46,1,,quantum,precond_pen=2.000,2.0,True,2,0.00572,78.00730447,78.00730447
47,1,,quantum,baseline,,True,0,0.000122,110.47216124,110.47216124
47,1,,quantum,baseline,,True,1,0.005846,105.60359554,105.60359554
47,1,,quantum,baseline,,True,2,0.006279,89.41175592,89.41175592
47,1,,quantum,precond_pen=1.100,1.1,True,0,0.000107,110.47216124,110.47216124
47,1,,quantum,precond_pen=1.100,1.1,True,1,0.005192,99.89895769,99.89895769
47,1,,quantum,precond_pen=1.100,1.1,True,2,0.005447,89.41175592,89.41175592
47,1,,quantum,precond_pen=1.200,1.2,True,0,0.000117,110.47216124,110.47216124
47,1,,quantum,precond_pen=1.200,1.2,True,1,0.005603,100.61693543,100.61693543
47,1,,quantum,precond_pen=1.200,1.2,True,2,0.005818,91.02096284,91.02096284
47,1,,quantum,precond_pen=1.200,1.2,True,3,0.020893,89.41175592,89.41175592
47,1,,quantum,precond_pen=1.300,1.3,True,0,0.000154,110.47216124,110.47216124
47,1,,quantum,precond_pen=1.300,1.3,True,1,0.005707,101.20417597,101.20417597
47,1,,quantum,precond_pen=1.300,1.3,True,2,0.006002,91.02096284,91.02096284
47,1,,quantum,precond_pen=1.300,1.3,True,3,0.021009,89.41175592,89.41175592
47,1,,quantum,precond_pen=1.400,1.4,True,0,0.000123,110.47216124,110.47216124
47,1,,quantum,precond_pen=1.400,1.4,True,1,0.006431,102.71043861,102.71043861
47,1,,quantum,precond_pen=1.400,1.4,True,2,0.007131,100.61693543,100.61693543
47,1,,quantum,precond_pen=1.400,1.4,True,3,0.007365,91.02096284,91.02096284
47,1,,quantum,precond_pen=1.400,1.4,True,4,0.019392,89.41175592,89.41175592
47,1,,quantum,precond_pen=1.500,1.5,True,0,0.000115,110.47216124,110.47216124
47,1,,quantum,precond_pen=1.500,1.5,True,1,0.005671,99.89895769,99.89895769
47,1,,quantum,precond_pen=1.500,1.5,True,2,0.005939,89.41175592,89.41175592
47,1,,quantum,precond_pen=1.600,1.6,True,0,0.000129,110.47216124,110.47216124
47,1,,quantum,precond_pen=1.600,1.6,True,1,0.006806,101.20417597,101.20417597
47,1,,quantum,precond_pen=1.600,1.6,True,2,0.007213,91.02096284,91.02096284
47,1,,quantum,precond_pen=1.600,1.6,True,3,0.019982,89.41175592,89.41175592
47,1,,quantum,precond_pen=1.700,1.7,True,0,0.000122,110.47216124,110.47216124
47,1,,quantum,precond_pen=1.700,1.7,True,1,0.005518,99.89895769,99.89895769
47,1,,quantum,precond_pen=1.700,1.7,True,2,0.005789,89.41175592,89.41175592
47,1,,quantum,precond_pen=1.800,1.8,True,0,0.00013,110.47216124,110.47216124
47,1,,quantum,precond_pen=1.800,1.8,True,1,0.006585,101.71938591,101.71938591
47,1,,quantum,precond_pen=1.800,1.8,True,2,0.00684,91.02096284,91.02096284
47,1,,quantum,precond_pen=1.800,1.8,True,3,0.019924,89.41175592,89.41175592
47,1,,quantum,precond_pen=1.900,1.9,True,0,0.000118,110.47216124,110.47216124
47,1,,quantum,precond_pen=1.900,1.9,True,1,0.006736,101.20417597,101.20417597
47,1,,quantum,precond_pen=1.900,1.9,True,2,0.007153,91.02096284,91.02096284
47,1,,quantum,precond_pen=1.900,1.9,True,3,0.019347,89.91768998,89.91768998
47,1,,quantum,precond_pen=1.900,1.9,True,4,0.497816,89.61753871,89.61753871
47,1,,quantum,precond_pen=1.900,1.9,True,5,0.511415,89.41175592,89.41175592
47,1,,quantum,precond_pen=1.900,1.9,True,6,0.514253,89.41175592,89.41175592
47,1,,quantum,precond_pen=2.000,2.0,True,0,0.000171,110.47216124,110.47216124
47,1,,quantum,precond_pen=2.000,2.0,True,1,0.008044,101.20417597,101.20417597
47,1,,quantum,precond_pen=2.000,2.0,True,2,0.008411,91.02096284,91.02096284
47,1,,quantum,precond_pen=2.000,2.0,True,3,0.02307,89.91768998,89.91768998
47,1,,quantum,precond_pen=2.000,2.0,True,4,0.600832,89.41175592,89.41175592
47,1,,quantum,precond_pen=2.000,2.0,True,5,0.604084,89.41175592,89.41175592
48,1,,quantum,baseline,,True,0,0.000125,96.43899889,96.43899889
48,1,,quantum,baseline,,True,1,0.005524,86.15627453,86.15627453
48,1,,quantum,precond_pen=1.100,1.1,True,0,0.000165,96.43899889,96.43899889
48,1,,quantum,precond_pen=1.100,1.1,True,1,0.005711,86.15627453,86.15627453
48,1,,quantum,precond_pen=1.200,1.2,True,0,0.000182,96.43899889,96.43899889
48,1,,quantum,precond_pen=1.200,1.2,True,1,0.005618,86.15627453,86.15627453
48,1,,quantum,precond_pen=1.300,1.3,True,0,0.000174,96.43899889,96.43899889
48,1,,quantum,precond_pen=1.300,1.3,True,1,0.005895,95.94651767,95.94651767
48,1,,quantum,precond_pen=1.300,1.3,True,2,0.006171,86.56873765,86.56873765
48,1,,quantum,precond_pen=1.300,1.3,True,3,0.018457,86.15627453,86.15627453
48,1,,quantum,precond_pen=1.400,1.4,True,0,0.000115,96.43899889,96.43899889
48,1,,quantum,precond_pen=1.400,1.4,True,1,0.006942,86.15627453,86.15627453
48,1,,quantum,precond_pen=1.500,1.5,True,0,0.000122,96.43899889,96.43899889
48,1,,quantum,precond_pen=1.500,1.5,True,1,0.006111,86.15627453,86.15627453
48,1,,quantum,precond_pen=1.600,1.6,True,0,0.000121,96.43899889,96.43899889
48,1,,quantum,precond_pen=1.600,1.6,True,1,0.006186,95.44743412,95.44743412
48,1,,quantum,precond_pen=1.600,1.6,True,2,0.006467,86.15627453,86.15627453
48,1,,quantum,precond_pen=1.700,1.7,True,0,0.000166,96.43899889,96.43899889
48,1,,quantum,precond_pen=1.700,1.7,True,1,0.007168,95.44743412,95.44743412
48,1,,quantum,precond_pen=1.700,1.7,True,2,0.007513,86.15627453,86.15627453
48,1,,quantum,precond_pen=1.800,1.8,True,0,0.000112,96.43899889,96.43899889
48,1,,quantum,precond_pen=1.800,1.8,True,1,0.005735,95.44743412,95.44743412
48,1,,quantum,precond_pen=1.800,1.8,True,2,0.006005,86.15627453,86.15627453
48,1,,quantum,precond_pen=1.900,1.9,True,0,0.00016,96.43899889,96.43899889
48,1,,quantum,precond_pen=1.900,1.9,True,1,0.005763,95.44743412,95.44743412
48,1,,quantum,precond_pen=1.900,1.9,True,2,0.006039,86.15627453,86.15627453
48,1,,quantum,precond_pen=2.000,2.0,True,0,0.000162,96.43899889,96.43899889
48,1,,quantum,precond_pen=2.000,2.0,True,1,0.005848,95.44743412,95.44743412
48,1,,quantum,precond_pen=2.000,2.0,True,2,0.00613,86.15627453,86.15627453
49,1,,quantum,baseline,,True,0,0.000171,98.5611487,98.5611487
49,1,,quantum,baseline,,True,1,0.005554,81.73893396,81.73893396
49,1,,quantum,precond_pen=1.100,1.1,True,0,0.000173,98.5611487,98.5611487
49,1,,quantum,precond_pen=1.100,1.1,True,1,0.00526,98.30920062,98.30920062
49,1,,quantum,precond_pen=1.100,1.1,True,2,0.005523,81.73893396,81.73893396
49,1,,quantum,precond_pen=1.200,1.2,True,0,0.000162,98.5611487,98.5611487
49,1,,quantum,precond_pen=1.200,1.2,True,1,0.005693,98.29623917,98.29623917
49,1,,quantum,precond_pen=1.200,1.2,True,2,0.005974,81.73893396,81.73893396
49,1,,quantum,precond_pen=1.300,1.3,True,0,0.000163,98.5611487,98.5611487
49,1,,quantum,precond_pen=1.300,1.3,True,1,0.007072,97.37341083,97.37341083
49,1,,quantum,precond_pen=1.300,1.3,True,2,0.007395,81.73893396,81.73893396
49,1,,quantum,precond_pen=1.400,1.4,True,0,0.000123,98.5611487,98.5611487
49,1,,quantum,precond_pen=1.400,1.4,True,1,0.005782,95.56894997,95.56894997
49,1,,quantum,precond_pen=1.400,1.4,True,2,0.006119,81.73893396,81.73893396
49,1,,quantum,precond_pen=1.500,1.5,True,0,0.000118,98.5611487,98.5611487
49,1,,quantum,precond_pen=1.500,1.5,True,1,0.005696,97.86288152,97.86288152
49,1,,quantum,precond_pen=1.500,1.5,True,2,0.005976,81.73893396,81.73893396
49,1,,quantum,precond_pen=1.600,1.6,True,0,0.000158,98.5611487,98.5611487
49,1,,quantum,precond_pen=1.600,1.6,True,1,0.005414,95.89716345,95.89716345
49,1,,quantum,precond_pen=1.600,1.6,True,2,0.005676,81.73893396,81.73893396
49,1,,quantum,precond_pen=1.700,1.7,True,0,0.00016,98.5611487,98.5611487
49,1,,quantum,precond_pen=1.700,1.7,True,1,0.005655,95.89716345,95.89716345
49,1,,quantum,precond_pen=1.700,1.7,True,2,0.005924,81.73893396,81.73893396
49,1,,quantum,precond_pen=1.800,1.8,True,0,0.000165,98.5611487,98.5611487
49,1,,quantum,precond_pen=1.800,1.8,True,1,0.005827,95.89716345,95.89716345
49,1,,quantum,precond_pen=1.800,1.8,True,2,0.006109,81.73893396,81.73893396
49,1,,quantum,precond_pen=1.900,1.9,True,0,0.000169,98.5611487,98.5611487
49,1,,quantum,precond_pen=1.900,1.9,True,1,0.005984,95.97844798,95.97844798
49,1,,quantum,precond_pen=1.900,1.9,True,2,0.006267,81.73893396,81.73893396
49,1,,quantum,precond_pen=2.000,2.0,True,0,0.000165,98.5611487,98.5611487
49,1,,quantum,precond_pen=2.000,2.0,True,1,0.006007,98.09279683,98.09279683
49,1,,quantum,precond_pen=2.000,2.0,True,2,0.00632,81.73893396,81.73893396
