name,n,objective_model,objective_baseline,penalty,mip_status,runtime_sec,time_to_best_sec,mip_gap,x_bits,z_bits,sum_z,presolve,trajectory,seed,preconditioner_family,layers,sweeps
baseline,24,130.1153685081999,130.11536850820013,,2,1.5534780025482178,0.021436214447021484,0.0,111001011110010101000001,+++--+-++++--+-+-+-----+,0,True,"[[0.000324, 151.31257109], [0.018963, 147.53358726], [0.020609, 142.88581991], [0.021436, 130.11536851]]",0,quantum,2,
precond_pen=1.100,24,-3.1203172109199926,130.11536850820013,1.1,2,0.6456491947174072,0.012330055236816406,0.0,111001011110010101000001,+++--+-++++--+-+-+-----+,0,True,"[[0.00017, 151.31257109], [0.011137, 148.46451397], [0.011582, 142.88581991], [0.01233, 130.11536851]]",0,quantum,2,
precond_pen=1.200,24,-2.749044006248006,130.11536850820013,1.2,2,1.1452860832214355,0.013773918151855469,0.0,000110100001101010111110,---++-+----++-+-+-+++++-,0,True,"[[0.000186, 151.31257109], [0.013774, 130.11536851]]",0,quantum,2,
precond_pen=1.300,24,-2.473970889357,130.11536850820013,1.3,2,0.6294698715209961,0.011507987976074219,0.0,111001011110010101000001,+++--+-++++--+-+-+-----+,0,True,"[[0.000213, 151.31257109], [0.011007, 150.60342369], [0.011508, 130.11536851]]",0,quantum,2,
precond_pen=1.400,24,-2.2611538164260008,130.11536850820013,1.4,2,0.5886540412902832,0.010626077651977539,0.0,111001011110010101000001,+++--+-++++--+-+-+-----+,0,True,"[[0.000134, 151.31257109], [0.009718, 149.82088173], [0.010626, 130.11536851]]",0,quantum,2,
precond_pen=1.500,24,-2.091186852173001,130.11536850820013,1.5,2,0.6264231204986572,0.010164976119995117,0.0,000110100001101010111110,---++-+----++-+-+-+++++-,0,True,"[[0.000138, 151.31257109], [0.010165, 130.11536851]]",0,quantum,2,
precond_pen=1.600,24,-2.0697640199999956,130.11536850820013,1.6,2,0.7218899726867676,0.012103796005249023,0.0,111001011110010101000001,+++--+-++++--+-+-+-----+,0,True,"[[0.000214, 151.31257109], [0.011618, 150.50099552], [0.012104, 130.11536851]]",0,quantum,2,
precond_pen=1.700,24,-7.525188584005001,131.29920933990624,1.7,2,0.07996797561645508,0.014188051223754883,0.0,000110000101101010111110,---++----+-++-+-+-+++++-,0,True,"[[0.000172, 151.31257109], [0.01159, 139.80276632], [0.013459, 134.89136232], [0.014188, 131.29920934]]",0,quantum,2,
precond_pen=1.800,24,-4.381015024620995,130.37768239028426,1.8,2,0.5256781578063965,0.012553215026855469,0.0,000110001101101010111010,---++---++-++-+-+-+++-+-,0,True,"[[0.000178, 151.31257109], [0.011802, 149.78469022], [0.012553, 130.11536851], [0.523, 130.37768239], [0.523922, 130.37768239]]",0,quantum,2,
precond_pen=1.900,24,-8.120820028303001,131.29920933990624,1.9,2,0.35065221786499023,0.013346195220947266,0.0,111001111010010101000001,+++--++++-+--+-+-+-----+,0,True,"[[0.00016, 151.31257109], [0.011044, 147.77061452], [0.01243, 142.88581991], [0.013346, 131.29920934]]",0,quantum,2,
precond_pen=2.000,24,-1.5788367454579895,130.11536850820013,2.0,2,0.7699010372161865,0.010787010192871094,0.0,000110100001101010111110,---++-+----++-+-+-+++++-,0,True,"[[0.000152, 151.31257109], [0.010189, 148.1776399], [0.010787, 130.11536851]]",0,quantum,2,
baseline,24,121.02014177323395,121.0201417732341,,2,1.0404157638549805,0.010615825653076172,0.0,111011010101000000011101,+++-++-+-+-+-------+++-+,0,True,"[[0.000188, 151.85993202], [0.010066, 148.32766763], [0.010616, 121.02014177]]",1,quantum,2,
precond_pen=1.100,24,-2.5728136909289976,121.03008842867203,1.1,2,0.7156989574432373,0.6108839511871338,0.0,000100101010101111110010,---+--+-+-+-+-++++++--+-,0,True,"[[0.000119, 151.85993202], [0.008903, 143.78876362], [0.009341, 121.7777424], [0.035938, 121.24790097], [0.610884, 121.02014177], [0.611995, 121.03008843]]",1,quantum,2,
precond_pen=1.200,24,-2.29728970243999,121.03008842867203,1.2,2,0.8833770751953125,0.009690999984741211,0.0,111011010101010000001101,+++-++-+-+-+-+------++-+,0,True,"[[0.000121, 151.85993202], [0.009144, 143.54667683], [0.009691, 121.03008843]]",1,quantum,2,
precond_pen=1.300,24,-2.0887727693530103,121.03008842867203,1.3,2,1.2616338729858398,1.1788420677185059,0.0,000100101010101111110010,---+--+-+-+-+-++++++--+-,0,True,"[[0.000129, 151.85993202], [0.007788, 141.48915333], [0.008095, 121.24790097], [1.178842, 121.03008843], [1.260339, 121.03008843]]",1,quantum,2,
precond_pen=1.400,24,-1.925008990312989,121.03008842867203,1.4,2,0.7594759464263916,0.009143829345703125,0.0,111011010101010000001101,+++-++-+-+-+-+------++-+,0,True,"[[0.000118, 151.85993202], [0.008726, 141.48915333], [0.009144, 121.03008843]]",1,quantum,2,
precond_pen=1.500,24,-1.7927201460189952,121.03008842867203,1.5,2,0.7014849185943604,0.008910894393920898,0.0,111011010101010000001101,+++-++-+-+-+-+------++-+,0,True,"[[0.000128, 151.85993202], [0.007646, 145.96006471], [0.00815, 145.33083729], [0.008582, 140.26351599], [0.008911, 121.03008843]]",1,quantum,2,
precond_pen=1.600,24,-1.7746398982899887,121.03008842867203,1.6,2,0.8479499816894531,0.009840011596679688,0.0,111011010101010000001101,+++-++-+-+-+-+------++-+,0,True,"[[0.000129, 151.85993202], [0.007876, 141.33629464], [0.00876, 139.77663081], [0.00935, 137.29018887], [0.00984, 121.03008843]]",1,quantum,2,
precond_pen=1.700,24,-1.5915946474779918,121.03008842867203,1.7,2,0.9478371143341064,0.03148508071899414,0.0,111011010101010000001101,+++-++-+-+-+-+------++-+,0,True,"[[0.000125, 151.85993202], [0.008776, 141.7062722], [0.009285, 121.7777424], [0.031485, 121.03008843]]",1,quantum,2,
precond_pen=1.800,24,-6.943241933407998,121.24790097132205,1.8,2,0.19928383827209473,0.011008024215698242,0.0,111011001101000000001111,+++-++--++-+--------++++,0,True,"[[0.000124, 151.85993202], [0.009137, 133.91474752], [0.010286, 134.06184044], [0.011008, 121.24790097]]",1,quantum,2,
precond_pen=1.900,24,-4.238306783042011,121.0201417732341,1.9,2,0.46302294731140137,0.008063793182373047,0.0,111011010101000000011101,+++-++-+-+-+-------+++-+,0,True,"[[0.000113, 151.85993202], [0.006989, 135.07256981], [0.008064, 121.02014177]]",1,quantum,2,
precond_pen=2.000,24,-7.046078427656001,121.24790097132205,2.0,2,0.16535210609436035,0.007936954498291016,0.0,111011001101000000001111,+++-++--++-+--------++++,0,True,"[[0.000122, 151.85993202], [0.00713, 128.75675131], [0.007937, 121.03008843], [0.027402, 121.24790097]]",1,quantum,2,
baseline,24,119.81107703246303,119.81107703246302,,2,1.1820039749145508,0.007348060607910156,0.0,111110010011001000000111,+++++--+--++--+------+++,0,True,"[[0.000113, 146.89416462], [0.005933, 146.52662832], [0.006564, 145.34607912], [0.006998, 141.85119029], [0.007348, 119.81107703]]",2,quantum,2,
precond_pen=1.100,24,-2.1528138585949996,119.81107703246302,1.1,2,0.853935956954956,0.007989883422851562,0.0,111110010011001000000111,+++++--+--++--+------+++,0,True,"[[0.000123, 146.89416462], [0.007662, 135.30601238], [0.00799, 119.81107703]]",2,quantum,2,
precond_pen=1.200,24,-2.322041315325002,119.81107703246302,1.2,2,0.9165260791778564,0.8448269367218018,0.0,000001101100110111111000,-----++-++--++-++++++---,0,True,"[[0.000141, 146.89416462], [0.007762, 131.07627512], [0.008179, 121.36688993], [0.0331, 120.06666894], [0.461569, 120.04510978], [0.844827, 119.81107703], [0.915059, 119.81107703]]",2,quantum,2,
precond_pen=1.300,24,-2.107881261368984,119.81107703246302,1.3,2,1.0176169872283936,0.0074710845947265625,0.0,111110010011001000000111,+++++--+--++--+------+++,0,True,"[[0.000145, 146.89416462], [0.007107, 140.57072341], [0.007471, 119.81107703]]",2,quantum,2,
precond_pen=1.400,24,-1.9403586545320017,119.81107703246302,1.4,2,0.8303501605987549,0.7168881893157959,0.0,000001101100110111111000,-----++-++--++-++++++---,0,True,"[[0.000134, 146.89416462], [0.008663, 133.19230191], [0.009225, 120.8981552], [0.716888, 119.81107703], [0.828902, 119.81107703]]",2,quantum,2,
precond_pen=1.500,24,-1.805436580272012,119.81107703246302,1.5,2,0.9594690799713135,0.7972149848937988,0.0,000001101100110111111000,-----++-++--++-++++++---,0,True,"[[0.000119, 146.89416462], [0.007352, 139.64815828], [0.007675, 120.8981552], [0.775097, 120.04510978], [0.797215, 119.81107703]]",2,quantum,2,
precond_pen=1.600,24,-1.6942693652380019,119.81107703246302,1.6,2,0.8408098220825195,0.6516108512878418,0.0,111110010011001000000111,+++++--+--++--+------+++,0,True,"[[0.000124, 146.89416462], [0.007362, 141.4716341], [0.007636, 122.52721778], [0.032209, 120.8981552], [0.651611, 119.81107703], [0.839604, 119.81107703]]",2,quantum,2,
precond_pen=1.700,24,-1.6009655485669931,119.81107703246302,1.7,2,0.7798361778259277,0.007590055465698242,0.0,111110010011001000000111,+++++--+--++--+------+++,0,True,"[[0.000155, 146.89416462], [0.007292, 136.08992969], [0.00759, 119.81107703]]",2,quantum,2,
precond_pen=1.800,24,-6.282915696918996,120.04510978351907,1.8,2,0.2986290454864502,0.00781702995300293,0.0,000101101100110011111000,---+-++-++--++--+++++---,0,True,"[[0.000132, 146.89416462], [0.006873, 130.53359392], [0.007817, 120.04510978]]",2,quantum,2,
precond_pen=1.900,24,-6.4361451140699995,120.04510978351907,1.9,2,0.5223917961120605,0.0071408748626708984,0.0,111010010011001100000111,+++-+--+--++--++-----+++,0,True,"[[0.000114, 146.89416462], [0.006116, 126.28262756], [0.007141, 120.04510978]]",2,quantum,2,
precond_pen=2.000,24,-9.285511284270981,120.04510978351907,2.0,2,0.25676512718200684,0.0073680877685546875,0.0,111010010011001100000111,+++-+--+--++--++-----+++,0,True,"[[0.000139, 146.89416462], [0.00619, 143.47368081], [0.006812, 139.05188203], [0.007368, 120.04510978]]",2,quantum,2,
baseline,24,125.62957739668596,125.62957739668624,,2,1.0592808723449707,0.006634950637817383,0.0,010101001111000001100111,-+-+-+--++++-----++--+++,0,True,"[[0.000121, 146.3517384], [0.005419, 141.44536594], [0.006206, 141.21821994], [0.006635, 125.6295774]]",3,quantum,2,
precond_pen=1.100,24,-2.753006941173,125.62957739668624,1.1,2,0.5141181945800781,0.007508993148803711,0.0,101010110000111110011000,+-+-+-++----+++++--++---,0,True,"[[0.00011, 146.3517384], [0.006901, 143.16335833], [0.007509, 125.6295774]]",3,quantum,2,
precond_pen=1.200,24,-2.456921963367,125.62957739668624,1.2,2,0.5251269340515137,0.03090500831604004,0.0,010101001111000001100111,-+-+-+--++++-----++--+++,0,True,"[[0.000127, 146.3517384], [0.007214, 145.79446684], [0.007551, 129.67712264], [0.030905, 125.6295774]]",3,quantum,2,
precond_pen=1.300,24,-2.2321069306670083,125.62957739668624,1.3,2,0.5988068580627441,0.00761103630065918,0.0,101010110000111110011000,+-+-+-++----+++++--++---,0,True,"[[0.000135, 146.3517384], [0.0073, 142.31534855], [0.007611, 125.6295774]]",3,quantum,2,
precond_pen=1.400,24,-2.3622104986589996,125.62957739668624,1.4,2,0.5225698947906494,0.007376909255981445,0.0,010101001111000001100111,-+-+-+--++++-----++--+++,0,True,"[[0.000123, 146.3517384], [0.006911, 140.90960995], [0.007377, 125.6295774]]",3,quantum,2,
precond_pen=1.500,24,-5.7172182714899975,125.62957739668624,1.5,2,0.18412303924560547,0.03228592872619629,0.0,010101001111000001100111,-+-+-+--++++-----++--+++,0,True,"[[0.000119, 146.3517384], [0.006473, 143.38635918], [0.006815, 146.13506668], [0.00717, 138.41780423], [0.007617, 129.57041741], [0.032286, 125.6295774]]",3,quantum,2,
precond_pen=1.600,24,-6.393156174702,125.62957739668624,1.6,2,0.1709308624267578,0.036875009536743164,0.0,010101001111000001100111,-+-+-+--++++-----++--+++,0,True,"[[0.000112, 146.3517384], [0.006721, 136.01279721], [0.007623, 136.39654712], [0.007949, 128.62538392], [0.036875, 125.6295774]]",3,quantum,2,
precond_pen=1.700,24,-6.834066526710002,125.62957739668624,1.7,2,0.14568805694580078,0.035867929458618164,0.0,101010110000111110011000,+-+-+-++----+++++--++---,0,True,"[[0.000106, 146.3517384], [0.007351, 142.99667446], [0.008173, 137.04430706], [0.009, 128.62538392], [0.035868, 125.6295774]]",3,quantum,2,
precond_pen=1.800,24,-4.900051776855998,125.62957739668624,1.8,2,0.1029200553894043,0.033895015716552734,0.0,101010110000111110011000,+-+-+-++----+++++--++---,0,True,"[[9.9e-05, 146.3517384], [0.006357, 142.28626961], [0.00674, 128.62538392], [0.033895, 125.6295774]]",3,quantum,2,
precond_pen=1.900,24,-7.193716615111,125.62957739668624,1.9,2,0.17020893096923828,0.03818082809448242,0.0,010101001111000001100111,-+-+-+--++++-----++--+++,0,True,"[[0.000104, 146.3517384], [0.006747, 136.5092834], [0.008111, 128.62538392], [0.038181, 125.6295774]]",3,quantum,2,
precond_pen=2.000,24,-10.10730695935601,125.62957739668624,2.0,2,0.3495669364929199,0.3455319404602051,0.0,010101001111000001100111,-+-+-+--++++-----++--+++,0,True,"[[9.6e-05, 146.3517384], [0.005823, 142.4272372], [0.006173, 147.15719371], [0.006547, 127.52551189], [0.345532, 125.6295774], [0.348596, 125.6295774]]",3,quantum,2,
baseline,24,137.49819129224997,137.4981912922501,,2,1.4625699520111084,0.5736689567565918,0.0,110100110101001101010100,++-+--++-+-+--++-+-+-+--,0,True,"[[0.000122, 163.78368209], [0.005645, 160.20613068], [0.005963, 159.99175187], [0.006292, 158.62010923], [0.006589, 141.19074867], [0.103311, 139.73777453], [0.573669, 137.49819129], [1.461292, 137.49819129]]",4,quantum,2,
precond_pen=1.100,24,-2.2316655826480023,137.4981912922501,1.1,2,1.0061168670654297,0.007771015167236328,0.0,001011001010110010101011,--+-++--+-+-++--+-+-+-++,0,True,"[[0.000116, 163.78368209], [0.007442, 154.99484284], [0.007771, 137.49819129]]",4,quantum,2,
precond_pen=1.200,24,-2.381844862417015,137.4981912922501,1.2,2,1.2400760650634766,0.03789806365966797,0.0,001011001010110010101011,--+-++--+-+-++--+-+-+-++,0,True,"[[0.000175, 163.78368209], [0.009792, 154.50977664], [0.010716, 149.11516333], [0.010971, 142.10892791], [0.037898, 137.49819129]]",4,quantum,2,
precond_pen=1.300,24,-2.1627639305509962,137.4981912922501,1.3,2,0.6823148727416992,0.012805938720703125,0.0,001011001010110010101011,--+-++--+-+-++--+-+-+-++,0,True,"[[0.000173, 163.78368209], [0.012123, 148.38088968], [0.012806, 137.49819129]]",4,quantum,2,
precond_pen=1.400,24,-1.9908066873829995,137.4981912922501,1.4,2,0.6879210472106934,0.011748075485229492,0.0,001011001010110010101011,--+-++--+-+-++--+-+-+-++,0,True,"[[0.000182, 163.78368209], [0.011032, 149.94389579], [0.011748, 137.49819129]]",4,quantum,2,
precond_pen=1.500,24,-1.8519685502799845,137.4981912922501,1.5,2,1.0609519481658936,0.012588977813720703,0.0,001011001010110010101011,--+-++--+-+-++--+-+-+-++,0,True,"[[0.000156, 163.78368209], [0.011813, 155.71388026], [0.012589, 137.49819129]]",4,quantum,2,
precond_pen=1.600,24,-1.7373440656999968,137.4981912922501,1.6,2,0.689202070236206,0.011265039443969727,0.0,001011001010110010101011,--+-++--+-+-++--+-+-+-++,0,True,"[[0.000149, 163.78368209], [0.010784, 151.84092346], [0.011265, 137.49819129]]",4,quantum,2,
precond_pen=1.700,24,-1.7224545976810042,137.4981912922501,1.7,2,0.7569189071655273,0.008421897888183594,0.0,001011001010110010101011,--+-++--+-+-++--+-+-+-++,0,True,"[[0.000144, 163.78368209], [0.008063, 151.84092346], [0.008422, 137.49819129]]",4,quantum,2,
precond_pen=1.800,24,-5.238991678573997,137.4981912922501,1.8,2,0.2688779830932617,0.011770963668823242,0.0,001011001010110010101011,--+-++--+-+-++--+-+-+-++,0,True,"[[0.000183, 163.78368209], [0.010254, 158.56725562], [0.010875, 160.20613068], [0.011301, 156.92688774], [0.011771, 137.49819129]]",4,quantum,2,
precond_pen=1.900,24,-4.004780992925994,137.4981912922501,1.9,2,0.6300990581512451,0.03263998031616211,0.0,001011001010110010101011,--+-++--+-+-++--+-+-+-++,0,True,"[[0.00021, 163.78368209], [0.009277, 152.28766911], [0.010156, 148.66629194], [0.010557, 139.73777453], [0.03264, 137.49819129]]",4,quantum,2,
precond_pen=2.000,24,-3.7903865430870027,137.4981912922501,2.0,2,0.545097827911377,0.5425999164581299,0.0,001011001010110010101011,--+-++--+-+-++--+-+-+-++,0,True,"[[0.000211, 163.78368209], [0.010325, 143.65759526], [0.011525, 139.73777453], [0.5426, 137.49819129], [0.544044, 137.49819129]]",4,quantum,2,
baseline,24,120.60887358807605,120.60887358807578,,2,1.406559944152832,1.0171709060668945,0.0,101100000100111110110100,+-++-----+--+++++-++-+--,0,True,"[[0.000168, 139.48194045], [0.009247, 122.92375639], [0.088563, 122.69803831], [0.28301, 122.24287604], [0.963911, 120.73168228], [1.017171, 120.60887359]]",5,quantum,2,
precond_pen=1.100,24,-2.423492453571006,120.60887358807578,1.1,2,0.8349249362945557,0.008475780487060547,0.0,101100000100111110110100,+-++-----+--+++++-++-+--,0,True,"[[0.000118, 139.48194045], [0.0081, 136.1629835], [0.008476, 120.60887359]]",5,quantum,2,
precond_pen=1.200,24,-2.170816840992998,120.60887358807578,1.2,2,0.8512089252471924,0.7188770771026611,0.0,101100000100111110110100,+-++-----+--+++++-++-+--,0,True,"[[0.000115, 139.48194045], [0.007321, 133.97063177], [0.007713, 122.24287604], [0.718877, 120.60887359], [0.849029, 120.60887359]]",5,quantum,2,
precond_pen=1.300,24,-1.9791038989630003,120.60887358807578,1.3,2,1.2167201042175293,0.7911911010742188,0.0,101100000100111110110100,+-++-----+--+++++-++-+--,0,True,"[[0.000127, 139.48194045], [0.007728, 137.33269063], [0.008158, 122.24287604], [0.759018, 121.47867077], [0.791191, 120.60887359], [1.214514, 120.60887359]]",5,quantum,2,
precond_pen=1.400,24,-1.8282082828910138,120.60887358807578,1.4,2,1.0450379848480225,0.9041650295257568,0.0,101100000100111110110100,+-++-----+--+++++-++-+--,0,True,"[[0.000157, 139.48194045], [0.012692, 136.98015696], [0.013264, 122.24287604], [0.473463, 122.11980045], [0.849022, 121.47867077], [0.904165, 120.60887359], [1.042978, 120.60887359]]",5,quantum,2,
precond_pen=1.500,24,-1.706086674103993,120.60887358807578,1.5,2,1.0448977947235107,0.8250908851623535,0.0,101100000100111110110100,+-++-----+--+++++-++-+--,0,True,"[[0.000163, 139.48194045], [0.010314, 135.56223828], [0.010782, 122.55940677], [0.450933, 122.11980045], [0.825091, 120.60887359], [1.043214, 120.60887359]]",5,quantum,2,
precond_pen=1.600,24,-1.6893353711959982,120.60887358807578,1.6,2,1.162498950958252,0.9559111595153809,0.0,101100000100111110110100,+-++-----+--+++++-++-+--,0,True,"[[0.000169, 139.48194045], [0.009406, 139.16003522], [0.009936, 122.24287604], [0.876248, 121.84174757], [0.876525, 121.47867077], [0.955911, 120.60887359], [1.160496, 120.60887359]]",5,quantum,2,
precond_pen=1.700,24,-1.664864815488997,120.60887358807578,1.7,2,1.0102479457855225,0.7485880851745605,0.0,101100000100111110110100,+-++-----+--+++++-++-+--,0,True,"[[0.000114, 139.48194045], [0.007502, 139.16003522], [0.007851, 122.24287604], [0.748588, 120.60887359], [1.009328, 120.60887359]]",5,quantum,2,
precond_pen=1.800,24,-3.850287877756003,120.60887358807578,1.8,2,0.5278170108795166,0.5205209255218506,0.0,010011111011000001001011,-+--+++++-++-----+--+-++,0,True,"[[0.000113, 139.48194045], [0.008439, 131.23353813], [0.00949, 128.31972402], [0.009844, 122.69803831], [0.520521, 120.60887359], [0.526938, 120.60887359]]",5,quantum,2,
precond_pen=1.900,24,-3.2529568888060005,120.60887358807578,1.9,2,0.9880218505859375,0.7533400058746338,0.0,010011111011000001001011,-+--+++++-++-----+--+-++,0,True,"[[0.000116, 139.48194045], [0.006357, 138.88920283], [0.007162, 137.82728957], [0.007785, 122.81655023], [0.464729, 122.11980045], [0.696051, 122.66582375], [0.75334, 120.60887359], [0.986004, 120.60887359]]",5,quantum,2,
precond_pen=2.000,24,-7.419844889660986,120.60887358807578,2.0,2,0.7016501426696777,0.07905411720275879,0.0,010011111011000001001011,-+--+++++-++-----+--+-++,0,True,"[[0.000192, 139.48194045], [0.009374, 132.27502418], [0.011231, 123.34120815], [0.079054, 120.60887359]]",5,quantum,2,
baseline,24,124.94988981299596,124.94988981299589,,2,0.8127169609069824,0.011494159698486328,0.0,100011001001101010110110,+---++--+--++-+-+-++-++-,0,True,"[[0.000183, 149.48860608], [0.010872, 149.45673148], [0.011494, 124.94988981]]",6,quantum,2,
precond_pen=1.100,24,-3.1897664293620025,124.94988981299589,1.1,2,0.5293939113616943,0.013156890869140625,0.0,011100110110010101001001,-+++--++-++--+-+-+--+--+,0,True,"[[0.000159, 149.48860608], [0.011662, 142.54997415], [0.013157, 124.94988981]]",6,quantum,2,
precond_pen=1.200,24,-2.8091087665490058,124.94988981299589,1.2,2,0.8240299224853516,0.012722969055175781,0.0,100011001001101010110110,+---++--+--++-+-+-++-++-,0,True,"[[0.000159, 149.48860608], [0.012184, 149.54246206], [0.012723, 124.94988981]]",6,quantum,2,
precond_pen=1.300,24,-2.526776126977005,124.94988981299589,1.3,2,0.586331844329834,0.012109994888305664,0.0,100011001001101010110110,+---++--+--++-+-+-++-++-,0,True,"[[0.00017, 149.48860608], [0.011453, 149.54246206], [0.01211, 124.94988981]]",6,quantum,2,
precond_pen=1.400,24,-2.3082546791620047,124.94988981299589,1.4,2,0.6069049835205078,0.00818014144897461,0.0,100011001001101010110110,+---++--+--++-+-+-++-++-,0,True,"[[0.00012, 149.48860608], [0.007749, 147.14080033], [0.00818, 124.94988981]]",6,quantum,2,
precond_pen=1.500,24,-2.1336950003939936,124.94988981299589,1.5,2,0.772576093673706,0.009571075439453125,0.0,100011001001101010110110,+---++--+--++-+-+-++-++-,0,True,"[[0.000121, 149.48860608], [0.008997, 148.22708107], [0.009571, 124.94988981]]",6,quantum,2,
precond_pen=1.600,24,-7.6995480922500015,124.94988981299589,1.6,2,0.06755709648132324,0.008308172225952148,0.0,100011001001101010110110,+---++--+--++-+-+-++-++-,0,True,"[[0.000126, 149.48860608], [0.007319, 137.52243511], [0.008308, 124.94988981]]",6,quantum,2,
precond_pen=1.700,24,-1.8714597472289967,124.94988981299589,1.7,2,0.5638840198516846,0.007142066955566406,0.0,100011001001101010110110,+---++--+--++-+-+-++-++-,0,True,"[[0.000105, 149.48860608], [0.006736, 145.40755194], [0.007142, 124.94988981]]",6,quantum,2,
precond_pen=1.800,24,-1.8562589857959928,124.94988981299589,1.8,2,0.660477876663208,0.00931096076965332,0.0,100011001001101010110110,+---++--+--++-+-+-++-++-,0,True,"[[0.000118, 149.48860608], [0.008704, 148.22708107], [0.009311, 124.94988981]]",6,quantum,2,
precond_pen=1.900,24,-8.842028118963002,124.94988981299589,1.9,2,0.21025300025939941,0.00793600082397461,0.0,011100110110010101001001,-+++--++-++--+-+-+--+--+,0,True,"[[0.000121, 149.48860608], [0.007047, 146.50110334], [0.007936, 124.94988981]]",6,quantum,2,
precond_pen=2.000,24,-13.861688038406022,124.94988981299589,2.0,2,0.2359600067138672,0.008450984954833984,0.0,100011001001101010110110,+---++--+--++-+-+-++-++-,0,True,"[[0.000114, 149.48860608], [0.007165, 141.39742671], [0.008451, 124.94988981]]",6,quantum,2,
baseline,24,121.48948729551496,121.48948729551489,,2,0.7823529243469238,0.3918118476867676,0.0,101110101010001100110001,+-+++-+-+-+---++--++---+,0,True,"[[0.00012, 149.37512207], [0.007284, 121.97432066], [0.391812, 121.4894873]]",7,quantum,2,
precond_pen=1.100,24,-2.754212140859009,121.48948729551489,1.1,2,0.6293189525604248,0.6117429733276367,0.0,101110101010001100110001,+-+++-+-+-+---++--++---+,0,True,"[[0.000116, 149.37512207], [0.009148, 138.79994522], [0.009673, 121.97432066], [0.595491, 121.82306171], [0.611743, 121.4894873], [0.628343, 121.4894873]]",7,quantum,2,
precond_pen=1.200,24,-2.6965063141030043,121.48948729551489,1.2,2,0.6005668640136719,0.03235483169555664,0.0,101110101010001100110001,+-+++-+-+-+---++--++---+,0,True,"[[0.000116, 149.37512207], [0.006811, 138.95369626], [0.007701, 132.29789382], [0.008108, 121.97432066], [0.032355, 121.4894873]]",7,quantum,2,
precond_pen=1.300,24,-9.524881013463993,123.43163217120899,1.3,2,0.28528594970703125,0.03024601936340332,0.0,101100101100001111101000,+-++--+-++----+++++-+---,0,True,"[[0.000119, 149.37512207], [0.006446, 137.3187478], [0.007468, 126.55941193], [0.030246, 123.43163217]]",7,quantum,2,
precond_pen=1.400,24,-2.039848815782996,121.48948729551489,1.4,2,1.3305909633636475,1.1017510890960693,0.0,010001010101110011001110,-+---+-+-+-+++--++--+++-,0,True,"[[0.00011, 149.37512207], [0.008149, 129.34916269], [0.008584, 121.97432066], [1.101342, 121.82306171], [1.101751, 121.4894873]]",7,quantum,2,
precond_pen=1.500,24,-5.993337920999995,123.72654624719492,1.5,2,0.10137701034545898,0.009179115295410156,0.0,010011010011110000001111,-+--++-+--++++------++++,0,True,"[[0.000144, 149.37512207], [0.007947, 139.34501171], [0.008425, 144.13095631], [0.008791, 136.16294678], [0.009179, 123.72654625]]",7,quantum,2,
precond_pen=1.600,24,-6.660551977953996,123.72654624719492,1.6,2,0.0861361026763916,0.008435964584350586,0.0,010011010011110000001111,-+--++-+--++++------++++,0,True,"[[0.000132, 149.37512207], [0.007288, 144.44606736], [0.007713, 144.13095631], [0.008058, 136.16294678], [0.008436, 123.72654625]]",7,quantum,2,
precond_pen=1.700,24,-7.130484727126005,122.36721345740497,1.7,2,0.09113097190856934,0.00855708122253418,0.0,010011010001110001001111,-+--++-+---+++---+--++++,0,True,"[[0.00013, 149.37512207], [0.006904, 137.40275647], [0.007985, 134.45430037], [0.008557, 122.36721346]]",7,quantum,2,
precond_pen=1.800,24,-7.399869838509,122.36721345740497,1.8,2,0.17714500427246094,0.009724855422973633,0.0,010011010001110001001111,-+--++-+---+++---+--++++,0,True,"[[0.000147, 149.37512207], [0.007927, 139.2001426], [0.009089, 136.29468938], [0.009725, 122.36721346]]",7,quantum,2,
precond_pen=1.900,24,-9.785030069949016,122.36721345740497,1.9,2,0.2253270149230957,0.007856130599975586,0.0,101100101110001110110000,+-++--+-+++---+++-++----,0,True,"[[0.000125, 149.37512207], [0.006782, 144.4395575], [0.007311, 141.46665673], [0.007856, 122.36721346]]",7,quantum,2,
precond_pen=2.000,24,-9.803988623950012,122.36721345740497,2.0,2,0.26710987091064453,0.0073277950286865234,0.0,101100101110001110110000,+-++--+-+++---+++-++----,0,True,"[[0.000115, 149.37512207], [0.006414, 142.95979243], [0.006756, 144.13095631], [0.007328, 122.36721346]]",7,quantum,2,
baseline,24,121.31159902354509,121.3115990235448,,2,1.071563959121704,0.07796597480773926,0.0,111010001101010100011100,+++-+---++-+-+-+---+++--,0,True,"[[0.000119, 143.54497724], [0.005925, 121.40060679], [0.077966, 121.31159902]]",8,quantum,2,
precond_pen=1.100,24,-2.5028839211540213,121.40060679440091,1.1,2,0.7053220272064209,0.6047089099884033,0.0,000100100110111011100011,---+--+--++-+++-+++---++,0,True,"[[0.000115, 143.54497724], [0.006885, 138.69470355], [0.007321, 122.08037744], [0.604709, 121.40060679], [0.704361, 121.40060679]]",8,quantum,2,
precond_pen=1.200,24,-2.2470162023949882,121.40060679440091,1.2,2,0.7409172058105469,0.033262014389038086,0.0,000100100110111011100011,---+--+--++-+++-+++---++,0,True,"[[0.000116, 143.54497724], [0.007381, 143.43219877], [0.007769, 122.08037744], [0.033262, 121.40060679]]",8,quantum,2,
precond_pen=1.300,24,-2.214573254528002,121.40060679440091,1.3,2,0.9077680110931396,0.030117034912109375,0.0,111011011001000100011100,+++-++-++--+---+---+++--,0,True,"[[0.000118, 143.54497724], [0.007593, 143.11934417], [0.008012, 123.1852154], [0.030117, 121.40060679]]",8,quantum,2,
precond_pen=1.400,24,-1.8967950977059989,121.3115990235448,1.4,2,0.930696964263916,0.40232086181640625,0.0,111010001101010100011100,+++-+---++-+-+-+---+++--,0,True,"[[0.000121, 143.54497724], [0.008473, 143.11934417], [0.008861, 123.1852154], [0.402321, 121.31159902]]",8,quantum,2,
precond_pen=1.500,24,-1.7709204904509832,121.3115990235448,1.5,2,0.8728311061859131,0.029261112213134766,0.0,000101110010101011100011,---+-+++--+-+-+-+++---++,0,True,"[[0.000129, 143.54497724], [0.007351, 141.59409541], [0.007731, 123.1852154], [0.029261, 121.31159902]]",8,quantum,2,
precond_pen=1.600,24,-1.7547392521729925,121.3115990235448,1.6,2,0.7913780212402344,0.03134512901306152,0.0,000101110010101011100011,---+-+++--+-+-+-+++---++,0,True,"[[0.000122, 143.54497724], [0.008765, 137.57109188], [0.009321, 122.08037744], [0.031345, 121.31159902]]",8,quantum,2,
precond_pen=1.700,24,-5.586224445508003,121.40060679440091,1.7,2,0.10616803169250488,0.010401010513305664,0.0,111011011001000100011100,+++-++-++--+---+---+++--,0,True,"[[0.000122, 143.54497724], [0.008733, 138.98757867], [0.009346, 137.96265286], [0.009795, 136.38204314], [0.010401, 121.31159902], [0.039993, 121.40060679]]",8,quantum,2,
precond_pen=1.800,24,-5.835271814192003,121.40060679440091,1.8,2,0.09675407409667969,0.008193016052246094,0.0,111011011001000100011100,+++-++-++--+---+---+++--,0,True,"[[0.000676, 143.54497724], [0.007703, 142.6297391], [0.008193, 121.40060679]]",8,quantum,2,
precond_pen=1.900,24,-5.971627668009001,121.40060679440091,1.9,2,0.0939640998840332,0.008433103561401367,0.0,111011011001000100011100,+++-++-++--+---+---+++--,0,True,"[[9.6e-05, 143.54497724], [0.0068, 133.2995052], [0.007676, 132.81352711], [0.008433, 121.40060679]]",8,quantum,2,
precond_pen=2.000,24,-9.776204106695985,121.40060679440091,2.0,2,0.35620713233947754,0.006556034088134766,0.0,111011011001000100011100,+++-++-++--+---+---+++--,0,True,"[[0.00011, 143.54497724], [0.006556, 121.40060679]]",8,quantum,2,
baseline,24,129.879929766075,129.8799297660751,,2,1.343756914138794,0.9499948024749756,0.0,100001111001010100101011,+----++++--+-+-+--+-+-++,0,True,"[[0.000118, 151.73415711], [0.006009, 130.03977138], [0.56473, 129.91584217], [0.949995, 129.87992977], [1.342445, 129.87992977]]",9,quantum,2,
precond_pen=1.100,24,-2.437549607312011,129.8799297660751,1.1,2,0.934027910232544,0.036064863204956055,0.0,100001111001010100101011,+----++++--+-+-+--+-+-++,0,True,"[[0.000121, 151.73415711], [0.00935, 146.01611066], [0.009832, 131.04214987], [0.036065, 129.87992977]]",9,quantum,2,
precond_pen=1.200,24,-2.3903986009810048,129.8799297660751,1.2,2,0.6470069885253906,0.499500036239624,0.0,100001111001010100101011,+----++++--+-+-+--+-+-++,0,True,"[[0.000117, 151.73415711], [0.009034, 144.95224793], [0.009498, 131.34566458], [0.035638, 131.2840317], [0.499152, 131.04214987], [0.4995, 129.87992977], [0.645606, 129.87992977]]",9,quantum,2,
precond_pen=1.300,24,-1.99273499785299,129.8799297660751,1.3,2,0.8554580211639404,0.03672909736633301,0.0,100001111001010100101011,+----++++--+-+-+--+-+-++,0,True,"[[0.000128, 151.73415711], [0.009538, 143.58665258], [0.010035, 131.2840317], [0.036729, 129.87992977]]",9,quantum,2,
precond_pen=1.400,24,-1.8412107138770004,129.8799297660751,1.4,2,0.9136838912963867,0.8820149898529053,0.0,100001111001010100101011,+----++++--+-+-+--+-+-++,0,True,"[[0.000116, 151.73415711], [0.00798, 151.4064407], [0.008275, 130.03977138], [0.792741, 129.91584217], [0.882015, 129.87992977], [0.911901, 129.87992977]]",9,quantum,2,
precond_pen=1.500,24,-1.7183974611060222,129.8799297660751,1.5,2,0.8222079277038574,0.7903649806976318,0.0,011110000110101011010100,-++++----++-+-+-++-+-+--,0,True,"[[0.000112, 151.73415711], [0.008887, 150.80087204], [0.009271, 130.00304619], [0.650396, 129.91584217], [0.790365, 129.87992977], [0.820784, 129.87992977]]",9,quantum,2,
precond_pen=1.600,24,-1.7019717679339976,129.8799297660751,1.6,2,0.8406400680541992,0.7791309356689453,0.0,100001111001010100101011,+----++++--+-+-+--+-+-++,0,True,"[[0.000116, 151.73415711], [0.007738, 151.16896158], [0.008052, 130.03977138], [0.62977, 129.91584217], [0.779131, 129.87992977], [0.838718, 129.87992977]]",9,quantum,2,
precond_pen=1.700,24,-1.6777515575399988,129.8799297660751,1.7,2,0.7782177925109863,0.6843957901000977,0.0,011110000110101011010100,-++++----++-+-+-++-+-+--,0,True,"[[0.000113, 151.73415711], [0.007558, 151.55809868], [0.007869, 131.18145432], [0.028663, 130.03977138], [0.684396, 129.87992977], [0.777144, 129.87992977]]",9,quantum,2,
precond_pen=1.800,24,-3.8042941292050063,129.8799297660751,1.8,2,0.6293399333953857,0.009671926498413086,0.0,100001111001010100101011,+----++++--+-+-+--+-+-++,0,True,"[[0.000115, 151.73415711], [0.008421, 150.473958], [0.008856, 145.39022187], [0.009259, 143.1867103], [0.009672, 129.87992977]]",9,quantum,2,
precond_pen=1.900,24,-5.6486508172419985,129.8799297660751,1.9,2,0.3810720443725586,0.3780860900878906,0.0,011110000110101011010100,-++++----++-+-+-++-+-+--,0,True,"[[0.00011, 151.73415711], [0.00796, 148.10500646], [0.008454, 145.39022187], [0.008944, 140.71724771], [0.009525, 130.71153142], [0.378086, 129.87992977], [0.380183, 129.87992977]]",9,quantum,2,
precond_pen=2.000,24,-3.872940530814006,129.8799297660751,2.0,2,0.4325389862060547,0.4207320213317871,0.0,011110000110101011010100,-++++----++-+-+-++-+-+--,0,True,"[[0.000123, 151.73415711], [0.00683, 145.62394529], [0.007159, 145.39022187], [0.007819, 130.03977138], [0.403469, 130.00304619], [0.420732, 129.87992977], [0.431672, 129.87992977]]",9,quantum,2,
baseline,24,118.76675420807803,118.76675420807787,,2,0.8824198246002197,0.09245181083679199,0.0,011000101101000111110100,-++---+-++-+---+++++-+--,0,True,"[[0.000122, 141.22609529], [0.006381, 140.34509419], [0.00663, 139.70773487], [0.007037, 120.47532321], [0.092452, 118.76675421]]",10,quantum,2,
precond_pen=1.100,24,-2.7365900923479938,118.76675420807787,1.1,2,0.6542398929595947,0.036473989486694336,0.0,011000101101000111110100,-++---+-++-+---+++++-+--,0,True,"[[0.000114, 141.22609529], [0.008579, 135.14759205], [0.009158, 119.9979703], [0.036474, 118.76675421]]",10,quantum,2,
precond_pen=1.200,24,-2.6818110460309956,118.76675420807787,1.2,2,0.6370871067047119,0.610957145690918,0.0,100111010010111000001011,+--+++-+--+-+++-----+-++,0,True,"[[0.000117, 141.22609529], [0.009748, 138.25725598], [0.010255, 120.47532321], [0.580368, 119.9979703], [0.610957, 118.76675421]]",10,quantum,2,
precond_pen=1.300,24,-2.211413725670994,118.76675420807787,1.3,2,0.7057590484619141,0.007567167282104492,0.0,100111010010111000001011,+--+++-+--+-+++-----+-++,0,True,"[[0.000113, 141.22609529], [0.007066, 140.11323092], [0.007567, 118.76675421]]",10,quantum,2,
precond_pen=1.400,24,-2.034514814525,118.76675420807787,1.4,2,0.8388230800628662,0.009496212005615234,0.0,100111010010111000001011,+--+++-+--+-+++-----+-++,0,True,"[[0.000115, 141.22609529], [0.008962, 138.43799586], [0.009496, 118.76675421]]",10,quantum,2,
precond_pen=1.500,24,-1.8918301873789911,118.76675420807787,1.5,2,0.7876980304718018,0.00805211067199707,0.0,100111010010111000001011,+--+++-+--+-+++-----+-++,0,True,"[[0.000115, 141.22609529], [0.007595, 133.30487992], [0.008052, 118.76675421]]",10,quantum,2,
precond_pen=1.600,24,-1.873402253238,118.76675420807787,1.6,2,0.7986090183258057,0.008092880249023438,0.0,100111010010111000001011,+--+++-+--+-+++-----+-++,0,True,"[[0.000114, 141.22609529], [0.007615, 133.30487992], [0.008093, 118.76675421]]",10,quantum,2,
precond_pen=1.700,24,-7.634247911147996,118.76675420807787,1.7,2,0.19243502616882324,0.033184051513671875,0.0,011000101101000111110100,-++---+-++-+---+++++-+--,0,True,"[[0.000121, 141.22609529], [0.007579, 140.42487925], [0.008842, 119.9979703], [0.033184, 118.76675421]]",10,quantum,2,
precond_pen=1.800,24,-1.5908464194160121,118.76675420807787,1.8,2,0.7097480297088623,0.00872492790222168,0.0,011000101101000111110100,-++---+-++-+---+++++-+--,0,True,"[[0.000108, 141.22609529], [0.008175, 140.87178587], [0.008725, 118.76675421]]",10,quantum,2,
precond_pen=1.900,24,-7.858239134670001,118.76675420807787,1.9,2,0.26000094413757324,0.02605891227722168,0.0,100111010010111000001011,+--+++-+--+-+++-----+-++,0,True,"[[0.000117, 141.22609529], [0.006987, 136.46751851], [0.007861, 119.9979703], [0.026059, 118.76675421]]",10,quantum,2,
precond_pen=2.000,24,-7.814258021807999,118.76675420807787,2.0,2,0.3144810199737549,0.009530067443847656,0.0,011000101101000111110100,-++---+-++-+---+++++-+--,0,True,"[[0.000115, 141.22609529], [0.008342, 129.38463641], [0.00953, 118.76675421]]",10,quantum,2,
baseline,24,114.27743181760894,114.27743181760884,,2,0.9176859855651855,0.370074987411499,0.0,011010010011110010000111,-++-+--+--++++--+----+++,0,True,"[[0.000119, 147.29621742], [0.006019, 138.70892604], [0.006566, 135.23818456], [0.007044, 116.15788002], [0.370075, 114.27743182]]",11,quantum,2,
precond_pen=1.100,24,-2.7477808272790103,114.27743181760884,1.1,2,0.6016690731048584,0.5840299129486084,0.0,100101101100001101111000,+--+-++-++----++-++++---,0,True,"[[0.000118, 147.29621742], [0.008359, 129.79745315], [0.008906, 116.15788002], [0.58403, 114.27743182], [0.600739, 114.27743182]]",11,quantum,2,
precond_pen=1.200,24,-2.4555856293879934,114.27743181760884,1.2,2,0.6894760131835938,0.03549790382385254,0.0,100101101100001101111000,+--+-++-++----++-++++---,0,True,"[[0.000123, 147.29621742], [0.007483, 139.53227361], [0.007804, 118.08436297], [0.035498, 114.27743182]]",11,quantum,2,
precond_pen=1.300,24,-2.233198657307007,114.27743181760884,1.3,2,0.7964301109313965,0.7665278911590576,0.0,011010010011110010000111,-++-+--+--++++--+----+++,0,True,"[[0.00012, 147.29621742], [0.009015, 138.58067336], [0.009456, 116.15788002], [0.727424, 115.18002932], [0.727734, 115.13893148], [0.766528, 114.27743182], [0.795595, 114.27743182]]",11,quantum,2,
precond_pen=1.400,24,-2.205728755491,114.27743181760884,1.4,2,0.693140983581543,0.6732120513916016,0.0,011010010011110010000111,-++-+--+--++++--+----+++,0,True,"[[0.000118, 147.29621742], [0.007622, 136.37950283], [0.007933, 116.15788002], [0.647187, 115.13893148], [0.673212, 114.27743182], [0.691299, 114.27743182]]",11,quantum,2,
precond_pen=1.500,24,-1.6870379601249947,114.27743181760884,1.5,2,0.6507711410522461,0.00898122787475586,0.0,011010010011110010000111,-++-+--+--++++--+----+++,0,True,"[[0.000129, 147.29621742], [0.008584, 127.23885594], [0.008981, 114.27743182]]",11,quantum,2,
precond_pen=1.600,24,-5.738794280441995,116.217844507657,1.6,2,0.16193485260009766,0.00792694091796875,0.0,100010100011010010110111,+---+-+---++-+--+-++-+++,0,True,"[[0.000124, 147.29621742], [0.006899, 133.53107089], [0.007309, 139.84554519], [0.007648, 127.4403123], [0.007927, 116.21784451]]",11,quantum,2,
precond_pen=1.700,24,-6.240078509270998,116.217844507657,1.7,2,0.19037604331970215,0.009153127670288086,0.0,100010100011010010110111,+---+-+---++-+--+-++-+++,0,True,"[[0.000104, 147.29621742], [0.007693, 136.20207786], [0.00808, 137.36880486], [0.008798, 130.92613698], [0.009153, 116.21784451]]",11,quantum,2,
precond_pen=1.800,24,-6.536289048184999,116.217844507657,1.8,2,0.2397778034210205,0.008708000183105469,0.0,100010100011010010110111,+---+-+---++-+--+-++-+++,0,True,"[[0.000106, 147.29621742], [0.007145, 133.13721481], [0.007892, 139.84554519], [0.00835, 133.46354894], [0.008708, 116.21784451]]",11,quantum,2,
precond_pen=1.900,24,-4.551734381682008,114.27743181760884,1.9,2,0.26285505294799805,0.029879093170166016,0.0,011010010011110010000111,-++-+--+--++++--+----+++,0,True,"[[0.000109, 147.29621742], [0.007376, 130.01302562], [0.008221, 125.98142332], [0.008537, 116.21784451], [0.029879, 114.27743182]]",11,quantum,2,
precond_pen=2.000,24,-8.70513733861798,115.13893148031092,2.0,2,0.4677290916442871,0.4236030578613281,0.0,101101101100001101011000,+-++-++-++----++-+-++---,0,True,"[[0.00011, 147.29621742], [0.006797, 138.70892604], [0.007458, 117.41060766], [0.423603, 115.13893148]]",11,quantum,2,
baseline,24,125.40906973635609,125.40906973635619,,2,0.8835201263427734,0.08497810363769531,0.0,001010110001110111001100,--+-+-++---+++-+++--++--,0,True,"[[0.000116, 141.70885495], [0.00603, 140.25248871], [0.006262, 126.80153206], [0.084978, 125.40906974]]",12,quantum,2,
precond_pen=1.100,24,-3.9751569273130105,125.40906973635619,1.1,2,0.3719668388366699,0.034921884536743164,0.0,110101001110001000110011,++-+-+--+++---+---++--++,0,True,"[[0.00012, 141.70885495], [0.008734, 128.24177493], [0.034922, 125.40906974]]",12,quantum,2,
precond_pen=1.200,24,-8.72388804368499,125.72006792448617,1.2,2,0.2987980842590332,0.009344100952148438,0.0,110101001110001100010011,++-+-+--+++---++---+--++,0,True,"[[0.000113, 141.70885495], [0.007323, 139.3111472], [0.008388, 138.9704107], [0.009344, 125.72006792]]",12,quantum,2,
precond_pen=1.300,24,-1.892876635583006,125.40906973635619,1.3,2,0.9088361263275146,0.8767199516296387,0.0,110101001110001000110011,++-+-+--+++---+---++--++,0,True,"[[0.000109, 141.70885495], [0.007595, 128.24177493], [0.825862, 126.88544266], [0.853384, 126.80153206], [0.87672, 125.40906974], [0.907561, 125.40906974]]",12,quantum,2,
precond_pen=1.400,24,-2.0385967578520052,125.40906973635619,1.4,2,0.7428209781646729,0.009366989135742188,0.0,110101001110001000110011,++-+-+--+++---+---++--++,0,True,"[[0.000116, 141.70885495], [0.008934, 142.08068963], [0.009367, 125.40906974]]",12,quantum,2,
precond_pen=1.500,24,-1.8947818977899935,125.40906973635619,1.5,2,0.8864450454711914,0.008009195327758789,0.0,110101001110001000110011,++-+-+--+++---+---++--++,0,True,"[[0.000119, 141.70885495], [0.007622, 140.82231355], [0.008009, 125.40906974]]",12,quantum,2,
precond_pen=1.600,24,-5.002512477582003,125.78179349800014,1.6,2,0.1949300765991211,0.007485151290893555,0.0,110101001110001000011011,++-+-+--+++---+----++-++,0,True,"[[0.00012, 141.70885495], [0.007012, 142.36636568], [0.007485, 125.7817935]]",12,quantum,2,
precond_pen=1.700,24,-5.484676267582998,125.78179349800014,1.7,2,0.3034708499908447,0.008546829223632812,0.0,001010110001110111100100,--+-+-++---+++-++++--+--,0,True,"[[0.000104, 141.70885495], [0.007154, 134.81052563], [0.008547, 125.7817935]]",12,quantum,2,
precond_pen=1.800,24,-3.8788023848050024,125.78179349800014,1.8,2,0.5694921016693115,0.0074541568756103516,0.0,110101001110001000011011,++-+-+--+++---+----++-++,0,True,"[[0.000125, 141.70885495], [0.007083, 141.20974956], [0.007454, 125.7817935]]",12,quantum,2,
precond_pen=1.900,24,-3.0452164918529965,126.2415592096482,1.9,2,0.4860548973083496,0.008402109146118164,0.0,101101001110001100010011,+-++-+--+++---++---+--++,0,True,"[[0.000112, 141.70885495], [0.00708, 139.71612374], [0.007784, 138.9704107], [0.008402, 126.24155921]]",12,quantum,2,
precond_pen=2.000,24,-6.045173167181989,125.78179349800014,2.0,2,0.5683369636535645,0.008033990859985352,0.0,001010110001110111100100,--+-+-++---+++-++++--+--,0,True,"[[0.00012, 141.70885495], [0.008034, 125.7817935]]",12,quantum,2,
baseline,24,128.04737140866698,128.04737140866703,,2,1.0692319869995117,0.007528066635131836,0.0,111100010110000110011100,++++---+-++----++--+++--,0,True,"[[0.000112, 149.73360048], [0.006208, 143.17078969], [0.006756, 141.27753143], [0.007528, 128.04737141]]",13,quantum,2,
precond_pen=1.100,24,-2.5937636718400015,128.04737140866703,1.1,2,0.7287390232086182,0.6972861289978027,0.0,000011101001111001100011,----+++-+--++++--++---++,0,True,"[[0.000123, 149.73360048], [0.007898, 142.8104659], [0.008382, 128.95507729], [0.035015, 128.30646462], [0.697286, 128.04737141], [0.727432, 128.04737141]]",13,quantum,2,
precond_pen=1.200,24,-2.311616481785002,128.04737140866703,1.2,2,0.745945930480957,0.00979304313659668,0.0,000011101001111001100011,----+++-+--++++--++---++,0,True,"[[0.000112, 149.73360048], [0.0092, 139.15132838], [0.009793, 128.04737141]]",13,quantum,2,
precond_pen=1.300,24,-2.099129836766986,128.04737140866703,1.3,2,0.817659854888916,0.6709299087524414,0.0,000011101001111001100011,----+++-+--++++--++---++,0,True,"[[0.000118, 149.73360048], [0.0077, 141.97047884], [0.008107, 128.30646462], [0.67093, 128.04737141], [0.815679, 128.04737141]]",13,quantum,2,
precond_pen=1.400,24,-1.9328154842850083,128.04737140866703,1.4,2,0.8253099918365479,0.7671170234680176,0.0,000011101001111001100011,----+++-+--++++--++---++,0,True,"[[0.000113, 149.73360048], [0.009212, 142.74699531], [0.009737, 128.95507729], [0.033489, 128.30646462], [0.767117, 128.04737141], [0.823291, 128.04737141]]",13,quantum,2,
precond_pen=1.500,24,-1.7987978963290043,128.04737140866703,1.5,2,0.8700299263000488,0.8089470863342285,0.0,000011101001111001100011,----+++-+--++++--++---++,0,True,"[[0.000119, 149.73360048], [0.007817, 142.13681122], [0.00814, 129.18852926], [0.031665, 128.30646462], [0.808947, 128.04737141], [0.868191, 128.04737141]]",13,quantum,2,
precond_pen=1.600,24,-1.6883178308050049,128.04737140866703,1.6,2,0.8868329524993896,0.7639849185943604,0.0,111100010110000110011100,++++---+-++----++--+++--,0,True,"[[0.000135, 149.73360048], [0.009463, 140.47956171], [0.009828, 129.95866658], [0.033957, 129.18852926], [0.763539, 128.95507729], [0.763985, 128.04737141], [0.884959, 128.04737141]]",13,quantum,2,
precond_pen=1.700,24,-1.673630170611986,128.04737140866703,1.7,2,0.905026912689209,0.8363020420074463,0.0,000011101001111001100011,----+++-+--++++--++---++,0,True,"[[0.000141, 149.73360048], [0.008033, 138.91701957], [0.008304, 129.95866658], [0.031818, 129.18852926], [0.782889, 128.95507729], [0.783308, 128.78968095], [0.836302, 128.04737141]]",13,quantum,2,
precond_pen=1.800,24,-1.5164973153460153,128.04737140866703,1.8,2,1.215360164642334,1.0904490947723389,0.0,000011101001111001100011,----+++-+--++++--++---++,0,True,"[[0.00013, 149.73360048], [0.00789, 140.47956171], [0.008186, 129.95866658], [0.034216, 128.30646462], [1.090449, 128.04737141], [1.213176, 128.04737141]]",13,quantum,2,
precond_pen=1.900,24,-6.78984343797,128.04737140866703,1.9,2,0.29648280143737793,0.01043081283569336,0.0,111100010110000110011100,++++---+-++----++--+++--,0,True,"[[0.00013, 149.73360048], [0.008432, 144.48142229], [0.009474, 141.27753143], [0.010431, 128.04737141]]",13,quantum,2,
precond_pen=2.000,24,-6.7957361146279975,128.04737140866703,2.0,2,0.28680896759033203,0.008795976638793945,0.0,111100010110000110011100,++++---+-++----++--+++--,0,True,"[[0.000117, 149.73360048], [0.007527, 146.88578403], [0.007968, 143.17078969], [0.008796, 128.04737141]]",13,quantum,2,
baseline,24,116.52272224785007,116.52272224785003,,2,1.5325498580932617,0.006524801254272461,0.0,101010011001000110011101,+-+-+--++--+---++--+++-+,0,True,"[[0.000129, 142.15361079], [0.006525, 116.52272225]]",14,quantum,2,
precond_pen=1.100,24,-3.193285679933009,116.52272224785003,1.1,2,0.3952319622039795,0.008349895477294922,0.0,010101100110111001100010,-+-+-++--++-+++--++---+-,0,True,"[[0.000121, 142.15361079], [0.007414, 135.01149792], [0.00835, 116.52272225]]",14,quantum,2,
precond_pen=1.200,24,-3.1314893828750012,116.52272224785003,1.2,2,0.4510469436645508,0.008665084838867188,0.0,010101100110111001100010,-+-+-++--++-+++--++---+-,0,True,"[[0.000115, 142.15361079], [0.008142, 137.69750287], [0.008665, 116.52272225]]",14,quantum,2,
precond_pen=1.300,24,-2.5603993070189937,116.52272224785003,1.3,2,0.5554990768432617,0.008322954177856445,0.0,101010011001000110011101,+-+-+--++--+---++--+++-+,0,True,"[[0.000128, 142.15361079], [0.007903, 136.35705637], [0.008323, 116.52272225]]",14,quantum,2,
precond_pen=1.400,24,-2.3467862835180036,116.52272224785003,1.4,2,0.5645511150360107,0.008074045181274414,0.0,010101100110111001100010,-+-+-++--++-+++--++---+-,0,True,"[[0.000142, 142.15361079], [0.007673, 141.26711679], [0.008074, 116.52272225]]",14,quantum,2,
precond_pen=1.500,24,-2.174437677880011,116.52272224785003,1.5,2,0.5575199127197266,0.007893085479736328,0.0,101010011001000110011101,+-+-+--++--+---++--+++-+,0,True,"[[0.000135, 142.15361079], [0.007426, 142.26748994], [0.007893, 116.52272225]]",14,quantum,2,
precond_pen=1.600,24,-2.032254006540004,116.52272224785003,1.6,2,0.5280649662017822,0.007843017578125,0.0,101010011001000110011101,+-+-+--++--+---++--+++-+,0,True,"[[0.000128, 142.15361079], [0.007382, 139.18637013], [0.007843, 116.52272225]]",14,quantum,2,
precond_pen=1.700,24,-2.015043634527993,116.52272224785003,1.7,2,0.7676398754119873,0.008723020553588867,0.0,101010011001000110011101,+-+-+--++--+---++--+++-+,0,True,"[[0.000124, 142.15361079], [0.008147, 139.18637013], [0.008723, 116.52272225]]",14,quantum,2,
precond_pen=1.800,24,-1.6082036489380034,116.52272224785003,1.8,2,0.7126121520996094,0.007895946502685547,0.0,101010011001000110011101,+-+-+--++--+---++--+++-+,0,True,"[[0.000137, 142.15361079], [0.007499, 139.18637013], [0.007896, 116.52272225]]",14,quantum,2,
precond_pen=1.900,24,-8.974498670832004,116.52272224785003,1.9,2,0.20886778831481934,0.009337902069091797,0.0,010101100110111001100010,-+-+-++--++-+++--++---+-,0,True,"[[0.000128, 142.15361079], [0.007909, 139.15920547], [0.008885, 139.03639827], [0.009338, 116.52272225]]",14,quantum,2,
precond_pen=2.000,24,-9.074995305283,116.52272224785003,2.0,2,0.20612692832946777,0.008044004440307617,0.0,010101100110111001100010,-+-+-++--++-+++--++---+-,0,True,"[[0.000123, 142.15361079], [0.006879, 143.05025428], [0.00729, 142.78489895], [0.007619, 136.360728], [0.008044, 116.52272225]]",14,quantum,2,
baseline,24,132.9408317571441,132.9408317571441,,2,0.8283970355987549,0.5578539371490479,0.0,011100001110000101110101,-+++----+++----+-+++-+-+,0,True,"[[0.000124, 152.84927086], [0.006213, 149.19904334], [0.006867, 148.27704878], [0.007432, 133.58337106], [0.557854, 132.94083176], [0.826896, 132.94083176]]",15,quantum,2,
precond_pen=1.100,24,-2.586743451108994,132.9408317571441,1.1,2,0.6936588287353516,0.6699798107147217,0.0,011100001110000101110101,-+++----+++----+-+++-+-+,0,True,"[[0.00012, 152.84927086], [0.008874, 148.9240994], [0.009367, 133.89602424], [0.321375, 133.58337106], [0.66998, 132.94083176], [0.692205, 132.94083176]]",15,quantum,2,
precond_pen=1.200,24,-2.307894611819007,132.9408317571441,1.2,2,0.926145076751709,0.03614091873168945,0.0,011100001110000101110101,-+++----+++----+-+++-+-+,0,True,"[[0.000123, 152.84927086], [0.009241, 148.9240994], [0.009669, 133.89602424], [0.036141, 132.94083176]]",15,quantum,2,
precond_pen=1.300,24,-2.097312114742998,132.9408317571441,1.3,2,0.724005937576294,0.4700031280517578,0.0,011100001110000101110101,-+++----+++----+-+++-+-+,0,True,"[[0.000129, 152.84927086], [0.008396, 140.89806018], [0.008761, 134.42058622], [0.030036, 133.58337106], [0.470003, 132.94083176], [0.72223, 132.94083176]]",15,quantum,2,
precond_pen=1.400,24,-1.9321689861850029,132.9408317571441,1.4,2,0.6911568641662598,0.03276395797729492,0.0,011100001110000101110101,-+++----+++----+-+++-+-+,0,True,"[[0.000198, 152.84927086], [0.009286, 144.4129768], [0.009805, 134.42058622], [0.032764, 132.94083176]]",15,quantum,2,
precond_pen=1.500,24,-1.911625506142995,132.9408317571441,1.5,2,0.8092560768127441,0.0318140983581543,0.0,011100001110000101110101,-+++----+++----+-+++-+-+,0,True,"[[0.000116, 152.84927086], [0.008743, 145.1858809], [0.00922, 134.42058622], [0.031814, 132.94083176]]",15,quantum,2,
precond_pen=1.600,24,-1.8803132242099991,132.9408317571441,1.6,2,0.6880359649658203,0.03512907028198242,0.0,011100001110000101110101,-+++----+++----+-+++-+-+,0,True,"[[0.000132, 152.84927086], [0.009413, 150.31422345], [0.009975, 134.42058622], [0.035129, 132.94083176]]",15,quantum,2,
precond_pen=1.700,24,-6.328877388563,133.89602423833014,1.7,2,0.17830395698547363,0.008152961730957031,0.0,001100000111000111110011,--++-----+++---+++++--++,0,True,"[[0.000123, 152.84927086], [0.006959, 146.38700579], [0.007786, 142.57460538], [0.008153, 133.89602424]]",15,quantum,2,
precond_pen=1.800,24,-1.5176717241600155,132.9408317571441,1.8,2,0.7387599945068359,0.734381914138794,0.0,100011110001111010001010,+---++++---++++-+---+-+-,0,True,"[[0.000162, 152.84927086], [0.007271, 144.22799286], [0.007606, 133.58337106], [0.734382, 132.94083176], [0.73774, 132.94083176]]",15,quantum,2,
precond_pen=1.900,24,-6.583949872638,133.89602423833014,1.9,2,0.21365594863891602,0.009232044219970703,0.0,110011111000111000001100,++--+++++---+++-----++--,0,True,"[[0.000163, 152.84927086], [0.007729, 148.4804164], [0.008403, 148.33438559], [0.009232, 132.94083176], [0.039231, 133.89602424]]",15,quantum,2,
precond_pen=2.000,24,-9.295508632500002,133.89602423833014,2.0,2,0.2699921131134033,0.006309032440185547,0.0,110011111000111000001100,++--+++++---+++-----++--,0,True,"[[0.000106, 152.84927086], [0.005953, 149.19904334], [0.006309, 132.94083176], [0.025757, 133.89602424]]",15,quantum,2,
baseline,24,117.59602202205602,117.596022022056,,2,0.954744815826416,0.09687495231628418,0.0,111011010010100101000101,+++-++-+--+-+--+-+---+-+,0,True,"[[0.000154, 136.96958161], [0.006956, 132.57354016], [0.008415, 120.22779729], [0.096875, 117.59602202]]",16,quantum,2,
precond_pen=1.100,24,-2.6131237060850037,117.596022022056,1.1,2,0.6972029209136963,0.034497976303100586,0.0,111011010010100101000101,+++-++-+--+-+--+-+---+-+,0,True,"[[0.000111, 136.96958161], [0.008924, 132.1079206], [0.010077, 128.30162666], [0.010532, 118.24501349], [0.034498, 117.59602202]]",16,quantum,2,
precond_pen=1.200,24,-2.3322051823769847,117.596022022056,1.2,2,0.9599919319152832,0.03286099433898926,0.0,000100101101011010111010,---+--+-++-+-++-+-+++-+-,0,True,"[[0.000134, 136.96958161], [0.008034, 129.27704928], [0.00947, 118.24501349], [0.032861, 117.59602202]]",16,quantum,2,
precond_pen=1.300,24,-2.2943709756999944,117.596022022056,1.3,2,0.7589948177337646,0.008481979370117188,0.0,111011010010100101000101,+++-++-+--+-+--+-+---+-+,0,True,"[[0.000123, 136.96958161], [0.008033, 125.5831997], [0.008482, 117.59602202]]",16,quantum,2,
precond_pen=1.400,24,-2.233630021467995,117.596022022056,1.4,2,0.7740681171417236,0.03223299980163574,0.0,111011010010100101000101,+++-++-+--+-+--+-+---+-+,0,True,"[[0.000131, 136.96958161], [0.007519, 130.81197171], [0.007944, 119.74107901], [0.032233, 117.59602202]]",16,quantum,2,
precond_pen=1.500,24,-1.5844667397369996,117.596022022056,1.5,2,0.8877580165863037,0.8039641380310059,0.0,000100101101011010111010,---+--+-++-+-++-+-+++-+-,0,True,"[[0.000125, 136.96958161], [0.008629, 135.4272948], [0.00904, 119.74107901], [0.029288, 118.24501349], [0.803964, 117.59602202], [0.886664, 117.59602202]]",16,quantum,2,
precond_pen=1.600,24,-1.4978232464070036,117.596022022056,1.6,2,0.8576290607452393,0.007961034774780273,0.0,111011010010100101000101,+++-++-+--+-+--+-+---+-+,0,True,"[[0.00012, 136.96958161], [0.00756, 136.8417977], [0.007961, 117.59602202]]",16,quantum,2,
precond_pen=1.700,24,-1.6129830138570096,117.596022022056,1.7,2,0.9475598335266113,0.8682730197906494,0.0,111011010010100101000101,+++-++-+--+-+--+-+---+-+,0,True,"[[0.000155, 136.96958161], [0.008972, 134.21974721], [0.009475, 118.24501349], [0.868273, 117.59602202], [0.945707, 117.59602202]]",16,quantum,2,
precond_pen=1.800,24,-1.533108375787993,117.596022022056,1.8,2,0.9219861030578613,0.008260965347290039,0.0,111011010010100101000101,+++-++-+--+-+--+-+---+-+,0,True,"[[0.000124, 136.96958161], [0.007923, 136.86730639], [0.008261, 117.59602202]]",16,quantum,2,
precond_pen=1.900,24,-1.5220224580119925,117.596022022056,1.9,2,0.8401751518249512,0.008018970489501953,0.0,111011010010100101000101,+++-++-+--+-+--+-+---+-+,0,True,"[[0.000124, 136.96958161], [0.007681, 136.86730639], [0.008019, 117.59602202]]",16,quantum,2,
precond_pen=2.000,24,-7.043199903592999,118.24501349497022,2.0,2,0.33898210525512695,0.009659051895141602,0.0,001100111001111000101010,--++--+++--++++---+-+-+-,0,True,"[[0.000117, 136.96958161], [0.008352, 129.45089123], [0.009659, 118.24501349]]",16,quantum,2,
baseline,24,117.68792494636998,117.68792494637,,2,1.209662914276123,0.09652900695800781,0.0,000011110000110011101101,----++++----++--+++-++-+,0,True,"[[0.000112, 138.84937541], [0.007584, 137.09666712], [0.00825, 118.01194364], [0.096529, 117.68792495]]",17,quantum,2,
precond_pen=1.100,24,-2.530968538129004,117.68792494637,1.1,2,0.6225008964538574,0.545058012008667,0.0,000011110000110011101101,----++++----++--+++-++-+,0,True,"[[0.000112, 138.84937541], [0.007222, 135.03043547], [0.007567, 118.4557433], [0.03198, 118.01194364], [0.545058, 117.68792495], [0.621017, 117.68792495]]",17,quantum,2,
precond_pen=1.200,24,-2.2721608721409865,117.68792494637,1.2,2,0.7046329975128174,0.622887134552002,0.0,111100001111001100010010,++++----++++--++---+--+-,0,True,"[[0.000115, 138.84937541], [0.0091, 118.01194364], [0.622887, 117.68792495], [0.703753, 117.68792495]]",17,quantum,2,
precond_pen=1.300,24,-2.0737304141499866,117.68792494637,1.3,2,0.7664799690246582,0.7190639972686768,0.0,111100001111001100010010,++++----++++--++---+--+-,0,True,"[[0.000113, 138.84937541], [0.007562, 133.65304988], [0.007932, 121.96884745], [0.029565, 118.4557433], [0.719064, 117.68792495]]",17,quantum,2,
precond_pen=1.400,24,-1.9163975264139825,117.68792494637,1.4,2,0.8248538970947266,0.7465100288391113,0.0,000011110000110011101101,----++++----++--+++-++-+,0,True,"[[0.000111, 138.84937541], [0.00879, 135.7842478], [0.009161, 120.70107936], [0.031134, 118.01194364], [0.74651, 117.68792495], [0.823374, 117.68792495]]",17,quantum,2,
precond_pen=1.500,24,-1.8959135334720134,117.68792494637,1.5,2,0.8348689079284668,0.7561218738555908,0.0,111100001111001100010010,++++----++++--++---+--+-,0,True,"[[0.000116, 138.84937541], [0.00759, 136.74481234], [0.007986, 118.01194364], [0.756122, 117.68792495], [0.833227, 117.68792495]]",17,quantum,2,
precond_pen=1.600,24,-1.682035178494015,117.68792494637,1.6,2,0.7061889171600342,0.6390039920806885,0.0,000011110000110011101101,----++++----++--+++-++-+,0,True,"[[0.000127, 138.84937541], [0.009092, 118.01194364], [0.639004, 117.68792495], [0.705101, 117.68792495]]",17,quantum,2,
precond_pen=1.700,24,-5.979512844066003,118.01194363725412,1.7,2,0.3087348937988281,0.026929855346679688,0.0,001001111000110001001111,--+--++++---++---+--++++,0,True,"[[0.00013, 138.84937541], [0.007495, 135.85576106], [0.008239, 131.34071846], [0.008767, 121.96884745], [0.02693, 118.01194364]]",17,quantum,2,
precond_pen=1.800,24,-4.17902575723901,117.68792494637,1.8,2,0.5039780139923096,0.036015987396240234,0.0,000011110000110011101101,----++++----++--+++-++-+,0,True,"[[0.00011, 138.84937541], [0.007919, 126.66391963], [0.009011, 118.01194364], [0.036016, 117.68792495]]",17,quantum,2,
precond_pen=1.900,24,-6.343670038488,118.01194363725412,1.9,2,0.35464906692504883,0.3012518882751465,0.0,001001111000110001001111,--+--++++---++---+--++++,0,True,"[[0.000128, 138.84937541], [0.008265, 134.79205481], [0.009054, 131.34071846], [0.009652, 121.96884745], [0.033903, 119.83691186], [0.03459, 119.03878653], [0.301252, 118.01194364]]",17,quantum,2,
precond_pen=2.000,24,-4.203859591859002,117.68792494637,2.0,2,0.46140599250793457,0.45591282844543457,0.0,111100001111001100010010,++++----++++--++---+--+-,0,True,"[[0.000126, 138.84937541], [0.008721, 127.29589826], [0.009889, 118.01194364], [0.455913, 117.68792495], [0.460626, 117.68792495]]",17,quantum,2,
baseline,24,123.04507007317201,123.04507007317197,,2,1.2175559997558594,0.47678399085998535,0.0,011100101100101110010100,-+++--+-++--+-+++--+-+--,0,True,"[[0.000115, 148.87751433], [0.00765, 123.29700491], [0.476784, 123.04507007], [1.216219, 123.04507007]]",18,quantum,2,
precond_pen=1.100,24,-2.744146989032007,123.04507007317197,1.1,2,0.603999137878418,0.03592705726623535,0.0,011100101100101110010100,-+++--+-++--+-+++--+-+--,0,True,"[[0.000123, 148.87751433], [0.00792, 142.30936996], [0.008294, 123.29700491], [0.035927, 123.04507007]]",18,quantum,2,
precond_pen=1.200,24,-2.4454181460089988,123.04507007317197,1.2,2,0.6918509006500244,0.030787944793701172,0.0,011100101100101110010100,-+++--+-++--+-+++--+-+--,0,True,"[[0.000132, 148.87751433], [0.008263, 140.47366795], [0.008647, 123.29700491], [0.030788, 123.04507007]]",18,quantum,2,
precond_pen=1.300,24,-2.2196201940360005,123.04507007317197,1.3,2,0.8703460693359375,0.8541371822357178,0.0,011100101100101110010100,-+++--+-++--+-+++--+-+--,0,True,"[[0.000152, 148.87751433], [0.008207, 141.4876882], [0.008583, 123.29700491], [0.812632, 123.19043234], [0.813024, 123.30676892], [0.854137, 123.04507007]]",18,quantum,2,
precond_pen=1.400,24,-2.0424218219219785,123.04507007317197,1.4,2,0.7987630367279053,0.7570030689239502,0.0,011100101100101110010100,-+++--+-++--+-+++--+-+--,0,True,"[[0.000173, 148.87751433], [0.009509, 139.8430261], [0.009967, 123.29700491], [0.727691, 123.19043234], [0.757003, 123.04507007], [0.796677, 123.04507007]]",18,quantum,2,
precond_pen=1.500,24,-2.0207102158369974,123.04507007317197,1.5,2,0.7586779594421387,0.6723089218139648,0.0,100011010011010001101011,+---++-+--++-+---++-+-++,0,True,"[[0.000133, 148.87751433], [0.008257, 139.8430261], [0.008632, 123.29700491], [0.671975, 123.30676892], [0.672309, 123.04507007], [0.757444, 123.04507007]]",18,quantum,2,
precond_pen=1.600,24,-5.159249486507001,123.04507007317197,1.6,2,0.2347569465637207,0.028074979782104492,0.0,100011010011010001101011,+---++-+--++-+---++-+-++,0,True,"[[0.000171, 148.87751433], [0.007805, 133.12611193], [0.008636, 132.15329791], [0.009109, 123.29700491], [0.028075, 123.04507007]]",18,quantum,2,
precond_pen=1.700,24,-3.978664553647995,123.04507007317197,1.7,2,0.4557790756225586,0.27520203590393066,0.0,011100101100101110010100,-+++--+-++--+-+++--+-+--,0,True,"[[0.000156, 148.87751433], [0.008752, 142.14216298], [0.010016, 140.18229782], [0.010558, 123.19043234], [0.275202, 123.04507007]]",18,quantum,2,
precond_pen=1.800,24,-5.982751906346002,123.04507007317197,1.8,2,0.20349502563476562,0.09655904769897461,0.0,100011010011010001101011,+---++-+--++-+---++-+-++,0,True,"[[0.000119, 148.87751433], [0.008248, 134.25386984], [0.009482, 123.29700491], [0.096559, 123.04507007]]",18,quantum,2,
precond_pen=1.900,24,-6.184357257294,123.04507007317197,1.9,2,0.16773414611816406,0.1558210849761963,0.0,011100101100101110010100,-+++--+-++--+-+++--+-+--,0,True,"[[0.000125, 148.87751433], [0.008144, 141.20112555], [0.008637, 141.67322206], [0.009067, 138.69321733], [0.009452, 123.19043234], [0.037041, 123.29700491], [0.155821, 123.04507007]]",18,quantum,2,
precond_pen=2.000,24,-3.3737935643949886,123.29700490769214,2.0,2,0.788719892501831,0.008229970932006836,0.0,010111111001010100100100,-+-++++++--+-+-+--+--+--,0,True,"[[0.000127, 148.87751433], [0.007044, 147.11901937], [0.0077, 145.55526055], [0.00823, 123.29700491]]",18,quantum,2,
baseline,24,121.42835876217991,121.42835876217984,,2,1.0206081867218018,0.0063800811767578125,0.0,010011111100011011000100,-+--++++++---++-++---+--,0,True,"[[0.000118, 141.91562752], [0.00638, 121.42835876]]",19,quantum,2,
precond_pen=1.100,24,-2.721484972521994,121.42835876217984,1.1,2,0.63909912109375,0.009788990020751953,0.0,101100000011100100111011,+-++------+++--+--+++-++,0,True,"[[0.000173, 141.91562752], [0.009396, 134.63782542], [0.009789, 121.42835876]]",19,quantum,2,
precond_pen=1.200,24,-2.4335528240770117,121.42835876217984,1.2,2,0.6023259162902832,0.009922027587890625,0.0,101100000011100100111011,+-++------+++--+--+++-++,0,True,"[[0.000182, 141.91562752], [0.009551, 138.60427352], [0.009922, 121.42835876]]",19,quantum,2,
precond_pen=1.300,24,-2.2141428993370127,121.42835876217984,1.3,2,0.7365260124206543,0.008954048156738281,0.0,101100000011100100111011,+-++------+++--+--+++-++,0,True,"[[0.000129, 141.91562752], [0.008593, 134.83950453], [0.008954, 121.42835876]]",19,quantum,2,
precond_pen=1.400,24,-2.0409099377179967,121.42835876217984,1.4,2,0.6905868053436279,0.008463859558105469,0.0,101100000011100100111011,+-++------+++--+--+++-++,0,True,"[[0.000177, 141.91562752], [0.00811, 130.39852285], [0.008464, 121.42835876]]",19,quantum,2,
precond_pen=1.500,24,-1.9003879823240037,121.42835876217984,1.5,2,0.7052688598632812,0.010014057159423828,0.0,101100000011100100111011,+-++------+++--+--+++-++,0,True,"[[0.000178, 141.91562752], [0.009553, 135.49542486], [0.010014, 121.42835876]]",19,quantum,2,
precond_pen=1.600,24,-1.7839330044720043,121.42835876217984,1.6,2,0.7882211208343506,0.00843191146850586,0.0,101100000011100100111011,+-++------+++--+--+++-++,0,True,"[[0.00013, 141.91562752], [0.008064, 134.26027394], [0.008432, 121.42835876]]",19,quantum,2,
precond_pen=1.700,24,-5.142520369726003,121.42835876217984,1.7,2,0.14971184730529785,0.010233879089355469,0.0,101100000011100100111011,+-++------+++--+--+++-++,0,True,"[[0.000144, 141.91562752], [0.0089, 138.36487712], [0.009385, 141.45218892], [0.009814, 137.23481457], [0.010234, 121.42835876]]",19,quantum,2,
precond_pen=1.800,24,-2.824141893970003,121.42835876217984,1.8,2,0.4729499816894531,0.46309995651245117,0.0,010011111100011011000100,-+--++++++---++-++---+--,0,True,"[[0.000118, 141.91562752], [0.007737, 139.30205672], [0.008144, 141.45218892], [0.008774, 129.05134206], [0.009245, 126.12868077], [0.037202, 126.0119747], [0.4631, 121.42835876]]",19,quantum,2,
precond_pen=1.900,24,-1.5290508889190164,121.42835876217984,1.9,2,1.2194838523864746,0.009920835494995117,0.0,101100000011100100111011,+-++------+++--+--+++-++,0,True,"[[0.000112, 141.91562752], [0.009519, 136.4292395], [0.009921, 121.42835876]]",19,quantum,2,
precond_pen=2.000,24,-1.5194494817280013,121.42835876217984,2.0,2,0.8878581523895264,0.008705854415893555,0.0,101100000011100100111011,+-++------+++--+--+++-++,0,True,"[[0.000124, 141.91562752], [0.008336, 136.4292395], [0.008706, 121.42835876]]",19,quantum,2,
baseline,24,122.83460775651398,122.83460775651392,,2,1.1335110664367676,0.008793115615844727,0.0,110101000000101011010111,++-+-+------+-+-++-+-+++,0,True,"[[0.000128, 145.99675772], [0.008268, 141.80394865], [0.008793, 122.83460776]]",20,quantum,2,
precond_pen=1.100,24,-2.498944450147997,122.83460775651392,1.1,2,0.9313938617706299,0.8842949867248535,0.0,001010111111010100101000,--+-+-++++++-+-+--+-+---,0,True,"[[0.000111, 145.99675772], [0.009066, 132.43722807], [0.009566, 124.37173951], [0.689954, 124.1918909], [0.854403, 123.88361051], [0.884295, 122.83460776], [0.929626, 122.83460776]]",20,quantum,2,
precond_pen=1.200,24,-2.2406298380290046,122.83460775651392,1.2,2,0.8685739040374756,0.801224946975708,0.0,001010111111010100101000,--+-+-++++++-+-+--+-+---,0,True,"[[0.000128, 145.99675772], [0.009384, 133.17072598], [0.009832, 124.7592249], [0.037826, 124.37173951], [0.744161, 123.35945658], [0.801225, 122.83460776], [0.867531, 122.83460776]]",20,quantum,2,
precond_pen=1.300,24,-2.0437018081779996,122.83460775651392,1.3,2,0.835211992263794,0.010296106338500977,0.0,110101000000101011010111,++-+-+------+-+-++-+-+++,0,True,"[[0.000124, 145.99675772], [0.009724, 139.69909367], [0.010296, 122.83460776]]",20,quantum,2,
precond_pen=1.400,24,-1.888151735798008,122.83460775651392,1.4,2,0.8011808395385742,0.7064690589904785,0.0,110101000000101011010111,++-+-+------+-+-++-+-+++,0,True,"[[0.000127, 145.99675772], [0.008289, 145.51336788], [0.008709, 124.7592249], [0.654758, 124.42927294], [0.688379, 123.35945658], [0.706469, 122.83460776]]",20,quantum,2,
precond_pen=1.500,24,-1.7619150168949957,122.83460775651392,1.5,2,0.7335159778594971,0.03437304496765137,0.0,110101000000101011010111,++-+-+------+-+-++-+-+++,0,True,"[[0.000191, 145.99675772], [0.009447, 141.35445968], [0.010042, 124.7592249], [0.034373, 122.83460776]]",20,quantum,2,
precond_pen=1.600,24,-1.6572562248430014,122.83460775651392,1.6,2,1.3115661144256592,1.1708109378814697,0.0,001010111111010100101000,--+-+-++++++-+-+--+-+---,0,True,"[[0.000126, 145.99675772], [0.009079, 138.1547784], [0.009533, 124.37173951], [1.170811, 122.83460776], [1.310017, 122.83460776]]",20,quantum,2,
precond_pen=1.700,24,-1.5689794915569948,122.83460775651392,1.7,2,1.024034023284912,0.0353388786315918,0.0,110101000000101011010111,++-+-+------+-+-++-+-+++,0,True,"[[0.000128, 145.99675772], [0.008346, 145.52758158], [0.008831, 124.37173951], [0.035339, 122.83460776]]",20,quantum,2,
precond_pen=1.800,24,-5.183078111685003,124.37173951240607,1.8,2,0.2004859447479248,0.008620023727416992,0.0,010101000000101010111111,-+-+-+------+-+-+-++++++,0,True,"[[0.000122, 145.99675772], [0.007652, 137.22301034], [0.00862, 124.37173951]]",20,quantum,2,
precond_pen=1.900,24,-6.364890287487977,122.83460775651392,1.9,2,0.6255009174346924,0.008783817291259766,0.0,110101000000101011010111,++-+-+------+-+-++-+-+++,0,True,"[[0.000131, 145.99675772], [0.007541, 145.48591958], [0.008784, 122.83460776]]",20,quantum,2,
precond_pen=2.000,24,-6.361989645435031,123.41728687346583,2.0,2,0.3409430980682373,0.007909059524536133,0.0,110101000100101001010111,++-+-+---+--+-+--+-+-+++,0,True,"[[0.000127, 145.99675772], [0.006435, 146.71079698], [0.007105, 143.19703654], [0.007522, 140.07684003], [0.007909, 123.41728687]]",20,quantum,2,
baseline,24,118.87209048451598,118.87209048451594,,2,1.140247106552124,0.007686138153076172,0.0,110101000001110011001110,++-+-+-----+++--++--+++-,0,True,"[[0.000117, 135.05173413], [0.007316, 133.06835362], [0.007686, 118.87209048]]",21,quantum,2,
precond_pen=1.100,24,-2.6794202096169943,118.87209048451594,1.1,2,0.6982910633087158,0.010136127471923828,0.0,110101000001110011001110,++-+-+-----+++--++--+++-,0,True,"[[0.000114, 135.05173413], [0.009784, 134.36461662], [0.010136, 118.87209048]]",21,quantum,2,
precond_pen=1.200,24,-2.385121964662993,118.87209048451594,1.2,2,0.6677930355072021,0.036897897720336914,0.0,110101000001110011001110,++-+-+-----+++--++--+++-,0,True,"[[0.000115, 135.05173413], [0.009228, 131.27713764], [0.00981, 118.9891921], [0.036898, 118.87209048]]",21,quantum,2,
precond_pen=1.300,24,-2.163831924081002,118.87209048451594,1.3,2,0.8324239253997803,0.03235197067260742,0.0,001010111110001100110001,--+-+-+++++---++--++---+,0,True,"[[0.000116, 135.05173413], [0.008018, 132.24260155], [0.008431, 118.9891921], [0.032352, 118.87209048]]",21,quantum,2,
precond_pen=1.400,24,-1.9907958859220098,118.87209048451594,1.4,2,1.1448371410369873,0.03173112869262695,0.0,001010111110001100110001,--+-+-+++++---++--++---+,0,True,"[[0.000117, 135.05173413], [0.008898, 134.05753268], [0.009316, 119.52228113], [0.031731, 118.87209048]]",21,quantum,2,
precond_pen=1.500,24,-1.8514435363299935,118.87209048451594,1.5,2,0.7967238426208496,0.034394025802612305,0.0,001010111110001100110001,--+-+-+++++---++--++---+,0,True,"[[0.000147, 135.05173413], [0.009139, 134.36461662], [0.009613, 119.52228113], [0.034394, 118.87209048]]",21,quantum,2,
precond_pen=1.600,24,-1.8333175144230012,118.87209048451594,1.6,2,0.8059511184692383,0.01085209846496582,0.0,110101000001110011001110,++-+-+-----+++--++--+++-,0,True,"[[0.000175, 135.05173413], [0.010376, 131.96133802], [0.010852, 118.87209048]]",21,quantum,2,
precond_pen=1.700,24,-1.8067410518180118,118.87209048451594,1.7,2,1.0601179599761963,0.014961004257202148,0.0,110101000001110011001110,++-+-+-----+++--++--+++-,0,True,"[[0.000242, 135.05173413], [0.014306, 131.96133802], [0.014961, 118.87209048]]",21,quantum,2,
precond_pen=1.800,24,-7.2902696482469995,118.98919209857594,1.8,2,0.35491418838500977,0.013889074325561523,0.0,001110101010101010110001,--+++-+-+-+-+-+-+-++---+,0,True,"[[0.000175, 135.05173413], [0.012716, 123.57148785], [0.013889, 118.9891921]]",21,quantum,2,
precond_pen=1.900,24,-3.9030523160120163,118.98919209857594,1.9,2,0.6831281185150146,0.017040014266967773,0.0,110001010101010101001110,++---+-+-+-+-+-+-+--+++-,0,True,"[[0.001131, 135.05173413], [0.014514, 132.31614072], [0.016063, 131.93385293], [0.01704, 118.87209048], [0.643706, 118.9891921], [0.681124, 118.9891921]]",21,quantum,2,
precond_pen=2.000,24,-10.105822116047982,118.98919209857594,2.0,2,0.3427388668060303,0.31783485412597656,0.0,110001010101010101001110,++---+-+-+-+-+-+-+--+++-,0,True,"[[0.00021, 135.05173413], [0.015108, 130.60225333], [0.016581, 121.1646619], [0.317835, 118.9891921]]",21,quantum,2,
baseline,24,113.68700063191713,113.68700063191703,,2,0.7641088962554932,0.008960962295532227,0.0,011110011000110100100110,-++++--++---++-+--+--++-,0,True,"[[0.000157, 137.94890326], [0.008961, 113.68700063]]",22,quantum,2,
precond_pen=1.100,24,-2.9722426817489946,113.68700063191703,1.1,2,0.6748871803283691,0.03306698799133301,0.0,100001100111001011011001,+----++--+++--+-++-++--+,0,True,"[[0.000172, 137.94890326], [0.011053, 129.37033139], [0.011634, 115.51772177], [0.033067, 113.68700063]]",22,quantum,2,
precond_pen=1.200,24,-2.911522871560001,113.68700063191703,1.2,2,0.5407450199127197,0.011474132537841797,0.0,100001100111001011011001,+----++--+++--+-++-++--+,0,True,"[[0.00019, 137.94890326], [0.010791, 133.89905337], [0.011474, 113.68700063]]",22,quantum,2,
precond_pen=1.300,24,-2.389562939569993,113.68700063191703,1.3,2,0.6539428234100342,0.01252889633178711,0.0,100001100111001011011001,+----++--+++--+-++-++--+,0,True,"[[0.000163, 137.94890326], [0.011789, 128.60258902], [0.012529, 113.68700063]]",22,quantum,2,
precond_pen=1.400,24,-2.1933339649069907,113.68700063191703,1.4,2,0.7978420257568359,0.7808060646057129,0.0,011110011000110100100110,-++++--++---++-+--+--++-,0,True,"[[0.000159, 137.94890326], [0.011752, 134.69587269], [0.012538, 117.14012533], [0.575516, 115.51772177], [0.780806, 113.68700063], [0.796571, 113.68700063]]",22,quantum,2,
precond_pen=1.500,24,-2.1684537460319966,113.68700063191703,1.5,2,0.7245330810546875,0.011898994445800781,0.0,100001100111001011011001,+----++--+++--+-++-++--+,0,True,"[[0.000141, 137.94890326], [0.01098, 132.41019142], [0.011899, 113.68700063]]",22,quantum,2,
precond_pen=1.600,24,-8.102567700798001,113.68700063191703,1.6,2,0.18621611595153809,0.012602090835571289,0.0,011110011000110100100110,-++++--++---++-+--+--++-,0,True,"[[0.000155, 137.94890326], [0.01049, 131.32872955], [0.011629, 125.83834637], [0.012602, 113.68700063]]",22,quantum,2,
precond_pen=1.700,24,-8.627220074611998,113.68700063191703,1.7,2,0.21429705619812012,0.009062051773071289,0.0,011110011000110100100110,-++++--++---++-+--+--++-,0,True,"[[0.000133, 137.94890326], [0.007768, 129.72848516], [0.008406, 125.83834637], [0.009062, 113.68700063]]",22,quantum,2,
precond_pen=1.800,24,-5.316932377109996,113.68700063191703,1.8,2,0.47612619400024414,0.04114508628845215,0.0,011110011000110100100110,-++++--++---++-+--+--++-,0,True,"[[0.000165, 137.94890326], [0.010151, 135.63074288], [0.011132, 130.73652246], [0.011635, 128.97473605], [0.012028, 115.51772177], [0.041145, 113.68700063]]",22,quantum,2,
precond_pen=1.900,24,-5.4322453008440075,113.68700063191703,1.9,2,0.26813197135925293,0.04836893081665039,0.0,011110011000110100100110,-++++--++---++-+--+--++-,0,True,"[[0.000137, 137.94890326], [0.009224, 131.48980195], [0.009692, 130.73652246], [0.010337, 129.50476066], [0.010742, 115.51772177], [0.048369, 113.68700063]]",22,quantum,2,
precond_pen=2.000,24,-8.931591473018006,113.68700063191703,2.0,2,0.36260104179382324,0.010915040969848633,0.0,011110011000110100100110,-++++--++---++-+--+--++-,0,True,"[[0.000136, 137.94890326], [0.009107, 132.78872534], [0.01002, 130.73652246], [0.010915, 113.68700063]]",22,quantum,2,
baseline,24,126.97531944097913,126.97531944097895,,2,0.8199820518493652,0.009185075759887695,0.0,011101010010111001010100,-+++-+-+--+-+++--+-+-+--,0,True,"[[0.000143, 146.42459781], [0.009185, 126.97531944]]",23,quantum,2,
precond_pen=1.100,24,-2.871190725425004,126.97531944097895,1.1,2,0.5879199504852295,0.04118084907531738,0.0,011101010010111001010100,-+++-+-+--+-+++--+-+-+--,0,True,"[[0.000139, 146.42459781], [0.010831, 143.68658227], [0.011605, 127.59452186], [0.041181, 126.97531944]]",23,quantum,2,
precond_pen=1.200,24,-2.5499319107229983,126.97531944097895,1.2,2,0.5960860252380371,0.5751349925994873,0.0,100010101101000110101011,+---+-+-++-+---++-+-+-++,0,True,"[[0.000157, 146.42459781], [0.011836, 142.22749373], [0.012496, 127.59452186], [0.575135, 126.97531944], [0.594933, 126.97531944]]",23,quantum,2,
precond_pen=1.300,24,-2.308326200476005,126.97531944097895,1.3,2,0.5823521614074707,0.009875059127807617,0.0,011101010010111001010100,-+++-+-+--+-+++--+-+-+--,0,True,"[[0.000138, 146.42459781], [0.009875, 126.97531944]]",23,quantum,2,
precond_pen=1.400,24,-2.1194215959239973,126.97531944097895,1.4,2,0.6532449722290039,0.0316929817199707,0.0,011101010010111001010100,-+++-+-+--+-+++--+-+-+--,0,True,"[[0.000142, 146.42459781], [0.009668, 141.17596337], [0.010234, 127.59452186], [0.031693, 126.97531944]]",23,quantum,2,
precond_pen=1.500,24,-1.9673424107229902,126.97531944097895,1.5,2,0.6451539993286133,0.03484916687011719,0.0,011101010010111001010100,-+++-+-+--+-+++--+-+-+--,0,True,"[[0.000146, 146.42459781], [0.009484, 145.30865806], [0.010037, 127.59452186], [0.034849, 126.97531944]]",23,quantum,2,
precond_pen=1.600,24,-1.948346069467009,126.97531944097895,1.6,2,0.6384999752044678,0.03726601600646973,0.0,100010101101000110101011,+---+-+-++-+---++-+-+-++,0,True,"[[0.000145, 146.42459781], [0.010421, 145.30865806], [0.011124, 127.59452186], [0.037266, 126.97531944]]",23,quantum,2,
precond_pen=1.700,24,-1.9205829059829913,126.97531944097895,1.7,2,0.6560220718383789,0.03635096549987793,0.0,100010101101000110101011,+---+-+-++-+---++-+-+-++,0,True,"[[0.000135, 146.42459781], [0.010165, 145.22760944], [0.010777, 127.59452186], [0.036351, 126.97531944]]",23,quantum,2,
precond_pen=1.800,24,-1.647436932878005,126.97531944097895,1.8,2,0.6249740123748779,0.03771209716796875,0.0,100010101101000110101011,+---+-+-++-+---++-+-+-++,0,True,"[[0.000144, 146.42459781], [0.011176, 145.47138267], [0.011751, 127.59452186], [0.037712, 126.97531944]]",23,quantum,2,
precond_pen=1.900,24,-1.635853405655988,126.97531944097895,1.9,2,0.7228379249572754,0.038417816162109375,0.0,100010101101000110101011,+---+-+-++-+---++-+-+-++,0,True,"[[0.000125, 146.42459781], [0.008103, 139.2038515], [0.008504, 127.59452186], [0.038418, 126.97531944]]",23,quantum,2,
precond_pen=2.000,24,-4.819034589960998,126.97531944097895,2.0,2,0.37685489654541016,0.37241482734680176,0.0,011101010010111001010100,-+++-+-+--+-+++--+-+-+--,0,True,"[[0.000148, 146.42459781], [0.008791, 142.7266513], [0.009297, 142.73969393], [0.009721, 140.17419885], [0.010104, 127.59452186], [0.372415, 126.97531944]]",23,quantum,2,
baseline,24,122.59730320399491,122.59730320399491,,2,1.1820440292358398,0.008893013000488281,0.0,000101001001010111111001,---+-+--+--+-+-++++++--+,0,True,"[[0.000146, 139.43295984], [0.008222, 137.32412379], [0.008893, 122.5973032]]",24,quantum,2,
precond_pen=1.100,24,-2.5523654413219994,122.59730320399491,1.1,2,0.7759528160095215,0.011734962463378906,0.0,111010110110101000000110,+++-+-++-++-+-+------++-,0,True,"[[0.000155, 139.43295984], [0.011735, 122.5973032]]",24,quantum,2,
precond_pen=1.200,24,-2.2933685846909935,122.59730320399491,1.2,2,0.7889809608459473,0.00939798355102539,0.0,111010110110101000000110,+++-+-++-++-+-+------++-,0,True,"[[0.000132, 139.43295984], [0.008935, 136.6884462], [0.009398, 122.5973032]]",24,quantum,2,
precond_pen=1.300,24,-2.0942073664199956,122.59730320399491,1.3,2,0.819025993347168,0.009889841079711914,0.0,111010110110101000000110,+++-+-++-++-+-+------++-,0,True,"[[0.000129, 139.43295984], [0.00989, 122.5973032]]",24,quantum,2,
precond_pen=1.400,24,-1.9359229268669988,122.59730320399491,1.4,2,0.7116990089416504,0.011824846267700195,0.0,111010110110101000000110,+++-+-++-++-+-+------++-,0,True,"[[0.000156, 139.43295984], [0.011194, 131.95541615], [0.011825, 122.5973032]]",24,quantum,2,
precond_pen=1.500,24,-1.806865377867009,122.59730320399491,1.5,2,0.7754230499267578,0.02585005760192871,0.0,111010110110101000000110,+++-+-++-++-+-+------++-,0,True,"[[0.000109, 139.43295984], [0.006759, 138.99144666], [0.007041, 124.88055302], [0.02585, 122.5973032]]",24,quantum,2,
precond_pen=1.600,24,-1.6995039995590009,122.59730320399491,1.6,2,0.7120108604431152,0.007017850875854492,0.0,111010110110101000000110,+++-+-++-++-+-+------++-,0,True,"[[0.00012, 139.43295984], [0.006665, 137.80158762], [0.007018, 122.5973032]]",24,quantum,2,
precond_pen=1.700,24,-1.6857123110850054,122.59730320399491,1.7,2,0.8102598190307617,0.007057905197143555,0.0,111010110110101000000110,+++-+-++-++-+-+------++-,0,True,"[[0.00011, 139.43295984], [0.006706, 137.80158762], [0.007058, 122.5973032]]",24,quantum,2,
precond_pen=1.800,24,-3.884097248224002,122.59730320399491,1.8,2,0.4380989074707031,0.008677959442138672,0.0,111010110110101000000110,+++-+-++-++-+-+------++-,0,True,"[[0.000111, 139.43295984], [0.0076, 137.15023844], [0.008019, 135.09405115], [0.008678, 122.5973032]]",24,quantum,2,
precond_pen=1.900,24,-3.929306071390995,122.59730320399491,1.9,2,0.47776103019714355,0.0075931549072265625,0.0,111010110110101000000110,+++-+-++-++-+-+------++-,0,True,"[[0.000107, 139.43295984], [0.00727, 139.77237987], [0.007593, 122.5973032]]",24,quantum,2,
precond_pen=2.000,24,-3.9177837154259976,122.59730320399491,2.0,2,0.5413429737091064,0.5402841567993164,0.0,000101001001010111111001,---+-+--+--+-+-++++++--+,0,True,"[[0.000104, 139.43295984], [0.006625, 139.71422911], [0.007015, 124.88055302], [0.031366, 123.53947716], [0.540284, 122.5973032], [0.540772, 122.5973032]]",24,quantum,2,
baseline,24,124.05263951704205,124.05263951704207,,2,0.8255710601806641,0.00583195686340332,0.0,110111110001101010100000,++-+++++---++-+-+-+-----,0,True,"[[0.000102, 144.24807092], [0.005087, 141.36427032], [0.005433, 140.98987512], [0.005832, 124.05263952]]",25,quantum,2,
precond_pen=1.100,24,-2.6980377442150054,124.05263951704207,1.1,2,0.5795948505401611,0.00754094123840332,0.0,001000001110010101011111,--+-----+++--+-+-+-+++++,0,True,"[[0.000105, 144.24807092], [0.007062, 143.21203532], [0.007541, 124.05263952]]",25,quantum,2,
precond_pen=1.200,24,-2.4119709465699906,124.05263951704207,1.2,2,0.8317830562591553,0.008903980255126953,0.0,001000001110010101011111,--+-----+++--+-+-+-+++++,0,True,"[[0.000109, 144.24807092], [0.00823, 139.35058805], [0.008904, 124.05263952]]",25,quantum,2,
precond_pen=1.300,24,-2.1943895107410025,124.05263951704207,1.3,2,0.7208230495452881,0.00892496109008789,0.0,001000001110010101011111,--+-----+++--+-+-+-+++++,0,True,"[[0.000126, 144.24807092], [0.008352, 143.62209867], [0.008925, 124.05263952]]",25,quantum,2,
precond_pen=1.400,24,-2.0228122750650126,124.05263951704207,1.4,2,0.6259670257568359,0.0071370601654052734,0.0,001000001110010101011111,--+-----+++--+-+-+-+++++,0,True,"[[0.000105, 144.24807092], [0.006759, 142.75201497], [0.007137, 124.05263952]]",25,quantum,2,
precond_pen=1.500,24,-2.002601550882998,124.05263951704207,1.5,2,0.7118070125579834,0.007340908050537109,0.0,001000001110010101011111,--+-----+++--+-+-+-+++++,0,True,"[[0.000111, 144.24807092], [0.006945, 142.75201497], [0.007341, 124.05263952]]",25,quantum,2,
precond_pen=1.600,24,-1.971944742990992,124.05263951704207,1.6,2,0.808600902557373,0.007525920867919922,0.0,001000001110010101011111,--+-----+++--+-+-+-+++++,0,True,"[[0.000118, 144.24807092], [0.007121, 142.66110778], [0.007526, 124.05263952]]",25,quantum,2,
precond_pen=1.700,24,-2.9403242794089985,124.05263951704207,1.7,2,0.3305530548095703,0.0074460506439208984,0.0,001000001110010101011111,--+-----+++--+-+-+-+++++,0,True,"[[0.000156, 144.24807092], [0.00639, 134.66305991], [0.007446, 124.05263952]]",25,quantum,2,
precond_pen=1.800,24,-7.682913694664993,126.62239425838602,1.8,2,0.26669907569885254,0.0071868896484375,0.0,110110110001101010100100,++-++-++---++-+-+-+--+--,0,True,"[[0.000166, 144.24807092], [0.007187, 126.62239426]]",25,quantum,2,
precond_pen=1.900,24,-7.832180104949046,126.62239425838602,1.9,2,0.2812931537628174,0.0065670013427734375,0.0,001001001110010101011011,--+--+--+++--+-+-+-++-++,0,True,"[[0.000102, 144.24807092], [0.005364, 141.4842161], [0.006139, 139.98510635], [0.006567, 126.62239426]]",25,quantum,2,
precond_pen=2.000,24,-7.8542225318449965,126.62239425838602,2.0,2,0.27092695236206055,0.006681919097900391,0.0,110110110001101010100100,++-++-++---++-+-+-+--+--,0,True,"[[0.000164, 144.24807092], [0.006202, 143.62463552], [0.006682, 126.62239426]]",25,quantum,2,
baseline,24,127.39413840973398,127.39413840973418,,2,1.2688519954681396,0.7845571041107178,0.0,000100101111101011010010,---+--+-+++++-+-++-+--+-,0,True,"[[0.000151, 152.67795069], [0.005646, 128.79838398], [0.267622, 128.23785019], [0.282848, 128.1940791], [0.529082, 127.56133983], [0.69971, 127.55584604], [0.784557, 127.39413841]]",26,quantum,2,
precond_pen=1.100,24,-2.3806669474700097,127.55584604159613,1.1,2,0.9781889915466309,0.009047985076904297,0.0,010100001111111011010000,-+-+----+++++++-++-+----,0,True,"[[0.000152, 152.67795069], [0.008125, 143.7221469], [0.00872, 138.14629608], [0.009048, 127.39413841], [0.935496, 127.55584604], [0.975914, 127.55584604]]",26,quantum,2,
precond_pen=1.200,24,-2.3302382047200076,127.55584604159613,1.2,2,1.0790579319000244,0.00792384147644043,0.0,101011110000000100101111,+-+-++++-------+--+-++++,0,True,"[[0.000159, 152.67795069], [0.007519, 145.16425121], [0.007924, 127.55584604]]",26,quantum,2,
precond_pen=1.300,24,-1.9400475753020014,127.39413840973418,1.3,2,1.0719869136810303,0.7482259273529053,0.0,111011010000010100101101,+++-++-+-----+-+--+-++-+,0,True,"[[0.00018, 152.67795069], [0.007319, 143.09127696], [0.007639, 127.56133983], [0.728316, 127.55584604], [0.748226, 127.39413841], [1.071079, 127.39413841]]",26,quantum,2,
precond_pen=1.400,24,-1.7917615795149935,127.39413840973418,1.4,2,1.5650010108947754,1.4526150226593018,0.0,111011010000010100101101,+++-++-+-----+-+--+-++-+,0,True,"[[0.000157, 152.67795069], [0.008757, 144.833568], [0.009181, 127.56133983], [0.963476, 127.55584604], [1.452615, 127.39413841], [1.564188, 127.39413841]]",26,quantum,2,
precond_pen=1.500,24,-1.7712580856959956,127.39413840973418,1.5,2,1.067275047302246,0.030187129974365234,0.0,111011010000010100101101,+++-++-+-----+-+--+-++-+,0,True,"[[0.000155, 152.67795069], [0.006954, 144.87834396], [0.007257, 129.89298904], [0.030187, 127.39413841]]",26,quantum,2,
precond_pen=1.600,24,-1.7402254938409918,127.39413840973418,1.6,2,1.093000888824463,1.0130748748779297,0.0,111011010000010100101101,+++-++-+-----+-+--+-++-+,0,True,"[[0.000167, 152.67795069], [0.007571, 142.04297931], [0.007958, 128.61836178], [0.032001, 128.06272944], [0.81464, 127.56133983], [1.013075, 127.39413841], [1.091705, 127.39413841]]",26,quantum,2,
precond_pen=1.700,24,-4.368930132096998,127.55584604159613,1.7,2,0.4070010185241699,0.2841970920562744,0.0,101011110000000100101111,+-+-++++-------+--+-++++,0,True,"[[0.000159, 152.67795069], [0.007314, 144.07483637], [0.008041, 138.31836725], [0.008496, 128.06272944], [0.284063, 128.4083954], [0.284197, 127.55584604]]",26,quantum,2,
precond_pen=1.800,24,-3.654830141308997,127.56133983382405,1.8,2,0.6878020763397217,0.6462879180908203,0.0,010101110010101001011010,-+-+-+++--+-+-+--+-++-+-,0,True,"[[0.000147, 152.67795069], [0.006431, 143.71744342], [0.007045, 140.09747113], [0.007575, 128.06272944], [0.646288, 127.56133983], [0.687171, 127.56133983]]",26,quantum,2,
precond_pen=1.900,24,-6.79402451704701,127.55584604159613,1.9,2,0.5938029289245605,0.007520914077758789,0.0,101011110000000100101111,+-+-++++-------+--+-++++,0,True,"[[0.000164, 152.67795069], [0.006532, 138.98892779], [0.007521, 127.55584604]]",26,quantum,2,
precond_pen=2.000,24,-6.866752616904019,127.55584604159613,2.0,2,0.525238037109375,0.007899999618530273,0.0,010100001111111011010000,-+-+----+++++++-++-+----,0,True,"[[0.000157, 152.67795069], [0.006571, 154.89141675], [0.007292, 149.46293358], [0.0079, 127.55584604]]",26,quantum,2,
baseline,24,132.14157878785892,132.1415787878592,,2,1.3870501518249512,0.8425650596618652,0.0,110010101010011010001110,++--+-+-+-+--++-+---+++-,0,True,"[[0.000153, 147.47040017], [0.005577, 134.4427609], [0.067564, 133.13457504], [0.842565, 132.14157879], [1.386134, 132.14157879]]",27,quantum,2,
precond_pen=1.100,24,-3.451976281651005,132.1415787878592,1.1,2,0.6541199684143066,0.585623025894165,0.0,110010101010011010001110,++--+-+-+-+--++-+---+++-,0,True,"[[0.000104, 147.47040017], [0.008264, 148.19725987], [0.008871, 132.75628088], [0.585623, 132.14157879], [0.65339, 132.14157879]]",27,quantum,2,
precond_pen=1.200,24,-2.83617640227399,132.1415787878592,1.2,2,0.5696887969970703,0.5252327919006348,0.0,110010101010011010001110,++--+-+-+-+--++-+---+++-,0,True,"[[0.000103, 147.47040017], [0.006792, 143.54864906], [0.007152, 132.75628088], [0.525233, 132.14157879], [0.569129, 132.14157879]]",27,quantum,2,
precond_pen=1.300,24,-2.039958203067995,132.1415787878592,1.3,2,0.8322761058807373,0.03178095817565918,0.0,110010101010011010001110,++--+-+-+-+--++-+---+++-,0,True,"[[0.000119, 147.47040017], [0.007775, 147.67734895], [0.008125, 134.4427609], [0.031781, 132.14157879]]",27,quantum,2,
precond_pen=1.400,24,-2.013029096947001,132.1415787878592,1.4,2,0.8796291351318359,0.7990360260009766,0.0,110010101010011010001110,++--+-+-+-+--++-+---+++-,0,True,"[[0.000115, 147.47040017], [0.007315, 147.67734895], [0.007672, 134.4427609], [0.617519, 134.04844418], [0.61771, 133.74683928], [0.642982, 133.79947494], [0.643131, 133.41784453], [0.643225, 133.14173863], [0.799036, 132.14157879], [0.878679, 132.14157879]]",27,quantum,2,
precond_pen=1.500,24,-1.9705307361759967,132.1415787878592,1.5,2,0.8006448745727539,0.7275397777557373,0.0,110010101010011010001110,++--+-+-+-+--++-+---+++-,0,True,"[[0.000115, 147.47040017], [0.007564, 147.30535688], [0.007964, 132.75628088], [0.72754, 132.14157879], [0.798899, 132.14157879]]",27,quantum,2,
precond_pen=1.600,24,-2.390395143352002,132.1415787878592,1.6,2,0.6537220478057861,0.6148309707641602,0.0,110010101010011010001110,++--+-+-+-+--++-+---+++-,0,True,"[[0.00011, 147.47040017], [0.006922, 142.47076806], [0.007444, 133.14173863], [0.614831, 132.14157879], [0.653172, 132.14157879]]",27,quantum,2,
precond_pen=1.700,24,-4.797756590061002,133.14173862672095,1.7,2,0.34383702278137207,0.030904054641723633,0.0,010000111110110110001001,-+----+++++-++-++---+--+,0,True,"[[0.000121, 147.47040017], [0.007638, 147.48803459], [0.008183, 134.4427609], [0.030904, 133.14173863]]",27,quantum,2,
precond_pen=1.800,24,-3.74566855330799,132.1415787878592,1.8,2,0.6344330310821533,0.5968959331512451,0.0,110010101010011010001110,++--+-+-+-+--++-+---+++-,0,True,"[[0.000127, 147.47040017], [0.00774, 144.99105471], [0.008237, 133.14173863], [0.596896, 132.14157879], [0.633559, 132.14157879]]",27,quantum,2,
precond_pen=1.900,24,-3.9065122281759965,132.1415787878592,1.9,2,0.7301959991455078,0.7124378681182861,0.0,110010101010011010001110,++--+-+-+-+--++-+---+++-,0,True,"[[0.000104, 147.47040017], [0.006754, 144.6590034], [0.007626, 141.90949612], [0.008088, 133.56572425], [0.712438, 132.14157879], [0.729695, 132.14157879]]",27,quantum,2,
precond_pen=2.000,24,-1.3554734543459954,132.1415787878592,2.0,2,0.8881659507751465,0.7208518981933594,0.0,110010101010011010001110,++--+-+-+-+--++-+---+++-,0,True,"[[0.000128, 147.47040017], [0.007654, 141.5031748], [0.00808, 133.14173863], [0.029977, 132.75628088], [0.720852, 132.14157879], [0.887474, 132.14157879]]",27,quantum,2,
baseline,24,133.957944652624,133.95794465262384,,2,0.9383378028869629,0.0074498653411865234,0.0,110000010111000101101101,++-----+-+++---+-++-++-+,0,True,"[[0.000109, 161.13941052], [0.00745, 133.95794465]]",28,quantum,2,
precond_pen=1.100,24,-2.9905103896839975,133.95794465262384,1.1,2,0.49622488021850586,0.03709888458251953,0.0,001111101000111010010010,--+++++-+---+++-+--+--+-,0,True,"[[0.000116, 161.13941052], [0.00807, 156.79282056], [0.00854, 153.9850542], [0.009162, 151.8940693], [0.009722, 136.54211529], [0.037099, 133.95794465]]",28,quantum,2,
precond_pen=1.200,24,-2.641415502452986,133.95794465262384,1.2,2,0.5342011451721191,0.008088111877441406,0.0,110000010111000101101101,++-----+-+++---+-++-++-+,0,True,"[[0.000104, 161.13941052], [0.007554, 151.99647857], [0.008088, 133.95794465]]",28,quantum,2,
precond_pen=1.300,24,-2.381609175443991,133.95794465262384,1.3,2,0.5720210075378418,0.008331060409545898,0.0,110000010111000101101101,++-----+-+++---+-++-++-+,0,True,"[[0.00011, 161.13941052], [0.007885, 151.31123677], [0.008331, 133.95794465]]",28,quantum,2,
precond_pen=1.400,24,-2.1800458697689873,133.95794465262384,1.4,2,0.6593160629272461,0.6467690467834473,0.0,110000010111000101101101,++-----+-+++---+-++-++-+,0,True,"[[0.000109, 161.13941052], [0.007914, 158.73512641], [0.008306, 136.54211529], [0.646769, 133.95794465], [0.65814, 133.95794465]]",28,quantum,2,
precond_pen=1.500,24,-2.1546891338410035,133.95794465262384,1.5,2,0.5744531154632568,0.5716009140014648,0.0,001111101000111010010010,--+++++-+---+++-+--+--+-,0,True,"[[0.0001, 161.13941052], [0.007698, 159.23510383], [0.008152, 136.54211529], [0.571601, 133.95794465], [0.57322, 133.95794465]]",28,quantum,2,
precond_pen=1.600,24,-2.1161010152529958,133.95794465262384,1.6,2,0.6257810592651367,0.008577108383178711,0.0,110000010111000101101101,++-----+-+++---+-++-++-+,0,True,"[[0.000105, 161.13941052], [0.008049, 151.99647857], [0.008577, 133.95794465]]",28,quantum,2,
precond_pen=1.700,24,-1.7760079831510094,133.95794465262384,1.7,2,0.5613939762115479,0.009475946426391602,0.0,110000010111000101101101,++-----+-+++---+-++-++-+,0,True,"[[0.000111, 161.13941052], [0.008894, 151.99647857], [0.009476, 133.95794465]]",28,quantum,2,
precond_pen=1.800,24,-1.7618228396979916,133.95794465262384,1.8,2,0.5841808319091797,0.00880289077758789,0.0,110000010111000101101101,++-----+-+++---+-++-++-+,0,True,"[[0.000106, 161.13941052], [0.008283, 151.99647857], [0.008803, 133.95794465]]",28,quantum,2,
precond_pen=1.900,24,-6.949840733572999,133.95794465262384,1.9,2,0.07952404022216797,0.009308099746704102,0.0,001111101000111010010010,--+++++-+---+++-+--+--+-,0,True,"[[0.000103, 161.13941052], [0.007568, 149.93934786], [0.008293, 150.7479385], [0.00876, 150.23366117], [0.009308, 133.95794465]]",28,quantum,2,
precond_pen=2.000,24,-7.091328104829001,133.95794465262384,2.0,2,0.08979487419128418,0.008646011352539062,0.0,001111101000111010010010,--+++++-+---+++-+--+--+-,0,True,"[[9.5e-05, 161.13941052], [0.006654, 152.47228548], [0.007277, 150.7479385], [0.007835, 150.53608911], [0.008646, 133.95794465]]",28,quantum,2,
baseline,24,118.3331004414711,118.33310044147099,,2,0.7091140747070312,0.5539071559906006,0.0,110110010001001001101101,++-++--+---+--+--++-++-+,0,True,"[[9.4e-05, 146.33502735], [0.006458, 119.7857443], [0.553907, 118.33310044], [0.70816, 118.33310044]]",29,quantum,2,
precond_pen=1.100,24,-2.7787686916509795,118.33310044147099,1.1,2,0.7437491416931152,0.7175741195678711,0.0,001001101110110110010010,--+--++-+++-++-++--+--+-,0,True,"[[0.000103, 146.33502735], [0.00644, 134.33170586], [0.007037, 133.48186258], [0.00738, 123.35745064], [0.036105, 121.26661622], [0.717574, 118.33310044], [0.742602, 118.33310044]]",29,quantum,2,
precond_pen=1.200,24,-2.4781781915360046,118.33310044147099,1.2,2,0.5889699459075928,0.5395848751068115,0.0,001001101110110110010010,--+--++-+++-++-++--+--+-,0,True,"[[0.000164, 146.33502735], [0.007523, 131.12969002], [0.007889, 121.26661622], [0.030127, 119.7857443], [0.539585, 118.33310044]]",29,quantum,2,
precond_pen=1.300,24,-2.250394203272993,118.33310044147099,1.3,2,0.9384210109710693,0.007365226745605469,0.0,110110010001001001101101,++-++--+---+--+--++-++-+,0,True,"[[0.000155, 146.33502735], [0.007044, 135.53942691], [0.007365, 118.33310044]]",29,quantum,2,
precond_pen=1.400,24,-2.071291794867994,118.33310044147099,1.4,2,0.7785279750823975,0.7520661354064941,0.0,001001101110110110010010,--+--++-+++-++-++--+--+-,0,True,"[[0.000161, 146.33502735], [0.007197, 128.40113296], [0.007494, 123.35745064], [0.716105, 121.46956301], [0.751935, 119.7857443], [0.752066, 118.33310044], [0.777569, 118.33310044]]",29,quantum,2,
precond_pen=1.500,24,-1.9264590060000053,118.33310044147099,1.5,2,0.8056559562683105,0.7665529251098633,0.0,001001101110110110010010,--+--++-+++-++-++--+--+-,0,True,"[[0.000174, 146.33502735], [0.008594, 136.53334662], [0.00925, 119.7857443], [0.766553, 118.33310044], [0.804571, 118.33310044]]",29,quantum,2,
precond_pen=1.600,24,-6.944820500853006,118.33310044147099,1.6,2,0.06145811080932617,0.027933120727539062,0.0,001001101110110110010010,--+--++-+++-++-++--+--+-,0,True,"[[0.000106, 146.33502735], [0.006351, 133.64331034], [0.007303, 121.25787102], [0.027933, 118.33310044]]",29,quantum,2,
precond_pen=1.700,24,-7.355337152793995,118.33310044147099,1.7,2,0.06898903846740723,0.0072100162506103516,0.0,110110010001001001101101,++-++--+---+--+--++-++-+,0,True,"[[9.2e-05, 146.33502735], [0.006714, 143.12852241], [0.00721, 118.33310044]]",29,quantum,2,
precond_pen=1.800,24,-10.364938268597982,118.33310044147099,1.8,2,0.2756500244140625,0.006201028823852539,0.0,001001101110110110010010,--+--++-+++-++-++--+--+-,0,True,"[[9.3e-05, 146.33502735], [0.005446, 140.52933761], [0.005747, 139.46031122], [0.006201, 118.33310044]]",29,quantum,2,
precond_pen=1.900,24,-10.60808334396701,118.33310044147099,1.9,2,0.27803802490234375,0.007112026214599609,0.0,001001101110110110010010,--+--++-+++-++-++--+--+-,0,True,"[[9.8e-05, 146.33502735], [0.005946, 140.52933761], [0.006577, 139.46031122], [0.007112, 118.33310044]]",29,quantum,2,
precond_pen=2.000,24,-10.677317602141997,118.33310044147099,2.0,2,0.29794907569885254,0.2539341449737549,0.0,001001101110110110010010,--+--++-+++-++-++--+--+-,0,True,"[[0.000104, 146.33502735], [0.005542, 141.02382534], [0.006118, 140.40458848], [0.00649, 139.46031122], [0.006793, 121.25787102], [0.253934, 118.33310044], [0.297411, 118.33310044]]",29,quantum,2,
baseline,24,121.46627467208705,121.466274672087,,2,1.1206989288330078,0.4673309326171875,0.0,000101011111110100100100,---+-+-+++++++-+--+--+--,0,True,"[[0.000101, 140.81262535], [0.005047, 138.54696213], [0.005284, 138.45414359], [0.005842, 122.74920645], [0.446077, 121.91267551], [0.467331, 121.46627467], [1.119719, 121.46627467]]",30,quantum,2,
precond_pen=1.100,24,-2.5527734981339965,121.466274672087,1.1,2,0.8288369178771973,0.682873010635376,0.0,000101011111110100100100,---+-+-+++++++-+--+--+--,0,True,"[[0.000112, 140.81262535], [0.007391, 139.17806481], [0.00772, 123.10889709], [0.030702, 122.74920645], [0.682649, 121.79458822], [0.682873, 121.46627467], [0.827676, 121.46627467]]",30,quantum,2,
precond_pen=1.200,24,-2.2862469704909927,121.466274672087,1.2,2,0.9153170585632324,0.7664330005645752,0.0,111010100000001011011011,+++-+-+-------+-++-++-++,0,True,"[[0.000112, 140.81262535], [0.007191, 136.52140707], [0.007515, 122.14235153], [0.766433, 121.46627467], [0.913985, 121.46627467]]",30,quantum,2,
precond_pen=1.300,24,-2.0830842382269967,121.466274672087,1.3,2,1.0574910640716553,0.9239821434020996,0.0,111010100000001011011011,+++-+-+-------+-++-++-++,0,True,"[[0.000105, 140.81262535], [0.006988, 135.46685831], [0.007288, 122.74920645], [0.029548, 122.82304929], [0.923982, 121.46627467], [1.056808, 121.46627467]]",30,quantum,2,
precond_pen=1.400,24,-1.9226535271879985,121.466274672087,1.4,2,0.9728469848632812,0.794564962387085,0.0,000101011111110100100100,---+-+-+++++++-+--+--+--,0,True,"[[0.000109, 140.81262535], [0.00728, 139.77027431], [0.00752, 122.14235153], [0.794565, 121.46627467], [0.972032, 121.46627467]]",30,quantum,2,
precond_pen=1.500,24,-1.9013458465140065,121.466274672087,1.5,2,1.0545830726623535,0.8443701267242432,0.0,111010100000001011011011,+++-+-+-------+-++-++-++,0,True,"[[0.000107, 140.81262535], [0.007197, 134.19949845], [0.007488, 123.9609827], [0.0297, 122.69860882], [0.785451, 121.79458822], [0.84437, 121.46627467]]",30,quantum,2,
precond_pen=1.600,24,-1.8693322982870004,121.466274672087,1.6,2,1.0691099166870117,0.3354198932647705,0.0,111010100000001011011011,+++-+-+-------+-++-++-++,0,True,"[[0.000107, 140.81262535], [0.008484, 134.19949845], [0.008915, 123.9609827], [0.031007, 122.69860882], [0.335264, 122.58612498], [0.33542, 121.46627467]]",30,quantum,2,
precond_pen=1.700,24,-5.156413502032,123.52993575389047,1.7,2,0.20501017570495605,0.0073070526123046875,0.0,100100100001011110101011,+--+--+----+-++++-+-+-++,0,True,"[[0.000109, 140.81262535], [0.006936, 140.16394796], [0.007307, 121.46627467], [0.026584, 123.52993575]]",30,quantum,2,
precond_pen=1.800,24,-3.7082420378090006,121.466274672087,1.8,2,0.5867819786071777,0.5842361450195312,0.0,000101011111110100100100,---+-+-+++++++-+--+--+--,0,True,"[[0.000127, 140.81262535], [0.006665, 139.88485843], [0.006967, 122.14235153], [0.584236, 121.46627467], [0.585753, 121.46627467]]",30,quantum,2,
precond_pen=1.900,24,-3.8089592173940066,121.466274672087,1.9,2,0.8055729866027832,0.7832670211791992,0.0,111010100000001011011011,+++-+-+-------+-++-++-++,0,True,"[[0.000174, 140.81262535], [0.011779, 136.52140707], [0.012454, 122.14235153], [0.783267, 121.46627467]]",30,quantum,2,
precond_pen=2.000,24,-3.572891666040009,121.466274672087,2.0,2,0.5208561420440674,0.4938650131225586,0.0,111010100000001011011011,+++-+-+-------+-++-++-++,0,True,"[[0.000101, 140.81262535], [0.006924, 133.5623302], [0.007825, 122.74920645], [0.030648, 122.14235153], [0.493865, 121.46627467], [0.520291, 121.46627467]]",30,quantum,2,
baseline,24,132.6642314003589,132.66423140035903,,2,1.220085859298706,0.6365699768066406,0.0,001011101000011001111010,--+-+++-+----++--++++-+-,0,True,"[[0.000156, 149.69382883], [0.005492, 147.45669658], [0.006174, 146.52609766], [0.006575, 133.99605158], [0.084457, 133.23763159], [0.63657, 132.6642314], [1.219139, 132.6642314]]",31,quantum,2,
precond_pen=1.100,24,-2.6943387721709975,132.66423140035903,1.1,2,0.6256060600280762,0.5753011703491211,0.0,110100010111100110000101,++-+---+-++++--++----+-+,0,True,"[[0.000157, 149.69382883], [0.007977, 145.9124288], [0.0084, 133.23763159], [0.575301, 132.6642314], [0.624679, 132.6642314]]",31,quantum,2,
precond_pen=1.200,24,-2.643366352843005,132.66423140035903,1.2,2,0.6447150707244873,0.02903604507446289,0.0,001011101000011001111010,--+-+++-+----++--++++-+-,0,True,"[[0.000154, 149.69382883], [0.007631, 145.9124288], [0.00805, 133.23763159], [0.029036, 132.6642314]]",31,quantum,2,
precond_pen=1.300,24,-2.181664483732984,132.66423140035903,1.3,2,0.7151269912719727,0.6463711261749268,0.0,110100010111100110000101,++-+---+-++++--++----+-+,0,True,"[[0.00016, 149.69382883], [0.008475, 142.20361662], [0.008858, 136.11661947], [0.603796, 133.30581951], [0.646371, 132.6642314], [0.714518, 132.6642314]]",31,quantum,2,
precond_pen=1.400,24,-2.0084393310409983,132.66423140035903,1.4,2,0.6779611110687256,0.6486411094665527,0.0,110100010111100110000101,++-+---+-++++--++----+-+,0,True,"[[0.000118, 149.69382883], [0.008333, 148.80740536], [0.008773, 133.23763159], [0.648641, 132.6642314], [0.676612, 132.6642314]]",31,quantum,2,
precond_pen=1.500,24,-1.9870122342880112,132.66423140035903,1.5,2,0.7097151279449463,0.007513999938964844,0.0,110100010111100110000101,++-+---+-++++--++----+-+,0,True,"[[0.00017, 149.69382883], [0.007212, 149.75026209], [0.007514, 132.6642314]]",31,quantum,2,
precond_pen=1.600,24,-1.7530240485130015,132.66423140035903,1.6,2,0.8809199333190918,0.012261152267456055,0.0,110100010111100110000101,++-+---+-++++--++----+-+,0,True,"[[0.000191, 149.69382883], [0.011656, 149.75026209], [0.012261, 132.6642314]]",31,quantum,2,
precond_pen=1.700,24,-1.7384268269810033,132.66423140035903,1.7,2,0.9245808124542236,0.03662300109863281,0.0,110100010111100110000101,++-+---+-++++--++----+-+,0,True,"[[0.000135, 149.69382883], [0.008904, 143.46438784], [0.009437, 133.99605158], [0.036623, 132.6642314]]",31,quantum,2,
precond_pen=1.800,24,-1.5730073009330052,132.66423140035903,1.8,2,0.8475790023803711,0.7936139106750488,0.0,001011101000011001111010,--+-+++-+----++--++++-+-,0,True,"[[0.00019, 149.69382883], [0.010303, 148.38808862], [0.010938, 133.23763159], [0.793614, 132.6642314], [0.846644, 132.6642314]]",31,quantum,2,
precond_pen=1.900,24,-5.878703013511998,133.28188519415488,1.9,2,0.21825504302978516,0.09020304679870605,0.0,001011111000011001110010,--+-+++++----++--+++--+-,0,True,"[[0.00011, 149.69382883], [0.00701, 149.811348], [0.00736, 135.18423908], [0.040772, 133.30581951], [0.086771, 135.62279376], [0.090203, 133.28188519], [0.217832, 133.28188519]]",31,quantum,2,
precond_pen=2.000,24,-1.4388578049720007,132.66423140035903,2.0,2,0.7608370780944824,0.030194997787475586,0.0,110100010111100110000101,++-+---+-++++--++----+-+,0,True,"[[0.000102, 149.69382883], [0.007073, 148.10796431], [0.007371, 137.47504301], [0.030195, 132.6642314]]",31,quantum,2,
baseline,24,108.36902601443497,108.36902601443492,,2,0.7129089832305908,0.011358022689819336,0.0,010100101110100010011011,-+-+--+-+++-+---+--++-++,0,True,"[[0.000189, 136.50888333], [0.009769, 129.6101708], [0.011358, 108.36902601]]",32,quantum,2,
precond_pen=1.100,24,-2.9928263831379986,108.36902601443492,1.1,2,0.7559940814971924,0.7301070690155029,0.0,010100101110100010011011,-+-+--+-+++-+---+--++-++,0,True,"[[0.000118, 136.50888333], [0.007721, 130.64962545], [0.008194, 109.56812673], [0.730107, 108.36902601], [0.755194, 108.36902601]]",32,quantum,2,
precond_pen=1.200,24,-2.6555859019449937,108.36902601443492,1.2,2,0.613029956817627,0.007853031158447266,0.0,010100101110100010011011,-+-+--+-+++-+---+--++-++,0,True,"[[0.000132, 136.50888333], [0.007516, 119.84731789], [0.007853, 108.36902601]]",32,quantum,2,
precond_pen=1.300,24,-2.6113605268549946,108.36902601443492,1.3,2,0.6685090065002441,0.008081912994384766,0.0,010100101110100010011011,-+-+--+-+++-+---+--++-++,0,True,"[[0.000161, 136.50888333], [0.007664, 123.39242321], [0.008082, 108.36902601]]",32,quantum,2,
precond_pen=1.400,24,-2.5405366844889894,108.36902601443492,1.4,2,0.6336801052093506,0.008205890655517578,0.0,010100101110100010011011,-+-+--+-+++-+---+--++-++,0,True,"[[0.000177, 136.50888333], [0.007749, 123.39935378], [0.008206, 108.36902601]]",32,quantum,2,
precond_pen=1.500,24,-12.468423941669002,109.32568924038094,1.5,2,0.18408799171447754,0.007670164108276367,0.0,010100101100100010011111,-+-+--+-++--+---+--+++++,0,True,"[[0.000164, 136.50888333], [0.006845, 112.76680927], [0.00767, 109.32568924]]",32,quantum,2,
precond_pen=1.600,24,-2.8579716583950043,108.86673423987102,1.6,2,0.4026181697845459,0.008890151977539062,0.0,101010010111011101100000,+-+-+--+-+++-+++-++-----,0,True,"[[0.000145, 136.50888333], [0.007685, 131.99660644], [0.008046, 129.6101708], [0.008404, 124.57176528], [0.00889, 108.36902601], [0.360251, 108.89193048], [0.379741, 108.86673424], [0.40209, 108.86673424]]",32,quantum,2,
precond_pen=1.700,24,-1.8022507509509929,108.36902601443492,1.7,2,0.6339519023895264,0.026471853256225586,0.0,010100101110100010011011,-+-+--+-+++-+---+--++-++,0,True,"[[0.000112, 136.50888333], [0.006966, 124.25027765], [0.007233, 110.23844363], [0.026472, 108.36902601]]",32,quantum,2,
precond_pen=1.800,24,-1.7082296044699863,108.36902601443492,1.8,2,0.7310500144958496,0.00870203971862793,0.0,010100101110100010011011,-+-+--+-+++-+---+--++-++,0,True,"[[0.000119, 136.50888333], [0.008239, 127.01162009], [0.008702, 108.36902601]]",32,quantum,2,
precond_pen=1.900,24,-9.011952983595,108.36902601443492,1.9,2,0.16378998756408691,0.007893085479736328,0.0,010100101110100010011011,-+-+--+-+++-+---+--++-++,0,True,"[[0.000106, 136.50888333], [0.006484, 126.69397328], [0.007495, 123.20408941], [0.007893, 108.36902601]]",32,quantum,2,
precond_pen=2.000,24,-1.556344437534003,108.36902601443492,2.0,2,0.7771031856536865,0.008314132690429688,0.0,010100101110100010011011,-+-+--+-+++-+---+--++-++,0,True,"[[0.000107, 136.50888333], [0.007941, 120.77477982], [0.008314, 108.36902601]]",32,quantum,2,
baseline,24,118.502302902067,118.50230290206693,,2,1.4353837966918945,0.009401798248291016,0.0,111111000101000011001100,++++++---+-+----++--++--,0,True,"[[0.000184, 145.09254499], [0.008971, 143.85754409], [0.009402, 118.5023029]]",33,quantum,2,
precond_pen=1.100,24,-2.5763994990840082,118.50230290206693,1.1,2,0.7360179424285889,0.011594057083129883,0.0,000000111010111100110011,------+++-+-++++--++--++,0,True,"[[0.000199, 145.09254499], [0.010651, 133.33341942], [0.011594, 118.5023029]]",33,quantum,2,
precond_pen=1.200,24,-2.3084433861410005,118.50230290206693,1.2,2,0.7984509468078613,0.010901927947998047,0.0,111111000101000011001100,++++++---+-+----++--++--,0,True,"[[0.000166, 145.09254499], [0.010286, 142.91613351], [0.010902, 118.5023029]]",33,quantum,2,
precond_pen=1.300,24,-2.1039384632580003,118.50230290206693,1.3,2,0.7681581974029541,0.038233041763305664,0.0,000000111010111100110011,------+++-+-++++--++--++,0,True,"[[0.000218, 145.09254499], [0.010701, 141.66842165], [0.011453, 120.63680484], [0.038233, 118.5023029]]",33,quantum,2,
precond_pen=1.400,24,-1.9422885760439978,118.50230290206693,1.4,2,0.7778360843658447,0.011188030242919922,0.0,000000111010111100110011,------+++-+-++++--++--++,0,True,"[[0.000203, 145.09254499], [0.01037, 136.69148873], [0.011188, 118.5023029]]",33,quantum,2,
precond_pen=1.500,24,-1.811046546273996,118.50230290206693,1.5,2,0.8326008319854736,0.00879979133605957,0.0,111111000101000011001100,++++++---+-+----++--++--,0,True,"[[0.000143, 145.09254499], [0.008371, 143.80426484], [0.0088, 118.5023029]]",33,quantum,2,
precond_pen=1.600,24,-1.7936509808259942,118.50230290206693,1.6,2,0.9844379425048828,0.009675025939941406,0.0,111111000101000011001100,++++++---+-+----++--++--,0,True,"[[0.000151, 145.09254499], [0.009097, 136.2903463], [0.009675, 118.5023029]]",33,quantum,2,
precond_pen=1.700,24,-1.768132905640993,118.50230290206693,1.7,2,0.9890308380126953,0.037982940673828125,0.0,111111000101000011001100,++++++---+-+----++--++--,0,True,"[[0.000185, 145.09254499], [0.009508, 141.66842165], [0.010168, 120.63680484], [0.037983, 118.5023029]]",33,quantum,2,
precond_pen=1.800,24,-6.792543915191001,119.87999455688302,1.8,2,0.26407694816589355,0.009335994720458984,0.0,111101000101000011101100,++++-+---+-+----+++-++--,0,True,"[[0.000139, 145.09254499], [0.007964, 133.16518399], [0.008681, 128.47214853], [0.009336, 119.87999456]]",33,quantum,2,
precond_pen=1.900,24,-4.167141668256001,118.50230290206693,1.9,2,0.48934507369995117,0.012616157531738281,0.0,111111000101000011001100,++++++---+-+----++--++--,0,True,"[[0.000192, 145.09254499], [0.010861, 136.61250389], [0.011727, 135.54553046], [0.012616, 118.5023029]]",33,quantum,2,
precond_pen=2.000,24,-6.925969168709002,118.50230290206693,2.0,2,0.452955961227417,0.010830879211425781,0.0,111111000101000011001100,++++++---+-+----++--++--,0,True,"[[0.000165, 145.09254499], [0.009371, 125.0375842], [0.010831, 118.5023029]]",33,quantum,2,
baseline,24,124.91374947545002,124.91374947544996,,2,1.3893771171569824,0.29345107078552246,0.0,101100010101010101011010,+-++---+-+-+-+-+-+-++-+-,0,True,"[[0.000172, 144.1352857], [0.0088, 143.26006694], [0.009458, 140.16592362], [0.010056, 125.11242857], [0.293451, 124.91374948], [1.387985, 124.91374948]]",34,quantum,2,
precond_pen=1.100,24,-2.516826951390998,124.91374947544996,1.1,2,0.850229024887085,0.008800029754638672,0.0,010011101010101010100101,-+--+++-+-+-+-+-+-+--+-+,0,True,"[[0.000123, 144.1352857], [0.007851, 135.41941553], [0.0088, 124.91374948]]",34,quantum,2,
precond_pen=1.200,24,-2.249659971212999,124.91374947544996,1.2,2,0.8831610679626465,0.7458720207214355,0.0,010011101010101010100101,-+--+++-+-+-+-+-+-+--+-+,0,True,"[[0.000159, 144.1352857], [0.01113, 139.14751317], [0.011773, 125.72192201], [0.745872, 124.91374948], [0.881308, 124.91374948]]",34,quantum,2,
precond_pen=1.300,24,-2.2136176355099924,124.91374947544996,1.3,2,0.8646140098571777,0.796738862991333,0.0,101100010101010101011010,+-++---+-+-+-+-+-+-++-+-,0,True,"[[0.000147, 144.1352857], [0.010057, 139.14751317], [0.010587, 125.72192201], [0.036115, 125.11242857], [0.796739, 124.91374948], [0.862694, 124.91374948]]",34,quantum,2,
precond_pen=1.400,24,-2.154932910124,124.91374947544996,1.4,2,0.9328758716583252,0.8533828258514404,0.0,101100010101010101011010,+-++---+-+-+-+-+-+-++-+-,0,True,"[[0.000139, 144.1352857], [0.011311, 137.1473443], [0.012004, 126.81461804], [0.048393, 126.18705978], [0.634385, 125.40542761], [0.73572, 125.11242857], [0.853383, 124.91374948], [0.931427, 124.91374948]]",34,quantum,2,
precond_pen=1.500,24,-2.068205291245011,124.91374947544996,1.5,2,1.0770130157470703,1.0440599918365479,0.0,101100010101010101011010,+-++---+-+-+-+-+-+-++-+-,0,True,"[[0.000214, 144.1352857], [0.013178, 140.80448264], [0.014032, 126.58785222], [0.79335, 125.83068282], [0.79401, 125.72192201], [0.839949, 125.72215086], [0.867314, 125.40542761], [0.962265, 125.11242857], [1.04406, 124.91374948], [1.074884, 124.91374948]]",34,quantum,2,
precond_pen=1.600,24,-1.654565997174977,124.91374947544996,1.6,2,0.9274759292602539,0.010449886322021484,0.0,101100010101010101011010,+-++---+-+-+-+-+-+-++-+-,0,True,"[[0.000178, 144.1352857], [0.010001, 143.29669008], [0.01045, 124.91374948]]",34,quantum,2,
precond_pen=1.700,24,-1.5653906134249969,124.91374947544996,1.7,2,1.1523399353027344,1.0450689792633057,0.0,101100010101010101011010,+-++---+-+-+-+-+-+-++-+-,0,True,"[[0.000185, 144.1352857], [0.011792, 134.37469425], [0.012507, 126.81461804], [0.040654, 126.51116055], [0.958735, 125.40542761], [0.986423, 125.11242857], [1.045069, 124.91374948], [1.151015, 124.91374948]]",34,quantum,2,
precond_pen=1.800,24,-1.553105444703002,124.91374947544996,1.8,2,1.351780891418457,1.028465986251831,0.0,010011101010101010100101,-+--+++-+-+-+-+-+-+--+-+,0,True,"[[0.000136, 144.1352857], [0.008829, 134.37469425], [0.009223, 126.81461804], [0.043771, 126.58785222], [1.028466, 124.91374948], [1.349705, 124.91374948]]",34,quantum,2,
precond_pen=1.900,24,-6.161736901968998,125.11242857474396,1.9,2,0.2479839324951172,0.008388042449951172,0.0,000101001111110000011101,---+-+--++++++-----+++-+,0,True,"[[0.000141, 144.1352857], [0.007373, 135.71968487], [0.008388, 125.11242857]]",34,quantum,2,
precond_pen=2.000,24,-6.2185681392579975,125.11242857474396,2.0,2,0.22093915939331055,0.1885240077972412,0.0,000101001111110000011101,---+-+--++++++-----+++-+,0,True,"[[0.000188, 144.1352857], [0.009067, 146.68637641], [0.009857, 140.16592362], [0.010478, 138.24822048], [0.010967, 126.18705978], [0.183695, 126.34165556], [0.188524, 125.11242857]]",34,quantum,2,
baseline,24,119.41310822702411,119.41310822702384,,2,1.2059619426727295,0.7779860496520996,0.0,010101101110000110101010,-+-+-++-+++----++-+-+-+-,0,True,"[[0.000139, 144.06301503], [0.006339, 141.62621848], [0.006742, 140.70551332], [0.007135, 140.45360655], [0.007438, 124.45282289], [0.088339, 121.75457927], [0.730409, 120.86517052], [0.777986, 119.41310823]]",35,quantum,2,
precond_pen=1.100,24,-2.828312232690994,119.41310822702384,1.1,2,0.7207601070404053,0.013792991638183594,0.0,101010010001111001010101,+-+-+--+---++++--+-+-+-+,0,True,"[[0.000201, 144.06301503], [0.013064, 141.14034139], [0.013793, 119.41310823]]",35,quantum,2,
precond_pen=1.200,24,-2.525172105333988,119.41310822702384,1.2,2,0.6607639789581299,0.036717891693115234,0.0,010101101110000110101010,-+-+-++-+++----++-+-+-+-,0,True,"[[0.000166, 144.06301503], [0.010535, 121.75457927], [0.036718, 119.41310823]]",35,quantum,2,
precond_pen=1.300,24,-2.2945745804659996,119.41310822702384,1.3,2,0.7177858352661133,0.03381490707397461,0.0,010101101110000110101010,-+-+-++-+++----++-+-+-+-,0,True,"[[0.000127, 144.06301503], [0.008012, 142.35060047], [0.008295, 124.78066452], [0.033815, 119.41310823]]",35,quantum,2,
precond_pen=1.400,24,-2.112724796046999,119.41310822702384,1.4,2,1.2181479930877686,1.022864818572998,0.0,010101101110000110101010,-+-+-++-+++----++-+-+-+-,0,True,"[[0.000145, 144.06301503], [0.01129, 121.75457927], [1.022865, 119.41310823]]",35,quantum,2,
precond_pen=1.500,24,-1.9653342089469987,119.41310822702384,1.5,2,1.0561950206756592,0.9695491790771484,0.0,010101101110000110101010,-+-+-++-+++----++-+-+-+-,0,True,"[[0.000176, 144.06301503], [0.011626, 138.94381211], [0.012188, 124.78066452], [0.095055, 121.75457927], [0.969549, 119.41310823], [1.054853, 119.41310823]]",35,quantum,2,
precond_pen=1.600,24,-1.9474063451139934,119.41310822702384,1.6,2,0.8565258979797363,0.826848030090332,0.0,101010010001111001010101,+-+-+--+---++++--+-+-+-+,0,True,"[[0.000147, 144.06301503], [0.008849, 138.94381211], [0.009175, 124.78066452], [0.028809, 121.75457927], [0.826848, 119.41310823], [0.855337, 119.41310823]]",35,quantum,2,
precond_pen=1.700,24,-1.740386121705006,119.41310822702384,1.7,2,0.8291912078857422,0.20877718925476074,0.0,010101101110000110101010,-+-+-++-+++----++-+-+-+-,0,True,"[[0.000156, 144.06301503], [0.009305, 141.8896235], [0.009697, 124.78066452], [0.036276, 122.95886322], [0.208777, 119.41310823]]",35,quantum,2,
precond_pen=1.800,24,-1.6524254171029948,119.41310822702384,1.8,2,0.9753310680389404,0.9399220943450928,0.0,101010010001111001010101,+-+-+--+---++++--+-+-+-+,0,True,"[[0.000163, 144.06301503], [0.009887, 142.02513841], [0.010367, 123.26044264], [0.042016, 122.95886322], [0.939922, 119.41310823], [0.973598, 119.41310823]]",35,quantum,2,
precond_pen=1.900,24,-6.6063205354860015,119.41310822702384,1.9,2,0.2872300148010254,0.23698115348815918,0.0,010101101110000110101010,-+-+-++-+++----++-+-+-+-,0,True,"[[0.000158, 144.06301503], [0.009965, 128.53812399], [0.011306, 120.91671787], [0.236981, 119.41310823], [0.286167, 119.41310823]]",35,quantum,2,
precond_pen=2.000,24,-6.72350357929,119.41310822702384,2.0,2,0.24580788612365723,0.08225488662719727,0.0,101010010001111001010101,+-+-+--+---++++--+-+-+-+,0,True,"[[0.000168, 144.06301503], [0.009684, 134.78779242], [0.011192, 120.91671787], [0.082255, 119.41310823]]",35,quantum,2,
baseline,24,117.250985362049,117.25098536204898,,2,1.1470179557800293,0.39705491065979004,0.0,010110100110000111010011,-+-++-+--++----+++-+--++,0,True,"[[0.00017, 139.38169263], [0.009189, 137.02300167], [0.010021, 134.25008102], [0.010679, 118.97529958], [0.317087, 117.97763071], [0.397055, 117.25098536], [1.145233, 117.25098536]]",36,quantum,2,
precond_pen=1.100,24,-2.4698734576619934,117.25098536204898,1.1,2,0.9888551235198975,0.010226011276245117,0.0,101001011001111000101100,+-+--+-++--++++---+-++--,0,True,"[[0.000168, 139.38169263], [0.009849, 123.62861467], [0.010226, 117.25098536]]",36,quantum,2,
precond_pen=1.200,24,-2.2198714391040024,117.25098536204898,1.2,2,1.4016518592834473,0.014362812042236328,0.0,101001011001111000101100,+-+--+-++--++++---+-++--,0,True,"[[0.000213, 139.38169263], [0.01351, 127.02313858], [0.014363, 117.25098536]]",36,quantum,2,
precond_pen=1.300,24,-2.028098881311987,117.25098536204898,1.3,2,0.9302818775177002,0.012375831604003906,0.0,101001011001111000101100,+-+--+-++--++++---+-++--,0,True,"[[0.000178, 139.38169263], [0.011642, 127.19160172], [0.012376, 117.25098536]]",36,quantum,2,
precond_pen=1.400,24,-1.8759618154369946,117.25098536204898,1.4,2,0.8620650768280029,0.6990370750427246,0.0,010110100110000111010011,-+-++-+--++----+++-+--++,0,True,"[[0.000148, 139.38169263], [0.008491, 122.5079202], [0.008918, 118.97529958], [0.699037, 117.25098536], [0.861117, 117.25098536]]",36,quantum,2,
precond_pen=1.500,24,-1.7520939199359944,117.25098536204898,1.5,2,0.8966951370239258,0.8388919830322266,0.0,101001011001111000101100,+-+--+-++--++++---+-++--,0,True,"[[0.000125, 139.38169263], [0.007018, 127.63530587], [0.007333, 119.41187386], [0.025081, 118.27082222], [0.810974, 118.08702967], [0.838892, 117.25098536]]",36,quantum,2,
precond_pen=1.600,24,-1.6491440792220082,117.25098536204898,1.6,2,0.7958428859710693,0.008414983749389648,0.0,101001011001111000101100,+-+--+-++--++++---+-++--,0,True,"[[0.000105, 139.38169263], [0.008065, 123.46717118], [0.008415, 117.25098536]]",36,quantum,2,
precond_pen=1.700,24,-1.5621319757349994,117.25098536204898,1.7,2,0.9461028575897217,0.030167818069458008,0.0,101001011001111000101100,+-+--+-++--++++---+-++--,0,True,"[[0.00013, 139.38169263], [0.008115, 134.8686586], [0.008595, 123.68569667], [0.008919, 119.41187386], [0.030168, 117.25098536]]",36,quantum,2,
precond_pen=1.800,24,-1.550599360311999,117.25098536204898,1.8,2,0.9418179988861084,0.026041030883789062,0.0,101001011001111000101100,+-+--+-++--++++---+-++--,0,True,"[[0.000123, 139.38169263], [0.006903, 121.63462564], [0.00717, 118.97529958], [0.026041, 117.25098536]]",36,quantum,2,
precond_pen=1.900,24,-4.300183780030007,117.25098536204898,1.9,2,0.526663064956665,0.008407115936279297,0.0,101001011001111000101100,+-+--+-++--++++---+-++--,0,True,"[[0.000125, 139.38169263], [0.007815, 139.4513413], [0.008407, 117.25098536]]",36,quantum,2,
precond_pen=2.000,24,-4.24962518599499,117.25098536204898,2.0,2,0.5457601547241211,0.54494309425354,0.0,010110100110000111010011,-+-++-+--++----+++-+--++,0,True,"[[0.000103, 139.38169263], [0.006852, 139.92046742], [0.007186, 118.27082222], [0.544943, 117.25098536], [0.545294, 117.25098536]]",36,quantum,2,
baseline,24,113.46519602317302,113.46519602317306,,2,0.902662992477417,0.005963802337646484,0.0,111011010011100011000010,+++-++-+--+++---++----+-,0,True,"[[0.000112, 134.15114502], [0.005134, 133.578107], [0.005538, 133.1877107], [0.005964, 113.46519602]]",37,quantum,2,
precond_pen=1.100,24,-12.300598481706999,116.06281081412111,1.1,2,0.1338808536529541,0.006994009017944336,0.0,111011010011000011010010,+++-++-+--++----++-+--+-,0,True,"[[0.000107, 134.15114502], [0.00608, 129.24324568], [0.006994, 116.06281081]]",37,quantum,2,
precond_pen=1.200,24,-12.014447768321,116.06281081412111,1.2,2,0.1250898838043213,0.006393909454345703,0.0,111011010011000011010010,+++-++-+--++----++-+--+-,0,True,"[[9.6e-05, 134.15114502], [0.005617, 130.46077046], [0.006394, 116.06281081]]",37,quantum,2,
precond_pen=1.300,24,-2.2054897955299886,113.46519602317306,1.3,2,0.6307790279388428,0.5774509906768799,0.0,111011010011100011000010,+++-++-+--+++---++----+-,0,True,"[[9.6e-05, 134.15114502], [0.00761, 132.2667242], [0.008067, 114.48281813], [0.577451, 113.46519602], [0.629774, 113.46519602]]",37,quantum,2,
precond_pen=1.400,24,-2.029685078966013,113.46519602317306,1.4,2,0.6848850250244141,0.019483089447021484,0.0,111011010011100011000010,+++-++-+--+++---++----+-,0,True,"[[0.000109, 134.15114502], [0.00664, 131.39195261], [0.007004, 128.40440542], [0.007441, 117.39136752], [0.019483, 113.46519602]]",37,quantum,2,
precond_pen=1.500,24,-2.007221097263008,113.46519602317306,1.5,2,0.8058071136474609,0.7684321403503418,0.0,000100101100011100111101,---+--+-++---+++--++++-+,0,True,"[[0.000105, 134.15114502], [0.008031, 132.2667242], [0.008501, 114.48281813], [0.768432, 113.46519602], [0.804069, 113.46519602]]",37,quantum,2,
precond_pen=1.600,24,-1.9734360685729957,113.46519602317306,1.6,2,0.7572669982910156,0.02933216094970703,0.0,000100101100011100111101,---+--+-++---+++--++++-+,0,True,"[[0.000108, 134.15114502], [0.00656, 132.2667242], [0.006943, 114.48281813], [0.029332, 113.46519602]]",37,quantum,2,
precond_pen=1.700,24,-7.111569072722,113.46519602317306,1.7,2,0.3494551181793213,0.014775991439819336,0.0,000100101100011100111101,---+--+-++---+++--++++-+,0,True,"[[0.000179, 134.15114502], [0.011461, 131.30147985], [0.013784, 127.56621679], [0.014776, 113.46519602]]",37,quantum,2,
precond_pen=1.800,24,-7.337182942032,113.46519602317306,1.8,2,0.3866441249847412,0.06676912307739258,0.0,111011010011100011000010,+++-++-+--+++---++----+-,0,True,"[[0.000192, 134.15114502], [0.010641, 132.28028023], [0.01154, 114.46306153], [0.066769, 113.46519602]]",37,quantum,2,
precond_pen=1.900,24,-10.447094042095994,113.46519602317306,1.9,2,0.48281288146972656,0.039604902267456055,0.0,000100101100011100111101,---+--+-++---+++--++++-+,0,True,"[[0.000977, 134.15114502], [0.03139, 132.32269507], [0.039605, 113.46519602]]",37,quantum,2,
precond_pen=2.000,24,-10.552848775588053,113.46519602317306,2.0,2,0.36121582984924316,0.010097980499267578,0.0,111011010011100011000010,+++-++-+--+++---++----+-,0,True,"[[0.000212, 134.15114502], [0.010098, 113.46519602]]",37,quantum,2,
baseline,24,118.42666710757298,118.42666710757288,,2,1.7157859802246094,0.07155609130859375,0.0,000111101011110101000001,---++++-+-++++-+-+-----+,0,True,"[[0.00016, 141.97613257], [0.009006, 139.52482849], [0.00956, 119.76485578], [0.071556, 118.42666711]]",38,quantum,2,
precond_pen=1.100,24,-2.4457677227189993,118.6430896618009,1.1,2,0.7608349323272705,0.6871509552001953,0.0,001111101011110001000001,--+++++-+-++++---+-----+,0,True,"[[0.000134, 141.97613257], [0.008798, 136.32649156], [0.009369, 136.02051674], [0.009967, 135.19950642], [0.010351, 119.62003764], [0.644392, 119.31023549], [0.687151, 118.42666711], [0.741349, 118.64308966], [0.759416, 118.64308966]]",38,quantum,2,
precond_pen=1.200,24,-2.190925229483005,118.6430896618009,1.2,2,0.9529991149902344,0.8225829601287842,0.0,001111101011110001000001,--+++++-+-++++---+-----+,0,True,"[[0.000117, 141.97613257], [0.007577, 129.18206419], [0.008376, 119.31023549], [0.822254, 119.15242706], [0.822583, 118.42666711], [0.931612, 118.64308966], [0.950508, 118.64308966]]",38,quantum,2,
precond_pen=1.300,24,-1.9981032006100072,118.42666710757288,1.3,2,1.3713250160217285,1.2921409606933594,0.0,000111101011110101000001,---++++-+-++++-+-+-----+,0,True,"[[0.000127, 141.97613257], [0.007871, 139.67682008], [0.008199, 120.32877156], [1.024431, 120.13851129], [1.024787, 119.17948088], [1.024927, 119.15242706], [1.292141, 118.42666711], [1.369539, 118.42666711]]",38,quantum,2,
precond_pen=1.400,24,-1.9732235194200083,118.42666710757288,1.4,2,0.9201960563659668,0.8474740982055664,0.0,000111101011110101000001,---++++-+-++++-+-+-----+,0,True,"[[0.000135, 141.97613257], [0.008635, 137.33752028], [0.00894, 120.32877156], [0.046906, 119.93807212], [0.21769, 119.62003764], [0.751761, 118.64308966], [0.847474, 118.42666711]]",38,quantum,2,
precond_pen=1.500,24,-1.7237733091530032,118.42666710757288,1.5,2,0.8840529918670654,0.8591530323028564,0.0,000111101011110101000001,---++++-+-++++-+-+-----+,0,True,"[[0.000109, 141.97613257], [0.006977, 137.72826479], [0.007371, 120.52804693], [0.025507, 119.76485578], [0.728211, 119.47829918], [0.771368, 119.15242706], [0.835681, 118.64308966], [0.859153, 118.42666711], [0.882106, 118.42666711]]",38,quantum,2,
precond_pen=1.600,24,-1.6219842767109913,118.42666710757288,1.6,2,1.1796340942382812,1.1076631546020508,0.0,000111101011110101000001,---++++-+-++++-+-+-----+,0,True,"[[0.000169, 141.97613257], [0.007574, 137.49218802], [0.007977, 120.32877156], [0.030263, 119.76485578], [0.953277, 119.62003764], [0.953618, 119.46393981], [1.08004, 119.31023549], [1.080263, 119.15242706], [1.107663, 118.42666711], [1.178577, 118.42666711]]",38,quantum,2,
precond_pen=1.700,24,-5.153583497951998,118.6430896618009,1.7,2,0.34389591217041016,0.03724503517150879,0.0,001111101011110001000001,--+++++-+-++++---+-----+,0,True,"[[0.000189, 141.97613257], [0.008348, 133.42519396], [0.009558, 130.80480198], [0.010138, 119.76485578], [0.037245, 118.64308966]]",38,quantum,2,
precond_pen=1.800,24,-2.9236372558380026,118.42666710757288,1.8,2,0.563338041305542,0.008271932601928711,0.0,111000010100001010111110,+++----+-+----+-+-+++++-,0,True,"[[0.000116, 141.97613257], [0.006739, 136.48525953], [0.007493, 136.02051674], [0.007922, 135.1906165], [0.008272, 118.42666711]]",38,quantum,2,
precond_pen=1.900,24,-4.071714170840007,118.6430896618009,1.9,2,0.6984620094299316,0.015073060989379883,0.0,001111101011110001000001,--+++++-+-++++---+-----+,0,True,"[[0.000195, 141.97613257], [0.013415, 127.52347495], [0.015073, 118.64308966]]",38,quantum,2,
precond_pen=2.000,24,-2.889842211831006,118.42666710757288,2.0,2,1.917907953262329,0.8436968326568604,0.0,111000010100001010111110,+++----+-+----+-+-+++++-,0,True,"[[0.000182, 141.97613257], [0.010141, 136.94569343], [0.010688, 119.93807212], [0.061695, 119.76485578], [0.438621, 118.64308966], [0.843697, 118.42666711]]",38,quantum,2,
baseline,24,120.8228290715071,120.82282907150703,,2,1.0147788524627686,0.5053079128265381,0.0,101000100101010100110111,+-+---+--+-+-+-+--++-+++,0,True,"[[0.000175, 132.68054889], [0.008701, 124.04157413], [0.094345, 121.18812596], [0.505308, 120.82282907], [1.013173, 120.82282907]]",39,quantum,2,
precond_pen=1.100,24,-9.293757357876993,122.47271317953695,1.1,2,0.39194297790527344,0.010738849639892578,0.0,101100100101010100110110,+-++--+--+-+-+-+--++-++-,0,True,"[[0.000204, 132.68054889], [0.010739, 122.47271318]]",39,quantum,2,
precond_pen=1.200,24,-9.075408157560002,122.47271317953695,1.2,2,0.26669788360595703,0.010252952575683594,0.0,101100100101010100110110,+-++--+--+-+-+-+--++-++-,0,True,"[[0.000174, 132.68054889], [0.008632, 132.83009071], [0.009417, 132.40669497], [0.010253, 122.47271318]]",39,quantum,2,
precond_pen=1.300,24,-2.188048132364001,120.82282907150703,1.3,2,0.713892936706543,0.6664109230041504,0.0,101000100101010100110111,+-+---+--+-+-+-+--++-+++,0,True,"[[0.000176, 132.68054889], [0.010226, 124.1205381], [0.428134, 122.83964093], [0.428534, 121.18812596], [0.666411, 120.82282907], [0.712921, 120.82282907]]",39,quantum,2,
precond_pen=1.400,24,-2.0168539675269983,120.82282907150703,1.4,2,1.1050629615783691,1.0618290901184082,0.0,010111011010101011001000,-+-+++-++-+-+-+-++--+---,0,True,"[[0.000132, 132.68054889], [0.010282, 124.1205381], [1.008924, 122.84098595], [1.061829, 120.82282907]]",39,quantum,2,
precond_pen=1.500,24,-1.8781588344299944,120.82282907150703,1.5,2,0.7837448120117188,0.7444620132446289,0.0,010111011010101011001000,-+-+++-++-+-+-+-++--+---,0,True,"[[0.000137, 132.68054889], [0.009929, 124.1205381], [0.034368, 123.85627379], [0.744462, 120.82282907], [0.782633, 120.82282907]]",39,quantum,2,
precond_pen=1.600,24,-1.763331209974,120.82282907150703,1.6,2,0.8749308586120605,0.8462159633636475,0.0,101000100101010100110111,+-+---+--+-+-+-+--++-+++,0,True,"[[0.000153, 132.68054889], [0.010802, 124.04157413], [0.053686, 123.85627379], [0.817881, 121.18812596], [0.846216, 120.82282907], [0.873098, 120.82282907]]",39,quantum,2,
precond_pen=1.700,24,-1.7492000038210023,120.82282907150703,1.7,2,0.9239959716796875,0.8752949237823486,0.0,101000100101010100110111,+-+---+--+-+-+-+--++-+++,0,True,"[[0.000155, 132.68054889], [0.010708, 124.04157413], [0.040561, 123.85627379], [0.827134, 123.885319], [0.85361, 123.76011853], [0.875295, 120.82282907], [0.922776, 120.82282907]]",39,quantum,2,
precond_pen=1.800,24,-6.785859471198999,121.08729144337687,1.8,2,0.4980330467224121,0.011774063110351562,0.0,010111011000101011001001,-+-+++-++---+-+-++--+--+,0,True,"[[0.000159, 132.68054889], [0.011071, 131.03459765], [0.011774, 121.08729144]]",39,quantum,2,
precond_pen=1.900,24,-3.5793514944099964,121.08729144337687,1.9,2,0.5529751777648926,0.009878158569335938,0.0,101000100111010100110110,+-+---+--+++-+-+--++-++-,0,True,"[[0.000155, 132.68054889], [0.009878, 121.08729144]]",39,quantum,2,
precond_pen=2.000,24,-6.886685379891002,121.08729144337687,2.0,2,0.33054304122924805,0.04083514213562012,0.0,010111011000101011001001,-+-+++-++---+-+-++--+--+,0,True,"[[0.000191, 132.68054889], [0.010589, 121.18812596], [0.040835, 121.08729144]]",39,quantum,2,
baseline,24,122.65377522341295,122.65377522341294,,2,1.1013188362121582,0.07567501068115234,0.0,111000100110010011100011,+++---+--++--+--+++---++,0,True,"[[0.0002, 150.51896868], [0.009706, 143.96108482], [0.010741, 141.09987263], [0.011272, 123.33019449], [0.075675, 122.65377522]]",40,quantum,2,
precond_pen=1.100,24,-2.6420907085230034,122.65377522341294,1.1,2,0.9285099506378174,0.015526056289672852,0.0,111000100110010011100011,+++---+--++--+--+++---++,0,True,"[[0.000172, 150.51896868], [0.013868, 133.64171481], [0.015526, 122.65377522]]",40,quantum,2,
precond_pen=1.200,24,-2.363931373313994,122.65377522341294,1.2,2,0.7638490200042725,0.7000331878662109,0.0,111000100110010011100011,+++---+--++--+--+++---++,0,True,"[[0.000172, 150.51896868], [0.012627, 141.4221565], [0.013328, 123.01465076], [0.039386, 122.87490686], [0.700033, 122.65377522], [0.762446, 122.65377522]]",40,quantum,2,
precond_pen=1.300,24,-2.151995797751985,122.65377522341294,1.3,2,0.8250808715820312,0.8044288158416748,0.0,000111011001101100011100,---+++-++--++-++---+++--,0,True,"[[0.000206, 150.51896868], [0.010723, 143.46456181], [0.011323, 125.67283817], [0.080841, 123.01465076], [0.785937, 122.87490686], [0.804429, 122.65377522], [0.823724, 122.65377522]]",40,quantum,2,
precond_pen=1.400,24,-1.9846813752540058,122.65377522341294,1.4,2,0.8266980648040771,0.7342519760131836,0.0,111000100110010011100011,+++---+--++--+--+++---++,0,True,"[[0.000209, 150.51896868], [0.010558, 142.7491192], [0.011187, 123.01465076], [0.734252, 122.65377522], [0.824948, 122.65377522]]",40,quantum,2,
precond_pen=1.500,24,-1.8489726281309906,122.65377522341294,1.5,2,0.946242094039917,0.8886959552764893,0.0,111000100110010011100011,+++---+--++--+--+++---++,0,True,"[[0.000188, 150.51896868], [0.010668, 138.28971223], [0.011398, 138.26222192], [0.011983, 123.01465076], [0.567177, 122.87490686], [0.888696, 122.65377522], [0.944697, 122.65377522]]",40,quantum,2,
precond_pen=1.600,24,-1.7365217447090018,122.65377522341294,1.6,2,1.0317270755767822,0.9526138305664062,0.0,000111011001101100011100,---+++-++--++-++---+++--,0,True,"[[0.000173, 150.51896868], [0.010481, 138.33069232], [0.011012, 123.4895039], [0.036079, 123.33019449], [0.951843, 123.01465076], [0.952353, 122.87490686], [0.952614, 122.65377522], [1.029674, 122.65377522]]",40,quantum,2,
precond_pen=1.700,24,-1.7218828483250093,122.65377522341294,1.7,2,0.8697330951690674,0.8287510871887207,0.0,111000100110010011100011,+++---+--++--+--+++---++,0,True,"[[0.000162, 150.51896868], [0.009811, 141.65125538], [0.011306, 123.01465076], [0.747033, 122.87490686], [0.828751, 122.65377522], [0.867305, 122.65377522]]",40,quantum,2,
precond_pen=1.800,24,-1.56063188705299,122.65377522341294,1.8,2,0.8648791313171387,0.7510521411895752,0.0,111000100110010011100011,+++---+--++--+--+++---++,0,True,"[[0.000197, 150.51896868], [0.010117, 150.20295851], [0.010812, 148.89149625], [0.011208, 135.41286668], [0.011581, 122.87490686], [0.751052, 122.65377522]]",40,quantum,2,
precond_pen=1.900,24,-1.5497933342979966,122.65377522341294,1.9,2,0.8050129413604736,0.7643599510192871,0.0,111000100110010011100011,+++---+--++--+--+++---++,0,True,"[[0.000164, 150.51896868], [0.011778, 135.41286668], [0.012476, 122.87490686], [0.76436, 122.65377522], [0.803918, 122.65377522]]",40,quantum,2,
precond_pen=2.000,24,-3.8659239786610087,122.87490686345495,2.0,2,0.4332239627838135,0.20044207572937012,0.0,101000100111010010100111,+-+---+--+++-+--+-+--+++,0,True,"[[0.000146, 150.51896868], [0.00964, 142.49312331], [0.010194, 141.09987263], [0.010633, 137.06114437], [0.011135, 123.01465076], [0.200442, 122.87490686]]",40,quantum,2,
baseline,24,126.54004625561707,126.54004625561731,,2,0.8290188312530518,0.6528060436248779,0.0,110001000101101101001011,++---+---+-++-++-+--+-++,0,True,"[[0.000133, 148.74227897], [0.007258, 128.25275135], [0.098618, 127.96740295], [0.491933, 126.88103222], [0.652806, 126.54004626]]",41,quantum,2,
precond_pen=1.100,24,-2.8096430400780097,126.54004625561731,1.1,2,0.5407021045684814,0.5199680328369141,0.0,110001000101101101001011,++---+---+-++-++-+--+-++,0,True,"[[0.000121, 148.74227897], [0.008674, 142.90158502], [0.009712, 141.14449141], [0.010158, 129.01960292], [0.028243, 128.25275135], [0.519968, 126.54004626], [0.539181, 126.54004626]]",41,quantum,2,
precond_pen=1.200,24,-2.492486185487996,126.54004625561731,1.2,2,0.580895185470581,0.009193897247314453,0.0,110001000101101101001011,++---+---+-++-++-+--+-++,0,True,"[[0.000141, 148.74227897], [0.008717, 147.33787146], [0.009194, 126.54004626]]",41,quantum,2,
precond_pen=1.300,24,-2.254444590823997,126.54004625561731,1.3,2,0.6454658508300781,0.02497696876525879,0.0,110001000101101101001011,++---+---+-++-++-+--+-++,0,True,"[[0.000144, 148.74227897], [0.008346, 139.29886854], [0.008901, 128.25275135], [0.024977, 126.54004626]]",41,quantum,2,
precond_pen=1.400,24,-2.0687329796869953,126.54004625561731,1.4,2,1.0116519927978516,0.03527379035949707,0.0,110001000101101101001011,++---+---+-++-++-+--+-++,0,True,"[[0.000155, 148.74227897], [0.008435, 148.38421089], [0.008916, 130.18711502], [0.035274, 126.54004626]]",41,quantum,2,
precond_pen=1.500,24,-1.9195390028010078,126.54004625561731,1.5,2,0.72381591796875,0.009077072143554688,0.0,110001000101101101001011,++---+---+-++-++-+--+-++,0,True,"[[0.000135, 148.74227897], [0.008593, 146.36613791], [0.009077, 126.54004626]]",41,quantum,2,
precond_pen=1.600,24,-1.796878609505013,126.54004625561731,1.6,2,1.1318109035491943,0.9573960304260254,0.0,110001000101101101001011,++---+---+-++-++-+--+-++,0,True,"[[0.000147, 148.74227897], [0.009053, 148.38421089], [0.009533, 130.18711502], [0.038086, 127.96740295], [0.957396, 126.54004626]]",41,quantum,2,
precond_pen=1.700,24,-1.7801566094459993,126.54004625561731,1.7,2,0.7621798515319824,0.7365059852600098,0.0,001110111010010010110100,--+++-+++-+--+--+-++-+--,0,True,"[[0.000169, 148.74227897], [0.009757, 148.38421089], [0.010257, 130.18711502], [0.03524, 127.96740295], [0.736506, 126.54004626]]",41,quantum,2,
precond_pen=1.800,24,-7.156412398964999,126.54004625561731,1.8,2,0.11498785018920898,0.009456872940063477,0.0,110001000101101101001011,++---+---+-++-++-+--+-++,0,True,"[[0.000171, 148.74227897], [0.008882, 143.33640032], [0.009457, 126.54004626]]",41,quantum,2,
precond_pen=1.900,24,-7.377236107074999,126.54004625561731,1.9,2,0.21918702125549316,0.011362075805664062,0.0,110001000101101101001011,++---+---+-++-++-+--+-++,0,True,"[[0.000147, 148.74227897], [0.009797, 138.33074838], [0.011362, 126.54004626]]",41,quantum,2,
precond_pen=2.000,24,-1.4659135924500095,126.54004625561731,2.0,2,0.7556860446929932,0.009505033493041992,0.0,110001000101101101001011,++---+---+-++-++-+--+-++,0,True,"[[0.000141, 148.74227897], [0.008958, 147.18293371], [0.009505, 126.54004626]]",41,quantum,2,
baseline,24,119.6151461914099,119.61514619140999,,2,1.599762201309204,0.008680105209350586,0.0,111000011011101000010101,+++----++-+++-+----+-+-+,0,True,"[[0.000193, 142.42228222], [0.008192, 136.1970093], [0.00868, 119.61514619]]",42,quantum,2,
precond_pen=1.100,24,-1.7221301793939947,119.61514619140999,1.1,2,0.6687040328979492,0.01530003547668457,0.0,111000011011101000010101,+++----++-+++-+----+-+-+,0,True,"[[0.000194, 142.42228222], [0.01464, 127.9775497], [0.0153, 119.61514619]]",42,quantum,2,
precond_pen=1.200,24,-2.2104348099039974,119.61514619140999,1.2,2,1.113879919052124,0.07946205139160156,0.0,000111100100010111101010,---++++--+---+-++++-+-+-,0,True,"[[0.000167, 142.42228222], [0.01067, 133.47941637], [0.0114, 121.34289944], [0.079462, 119.61514619]]",42,quantum,2,
precond_pen=1.300,24,-2.018426015079008,119.61514619140999,1.3,2,0.836777925491333,0.011195898056030273,0.0,111000011011101000010101,+++----++-+++-+----+-+-+,0,True,"[[0.000187, 142.42228222], [0.010583, 128.03250123], [0.011196, 119.61514619]]",42,quantum,2,
precond_pen=1.400,24,-1.8663891711320026,119.61514619140999,1.4,2,0.9898819923400879,0.20192408561706543,0.0,000111100100010111101010,---++++--+---+-++++-+-+-,0,True,"[[0.000174, 142.42228222], [0.010529, 127.88787721], [0.011075, 122.9874199], [0.159691, 123.02346672], [0.160295, 122.66196464], [0.201924, 119.61514619]]",42,quantum,2,
precond_pen=1.500,24,-1.742780192628997,119.61514619140999,1.5,2,1.0580110549926758,0.03688693046569824,0.0,000111100100010111101010,---++++--+---+-++++-+-+-,0,True,"[[0.000195, 142.42228222], [0.009073, 129.75676718], [0.009575, 121.08741189], [0.036887, 119.61514619]]",42,quantum,2,
precond_pen=1.600,24,-4.909667167856003,119.61514619140999,1.6,2,0.31075286865234375,0.03596687316894531,0.0,111000011011101000010101,+++----++-+++-+----+-+-+,0,True,"[[0.000147, 142.42228222], [0.008544, 136.87776995], [0.009353, 142.92190939], [0.010343, 131.82461636], [0.01109, 121.08741189], [0.035967, 119.61514619]]",42,quantum,2,
precond_pen=1.700,24,-3.6814171455170133,119.61514619140999,1.7,2,0.45775699615478516,0.03155994415283203,0.0,000111100100010111101010,---++++--+---+-++++-+-+-,0,True,"[[0.000193, 142.42228222], [0.008707, 138.97135424], [0.009216, 121.34289944], [0.03156, 119.61514619]]",42,quantum,2,
precond_pen=1.800,24,-3.837091379283997,119.61514619140999,1.8,2,0.5558559894561768,0.5547330379486084,0.0,000111100100010111101010,---++++--+---+-++++-+-+-,0,True,"[[0.000166, 142.42228222], [0.006565, 129.96627017], [0.007521, 120.44726501], [0.554733, 119.61514619], [0.555257, 119.61514619]]",42,quantum,2,
precond_pen=1.900,24,-5.659250251275003,119.61514619140999,1.9,2,0.18935418128967285,0.18810319900512695,0.0,111000011011101000010101,+++----++-+++-+----+-+-+,0,True,"[[0.00016, 142.42228222], [0.006516, 140.87663901], [0.006874, 134.95420581], [0.0072, 132.27743721], [0.007704, 121.08741189], [0.032553, 119.76979312], [0.188103, 119.61514619], [0.188943, 119.61514619]]",42,quantum,2,
precond_pen=2.000,24,-3.923475306846001,119.61514619140999,2.0,2,0.6617038249969482,0.034262895584106445,0.0,111000011011101000010101,+++----++-+++-+----+-+-+,0,True,"[[0.000149, 142.42228222], [0.007277, 129.18713387], [0.008809, 121.4895901], [0.034263, 119.61514619]]",42,quantum,2,
baseline,24,121.42892836625401,121.4289283662539,,2,0.8517899513244629,0.008126974105834961,0.0,010100111001111110010000,-+-+--+++--++++++--+----,0,True,"[[0.000117, 151.49797007], [0.006946, 147.12192671], [0.007415, 145.76744127], [0.008127, 121.42892837]]",43,quantum,2,
precond_pen=1.100,24,-2.877273949546,121.4289283662539,1.1,2,0.5724279880523682,0.025867938995361328,0.0,101011000110000001101111,+-+-++---++------++-++++,0,True,"[[0.000106, 151.49797007], [0.006341, 140.2730682], [0.007202, 123.21294399], [0.025868, 121.42892837]]",43,quantum,2,
precond_pen=1.200,24,-2.820487831184991,121.4289283662539,1.2,2,0.6509110927581787,0.007194042205810547,0.0,101011000110000001101111,+-+-++---++------++-++++,0,True,"[[0.000104, 151.49797007], [0.006263, 138.68773808], [0.007194, 121.42892837]]",43,quantum,2,
precond_pen=1.300,24,-2.3240152396660054,121.4289283662539,1.3,2,0.762059211730957,0.00758814811706543,0.0,101011000110000001101111,+-+-++---++------++-++++,0,True,"[[0.000107, 151.49797007], [0.007299, 140.01256039], [0.007588, 121.42892837]]",43,quantum,2,
precond_pen=1.400,24,-2.136615365820001,121.4289283662539,1.4,2,0.6660711765289307,0.0076329708099365234,0.0,101011000110000001101111,+-+-++---++------++-++++,0,True,"[[0.000115, 151.49797007], [0.007331, 142.45164768], [0.007633, 121.42892837]]",43,quantum,2,
precond_pen=1.500,24,-1.9851416142680112,121.4289283662539,1.5,2,0.7640419006347656,0.008669853210449219,0.0,101011000110000001101111,+-+-++---++------++-++++,0,True,"[[0.000112, 151.49797007], [0.008204, 139.13057905], [0.00867, 121.42892837]]",43,quantum,2,
precond_pen=1.600,24,-1.8599712270009956,121.4289283662539,1.6,2,0.5730369091033936,0.009016990661621094,0.0,101011000110000001101111,+-+-++---++------++-++++,0,True,"[[0.000118, 151.49797007], [0.008596, 144.23330862], [0.009017, 121.42892837]]",43,quantum,2,
precond_pen=1.700,24,-1.8439672153410047,121.4289283662539,1.7,2,0.7518281936645508,0.007239103317260742,0.0,101011000110000001101111,+-+-++---++------++-++++,0,True,"[[0.00016, 151.49797007], [0.006929, 144.23330862], [0.007239, 121.42892837]]",43,quantum,2,
precond_pen=1.800,24,-1.8211304279319993,121.4289283662539,1.8,2,0.6253268718719482,0.009743928909301758,0.0,101011000110000001101111,+-+-++---++------++-++++,0,True,"[[0.000168, 151.49797007], [0.009296, 144.23330862], [0.009744, 121.42892837]]",43,quantum,2,
precond_pen=1.900,24,-4.548843246162004,121.4289283662539,1.9,2,0.12471795082092285,0.008047103881835938,0.0,101011000110000001101111,+-+-++---++------++-++++,0,True,"[[0.000162, 151.49797007], [0.006944, 143.49086731], [0.007686, 133.23937141], [0.008047, 121.42892837]]",43,quantum,2,
precond_pen=2.000,24,-4.587972940661986,121.4289283662539,2.0,2,0.13304495811462402,0.007360935211181641,0.0,101011000110000001101111,+-+-++---++------++-++++,0,True,"[[0.000137, 151.49797007], [0.006313, 137.41555559], [0.00704, 137.16454283], [0.007361, 121.42892837]]",43,quantum,2,
baseline,24,116.44020799617094,116.44020799617091,,2,0.8832411766052246,0.09734821319580078,0.0,101010101110111000000011,+-+-+-+-+++-+++-------++,0,True,"[[0.000136, 147.96340181], [0.005349, 140.51013457], [0.00564, 124.91252643], [0.095303, 123.96852667], [0.097348, 116.440208]]",44,quantum,2,
precond_pen=1.100,24,-3.0347127503910034,116.44020799617091,1.1,2,0.6409180164337158,0.018697023391723633,0.0,010101010001000111111100,-+-+-+-+---+---+++++++--,0,True,"[[0.000509, 147.96340181], [0.017694, 139.70661549], [0.018697, 116.440208]]",44,quantum,2,
precond_pen=1.200,24,-2.6869916681309913,116.44020799617091,1.2,2,0.5387108325958252,0.010561943054199219,0.0,010101010001000111111100,-+-+-+-+---+---+++++++--,0,True,"[[0.000176, 147.96340181], [0.009853, 132.56307058], [0.010562, 116.440208]]",44,quantum,2,
precond_pen=1.300,24,-2.4264994461760008,116.44020799617091,1.3,2,0.7096660137176514,0.010833024978637695,0.0,010101010001000111111100,-+-+-+-+---+---+++++++--,0,True,"[[0.000163, 147.96340181], [0.010191, 133.74656672], [0.010833, 116.440208]]",44,quantum,2,
precond_pen=1.400,24,-2.2234304743160003,116.44020799617091,1.4,2,0.5419890880584717,0.009426116943359375,0.0,010101010001000111111100,-+-+-+-+---+---+++++++--,0,True,"[[0.000145, 147.96340181], [0.008848, 133.74656672], [0.009426, 116.440208]]",44,quantum,2,
precond_pen=1.500,24,-2.0603258768999986,116.44020799617091,1.5,2,0.5446629524230957,0.010225057601928711,0.0,010101010001000111111100,-+-+-+-+---+---+++++++--,0,True,"[[0.000139, 147.96340181], [0.00959, 134.09127083], [0.010225, 116.440208]]",44,quantum,2,
precond_pen=1.600,24,-7.143754947519999,116.44020799617091,1.6,2,0.06819009780883789,0.009350061416625977,0.0,101010101110111000000011,+-+-+-+-+++-+++-------++,0,True,"[[0.000131, 147.96340181], [0.008394, 132.0024056], [0.00935, 116.440208]]",44,quantum,2,
precond_pen=1.700,24,-1.6029732062889899,116.44020799617091,1.7,2,0.5609660148620605,0.011044025421142578,0.0,010101010001000111111100,-+-+-+-+---+---+++++++--,0,True,"[[0.000141, 147.96340181], [0.010283, 130.22366402], [0.011044, 116.440208]]",44,quantum,2,
precond_pen=1.800,24,-8.146525291194997,116.44020799617091,1.8,2,0.07681989669799805,0.01271677017211914,0.0,010101010001000111111100,-+-+-+-+---+---+++++++--,0,True,"[[0.000143, 147.96340181], [0.010175, 140.791562], [0.011246, 140.51013457], [0.011982, 140.37944057], [0.012717, 116.440208]]",44,quantum,2,
precond_pen=1.900,24,-8.820257427965014,116.44020799617091,1.9,2,0.280397891998291,0.01166987419128418,0.0,101010101110111000000011,+-+-+-+-+++-+++-------++,0,True,"[[0.000151, 147.96340181], [0.00924, 147.20594881], [0.010705, 144.74567181], [0.01167, 116.440208]]",44,quantum,2,
precond_pen=2.000,24,-4.584196795551005,116.44020799617091,2.0,2,0.44383907318115234,0.009991168975830078,0.0,101010101110111000000011,+-+-+-+-+++-+++-------++,0,True,"[[0.000131, 147.96340181], [0.00869, 146.57482959], [0.009283, 144.26948988], [0.009991, 116.440208]]",44,quantum,2,
baseline,24,125.86010023459806,125.86010023459801,,2,1.0913059711456299,0.9789841175079346,0.0,101111010001000100110011,+-++++-+---+---+--++--++,0,True,"[[0.00014, 151.08675895], [0.007978, 150.10265085], [0.008814, 149.87676551], [0.009601, 127.05490097], [0.334614, 126.63584127], [0.978984, 125.86010023], [1.089722, 125.86010023]]",45,quantum,2,
precond_pen=1.100,24,-3.6311701071029994,125.86010023459801,1.1,2,0.4973480701446533,0.4944019317626953,0.0,101111010001000100110011,+-++++-+---+---+--++--++,0,True,"[[0.000136, 151.08675895], [0.010122, 140.71040744], [0.011917, 127.80834281], [0.494402, 125.86010023], [0.496439, 125.86010023]]",45,quantum,2,
precond_pen=1.200,24,-2.3085936617909955,125.86010023459801,1.2,2,0.8145790100097656,0.0302889347076416,0.0,101111010001000100110011,+-++++-+---+---+--++--++,0,True,"[[0.000132, 151.08675895], [0.008428, 136.64963733], [0.009474, 126.63584127], [0.030289, 125.86010023]]",45,quantum,2,
precond_pen=1.300,24,-2.101205672068007,125.86010023459801,1.3,2,0.7355539798736572,0.011333942413330078,0.0,101111010001000100110011,+-++++-+---+---+--++--++,0,True,"[[0.000144, 151.08675895], [0.010547, 134.76100727], [0.011334, 125.86010023]]",45,quantum,2,
precond_pen=1.400,24,-1.937790332390998,125.86010023459801,1.4,2,0.7610569000244141,0.011096000671386719,0.0,101111010001000100110011,+-++++-+---+---+--++--++,0,True,"[[0.000158, 151.08675895], [0.01042, 147.02108352], [0.011096, 125.86010023]]",45,quantum,2,
precond_pen=1.500,24,-1.9163412753539983,125.86010023459801,1.5,2,0.7450180053710938,0.008420944213867188,0.0,101111010001000100110011,+-++++-+---+---+--++--++,0,True,"[[0.000135, 151.08675895], [0.007981, 143.48864849], [0.008421, 125.86010023]]",45,quantum,2,
precond_pen=1.600,24,-5.39886440121799,125.86010023459801,1.6,2,0.1761641502380371,0.012007951736450195,0.0,101111010001000100110011,+-++++-+---+---+--++--++,0,True,"[[0.000147, 151.08675895], [0.009839, 144.69890269], [0.010825, 143.87723873], [0.011427, 142.15707565], [0.012008, 125.86010023]]",45,quantum,2,
precond_pen=1.700,24,-5.875995438133,125.86010023459801,1.7,2,0.1496410369873047,0.03060603141784668,0.0,101111010001000100110011,+-++++-+---+---+--++--++,0,True,"[[0.000152, 151.08675895], [0.008923, 137.34109644], [0.010084, 127.80834281], [0.030606, 125.86010023]]",45,quantum,2,
precond_pen=1.800,24,-1.5248424984080025,125.86010023459801,1.8,2,0.8320519924163818,0.0109710693359375,0.0,101111010001000100110011,+-++++-+---+---+--++--++,0,True,"[[0.000141, 151.08675895], [0.010169, 141.71987616], [0.010971, 125.86010023]]",45,quantum,2,
precond_pen=1.900,24,-6.365776714776999,125.86010023459801,1.9,2,0.1696610450744629,0.009999990463256836,0.0,101111010001000100110011,+-++++-+---+---+--++--++,0,True,"[[0.000129, 151.08675895], [0.008406, 149.61445848], [0.009012, 149.87676551], [0.009482, 146.99245436], [0.01, 125.86010023]]",45,quantum,2,
precond_pen=2.000,24,-9.214538484407015,125.86010023459801,2.0,2,0.29981493949890137,0.009720802307128906,0.0,101111010001000100110011,+-++++-+---+---+--++--++,0,True,"[[0.000124, 151.08675895], [0.008199, 152.48122173], [0.00904, 147.80893773], [0.009721, 125.86010023]]",45,quantum,2,
baseline,24,111.90725594530802,111.90725594530801,,2,1.0559818744659424,0.7946898937225342,0.0,010100101110101001001101,-+-+--+-+++-+-+--+--++-+,0,True,"[[0.000131, 128.09314837], [0.008456, 116.10697967], [0.29486, 113.8498105], [0.404691, 113.63874723], [0.434116, 113.37632999], [0.45289, 112.75243242], [0.501485, 112.27194405], [0.79469, 111.90725595]]",46,quantum,2,
precond_pen=1.100,24,-10.831635195337004,112.27194404997402,1.1,2,0.2578160762786865,0.011368036270141602,0.0,101011010000010110110110,+-+-++-+-----+-++-++-++-,0,True,"[[0.000185, 128.09314837], [0.009901, 132.17055336], [0.011368, 112.27194405]]",46,quantum,2,
precond_pen=1.200,24,-1.9889426161810029,111.90725594530801,1.2,2,0.8707938194274902,0.8169779777526855,0.0,010100101110101001001101,-+-+--+-+++-+-+--+--++-+,0,True,"[[0.000192, 128.09314837], [0.010258, 124.61027269], [0.010872, 112.58736645], [0.816978, 111.90725595], [0.869425, 111.90725595]]",46,quantum,2,
precond_pen=1.300,24,-2.104516207251004,111.90725594530801,1.3,2,0.9708800315856934,0.8959090709686279,0.0,010100101110101001001101,-+-+--+-+++-+-+--+--++-+,0,True,"[[0.000151, 128.09314837], [0.010118, 113.58823791], [0.895347, 112.27194405], [0.895909, 111.90725595], [0.96886, 111.90725595]]",46,quantum,2,
precond_pen=1.400,24,-5.9777292461609965,113.91117914488206,1.4,2,0.12741398811340332,0.016031980514526367,0.0,010100101110101001101001,-+-+--+-+++-+-+--++-+--+,0,True,"[[0.000224, 128.09314837], [0.014148, 125.46489236], [0.015548, 126.29963368], [0.016032, 113.91117914]]",46,quantum,2,
precond_pen=1.500,24,-6.618181657258998,113.91117914488206,1.5,2,0.24053382873535156,0.014658927917480469,0.0,010100101110101001101001,-+-+--+-+++-+-+--++-+--+,0,True,"[[0.000215, 128.09314837], [0.013145, 119.44323846], [0.014659, 113.91117914]]",46,quantum,2,
precond_pen=1.600,24,-1.7070034251749853,111.90725594530801,1.6,2,0.8683559894561768,0.7731261253356934,0.0,101011010001010110110010,+-+-++-+---+-+-++-++--+-,0,True,"[[0.000279, 128.09314837], [0.014856, 127.91215758], [0.015696, 117.06634855], [0.043526, 112.58736645], [0.773126, 111.90725595], [0.866109, 111.90725595]]",46,quantum,2,
precond_pen=1.700,24,-3.9892716856189923,111.90725594530801,1.7,2,0.458345890045166,0.399763822555542,0.0,010100101110101001001101,-+-+--+-+++-+-+--+--++-+,0,True,"[[0.000271, 128.09314837], [0.013787, 125.80235192], [0.014911, 124.94857913], [0.015941, 115.27991586], [0.051231, 113.89446307], [0.399764, 111.90725595], [0.456816, 111.90725595]]",46,quantum,2,
precond_pen=1.800,24,-9.573982782643,113.09659465694605,1.8,2,0.4598069190979004,0.011355876922607422,0.0,010010101111101001001001,-+--+-+-+++++-+--+--+--+,0,True,"[[0.000181, 128.09314837], [0.01011, 127.56746385], [0.011356, 113.09659466]]",46,quantum,2,
precond_pen=1.900,24,-9.675256932253035,113.09659465694605,1.9,2,0.47467613220214844,0.0119171142578125,0.0,101101010000010110110110,+-++-+-+-----+-++-++-++-,0,True,"[[0.000154, 128.09314837], [0.008851, 126.01390732], [0.010703, 125.67429246], [0.011917, 113.09659466]]",46,quantum,2,
precond_pen=2.000,24,-9.645316648724986,113.09659465694605,2.0,2,0.896324872970581,0.07314205169677734,0.0,010010101111101001001001,-+--+-+-+++++-+--+--+--+,0,True,"[[0.000194, 128.09314837], [0.009865, 123.25046651], [0.011284, 113.58823791], [0.073142, 113.09659466]]",46,quantum,2,
baseline,24,120.62107942650604,120.62107942650618,,2,2.4839420318603516,0.034538984298706055,0.0,110011001000101110101001,++--++--+---+-+++-+-+--+,0,True,"[[0.001422, 143.66109197], [0.030078, 142.21230784], [0.032005, 141.74433307], [0.034539, 120.62107943]]",47,quantum,2,
precond_pen=1.100,24,-2.6747612890319825,120.62107942650618,1.1,2,0.7624931335449219,0.04690098762512207,0.0,110011001000101110101001,++--++--+---+-+++-+-+--+,0,True,"[[0.000852, 143.66109197], [0.013742, 133.37761638], [0.014293, 121.50316145], [0.046901, 120.62107943]]",47,quantum,2,
precond_pen=1.200,24,-2.3786748634559984,120.62107942650618,1.2,2,0.80489182472229,0.7681889533996582,0.0,110011001000101110101001,++--++--+---+-+++-+-+--+,0,True,"[[0.000217, 143.66109197], [0.012567, 132.46169121], [0.013206, 121.50316145], [0.708843, 121.20662693], [0.768189, 120.62107943], [0.803073, 120.62107943]]",47,quantum,2,
precond_pen=1.300,24,-2.156102970098999,120.62107942650618,1.3,2,0.8285341262817383,0.7674221992492676,0.0,001100110111010001010110,--++--++-+++-+---+-+-++-,0,True,"[[0.000163, 143.66109197], [0.00996, 132.42481411], [0.01057, 121.50316145], [0.040907, 121.15310366], [0.767422, 120.62107943], [0.827, 120.62107943]]",47,quantum,2,
precond_pen=1.400,24,-1.9822209315129946,120.62107942650618,1.4,2,0.9327738285064697,0.8434708118438721,0.0,110011001000101110101001,++--++--+---+-+++-+-+--+,0,True,"[[0.000197, 143.66109197], [0.011329, 138.56041009], [0.011946, 121.50316145], [0.843471, 120.62107943], [0.930782, 120.62107943]]",47,quantum,2,
precond_pen=1.500,24,-1.8423329657560092,120.62107942650618,1.5,2,0.95176100730896,0.8872637748718262,0.0,001100110111010001010110,--++--++-+++-+---+-+-++-,0,True,"[[0.000177, 143.66109197], [0.009792, 139.48583984], [0.010299, 121.50316145], [0.032797, 121.15310366], [0.887264, 120.62107943], [0.95031, 120.62107943]]",47,quantum,2,
precond_pen=1.600,24,-1.8230358106779967,120.62107942650618,1.6,2,0.8585038185119629,0.7792129516601562,0.0,001100110111010001010110,--++--++-+++-+---+-+-++-,0,True,"[[0.000167, 143.66109197], [0.011871, 142.36397371], [0.012459, 121.50316145], [0.051396, 121.15310366], [0.779213, 120.62107943], [0.857042, 120.62107943]]",47,quantum,2,
precond_pen=1.700,24,-1.7949795498250065,120.62107942650618,1.7,2,0.8620879650115967,0.8102178573608398,0.0,110011001000101110101001,++--++--+---+-+++-+-+--+,0,True,"[[0.000187, 143.66109197], [0.010009, 139.48583984], [0.010587, 123.35259128], [0.236034, 122.50396248], [0.236649, 122.21218384], [0.245737, 121.15310366], [0.810218, 120.62107943], [0.860653, 120.62107943]]",47,quantum,2,
precond_pen=1.800,24,-3.9803960908029996,120.62107942650618,1.8,2,0.5761768817901611,0.014075994491577148,0.0,110011001000101110101001,++--++--+---+-+++-+-+--+,0,True,"[[0.000187, 143.66109197], [0.011675, 135.54866133], [0.013328, 133.25376572], [0.014076, 120.62107943]]",47,quantum,2,
precond_pen=1.900,24,-1.4775826129620029,120.62107942650618,1.9,2,0.8934140205383301,0.029005050659179688,0.0,110011001000101110101001,++--++--+---+-+++-+-+--+,0,True,"[[0.000181, 143.66109197], [0.010496, 139.28946756], [0.011112, 123.35259128], [0.029005, 120.62107943]]",47,quantum,2,
precond_pen=2.000,24,-1.4674057272999956,120.62107942650618,2.0,2,0.7832510471343994,0.025622129440307617,0.0,110011001000101110101001,++--++--+---+-+++-+-+--+,0,True,"[[0.000198, 143.66109197], [0.009753, 133.28815377], [0.010265, 121.84240305], [0.025622, 120.62107943]]",47,quantum,2,
baseline,24,118.765295863597,118.76529586359706,,2,1.0769188404083252,0.08379101753234863,0.0,111001101111100000110000,+++--++-+++++-----++----,0,True,"[[0.000165, 139.15663475], [0.008448, 133.30657004], [0.009614, 121.14439998], [0.083791, 118.76529586]]",48,quantum,2,
precond_pen=1.100,24,-2.6183704744699963,118.76529586359706,1.1,2,0.7854139804840088,0.03215813636779785,0.0,000110010000011111001111,---++--+-----+++++--++++,0,True,"[[0.000196, 139.15663475], [0.011755, 133.16885132], [0.013525, 131.27567006], [0.014224, 129.53043272], [0.01457, 122.42589754], [0.032158, 118.76529586]]",48,quantum,2,
precond_pen=1.200,24,-2.333781621745983,118.76529586359706,1.2,2,0.9134948253631592,0.5359699726104736,0.0,000110010000011111001111,---++--+-----+++++--++++,0,True,"[[0.0002, 139.15663475], [0.01287, 131.27979695], [0.013632, 118.97129802], [0.53597, 118.76529586]]",48,quantum,2,
precond_pen=1.300,24,-2.1193373377609923,118.76529586359706,1.3,2,0.8207828998565674,0.7542679309844971,0.0,111001101111100000110000,+++--++-+++++-----++----,0,True,"[[0.000181, 139.15663475], [0.012348, 136.49792296], [0.013193, 118.97129802], [0.754268, 118.76529586], [0.818713, 118.76529586]]",48,quantum,2,
precond_pen=1.400,24,-1.9514098618899975,118.76529586359706,1.4,2,0.9981658458709717,0.9078469276428223,0.0,111001101111100000110000,+++--++-+++++-----++----,0,True,"[[0.000157, 139.15663475], [0.011008, 131.27979695], [0.011609, 118.97129802], [0.907847, 118.76529586], [0.996396, 118.76529586]]",48,quantum,2,
precond_pen=1.500,24,-1.8160414921260166,118.76529586359706,1.5,2,0.8696749210357666,0.034661054611206055,0.0,111001101111100000110000,+++--++-+++++-----++----,0,True,"[[0.000139, 139.15663475], [0.010394, 134.09796733], [0.011094, 118.97129802], [0.034661, 118.76529586]]",48,quantum,2,
precond_pen=1.600,24,-6.688153004054996,118.76529586359706,1.6,2,0.07700181007385254,0.01027989387512207,0.0,000110010000011111001111,---++--+-----+++++--++++,0,True,"[[0.000136, 139.15663475], [0.00816, 135.77106539], [0.008905, 134.21566007], [0.009664, 133.63595055], [0.01028, 118.76529586]]",48,quantum,2,
precond_pen=1.700,24,-4.248627926183003,118.76529586359706,1.7,2,0.4967060089111328,0.01008296012878418,0.0,000110010000011111001111,---++--+-----+++++--++++,0,True,"[[0.000129, 139.15663475], [0.008167, 135.22269938], [0.008785, 134.21566007], [0.009471, 130.80157299], [0.010083, 118.76529586]]",48,quantum,2,
precond_pen=1.800,24,-1.530702082915008,118.76529586359706,1.8,2,1.0218980312347412,0.9458370208740234,0.0,111001101111100000110000,+++--++-+++++-----++----,0,True,"[[0.00016, 139.15663475], [0.007894, 132.59163416], [0.008337, 118.97129802], [0.945837, 118.76529586], [1.020687, 118.76529586]]",48,quantum,2,
precond_pen=1.900,24,-4.6333750415420045,118.76529586359706,1.9,2,0.3619570732116699,0.01120901107788086,0.0,000110010000011111001111,---++--+-----+++++--++++,0,True,"[[0.000134, 139.15663475], [0.009495, 126.16910659], [0.011209, 118.76529586]]",48,quantum,2,
precond_pen=2.000,24,-7.324887941216982,118.76529586359706,2.0,2,0.4451749324798584,0.008955955505371094,0.0,111001101111100000110000,+++--++-+++++-----++----,0,True,"[[0.000128, 139.15663475], [0.008263, 138.35957706], [0.008956, 118.76529586]]",48,quantum,2,
baseline,24,123.33808676371697,123.33808676371699,,2,1.2751820087432861,0.010421991348266602,0.0,010100100010100001111111,-+-+--+---+-+----+++++++,0,True,"[[0.000157, 145.93897089], [0.008415, 144.78752035], [0.009116, 144.7872072], [0.009841, 144.76561569], [0.010422, 123.33808676]]",49,quantum,2,
precond_pen=1.100,24,-2.9560703312310235,123.33808676371699,1.1,2,0.589885950088501,0.01389002799987793,0.0,010100100010100001111111,-+-+--+---+-+----+++++++,0,True,"[[0.000186, 145.93897089], [0.013225, 136.11393365], [0.01389, 123.33808676]]",49,quantum,2,
precond_pen=1.200,24,-2.622849372616008,123.33808676371699,1.2,2,0.6327099800109863,0.01426386833190918,0.0,010100100010100001111111,-+-+--+---+-+----+++++++,0,True,"[[0.000184, 145.93897089], [0.013261, 140.76238885], [0.014264, 123.33808676]]",49,quantum,2,
precond_pen=1.300,24,-2.372521191276011,123.33808676371699,1.3,2,0.6244919300079346,0.009575843811035156,0.0,010100100010100001111111,-+-+--+---+-+----+++++++,0,True,"[[0.000131, 145.93897089], [0.009029, 142.39184865], [0.009576, 123.33808676]]",49,quantum,2,
precond_pen=1.400,24,-2.1769196104209865,123.33808676371699,1.4,2,0.6268551349639893,0.010483980178833008,0.0,010100100010100001111111,-+-+--+---+-+----+++++++,0,True,"[[0.000131, 145.93897089], [0.009942, 133.8320178], [0.010484, 123.33808676]]",49,quantum,2,
precond_pen=1.500,24,-2.0194937295839956,123.33808676371699,1.5,2,0.6327509880065918,0.01023411750793457,0.0,010100100010100001111111,-+-+--+---+-+----+++++++,0,True,"[[0.000153, 145.93897089], [0.009547, 144.26114302], [0.010234, 123.33808676]]",49,quantum,2,
precond_pen=1.600,24,-1.8898397776229992,123.33808676371699,1.6,2,0.6722080707550049,0.009911060333251953,0.0,010100100010100001111111,-+-+--+---+-+----+++++++,0,True,"[[0.000154, 145.93897089], [0.009382, 140.58720766], [0.009911, 123.33808676]]",49,quantum,2,
precond_pen=1.700,24,-1.8738590081939819,123.33808676371699,1.7,2,0.6419839859008789,0.010287046432495117,0.0,010100100010100001111111,-+-+--+---+-+----+++++++,0,True,"[[0.000167, 145.93897089], [0.009723, 140.58720766], [0.010287, 123.33808676]]",49,quantum,2,
precond_pen=1.800,24,-8.195556474844002,123.33808676371699,1.8,2,0.06128883361816406,0.011136054992675781,0.0,010100100010100001111111,-+-+--+---+-+----+++++++,0,True,"[[0.000145, 145.93897089], [0.010253, 136.88161926], [0.011136, 123.33808676]]",49,quantum,2,
precond_pen=1.900,24,-3.9356170869649905,123.33808676371699,1.9,2,0.5492279529571533,0.011512041091918945,0.0,101011011101011110000000,+-+-++-+++-+-++++-------,0,True,"[[0.000151, 145.93897089], [0.009817, 142.86075542], [0.010628, 142.36381522], [0.011512, 123.33808676]]",49,quantum,2,
precond_pen=2.000,24,-11.979549014581018,123.33808676371699,2.0,2,0.24108600616455078,0.00910806655883789,0.0,010100100010100001111111,-+-+--+---+-+----+++++++,0,True,"[[0.000131, 145.93897089], [0.007871, 141.28297343], [0.009108, 123.33808676]]",49,quantum,2,
