name,n,objective_model,objective_baseline,penalty,mip_status,runtime_sec,time_to_best_sec,mip_gap,x_bits,z_bits,sum_z,presolve,trajectory,seed,preconditioner_family,layers,sweeps
baseline,24,130.1153685081999,130.11536850820013,,2,1.7494041919708252,0.011018991470336914,0.0,111001011110010101000001,+++--+-++++--+-+-+-----+,0,False,"[[0.000228, 151.31257109], [0.009525, 147.53358726], [0.010531, 142.88581991], [0.011019, 130.11536851]]",0,quantum,2,
precond_pen=1.100,24,-3.1203172109199926,130.11536850820013,1.1,2,0.5266921520233154,0.0074770450592041016,0.0,111001011110010101000001,+++--+-++++--+-+-+-----+,0,False,"[[0.000158, 151.31257109], [0.006461, 148.46451397], [0.006898, 142.88581991], [0.007477, 130.11536851]]",0,quantum,2,
precond_pen=1.200,24,-2.749044006248006,130.11536850820013,1.2,2,0.5400068759918213,0.006186008453369141,0.0,000110100001101010111110,---++-+----++-+-+-+++++-,0,False,"[[0.000139, 151.31257109], [0.006186, 130.11536851]]",0,quantum,2,
precond_pen=1.300,24,-2.473970889357,130.11536850820013,1.3,2,0.5776429176330566,0.006702899932861328,0.0,111001011110010101000001,+++--+-++++--+-+-+-----+,0,False,"[[0.000191, 151.31257109], [0.006297, 150.60342369], [0.006703, 130.11536851]]",0,quantum,2,
precond_pen=1.400,24,-2.2611538164260008,130.11536850820013,1.4,2,0.6189169883728027,0.0063669681549072266,0.0,111001011110010101000001,+++--+-++++--+-+-+-----+,0,False,"[[0.000188, 151.31257109], [0.005697, 149.82088173], [0.006367, 130.11536851]]",0,quantum,2,
precond_pen=1.500,24,-2.091186852173001,130.11536850820013,1.5,2,0.658811092376709,0.006072998046875,0.0,000110100001101010111110,---++-+----++-+-+-+++++-,0,False,"[[0.000196, 151.31257109], [0.006073, 130.11536851]]",0,quantum,2,
precond_pen=1.600,24,-2.0697640199999956,130.11536850820013,1.6,2,0.6334919929504395,0.00680994987487793,0.0,111001011110010101000001,+++--+-++++--+-+-+-----+,0,False,"[[0.000217, 151.31257109], [0.006421, 150.50099552], [0.00681, 130.11536851]]",0,quantum,2,
precond_pen=1.700,24,-7.525188584005001,131.29920933990624,1.7,2,0.054473876953125,0.006824016571044922,0.0,000110000101101010111110,---++----+-++-+-+-+++++-,0,False,"[[0.000215, 151.31257109], [0.005392, 139.80276632], [0.006383, 134.89136232], [0.006824, 131.29920934]]",0,quantum,2,
precond_pen=1.800,24,-4.381015024620995,130.37768239028426,1.8,2,0.31355905532836914,0.006841182708740234,0.0,000110001101101010111010,---++---++-++-+-+-+++-+-,0,False,"[[0.000208, 151.31257109], [0.006184, 149.78469022], [0.006841, 130.11536851], [0.205645, 130.37768239]]",0,quantum,2,
precond_pen=1.900,24,-8.120820028303001,131.29920933990624,1.9,2,0.15855002403259277,0.0063669681549072266,0.0,111001111010010101000001,+++--++++-+--+-+-+-----+,0,False,"[[0.000212, 151.31257109], [0.005063, 147.77061452], [0.005773, 142.88581991], [0.006367, 131.29920934]]",0,quantum,2,
precond_pen=2.000,24,-1.5788367454579895,130.11536850820013,2.0,2,0.6471138000488281,0.007322788238525391,0.0,000110100001101010111110,---++-+----++-+-+-+++++-,0,False,"[[0.000206, 151.31257109], [0.00676, 148.1776399], [0.007323, 130.11536851]]",0,quantum,2,
baseline,24,121.02014177323395,121.0201417732341,,2,1.8097960948944092,0.005711078643798828,0.0,111011010101000000011101,+++-++-+-+-+-------+++-+,0,False,"[[0.0002, 151.85993202], [0.005317, 148.32766763], [0.005711, 121.02014177]]",1,quantum,2,
precond_pen=1.100,24,-2.57281369092901,121.03008842867203,1.1,2,0.5913619995117188,0.019032001495361328,0.0,111011010101010000001101,+++-++-+-+-+-+------++-+,0,False,"[[0.000171, 151.85993202], [0.005145, 143.78876362], [0.005442, 121.7777424], [0.019032, 121.03008843]]",1,quantum,2,
precond_pen=1.200,24,-2.29728970243999,121.03008842867203,1.2,2,0.6775989532470703,0.00548100471496582,0.0,111011010101010000001101,+++-++-+-+-+-+------++-+,0,False,"[[0.000161, 151.85993202], [0.005099, 143.54667683], [0.005481, 121.03008843]]",1,quantum,2,
precond_pen=1.300,24,-2.0887727693530014,121.03008842867203,1.3,2,0.700300931930542,0.5871899127960205,0.0,111011010101010000001101,+++-++-+-+-+-+------++-+,0,False,"[[0.000173, 151.85993202], [0.004842, 141.48915333], [0.005136, 121.24790097], [0.58719, 121.03008843]]",1,quantum,2,
precond_pen=1.400,24,-1.925008990312989,121.03008842867203,1.4,2,0.8078711032867432,0.005864858627319336,0.0,111011010101010000001101,+++-++-+-+-+-+------++-+,0,False,"[[0.000186, 151.85993202], [0.005541, 141.48915333], [0.005865, 121.03008843]]",1,quantum,2,
precond_pen=1.500,24,-1.7927201460189952,121.03008842867203,1.5,2,0.893805980682373,0.00621795654296875,0.0,111011010101010000001101,+++-++-+-+-+-+------++-+,0,False,"[[0.000195, 151.85993202], [0.005166, 145.96006471], [0.005578, 145.33083729], [0.005928, 140.26351599], [0.006218, 121.03008843]]",1,quantum,2,
precond_pen=1.600,24,-1.7746398982899887,121.03008842867203,1.6,2,0.8727059364318848,0.006510019302368164,0.0,111011010101010000001101,+++-++-+-+-+-+------++-+,0,False,"[[0.000181, 151.85993202], [0.005106, 141.33629464], [0.005635, 139.77663081], [0.006055, 137.29018887], [0.00651, 121.03008843]]",1,quantum,2,
precond_pen=1.700,24,-1.5915946474779918,121.03008842867203,1.7,2,1.0389859676361084,0.023345947265625,0.0,111011010101010000001101,+++-++-+-+-+-+------++-+,0,False,"[[0.000185, 151.85993202], [0.005891, 141.7062722], [0.006273, 121.7777424], [0.023346, 121.03008843]]",1,quantum,2,
precond_pen=1.800,24,-6.943241933407998,121.24790097132205,1.8,2,0.13478398323059082,0.0056171417236328125,0.0,111011001101000000001111,+++-++--++-+--------++++,0,False,"[[0.000172, 151.85993202], [0.004535, 133.91474752], [0.005136, 134.06184044], [0.005617, 121.24790097]]",1,quantum,2,
precond_pen=1.900,24,-4.238306783042011,121.0201417732341,1.9,2,0.48625993728637695,0.005441188812255859,0.0,111011010101000000011101,+++-++-+-+-+-------+++-+,0,False,"[[0.00015, 151.85993202], [0.004382, 135.07256981], [0.005441, 121.02014177]]",1,quantum,2,
precond_pen=2.000,24,-7.046078427656001,121.24790097132205,2.0,2,0.16884207725524902,0.005833148956298828,0.0,111011001101000000001111,+++-++--++-+--------++++,0,False,"[[0.000181, 151.85993202], [0.004981, 128.75675131], [0.005833, 121.03008843], [0.027079, 121.24790097]]",1,quantum,2,
baseline,24,119.81107703246303,119.81107703246302,,2,5.333335876464844,0.005797863006591797,0.0,111110010011001000000111,+++++--+--++--+------+++,0,False,"[[0.000135, 146.89416462], [0.004263, 146.52662832], [0.004944, 145.34607912], [0.005429, 141.85119029], [0.005798, 119.81107703]]",2,quantum,2,
precond_pen=1.100,24,-2.1528138585949996,119.81107703246302,1.1,2,0.7576780319213867,0.005948066711425781,0.0,111110010011001000000111,+++++--+--++--+------+++,0,False,"[[0.000179, 146.89416462], [0.005631, 135.30601238], [0.005948, 119.81107703]]",2,quantum,2,
precond_pen=1.200,24,-2.3220413153250004,119.81107703246302,1.2,2,0.7507801055908203,0.020547151565551758,0.0,111110010011001000000111,+++++--+--++--+------+++,0,False,"[[0.000128, 146.89416462], [0.005658, 131.07627512], [0.006031, 121.36688993], [0.020547, 119.81107703]]",2,quantum,2,
precond_pen=1.300,24,-2.107881261368984,119.81107703246302,1.3,2,0.8203790187835693,0.005650043487548828,0.0,111110010011001000000111,+++++--+--++--+------+++,0,False,"[[0.000167, 146.89416462], [0.005253, 140.57072341], [0.00565, 119.81107703]]",2,quantum,2,
precond_pen=1.400,24,-1.9403586545319982,119.81107703246302,1.4,2,1.0451209545135498,0.7575418949127197,0.0,111110010011001000000111,+++++--+--++--+------+++,0,False,"[[0.000116, 146.89416462], [0.00495, 133.19230191], [0.005316, 120.8981552], [0.680663, 120.67674294], [0.757542, 119.81107703], [1.043926, 119.81107703]]",2,quantum,2,
precond_pen=1.500,24,-1.805436580272012,119.81107703246302,1.5,2,0.913456916809082,0.7495548725128174,0.0,000001101100110111111000,-----++-++--++-++++++---,0,False,"[[0.000169, 146.89416462], [0.00711, 139.64815828], [0.007444, 120.8981552], [0.74906, 120.06666894], [0.749555, 119.81107703], [0.912216, 119.81107703]]",2,quantum,2,
precond_pen=1.600,24,-1.6942693652380036,119.81107703246302,1.6,2,0.9691610336303711,0.7653939723968506,0.0,000001101100110111111000,-----++-++--++-++++++---,0,False,"[[0.0002, 146.89416462], [0.007349, 141.4716341], [0.007663, 122.52721778], [0.023483, 120.8981552], [0.765394, 119.81107703], [0.968023, 119.81107703]]",2,quantum,2,
precond_pen=1.700,24,-1.6009655485669931,119.81107703246302,1.7,2,1.0753700733184814,0.008788108825683594,0.0,111110010011001000000111,+++++--+--++--+------+++,0,False,"[[0.000167, 146.89416462], [0.008386, 136.08992969], [0.008788, 119.81107703]]",2,quantum,2,
precond_pen=1.800,24,-6.282915696918996,120.04510978351907,1.8,2,0.24656319618225098,0.007714986801147461,0.0,000101101100110011111000,---+-++-++--++--+++++---,0,False,"[[0.000161, 146.89416462], [0.006678, 130.53359392], [0.007715, 120.04510978]]",2,quantum,2,
precond_pen=1.900,24,-6.4361451140699995,120.04510978351907,1.9,2,0.2268810272216797,0.0067288875579833984,0.0,111010010011001100000111,+++-+--+--++--++-----+++,0,False,"[[0.000159, 146.89416462], [0.005685, 126.28262756], [0.006729, 120.04510978]]",2,quantum,2,
precond_pen=2.000,24,-9.285511284270981,120.04510978351907,2.0,2,0.3925449848175049,0.006932973861694336,0.0,111010010011001100000111,+++-+--+--++--++-----+++,0,False,"[[0.000152, 146.89416462], [0.005493, 143.47368081], [0.006231, 139.05188203], [0.006933, 120.04510978]]",2,quantum,2,
baseline,24,125.62957739668596,125.62957739668624,,2,1.9382178783416748,0.008065938949584961,0.0,010101001111000001100111,-+-+-+--++++-----++--+++,0,False,"[[0.0002, 146.3517384], [0.006435, 141.44536594], [0.007622, 141.21821994], [0.008066, 125.6295774]]",3,quantum,2,
precond_pen=1.100,24,-2.753006941173,125.62957739668624,1.1,2,0.5347280502319336,0.008038043975830078,0.0,101010110000111110011000,+-+-+-++----+++++--++---,0,False,"[[0.000173, 146.3517384], [0.007403, 143.16335833], [0.008038, 125.6295774]]",3,quantum,2,
precond_pen=1.200,24,-2.456921963367,125.62957739668624,1.2,2,0.6961770057678223,0.02400684356689453,0.0,010101001111000001100111,-+-+-+--++++-----++--+++,0,False,"[[0.000168, 146.3517384], [0.006862, 145.79446684], [0.007232, 129.67712264], [0.024007, 125.6295774]]",3,quantum,2,
precond_pen=1.300,24,-2.2321069306670083,125.62957739668624,1.3,2,0.6844658851623535,0.0075719356536865234,0.0,101010110000111110011000,+-+-+-++----+++++--++---,0,False,"[[0.000163, 146.3517384], [0.007212, 142.31534855], [0.007572, 125.6295774]]",3,quantum,2,
precond_pen=1.400,24,-2.3622104986589996,125.62957739668624,1.4,2,0.6864042282104492,0.008837223052978516,0.0,010101001111000001100111,-+-+-+--++++-----++--+++,0,False,"[[0.000204, 146.3517384], [0.008192, 140.90960995], [0.008837, 125.6295774]]",3,quantum,2,
precond_pen=1.500,24,-5.7172182714899975,125.62957739668624,1.5,2,0.1398789882659912,0.028510093688964844,0.0,010101001111000001100111,-+-+-+--++++-----++--+++,0,False,"[[0.000175, 146.3517384], [0.006355, 143.38635918], [0.006819, 146.13506668], [0.007146, 138.41780423], [0.007598, 129.57041741], [0.02851, 125.6295774]]",3,quantum,2,
precond_pen=1.600,24,-6.393156174702,125.62957739668624,1.6,2,0.13858699798583984,0.030904054641723633,0.0,010101001111000001100111,-+-+-+--++++-----++--+++,0,False,"[[0.000171, 146.3517384], [0.007868, 136.01279721], [0.009332, 136.39654712], [0.009878, 128.62538392], [0.030904, 125.6295774]]",3,quantum,2,
precond_pen=1.700,24,-6.834066526710002,125.62957739668624,1.7,2,0.13930296897888184,0.02921605110168457,0.0,101010110000111110011000,+-+-+-++----+++++--++---,0,False,"[[0.000134, 146.3517384], [0.005072, 142.99667446], [0.005594, 137.04430706], [0.006198, 128.62538392], [0.029216, 125.6295774]]",3,quantum,2,
precond_pen=1.800,24,-4.900051776855998,125.62957739668624,1.8,2,0.09886288642883301,0.02656388282775879,0.0,101010110000111110011000,+-+-+-++----+++++--++---,0,False,"[[0.000151, 146.3517384], [0.006432, 142.28626961], [0.006839, 128.62538392], [0.026564, 125.6295774]]",3,quantum,2,
precond_pen=1.900,24,-7.193716615111,125.62957739668624,1.9,2,0.1837749481201172,0.030250072479248047,0.0,010101001111000001100111,-+-+-+--++++-----++--+++,0,False,"[[0.000162, 146.3517384], [0.006236, 136.5092834], [0.007265, 128.62538392], [0.03025, 125.6295774]]",3,quantum,2,
precond_pen=2.000,24,-10.10730695935607,125.62957739668624,2.0,2,0.5029499530792236,0.4702568054199219,0.0,101010110000111110011000,+-+-+-++----+++++--++---,0,False,"[[0.000163, 146.3517384], [0.005609, 142.4272372], [0.006114, 147.15719371], [0.006506, 127.52551189], [0.470257, 125.6295774], [0.501153, 125.6295774]]",3,quantum,2,
baseline,24,137.49819129224997,137.4981912922501,,2,2.0824520587921143,0.5980889797210693,0.0,110100110101001101010100,++-+--++-+-+--++-+-+-+--,0,False,"[[0.000171, 163.78368209], [0.0058, 160.20613068], [0.006222, 159.99175187], [0.006626, 158.62010923], [0.006926, 141.19074867], [0.070356, 139.73777453], [0.535073, 139.07910577], [0.598089, 137.49819129]]",4,quantum,2,
precond_pen=1.100,24,-2.2316655826480023,137.4981912922501,1.1,2,0.6057898998260498,0.007661104202270508,0.0,001011001010110010101011,--+-++--+-+-++--+-+-+-++,0,False,"[[0.00016, 163.78368209], [0.007248, 154.99484284], [0.007661, 137.49819129]]",4,quantum,2,
precond_pen=1.200,24,-2.381844862417015,137.4981912922501,1.2,2,0.5973398685455322,0.025640010833740234,0.0,001011001010110010101011,--+-++--+-+-++--+-+-+-++,0,False,"[[0.000165, 163.78368209], [0.006618, 154.50977664], [0.007398, 149.11516333], [0.007649, 142.10892791], [0.02564, 137.49819129]]",4,quantum,2,
precond_pen=1.300,24,-2.1627639305509962,137.4981912922501,1.3,2,0.6906280517578125,0.009478092193603516,0.0,001011001010110010101011,--+-++--+-+-++--+-+-+-++,0,False,"[[0.00018, 163.78368209], [0.008796, 148.38088968], [0.009478, 137.49819129]]",4,quantum,2,
precond_pen=1.400,24,-1.9908066873829995,137.4981912922501,1.4,2,0.675537109375,0.007879018783569336,0.0,001011001010110010101011,--+-++--+-+-++--+-+-+-++,0,False,"[[0.000158, 163.78368209], [0.007387, 149.94389579], [0.007879, 137.49819129]]",4,quantum,2,
precond_pen=1.500,24,-1.8519685502799845,137.4981912922501,1.5,2,0.7528858184814453,0.007473945617675781,0.0,001011001010110010101011,--+-++--+-+-++--+-+-+-++,0,False,"[[0.000163, 163.78368209], [0.007064, 155.71388026], [0.007474, 137.49819129]]",4,quantum,2,
precond_pen=1.600,24,-1.7373440656999968,137.4981912922501,1.6,2,0.7300431728363037,0.007189035415649414,0.0,001011001010110010101011,--+-++--+-+-++--+-+-+-++,0,False,"[[0.000165, 163.78368209], [0.006785, 151.84092346], [0.007189, 137.49819129]]",4,quantum,2,
precond_pen=1.700,24,-1.7224545976810042,137.4981912922501,1.7,2,0.7623550891876221,0.00716400146484375,0.0,001011001010110010101011,--+-++--+-+-++--+-+-+-++,0,False,"[[0.000161, 163.78368209], [0.006806, 151.84092346], [0.007164, 137.49819129]]",4,quantum,2,
precond_pen=1.800,24,-5.238991678573997,137.4981912922501,1.8,2,0.1800398826599121,0.00826406478881836,0.0,001011001010110010101011,--+-++--+-+-++--+-+-+-++,0,False,"[[0.000163, 163.78368209], [0.007081, 158.56725562], [0.007525, 160.20613068], [0.007824, 156.92688774], [0.008264, 137.49819129]]",4,quantum,2,
precond_pen=1.900,24,-4.004780992925994,137.4981912922501,1.9,2,0.4528830051422119,0.030080080032348633,0.0,001011001010110010101011,--+-++--+-+-++--+-+-+-++,0,False,"[[0.000157, 163.78368209], [0.006925, 152.28766911], [0.007698, 148.66629194], [0.008073, 139.73777453], [0.03008, 137.49819129]]",4,quantum,2,
precond_pen=2.000,24,-3.7903865430870027,137.4981912922501,2.0,2,0.5274448394775391,0.5253489017486572,0.0,110100110101001101010100,++-+--++-+-+--++-+-+-+--,0,False,"[[0.000167, 163.78368209], [0.006821, 143.65759526], [0.007717, 139.73777453], [0.524792, 139.07910577], [0.525349, 137.49819129], [0.526424, 137.49819129]]",4,quantum,2,
baseline,24,120.608873588076,120.60887358807578,,2,5.798817873001099,0.49976301193237305,0.0,010011111011000001001011,-+--+++++-++-----+--+-++,0,False,"[[0.000201, 139.48194045], [0.00682, 122.92375639], [0.076385, 122.69803831], [0.499277, 120.73168228], [0.499763, 120.60887359], [5.795465, 120.60887359]]",5,quantum,2,
precond_pen=1.100,24,-2.423492453571006,120.60887358807578,1.1,2,0.8388378620147705,0.008787870407104492,0.0,101100000100111110110100,+-++-----+--+++++-++-+--,0,False,"[[0.000165, 139.48194045], [0.008208, 136.1629835], [0.008788, 120.60887359]]",5,quantum,2,
precond_pen=1.200,24,-2.170816840992998,120.60887358807578,1.2,2,1.09446120262146,0.705604076385498,0.0,101100000100111110110100,+-++-----+--+++++-++-+--,0,False,"[[0.000197, 139.48194045], [0.0076, 133.97063177], [0.008069, 122.24287604], [0.705604, 120.60887359], [1.09235, 120.60887359]]",5,quantum,2,
precond_pen=1.300,24,-1.9791038989630128,120.60887358807578,1.3,2,1.2212049961090088,0.9364280700683594,0.0,010011111011000001001011,-+--+++++-++-----+--+-++,0,False,"[[0.000182, 139.48194045], [0.00895, 137.33269063], [0.009568, 122.24287604], [0.73726, 121.75975396], [0.936428, 120.60887359], [1.219059, 120.60887359]]",5,quantum,2,
precond_pen=1.400,24,-1.8282082828910031,120.60887358807578,1.4,2,1.5823640823364258,1.414013147354126,0.0,010011111011000001001011,-+--+++++-++-----+--+-++,0,False,"[[0.000177, 139.48194045], [0.007738, 136.98015696], [0.008092, 122.24287604], [1.094616, 121.84174757], [1.095162, 121.75975396], [1.414013, 120.60887359], [1.580457, 120.60887359]]",5,quantum,2,
precond_pen=1.500,24,-1.706086674103993,120.60887358807578,1.5,2,1.253321886062622,1.2187418937683105,0.0,010011111011000001001011,-+--+++++-++-----+--+-++,0,False,"[[0.000196, 139.48194045], [0.007936, 135.56223828], [0.00849, 122.55940677], [0.838396, 122.37402522], [0.884682, 121.84174757], [0.970421, 121.75975396], [1.128913, 120.73168228], [1.218742, 120.60887359], [1.252082, 120.60887359]]",5,quantum,2,
precond_pen=1.600,24,-1.6893353711959982,120.60887358807578,1.6,2,1.3817598819732666,1.0873908996582031,0.0,010011111011000001001011,-+--+++++-++-----+--+-++,0,False,"[[0.000177, 139.48194045], [0.007668, 139.16003522], [0.008095, 122.24287604], [0.861324, 120.73168228], [1.087391, 120.60887359]]",5,quantum,2,
precond_pen=1.700,24,-1.664864815488997,120.60887358807578,1.7,2,1.1266670227050781,0.891211986541748,0.0,010011111011000001001011,-+--+++++-++-----+--+-++,0,False,"[[0.000178, 139.48194045], [0.007201, 139.16003522], [0.007668, 122.24287604], [0.808163, 122.11980045], [0.891212, 120.60887359], [1.125611, 120.60887359]]",5,quantum,2,
precond_pen=1.800,24,-3.850287877756003,120.60887358807578,1.8,2,0.4953038692474365,0.4784970283508301,0.0,010011111011000001001011,-+--+++++-++-----+--+-++,0,False,"[[0.000145, 139.48194045], [0.006388, 131.23353813], [0.007173, 128.31972402], [0.007441, 122.69803831], [0.478497, 120.60887359], [0.494436, 120.60887359]]",5,quantum,2,
precond_pen=1.900,24,-3.252956888805998,120.60887358807578,1.9,2,0.9418880939483643,0.7567691802978516,0.0,101100000100111110110100,+-++-----+--+++++-++-+--,0,False,"[[0.000169, 139.48194045], [0.005905, 138.88920283], [0.006716, 137.82728957], [0.007355, 122.81655023], [0.434227, 122.66582375], [0.756769, 120.60887359]]",5,quantum,2,
precond_pen=2.000,24,-7.419844889660986,120.60887358807578,2.0,2,0.5951340198516846,0.051882028579711914,0.0,010011111011000001001011,-+--+++++-++-----+--+-++,0,False,"[[0.00018, 139.48194045], [0.006086, 132.27502418], [0.007442, 123.34120815], [0.051882, 120.60887359]]",5,quantum,2,
baseline,24,124.94988981299596,124.94988981299589,,2,1.1496520042419434,0.007653951644897461,0.0,100011001001101010110110,+---++--+--++-+-+-++-++-,0,False,"[[0.000172, 149.48860608], [0.007172, 149.45673148], [0.007654, 124.94988981]]",6,quantum,2,
precond_pen=1.100,24,-3.1897664293620025,124.94988981299589,1.1,2,0.4873960018157959,0.008299827575683594,0.0,011100110110010101001001,-+++--++-++--+-+-+--+--+,0,False,"[[0.00017, 149.48860608], [0.007315, 142.54997415], [0.0083, 124.94988981]]",6,quantum,2,
precond_pen=1.200,24,-2.8091087665490058,124.94988981299589,1.2,2,0.5559258460998535,0.008584976196289062,0.0,100011001001101010110110,+---++--+--++-+-+-++-++-,0,False,"[[0.000168, 149.48860608], [0.008044, 149.54246206], [0.008585, 124.94988981]]",6,quantum,2,
precond_pen=1.300,24,-2.526776126977005,124.94988981299589,1.3,2,0.5990941524505615,0.009180068969726562,0.0,100011001001101010110110,+---++--+--++-+-+-++-++-,0,False,"[[0.000167, 149.48860608], [0.00863, 149.54246206], [0.00918, 124.94988981]]",6,quantum,2,
precond_pen=1.400,24,-2.3082546791620047,124.94988981299589,1.4,2,0.628849983215332,0.00899195671081543,0.0,100011001001101010110110,+---++--+--++-+-+-++-++-,0,False,"[[0.000186, 149.48860608], [0.008483, 147.14080033], [0.008992, 124.94988981]]",6,quantum,2,
precond_pen=1.500,24,-2.1336950003939936,124.94988981299589,1.5,2,0.6669540405273438,0.007337093353271484,0.0,100011001001101010110110,+---++--+--++-+-+-++-++-,0,False,"[[0.000162, 149.48860608], [0.006832, 148.22708107], [0.007337, 124.94988981]]",6,quantum,2,
precond_pen=1.600,24,-7.6995480922500015,124.94988981299589,1.6,2,0.05658292770385742,0.007910966873168945,0.0,100011001001101010110110,+---++--+--++-+-+-++-++-,0,False,"[[0.000201, 149.48860608], [0.006856, 137.52243511], [0.007911, 124.94988981]]",6,quantum,2,
precond_pen=1.700,24,-1.8714597472289967,124.94988981299589,1.7,2,0.7407329082489014,0.007289886474609375,0.0,100011001001101010110110,+---++--+--++-+-+-++-++-,0,False,"[[0.00016, 149.48860608], [0.006818, 145.40755194], [0.00729, 124.94988981]]",6,quantum,2,
precond_pen=1.800,24,-1.8562589857959928,124.94988981299589,1.8,2,0.7358808517456055,0.007543802261352539,0.0,100011001001101010110110,+---++--+--++-+-+-++-++-,0,False,"[[0.000145, 149.48860608], [0.00707, 148.22708107], [0.007544, 124.94988981]]",6,quantum,2,
precond_pen=1.900,24,-8.842028118963002,124.94988981299589,1.9,2,0.17415404319763184,0.009695053100585938,0.0,011100110110010101001001,-+++--++-++--+-+-+--+--+,0,False,"[[0.000175, 149.48860608], [0.008312, 146.50110334], [0.009695, 124.94988981]]",6,quantum,2,
precond_pen=2.000,24,-13.861688038406022,124.94988981299589,2.0,2,0.20061802864074707,0.007633209228515625,0.0,100011001001101010110110,+---++--+--++-+-+-++-++-,0,False,"[[0.00016, 149.48860608], [0.006546, 141.39742671], [0.007633, 124.94988981]]",6,quantum,2,
baseline,24,121.48948729551492,121.48948729551489,,2,1.9858980178833008,0.47173285484313965,0.0,010001010101110011001110,-+---+-+-+-+++--++--+++-,0,False,"[[0.000204, 149.37512207], [0.007356, 121.97432066], [0.381191, 121.82306171], [0.471733, 121.4894873]]",7,quantum,2,
precond_pen=1.100,24,-2.7542121408590035,121.48948729551489,1.1,2,0.5306777954101562,0.49257683753967285,0.0,010001010101110011001110,-+---+-+-+-+++--++--+++-,0,False,"[[0.000145, 149.37512207], [0.006653, 138.79994522], [0.007156, 121.97432066], [0.492577, 121.4894873], [0.529035, 121.4894873]]",7,quantum,2,
precond_pen=1.200,24,-2.6965063141030043,121.48948729551489,1.2,2,0.6179749965667725,0.03064894676208496,0.0,101110101010001100110001,+-+++-+-+-+---++--++---+,0,False,"[[0.000184, 149.37512207], [0.007506, 138.95369626], [0.00855, 132.29789382], [0.008962, 121.97432066], [0.030649, 121.4894873]]",7,quantum,2,
precond_pen=1.300,24,-9.524881013463993,123.43163217120899,1.3,2,0.24704194068908691,0.03225111961364746,0.0,101100101100001111101000,+-++--+-++----+++++-+---,0,False,"[[0.000161, 149.37512207], [0.006241, 137.3187478], [0.007355, 126.55941193], [0.032251, 123.43163217]]",7,quantum,2,
precond_pen=1.400,24,-2.039848815782996,121.48948729551489,1.4,2,0.7234430313110352,0.6499121189117432,0.0,010001010101110011001110,-+---+-+-+-+++--++--+++-,0,False,"[[0.000143, 149.37512207], [0.006647, 129.34916269], [0.007076, 121.97432066], [0.649228, 121.82306171], [0.649912, 121.4894873], [0.721499, 121.4894873]]",7,quantum,2,
precond_pen=1.500,24,-5.993337920999995,123.72654624719492,1.5,2,0.08424711227416992,0.007809162139892578,0.0,010011010011110000001111,-+--++-+--++++------++++,0,False,"[[0.000168, 149.37512207], [0.006615, 139.34501171], [0.007137, 144.13095631], [0.007435, 136.16294678], [0.007809, 123.72654625]]",7,quantum,2,
precond_pen=1.600,24,-6.660551977953996,123.72654624719492,1.6,2,0.06614995002746582,0.007745981216430664,0.0,010011010011110000001111,-+--++-+--++++------++++,0,False,"[[0.000169, 149.37512207], [0.006464, 144.44606736], [0.007035, 144.13095631], [0.007379, 136.16294678], [0.007746, 123.72654625]]",7,quantum,2,
precond_pen=1.700,24,-7.130484727126005,122.36721345740497,1.7,2,0.0742340087890625,0.007879972457885742,0.0,010011010001110001001111,-+--++-+---+++---+--++++,0,False,"[[0.000175, 149.37512207], [0.006066, 137.40275647], [0.0073, 134.45430037], [0.00788, 122.36721346]]",7,quantum,2,
precond_pen=1.800,24,-7.399869838509,122.36721345740497,1.8,2,0.15834999084472656,0.007574796676635742,0.0,010011010001110001001111,-+--++-+---+++---+--++++,0,False,"[[0.000145, 149.37512207], [0.005981, 139.2001426], [0.007015, 136.29468938], [0.007575, 122.36721346]]",7,quantum,2,
precond_pen=1.900,24,-9.785030069949016,122.36721345740497,1.9,2,0.2980368137359619,0.006218910217285156,0.0,101100101110001110110000,+-++--+-+++---+++-++----,0,False,"[[0.000142, 149.37512207], [0.005177, 144.4395575], [0.005682, 141.46665673], [0.006219, 122.36721346]]",7,quantum,2,
precond_pen=2.000,24,-9.803988623950012,122.36721345740497,2.0,2,0.34542393684387207,0.007916927337646484,0.0,101100101110001110110000,+-++--+-+++---+++-++----,0,False,"[[0.000168, 149.37512207], [0.006711, 142.95979243], [0.007233, 144.13095631], [0.007917, 122.36721346]]",7,quantum,2,
baseline,24,121.31159902354509,121.3115990235448,,2,5.366750955581665,0.07592511177062988,0.0,111010001101010100011100,+++-+---++-+-+-+---+++--,0,False,"[[0.000164, 143.54497724], [0.006295, 121.40060679], [0.075925, 121.31159902]]",8,quantum,2,
precond_pen=1.100,24,-2.5028839211540213,121.40060679440091,1.1,2,0.8279061317443848,0.8037290573120117,0.0,000100100110111011100011,---+--+--++-+++-+++---++,0,False,"[[0.000152, 143.54497724], [0.010121, 138.69470355], [0.010681, 122.08037744], [0.803729, 121.40060679], [0.82631, 121.40060679]]",8,quantum,2,
precond_pen=1.200,24,-2.2470162023949882,121.40060679440091,1.2,2,0.8078761100769043,0.028458118438720703,0.0,000100100110111011100011,---+--+--++-+++-+++---++,0,False,"[[0.000161, 143.54497724], [0.007885, 143.43219877], [0.008407, 122.08037744], [0.028458, 121.40060679]]",8,quantum,2,
precond_pen=1.300,24,-2.214573254528002,121.40060679440091,1.3,2,0.9040348529815674,0.030061960220336914,0.0,111011011001000100011100,+++-++-++--+---+---+++--,0,False,"[[0.000191, 143.54497724], [0.009944, 143.11934417], [0.010556, 123.1852154], [0.030062, 121.40060679]]",8,quantum,2,
precond_pen=1.400,24,-1.8967950977059989,121.3115990235448,1.4,2,0.9288721084594727,0.7862329483032227,0.0,111010001101010100011100,+++-+---++-+-+-+---+++--,0,False,"[[0.000159, 143.54497724], [0.007944, 143.11934417], [0.00851, 123.1852154], [0.749659, 121.83594031], [0.786233, 121.31159902], [0.926916, 121.31159902]]",8,quantum,2,
precond_pen=1.500,24,-1.7709204904509832,121.3115990235448,1.5,2,0.9353129863739014,0.02390885353088379,0.0,000101110010101011100011,---+-+++--+-+-+-+++---++,0,False,"[[0.000158, 143.54497724], [0.006991, 141.59409541], [0.007381, 123.1852154], [0.023909, 121.31159902]]",8,quantum,2,
precond_pen=1.600,24,-1.7547392521729925,121.3115990235448,1.6,2,0.9147160053253174,0.024530887603759766,0.0,000101110010101011100011,---+-+++--+-+-+-+++---++,0,False,"[[0.000173, 143.54497724], [0.007404, 137.57109188], [0.007935, 122.08037744], [0.024531, 121.31159902]]",8,quantum,2,
precond_pen=1.700,24,-5.586224445508003,121.40060679440091,1.7,2,0.10713791847229004,0.007924079895019531,0.0,111011011001000100011100,+++-++-++--+---+---+++--,0,False,"[[0.000161, 143.54497724], [0.006588, 138.98757867], [0.007143, 137.96265286], [0.007467, 136.38204314], [0.007924, 121.31159902], [0.029826, 121.40060679]]",8,quantum,2,
precond_pen=1.800,24,-5.835271814192003,121.40060679440091,1.8,2,0.07654809951782227,0.00737309455871582,0.0,111011011001000100011100,+++-++-++--+---+---+++--,0,False,"[[0.000152, 143.54497724], [0.006867, 142.6297391], [0.007373, 121.40060679]]",8,quantum,2,
precond_pen=1.900,24,-5.971627668009001,121.40060679440091,1.9,2,0.08110308647155762,0.007163047790527344,0.0,111011011001000100011100,+++-++-++--+---+---+++--,0,False,"[[0.000171, 143.54497724], [0.006134, 133.2995052], [0.007163, 121.40060679]]",8,quantum,2,
precond_pen=2.000,24,-9.776204106695985,121.40060679440091,2.0,2,0.4641389846801758,0.006826877593994141,0.0,111011011001000100011100,+++-++-++--+---+---+++--,0,False,"[[0.000179, 143.54497724], [0.006827, 121.40060679]]",8,quantum,2,
baseline,24,129.87992976607495,129.8799297660751,,2,6.797499179840088,4.756409168243408,0.0,011110000110101011010100,-++++----++-+-+-++-+-+--,0,False,"[[0.000165, 151.73415711], [0.00678, 130.03977138], [4.373814, 129.91584217], [4.756409, 129.87992977], [6.795507, 129.87992977]]",9,quantum,2,
precond_pen=1.100,24,-2.437549607312011,129.8799297660751,1.1,2,0.7624020576477051,0.026576995849609375,0.0,100001111001010100101011,+----++++--+-+-+--+-+-++,0,False,"[[0.000195, 151.73415711], [0.007994, 146.01611066], [0.008532, 131.04214987], [0.026577, 129.87992977]]",9,quantum,2,
precond_pen=1.200,24,-2.390398600981003,129.8799297660751,1.2,2,0.808459997177124,0.6556310653686523,0.0,011110000110101011010100,-++++----++-+-+-++-+-+--,0,False,"[[0.00022, 151.73415711], [0.007717, 144.95224793], [0.008163, 131.34566458], [0.027118, 130.71153142], [0.556069, 129.91584217], [0.655631, 129.87992977], [0.805334, 129.87992977]]",9,quantum,2,
precond_pen=1.300,24,-1.99273499785299,129.8799297660751,1.3,2,1.0879600048065186,0.027772903442382812,0.0,100001111001010100101011,+----++++--+-+-+--+-+-++,0,False,"[[0.000152, 151.73415711], [0.009566, 143.58665258], [0.010138, 131.2840317], [0.027773, 129.87992977]]",9,quantum,2,
precond_pen=1.400,24,-1.8412107138770004,129.8799297660751,1.4,2,1.0990450382232666,1.027838945388794,0.0,100001111001010100101011,+----++++--+-+-+--+-+-++,0,False,"[[0.000173, 151.73415711], [0.008478, 151.4064407], [0.008883, 130.03977138], [0.257771, 129.91584217], [1.027839, 129.87992977], [1.096884, 129.87992977]]",9,quantum,2,
precond_pen=1.500,24,-1.7183974611060222,129.8799297660751,1.5,2,0.9515469074249268,0.7513418197631836,0.0,011110000110101011010100,-++++----++-+-+-++-+-+--,0,False,"[[0.000891, 151.73415711], [0.008096, 150.80087204], [0.008519, 130.00304619], [0.70258, 129.91584217], [0.751342, 129.87992977], [0.949538, 129.87992977]]",9,quantum,2,
precond_pen=1.600,24,-1.7019717679339976,129.8799297660751,1.6,2,0.9960699081420898,0.8391640186309814,0.0,100001111001010100101011,+----++++--+-+-+--+-+-++,0,False,"[[0.000166, 151.73415711], [0.007484, 151.16896158], [0.007836, 130.03977138], [0.797912, 129.91584217], [0.839164, 129.87992977], [0.99445, 129.87992977]]",9,quantum,2,
precond_pen=1.700,24,-1.6777515575400006,129.8799297660751,1.7,2,0.9846110343933105,0.7417337894439697,0.0,100001111001010100101011,+----++++--+-+-+--+-+-++,0,False,"[[0.00017, 151.73415711], [0.007618, 151.55809868], [0.008175, 131.18145432], [0.028413, 130.03977138], [0.741734, 129.87992977], [0.982558, 129.87992977]]",9,quantum,2,
precond_pen=1.800,24,-3.8042941292050063,129.8799297660751,1.8,2,0.5792920589447021,0.008318901062011719,0.0,100001111001010100101011,+----++++--+-+-+--+-+-++,0,False,"[[0.000172, 151.73415711], [0.00728, 150.473958], [0.007646, 145.39022187], [0.007956, 143.1867103], [0.008319, 129.87992977]]",9,quantum,2,
precond_pen=1.900,24,-5.648650817242001,129.8799297660751,1.9,2,0.3092319965362549,0.30721116065979004,0.0,100001111001010100101011,+----++++--+-+-+--+-+-++,0,False,"[[0.000149, 151.73415711], [0.005415, 148.10500646], [0.00586, 145.39022187], [0.006277, 140.71724771], [0.006743, 130.71153142], [0.024824, 130.49566905], [0.307211, 129.87992977], [0.307923, 129.87992977]]",9,quantum,2,
precond_pen=2.000,24,-3.872940530814006,129.8799297660751,2.0,2,0.7009670734405518,0.6759321689605713,0.0,011110000110101011010100,-++++----++-+-+-++-+-+--,0,False,"[[0.000139, 151.73415711], [0.00526, 145.62394529], [0.005611, 145.39022187], [0.006271, 130.03977138], [0.64044, 130.00304619], [0.675932, 129.87992977], [0.700233, 129.87992977]]",9,quantum,2,
baseline,24,118.76675420807803,118.76675420807787,,2,1.445228099822998,0.07154417037963867,0.0,011000101101000111110100,-++---+-++-+---+++++-+--,0,False,"[[0.00014, 141.22609529], [0.004227, 140.34509419], [0.004518, 139.70773487], [0.004945, 120.47532321], [0.071544, 118.76675421]]",10,quantum,2,
precond_pen=1.100,24,-2.7365900923479938,118.76675420807787,1.1,2,0.6506409645080566,0.0287020206451416,0.0,011000101101000111110100,-++---+-++-+---+++++-+--,0,False,"[[0.000204, 141.22609529], [0.008493, 135.14759205], [0.009042, 119.9979703], [0.028702, 118.76675421]]",10,quantum,2,
precond_pen=1.200,24,-2.6818110460310116,118.76675420807787,1.2,2,0.6627669334411621,0.589724063873291,0.0,011000101101000111110100,-++---+-++-+---+++++-+--,0,False,"[[0.000145, 141.22609529], [0.006871, 138.25725598], [0.007261, 120.47532321], [0.589724, 118.76675421], [0.661356, 118.76675421]]",10,quantum,2,
precond_pen=1.300,24,-2.211413725670994,118.76675420807787,1.3,2,0.7683179378509521,0.00882101058959961,0.0,100111010010111000001011,+--+++-+--+-+++-----+-++,0,False,"[[0.000182, 141.22609529], [0.008075, 140.11323092], [0.008821, 118.76675421]]",10,quantum,2,
precond_pen=1.400,24,-2.034514814525,118.76675420807787,1.4,2,0.7478408813476562,0.007925033569335938,0.0,100111010010111000001011,+--+++-+--+-+++-----+-++,0,False,"[[0.000165, 141.22609529], [0.007349, 138.43799586], [0.007925, 118.76675421]]",10,quantum,2,
precond_pen=1.500,24,-1.8918301873789911,118.76675420807787,1.5,2,0.8649609088897705,0.008224010467529297,0.0,100111010010111000001011,+--+++-+--+-+++-----+-++,0,False,"[[0.000188, 141.22609529], [0.00769, 133.30487992], [0.008224, 118.76675421]]",10,quantum,2,
precond_pen=1.600,24,-1.873402253238,118.76675420807787,1.6,2,0.8437809944152832,0.006150007247924805,0.0,100111010010111000001011,+--+++-+--+-+++-----+-++,0,False,"[[0.000124, 141.22609529], [0.005714, 133.30487992], [0.00615, 118.76675421]]",10,quantum,2,
precond_pen=1.700,24,-7.634247911147996,118.76675420807787,1.7,2,0.177962064743042,0.031913042068481445,0.0,011000101101000111110100,-++---+-++-+---+++++-+--,0,False,"[[0.000171, 141.22609529], [0.006604, 140.42487925], [0.007853, 119.9979703], [0.031913, 118.76675421]]",10,quantum,2,
precond_pen=1.800,24,-1.5908464194160121,118.76675420807787,1.8,2,0.737231969833374,0.007269144058227539,0.0,011000101101000111110100,-++---+-++-+---+++++-+--,0,False,"[[0.000152, 141.22609529], [0.006776, 140.87178587], [0.007269, 118.76675421]]",10,quantum,2,
precond_pen=1.900,24,-7.858239134670001,118.76675420807787,1.9,2,0.22216200828552246,0.027812957763671875,0.0,100111010010111000001011,+--+++-+--+-+++-----+-++,0,False,"[[0.000143, 141.22609529], [0.005684, 136.46751851], [0.006614, 119.9979703], [0.027813, 118.76675421]]",10,quantum,2,
precond_pen=2.000,24,-7.814258021807999,118.76675420807787,2.0,2,0.254148006439209,0.0071201324462890625,0.0,011000101101000111110100,-++---+-++-+---+++++-+--,0,False,"[[0.00016, 141.22609529], [0.006204, 129.38463641], [0.00712, 118.76675421]]",10,quantum,2,
baseline,24,114.27743181760898,114.27743181760884,,2,2.1120669841766357,0.7002849578857422,0.0,100101101100001101111000,+--+-++-++----++-++++---,0,False,"[[0.000171, 147.29621742], [0.005884, 138.70892604], [0.006658, 135.23818456], [0.007148, 116.15788002], [0.65779, 115.13893148], [0.700285, 114.27743182]]",11,quantum,2,
precond_pen=1.100,24,-2.747780827279003,114.27743181760884,1.1,2,0.761085033416748,0.7376940250396729,0.0,011010010011110010000111,-++-+--+--++++--+----+++,0,False,"[[0.00018, 147.29621742], [0.007834, 129.79745315], [0.008501, 116.15788002], [0.641066, 115.13893148], [0.737694, 114.27743182], [0.759261, 114.27743182]]",11,quantum,2,
precond_pen=1.200,24,-2.4555856293879934,114.27743181760884,1.2,2,0.7088119983673096,0.02932906150817871,0.0,100101101100001101111000,+--+-++-++----++-++++---,0,False,"[[0.000196, 147.29621742], [0.00796, 139.53227361], [0.008559, 118.08436297], [0.029329, 114.27743182]]",11,quantum,2,
precond_pen=1.300,24,-2.233198657307007,114.27743181760884,1.3,2,0.8379659652709961,0.7632339000701904,0.0,011010010011110010000111,-++-+--+--++++--+----+++,0,False,"[[0.000146, 147.29621742], [0.007597, 138.58067336], [0.008112, 116.15788002], [0.729634, 115.13893148], [0.763234, 114.27743182]]",11,quantum,2,
precond_pen=1.400,24,-2.2057287554910054,114.27743181760884,1.4,2,0.8499050140380859,0.6653890609741211,0.0,100101101100001101111000,+--+-++-++----++-++++---,0,False,"[[0.000155, 147.29621742], [0.007635, 136.37950283], [0.008167, 116.15788002], [0.665389, 114.27743182], [0.847604, 114.27743182]]",11,quantum,2,
precond_pen=1.500,24,-1.6870379601249947,114.27743181760884,1.5,2,0.8433358669281006,0.007776975631713867,0.0,011010010011110010000111,-++-+--+--++++--+----+++,0,False,"[[0.000169, 147.29621742], [0.007301, 127.23885594], [0.007777, 114.27743182]]",11,quantum,2,
precond_pen=1.600,24,-5.738794280441995,116.217844507657,1.6,2,0.1744551658630371,0.007233142852783203,0.0,100010100011010010110111,+---+-+---++-+--+-++-+++,0,False,"[[0.000153, 147.29621742], [0.006193, 133.53107089], [0.006651, 139.84554519], [0.006952, 127.4403123], [0.007233, 116.21784451]]",11,quantum,2,
precond_pen=1.700,24,-6.240078509270998,116.217844507657,1.7,2,0.15266990661621094,0.007214784622192383,0.0,100010100011010010110111,+---+-+---++-+--+-++-+++,0,False,"[[0.000152, 147.29621742], [0.005909, 136.20207786], [0.006332, 137.36880486], [0.006888, 130.92613698], [0.007215, 116.21784451]]",11,quantum,2,
precond_pen=1.800,24,-6.536289048184999,116.217844507657,1.8,2,0.1673598289489746,0.007179975509643555,0.0,100010100011010010110111,+---+-+---++-+--+-++-+++,0,False,"[[0.000149, 147.29621742], [0.005964, 133.13721481], [0.006555, 139.84554519], [0.006906, 133.46354894], [0.00718, 116.21784451]]",11,quantum,2,
precond_pen=1.900,24,-4.551734381682008,114.27743181760884,1.9,2,0.24005913734436035,0.029360055923461914,0.0,011010010011110010000111,-++-+--+--++++--+----+++,0,False,"[[0.000151, 147.29621742], [0.006426, 130.01302562], [0.007218, 125.98142332], [0.007496, 116.21784451], [0.02936, 114.27743182]]",11,quantum,2,
precond_pen=2.000,24,-8.70513733861798,115.13893148031092,2.0,2,0.5015909671783447,0.3423919677734375,0.0,101101101100001101011000,+-++-++-++----++-+-++---,0,False,"[[0.000165, 147.29621742], [0.006004, 138.70892604], [0.006659, 117.41060766], [0.258148, 116.55185239], [0.342392, 114.27743182], [0.432496, 115.13893148]]",11,quantum,2,
baseline,24,125.40906973635609,125.40906973635619,,2,2.082556962966919,0.07188892364501953,0.0,001010110001110111001100,--+-+-++---+++-+++--++--,0,False,"[[0.00013, 141.70885495], [0.004788, 140.25248871], [0.005014, 126.80153206], [0.071889, 125.40906974]]",12,quantum,2,
precond_pen=1.100,24,-3.975156927313,125.40906973635619,1.1,2,0.4843771457672119,0.3520340919494629,0.0,001010110001110111001100,--+-+-++---+++-+++--++--,0,False,"[[0.000159, 141.70885495], [0.007285, 128.24177493], [0.349367, 128.49171279], [0.350812, 127.61717105], [0.35174, 127.00161493], [0.352034, 125.40906974]]",12,quantum,2,
precond_pen=1.200,24,-8.72388804368499,125.72006792448617,1.2,2,0.28791093826293945,0.007303953170776367,0.0,110101001110001100010011,++-+-+--+++---++---+--++,0,False,"[[0.000147, 141.70885495], [0.005707, 139.3111472], [0.006585, 138.9704107], [0.007304, 125.72006792]]",12,quantum,2,
precond_pen=1.300,24,-1.892876635583006,125.40906973635619,1.3,2,0.8376810550689697,0.7699859142303467,0.0,110101001110001000110011,++-+-+--+++---+---++--++,0,False,"[[0.000159, 141.70885495], [0.0075, 128.24177493], [0.675326, 127.86860373], [0.702458, 127.51540847], [0.702991, 126.64234742], [0.742434, 125.72006792], [0.769986, 125.40906974], [0.836102, 125.40906974]]",12,quantum,2,
precond_pen=1.400,24,-2.0385967578520052,125.40906973635619,1.4,2,0.9157779216766357,0.009203910827636719,0.0,110101001110001000110011,++-+-+--+++---+---++--++,0,False,"[[0.000198, 141.70885495], [0.00864, 142.08068963], [0.009204, 125.40906974]]",12,quantum,2,
precond_pen=1.500,24,-1.8947818977899935,125.40906973635619,1.5,2,0.8180530071258545,0.007859945297241211,0.0,110101001110001000110011,++-+-+--+++---+---++--++,0,False,"[[0.000175, 141.70885495], [0.007362, 140.82231355], [0.00786, 125.40906974]]",12,quantum,2,
precond_pen=1.600,24,-5.002512477582003,125.78179349800014,1.6,2,0.15183711051940918,0.006295919418334961,0.0,110101001110001000011011,++-+-+--+++---+----++-++,0,False,"[[0.000184, 141.70885495], [0.005821, 142.36636568], [0.006296, 125.7817935]]",12,quantum,2,
precond_pen=1.700,24,-5.484676267582998,125.78179349800014,1.7,2,0.18459606170654297,0.007547855377197266,0.0,001010110001110111100100,--+-+-++---+++-++++--+--,0,False,"[[0.000198, 141.70885495], [0.006343, 134.81052563], [0.007548, 125.7817935]]",12,quantum,2,
precond_pen=1.800,24,-3.8788023848050024,125.78179349800014,1.8,2,0.5265769958496094,0.007948160171508789,0.0,110101001110001000011011,++-+-+--+++---+----++-++,0,False,"[[0.000219, 141.70885495], [0.007491, 141.20974956], [0.007948, 125.7817935]]",12,quantum,2,
precond_pen=1.900,24,-3.0452164918529965,126.2415592096482,1.9,2,0.7373499870300293,0.010830879211425781,0.0,101101001110001100010011,+-++-+--+++---++---+--++,0,False,"[[0.000249, 141.70885495], [0.008681, 139.71612374], [0.009893, 138.9704107], [0.010831, 126.24155921]]",12,quantum,2,
precond_pen=2.000,24,-6.045173167181989,125.78179349800014,2.0,2,0.6048939228057861,0.007085084915161133,0.0,001010110001110111100100,--+-+-++---+++-++++--+--,0,False,"[[0.000231, 141.70885495], [0.007085, 125.7817935]]",12,quantum,2,
baseline,24,128.04737140866698,128.04737140866703,,2,3.0283029079437256,0.007444858551025391,0.0,111100010110000110011100,++++---+-++----++--+++--,0,False,"[[0.000227, 149.73360048], [0.006146, 143.17078969], [0.006733, 141.27753143], [0.007445, 128.04737141]]",13,quantum,2,
precond_pen=1.100,24,-2.5937636718400015,128.04737140866703,1.1,2,0.6715588569641113,0.5799510478973389,0.0,000011101001111001100011,----+++-+--++++--++---++,0,False,"[[0.000172, 149.73360048], [0.007675, 142.8104659], [0.008249, 128.95507729], [0.026412, 128.30646462], [0.579951, 128.04737141], [0.66978, 128.04737141]]",13,quantum,2,
precond_pen=1.200,24,-2.311616481785002,128.04737140866703,1.2,2,0.8538491725921631,0.007847070693969727,0.0,000011101001111001100011,----+++-+--++++--++---++,0,False,"[[0.000214, 149.73360048], [0.007234, 139.15132838], [0.007847, 128.04737141]]",13,quantum,2,
precond_pen=1.300,24,-2.099129836766986,128.04737140866703,1.3,2,0.9262619018554688,0.8168890476226807,0.0,000011101001111001100011,----+++-+--++++--++---++,0,False,"[[0.000212, 149.73360048], [0.006903, 141.97047884], [0.007362, 128.30646462], [0.816889, 128.04737141], [0.925069, 128.04737141]]",13,quantum,2,
precond_pen=1.400,24,-1.9328154842850083,128.04737140866703,1.4,2,0.9023270606994629,0.7932600975036621,0.0,000011101001111001100011,----+++-+--++++--++---++,0,False,"[[0.000228, 149.73360048], [0.007449, 142.74699531], [0.007891, 128.95507729], [0.021608, 128.30646462], [0.79326, 128.04737141], [0.900884, 128.04737141]]",13,quantum,2,
precond_pen=1.500,24,-1.798797896328999,128.04737140866703,1.5,2,0.9034178256988525,0.8001978397369385,0.0,111100010110000110011100,++++---+-++----++--+++--,0,False,"[[0.000231, 149.73360048], [0.007329, 142.13681122], [0.007816, 129.18852926], [0.024472, 128.30646462], [0.800198, 128.04737141], [0.901417, 128.04737141]]",13,quantum,2,
precond_pen=1.600,24,-1.6883178308050049,128.04737140866703,1.6,2,0.9608991146087646,0.8053500652313232,0.0,111100010110000110011100,++++---+-++----++--+++--,0,False,"[[0.00022, 149.73360048], [0.007267, 140.47956171], [0.007692, 129.95866658], [0.023871, 129.18852926], [0.725077, 128.30646462], [0.80535, 128.04737141], [0.959549, 128.04737141]]",13,quantum,2,
precond_pen=1.700,24,-1.673630170611986,128.04737140866703,1.7,2,0.9228730201721191,0.8015530109405518,0.0,000011101001111001100011,----+++-+--++++--++---++,0,False,"[[0.000222, 149.73360048], [0.007072, 138.91701957], [0.007471, 129.95866658], [0.024999, 129.18852926], [0.757388, 128.95507729], [0.801553, 128.04737141], [0.921402, 128.04737141]]",13,quantum,2,
precond_pen=1.800,24,-1.5164973153460153,128.04737140866703,1.8,2,0.9185788631439209,0.7801659107208252,0.0,000011101001111001100011,----+++-+--++++--++---++,0,False,"[[0.00024, 149.73360048], [0.007241, 140.47956171], [0.007645, 129.95866658], [0.023486, 128.30646462], [0.780166, 128.04737141], [0.917331, 128.04737141]]",13,quantum,2,
precond_pen=1.900,24,-6.78984343797,128.04737140866703,1.9,2,0.2664909362792969,0.006371974945068359,0.0,111100010110000110011100,++++---+-++----++--+++--,0,False,"[[0.000179, 149.73360048], [0.005055, 144.48142229], [0.005642, 141.27753143], [0.006372, 128.04737141]]",13,quantum,2,
precond_pen=2.000,24,-6.7957361146279975,128.04737140866703,2.0,2,0.22767996788024902,0.007962942123413086,0.0,111100010110000110011100,++++---+-++----++--+++--,0,False,"[[0.000208, 149.73360048], [0.006752, 146.88578403], [0.007248, 143.17078969], [0.007963, 128.04737141]]",13,quantum,2,
baseline,24,116.52272224785007,116.52272224785003,,2,1.6418828964233398,0.005878925323486328,0.0,101010011001000110011101,+-+-+--++--+---++--+++-+,0,False,"[[0.000212, 142.15361079], [0.005879, 116.52272225]]",14,quantum,2,
precond_pen=1.100,24,-3.193285679933009,116.52272224785003,1.1,2,0.499675989151001,0.009111881256103516,0.0,010101100110111001100010,-+-+-++--++-+++--++---+-,0,False,"[[0.000241, 142.15361079], [0.008008, 135.01149792], [0.009112, 116.52272225]]",14,quantum,2,
precond_pen=1.200,24,-3.1314893828750012,116.52272224785003,1.2,2,0.5185089111328125,0.0072939395904541016,0.0,010101100110111001100010,-+-+-++--++-+++--++---+-,0,False,"[[0.000197, 142.15361079], [0.0068, 137.69750287], [0.007294, 116.52272225]]",14,quantum,2,
precond_pen=1.300,24,-2.5603993070189937,116.52272224785003,1.3,2,0.6171929836273193,0.00785684585571289,0.0,101010011001000110011101,+-+-+--++--+---++--+++-+,0,False,"[[0.000209, 142.15361079], [0.007373, 136.35705637], [0.007857, 116.52272225]]",14,quantum,2,
precond_pen=1.400,24,-2.3467862835180036,116.52272224785003,1.4,2,0.6170380115509033,0.008825063705444336,0.0,010101100110111001100010,-+-+-++--++-+++--++---+-,0,False,"[[0.00023, 142.15361079], [0.008307, 141.26711679], [0.008825, 116.52272225]]",14,quantum,2,
precond_pen=1.500,24,-2.174437677880011,116.52272224785003,1.5,2,0.6651501655578613,0.008675098419189453,0.0,101010011001000110011101,+-+-+--++--+---++--+++-+,0,False,"[[0.000232, 142.15361079], [0.008087, 142.26748994], [0.008675, 116.52272225]]",14,quantum,2,
precond_pen=1.600,24,-2.032254006540004,116.52272224785003,1.6,2,0.6812388896942139,0.006732940673828125,0.0,101010011001000110011101,+-+-+--++--+---++--+++-+,0,False,"[[0.000189, 142.15361079], [0.006291, 139.18637013], [0.006733, 116.52272225]]",14,quantum,2,
precond_pen=1.700,24,-2.015043634527993,116.52272224785003,1.7,2,0.6825170516967773,0.008234024047851562,0.0,101010011001000110011101,+-+-+--++--+---++--+++-+,0,False,"[[0.000237, 142.15361079], [0.007551, 139.18637013], [0.008234, 116.52272225]]",14,quantum,2,
precond_pen=1.800,24,-1.6082036489380034,116.52272224785003,1.8,2,0.7208490371704102,0.007119894027709961,0.0,101010011001000110011101,+-+-+--++--+---++--+++-+,0,False,"[[0.000143, 142.15361079], [0.006621, 139.18637013], [0.00712, 116.52272225]]",14,quantum,2,
precond_pen=1.900,24,-8.974498670832004,116.52272224785003,1.9,2,0.16547799110412598,0.008038043975830078,0.0,010101100110111001100010,-+-+-++--++-+++--++---+-,0,False,"[[0.000165, 142.15361079], [0.006662, 139.15920547], [0.007569, 139.03639827], [0.008038, 116.52272225]]",14,quantum,2,
precond_pen=2.000,24,-9.074995305283,116.52272224785003,2.0,2,0.1714630126953125,0.0064029693603515625,0.0,010101100110111001100010,-+-+-++--++-+++--++---+-,0,False,"[[0.000137, 142.15361079], [0.005182, 143.05025428], [0.00563, 142.78489895], [0.005982, 136.360728], [0.006403, 116.52272225]]",14,quantum,2,
baseline,24,132.94083175714405,132.9408317571441,,2,2.378152847290039,0.7070639133453369,0.0,100011110001111010001010,+---++++---++++-+---+-+-,0,False,"[[0.000163, 152.84927086], [0.005517, 149.19904334], [0.006243, 148.27704878], [0.00689, 133.58337106], [0.707064, 132.94083176], [2.37589, 132.94083176]]",15,quantum,2,
precond_pen=1.100,24,-2.586743451108994,132.9408317571441,1.1,2,0.7463819980621338,0.0320279598236084,0.0,011100001110000101110101,-+++----+++----+-+++-+-+,0,False,"[[0.000211, 152.84927086], [0.009873, 148.9240994], [0.010554, 133.89602424], [0.032028, 132.94083176]]",15,quantum,2,
precond_pen=1.200,24,-2.307894611819007,132.9408317571441,1.2,2,0.8012070655822754,0.033471107482910156,0.0,011100001110000101110101,-+++----+++----+-+++-+-+,0,False,"[[0.000189, 152.84927086], [0.010608, 148.9240994], [0.011214, 133.89602424], [0.033471, 132.94083176]]",15,quantum,2,
precond_pen=1.300,24,-2.097312114742987,132.9408317571441,1.3,2,1.0085949897766113,0.8948640823364258,0.0,100011110001111010001010,+---++++---++++-+---+-+-,0,False,"[[0.000164, 152.84927086], [0.007729, 140.89806018], [0.008112, 134.42058622], [0.025241, 133.58337106], [0.894864, 132.94083176], [1.006186, 132.94083176]]",15,quantum,2,
precond_pen=1.400,24,-1.9321689861850029,132.9408317571441,1.4,2,0.7997069358825684,0.025973796844482422,0.0,011100001110000101110101,-+++----+++----+-+++-+-+,0,False,"[[0.000172, 152.84927086], [0.007518, 144.4129768], [0.008085, 134.42058622], [0.025974, 132.94083176]]",15,quantum,2,
precond_pen=1.500,24,-1.911625506142995,132.9408317571441,1.5,2,0.7877278327941895,0.023458003997802734,0.0,011100001110000101110101,-+++----+++----+-+++-+-+,0,False,"[[0.000195, 152.84927086], [0.00678, 145.1858809], [0.00718, 134.42058622], [0.023458, 132.94083176]]",15,quantum,2,
precond_pen=1.600,24,-1.8803132242099991,132.9408317571441,1.6,2,0.8358721733093262,0.0277249813079834,0.0,011100001110000101110101,-+++----+++----+-+++-+-+,0,False,"[[0.000181, 152.84927086], [0.007699, 150.31422345], [0.0082, 134.42058622], [0.027725, 132.94083176]]",15,quantum,2,
precond_pen=1.700,24,-6.328877388563,133.89602423833014,1.7,2,0.15997695922851562,0.007961034774780273,0.0,001100000111000111110011,--++-----+++---+++++--++,0,False,"[[0.000164, 152.84927086], [0.006254, 146.38700579], [0.007481, 142.57460538], [0.007961, 133.89602424]]",15,quantum,2,
precond_pen=1.800,24,-1.5176717241600013,132.9408317571441,1.8,2,1.0050239562988281,0.9997448921203613,0.0,011100001110000101110101,-+++----+++----+-+++-+-+,0,False,"[[0.000167, 152.84927086], [0.006916, 144.22799286], [0.007284, 133.58337106], [0.999745, 132.94083176], [1.003902, 132.94083176]]",15,quantum,2,
precond_pen=1.900,24,-6.583949872638,133.89602423833014,1.9,2,0.16118192672729492,0.0072138309478759766,0.0,110011111000111000001100,++--+++++---+++-----++--,0,False,"[[0.000156, 152.84927086], [0.005997, 148.4804164], [0.006593, 148.33438559], [0.007214, 132.94083176], [0.027159, 133.89602424]]",15,quantum,2,
precond_pen=2.000,24,-9.295508632500002,133.89602423833014,2.0,2,0.6976449489593506,0.005695819854736328,0.0,110011111000111000001100,++--+++++---+++-----++--,0,False,"[[0.000186, 152.84927086], [0.005306, 149.19904334], [0.005696, 132.94083176], [0.026925, 133.89602424]]",15,quantum,2,
baseline,24,117.59602202205602,117.596022022056,,2,2.2434980869293213,0.07321310043334961,0.0,111011010010100101000101,+++-++-+--+-+--+-+---+-+,0,False,"[[0.000197, 136.96958161], [0.006118, 132.57354016], [0.007462, 120.22779729], [0.073213, 117.59602202]]",16,quantum,2,
precond_pen=1.100,24,-2.6131237060850037,117.596022022056,1.1,2,0.7183568477630615,0.027395963668823242,0.0,111011010010100101000101,+++-++-+--+-+--+-+---+-+,0,False,"[[0.000217, 136.96958161], [0.007416, 132.1079206], [0.008456, 128.30162666], [0.008913, 118.24501349], [0.027396, 117.59602202]]",16,quantum,2,
precond_pen=1.200,24,-2.3322051823769847,117.596022022056,1.2,2,0.8681879043579102,0.022160053253173828,0.0,000100101101011010111010,---+--+-++-+-++-+-+++-+-,0,False,"[[0.000196, 136.96958161], [0.005631, 129.27704928], [0.006438, 118.24501349], [0.02216, 117.59602202]]",16,quantum,2,
precond_pen=1.300,24,-2.2943709756999944,117.596022022056,1.3,2,0.8358609676361084,0.006630897521972656,0.0,111011010010100101000101,+++-++-+--+-+--+-+---+-+,0,False,"[[0.000195, 136.96958161], [0.00623, 125.5831997], [0.006631, 117.59602202]]",16,quantum,2,
precond_pen=1.400,24,-2.233630021467995,117.596022022056,1.4,2,0.7904641628265381,0.0246889591217041,0.0,111011010010100101000101,+++-++-+--+-+--+-+---+-+,0,False,"[[0.0002, 136.96958161], [0.007512, 130.81197171], [0.008021, 119.74107901], [0.024689, 117.59602202]]",16,quantum,2,
precond_pen=1.500,24,-1.5844667397369996,117.596022022056,1.5,2,1.0188682079315186,0.8340702056884766,0.0,000100101101011010111010,---+--+-++-+-++-+-+++-+-,0,False,"[[0.000188, 136.96958161], [0.008168, 135.4272948], [0.008663, 119.74107901], [0.027707, 118.24501349], [0.79607, 118.2633679], [0.83407, 117.59602202]]",16,quantum,2,
precond_pen=1.600,24,-1.4978232464070036,117.596022022056,1.6,2,0.8818550109863281,0.0074388980865478516,0.0,111011010010100101000101,+++-++-+--+-+--+-+---+-+,0,False,"[[0.000143, 136.96958161], [0.006931, 136.8417977], [0.007439, 117.59602202]]",16,quantum,2,
precond_pen=1.700,24,-1.6129830138570043,117.596022022056,1.7,2,0.8580710887908936,0.7343060970306396,0.0,000100101101011010111010,---+--+-++-+-++-+-+++-+-,0,False,"[[0.000146, 136.96958161], [0.00632, 134.21974721], [0.006703, 118.24501349], [0.392117, 118.2633679], [0.710358, 118.17264309], [0.734306, 117.59602202]]",16,quantum,2,
precond_pen=1.800,24,-1.533108375787993,117.596022022056,1.8,2,0.9905378818511963,0.007414102554321289,0.0,111011010010100101000101,+++-++-+--+-+--+-+---+-+,0,False,"[[0.000165, 136.96958161], [0.007016, 136.86730639], [0.007414, 117.59602202]]",16,quantum,2,
precond_pen=1.900,24,-1.5220224580119925,117.596022022056,1.9,2,1.0032398700714111,0.007730007171630859,0.0,111011010010100101000101,+++-++-+--+-+--+-+---+-+,0,False,"[[0.000155, 136.96958161], [0.007266, 136.86730639], [0.00773, 117.59602202]]",16,quantum,2,
precond_pen=2.000,24,-7.043199903592999,118.24501349497022,2.0,2,0.2775700092315674,0.007517099380493164,0.0,001100111001111000101010,--++--+++--++++---+-+-+-,0,False,"[[0.000164, 136.96958161], [0.006518, 129.45089123], [0.007517, 118.24501349]]",16,quantum,2,
baseline,24,117.68792494636998,117.68792494637,,2,5.679780960083008,0.07378578186035156,0.0,000011110000110011101101,----++++----++--+++-++-+,0,False,"[[0.000203, 138.84937541], [0.007176, 137.09666712], [0.007799, 118.01194364], [0.073786, 117.68792495]]",17,quantum,2,
precond_pen=1.100,24,-2.530968538129004,117.68792494637,1.1,2,0.6550462245941162,0.6202762126922607,0.0,111100001111001100010010,++++----++++--++---+--+-,0,False,"[[0.00018, 138.84937541], [0.007181, 135.03043547], [0.007562, 118.4557433], [0.025216, 118.01194364], [0.620276, 117.68792495], [0.653203, 117.68792495]]",17,quantum,2,
precond_pen=1.200,24,-2.2721608721409865,117.68792494637,1.2,2,0.7397770881652832,0.5846879482269287,0.0,111100001111001100010010,++++----++++--++---+--+-,0,False,"[[0.000178, 138.84937541], [0.007185, 118.01194364], [0.584688, 117.68792495], [0.737635, 117.68792495]]",17,quantum,2,
precond_pen=1.300,24,-2.0737304141499866,117.68792494637,1.3,2,0.8715689182281494,0.7277250289916992,0.0,111100001111001100010010,++++----++++--++---+--+-,0,False,"[[0.000176, 138.84937541], [0.008435, 133.65304988], [0.009033, 121.96884745], [0.028802, 118.4557433], [0.727725, 117.68792495], [0.869511, 117.68792495]]",17,quantum,2,
precond_pen=1.400,24,-1.9163975264139967,117.68792494637,1.4,2,0.900521993637085,0.8080661296844482,0.0,111100001111001100010010,++++----++++--++---+--+-,0,False,"[[0.000172, 138.84937541], [0.007439, 135.7842478], [0.007848, 120.70107936], [0.030544, 118.01194364], [0.808066, 117.68792495], [0.898722, 117.68792495]]",17,quantum,2,
precond_pen=1.500,24,-1.8959135334720134,117.68792494637,1.5,2,0.9119839668273926,0.7683529853820801,0.0,111100001111001100010010,++++----++++--++---+--+-,0,False,"[[0.00018, 138.84937541], [0.007513, 136.74481234], [0.008136, 118.01194364], [0.768353, 117.68792495], [0.909821, 117.68792495]]",17,quantum,2,
precond_pen=1.600,24,-1.682035178494015,117.68792494637,1.6,2,0.9329729080200195,0.8991308212280273,0.0,000011110000110011101101,----++++----++--+++-++-+,0,False,"[[0.000187, 138.84937541], [0.008739, 118.01194364], [0.899131, 117.68792495], [0.931675, 117.68792495]]",17,quantum,2,
precond_pen=1.700,24,-5.979512844066003,118.01194363725412,1.7,2,0.21204590797424316,0.029672861099243164,0.0,001001111000110001001111,--+--++++---++---+--++++,0,False,"[[0.000148, 138.84937541], [0.006267, 135.85576106], [0.007013, 131.34071846], [0.007533, 121.96884745], [0.029673, 118.01194364]]",17,quantum,2,
precond_pen=1.800,24,-4.17902575723901,117.68792494637,1.8,2,0.5268809795379639,0.030293941497802734,0.0,000011110000110011101101,----++++----++--+++-++-+,0,False,"[[0.000152, 138.84937541], [0.00709, 126.66391963], [0.008384, 118.01194364], [0.030294, 117.68792495]]",17,quantum,2,
precond_pen=1.900,24,-6.343670038488,118.01194363725412,1.9,2,0.3281748294830322,0.24953198432922363,0.0,001001111000110001001111,--+--++++---++---+--++++,0,False,"[[0.000135, 138.84937541], [0.004843, 134.79205481], [0.005387, 131.34071846], [0.005835, 121.96884745], [0.027035, 119.83691186], [0.027514, 119.03878653], [0.249532, 118.01194364]]",17,quantum,2,
precond_pen=2.000,24,-4.203859591859004,117.68792494637,2.0,2,0.4408249855041504,0.42881011962890625,0.0,000011110000110011101101,----++++----++--+++-++-+,0,False,"[[0.00016, 138.84937541], [0.006657, 127.29589826], [0.007719, 118.01194364], [0.42881, 117.68792495]]",17,quantum,2,
baseline,24,123.04507007317201,123.04507007317197,,2,3.018399953842163,1.542133092880249,0.0,011100101100101110010100,-+++--+-++--+-+++--+-+--,0,False,"[[0.000149, 148.87751433], [0.005366, 123.29700491], [1.542133, 123.04507007], [3.016825, 123.04507007]]",18,quantum,2,
precond_pen=1.100,24,-2.744146989032007,123.04507007317197,1.1,2,0.6822638511657715,0.026677846908569336,0.0,011100101100101110010100,-+++--+-++--+-+++--+-+--,0,False,"[[0.000152, 148.87751433], [0.008723, 142.30936996], [0.009232, 123.29700491], [0.026678, 123.04507007]]",18,quantum,2,
precond_pen=1.200,24,-2.44541814600899,123.04507007317197,1.2,2,0.7402939796447754,0.5721120834350586,0.0,100011010011010001101011,+---++-+--++-+---++-+-++,0,False,"[[0.000188, 148.87751433], [0.0085, 140.47366795], [0.009028, 123.29700491], [0.571457, 123.30676892], [0.572112, 123.04507007], [0.738299, 123.04507007]]",18,quantum,2,
precond_pen=1.300,24,-2.219620194035997,123.04507007317197,1.3,2,0.9480531215667725,0.7417941093444824,0.0,100011010011010001101011,+---++-+--++-+---++-+-++,0,False,"[[0.001096, 148.87751433], [0.008451, 141.4876882], [0.008869, 123.29700491], [0.741794, 123.04507007]]",18,quantum,2,
precond_pen=1.400,24,-2.0424218219219785,123.04507007317197,1.4,2,0.8658080101013184,0.7314181327819824,0.0,011100101100101110010100,-+++--+-++--+-+++--+-+--,0,False,"[[0.000172, 148.87751433], [0.007774, 139.8430261], [0.008231, 123.29700491], [0.731418, 123.04507007], [0.864383, 123.04507007]]",18,quantum,2,
precond_pen=1.500,24,-2.0207102158369974,123.04507007317197,1.5,2,0.8193671703338623,0.7683441638946533,0.0,100011010011010001101011,+---++-+--++-+---++-+-++,0,False,"[[0.000162, 148.87751433], [0.00656, 139.8430261], [0.00699, 123.29700491], [0.721203, 123.43731404], [0.741896, 123.30676892], [0.768344, 123.04507007]]",18,quantum,2,
precond_pen=1.600,24,-5.159249486507001,123.04507007317197,1.6,2,0.12752985954284668,0.02877497673034668,0.0,100011010011010001101011,+---++-+--++-+---++-+-++,0,False,"[[0.000169, 148.87751433], [0.006571, 133.12611193], [0.007553, 132.15329791], [0.008032, 123.29700491], [0.028775, 123.04507007]]",18,quantum,2,
precond_pen=1.700,24,-3.978664553647995,123.04507007317197,1.7,2,0.4253220558166504,0.4208710193634033,0.0,011100101100101110010100,-+++--+-++--+-+++--+-+--,0,False,"[[0.000173, 148.87751433], [0.007162, 142.14216298], [0.008113, 140.18229782], [0.00856, 123.19043234], [0.420871, 123.04507007]]",18,quantum,2,
precond_pen=1.800,24,-5.982751906346002,123.04507007317197,1.8,2,0.1854400634765625,0.08581304550170898,0.0,100011010011010001101011,+---++-+--++-+---++-+-++,0,False,"[[0.000222, 148.87751433], [0.006907, 134.25386984], [0.008074, 123.29700491], [0.085813, 123.04507007]]",18,quantum,2,
precond_pen=1.900,24,-6.184357257294,123.04507007317197,1.9,2,0.16383600234985352,0.14386487007141113,0.0,011100101100101110010100,-+++--+-++--+-+++--+-+--,0,False,"[[0.000215, 148.87751433], [0.006903, 141.20112555], [0.0075, 141.67322206], [0.007871, 138.69321733], [0.008236, 123.19043234], [0.0311, 123.29700491], [0.143865, 123.04507007]]",18,quantum,2,
precond_pen=2.000,24,-3.3737935643949886,123.29700490769214,2.0,2,1.08744215965271,0.008322954177856445,0.0,010111111001010100100100,-+-++++++--+-+-+--+--+--,0,False,"[[0.000212, 148.87751433], [0.006902, 147.11901937], [0.00773, 145.55526055], [0.008323, 123.29700491]]",18,quantum,2,
baseline,24,121.42835876217991,121.42835876217984,,2,2.020232915878296,0.006326913833618164,0.0,010011111100011011000100,-+--++++++---++-++---+--,0,False,"[[0.000226, 141.91562752], [0.006327, 121.42835876]]",19,quantum,2,
precond_pen=1.100,24,-2.721484972521994,121.42835876217984,1.1,2,0.6017460823059082,0.008990049362182617,0.0,101100000011100100111011,+-++------+++--+--+++-++,0,False,"[[0.000235, 141.91562752], [0.008469, 134.63782542], [0.00899, 121.42835876]]",19,quantum,2,
precond_pen=1.200,24,-2.4335528240770117,121.42835876217984,1.2,2,0.6915938854217529,0.008569002151489258,0.0,101100000011100100111011,+-++------+++--+--+++-++,0,False,"[[0.000239, 141.91562752], [0.008088, 138.60427352], [0.008569, 121.42835876]]",19,quantum,2,
precond_pen=1.300,24,-2.2141428993370127,121.42835876217984,1.3,2,0.8430180549621582,0.010457992553710938,0.0,101100000011100100111011,+-++------+++--+--+++-++,0,False,"[[0.000232, 141.91562752], [0.009931, 134.83950453], [0.010458, 121.42835876]]",19,quantum,2,
precond_pen=1.400,24,-2.0409099377179967,121.42835876217984,1.4,2,0.7788338661193848,0.00687098503112793,0.0,101100000011100100111011,+-++------+++--+--+++-++,0,False,"[[0.000157, 141.91562752], [0.006567, 130.39852285], [0.006871, 121.42835876]]",19,quantum,2,
precond_pen=1.500,24,-1.9003879823240037,121.42835876217984,1.5,2,0.7435979843139648,0.011030912399291992,0.0,101100000011100100111011,+-++------+++--+--+++-++,0,False,"[[0.000211, 141.91562752], [0.010423, 135.49542486], [0.011031, 121.42835876]]",19,quantum,2,
precond_pen=1.600,24,-1.7839330044720043,121.42835876217984,1.6,2,0.8488922119140625,0.008280038833618164,0.0,101100000011100100111011,+-++------+++--+--+++-++,0,False,"[[0.000173, 141.91562752], [0.007877, 134.26027394], [0.00828, 121.42835876]]",19,quantum,2,
precond_pen=1.700,24,-5.142520369726003,121.42835876217984,1.7,2,0.1299889087677002,0.009596109390258789,0.0,101100000011100100111011,+-++------+++--+--+++-++,0,False,"[[0.000211, 141.91562752], [0.008112, 138.36487712], [0.00876, 141.45218892], [0.009163, 137.23481457], [0.009596, 121.42835876]]",19,quantum,2,
precond_pen=1.800,24,-2.824141893970001,121.42835876217984,1.8,2,0.5216701030731201,0.5193779468536377,0.0,101100000011100100111011,+-++------+++--+--+++-++,0,False,"[[0.00026, 141.91562752], [0.007396, 139.30205672], [0.007998, 141.45218892], [0.008783, 129.05134206], [0.009243, 126.12868077], [0.030754, 126.0119747], [0.519378, 121.42835876], [0.520616, 121.42835876]]",19,quantum,2,
precond_pen=1.900,24,-1.5290508889190164,121.42835876217984,1.9,2,0.774320125579834,0.0083160400390625,0.0,101100000011100100111011,+-++------+++--+--+++-++,0,False,"[[0.000148, 141.91562752], [0.007817, 136.4292395], [0.008316, 121.42835876]]",19,quantum,2,
precond_pen=2.000,24,-1.5194494817280013,121.42835876217984,2.0,2,0.7762289047241211,0.007566928863525391,0.0,101100000011100100111011,+-++------+++--+--+++-++,0,False,"[[0.000168, 141.91562752], [0.007076, 136.4292395], [0.007567, 121.42835876]]",19,quantum,2,
baseline,24,122.83460775651398,122.83460775651392,,2,3.831881046295166,0.00630497932434082,0.0,110101000000101011010111,++-+-+------+-+-++-+-+++,0,False,"[[0.000207, 145.99675772], [0.005914, 141.80394865], [0.006305, 122.83460776]]",20,quantum,2,
precond_pen=1.100,24,-2.498944450148011,122.83460775651392,1.1,2,0.8815391063690186,0.7861828804016113,0.0,110101000000101011010111,++-+-+------+-+-++-+-+++,0,False,"[[0.000135, 145.99675772], [0.005891, 132.43722807], [0.006344, 124.37173951], [0.75783, 123.41728687], [0.786183, 122.83460776], [0.879402, 122.83460776]]",20,quantum,2,
precond_pen=1.200,24,-2.2406298380290046,122.83460775651392,1.2,2,0.8127501010894775,0.7413089275360107,0.0,001010111111010100101000,--+-+-++++++-+-+--+-+---,0,False,"[[0.000252, 145.99675772], [0.009215, 133.17072598], [0.009794, 124.7592249], [0.577271, 124.66849601], [0.638196, 124.1918909], [0.656096, 123.35945658], [0.741309, 122.83460776], [0.811372, 122.83460776]]",20,quantum,2,
precond_pen=1.300,24,-2.0437018081779996,122.83460775651392,1.3,2,0.8428709506988525,0.00860595703125,0.0,110101000000101011010111,++-+-+------+-+-++-+-+++,0,False,"[[0.000171, 145.99675772], [0.007984, 139.69909367], [0.008606, 122.83460776]]",20,quantum,2,
precond_pen=1.400,24,-1.888151735798008,122.83460775651392,1.4,2,1.0656609535217285,1.0095350742340088,0.0,110101000000101011010111,++-+-+------+-+-++-+-+++,0,False,"[[0.000173, 145.99675772], [0.008735, 145.51336788], [0.009289, 124.7592249], [0.801124, 124.66849601], [0.843511, 124.1918909], [0.934668, 123.35945658], [1.009535, 122.83460776], [1.063981, 122.83460776]]",20,quantum,2,
precond_pen=1.500,24,-1.7619150168949957,122.83460775651392,1.5,2,0.9416420459747314,0.02476787567138672,0.0,110101000000101011010111,++-+-+------+-+-++-+-+++,0,False,"[[0.000165, 145.99675772], [0.007506, 141.35445968], [0.007998, 124.7592249], [0.024768, 122.83460776]]",20,quantum,2,
precond_pen=1.600,24,-1.6572562248430014,122.83460775651392,1.6,2,0.8456828594207764,0.7598569393157959,0.0,001010111111010100101000,--+-+-++++++-+-+--+-+---,0,False,"[[0.000174, 145.99675772], [0.00755, 138.1547784], [0.008079, 124.37173951], [0.759857, 122.83460776], [0.843614, 122.83460776]]",20,quantum,2,
precond_pen=1.700,24,-1.5689794915569948,122.83460775651392,1.7,2,0.915762186050415,0.023264169692993164,0.0,110101000000101011010111,++-+-+------+-+-++-+-+++,0,False,"[[0.000151, 145.99675772], [0.006749, 145.52758158], [0.007214, 124.37173951], [0.023264, 122.83460776]]",20,quantum,2,
precond_pen=1.800,24,-5.183078111685003,124.37173951240607,1.8,2,0.21208405494689941,0.00748896598815918,0.0,010101000000101010111111,-+-+-+------+-+-+-++++++,0,False,"[[0.000169, 145.99675772], [0.00643, 137.22301034], [0.007489, 124.37173951]]",20,quantum,2,
precond_pen=1.900,24,-6.364890287487977,122.83460775651392,1.9,2,0.592008113861084,0.008213043212890625,0.0,110101000000101011010111,++-+-+------+-+-++-+-+++,0,False,"[[0.000165, 145.99675772], [0.006984, 145.48591958], [0.008213, 122.83460776]]",20,quantum,2,
precond_pen=2.000,24,-6.361989645435031,123.41728687346583,2.0,2,0.49390602111816406,0.008327960968017578,0.0,110101000100101001010111,++-+-+---+--+-+--+-+-+++,0,False,"[[0.000181, 145.99675772], [0.006523, 146.71079698], [0.007341, 143.19703654], [0.007911, 140.07684003], [0.008328, 123.41728687]]",20,quantum,2,
baseline,24,118.87209048451598,118.87209048451594,,2,2.218219041824341,0.006463050842285156,0.0,110101000001110011001110,++-+-+-----+++--++--+++-,0,False,"[[0.000183, 135.05173413], [0.006108, 133.06835362], [0.006463, 118.87209048]]",21,quantum,2,
precond_pen=1.100,24,-2.6794202096169943,118.87209048451594,1.1,2,0.6343269348144531,0.008408069610595703,0.0,110101000001110011001110,++-+-+-----+++--++--+++-,0,False,"[[0.000158, 135.05173413], [0.007954, 134.36461662], [0.008408, 118.87209048]]",21,quantum,2,
precond_pen=1.200,24,-2.385121964662993,118.87209048451594,1.2,2,0.7802259922027588,0.027168989181518555,0.0,110101000001110011001110,++-+-+-----+++--++--+++-,0,False,"[[0.000135, 135.05173413], [0.006438, 131.27713764], [0.006952, 118.9891921], [0.027169, 118.87209048]]",21,quantum,2,
precond_pen=1.300,24,-2.163831924081002,118.87209048451594,1.3,2,0.8240020275115967,0.022922992706298828,0.0,001010111110001100110001,--+-+-+++++---++--++---+,0,False,"[[0.000148, 135.05173413], [0.006213, 132.24260155], [0.00664, 118.9891921], [0.022923, 118.87209048]]",21,quantum,2,
precond_pen=1.400,24,-1.9907958859220098,118.87209048451594,1.4,2,0.853308916091919,0.025032997131347656,0.0,001010111110001100110001,--+-+-+++++---++--++---+,0,False,"[[0.000159, 135.05173413], [0.006609, 134.05753268], [0.007064, 119.52228113], [0.025033, 118.87209048]]",21,quantum,2,
precond_pen=1.500,24,-1.8514435363299935,118.87209048451594,1.5,2,0.9034368991851807,0.02307891845703125,0.0,001010111110001100110001,--+-+-+++++---++--++---+,0,False,"[[0.000139, 135.05173413], [0.006224, 134.36461662], [0.006587, 119.52228113], [0.023079, 118.87209048]]",21,quantum,2,
precond_pen=1.600,24,-1.8333175144230012,118.87209048451594,1.6,2,0.7444961071014404,0.007279157638549805,0.0,110101000001110011001110,++-+-+-----+++--++--+++-,0,False,"[[0.000177, 135.05173413], [0.006893, 131.96133802], [0.007279, 118.87209048]]",21,quantum,2,
precond_pen=1.700,24,-1.8067410518180118,118.87209048451594,1.7,2,0.8319211006164551,0.005682229995727539,0.0,110101000001110011001110,++-+-+-----+++--++--+++-,0,False,"[[0.000177, 135.05173413], [0.005323, 131.96133802], [0.005682, 118.87209048]]",21,quantum,2,
precond_pen=1.800,24,-7.2902696482469995,118.98919209857594,1.8,2,0.1271209716796875,0.005594015121459961,0.0,001110101010101010110001,--+++-+-+-+-+-+-+-++---+,0,False,"[[0.000165, 135.05173413], [0.004808, 123.57148785], [0.005594, 118.9891921]]",21,quantum,2,
precond_pen=1.900,24,-3.903052316011996,118.98919209857594,1.9,2,0.4934730529785156,0.005820035934448242,0.0,001110101010101010110001,--+++-+-+-+-+-+-+-++---+,0,False,"[[0.000154, 135.05173413], [0.004414, 132.31614072], [0.005151, 131.93385293], [0.00582, 118.87209048], [0.298014, 119.19216066], [0.319783, 118.9891921]]",21,quantum,2,
precond_pen=2.000,24,-10.105822116047982,118.98919209857594,2.0,2,0.35016322135925293,0.2911350727081299,0.0,001110101010101010110001,--+++-+-+-+-+-+-+-++---+,0,False,"[[0.000176, 135.05173413], [0.004597, 130.60225333], [0.005383, 131.93385293], [0.006033, 121.1646619], [0.291135, 118.9891921], [0.3495, 118.9891921]]",21,quantum,2,
baseline,24,113.68700063191713,113.68700063191703,,2,1.097933053970337,0.004235029220581055,0.0,011110011000110100100110,-++++--++---++-+--+--++-,0,False,"[[0.000159, 137.94890326], [0.004235, 113.68700063]]",22,quantum,2,
precond_pen=1.100,24,-2.9722426817489946,113.68700063191703,1.1,2,0.5064389705657959,0.023906946182250977,0.0,100001100111001011011001,+----++--+++--+-++-++--+,0,False,"[[0.000169, 137.94890326], [0.006086, 129.37033139], [0.006472, 115.51772177], [0.023907, 113.68700063]]",22,quantum,2,
precond_pen=1.200,24,-2.911522871560001,113.68700063191703,1.2,2,0.5292670726776123,0.007647037506103516,0.0,100001100111001011011001,+----++--+++--+-++-++--+,0,False,"[[0.000164, 137.94890326], [0.007077, 133.89905337], [0.007647, 113.68700063]]",22,quantum,2,
precond_pen=1.300,24,-2.389562939569993,113.68700063191703,1.3,2,0.6310780048370361,0.007309913635253906,0.0,100001100111001011011001,+----++--+++--+-++-++--+,0,False,"[[0.000172, 137.94890326], [0.006883, 128.60258902], [0.00731, 113.68700063]]",22,quantum,2,
precond_pen=1.400,24,-2.1933339649069907,113.68700063191703,1.4,2,0.7385070323944092,0.7215449810028076,0.0,011110011000110100100110,-++++--++---++-+--+--++-,0,False,"[[0.000129, 137.94890326], [0.005956, 134.69587269], [0.006346, 117.14012533], [0.664115, 116.26893004], [0.721545, 113.68700063], [0.737511, 113.68700063]]",22,quantum,2,
precond_pen=1.500,24,-2.1684537460319966,113.68700063191703,1.5,2,0.5620448589324951,0.0062639713287353516,0.0,100001100111001011011001,+----++--+++--+-++-++--+,0,False,"[[0.000123, 137.94890326], [0.005755, 132.41019142], [0.006264, 113.68700063]]",22,quantum,2,
precond_pen=1.600,24,-8.102567700798001,113.68700063191703,1.6,2,0.11516809463500977,0.005835056304931641,0.0,011110011000110100100110,-++++--++---++-+--+--++-,0,False,"[[0.000113, 137.94890326], [0.004683, 131.32872955], [0.005199, 125.83834637], [0.005835, 113.68700063]]",22,quantum,2,
precond_pen=1.700,24,-8.627220074611998,113.68700063191703,1.7,2,0.15572285652160645,0.006294965744018555,0.0,011110011000110100100110,-++++--++---++-+--+--++-,0,False,"[[0.000109, 137.94890326], [0.005148, 129.72848516], [0.005656, 125.83834637], [0.006295, 113.68700063]]",22,quantum,2,
precond_pen=1.800,24,-5.316932377109996,113.68700063191703,1.8,2,0.3327310085296631,0.023602962493896484,0.0,011110011000110100100110,-++++--++---++-+--+--++-,0,False,"[[0.000104, 137.94890326], [0.004741, 135.63074288], [0.005246, 130.73652246], [0.005654, 128.97473605], [0.006016, 115.51772177], [0.023603, 113.68700063]]",22,quantum,2,
precond_pen=1.900,24,-5.4322453008440075,113.68700063191703,1.9,2,0.17426395416259766,0.025696992874145508,0.0,011110011000110100100110,-++++--++---++-+--+--++-,0,False,"[[0.000133, 137.94890326], [0.005137, 131.48980195], [0.005485, 130.73652246], [0.005955, 129.50476066], [0.006294, 115.51772177], [0.025697, 113.68700063]]",22,quantum,2,
precond_pen=2.000,24,-8.931591473018006,113.68700063191703,2.0,2,0.16912007331848145,0.005834102630615234,0.0,011110011000110100100110,-++++--++---++-+--+--++-,0,False,"[[0.000118, 137.94890326], [0.004714, 132.78872534], [0.005213, 130.73652246], [0.005834, 113.68700063]]",22,quantum,2,
baseline,24,126.97531944097913,126.97531944097895,,2,2.0458312034606934,0.004500150680541992,0.0,011101010010111001010100,-+++-+-+--+-+++--+-+-+--,0,False,"[[0.000135, 146.42459781], [0.0045, 126.97531944]]",23,quantum,2,
precond_pen=1.100,24,-2.871190725425004,126.97531944097895,1.1,2,0.5103850364685059,0.024245023727416992,0.0,011101010010111001010100,-+++-+-+--+-+++--+-+-+--,0,False,"[[0.000126, 146.42459781], [0.005566, 143.68658227], [0.006053, 127.59452186], [0.024245, 126.97531944]]",23,quantum,2,
precond_pen=1.200,24,-2.5499319107229983,126.97531944097895,1.2,2,0.577319860458374,0.5419278144836426,0.0,100010101101000110101011,+---+-+-++-+---++-+-+-++,0,False,"[[0.000123, 146.42459781], [0.005453, 142.22749373], [0.005838, 127.59452186], [0.541928, 126.97531944], [0.57543, 126.97531944]]",23,quantum,2,
precond_pen=1.300,24,-2.308326200476005,126.97531944097895,1.3,2,0.6032319068908691,0.005545854568481445,0.0,011101010010111001010100,-+++-+-+--+-+++--+-+-+--,0,False,"[[0.000174, 146.42459781], [0.005546, 126.97531944]]",23,quantum,2,
precond_pen=1.400,24,-2.1194215959239973,126.97531944097895,1.4,2,0.649712085723877,0.021258115768432617,0.0,011101010010111001010100,-+++-+-+--+-+++--+-+-+--,0,False,"[[0.00018, 146.42459781], [0.005396, 141.17596337], [0.005777, 127.59452186], [0.021258, 126.97531944]]",23,quantum,2,
precond_pen=1.500,24,-1.9673424107229902,126.97531944097895,1.5,2,0.6330170631408691,0.02096700668334961,0.0,011101010010111001010100,-+++-+-+--+-+++--+-+-+--,0,False,"[[0.00018, 146.42459781], [0.005451, 145.30865806], [0.005868, 127.59452186], [0.020967, 126.97531944]]",23,quantum,2,
precond_pen=1.600,24,-1.948346069467009,126.97531944097895,1.6,2,0.6643528938293457,0.02341294288635254,0.0,100010101101000110101011,+---+-+-++-+---++-+-+-++,0,False,"[[0.000189, 146.42459781], [0.005485, 145.30865806], [0.005843, 127.59452186], [0.023413, 126.97531944]]",23,quantum,2,
precond_pen=1.700,24,-1.9205829059829913,126.97531944097895,1.7,2,0.6277928352355957,0.021235942840576172,0.0,100010101101000110101011,+---+-+-++-+---++-+-+-++,0,False,"[[0.000124, 146.42459781], [0.005496, 145.22760944], [0.005865, 127.59452186], [0.021236, 126.97531944]]",23,quantum,2,
precond_pen=1.800,24,-1.647436932878005,126.97531944097895,1.8,2,0.6296789646148682,0.020593881607055664,0.0,100010101101000110101011,+---+-+-++-+---++-+-+-++,0,False,"[[0.000185, 146.42459781], [0.005468, 145.47138267], [0.005802, 127.59452186], [0.020594, 126.97531944]]",23,quantum,2,
precond_pen=1.900,24,-1.635853405655988,126.97531944097895,1.9,2,0.609734058380127,0.020524978637695312,0.0,100010101101000110101011,+---+-+-++-+---++-+-+-++,0,False,"[[0.000196, 146.42459781], [0.005364, 139.2038515], [0.005729, 127.59452186], [0.020525, 126.97531944]]",23,quantum,2,
precond_pen=2.000,24,-4.819034589960998,126.97531944097895,2.0,2,0.2875559329986572,0.2856631278991699,0.0,100010101101000110101011,+---+-+-++-+---++-+-+-++,0,False,"[[0.000175, 146.42459781], [0.005161, 142.7266513], [0.005514, 142.73969393], [0.005843, 140.17419885], [0.006191, 127.59452186], [0.285663, 126.97531944]]",23,quantum,2,
baseline,24,122.59730320399491,122.59730320399491,,2,4.181867837905884,0.004484891891479492,0.0,000101001001010111111001,---+-+--+--+-+-++++++--+,0,False,"[[0.000129, 139.43295984], [0.004042, 137.32412379], [0.004485, 122.5973032]]",24,quantum,2,
precond_pen=1.100,24,-2.5523654413219994,122.59730320399491,1.1,2,0.5855879783630371,0.005274057388305664,0.0,111010110110101000000110,+++-+-++-++-+-+------++-,0,False,"[[0.000131, 139.43295984], [0.005274, 122.5973032]]",24,quantum,2,
precond_pen=1.200,24,-2.2933685846909935,122.59730320399491,1.2,2,0.7520520687103271,0.005789995193481445,0.0,111010110110101000000110,+++-+-++-++-+-+------++-,0,False,"[[0.000127, 139.43295984], [0.005458, 136.6884462], [0.00579, 122.5973032]]",24,quantum,2,
precond_pen=1.300,24,-2.0942073664199956,122.59730320399491,1.3,2,0.655526876449585,0.005362987518310547,0.0,111010110110101000000110,+++-+-++-++-+-+------++-,0,False,"[[0.000179, 139.43295984], [0.005363, 122.5973032]]",24,quantum,2,
precond_pen=1.400,24,-1.9359229268669988,122.59730320399491,1.4,2,0.805070161819458,0.00607609748840332,0.0,111010110110101000000110,+++-+-++-++-+-+------++-,0,False,"[[0.000183, 139.43295984], [0.005717, 131.95541615], [0.006076, 122.5973032]]",24,quantum,2,
precond_pen=1.500,24,-1.806865377867009,122.59730320399491,1.5,2,0.8802120685577393,0.021138906478881836,0.0,111010110110101000000110,+++-+-++-++-+-+------++-,0,False,"[[0.000128, 139.43295984], [0.005432, 138.99144666], [0.005776, 124.88055302], [0.021139, 122.5973032]]",24,quantum,2,
precond_pen=1.600,24,-1.6995039995590009,122.59730320399491,1.6,2,0.7261819839477539,0.005527019500732422,0.0,111010110110101000000110,+++-+-++-++-+-+------++-,0,False,"[[0.000126, 139.43295984], [0.005126, 137.80158762], [0.005527, 122.5973032]]",24,quantum,2,
precond_pen=1.700,24,-1.6857123110850054,122.59730320399491,1.7,2,0.7302770614624023,0.0070171356201171875,0.0,111010110110101000000110,+++-+-++-++-+-+------++-,0,False,"[[0.000129, 139.43295984], [0.006609, 137.80158762], [0.007017, 122.5973032]]",24,quantum,2,
precond_pen=1.800,24,-3.884097248224002,122.59730320399491,1.8,2,0.4903428554534912,0.008581876754760742,0.0,111010110110101000000110,+++-+-++-++-+-+------++-,0,False,"[[0.000247, 139.43295984], [0.007058, 137.15023844], [0.007773, 135.09405115], [0.008582, 122.5973032]]",24,quantum,2,
precond_pen=1.900,24,-3.929306071390995,122.59730320399491,1.9,2,0.5182929039001465,0.0067899227142333984,0.0,111010110110101000000110,+++-+-++-++-+-+------++-,0,False,"[[0.000207, 139.43295984], [0.0063, 139.77237987], [0.00679, 122.5973032]]",24,quantum,2,
precond_pen=2.000,24,-3.9177837154259976,122.59730320399491,2.0,2,0.4716320037841797,0.025360107421875,0.0,111010110110101000000110,+++-+-++-++-+-+------++-,0,False,"[[0.000146, 139.43295984], [0.006075, 139.71422911], [0.006548, 124.88055302], [0.02536, 122.5973032]]",24,quantum,2,
baseline,24,124.05263951704205,124.05263951704207,,2,3.0360169410705566,0.0050199031829833984,0.0,110111110001101010100000,++-+++++---++-+-+-+-----,0,False,"[[0.000127, 144.24807092], [0.00422, 141.36427032], [0.004606, 140.98987512], [0.00502, 124.05263952]]",25,quantum,2,
precond_pen=1.100,24,-2.6980377442150054,124.05263951704207,1.1,2,0.5827569961547852,0.006481170654296875,0.0,001000001110010101011111,--+-----+++--+-+-+-+++++,0,False,"[[0.000126, 144.24807092], [0.005948, 143.21203532], [0.006481, 124.05263952]]",25,quantum,2,
precond_pen=1.200,24,-2.4119709465699906,124.05263951704207,1.2,2,0.7151780128479004,0.005814075469970703,0.0,001000001110010101011111,--+-----+++--+-+-+-+++++,0,False,"[[0.000173, 144.24807092], [0.005306, 139.35058805], [0.005814, 124.05263952]]",25,quantum,2,
precond_pen=1.300,24,-2.1943895107410025,124.05263951704207,1.3,2,0.6723308563232422,0.005763053894042969,0.0,001000001110010101011111,--+-----+++--+-+-+-+++++,0,False,"[[0.000178, 144.24807092], [0.005334, 143.62209867], [0.005763, 124.05263952]]",25,quantum,2,
precond_pen=1.400,24,-2.0228122750650126,124.05263951704207,1.4,2,0.7340610027313232,0.005836009979248047,0.0,001000001110010101011111,--+-----+++--+-+-+-+++++,0,False,"[[0.00017, 144.24807092], [0.005403, 142.75201497], [0.005836, 124.05263952]]",25,quantum,2,
precond_pen=1.500,24,-2.002601550882998,124.05263951704207,1.5,2,0.6749968528747559,0.005686044692993164,0.0,001000001110010101011111,--+-----+++--+-+-+-+++++,0,False,"[[0.000166, 144.24807092], [0.005253, 142.75201497], [0.005686, 124.05263952]]",25,quantum,2,
precond_pen=1.600,24,-1.971944742990992,124.05263951704207,1.6,2,0.6956439018249512,0.005895853042602539,0.0,001000001110010101011111,--+-----+++--+-+-+-+++++,0,False,"[[0.000183, 144.24807092], [0.005462, 142.66110778], [0.005896, 124.05263952]]",25,quantum,2,
precond_pen=1.700,24,-2.9403242794089985,124.05263951704207,1.7,2,0.32387590408325195,0.00592803955078125,0.0,001000001110010101011111,--+-----+++--+-+-+-+++++,0,False,"[[0.000166, 144.24807092], [0.004843, 134.66305991], [0.005928, 124.05263952]]",25,quantum,2,
precond_pen=1.800,24,-7.682913694664993,126.62239425838602,1.8,2,0.49397897720336914,0.0043871402740478516,0.0,110110110001101010100100,++-++-++---++-+-+-+--+--,0,False,"[[0.000181, 144.24807092], [0.004387, 126.62239426]]",25,quantum,2,
precond_pen=1.900,24,-7.832180104949046,126.62239425838602,1.9,2,0.49013805389404297,0.0051920413970947266,0.0,001001001110010101011011,--+--+--+++--+-+-+-++-++,0,False,"[[0.000169, 144.24807092], [0.00393, 141.4842161], [0.00475, 139.98510635], [0.005192, 126.62239426]]",25,quantum,2,
precond_pen=2.000,24,-7.8542225318449965,126.62239425838602,2.0,2,0.4514138698577881,0.00492095947265625,0.0,110110110001101010100100,++-++-++---++-+-+-+--+--,0,False,"[[0.000174, 144.24807092], [0.0044, 143.62463552], [0.004921, 126.62239426]]",25,quantum,2,
baseline,24,127.39413840973413,127.39413840973418,,2,6.498711109161377,0.34050607681274414,0.0,111011010000010100101101,+++-++-+-----+-+--+-++-+,0,False,"[[0.000166, 152.67795069], [0.004097, 128.79838398], [0.340506, 127.39413841]]",26,quantum,2,
precond_pen=1.100,24,-2.3806669474700097,127.55584604159613,1.1,2,0.9682118892669678,0.006559848785400391,0.0,010100001111111011010000,-+-+----+++++++-++-+----,0,False,"[[0.000185, 152.67795069], [0.005563, 143.7221469], [0.006226, 138.14629608], [0.00656, 127.39413841], [0.02323, 127.55584604]]",26,quantum,2,
precond_pen=1.200,24,-2.3302382047200076,127.55584604159613,1.2,2,0.9562649726867676,0.006350040435791016,0.0,101011110000000100101111,+-+-++++-------+--+-++++,0,False,"[[0.00012, 152.67795069], [0.005878, 145.16425121], [0.00635, 127.55584604]]",26,quantum,2,
precond_pen=1.300,24,-1.940047575302005,127.39413840973418,1.3,2,1.3579308986663818,0.7463929653167725,0.0,000100101111101011010010,---+--+-+++++-+-++-+--+-,0,False,"[[0.000129, 152.67795069], [0.005413, 143.09127696], [0.005748, 127.56133983], [0.746393, 127.39413841]]",26,quantum,2,
precond_pen=1.400,24,-1.7917615795149935,127.39413840973418,1.4,2,1.2112250328063965,0.8032159805297852,0.0,111011010000010100101101,+++-++-+-----+-+--+-++-+,0,False,"[[0.000129, 152.67795069], [0.005327, 144.833568], [0.005677, 127.56133983], [0.803216, 127.39413841], [1.208534, 127.39413841]]",26,quantum,2,
precond_pen=1.500,24,-1.7712580856959956,127.39413840973418,1.5,2,1.3912370204925537,0.022493839263916016,0.0,111011010000010100101101,+++-++-+-----+-+--+-++-+,0,False,"[[0.000117, 152.67795069], [0.005148, 144.87834396], [0.005497, 129.89298904], [0.022494, 127.39413841]]",26,quantum,2,
precond_pen=1.600,24,-1.7402254938409918,127.39413840973418,1.6,2,1.5967581272125244,1.0282862186431885,0.0,111011010000010100101101,+++-++-+-----+-+--+-++-+,0,False,"[[0.000145, 152.67795069], [0.005619, 142.04297931], [0.00606, 128.61836178], [0.022097, 128.06272944], [1.028286, 127.39413841]]",26,quantum,2,
precond_pen=1.700,24,-4.3689301320970015,127.55584604159613,1.7,2,0.2848479747772217,0.21980690956115723,0.0,010100001111111011010000,-+-+----+++++++-++-+----,0,False,"[[0.000184, 152.67795069], [0.005353, 144.07483637], [0.006106, 138.31836725], [0.006579, 128.06272944], [0.025021, 127.56133983], [0.219807, 127.55584604]]",26,quantum,2,
precond_pen=1.800,24,-3.6548301413090023,127.56133983382405,1.8,2,0.5563888549804688,0.548698902130127,0.0,101010001101010110100101,+-+-+---++-+-+-++-+--+-+,0,False,"[[0.000165, 152.67795069], [0.005072, 143.71744342], [0.005726, 140.09747113], [0.006254, 128.06272944], [0.548699, 127.56133983], [0.555402, 127.56133983]]",26,quantum,2,
precond_pen=1.900,24,-6.79402451704701,127.55584604159613,1.9,2,0.7638020515441895,0.005735874176025391,0.0,101011110000000100101111,+-+-++++-------+--+-++++,0,False,"[[0.000174, 152.67795069], [0.004681, 138.98892779], [0.005736, 127.55584604]]",26,quantum,2,
precond_pen=2.000,24,-6.866752616904019,127.55584604159613,2.0,2,0.6803319454193115,0.006151914596557617,0.0,010100001111111011010000,-+-+----+++++++-++-+----,0,False,"[[0.000171, 152.67795069], [0.004817, 154.89141675], [0.005512, 149.46293358], [0.006152, 127.55584604]]",26,quantum,2,
baseline,24,132.14157878785892,132.1415787878592,,2,5.462418794631958,1.0248339176177979,0.0,110010101010011010001110,++--+-+-+-+--++-+---+++-,0,False,"[[0.000174, 147.47040017], [0.004385, 134.4427609], [0.071198, 133.13457504], [1.024834, 132.14157879], [5.460736, 132.14157879]]",27,quantum,2,
precond_pen=1.100,24,-3.451976281651005,132.1415787878592,1.1,2,0.495635986328125,0.4631381034851074,0.0,001101010101100101110001,--++-+-+-+-++--+-+++---+,0,False,"[[0.000183, 147.47040017], [0.005633, 148.19725987], [0.006118, 132.75628088], [0.463138, 132.14157879], [0.494987, 132.14157879]]",27,quantum,2,
precond_pen=1.200,24,-2.8361764022740026,132.1415787878592,1.2,2,0.541611909866333,0.5114028453826904,0.0,001101010101100101110001,--++-+-+-+-++--+-+++---+,0,False,"[[0.000164, 147.47040017], [0.005042, 143.54864906], [0.005444, 132.75628088], [0.511403, 132.14157879], [0.540906, 132.14157879]]",27,quantum,2,
precond_pen=1.300,24,-2.039958203067995,132.1415787878592,1.3,2,0.9582808017730713,0.021716833114624023,0.0,110010101010011010001110,++--+-+-+-+--++-+---+++-,0,False,"[[0.000172, 147.47040017], [0.005516, 147.67734895], [0.00589, 134.4427609], [0.021717, 132.14157879]]",27,quantum,2,
precond_pen=1.400,24,-2.013029096946992,132.1415787878592,1.4,2,0.9553439617156982,0.7865719795227051,0.0,001101010101100101110001,--++-+-+-+-++--+-+++---+,0,False,"[[0.000165, 147.47040017], [0.005411, 147.67734895], [0.005797, 134.4427609], [0.652457, 133.82881813], [0.699082, 132.75628088], [0.786572, 132.14157879]]",27,quantum,2,
precond_pen=1.500,24,-1.9705307361759967,132.1415787878592,1.5,2,0.8124420642852783,0.6439900398254395,0.0,110010101010011010001110,++--+-+-+-+--++-+---+++-,0,False,"[[0.000189, 147.47040017], [0.005794, 147.30535688], [0.006246, 132.75628088], [0.64399, 132.14157879], [0.811124, 132.14157879]]",27,quantum,2,
precond_pen=1.600,24,-2.3903951433519985,132.1415787878592,1.6,2,0.6109359264373779,0.546165943145752,0.0,001101010101100101110001,--++-+-+-+-++--+-+++---+,0,False,"[[0.000164, 147.47040017], [0.005118, 142.47076806], [0.006177, 133.14173863], [0.546166, 132.14157879], [0.610238, 132.14157879]]",27,quantum,2,
precond_pen=1.700,24,-4.797756590061002,133.14173862672095,1.7,2,0.2273399829864502,0.033360958099365234,0.0,010000111110110110001001,-+----+++++-++-++---+--+,0,False,"[[0.000187, 147.47040017], [0.005721, 147.48803459], [0.006421, 134.4427609], [0.033361, 133.14173863]]",27,quantum,2,
precond_pen=1.800,24,-3.74566855330799,132.1415787878592,1.8,2,0.5726931095123291,0.02341294288635254,0.0,110010101010011010001110,++--+-+-+-+--++-+---+++-,0,False,"[[0.000116, 147.47040017], [0.004791, 144.99105471], [0.00518, 133.14173863], [0.023413, 132.14157879]]",27,quantum,2,
precond_pen=1.900,24,-3.906512228176,132.1415787878592,1.9,2,0.5634169578552246,0.5622780323028564,0.0,001101010101100101110001,--++-+-+-+-++--+-+++---+,0,False,"[[0.00012, 147.47040017], [0.004984, 144.6590034], [0.00567, 141.90949612], [0.006113, 133.56572425], [0.562278, 132.14157879], [0.562807, 132.14157879]]",27,quantum,2,
precond_pen=2.000,24,-1.3554734543459954,132.1415787878592,2.0,2,0.9332280158996582,0.7419040203094482,0.0,110010101010011010001110,++--+-+-+-+--++-+---+++-,0,False,"[[0.000117, 147.47040017], [0.004831, 141.5031748], [0.005141, 133.14173863], [0.020598, 132.75628088], [0.741904, 132.14157879], [0.931932, 132.14157879]]",27,quantum,2,
baseline,24,133.957944652624,133.95794465262384,,2,2.3978798389434814,0.0044078826904296875,0.0,110000010111000101101101,++-----+-+++---+-++-++-+,0,False,"[[0.000172, 161.13941052], [0.004408, 133.95794465]]",28,quantum,2,
precond_pen=1.100,24,-2.9905103896839975,133.95794465262384,1.1,2,0.5505459308624268,0.029384136199951172,0.0,001111101000111010010010,--+++++-+---+++-+--+--+-,0,False,"[[0.000229, 161.13941052], [0.009066, 156.79282056], [0.009796, 153.9850542], [0.010406, 151.8940693], [0.010917, 136.54211529], [0.029384, 133.95794465]]",28,quantum,2,
precond_pen=1.200,24,-2.641415502452986,133.95794465262384,1.2,2,0.5382959842681885,0.008469104766845703,0.0,110000010111000101101101,++-----+-+++---+-++-++-+,0,False,"[[0.00023, 161.13941052], [0.007877, 151.99647857], [0.008469, 133.95794465]]",28,quantum,2,
precond_pen=1.300,24,-2.381609175443991,133.95794465262384,1.3,2,0.6479489803314209,0.009106874465942383,0.0,110000010111000101101101,++-----+-+++---+-++-++-+,0,False,"[[0.000225, 161.13941052], [0.008581, 151.31123677], [0.009107, 133.95794465]]",28,quantum,2,
precond_pen=1.400,24,-2.1800458697689873,133.95794465262384,1.4,2,0.6049990653991699,0.5999970436096191,0.0,110000010111000101101101,++-----+-+++---+-++-++-+,0,False,"[[0.000184, 161.13941052], [0.007391, 158.73512641], [0.00782, 136.54211529], [0.576768, 134.28023345], [0.599997, 133.95794465], [0.60371, 133.95794465]]",28,quantum,2,
precond_pen=1.500,24,-2.1546891338410035,133.95794465262384,1.5,2,0.5561110973358154,0.5323100090026855,0.0,001111101000111010010010,--+++++-+---+++-+--+--+-,0,False,"[[0.000267, 161.13941052], [0.007807, 159.23510383], [0.008282, 136.54211529], [0.531786, 134.28023345], [0.53231, 133.95794465], [0.554731, 133.95794465]]",28,quantum,2,
precond_pen=1.600,24,-2.1161010152529958,133.95794465262384,1.6,2,0.6410090923309326,0.008548974990844727,0.0,110000010111000101101101,++-----+-+++---+-++-++-+,0,False,"[[0.000249, 161.13941052], [0.007984, 151.99647857], [0.008549, 133.95794465]]",28,quantum,2,
precond_pen=1.700,24,-1.7760079831510094,133.95794465262384,1.7,2,0.6300919055938721,0.010350942611694336,0.0,110000010111000101101101,++-----+-+++---+-++-++-+,0,False,"[[0.000202, 161.13941052], [0.009727, 151.99647857], [0.010351, 133.95794465]]",28,quantum,2,
precond_pen=1.800,24,-1.7618228396979916,133.95794465262384,1.8,2,0.6086859703063965,0.007889032363891602,0.0,110000010111000101101101,++-----+-+++---+-++-++-+,0,False,"[[0.000241, 161.13941052], [0.007375, 151.99647857], [0.007889, 133.95794465]]",28,quantum,2,
precond_pen=1.900,24,-6.949840733572999,133.95794465262384,1.9,2,0.08179306983947754,0.009849071502685547,0.0,001111101000111010010010,--+++++-+---+++-+--+--+-,0,False,"[[0.000212, 161.13941052], [0.008055, 149.93934786], [0.008872, 150.7479385], [0.009321, 150.23366117], [0.009849, 133.95794465]]",28,quantum,2,
precond_pen=2.000,24,-7.091328104829001,133.95794465262384,2.0,2,0.07348895072937012,0.00928497314453125,0.0,001111101000111010010010,--+++++-+---+++-+--+--+-,0,False,"[[0.000256, 161.13941052], [0.007032, 152.47228548], [0.007825, 150.7479385], [0.008508, 150.53608911], [0.009285, 133.95794465]]",28,quantum,2,
baseline,24,118.33310044147123,118.33310044147099,,2,1.7536659240722656,0.8623008728027344,0.0,001001101110110110010010,--+--++-+++-++-++--+--+-,0,False,"[[0.000226, 146.33502735], [0.006508, 119.7857443], [0.862301, 118.33310044], [1.751521, 118.33310044]]",29,quantum,2,
precond_pen=1.100,24,-2.77876869165099,118.33310044147099,1.1,2,0.6800379753112793,0.028689146041870117,0.0,110110010001001001101101,++-++--+---+--+--++-++-+,0,False,"[[0.000208, 146.33502735], [0.00909, 134.33170586], [0.010143, 133.48186258], [0.010532, 123.35745064], [0.028689, 118.33310044]]",29,quantum,2,
precond_pen=1.200,24,-2.4781781915360046,118.33310044147099,1.2,2,0.80926513671875,0.7310760021209717,0.0,001001101110110110010010,--+--++-+++-++-++--+--+-,0,False,"[[0.000173, 146.33502735], [0.007577, 131.12969002], [0.008063, 121.26661622], [0.026685, 119.7857443], [0.731076, 118.33310044], [0.807309, 118.33310044]]",29,quantum,2,
precond_pen=1.300,24,-2.250394203272993,118.33310044147099,1.3,2,0.6662299633026123,0.0073969364166259766,0.0,110110010001001001101101,++-++--+---+--+--++-++-+,0,False,"[[0.000163, 146.33502735], [0.00692, 135.53942691], [0.007397, 118.33310044]]",29,quantum,2,
precond_pen=1.400,24,-2.071291794867994,118.33310044147099,1.4,2,0.9097418785095215,0.8959050178527832,0.0,001001101110110110010010,--+--++-+++-++-++--+--+-,0,False,"[[0.000181, 146.33502735], [0.008076, 128.40113296], [0.008501, 123.35745064], [0.72852, 121.25787102], [0.729131, 121.11478082], [0.729613, 120.96333589], [0.782222, 119.7857443], [0.895905, 118.33310044]]",29,quantum,2,
precond_pen=1.500,24,-1.9264590060000018,118.33310044147099,1.5,2,0.861997127532959,0.8238050937652588,0.0,110110010001001001101101,++-++--+---+--+--++-++-+,0,False,"[[0.00015, 146.33502735], [0.007354, 136.53334662], [0.007935, 119.7857443], [0.823805, 118.33310044], [0.860247, 118.33310044]]",29,quantum,2,
precond_pen=1.600,24,-6.944820500853006,118.33310044147099,1.6,2,0.0732278823852539,0.029504060745239258,0.0,001001101110110110010010,--+--++-+++-++-++--+--+-,0,False,"[[0.000138, 146.33502735], [0.005629, 133.64331034], [0.006849, 121.25787102], [0.029504, 118.33310044]]",29,quantum,2,
precond_pen=1.700,24,-7.355337152793995,118.33310044147099,1.7,2,0.06636404991149902,0.007339954376220703,0.0,110110010001001001101101,++-++--+---+--+--++-++-+,0,False,"[[0.000154, 146.33502735], [0.006843, 143.12852241], [0.00734, 118.33310044]]",29,quantum,2,
precond_pen=1.800,24,-10.364938268597982,118.33310044147099,1.8,2,0.3121671676635742,0.007554054260253906,0.0,001001101110110110010010,--+--++-+++-++-++--+--+-,0,False,"[[0.000214, 146.33502735], [0.006678, 140.52933761], [0.007086, 139.46031122], [0.007554, 118.33310044]]",29,quantum,2,
precond_pen=1.900,24,-10.60808334396701,118.33310044147099,1.9,2,0.3794991970062256,0.011056184768676758,0.0,001001101110110110010010,--+--++-+++-++-++--+--+-,0,False,"[[0.00028, 146.33502735], [0.009039, 140.52933761], [0.01024, 139.46031122], [0.011056, 118.33310044]]",29,quantum,2,
precond_pen=2.000,24,-10.677317602142008,118.33310044147099,2.0,2,0.6910679340362549,0.6337440013885498,0.0,110110010001001001101101,++-++--+---+--+--++-++-+,0,False,"[[0.000186, 146.33502735], [0.007475, 141.02382534], [0.008592, 140.40458848], [0.010657, 139.46031122], [0.011186, 121.25787102], [0.633744, 118.33310044]]",29,quantum,2,
baseline,24,121.46627467208708,121.466274672087,,2,6.140020847320557,0.6077208518981934,0.0,111010100000001011011011,+++-+-+-------+-++-++-++,0,False,"[[0.000164, 140.81262535], [0.00538, 138.54696213], [0.005735, 138.45414359], [0.006317, 122.74920645], [0.590099, 122.6490737], [0.590616, 122.58612498], [0.607721, 121.46627467]]",30,quantum,2,
precond_pen=1.100,24,-2.552773498134,121.466274672087,1.1,2,0.7530839443206787,0.5851609706878662,0.0,111010100000001011011011,+++-+-+-------+-++-++-++,0,False,"[[0.000209, 140.81262535], [0.008941, 139.17806481], [0.009511, 123.10889709], [0.028974, 122.14235153], [0.585161, 121.46627467], [0.750452, 121.46627467]]",30,quantum,2,
precond_pen=1.200,24,-2.286246970491005,121.466274672087,1.2,2,0.9009239673614502,0.6711158752441406,0.0,000101011111110100100100,---+-+-+++++++-+--+--+--,0,False,"[[0.000159, 140.81262535], [0.007267, 136.52140707], [0.007678, 122.14235153], [0.650994, 121.72770069], [0.65155, 121.79458822], [0.671116, 121.46627467]]",30,quantum,2,
precond_pen=1.300,24,-2.083084238226995,121.466274672087,1.3,2,1.1492321491241455,0.7619209289550781,0.0,000101011111110100100100,---+-+-+++++++-+--+--+--,0,False,"[[0.000192, 140.81262535], [0.007907, 135.46685831], [0.008421, 122.74920645], [0.024349, 122.82304929], [0.761921, 121.46627467], [1.147565, 121.46627467]]",30,quantum,2,
precond_pen=1.400,24,-1.9226535271879985,121.466274672087,1.4,2,1.1157310009002686,0.899022102355957,0.0,000101011111110100100100,---+-+-+++++++-+--+--+--,0,False,"[[0.000163, 140.81262535], [0.007702, 139.77027431], [0.008144, 122.14235153], [0.729577, 121.72770069], [0.899022, 121.46627467], [1.114225, 121.46627467]]",30,quantum,2,
precond_pen=1.500,24,-1.9013458465140065,121.466274672087,1.5,2,1.0963249206542969,0.6972379684448242,0.0,111010100000001011011011,+++-+-+-------+-++-++-++,0,False,"[[0.000155, 140.81262535], [0.007265, 134.19949845], [0.00762, 123.9609827], [0.022984, 122.69860882], [0.697238, 121.46627467], [1.09339, 121.46627467]]",30,quantum,2,
precond_pen=1.600,24,-1.8693322982869915,121.466274672087,1.6,2,1.1738381385803223,1.0006740093231201,0.0,000101011111110100100100,---+-+-+++++++-+--+--+--,0,False,"[[0.000174, 140.81262535], [0.008372, 134.19949845], [0.008836, 123.9609827], [0.028767, 122.69860882], [0.843518, 121.72770069], [0.844006, 121.79458822], [1.000674, 121.46627467]]",30,quantum,2,
precond_pen=1.700,24,-5.156413502032,123.52993575389047,1.7,2,0.13982892036437988,0.00822591781616211,0.0,100100100001011110101011,+--+--+----+-++++-+-+-++,0,False,"[[0.000177, 140.81262535], [0.007669, 140.16394796], [0.008226, 121.46627467], [0.02962, 123.52993575]]",30,quantum,2,
precond_pen=1.800,24,-3.708242037808997,121.466274672087,1.8,2,0.4688081741333008,0.4671361446380615,0.0,111010100000001011011011,+++-+-+-------+-++-++-++,0,False,"[[0.00017, 140.81262535], [0.007151, 139.88485843], [0.0076, 122.14235153], [0.466593, 121.79458822], [0.467136, 121.46627467], [0.468013, 121.46627467]]",30,quantum,2,
precond_pen=1.900,24,-3.808959217394003,121.466274672087,1.9,2,0.49704480171203613,0.47342801094055176,0.0,000101011111110100100100,---+-+-+++++++-+--+--+--,0,False,"[[0.000162, 140.81262535], [0.006937, 136.52140707], [0.007474, 122.14235153], [0.473428, 121.46627467], [0.495999, 121.46627467]]",30,quantum,2,
precond_pen=2.000,24,-3.572891666040009,121.466274672087,2.0,2,0.7345561981201172,0.6958911418914795,0.0,000101011111110100100100,---+-+-+++++++-+--+--+--,0,False,"[[0.000177, 140.81262535], [0.008525, 133.5623302], [0.00969, 122.74920645], [0.03011, 122.14235153], [0.695891, 121.46627467], [0.733308, 121.46627467]]",30,quantum,2,
baseline,24,132.6642314003589,132.66423140035903,,2,5.01416802406311,1.2222120761871338,0.0,001011101000011001111010,--+-+++-+----++--++++-+-,0,False,"[[0.000147, 149.69382883], [0.005159, 147.45669658], [0.005988, 146.52609766], [0.006425, 133.99605158], [0.388909, 133.23763159], [1.222212, 132.6642314], [5.011753, 132.6642314]]",31,quantum,2,
precond_pen=1.100,24,-2.6943387721709975,132.66423140035903,1.1,2,0.6521928310394287,0.5929059982299805,0.0,110100010111100110000101,++-+---+-++++--++----+-+,0,False,"[[0.000178, 149.69382883], [0.008045, 145.9124288], [0.008702, 133.23763159], [0.592906, 132.6642314], [0.650938, 132.6642314]]",31,quantum,2,
precond_pen=1.200,24,-2.643366352843005,132.66423140035903,1.2,2,0.589141845703125,0.025362014770507812,0.0,001011101000011001111010,--+-+++-+----++--++++-+-,0,False,"[[0.000169, 149.69382883], [0.007866, 145.9124288], [0.008458, 133.23763159], [0.025362, 132.6642314]]",31,quantum,2,
precond_pen=1.300,24,-2.1816644837329875,132.66423140035903,1.3,2,0.7709760665893555,0.693122148513794,0.0,001011101000011001111010,--+-+++-+----++--++++-+-,0,False,"[[0.000155, 149.69382883], [0.00721, 142.20361662], [0.007715, 136.11661947], [0.391104, 136.20020264], [0.391546, 133.30581951], [0.655495, 133.23763159], [0.693122, 132.6642314], [0.769793, 132.6642314]]",31,quantum,2,
precond_pen=1.400,24,-2.0084393310409947,132.66423140035903,1.4,2,0.7726950645446777,0.6346950531005859,0.0,001011101000011001111010,--+-+++-+----++--++++-+-,0,False,"[[0.000132, 149.69382883], [0.006654, 148.80740536], [0.007067, 133.23763159], [0.634695, 132.6642314], [0.770733, 132.6642314]]",31,quantum,2,
precond_pen=1.500,24,-1.9870122342880112,132.66423140035903,1.5,2,0.8037688732147217,0.007732868194580078,0.0,110100010111100110000101,++-+---+-++++--++----+-+,0,False,"[[0.000158, 149.69382883], [0.007263, 149.75026209], [0.007733, 132.6642314]]",31,quantum,2,
precond_pen=1.600,24,-1.7530240485130015,132.66423140035903,1.6,2,0.7162978649139404,0.007375001907348633,0.0,110100010111100110000101,++-+---+-++++--++----+-+,0,False,"[[0.000143, 149.69382883], [0.006936, 149.75026209], [0.007375, 132.6642314]]",31,quantum,2,
precond_pen=1.700,24,-1.7384268269810033,132.66423140035903,1.7,2,0.8159148693084717,0.02490401268005371,0.0,110100010111100110000101,++-+---+-++++--++----+-+,0,False,"[[0.000145, 149.69382883], [0.00729, 143.46438784], [0.007747, 133.99605158], [0.024904, 132.6642314]]",31,quantum,2,
precond_pen=1.800,24,-1.573007300933,132.66423140035903,1.8,2,0.9480819702148438,0.8296718597412109,0.0,110100010111100110000101,++-+---+-++++--++----+-+,0,False,"[[0.000174, 149.69382883], [0.008069, 148.38808862], [0.008678, 133.23763159], [0.829672, 132.6642314], [0.946001, 132.6642314]]",31,quantum,2,
precond_pen=1.900,24,-5.878703013511998,133.28188519415488,1.9,2,0.17176604270935059,0.07081794738769531,0.0,001011111000011001110010,--+-+++++----++--+++--+-,0,False,"[[0.000181, 149.69382883], [0.007318, 149.811348], [0.007855, 135.18423908], [0.030956, 133.30581951], [0.070329, 135.62279376], [0.070818, 133.28188519]]",31,quantum,2,
precond_pen=2.000,24,-1.4388578049720007,132.66423140035903,2.0,2,0.8990440368652344,0.02685403823852539,0.0,110100010111100110000101,++-+---+-++++--++----+-+,0,False,"[[0.000164, 149.69382883], [0.007075, 148.10796431], [0.007482, 137.47504301], [0.026854, 132.6642314]]",31,quantum,2,
baseline,24,108.36902601443497,108.36902601443492,,2,1.2998731136322021,0.005311012268066406,0.0,010100101110100010011011,-+-+--+-+++-+---+--++-++,0,False,"[[0.000135, 136.50888333], [0.004314, 129.6101708], [0.005311, 108.36902601]]",32,quantum,2,
precond_pen=1.100,24,-2.9928263831379986,108.36902601443492,1.1,2,0.5936241149902344,0.026200056076049805,0.0,010100101110100010011011,-+-+--+-+++-+---+--++-++,0,False,"[[0.000193, 136.50888333], [0.007596, 130.64962545], [0.008086, 109.56812673], [0.0262, 108.36902601]]",32,quantum,2,
precond_pen=1.200,24,-2.6555859019449937,108.36902601443492,1.2,2,0.6661949157714844,0.008260011672973633,0.0,010100101110100010011011,-+-+--+-+++-+---+--++-++,0,False,"[[0.000198, 136.50888333], [0.007726, 119.84731789], [0.00826, 108.36902601]]",32,quantum,2,
precond_pen=1.300,24,-2.6113605268549946,108.36902601443492,1.3,2,0.718519926071167,0.00796198844909668,0.0,010100101110100010011011,-+-+--+-+++-+---+--++-++,0,False,"[[0.000171, 136.50888333], [0.00741, 123.39242321], [0.007962, 108.36902601]]",32,quantum,2,
precond_pen=1.400,24,-2.5405366844889894,108.36902601443492,1.4,2,0.6926751136779785,0.008134126663208008,0.0,010100101110100010011011,-+-+--+-+++-+---+--++-++,0,False,"[[0.000166, 136.50888333], [0.007493, 123.39935378], [0.008134, 108.36902601]]",32,quantum,2,
precond_pen=1.500,24,-12.468423941669002,109.32568924038094,1.5,2,0.12571501731872559,0.007157087326049805,0.0,010100101100100010011111,-+-+--+-++--+---+--+++++,0,False,"[[0.000157, 136.50888333], [0.006232, 112.76680927], [0.007157, 109.32568924]]",32,quantum,2,
precond_pen=1.600,24,-2.8579716583950043,108.86673423987102,1.6,2,0.552854061126709,0.00854802131652832,0.0,101010010111011101100000,+-+-+--+-+++-+++-++-----,0,False,"[[0.000136, 136.50888333], [0.007242, 131.99660644], [0.007727, 129.6101708], [0.008114, 124.57176528], [0.008548, 108.36902601], [0.499752, 108.89193048], [0.541204, 108.86673424], [0.551617, 108.86673424]]",32,quantum,2,
precond_pen=1.700,24,-1.8022507509509929,108.36902601443492,1.7,2,0.7967050075531006,0.022042036056518555,0.0,010100101110100010011011,-+-+--+-+++-+---+--++-++,0,False,"[[0.000138, 136.50888333], [0.006047, 124.25027765], [0.006297, 110.23844363], [0.022042, 108.36902601]]",32,quantum,2,
precond_pen=1.800,24,-1.7082296044699863,108.36902601443492,1.8,2,0.8839070796966553,0.007470130920410156,0.0,010100101110100010011011,-+-+--+-+++-+---+--++-++,0,False,"[[0.00017, 136.50888333], [0.00707, 127.01162009], [0.00747, 108.36902601]]",32,quantum,2,
precond_pen=1.900,24,-9.011952983595,108.36902601443492,1.9,2,0.1448040008544922,0.0073719024658203125,0.0,010100101110100010011011,-+-+--+-+++-+---+--++-++,0,False,"[[0.00015, 136.50888333], [0.005834, 126.69397328], [0.00692, 123.20408941], [0.007372, 108.36902601]]",32,quantum,2,
precond_pen=2.000,24,-1.556344437534003,108.36902601443492,2.0,2,0.8920698165893555,0.01030278205871582,0.0,010100101110100010011011,-+-+--+-+++-+---+--++-++,0,False,"[[0.000193, 136.50888333], [0.009718, 120.77477982], [0.010303, 108.36902601]]",32,quantum,2,
baseline,24,118.502302902067,118.50230290206693,,2,2.403269052505493,0.005537986755371094,0.0,111111000101000011001100,++++++---+-+----++--++--,0,False,"[[0.000163, 145.09254499], [0.005191, 143.85754409], [0.005538, 118.5023029]]",33,quantum,2,
precond_pen=1.100,24,-2.5763994990840082,118.50230290206693,1.1,2,0.7512319087982178,0.009268045425415039,0.0,000000111010111100110011,------+++-+-++++--++--++,0,False,"[[0.000238, 145.09254499], [0.008445, 133.33341942], [0.009268, 118.5023029]]",33,quantum,2,
precond_pen=1.200,24,-2.3084433861410005,118.50230290206693,1.2,2,0.8283510208129883,0.006654024124145508,0.0,111111000101000011001100,++++++---+-+----++--++--,0,False,"[[0.000146, 145.09254499], [0.006172, 142.91613351], [0.006654, 118.5023029]]",33,quantum,2,
precond_pen=1.300,24,-2.1039384632580003,118.50230290206693,1.3,2,0.9921610355377197,0.027024030685424805,0.0,000000111010111100110011,------+++-+-++++--++--++,0,False,"[[0.00019, 145.09254499], [0.007558, 141.66842165], [0.008108, 120.63680484], [0.027024, 118.5023029]]",33,quantum,2,
precond_pen=1.400,24,-1.9422885760439978,118.50230290206693,1.4,2,0.9706630706787109,0.00826406478881836,0.0,000000111010111100110011,------+++-+-++++--++--++,0,False,"[[0.00017, 145.09254499], [0.007625, 136.69148873], [0.008264, 118.5023029]]",33,quantum,2,
precond_pen=1.500,24,-1.811046546273996,118.50230290206693,1.5,2,1.0008180141448975,0.00737309455871582,0.0,111111000101000011001100,++++++---+-+----++--++--,0,False,"[[0.000154, 145.09254499], [0.007002, 143.80426484], [0.007373, 118.5023029]]",33,quantum,2,
precond_pen=1.600,24,-1.7936509808259942,118.50230290206693,1.6,2,1.0424039363861084,0.008834123611450195,0.0,111111000101000011001100,++++++---+-+----++--++--,0,False,"[[0.000202, 145.09254499], [0.008244, 136.2903463], [0.008834, 118.5023029]]",33,quantum,2,
precond_pen=1.700,24,-1.768132905640993,118.50230290206693,1.7,2,0.9758191108703613,0.023852109909057617,0.0,111111000101000011001100,++++++---+-+----++--++--,0,False,"[[0.000169, 145.09254499], [0.007438, 141.66842165], [0.007989, 120.63680484], [0.023852, 118.5023029]]",33,quantum,2,
precond_pen=1.800,24,-6.792543915190998,119.87999455688302,1.8,2,0.18668699264526367,0.007770061492919922,0.0,000010111010111100010011,----+-+++-+-++++---+--++,0,False,"[[0.000168, 145.09254499], [0.006715, 133.16518399], [0.00777, 119.87999456]]",33,quantum,2,
precond_pen=1.900,24,-4.167141668256001,118.50230290206693,1.9,2,0.4707469940185547,0.009268999099731445,0.0,111111000101000011001100,++++++---+-+----++--++--,0,False,"[[0.000243, 145.09254499], [0.007998, 136.61250389], [0.008669, 135.54553046], [0.009269, 118.5023029]]",33,quantum,2,
precond_pen=2.000,24,-6.925969168709002,118.50230290206693,2.0,2,0.2320699691772461,0.0077359676361083984,0.0,111111000101000011001100,++++++---+-+----++--++--,0,False,"[[0.000156, 145.09254499], [0.006568, 125.0375842], [0.007736, 118.5023029]]",33,quantum,2,
baseline,24,124.91374947545002,124.91374947544996,,2,6.441650152206421,1.5498058795928955,0.0,101100010101010101011010,+-++---+-+-+-+-+-+-++-+-,0,False,"[[0.000164, 144.1352857], [0.00525, 143.26006694], [0.005693, 140.16592362], [0.006122, 125.11242857], [1.549806, 124.91374948], [6.43968, 124.91374948]]",34,quantum,2,
precond_pen=1.100,24,-2.516826951390998,124.91374947544996,1.1,2,0.7093729972839355,0.009458065032958984,0.0,010011101010101010100101,-+--+++-+-+-+-+-+-+--+-+,0,False,"[[0.000172, 144.1352857], [0.008009, 135.41941553], [0.009458, 124.91374948]]",34,quantum,2,
precond_pen=1.200,24,-2.2496599712129957,124.91374947544996,1.2,2,0.9519269466400146,0.7334179878234863,0.0,101100010101010101011010,+-++---+-+-+-+-+-+-++-+-,0,False,"[[0.000162, 144.1352857], [0.008572, 139.14751317], [0.009207, 125.72192201], [0.66936, 125.6394076], [0.733418, 124.91374948]]",34,quantum,2,
precond_pen=1.300,24,-2.2136176355099977,124.91374947544996,1.3,2,0.9203391075134277,0.6900651454925537,0.0,010011101010101010100101,-+--+++-+-+-+-+-+-+--+-+,0,False,"[[0.000196, 144.1352857], [0.009755, 139.14751317], [0.010512, 125.72192201], [0.031587, 125.11242857], [0.690065, 124.91374948]]",34,quantum,2,
precond_pen=1.400,24,-2.154932910123998,124.91374947544996,1.4,2,1.183074951171875,0.6176290512084961,0.0,010011101010101010100101,-+--+++-+-+-+-+-+-+--+-+,0,False,"[[0.000194, 144.1352857], [0.010211, 137.1473443], [0.010811, 126.81461804], [0.029769, 126.18705978], [0.617629, 124.91374948], [1.18049, 124.91374948]]",34,quantum,2,
precond_pen=1.500,24,-2.068205291245011,124.91374947544996,1.5,2,0.9804670810699463,0.6726460456848145,0.0,101100010101010101011010,+-++---+-+-+-+-+-+-++-+-,0,False,"[[0.00018, 144.1352857], [0.00711, 140.80448264], [0.007616, 126.58785222], [0.672646, 124.91374948], [0.978557, 124.91374948]]",34,quantum,2,
precond_pen=1.600,24,-1.654565997174977,124.91374947544996,1.6,2,1.0563619136810303,0.008161067962646484,0.0,101100010101010101011010,+-++---+-+-+-+-+-+-++-+-,0,False,"[[0.000189, 144.1352857], [0.00769, 143.29669008], [0.008161, 124.91374948]]",34,quantum,2,
precond_pen=1.700,24,-1.5653906134250004,124.91374947544996,1.7,2,1.0593061447143555,0.7707691192626953,0.0,010011101010101010100101,-+--+++-+-+-+-+-+-+--+-+,0,False,"[[0.000185, 144.1352857], [0.007997, 134.37469425], [0.008446, 126.81461804], [0.02571, 126.51116055], [0.770769, 124.91374948]]",34,quantum,2,
precond_pen=1.800,24,-1.5531054447029966,124.91374947544996,1.8,2,1.5279161930084229,1.029458999633789,0.0,101100010101010101011010,+-++---+-+-+-+-+-+-++-+-,0,False,"[[0.000167, 144.1352857], [0.007209, 134.37469425], [0.007658, 126.81461804], [0.027472, 126.58785222], [0.796037, 125.6394076], [1.029459, 124.91374948]]",34,quantum,2,
precond_pen=1.900,24,-6.161736901968998,125.11242857474396,1.9,2,0.24460506439208984,0.007462978363037109,0.0,000101001111110000011101,---+-+--++++++-----+++-+,0,False,"[[0.000165, 144.1352857], [0.006431, 135.71968487], [0.007463, 125.11242857]]",34,quantum,2,
precond_pen=2.000,24,-6.218568139258001,125.11242857474396,2.0,2,0.1888899803161621,0.15871691703796387,0.0,111010110000001111100010,+++-+-++------+++++---+-,0,False,"[[0.000194, 144.1352857], [0.007924, 146.68637641], [0.008663, 140.16592362], [0.009249, 138.24822048], [0.009725, 126.18705978], [0.147676, 126.51223276], [0.151501, 126.14598459], [0.158717, 125.11242857]]",34,quantum,2,
baseline,24,119.41310822702411,119.41310822702384,,2,2.301892042160034,1.4426591396331787,0.0,010101101110000110101010,-+-+-++-+++----++-+-+-+-,0,False,"[[0.000193, 144.06301503], [0.007397, 141.62621848], [0.007851, 140.70551332], [0.008313, 140.45360655], [0.008622, 124.45282289], [0.074807, 123.99451337], [0.0761, 121.75457927], [1.343352, 120.91671787], [1.408896, 120.86517052], [1.442659, 119.41310823]]",35,quantum,2,
precond_pen=1.100,24,-2.828312232690994,119.41310822702384,1.1,2,0.7538940906524658,0.009751081466674805,0.0,101010010001111001010101,+-+-+--+---++++--+-+-+-+,0,False,"[[0.00018, 144.06301503], [0.009193, 141.14034139], [0.009751, 119.41310823]]",35,quantum,2,
precond_pen=1.200,24,-2.525172105333988,119.41310822702384,1.2,2,0.6863930225372314,0.030020952224731445,0.0,010101101110000110101010,-+-+-++-+++----++-+-+-+-,0,False,"[[0.000148, 144.06301503], [0.007524, 121.75457927], [0.030021, 119.41310823]]",35,quantum,2,
precond_pen=1.300,24,-2.2945745804659996,119.41310822702384,1.3,2,0.8414678573608398,0.031579017639160156,0.0,010101101110000110101010,-+-+-++-+++----++-+-+-+-,0,False,"[[0.000182, 144.06301503], [0.009053, 142.35060047], [0.009572, 124.78066452], [0.031579, 119.41310823]]",35,quantum,2,
precond_pen=1.400,24,-2.112724796046999,119.41310822702384,1.4,2,0.902137041091919,0.793118953704834,0.0,101010010001111001010101,+-+-+--+---++++--+-+-+-+,0,False,"[[0.000164, 144.06301503], [0.008062, 121.75457927], [0.793119, 119.41310823], [0.899195, 119.41310823]]",35,quantum,2,
precond_pen=1.500,24,-1.965334208946997,119.41310822702384,1.5,2,0.7584989070892334,0.6680209636688232,0.0,101010010001111001010101,+-+-+--+---++++--+-+-+-+,0,False,"[[0.000181, 144.06301503], [0.00742, 138.94381211], [0.007782, 124.78066452], [0.023982, 121.75457927], [0.668021, 119.41310823], [0.756261, 119.41310823]]",35,quantum,2,
precond_pen=1.600,24,-1.9474063451139934,119.41310822702384,1.6,2,0.737982988357544,0.6303110122680664,0.0,101010010001111001010101,+-+-+--+---++++--+-+-+-+,0,False,"[[0.000174, 144.06301503], [0.007732, 138.94381211], [0.008089, 124.78066452], [0.027571, 121.75457927], [0.630311, 119.41310823], [0.736318, 119.41310823]]",35,quantum,2,
precond_pen=1.700,24,-1.740386121705006,119.41310822702384,1.7,2,0.8000900745391846,0.4164011478424072,0.0,010101101110000110101010,-+-+-++-+++----++-+-+-+-,0,False,"[[0.000169, 144.06301503], [0.008021, 141.8896235], [0.008403, 124.78066452], [0.025998, 122.95886322], [0.318404, 120.91671787], [0.415944, 120.86517052], [0.416401, 119.41310823]]",35,quantum,2,
precond_pen=1.800,24,-1.6524254171029948,119.41310822702384,1.8,2,0.8550279140472412,0.7509479522705078,0.0,101010010001111001010101,+-+-+--+---++++--+-+-+-+,0,False,"[[0.000165, 144.06301503], [0.007849, 142.02513841], [0.00818, 123.26044264], [0.027028, 122.95886322], [0.750315, 120.52474364], [0.750948, 119.41310823], [0.852959, 119.41310823]]",35,quantum,2,
precond_pen=1.900,24,-6.6063205354860015,119.41310822702384,1.9,2,0.20886898040771484,0.18841886520385742,0.0,010101101110000110101010,-+-+-++-+++----++-+-+-+-,0,False,"[[0.000187, 144.06301503], [0.007116, 128.53812399], [0.008125, 120.91671787], [0.188419, 119.41310823], [0.207586, 119.41310823]]",35,quantum,2,
precond_pen=2.000,24,-6.72350357929,119.41310822702384,2.0,2,0.20424914360046387,0.06364011764526367,0.0,101010010001111001010101,+-+-+--+---++++--+-+-+-+,0,False,"[[0.00017, 144.06301503], [0.006368, 134.78779242], [0.007381, 120.91671787], [0.06364, 119.41310823]]",35,quantum,2,
baseline,24,117.2509853620491,117.25098536204898,,2,2.2753350734710693,1.6292290687561035,0.0,101001011001111000101100,+-+--+-++--++++---+-++--,0,False,"[[0.000151, 139.38169263], [0.004489, 137.02300167], [0.004792, 134.25008102], [0.005205, 118.97529958], [0.071593, 118.27082222], [1.155686, 117.97763071], [1.156294, 117.81625822], [1.629229, 117.25098536], [2.273238, 117.25098536]]",36,quantum,2,
precond_pen=1.100,24,-2.4698734576619934,117.25098536204898,1.1,2,0.7835979461669922,0.009219169616699219,0.0,101001011001111000101100,+-+--+-++--++++---+-++--,0,False,"[[0.00018, 139.38169263], [0.008758, 123.62861467], [0.009219, 117.25098536]]",36,quantum,2,
precond_pen=1.200,24,-2.2198714391040024,117.25098536204898,1.2,2,0.8874189853668213,0.007751941680908203,0.0,101001011001111000101100,+-+--+-++--++++---+-++--,0,False,"[[0.000152, 139.38169263], [0.007268, 127.02313858], [0.007752, 117.25098536]]",36,quantum,2,
precond_pen=1.300,24,-2.028098881311987,117.25098536204898,1.3,2,1.0933949947357178,0.008107900619506836,0.0,101001011001111000101100,+-+--+-++--++++---+-++--,0,False,"[[0.000165, 139.38169263], [0.007541, 127.19160172], [0.008108, 117.25098536]]",36,quantum,2,
precond_pen=1.400,24,-1.8759618154369964,117.25098536204898,1.4,2,0.9668750762939453,0.7115240097045898,0.0,101001011001111000101100,+-+--+-++--++++---+-++--,0,False,"[[0.000182, 139.38169263], [0.008636, 122.5079202], [0.009169, 118.97529958], [0.711524, 117.25098536], [0.965433, 117.25098536]]",36,quantum,2,
precond_pen=1.500,24,-1.7520939199359944,117.25098536204898,1.5,2,1.121769905090332,0.8589727878570557,0.0,101001011001111000101100,+-+--+-++--++++---+-++--,0,False,"[[0.00016, 139.38169263], [0.007132, 127.63530587], [0.007576, 119.41187386], [0.025628, 118.27082222], [0.858973, 117.25098536], [1.120481, 117.25098536]]",36,quantum,2,
precond_pen=1.600,24,-1.6491440792220082,117.25098536204898,1.6,2,0.9679169654846191,0.0070340633392333984,0.0,101001011001111000101100,+-+--+-++--++++---+-++--,0,False,"[[0.000164, 139.38169263], [0.006639, 123.46717118], [0.007034, 117.25098536]]",36,quantum,2,
precond_pen=1.700,24,-1.5621319757349994,117.25098536204898,1.7,2,1.0742700099945068,0.025017976760864258,0.0,101001011001111000101100,+-+--+-++--++++---+-++--,0,False,"[[0.000172, 139.38169263], [0.006725, 134.8686586], [0.007265, 123.68569667], [0.007503, 119.41187386], [0.025018, 117.25098536]]",36,quantum,2,
precond_pen=1.800,24,-1.550599360311999,117.25098536204898,1.8,2,1.176326036453247,0.0255129337310791,0.0,101001011001111000101100,+-+--+-++--++++---+-++--,0,False,"[[0.000183, 139.38169263], [0.006841, 121.63462564], [0.00725, 118.97529958], [0.025513, 117.25098536]]",36,quantum,2,
precond_pen=1.900,24,-4.300183780030007,117.25098536204898,1.9,2,0.5279600620269775,0.008323907852172852,0.0,101001011001111000101100,+-+--+-++--++++---+-++--,0,False,"[[0.000181, 139.38169263], [0.007726, 139.4513413], [0.008324, 117.25098536]]",36,quantum,2,
precond_pen=2.000,24,-4.24962518599499,117.25098536204898,2.0,2,0.5186679363250732,0.5112388134002686,0.0,010110100110000111010011,-+-++-+--++----+++-+--++,0,False,"[[0.000199, 139.38169263], [0.008291, 139.92046742], [0.008909, 118.27082222], [0.511239, 117.25098536], [0.517561, 117.25098536]]",36,quantum,2,
baseline,24,113.46519602317302,113.46519602317306,,2,2.180938959121704,0.006926059722900391,0.0,111011010011100011000010,+++-++-+--+++---++----+-,0,False,"[[0.000157, 134.15114502], [0.005661, 133.578107], [0.006453, 133.1877107], [0.006926, 113.46519602]]",37,quantum,2,
precond_pen=1.100,24,-12.300598481706999,116.06281081412111,1.1,2,0.19341301918029785,0.008563041687011719,0.0,111011010011000011010010,+++-++-+--++----++-+--+-,0,False,"[[0.000173, 134.15114502], [0.007446, 129.24324568], [0.008563, 116.06281081]]",37,quantum,2,
precond_pen=1.200,24,-12.014447768321,116.06281081412111,1.2,2,0.16991806030273438,0.028129100799560547,0.0,111011010011000011010010,+++-++-+--++----++-+--+-,0,False,"[[0.001137, 134.15114502], [0.022742, 130.46077046], [0.028129, 116.06281081]]",37,quantum,2,
precond_pen=1.300,24,-2.2054897955299886,113.46519602317306,1.3,2,0.8795828819274902,0.8144068717956543,0.0,000100101100011100111101,---+--+-++---+++--++++-+,0,False,"[[0.000222, 134.15114502], [0.00938, 132.2667242], [0.009838, 114.48281813], [0.74088, 113.53453483], [0.814407, 113.46519602]]",37,quantum,2,
precond_pen=1.400,24,-2.029685078966013,113.46519602317306,1.4,2,0.8178410530090332,0.02837681770324707,0.0,111011010011100011000010,+++-++-+--+++---++----+-,0,False,"[[0.000182, 134.15114502], [0.00737, 131.39195261], [0.008007, 128.40440542], [0.008513, 117.39136752], [0.028377, 113.46519602]]",37,quantum,2,
precond_pen=1.500,24,-2.007221097262997,113.46519602317306,1.5,2,0.822930097579956,0.7778220176696777,0.0,111011010011100011000010,+++-++-+--+++---++----+-,0,False,"[[0.000158, 134.15114502], [0.006493, 132.2667242], [0.006935, 114.48281813], [0.777822, 113.46519602], [0.820875, 113.46519602]]",37,quantum,2,
precond_pen=1.600,24,-1.9734360685729957,113.46519602317306,1.6,2,0.9243769645690918,0.022387027740478516,0.0,000100101100011100111101,---+--+-++---+++--++++-+,0,False,"[[0.000137, 134.15114502], [0.005706, 132.2667242], [0.006084, 114.48281813], [0.022387, 113.46519602]]",37,quantum,2,
precond_pen=1.700,24,-7.111569072722,113.46519602317306,1.7,2,0.17618799209594727,0.00816798210144043,0.0,000100101100011100111101,---+--+-++---+++--++++-+,0,False,"[[0.000189, 134.15114502], [0.00643, 131.30147985], [0.007586, 127.56621679], [0.008168, 113.46519602]]",37,quantum,2,
precond_pen=1.800,24,-7.337182942032,113.46519602317306,1.8,2,0.19630789756774902,0.029872894287109375,0.0,111011010011100011000010,+++-++-+--+++---++----+-,0,False,"[[0.000168, 134.15114502], [0.007172, 132.28028023], [0.007855, 114.46306153], [0.029873, 113.46519602]]",37,quantum,2,
precond_pen=1.900,24,-10.447094042095994,113.46519602317306,1.9,2,0.30420708656311035,0.007006168365478516,0.0,000100101100011100111101,---+--+-++---+++--++++-+,0,False,"[[0.000184, 134.15114502], [0.005908, 132.32269507], [0.007006, 113.46519602]]",37,quantum,2,
precond_pen=2.000,24,-10.552848775588053,113.46519602317306,2.0,2,0.30330801010131836,0.007294893264770508,0.0,111011010011100011000010,+++-++-+--+++---++----+-,0,False,"[[0.000188, 134.15114502], [0.007295, 113.46519602]]",37,quantum,2,
baseline,24,118.42666710757298,118.42666710757288,,2,6.2220680713653564,0.07496905326843262,0.0,000111101011110101000001,---++++-+-++++-+-+-----+,0,False,"[[0.000207, 141.97613257], [0.00711, 139.52482849], [0.007626, 119.76485578], [0.074969, 118.42666711]]",38,quantum,2,
precond_pen=1.100,24,-2.4457677227189993,118.6430896618009,1.1,2,0.777803897857666,0.5768129825592041,0.0,001111101011110001000001,--+++++-+-++++---+-----+,0,False,"[[0.000191, 141.97613257], [0.007517, 136.32649156], [0.00817, 136.02051674], [0.008666, 135.19950642], [0.008977, 119.62003764], [0.576813, 118.42666711], [0.617152, 118.64308966], [0.77492, 118.64308966]]",38,quantum,2,
precond_pen=1.200,24,-2.190925229483005,118.6430896618009,1.2,2,1.039350986480713,0.8131439685821533,0.0,001111101011110001000001,--+++++-+-++++---+-----+,0,False,"[[0.000199, 141.97613257], [0.006673, 129.18206419], [0.007545, 119.31023549], [0.813144, 118.64308966], [1.037177, 118.64308966]]",38,quantum,2,
precond_pen=1.300,24,-1.9981032006100072,118.42666710757288,1.3,2,0.9161779880523682,0.767841100692749,0.0,000111101011110101000001,---++++-+-++++-+-+-----+,0,False,"[[0.000184, 141.97613257], [0.007465, 139.67682008], [0.007899, 120.32877156], [0.646127, 119.93807212], [0.70315, 119.81235907], [0.7037, 119.62003764], [0.735211, 118.64308966], [0.767841, 118.42666711]]",38,quantum,2,
precond_pen=1.400,24,-1.973223519420003,118.42666710757288,1.4,2,1.0425660610198975,0.9832320213317871,0.0,111000010100001010111110,+++----+-+----+-+-+++++-,0,False,"[[0.000187, 141.97613257], [0.00836, 137.33752028], [0.008766, 120.32877156], [0.026611, 119.76485578], [0.77621, 119.15242706], [0.836273, 118.64308966], [0.983232, 118.42666711], [1.039975, 118.42666711]]",38,quantum,2,
precond_pen=1.500,24,-1.723773309153005,118.42666710757288,1.5,2,0.9997568130493164,0.7191758155822754,0.0,111000010100001010111110,+++----+-+----+-+-+++++-,0,False,"[[0.000169, 141.97613257], [0.006484, 137.72826479], [0.006843, 120.52804693], [0.023614, 119.76485578], [0.718683, 119.47829918], [0.719176, 118.42666711], [0.997295, 118.42666711]]",38,quantum,2,
precond_pen=1.600,24,-1.6219842767109913,118.42666710757288,1.6,2,0.9950869083404541,0.8171839714050293,0.0,000111101011110101000001,---++++-+-++++-+-+-----+,0,False,"[[0.000178, 141.97613257], [0.008355, 137.49218802], [0.008984, 120.32877156], [0.028798, 119.76485578], [0.737632, 119.31023549], [0.816595, 119.24075773], [0.817082, 119.17948088], [0.817184, 118.42666711], [0.993223, 118.42666711]]",38,quantum,2,
precond_pen=1.700,24,-5.153583497951998,118.6430896618009,1.7,2,0.2968108654022217,0.02871394157409668,0.0,001111101011110001000001,--+++++-+-++++---+-----+,0,False,"[[0.000168, 141.97613257], [0.006678, 133.42519396], [0.007619, 130.80480198], [0.008065, 119.76485578], [0.028714, 118.64308966]]",38,quantum,2,
precond_pen=1.800,24,-2.9236372558380026,118.42666710757288,1.8,2,0.48418116569519043,0.010632991790771484,0.0,111000010100001010111110,+++----+-+----+-+-+++++-,0,False,"[[0.000177, 141.97613257], [0.008033, 136.48525953], [0.009284, 136.02051674], [0.010138, 135.1906165], [0.010633, 118.42666711]]",38,quantum,2,
precond_pen=1.900,24,-4.071714170840007,118.6430896618009,1.9,2,0.46547508239746094,0.009847164154052734,0.0,001111101011110001000001,--+++++-+-++++---+-----+,0,False,"[[0.000188, 141.97613257], [0.008602, 127.52347495], [0.009847, 118.64308966]]",38,quantum,2,
precond_pen=2.000,24,-2.889842211831006,118.42666710757288,2.0,2,2.7009050846099854,0.9825940132141113,0.0,111000010100001010111110,+++----+-+----+-+-+++++-,0,False,"[[0.000147, 141.97613257], [0.006348, 136.94569343], [0.006863, 119.93807212], [0.027715, 119.76485578], [0.831353, 120.22471039], [0.921428, 118.64308966], [0.982594, 118.42666711]]",38,quantum,2,
baseline,24,120.8228290715071,120.82282907150703,,2,2.153326988220215,1.689150094985962,0.0,101000100101010100110111,+-+---+--+-+-+-+--++-+++,0,False,"[[0.000169, 132.68054889], [0.006116, 124.04157413], [0.3994, 123.96012005], [0.467396, 123.67719963], [0.48656, 121.18812596], [1.63744, 121.08729144], [1.68915, 120.82282907]]",39,quantum,2,
precond_pen=1.100,24,-9.293757357876993,122.47271317953695,1.1,2,0.2592949867248535,0.00728607177734375,0.0,101100100101010100110110,+-++--+--+-+-+-+--++-++-,0,False,"[[0.000184, 132.68054889], [0.007286, 122.47271318]]",39,quantum,2,
precond_pen=1.200,24,-9.075408157560002,122.47271317953695,1.2,2,0.2645070552825928,0.008172035217285156,0.0,101100100101010100110110,+-++--+--+-+-+-+--++-++-,0,False,"[[0.000151, 132.68054889], [0.006606, 132.83009071], [0.007331, 132.40669497], [0.008172, 122.47271318]]",39,quantum,2,
precond_pen=1.300,24,-2.188048132364001,120.82282907150703,1.3,2,0.7980360984802246,0.7609691619873047,0.0,101000100101010100110111,+-+---+--+-+-+-+--++-+++,0,False,"[[0.000163, 132.68054889], [0.007752, 124.1205381], [0.680323, 122.25744752], [0.713871, 121.08729144], [0.760969, 120.82282907], [0.796132, 120.82282907]]",39,quantum,2,
precond_pen=1.400,24,-2.0168539675269983,120.82282907150703,1.4,2,0.7994849681854248,0.7396211624145508,0.0,010111011010101011001000,-+-+++-++-+-+-+-++--+---,0,False,"[[0.000155, 132.68054889], [0.007752, 124.1205381], [0.4346, 122.83964093], [0.435054, 122.84098595], [0.666845, 121.08729144], [0.739621, 120.82282907], [0.797381, 120.82282907]]",39,quantum,2,
precond_pen=1.500,24,-1.8781588344299944,120.82282907150703,1.5,2,0.8835949897766113,0.8506519794464111,0.0,010111011010101011001000,-+-+++-++-+-+-+-++--+---,0,False,"[[0.000173, 132.68054889], [0.007776, 124.1205381], [0.025354, 123.85627379], [0.418378, 121.18812596], [0.850652, 120.82282907], [0.881506, 120.82282907]]",39,quantum,2,
precond_pen=1.600,24,-1.763331209974,120.82282907150703,1.6,2,0.8408780097961426,0.7530851364135742,0.0,101000100101010100110111,+-+---+--+-+-+-+--++-+++,0,False,"[[0.000195, 132.68054889], [0.008463, 124.04157413], [0.029269, 123.85627379], [0.752555, 121.08729144], [0.753085, 120.82282907], [0.839272, 120.82282907]]",39,quantum,2,
precond_pen=1.700,24,-1.7492000038210023,120.82282907150703,1.7,2,0.9162371158599854,0.7933070659637451,0.0,101000100101010100110111,+-+---+--+-+-+-+--++-+++,0,False,"[[0.000146, 132.68054889], [0.00743, 124.04157413], [0.026548, 123.85627379], [0.714335, 123.19910004], [0.793307, 120.82282907], [0.914578, 120.82282907]]",39,quantum,2,
precond_pen=1.800,24,-6.785859471198999,121.08729144337687,1.8,2,0.18810105323791504,0.0075838565826416016,0.0,010111011000101011001001,-+-+++-++---+-+-++--+--+,0,False,"[[0.000176, 132.68054889], [0.007087, 131.03459765], [0.007584, 121.08729144]]",39,quantum,2,
precond_pen=1.900,24,-3.5793514944099964,121.08729144337687,1.9,2,0.9056828022003174,0.007393836975097656,0.0,101000100111010100110110,+-+---+--+++-+-+--++-++-,0,False,"[[0.00016, 132.68054889], [0.007394, 121.08729144]]",39,quantum,2,
precond_pen=2.000,24,-6.886685379891002,121.08729144337687,2.0,2,0.25289297103881836,0.07044100761413574,0.0,010111011000101011001001,-+-+++-++---+-+-++--+--+,0,False,"[[0.0002, 132.68054889], [0.008828, 121.18812596], [0.062722, 124.64404586], [0.064141, 121.25124794], [0.070441, 121.08729144]]",39,quantum,2,
baseline,24,122.65377522341295,122.65377522341294,,2,1.6336710453033447,0.06794118881225586,0.0,111000100110010011100011,+++---+--++--+--+++---++,0,False,"[[0.000173, 150.51896868], [0.005306, 143.96108482], [0.006035, 141.09987263], [0.006556, 123.33019449], [0.067941, 122.65377522]]",40,quantum,2,
precond_pen=1.100,24,-2.6420907085230034,122.65377522341294,1.1,2,0.5500068664550781,0.009409904479980469,0.0,111000100110010011100011,+++---+--++--+--+++---++,0,False,"[[0.000176, 150.51896868], [0.0084, 133.64171481], [0.00941, 122.65377522]]",40,quantum,2,
precond_pen=1.200,24,-2.363931373313994,122.65377522341294,1.2,2,0.6638391017913818,0.580298900604248,0.0,111000100110010011100011,+++---+--++--+--+++---++,0,False,"[[0.000164, 150.51896868], [0.007552, 141.4221565], [0.008147, 123.01465076], [0.026201, 122.87490686], [0.580299, 122.65377522], [0.662496, 122.65377522]]",40,quantum,2,
precond_pen=1.300,24,-2.151995797751985,122.65377522341294,1.3,2,0.7489409446716309,0.5627870559692383,0.0,000111011001101100011100,---+++-++--++-++---+++--,0,False,"[[0.00015, 150.51896868], [0.006932, 143.46456181], [0.007457, 125.67283817], [0.02636, 123.01465076], [0.562787, 122.65377522], [0.747899, 122.65377522]]",40,quantum,2,
precond_pen=1.400,24,-1.9846813752540058,122.65377522341294,1.4,2,0.8155548572540283,0.7489199638366699,0.0,111000100110010011100011,+++---+--++--+--+++---++,0,False,"[[0.000173, 150.51896868], [0.007415, 142.7491192], [0.007991, 123.01465076], [0.74892, 122.65377522], [0.813672, 122.65377522]]",40,quantum,2,
precond_pen=1.500,24,-1.8489726281309995,122.65377522341294,1.5,2,0.8719351291656494,0.8038229942321777,0.0,000111011001101100011100,---+++-++--++-++---+++--,0,False,"[[0.000202, 150.51896868], [0.008504, 138.28971223], [0.009469, 138.26222192], [0.010235, 123.01465076], [0.678556, 122.87490686], [0.803823, 122.65377522], [0.870668, 122.65377522]]",40,quantum,2,
precond_pen=1.600,24,-1.736521744708993,122.65377522341294,1.6,2,0.976384162902832,0.4252140522003174,0.0,111000100110010011100011,+++---+--++--+--+++---++,0,False,"[[0.000145, 150.51896868], [0.006645, 138.33069232], [0.007061, 123.4895039], [0.022792, 123.33019449], [0.425214, 122.65377522], [0.975107, 122.65377522]]",40,quantum,2,
precond_pen=1.700,24,-1.7218828483250093,122.65377522341294,1.7,2,0.8686950206756592,0.8019788265228271,0.0,111000100110010011100011,+++---+--++--+--+++---++,0,False,"[[0.000164, 150.51896868], [0.007256, 141.65125538], [0.007813, 123.01465076], [0.685245, 122.87490686], [0.801979, 122.65377522], [0.866795, 122.65377522]]",40,quantum,2,
precond_pen=1.800,24,-1.56063188705299,122.65377522341294,1.8,2,0.7911291122436523,0.6851229667663574,0.0,111000100110010011100011,+++---+--++--+--+++---++,0,False,"[[0.000164, 150.51896868], [0.006647, 150.20295851], [0.007112, 148.89149625], [0.007421, 135.41286668], [0.007724, 122.87490686], [0.685123, 122.65377522], [0.789509, 122.65377522]]",40,quantum,2,
precond_pen=1.900,24,-1.5497933342979966,122.65377522341294,1.9,2,0.9964430332183838,0.8450751304626465,0.0,111000100110010011100011,+++---+--++--+--+++---++,0,False,"[[0.000181, 150.51896868], [0.007945, 135.41286668], [0.008502, 122.87490686], [0.845075, 122.65377522], [0.994576, 122.65377522]]",40,quantum,2,
precond_pen=2.000,24,-3.8659239786610087,122.87490686345495,2.0,2,0.4763369560241699,0.2606680393218994,0.0,101000100111010010100111,+-+---+--+++-+--+-+--+++,0,False,"[[0.000169, 150.51896868], [0.007193, 142.49312331], [0.007767, 141.09987263], [0.008072, 137.06114437], [0.008509, 123.01465076], [0.260668, 122.87490686]]",40,quantum,2,
baseline,24,126.54004625561703,126.54004625561731,,2,2.072834014892578,1.0225398540496826,0.0,001110111010010010110100,--+++-+++-+--+--+-++-+--,0,False,"[[0.000186, 148.74227897], [0.007153, 128.25275135], [0.072032, 127.96740295], [1.02254, 126.54004626]]",41,quantum,2,
precond_pen=1.100,24,-2.8096430400779937,126.54004625561731,1.1,2,0.5937008857727051,0.5853960514068604,0.0,001110111010010010110100,--+++-+++-+--+--+-++-+--,0,False,"[[0.000164, 148.74227897], [0.007988, 142.90158502], [0.008905, 141.14449141], [0.009241, 129.01960292], [0.025282, 128.25275135], [0.560686, 126.88103222], [0.585396, 126.54004626], [0.591904, 126.54004626]]",41,quantum,2,
precond_pen=1.200,24,-2.492486185487996,126.54004625561731,1.2,2,0.5542550086975098,0.007359027862548828,0.0,110001000101101101001011,++---+---+-++-++-+--+-++,0,False,"[[0.000165, 148.74227897], [0.007009, 147.33787146], [0.007359, 126.54004626]]",41,quantum,2,
precond_pen=1.300,24,-2.254444590823997,126.54004625561731,1.3,2,0.7691910266876221,0.02496194839477539,0.0,110001000101101101001011,++---+---+-++-++-+--+-++,0,False,"[[0.000141, 148.74227897], [0.00675, 139.29886854], [0.007369, 128.25275135], [0.024962, 126.54004626]]",41,quantum,2,
precond_pen=1.400,24,-2.0687329796869953,126.54004625561731,1.4,2,0.6702899932861328,0.02503180503845215,0.0,110001000101101101001011,++---+---+-++-++-+--+-++,0,False,"[[0.000159, 148.74227897], [0.007032, 148.38421089], [0.007507, 130.18711502], [0.025032, 126.54004626]]",41,quantum,2,
precond_pen=1.500,24,-1.9195390028010078,126.54004625561731,1.5,2,0.76910400390625,0.00739598274230957,0.0,110001000101101101001011,++---+---+-++-++-+--+-++,0,False,"[[0.000177, 148.74227897], [0.006944, 146.36613791], [0.007396, 126.54004626]]",41,quantum,2,
precond_pen=1.600,24,-1.796878609505013,126.54004625561731,1.6,2,0.7594799995422363,0.47184014320373535,0.0,110001000101101101001011,++---+---+-++-++-+--+-++,0,False,"[[0.000163, 148.74227897], [0.007, 148.38421089], [0.007445, 130.18711502], [0.023411, 127.96740295], [0.47184, 126.54004626]]",41,quantum,2,
precond_pen=1.700,24,-1.7801566094459957,126.54004625561731,1.7,2,0.7414810657501221,0.6543591022491455,0.0,110001000101101101001011,++---+---+-++-++-+--+-++,0,False,"[[0.000178, 148.74227897], [0.00671, 148.38421089], [0.007108, 130.18711502], [0.025149, 127.96740295], [0.654359, 126.54004626], [0.73988, 126.54004626]]",41,quantum,2,
precond_pen=1.800,24,-7.156412398964999,126.54004625561731,1.8,2,0.10783100128173828,0.007160186767578125,0.0,110001000101101101001011,++---+---+-++-++-+--+-++,0,False,"[[0.000173, 148.74227897], [0.00667, 143.33640032], [0.00716, 126.54004626]]",41,quantum,2,
precond_pen=1.900,24,-7.377236107074999,126.54004625561731,1.9,2,0.12983107566833496,0.007348060607910156,0.0,110001000101101101001011,++---+---+-++-++-+--+-++,0,False,"[[0.000154, 148.74227897], [0.006175, 138.33074838], [0.007348, 126.54004626]]",41,quantum,2,
precond_pen=2.000,24,-1.4659135924500095,126.54004625561731,2.0,2,0.8821980953216553,0.008434057235717773,0.0,110001000101101101001011,++---+---+-++-++-+--+-++,0,False,"[[0.000183, 148.74227897], [0.00784, 147.18293371], [0.008434, 126.54004626]]",41,quantum,2,
baseline,24,119.6151461914099,119.61514619140999,,2,1.9969539642333984,0.006505012512207031,0.0,111000011011101000010101,+++----++-+++-+----+-+-+,0,False,"[[0.000166, 142.42228222], [0.006067, 136.1970093], [0.006505, 119.61514619]]",42,quantum,2,
precond_pen=1.100,24,-1.7221301793939947,119.61514619140999,1.1,2,0.7168960571289062,0.007583141326904297,0.0,111000011011101000010101,+++----++-+++-+----+-+-+,0,False,"[[0.000169, 142.42228222], [0.007144, 127.9775497], [0.007583, 119.61514619]]",42,quantum,2,
precond_pen=1.200,24,-2.2104348099039974,119.61514619140999,1.2,2,0.938431978225708,0.027369976043701172,0.0,000111100100010111101010,---++++--+---+-++++-+-+-,0,False,"[[0.000166, 142.42228222], [0.007553, 133.47941637], [0.008192, 121.34289944], [0.02737, 119.61514619]]",42,quantum,2,
precond_pen=1.300,24,-2.018426015079008,119.61514619140999,1.3,2,0.972977876663208,0.007483959197998047,0.0,111000011011101000010101,+++----++-+++-+----+-+-+,0,False,"[[0.000178, 142.42228222], [0.007047, 128.03250123], [0.007484, 119.61514619]]",42,quantum,2,
precond_pen=1.400,24,-1.8663891711320026,119.61514619140999,1.4,2,0.9522340297698975,0.16605401039123535,0.0,000111100100010111101010,---++++--+---+-++++-+-+-,0,False,"[[0.000197, 142.42228222], [0.007835, 127.88787721], [0.008386, 122.9874199], [0.156378, 123.02346672], [0.166054, 119.61514619]]",42,quantum,2,
precond_pen=1.500,24,-1.742780192628997,119.61514619140999,1.5,2,0.9261260032653809,0.025068998336791992,0.0,000111100100010111101010,---++++--+---+-++++-+-+-,0,False,"[[0.000158, 142.42228222], [0.007843, 129.75676718], [0.008323, 121.08741189], [0.025069, 119.61514619]]",42,quantum,2,
precond_pen=1.600,24,-4.909667167856003,119.61514619140999,1.6,2,0.2439417839050293,0.030275821685791016,0.0,111000011011101000010101,+++----++-+++-+----+-+-+,0,False,"[[0.000153, 142.42228222], [0.006078, 136.87776995], [0.006736, 142.92190939], [0.007402, 131.82461636], [0.007964, 121.08741189], [0.030276, 119.61514619]]",42,quantum,2,
precond_pen=1.700,24,-3.681417145517008,119.61514619140999,1.7,2,0.4931318759918213,0.48777198791503906,0.0,111000011011101000010101,+++----++-+++-+----+-+-+,0,False,"[[0.000154, 142.42228222], [0.006489, 138.97135424], [0.006899, 121.34289944], [0.486795, 120.44726501], [0.487459, 119.76979312], [0.487772, 119.61514619], [0.492195, 119.61514619]]",42,quantum,2,
precond_pen=1.800,24,-3.837091379284008,119.61514619140999,1.8,2,0.49190711975097656,0.48804211616516113,0.0,111000011011101000010101,+++----++-+++-+----+-+-+,0,False,"[[0.000196, 142.42228222], [0.00783, 129.96627017], [0.008968, 120.44726501], [0.030035, 119.76979312], [0.488042, 119.61514619], [0.490974, 119.61514619]]",42,quantum,2,
precond_pen=1.900,24,-5.659250251275003,119.61514619140999,1.9,2,0.19609808921813965,0.19166302680969238,0.0,111000011011101000010101,+++----++-+++-+----+-+-+,0,False,"[[0.000166, 142.42228222], [0.006644, 140.87663901], [0.007159, 134.95420581], [0.007474, 132.27743721], [0.007998, 121.08741189], [0.028342, 119.76979312], [0.191663, 119.61514619], [0.195636, 119.61514619]]",42,quantum,2,
precond_pen=2.000,24,-3.923475306846006,119.61514619140999,2.0,2,0.4339120388031006,0.42486000061035156,0.0,000111100100010111101010,---++++--+---+-++++-+-+-,0,False,"[[0.000138, 142.42228222], [0.005723, 129.18713387], [0.006682, 121.4895901], [0.027922, 121.03274193], [0.42486, 119.61514619], [0.432755, 119.61514619]]",42,quantum,2,
baseline,24,121.42892836625401,121.4289283662539,,2,2.00862979888916,0.006413936614990234,0.0,010100111001111110010000,-+-+--+++--++++++--+----,0,False,"[[0.000162, 151.49797007], [0.005507, 147.12192671], [0.005918, 145.76744127], [0.006414, 121.42892837]]",43,quantum,2,
precond_pen=1.100,24,-2.877273949546,121.4289283662539,1.1,2,0.5790979862213135,0.02427196502685547,0.0,101011000110000001101111,+-+-++---++------++-++++,0,False,"[[0.000148, 151.49797007], [0.005516, 140.2730682], [0.006371, 123.21294399], [0.024272, 121.42892837]]",43,quantum,2,
precond_pen=1.200,24,-2.820487831184991,121.4289283662539,1.2,2,0.5205690860748291,0.008738994598388672,0.0,101011000110000001101111,+-+-++---++------++-++++,0,False,"[[0.000183, 151.49797007], [0.007644, 138.68773808], [0.008739, 121.42892837]]",43,quantum,2,
precond_pen=1.300,24,-2.3240152396660054,121.4289283662539,1.3,2,0.7609360218048096,0.007879018783569336,0.0,101011000110000001101111,+-+-++---++------++-++++,0,False,"[[0.000157, 151.49797007], [0.00753, 140.01256039], [0.007879, 121.42892837]]",43,quantum,2,
precond_pen=1.400,24,-2.136615365820001,121.4289283662539,1.4,2,0.718890905380249,0.009983062744140625,0.0,101011000110000001101111,+-+-++---++------++-++++,0,False,"[[0.000172, 151.49797007], [0.009438, 142.45164768], [0.009983, 121.42892837]]",43,quantum,2,
precond_pen=1.500,24,-1.9851416142680112,121.4289283662539,1.5,2,0.7108981609344482,0.009168148040771484,0.0,101011000110000001101111,+-+-++---++------++-++++,0,False,"[[0.000242, 151.49797007], [0.00871, 139.13057905], [0.009168, 121.42892837]]",43,quantum,2,
precond_pen=1.600,24,-1.8599712270009956,121.4289283662539,1.6,2,0.6911411285400391,0.008046150207519531,0.0,101011000110000001101111,+-+-++---++------++-++++,0,False,"[[0.000227, 151.49797007], [0.007525, 144.23330862], [0.008046, 121.42892837]]",43,quantum,2,
precond_pen=1.700,24,-1.8439672153410047,121.4289283662539,1.7,2,0.7229170799255371,0.0069119930267333984,0.0,101011000110000001101111,+-+-++---++------++-++++,0,False,"[[0.000203, 151.49797007], [0.006525, 144.23330862], [0.006912, 121.42892837]]",43,quantum,2,
precond_pen=1.800,24,-1.8211304279319993,121.4289283662539,1.8,2,0.784653902053833,0.007302999496459961,0.0,101011000110000001101111,+-+-++---++------++-++++,0,False,"[[0.000214, 151.49797007], [0.006869, 144.23330862], [0.007303, 121.42892837]]",43,quantum,2,
precond_pen=1.900,24,-4.548843246162004,121.4289283662539,1.9,2,0.1278538703918457,0.008246898651123047,0.0,101011000110000001101111,+-+-++---++------++-++++,0,False,"[[0.000218, 151.49797007], [0.006969, 143.49086731], [0.007864, 133.23937141], [0.008247, 121.42892837]]",43,quantum,2,
precond_pen=2.000,24,-4.587972940661986,121.4289283662539,2.0,2,0.11668801307678223,0.008749008178710938,0.0,101011000110000001101111,+-+-++---++------++-++++,0,False,"[[0.000219, 151.49797007], [0.007426, 137.41555559], [0.008398, 137.16454283], [0.008749, 121.42892837]]",43,quantum,2,
baseline,24,116.44020799617094,116.44020799617091,,2,1.3074209690093994,0.07313799858093262,0.0,101010101110111000000011,+-+-+-+-+++-+++-------++,0,False,"[[0.000249, 147.96340181], [0.006552, 140.51013457], [0.006935, 124.91252643], [0.072541, 123.96852667], [0.073138, 116.440208]]",44,quantum,2,
precond_pen=1.100,24,-3.0347127503910034,116.44020799617091,1.1,2,0.4814472198486328,0.006945133209228516,0.0,010101010001000111111100,-+-+-+-+---+---+++++++--,0,False,"[[0.000202, 147.96340181], [0.006432, 139.70661549], [0.006945, 116.440208]]",44,quantum,2,
precond_pen=1.200,24,-2.6869916681309913,116.44020799617091,1.2,2,0.5347118377685547,0.008484840393066406,0.0,010101010001000111111100,-+-+-+-+---+---+++++++--,0,False,"[[0.000229, 147.96340181], [0.007917, 132.56307058], [0.008485, 116.440208]]",44,quantum,2,
precond_pen=1.300,24,-2.4264994461760008,116.44020799617091,1.3,2,0.5966801643371582,0.008718013763427734,0.0,010101010001000111111100,-+-+-+-+---+---+++++++--,0,False,"[[0.000263, 147.96340181], [0.00809, 133.74656672], [0.008718, 116.440208]]",44,quantum,2,
precond_pen=1.400,24,-2.2234304743160003,116.44020799617091,1.4,2,0.5481770038604736,0.009413957595825195,0.0,010101010001000111111100,-+-+-+-+---+---+++++++--,0,False,"[[0.000217, 147.96340181], [0.00865, 133.74656672], [0.009414, 116.440208]]",44,quantum,2,
precond_pen=1.500,24,-2.0603258768999986,116.44020799617091,1.5,2,0.5712270736694336,0.009886026382446289,0.0,010101010001000111111100,-+-+-+-+---+---+++++++--,0,False,"[[0.000206, 147.96340181], [0.009157, 134.09127083], [0.009886, 116.440208]]",44,quantum,2,
precond_pen=1.600,24,-7.143754947519999,116.44020799617091,1.6,2,0.05813407897949219,0.009863853454589844,0.0,101010101110111000000011,+-+-+-+-+++-+++-------++,0,False,"[[0.000188, 147.96340181], [0.008732, 132.0024056], [0.009864, 116.440208]]",44,quantum,2,
precond_pen=1.700,24,-1.6029732062889899,116.44020799617091,1.7,2,0.5898129940032959,0.008291959762573242,0.0,010101010001000111111100,-+-+-+-+---+---+++++++--,0,False,"[[0.000229, 147.96340181], [0.007754, 130.22366402], [0.008292, 116.440208]]",44,quantum,2,
precond_pen=1.800,24,-8.146525291194997,116.44020799617091,1.8,2,0.057298898696899414,0.010180950164794922,0.0,010101010001000111111100,-+-+-+-+---+---+++++++--,0,False,"[[0.000196, 147.96340181], [0.008245, 140.791562], [0.009036, 140.51013457], [0.009644, 140.37944057], [0.010181, 116.440208]]",44,quantum,2,
precond_pen=1.900,24,-8.820257427965014,116.44020799617091,1.9,2,0.32763099670410156,0.008085966110229492,0.0,101010101110111000000011,+-+-+-+-+++-+++-------++,0,False,"[[0.000185, 147.96340181], [0.006584, 147.20594881], [0.00753, 144.74567181], [0.008086, 116.440208]]",44,quantum,2,
precond_pen=2.000,24,-4.584196795551005,116.44020799617091,2.0,2,0.5605080127716064,0.009582042694091797,0.0,101010101110111000000011,+-+-+-+-+++-+++-------++,0,False,"[[0.000177, 147.96340181], [0.008105, 146.57482959], [0.008956, 144.26948988], [0.009582, 116.440208]]",44,quantum,2,
baseline,24,125.86010023459806,125.86010023459801,,2,4.2381510734558105,3.9705331325531006,0.0,101111010001000100110011,+-++++-+---+---+--++--++,0,False,"[[0.000162, 151.08675895], [0.005895, 150.10265085], [0.006338, 149.87676551], [0.006778, 127.05490097], [2.692679, 126.63584127], [3.774337, 126.54292391], [3.970533, 125.86010023], [4.236286, 125.86010023]]",45,quantum,2,
precond_pen=1.100,24,-3.6311701071029994,125.86010023459801,1.1,2,0.4337430000305176,0.4210488796234131,0.0,010000101110111011001100,-+----+-+++-+++-++--++--,0,False,"[[0.000186, 151.08675895], [0.00851, 140.71040744], [0.00969, 127.80834281], [0.0308, 126.63584127], [0.421049, 125.86010023], [0.432607, 125.86010023]]",45,quantum,2,
precond_pen=1.200,24,-2.3085936617909955,125.86010023459801,1.2,2,0.8122029304504395,0.030106067657470703,0.0,101111010001000100110011,+-++++-+---+---+--++--++,0,False,"[[0.000191, 151.08675895], [0.008523, 136.64963733], [0.009742, 126.63584127], [0.030106, 125.86010023]]",45,quantum,2,
precond_pen=1.300,24,-2.101205672068007,125.86010023459801,1.3,2,0.7833609580993652,0.008416891098022461,0.0,101111010001000100110011,+-++++-+---+---+--++--++,0,False,"[[0.000161, 151.08675895], [0.007685, 134.76100727], [0.008417, 125.86010023]]",45,quantum,2,
precond_pen=1.400,24,-1.937790332390998,125.86010023459801,1.4,2,0.8612451553344727,0.007503032684326172,0.0,101111010001000100110011,+-++++-+---+---+--++--++,0,False,"[[0.000157, 151.08675895], [0.007036, 147.02108352], [0.007503, 125.86010023]]",45,quantum,2,
precond_pen=1.500,24,-1.9163412753539983,125.86010023459801,1.5,2,0.900609016418457,0.007894039154052734,0.0,101111010001000100110011,+-++++-+---+---+--++--++,0,False,"[[0.000169, 151.08675895], [0.007434, 143.48864849], [0.007894, 125.86010023]]",45,quantum,2,
precond_pen=1.600,24,-5.39886440121799,125.86010023459801,1.6,2,0.15859293937683105,0.009849071502685547,0.0,101111010001000100110011,+-++++-+---+---+--++--++,0,False,"[[0.000198, 151.08675895], [0.007932, 144.69890269], [0.008715, 143.87723873], [0.00931, 142.15707565], [0.009849, 125.86010023]]",45,quantum,2,
precond_pen=1.700,24,-5.875995438133,125.86010023459801,1.7,2,0.14267396926879883,0.02616095542907715,0.0,101111010001000100110011,+-++++-+---+---+--++--++,0,False,"[[0.000152, 151.08675895], [0.006607, 137.34109644], [0.007521, 127.80834281], [0.026161, 125.86010023]]",45,quantum,2,
precond_pen=1.800,24,-1.5248424984080025,125.86010023459801,1.8,2,0.9846181869506836,0.008277177810668945,0.0,101111010001000100110011,+-++++-+---+---+--++--++,0,False,"[[0.000171, 151.08675895], [0.007631, 141.71987616], [0.008277, 125.86010023]]",45,quantum,2,
precond_pen=1.900,24,-6.365776714776999,125.86010023459801,1.9,2,0.14773988723754883,0.010545015335083008,0.0,101111010001000100110011,+-++++-+---+---+--++--++,0,False,"[[0.000194, 151.08675895], [0.008347, 149.61445848], [0.009231, 149.87676551], [0.009947, 146.99245436], [0.010545, 125.86010023]]",45,quantum,2,
precond_pen=2.000,24,-9.214538484407015,125.86010023459801,2.0,2,0.44473814964294434,0.008195161819458008,0.0,101111010001000100110011,+-++++-+---+---+--++--++,0,False,"[[0.000153, 151.08675895], [0.006888, 152.48122173], [0.00771, 147.80893773], [0.008195, 125.86010023]]",45,quantum,2,
baseline,24,111.90725594530804,111.90725594530801,,2,2.3464529514312744,0.0721750259399414,0.0,101011010001010110110010,+-+-++-+---+-+-++-++--+-,0,False,"[[0.000174, 128.09314837], [0.006935, 116.10697967], [0.072175, 111.90725595]]",46,quantum,2,
precond_pen=1.100,24,-10.831635195337004,112.27194404997402,1.1,2,0.1353321075439453,0.007502079010009766,0.0,101011010000010110110110,+-+-++-+-----+-++-++-++-,0,False,"[[0.00015, 128.09314837], [0.006384, 132.17055336], [0.007502, 112.27194405]]",46,quantum,2,
precond_pen=1.200,24,-1.9889426161810064,111.90725594530801,1.2,2,0.7414920330047607,0.6041409969329834,0.0,101011010001010110110010,+-+-++-+---+-+-++-++--+-,0,False,"[[0.000174, 128.09314837], [0.00913, 124.61027269], [0.009725, 112.58736645], [0.604141, 111.90725595], [0.739974, 111.90725595]]",46,quantum,2,
precond_pen=1.300,24,-2.104516207251004,111.90725594530801,1.3,2,0.9325160980224609,0.8600661754608154,0.0,010100101110101001001101,-+-+--+-+++-+-+--+--++-+,0,False,"[[0.000165, 128.09314837], [0.007774, 113.58823791], [0.763429, 112.27194405], [0.860066, 111.90725595]]",46,quantum,2,
precond_pen=1.400,24,-5.9777292461609965,113.91117914488206,1.4,2,0.20096397399902344,0.009804964065551758,0.0,010100101110101001101001,-+-+--+-+++-+-+--++-+--+,0,False,"[[0.000831, 128.09314837], [0.008391, 125.46489236], [0.009412, 126.29963368], [0.009805, 113.91117914]]",46,quantum,2,
precond_pen=1.500,24,-6.618181657258998,113.91117914488206,1.5,2,0.17132806777954102,0.007816076278686523,0.0,010100101110101001101001,-+-+--+-+++-+-+--++-+--+,0,False,"[[0.000153, 128.09314837], [0.006791, 119.44323846], [0.007816, 113.91117914]]",46,quantum,2,
precond_pen=1.600,24,-1.7070034251749853,111.90725594530801,1.6,2,0.9969339370727539,0.7806589603424072,0.0,101011010001010110110010,+-+-++-+---+-+-++-++--+-,0,False,"[[0.000161, 128.09314837], [0.008533, 127.91215758], [0.009142, 117.06634855], [0.028103, 112.58736645], [0.780102, 112.27194405], [0.780659, 111.90725595], [0.995129, 111.90725595]]",46,quantum,2,
precond_pen=1.700,24,-3.9892716856189923,111.90725594530801,1.7,2,0.4949181079864502,0.39191198348999023,0.0,010100101110101001001101,-+-+--+-+++-+-+--+--++-+,0,False,"[[0.000162, 128.09314837], [0.007714, 125.80235192], [0.008321, 124.94857913], [0.008917, 115.27991586], [0.032826, 113.89446307], [0.391912, 111.90725595]]",46,quantum,2,
precond_pen=1.800,24,-9.573982782643,113.09659465694605,1.8,2,0.3727729320526123,0.009127140045166016,0.0,010010101111101001001001,-+--+-+-+++++-+--+--+--+,0,False,"[[0.000176, 128.09314837], [0.007727, 127.56746385], [0.009127, 113.09659466]]",46,quantum,2,
precond_pen=1.900,24,-9.675256932253035,113.09659465694605,1.9,2,0.5558209419250488,0.007246971130371094,0.0,101101010000010110110110,+-++-+-+-----+-++-++-++-,0,False,"[[0.00017, 128.09314837], [0.006031, 126.01390732], [0.006649, 125.67429246], [0.007247, 113.09659466]]",46,quantum,2,
precond_pen=2.000,24,-9.645316648724986,113.09659465694605,2.0,2,0.68772292137146,0.05411195755004883,0.0,010010101111101001001001,-+--+-+-+++++-+--+--+--+,0,False,"[[0.000175, 128.09314837], [0.006367, 123.25046651], [0.007418, 113.58823791], [0.053613, 116.37824957], [0.054112, 113.09659466]]",46,quantum,2,
baseline,24,120.62107942650604,120.62107942650618,,2,2.5601069927215576,0.008314847946166992,0.0,110011001000101110101001,++--++--+---+-+++-+-+--+,0,False,"[[0.00018, 143.66109197], [0.007151, 142.21230784], [0.007692, 141.74433307], [0.008315, 120.62107943]]",47,quantum,2,
precond_pen=1.100,24,-2.6747612890319825,120.62107942650618,1.1,2,0.6276509761810303,0.027443885803222656,0.0,110011001000101110101001,++--++--+---+-+++-+-+--+,0,False,"[[0.000174, 143.66109197], [0.008529, 133.37761638], [0.00904, 121.50316145], [0.027444, 120.62107943]]",47,quantum,2,
precond_pen=1.200,24,-2.3786748634559984,120.62107942650618,1.2,2,0.7216110229492188,0.697343111038208,0.0,110011001000101110101001,++--++--+---+-+++-+-+--+,0,False,"[[0.000163, 143.66109197], [0.007554, 132.46169121], [0.008053, 121.50316145], [0.58311, 121.38893173], [0.583941, 121.20662693], [0.697343, 120.62107943], [0.719101, 120.62107943]]",47,quantum,2,
precond_pen=1.300,24,-2.156102970098999,120.62107942650618,1.3,2,0.8035709857940674,0.6989719867706299,0.0,001100110111010001010110,--++--++-+++-+---+-+-++-,0,False,"[[0.000209, 143.66109197], [0.008558, 132.42481411], [0.009213, 121.50316145], [0.029432, 121.15310366], [0.671766, 121.38893173], [0.672409, 121.20662693], [0.698972, 120.62107943]]",47,quantum,2,
precond_pen=1.400,24,-1.9822209315129946,120.62107942650618,1.4,2,0.9572160243988037,0.8779959678649902,0.0,110011001000101110101001,++--++--+---+-+++-+-+--+,0,False,"[[0.000165, 143.66109197], [0.008078, 138.56041009], [0.008525, 121.50316145], [0.808702, 121.20662693], [0.877996, 120.62107943]]",47,quantum,2,
precond_pen=1.500,24,-1.8423329657560092,120.62107942650618,1.5,2,0.8846487998962402,0.7795369625091553,0.0,110011001000101110101001,++--++--+---+-+++-+-+--+,0,False,"[[0.000155, 143.66109197], [0.007206, 139.48583984], [0.007711, 121.50316145], [0.026201, 121.15310366], [0.779537, 120.62107943], [0.883277, 120.62107943]]",47,quantum,2,
precond_pen=1.600,24,-1.8230358106780002,120.62107942650618,1.6,2,0.842505931854248,0.7338480949401855,0.0,110011001000101110101001,++--++--+---+-+++-+-+--+,0,False,"[[0.000161, 143.66109197], [0.007409, 142.36397371], [0.007867, 121.50316145], [0.023892, 121.15310366], [0.733848, 120.62107943], [0.841002, 120.62107943]]",47,quantum,2,
precond_pen=1.700,24,-1.7949795498250065,120.62107942650618,1.7,2,0.7950119972229004,0.6919867992401123,0.0,110011001000101110101001,++--++--+---+-+++-+-+--+,0,False,"[[0.000166, 143.66109197], [0.00827, 139.48583984], [0.008821, 123.35259128], [0.271079, 122.50396248], [0.271586, 122.07615257], [0.271708, 121.84240305], [0.691987, 120.62107943], [0.793767, 120.62107943]]",47,quantum,2,
precond_pen=1.800,24,-3.9803960908029996,120.62107942650618,1.8,2,0.59415602684021,0.007966995239257812,0.0,110011001000101110101001,++--++--+---+-+++-+-+--+,0,False,"[[0.000155, 143.66109197], [0.006837, 135.54866133], [0.007609, 133.25376572], [0.007967, 120.62107943]]",47,quantum,2,
precond_pen=1.900,24,-1.4775826129620029,120.62107942650618,1.9,2,0.8508069515228271,0.023066997528076172,0.0,110011001000101110101001,++--++--+---+-+++-+-+--+,0,False,"[[0.000142, 143.66109197], [0.006033, 139.28946756], [0.006464, 123.35259128], [0.023067, 120.62107943]]",47,quantum,2,
precond_pen=2.000,24,-1.4674057272999956,120.62107942650618,2.0,2,0.8490180969238281,0.028696060180664062,0.0,110011001000101110101001,++--++--+---+-+++-+-+--+,0,False,"[[0.000162, 143.66109197], [0.008221, 133.28815377], [0.008674, 121.84240305], [0.028696, 120.62107943]]",47,quantum,2,
baseline,24,118.765295863597,118.76529586359706,,2,1.8024840354919434,0.07446718215942383,0.0,111001101111100000110000,+++--++-+++++-----++----,0,False,"[[0.000175, 139.15663475], [0.006407, 133.30657004], [0.007703, 131.27567006], [0.008294, 118.97129802], [0.074467, 118.76529586]]",48,quantum,2,
precond_pen=1.100,24,-2.6183704744699963,118.76529586359706,1.1,2,0.7530050277709961,0.03109288215637207,0.0,000110010000011111001111,---++--+-----+++++--++++,0,False,"[[0.000191, 139.15663475], [0.009291, 133.16885132], [0.010283, 131.27567006], [0.011031, 129.53043272], [0.011487, 122.42589754], [0.031093, 118.76529586]]",48,quantum,2,
precond_pen=1.200,24,-2.333781621745983,118.76529586359706,1.2,2,0.9672021865844727,0.37251806259155273,0.0,000110010000011111001111,---++--+-----+++++--++++,0,False,"[[0.000184, 139.15663475], [0.00784, 131.27979695], [0.008276, 118.97129802], [0.372518, 118.76529586]]",48,quantum,2,
precond_pen=1.300,24,-2.119337337760994,118.76529586359706,1.3,2,0.9166600704193115,0.8721771240234375,0.0,000110010000011111001111,---++--+-----+++++--++++,0,False,"[[0.000211, 139.15663475], [0.009126, 136.49792296], [0.009616, 118.97129802], [0.872177, 118.76529586], [0.915413, 118.76529586]]",48,quantum,2,
precond_pen=1.400,24,-1.9514098618899993,118.76529586359706,1.4,2,0.8092310428619385,0.7334349155426025,0.0,000110010000011111001111,---++--+-----+++++--++++,0,False,"[[0.000235, 139.15663475], [0.009195, 131.27979695], [0.009777, 118.97129802], [0.733435, 118.76529586], [0.807171, 118.76529586]]",48,quantum,2,
precond_pen=1.500,24,-1.8160414921260166,118.76529586359706,1.5,2,0.9421238899230957,0.026170969009399414,0.0,111001101111100000110000,+++--++-+++++-----++----,0,False,"[[0.000227, 139.15663475], [0.007191, 134.09796733], [0.007595, 118.97129802], [0.026171, 118.76529586]]",48,quantum,2,
precond_pen=1.600,24,-6.688153004054996,118.76529586359706,1.6,2,0.06312990188598633,0.008420944213867188,0.0,000110010000011111001111,---++--+-----+++++--++++,0,False,"[[0.000205, 139.15663475], [0.006676, 135.77106539], [0.007345, 134.21566007], [0.007931, 133.63595055], [0.008421, 118.76529586]]",48,quantum,2,
precond_pen=1.700,24,-4.248627926183003,118.76529586359706,1.7,2,0.5054800510406494,0.009837150573730469,0.0,000110010000011111001111,---++--+-----+++++--++++,0,False,"[[0.000216, 139.15663475], [0.007197, 135.22269938], [0.007804, 134.21566007], [0.008403, 130.80157299], [0.009837, 118.76529586]]",48,quantum,2,
precond_pen=1.800,24,-1.530702082915008,118.76529586359706,1.8,2,1.015199899673462,0.8950309753417969,0.0,111001101111100000110000,+++--++-+++++-----++----,0,False,"[[0.000214, 139.15663475], [0.007427, 132.59163416], [0.007989, 118.97129802], [0.895031, 118.76529586], [1.012792, 118.76529586]]",48,quantum,2,
precond_pen=1.900,24,-4.6333750415420045,118.76529586359706,1.9,2,0.2741670608520508,0.009372949600219727,0.0,000110010000011111001111,---++--+-----+++++--++++,0,False,"[[0.000202, 139.15663475], [0.008106, 126.16910659], [0.009373, 118.76529586]]",48,quantum,2,
precond_pen=2.000,24,-7.324887941216982,118.76529586359706,2.0,2,0.48932909965515137,0.006812095642089844,0.0,111001101111100000110000,+++--++-+++++-----++----,0,False,"[[0.000191, 139.15663475], [0.00616, 138.35957706], [0.006812, 118.76529586]]",48,quantum,2,
baseline,24,123.33808676371697,123.33808676371699,,2,1.7445271015167236,0.008051156997680664,0.0,010100100010100001111111,-+-+--+---+-+----+++++++,0,False,"[[0.000222, 145.93897089], [0.006727, 144.78752035], [0.007191, 144.7872072], [0.007697, 144.76561569], [0.008051, 123.33808676]]",49,quantum,2,
precond_pen=1.100,24,-2.9560703312310235,123.33808676371699,1.1,2,0.5585708618164062,0.008563995361328125,0.0,010100100010100001111111,-+-+--+---+-+----+++++++,0,False,"[[0.000168, 145.93897089], [0.008098, 136.11393365], [0.008564, 123.33808676]]",49,quantum,2,
precond_pen=1.200,24,-2.622849372616008,123.33808676371699,1.2,2,0.6938109397888184,0.008529901504516602,0.0,010100100010100001111111,-+-+--+---+-+----+++++++,0,False,"[[0.000213, 145.93897089], [0.007972, 140.76238885], [0.00853, 123.33808676]]",49,quantum,2,
precond_pen=1.300,24,-2.372521191276011,123.33808676371699,1.3,2,0.5956971645355225,0.009057998657226562,0.0,010100100010100001111111,-+-+--+---+-+----+++++++,0,False,"[[0.000248, 145.93897089], [0.008576, 142.39184865], [0.009058, 123.33808676]]",49,quantum,2,
precond_pen=1.400,24,-2.1769196104209865,123.33808676371699,1.4,2,0.651745080947876,0.00859212875366211,0.0,010100100010100001111111,-+-+--+---+-+----+++++++,0,False,"[[0.000235, 145.93897089], [0.007995, 133.8320178], [0.008592, 123.33808676]]",49,quantum,2,
precond_pen=1.500,24,-2.0194937295839956,123.33808676371699,1.5,2,0.8174991607666016,0.008389949798583984,0.0,010100100010100001111111,-+-+--+---+-+----+++++++,0,False,"[[0.00023, 145.93897089], [0.007856, 144.26114302], [0.00839, 123.33808676]]",49,quantum,2,
precond_pen=1.600,24,-1.8898397776229992,123.33808676371699,1.6,2,0.708237886428833,0.008908987045288086,0.0,010100100010100001111111,-+-+--+---+-+----+++++++,0,False,"[[0.000252, 145.93897089], [0.008443, 140.58720766], [0.008909, 123.33808676]]",49,quantum,2,
precond_pen=1.700,24,-1.8738590081939819,123.33808676371699,1.7,2,0.6561357975006104,0.008299827575683594,0.0,010100100010100001111111,-+-+--+---+-+----+++++++,0,False,"[[0.000223, 145.93897089], [0.007784, 140.58720766], [0.0083, 123.33808676]]",49,quantum,2,
precond_pen=1.800,24,-8.195556474844002,123.33808676371699,1.8,2,0.04980301856994629,0.008014917373657227,0.0,010100100010100001111111,-+-+--+---+-+----+++++++,0,False,"[[0.00023, 145.93897089], [0.007387, 136.88161926], [0.008015, 123.33808676]]",49,quantum,2,
precond_pen=1.900,24,-3.9356170869649905,123.33808676371699,1.9,2,0.5620169639587402,0.007657051086425781,0.0,101011011101011110000000,+-+-++-+++-+-++++-------,0,False,"[[0.000209, 145.93897089], [0.006393, 142.86075542], [0.007101, 142.36381522], [0.007657, 123.33808676]]",49,quantum,2,
precond_pen=2.000,24,-11.979549014581018,123.33808676371699,2.0,2,0.23502111434936523,0.007946014404296875,0.0,010100100010100001111111,-+-+--+---+-+----+++++++,0,False,"[[0.000251, 145.93897089], [0.006778, 141.28297343], [0.007946, 123.33808676]]",49,quantum,2,
