seed,layers,sweeps,preconditioner_family,name,penalty,presolve,event_idx,time_sec,orig_obj,running_best_orig_obj
0,3,,quantum,baseline,,True,0,0.000148,151.31257109,151.31257109
0,3,,quantum,baseline,,True,1,0.008832,147.53358726,147.53358726
0,3,,quantum,baseline,,True,2,0.009632,142.88581991,142.88581991
0,3,,quantum,baseline,,True,3,0.010079,130.11536851,130.11536851
0,3,,quantum,precond_pen=1.100,1.1,True,0,0.000112,151.31257109,151.31257109
0,3,,quantum,precond_pen=1.100,1.1,True,1,0.006949,145.65603935,145.65603935
0,3,,quantum,precond_pen=1.100,1.1,True,2,0.007538,130.82748979,130.82748979
0,3,,quantum,precond_pen=1.100,1.1,True,3,0.313456,133.00042328,130.82748979
0,3,,quantum,precond_pen=1.200,1.2,True,0,0.000109,151.31257109,151.31257109
0,3,,quantum,precond_pen=1.200,1.2,True,1,0.007788,142.76488283,142.76488283
0,3,,quantum,precond_pen=1.200,1.2,True,2,0.0092,130.11536851,130.11536851
0,3,,quantum,precond_pen=1.400,1.4,True,0,0.000113,151.31257109,151.31257109
0,3,,quantum,precond_pen=1.400,1.4,True,1,0.007137,150.34836313,150.34836313
0,3,,quantum,precond_pen=1.400,1.4,True,2,0.007602,130.11536851,130.11536851
0,3,,quantum,precond_pen=1.600,1.6,True,0,0.000115,151.31257109,151.31257109
0,3,,quantum,precond_pen=1.600,1.6,True,1,0.008889,148.37757284,148.37757284
0,3,,quantum,precond_pen=1.600,1.6,True,2,0.009438,130.11536851,130.11536851
0,3,,quantum,precond_pen=1.800,1.8,True,0,0.000114,151.31257109,151.31257109
0,3,,quantum,precond_pen=1.800,1.8,True,1,0.007373,145.48669034,145.48669034
0,3,,quantum,precond_pen=1.800,1.8,True,2,0.008203,142.88581991,142.88581991
0,3,,quantum,precond_pen=1.800,1.8,True,3,0.008898,131.29920934,131.29920934
0,3,,quantum,precond_pen=2.000,2.0,True,0,0.000112,151.31257109,151.31257109
0,3,,quantum,precond_pen=2.000,2.0,True,1,0.007605,148.71260523,148.71260523
0,3,,quantum,precond_pen=2.000,2.0,True,2,0.008162,130.82748979,130.82748979
1,3,,quantum,baseline,,True,0,0.000109,151.85993202,151.85993202
1,3,,quantum,baseline,,True,1,0.006593,148.32766763,148.32766763
1,3,,quantum,baseline,,True,2,0.006966,121.02014177,121.02014177
1,3,,quantum,precond_pen=1.100,1.1,True,0,0.000114,151.85993202,151.85993202
1,3,,quantum,precond_pen=1.100,1.1,True,1,0.007755,134.72858265,134.72858265
1,3,,quantum,precond_pen=1.100,1.1,True,2,0.008772,134.66763267,134.66763267
1,3,,quantum,precond_pen=1.100,1.1,True,3,0.009592,121.24790097,121.24790097
1,3,,quantum,precond_pen=1.100,1.1,True,4,0.039262,121.03008843,121.03008843
1,3,,quantum,precond_pen=1.200,1.2,True,0,0.000116,151.85993202,151.85993202
1,3,,quantum,precond_pen=1.200,1.2,True,1,0.006719,137.07541437,137.07541437
1,3,,quantum,precond_pen=1.200,1.2,True,2,0.007299,135.74296883,135.74296883
1,3,,quantum,precond_pen=1.200,1.2,True,3,0.00804,121.03008843,121.03008843
1,3,,quantum,precond_pen=1.400,1.4,True,0,0.000109,151.85993202,151.85993202
1,3,,quantum,precond_pen=1.400,1.4,True,1,0.007783,143.78876362,143.78876362
1,3,,quantum,precond_pen=1.400,1.4,True,2,0.008167,121.7777424,121.7777424
1,3,,quantum,precond_pen=1.400,1.4,True,3,0.031771,121.24790097,121.24790097
1,3,,quantum,precond_pen=1.400,1.4,True,4,0.389246,121.02014177,121.02014177
1,3,,quantum,precond_pen=1.400,1.4,True,5,0.389438,121.03008843,121.02014177
1,3,,quantum,precond_pen=1.400,1.4,True,6,0.390451,121.03008843,121.02014177
1,3,,quantum,precond_pen=1.600,1.6,True,0,0.000116,151.85993202,151.85993202
1,3,,quantum,precond_pen=1.600,1.6,True,1,0.006418,142.75446332,142.75446332
1,3,,quantum,precond_pen=1.600,1.6,True,2,0.006802,142.74572668,142.74572668
1,3,,quantum,precond_pen=1.600,1.6,True,3,0.007119,139.60421924,139.60421924
1,3,,quantum,precond_pen=1.600,1.6,True,4,0.007357,121.03008843,121.03008843
1,3,,quantum,precond_pen=1.800,1.8,True,0,0.000115,151.85993202,151.85993202
1,3,,quantum,precond_pen=1.800,1.8,True,1,0.007818,139.30047635,139.30047635
1,3,,quantum,precond_pen=1.800,1.8,True,2,0.008676,143.11929874,139.30047635
1,3,,quantum,precond_pen=1.800,1.8,True,3,0.0092,135.84330144,135.84330144
1,3,,quantum,precond_pen=1.800,1.8,True,4,0.009582,121.24790097,121.24790097
1,3,,quantum,precond_pen=2.000,2.0,True,0,0.000111,151.85993202,151.85993202
1,3,,quantum,precond_pen=2.000,2.0,True,1,0.00712,132.8918602,132.8918602
1,3,,quantum,precond_pen=2.000,2.0,True,2,0.007803,121.03008843,121.03008843
1,3,,quantum,precond_pen=2.000,2.0,True,3,0.16052,123.92982455,121.03008843
2,3,,quantum,baseline,,True,0,0.000118,146.89416462,146.89416462
2,3,,quantum,baseline,,True,1,0.005925,146.52662832,146.52662832
2,3,,quantum,baseline,,True,2,0.006664,145.34607912,145.34607912
2,3,,quantum,baseline,,True,3,0.007058,141.85119029,141.85119029
2,3,,quantum,baseline,,True,4,0.007437,119.81107703,119.81107703
2,3,,quantum,precond_pen=1.100,1.1,True,0,0.000107,146.89416462,146.89416462
2,3,,quantum,precond_pen=1.100,1.1,True,1,0.006316,138.16862373,138.16862373
2,3,,quantum,precond_pen=1.100,1.1,True,2,0.007247,134.01530542,134.01530542
2,3,,quantum,precond_pen=1.100,1.1,True,3,0.007633,120.04510978,120.04510978
2,3,,quantum,precond_pen=1.200,1.2,True,0,0.000114,146.89416462,146.89416462
2,3,,quantum,precond_pen=1.200,1.2,True,1,0.007815,131.08996143,131.08996143
2,3,,quantum,precond_pen=1.200,1.2,True,2,0.009189,120.04510978,120.04510978
2,3,,quantum,precond_pen=1.400,1.4,True,0,0.000109,146.89416462,146.89416462
2,3,,quantum,precond_pen=1.400,1.4,True,1,0.006474,141.04214136,141.04214136
2,3,,quantum,precond_pen=1.400,1.4,True,2,0.00733,134.95656283,134.95656283
2,3,,quantum,precond_pen=1.400,1.4,True,3,0.007778,119.81107703,119.81107703
2,3,,quantum,precond_pen=1.600,1.6,True,0,0.000117,146.89416462,146.89416462
2,3,,quantum,precond_pen=1.600,1.6,True,1,0.007692,133.87199399,133.87199399
2,3,,quantum,precond_pen=1.600,1.6,True,2,0.008915,131.74527885,131.74527885
2,3,,quantum,precond_pen=1.600,1.6,True,3,0.009486,120.8981552,120.8981552
2,3,,quantum,precond_pen=1.600,1.6,True,4,0.59557,119.81107703,119.81107703
2,3,,quantum,precond_pen=1.600,1.6,True,5,0.605476,119.81107703,119.81107703
2,3,,quantum,precond_pen=1.800,1.8,True,0,0.000112,146.89416462,146.89416462
2,3,,quantum,precond_pen=1.800,1.8,True,1,0.007901,137.95397303,137.95397303
2,3,,quantum,precond_pen=1.800,1.8,True,2,0.009589,120.04510978,120.04510978
2,3,,quantum,precond_pen=2.000,2.0,True,0,0.000124,146.89416462,146.89416462
2,3,,quantum,precond_pen=2.000,2.0,True,1,0.006514,139.01781133,139.01781133
2,3,,quantum,precond_pen=2.000,2.0,True,2,0.007657,120.53264178,120.53264178
3,3,,quantum,baseline,,True,0,0.000113,146.3517384,146.3517384
3,3,,quantum,baseline,,True,1,0.005367,141.44536594,141.44536594
3,3,,quantum,baseline,,True,2,0.006227,141.21821994,141.21821994
3,3,,quantum,baseline,,True,3,0.006695,125.6295774,125.6295774
3,3,,quantum,precond_pen=1.100,1.1,True,0,0.000108,146.3517384,146.3517384
3,3,,quantum,precond_pen=1.100,1.1,True,1,0.006951,135.56994173,135.56994173
3,3,,quantum,precond_pen=1.100,1.1,True,2,0.007372,129.67712264,129.67712264
3,3,,quantum,precond_pen=1.100,1.1,True,3,0.036231,125.6295774,125.6295774
3,3,,quantum,precond_pen=1.200,1.2,True,0,0.000107,146.3517384,146.3517384
3,3,,quantum,precond_pen=1.200,1.2,True,1,0.005844,138.39944141,138.39944141
3,3,,quantum,precond_pen=1.200,1.2,True,2,0.00681,127.52551189,127.52551189
3,3,,quantum,precond_pen=1.400,1.4,True,0,0.000115,146.3517384,146.3517384
3,3,,quantum,precond_pen=1.400,1.4,True,1,0.006443,139.06286816,139.06286816
3,3,,quantum,precond_pen=1.400,1.4,True,2,0.006894,125.6295774,125.6295774
3,3,,quantum,precond_pen=1.600,1.6,True,0,0.000109,146.3517384,146.3517384
3,3,,quantum,precond_pen=1.600,1.6,True,1,0.006388,140.63321314,140.63321314
3,3,,quantum,precond_pen=1.600,1.6,True,2,0.007127,137.04430706,137.04430706
3,3,,quantum,precond_pen=1.600,1.6,True,3,0.007519,134.81213953,134.81213953
3,3,,quantum,precond_pen=1.600,1.6,True,4,0.008024,125.6295774,125.6295774
3,3,,quantum,precond_pen=1.800,1.8,True,0,0.000113,146.3517384,146.3517384
3,3,,quantum,precond_pen=1.800,1.8,True,1,0.006781,135.9792805,135.9792805
3,3,,quantum,precond_pen=1.800,1.8,True,2,0.007744,126.61297016,126.61297016
3,3,,quantum,precond_pen=1.800,1.8,True,3,0.027863,125.6295774,125.6295774
3,3,,quantum,precond_pen=2.000,2.0,True,0,0.000104,146.3517384,146.3517384
3,3,,quantum,precond_pen=2.000,2.0,True,1,0.006328,140.3018513,140.3018513
3,3,,quantum,precond_pen=2.000,2.0,True,2,0.006802,125.6295774,125.6295774
4,3,,quantum,baseline,,True,0,0.000108,163.78368209,163.78368209
4,3,,quantum,baseline,,True,1,0.005418,160.20613068,160.20613068
4,3,,quantum,baseline,,True,2,0.005733,159.99175187,159.99175187
4,3,,quantum,baseline,,True,3,0.006044,158.62010923,158.62010923
4,3,,quantum,baseline,,True,4,0.006335,141.19074867,141.19074867
4,3,,quantum,baseline,,True,5,0.085662,139.73777453,139.73777453
4,3,,quantum,baseline,,True,6,0.309496,137.49819129,137.49819129
4,3,,quantum,baseline,,True,7,0.760787,137.49819129,137.49819129
4,3,,quantum,precond_pen=1.100,1.1,True,0,0.000102,163.78368209,163.78368209
4,3,,quantum,precond_pen=1.100,1.1,True,1,0.006655,147.2349861,147.2349861
4,3,,quantum,precond_pen=1.100,1.1,True,2,0.00762,141.50544475,141.50544475
4,3,,quantum,precond_pen=1.100,1.1,True,3,0.025368,137.49819129,137.49819129
4,3,,quantum,precond_pen=1.200,1.2,True,0,0.0001,163.78368209,163.78368209
4,3,,quantum,precond_pen=1.200,1.2,True,1,0.006763,149.89965661,149.89965661
4,3,,quantum,precond_pen=1.200,1.2,True,2,0.007111,141.63714228,141.63714228
4,3,,quantum,precond_pen=1.200,1.2,True,3,0.026959,141.19074867,141.19074867
4,3,,quantum,precond_pen=1.200,1.2,True,4,0.649637,139.73591725,139.73591725
4,3,,quantum,precond_pen=1.200,1.2,True,5,0.649916,137.49819129,137.49819129
4,3,,quantum,precond_pen=1.200,1.2,True,6,0.687348,137.49819129,137.49819129
4,3,,quantum,precond_pen=1.400,1.4,True,0,0.000106,163.78368209,163.78368209
4,3,,quantum,precond_pen=1.400,1.4,True,1,0.00789,153.35839717,153.35839717
4,3,,quantum,precond_pen=1.400,1.4,True,2,0.008693,153.11920952,153.11920952
4,3,,quantum,precond_pen=1.400,1.4,True,3,0.00911,137.49819129,137.49819129
4,3,,quantum,precond_pen=1.600,1.6,True,0,0.000123,163.78368209,163.78368209
4,3,,quantum,precond_pen=1.600,1.6,True,1,0.007579,152.87047863,152.87047863
4,3,,quantum,precond_pen=1.600,1.6,True,2,0.008406,153.08416311,152.87047863
4,3,,quantum,precond_pen=1.600,1.6,True,3,0.008944,137.49819129,137.49819129
4,3,,quantum,precond_pen=1.800,1.8,True,0,0.000107,163.78368209,163.78368209
4,3,,quantum,precond_pen=1.800,1.8,True,1,0.006433,156.90995872,156.90995872
4,3,,quantum,precond_pen=1.800,1.8,True,2,0.007488,137.49819129,137.49819129
4,3,,quantum,precond_pen=2.000,2.0,True,0,0.000107,163.78368209,163.78368209
4,3,,quantum,precond_pen=2.000,2.0,True,1,0.006522,150.6493062,150.6493062
4,3,,quantum,precond_pen=2.000,2.0,True,2,0.007616,137.49819129,137.49819129
5,3,,quantum,baseline,,True,0,0.000107,139.48194045,139.48194045
5,3,,quantum,baseline,,True,1,0.008032,122.92375639,122.92375639
5,3,,quantum,baseline,,True,2,0.072195,122.69803831,122.69803831
5,3,,quantum,baseline,,True,3,0.224435,122.24287604,122.24287604
5,3,,quantum,baseline,,True,4,0.87517,120.73168228,120.73168228
5,3,,quantum,baseline,,True,5,0.926848,120.60887359,120.60887359
5,3,,quantum,precond_pen=1.100,1.1,True,0,0.000103,139.48194045,139.48194045
5,3,,quantum,precond_pen=1.100,1.1,True,1,0.006948,135.40779362,135.40779362
5,3,,quantum,precond_pen=1.100,1.1,True,2,0.007923,131.89898861,131.89898861
5,3,,quantum,precond_pen=1.100,1.1,True,3,0.008438,120.60887359,120.60887359
5,3,,quantum,precond_pen=1.200,1.2,True,0,0.000105,139.48194045,139.48194045
5,3,,quantum,precond_pen=1.200,1.2,True,1,0.00805,133.22930008,133.22930008
5,3,,quantum,precond_pen=1.200,1.2,True,2,0.009147,131.89898861,131.89898861
5,3,,quantum,precond_pen=1.200,1.2,True,3,0.009776,120.60887359,120.60887359
5,3,,quantum,precond_pen=1.400,1.4,True,0,9.9e-05,139.48194045,139.48194045
5,3,,quantum,precond_pen=1.400,1.4,True,1,0.00818,133.19764515,133.19764515
5,3,,quantum,precond_pen=1.400,1.4,True,2,0.00954,120.60887359,120.60887359
5,3,,quantum,precond_pen=1.600,1.6,True,0,0.000103,139.48194045,139.48194045
5,3,,quantum,precond_pen=1.600,1.6,True,1,0.008439,138.12974912,138.12974912
5,3,,quantum,precond_pen=1.600,1.6,True,2,0.008897,122.69803831,122.69803831
5,3,,quantum,precond_pen=1.600,1.6,True,3,0.576306,120.73168228,120.73168228
5,3,,quantum,precond_pen=1.600,1.6,True,4,0.65741,120.60887359,120.60887359
5,3,,quantum,precond_pen=1.600,1.6,True,5,0.685479,120.60887359,120.60887359
5,3,,quantum,precond_pen=1.800,1.8,True,0,0.000119,139.48194045,139.48194045
5,3,,quantum,precond_pen=1.800,1.8,True,1,0.007966,137.18018577,137.18018577
5,3,,quantum,precond_pen=1.800,1.8,True,2,0.008574,137.82728957,137.18018577
5,3,,quantum,precond_pen=1.800,1.8,True,3,0.00947,122.69803831,122.69803831
5,3,,quantum,precond_pen=1.800,1.8,True,4,0.038844,123.34120815,122.69803831
5,3,,quantum,precond_pen=1.800,1.8,True,5,0.122316,120.60887359,120.60887359
5,3,,quantum,precond_pen=1.800,1.8,True,6,0.123037,120.60887359,120.60887359
5,3,,quantum,precond_pen=2.000,2.0,True,0,0.000128,139.48194045,139.48194045
5,3,,quantum,precond_pen=2.000,2.0,True,1,0.007691,128.6973062,128.6973062
5,3,,quantum,precond_pen=2.000,2.0,True,2,0.008936,120.60887359,120.60887359
6,3,,quantum,baseline,,True,0,9.8e-05,149.48860608,149.48860608
6,3,,quantum,baseline,,True,1,0.006283,149.45673148,149.45673148
6,3,,quantum,baseline,,True,2,0.00674,124.94988981,124.94988981
6,3,,quantum,precond_pen=1.100,1.1,True,0,0.000106,149.48860608,149.48860608
6,3,,quantum,precond_pen=1.100,1.1,True,1,0.00929,124.94988981,124.94988981
6,3,,quantum,precond_pen=1.200,1.2,True,0,0.000106,149.48860608,149.48860608
6,3,,quantum,precond_pen=1.200,1.2,True,1,0.006967,149.74036197,149.48860608
6,3,,quantum,precond_pen=1.200,1.2,True,2,0.007449,124.94988981,124.94988981
6,3,,quantum,precond_pen=1.400,1.4,True,0,0.00011,149.48860608,149.48860608
6,3,,quantum,precond_pen=1.400,1.4,True,1,0.008153,149.73404933,149.48860608
6,3,,quantum,precond_pen=1.400,1.4,True,2,0.008732,124.94988981,124.94988981
6,3,,quantum,precond_pen=1.600,1.6,True,0,0.000103,149.48860608,149.48860608
6,3,,quantum,precond_pen=1.600,1.6,True,1,0.007778,138.73939575,138.73939575
6,3,,quantum,precond_pen=1.600,1.6,True,2,0.009472,125.02950679,125.02950679
6,3,,quantum,precond_pen=1.800,1.8,True,0,0.000102,149.48860608,149.48860608
6,3,,quantum,precond_pen=1.800,1.8,True,1,0.005969,149.63827638,149.48860608
6,3,,quantum,precond_pen=1.800,1.8,True,2,0.00632,147.51009235,147.51009235
6,3,,quantum,precond_pen=1.800,1.8,True,3,0.007015,124.94988981,124.94988981
6,3,,quantum,precond_pen=2.000,2.0,True,0,0.000106,149.48860608,149.48860608
6,3,,quantum,precond_pen=2.000,2.0,True,1,0.006862,136.5501769,136.5501769
6,3,,quantum,precond_pen=2.000,2.0,True,2,0.008385,124.94988981,124.94988981
7,3,,quantum,baseline,,True,0,0.000115,149.37512207,149.37512207
7,3,,quantum,baseline,,True,1,0.005868,121.97432066,121.97432066
7,3,,quantum,baseline,,True,2,0.409157,121.4894873,121.4894873
7,3,,quantum,precond_pen=1.100,1.1,True,0,0.000107,149.37512207,149.37512207
7,3,,quantum,precond_pen=1.100,1.1,True,1,0.007277,146.3960575,146.3960575
7,3,,quantum,precond_pen=1.100,1.1,True,2,0.007747,143.72986143,143.72986143
7,3,,quantum,precond_pen=1.100,1.1,True,3,0.008133,142.60968242,142.60968242
7,3,,quantum,precond_pen=1.100,1.1,True,4,0.008552,123.60264515,123.60264515
7,3,,quantum,precond_pen=1.100,1.1,True,5,0.0353,121.82306171,121.82306171
7,3,,quantum,precond_pen=1.200,1.2,True,0,0.0001,149.37512207,149.37512207
7,3,,quantum,precond_pen=1.200,1.2,True,1,0.007116,136.49583881,136.49583881
7,3,,quantum,precond_pen=1.200,1.2,True,2,0.008685,127.22577479,127.22577479
7,3,,quantum,precond_pen=1.200,1.2,True,3,0.009139,121.97432066,121.97432066
7,3,,quantum,precond_pen=1.200,1.2,True,4,0.036766,121.4894873,121.4894873
7,3,,quantum,precond_pen=1.400,1.4,True,0,0.000101,149.37512207,149.37512207
7,3,,quantum,precond_pen=1.400,1.4,True,1,0.007389,144.49505524,144.49505524
7,3,,quantum,precond_pen=1.400,1.4,True,2,0.007818,144.13095631,144.13095631
7,3,,quantum,precond_pen=1.400,1.4,True,3,0.008594,130.35236625,130.35236625
7,3,,quantum,precond_pen=1.400,1.4,True,4,0.009093,121.97432066,121.97432066
7,3,,quantum,precond_pen=1.400,1.4,True,5,0.032555,121.4894873,121.4894873
7,3,,quantum,precond_pen=1.600,1.6,True,0,0.000106,149.37512207,149.37512207
7,3,,quantum,precond_pen=1.600,1.6,True,1,0.006806,133.54022057,133.54022057
7,3,,quantum,precond_pen=1.600,1.6,True,2,0.007222,121.97432066,121.97432066
7,3,,quantum,precond_pen=1.600,1.6,True,3,0.442021,121.4894873,121.4894873
7,3,,quantum,precond_pen=1.600,1.6,True,4,0.447347,121.4894873,121.4894873
7,3,,quantum,precond_pen=1.800,1.8,True,0,0.000112,149.37512207,149.37512207
7,3,,quantum,precond_pen=1.800,1.8,True,1,0.006515,139.63271693,139.63271693
7,3,,quantum,precond_pen=1.800,1.8,True,2,0.007625,136.29468938,136.29468938
7,3,,quantum,precond_pen=1.800,1.8,True,3,0.008151,122.36721346,122.36721346
7,3,,quantum,precond_pen=2.000,2.0,True,0,0.000112,149.37512207,149.37512207
7,3,,quantum,precond_pen=2.000,2.0,True,1,0.00665,143.30319917,143.30319917
7,3,,quantum,precond_pen=2.000,2.0,True,2,0.007054,144.13095631,143.30319917
7,3,,quantum,precond_pen=2.000,2.0,True,3,0.007383,137.79073355,137.79073355
7,3,,quantum,precond_pen=2.000,2.0,True,4,0.007863,122.36721346,122.36721346
8,3,,quantum,baseline,,True,0,0.000115,143.54497724,143.54497724
8,3,,quantum,baseline,,True,1,0.007613,121.40060679,121.40060679
8,3,,quantum,baseline,,True,2,0.087543,121.31159902,121.31159902
8,3,,quantum,precond_pen=1.100,1.1,True,0,0.000113,143.54497724,143.54497724
8,3,,quantum,precond_pen=1.100,1.1,True,1,0.006946,143.0359524,143.0359524
8,3,,quantum,precond_pen=1.100,1.1,True,2,0.007862,123.1852154,123.1852154
8,3,,quantum,precond_pen=1.100,1.1,True,3,0.037389,122.08037744,122.08037744
8,3,,quantum,precond_pen=1.100,1.1,True,4,0.536824,121.31159902,121.31159902
8,3,,quantum,precond_pen=1.100,1.1,True,5,0.537042,121.40060679,121.31159902
8,3,,quantum,precond_pen=1.100,1.1,True,6,0.543864,121.40060679,121.31159902
8,3,,quantum,precond_pen=1.200,1.2,True,0,0.000109,143.54497724,143.54497724
8,3,,quantum,precond_pen=1.200,1.2,True,1,0.007311,138.45659131,138.45659131
8,3,,quantum,precond_pen=1.200,1.2,True,2,0.00798,135.88605224,135.88605224
8,3,,quantum,precond_pen=1.200,1.2,True,3,0.008377,133.47834906,133.47834906
8,3,,quantum,precond_pen=1.200,1.2,True,4,0.008875,121.40060679,121.40060679
8,3,,quantum,precond_pen=1.400,1.4,True,0,0.000115,143.54497724,143.54497724
8,3,,quantum,precond_pen=1.400,1.4,True,1,0.007032,143.67503063,143.54497724
8,3,,quantum,precond_pen=1.400,1.4,True,2,0.007496,123.1852154,123.1852154
8,3,,quantum,precond_pen=1.400,1.4,True,3,0.026047,121.40060679,121.40060679
8,3,,quantum,precond_pen=1.600,1.6,True,0,0.000113,143.54497724,143.54497724
8,3,,quantum,precond_pen=1.600,1.6,True,1,0.006833,142.4320561,142.4320561
8,3,,quantum,precond_pen=1.600,1.6,True,2,0.007467,121.40060679,121.40060679
8,3,,quantum,precond_pen=1.800,1.8,True,0,0.000113,143.54497724,143.54497724
8,3,,quantum,precond_pen=1.800,1.8,True,1,0.006328,134.6755873,134.6755873
8,3,,quantum,precond_pen=1.800,1.8,True,2,0.007394,132.11958495,132.11958495
8,3,,quantum,precond_pen=1.800,1.8,True,3,0.007753,126.61736838,126.61736838
8,3,,quantum,precond_pen=1.800,1.8,True,4,0.026556,121.31159902,121.31159902
8,3,,quantum,precond_pen=1.800,1.8,True,5,0.100893,121.40060679,121.31159902
8,3,,quantum,precond_pen=1.800,1.8,True,6,0.106491,121.40060679,121.31159902
8,3,,quantum,precond_pen=2.000,2.0,True,0,0.000106,143.54497724,143.54497724
8,3,,quantum,precond_pen=2.000,2.0,True,1,0.006239,136.3990204,136.3990204
8,3,,quantum,precond_pen=2.000,2.0,True,2,0.007265,132.81352711,132.81352711
8,3,,quantum,precond_pen=2.000,2.0,True,3,0.007868,121.40060679,121.40060679
9,3,,quantum,baseline,,True,0,0.000114,151.73415711,151.73415711
9,3,,quantum,baseline,,True,1,0.00674,130.03977138,130.03977138
9,3,,quantum,baseline,,True,2,0.586878,129.91584217,129.91584217
9,3,,quantum,baseline,,True,3,0.982944,129.87992977,129.87992977
9,3,,quantum,baseline,,True,4,1.355593,129.87992977,129.87992977
9,3,,quantum,precond_pen=1.100,1.1,True,0,0.00011,151.73415711,151.73415711
9,3,,quantum,precond_pen=1.100,1.1,True,1,0.008185,144.40699349,144.40699349
9,3,,quantum,precond_pen=1.100,1.1,True,2,0.008753,129.87992977,129.87992977
9,3,,quantum,precond_pen=1.200,1.2,True,0,0.000114,151.73415711,151.73415711
9,3,,quantum,precond_pen=1.200,1.2,True,1,0.006716,148.1997885,148.1997885
9,3,,quantum,precond_pen=1.200,1.2,True,2,0.007048,145.39022187,145.39022187
9,3,,quantum,precond_pen=1.200,1.2,True,3,0.00778,130.71153142,130.71153142
9,3,,quantum,precond_pen=1.200,1.2,True,4,0.039337,130.03977138,130.03977138
9,3,,quantum,precond_pen=1.200,1.2,True,5,0.51982,129.87992977,129.87992977
9,3,,quantum,precond_pen=1.200,1.2,True,6,0.52032,129.87992977,129.87992977
9,3,,quantum,precond_pen=1.400,1.4,True,0,0.000114,151.73415711,151.73415711
9,3,,quantum,precond_pen=1.400,1.4,True,1,0.006687,142.30054477,142.30054477
9,3,,quantum,precond_pen=1.400,1.4,True,2,0.007627,131.18145432,131.18145432
9,3,,quantum,precond_pen=1.400,1.4,True,3,0.027186,130.03977138,130.03977138
9,3,,quantum,precond_pen=1.400,1.4,True,4,0.512387,129.87992977,129.87992977
9,3,,quantum,precond_pen=1.400,1.4,True,5,0.556232,129.87992977,129.87992977
9,3,,quantum,precond_pen=1.600,1.6,True,0,0.000116,151.73415711,151.73415711
9,3,,quantum,precond_pen=1.600,1.6,True,1,0.008349,141.21528895,141.21528895
9,3,,quantum,precond_pen=1.600,1.6,True,2,0.009578,130.03977138,130.03977138
9,3,,quantum,precond_pen=1.600,1.6,True,3,0.65195,129.87992977,129.87992977
9,3,,quantum,precond_pen=1.600,1.6,True,4,0.709904,129.87992977,129.87992977
9,3,,quantum,precond_pen=1.800,1.8,True,0,0.000112,151.73415711,151.73415711
9,3,,quantum,precond_pen=1.800,1.8,True,1,0.007157,141.09088586,141.09088586
9,3,,quantum,precond_pen=1.800,1.8,True,2,0.00885,130.71153142,130.71153142
9,3,,quantum,precond_pen=1.800,1.8,True,3,0.038027,130.49566905,130.49566905
9,3,,quantum,precond_pen=2.000,2.0,True,0,0.000117,151.73415711,151.73415711
9,3,,quantum,precond_pen=2.000,2.0,True,1,0.008236,149.68869389,149.68869389
9,3,,quantum,precond_pen=2.000,2.0,True,2,0.009128,144.08272228,144.08272228
9,3,,quantum,precond_pen=2.000,2.0,True,3,0.009609,143.15646081,143.15646081
9,3,,quantum,precond_pen=2.000,2.0,True,4,0.01013,132.2765573,132.2765573
10,3,,quantum,baseline,,True,0,0.000115,141.22609529,141.22609529
10,3,,quantum,baseline,,True,1,0.00541,140.34509419,140.34509419
10,3,,quantum,baseline,,True,2,0.005676,139.70773487,139.70773487
10,3,,quantum,baseline,,True,3,0.006125,120.47532321,120.47532321
10,3,,quantum,baseline,,True,4,0.070877,118.76675421,118.76675421
10,3,,quantum,precond_pen=1.100,1.1,True,0,0.00012,141.22609529,141.22609529
10,3,,quantum,precond_pen=1.100,1.1,True,1,0.006785,134.15619689,134.15619689
10,3,,quantum,precond_pen=1.100,1.1,True,2,0.007777,125.9964457,125.9964457
10,3,,quantum,precond_pen=1.100,1.1,True,3,0.026464,126.1069873,125.9964457
10,3,,quantum,precond_pen=1.100,1.1,True,4,0.026873,120.47532321,120.47532321
10,3,,quantum,precond_pen=1.100,1.1,True,5,0.040452,118.76675421,118.76675421
10,3,,quantum,precond_pen=1.200,1.2,True,0,0.00011,141.22609529,141.22609529
10,3,,quantum,precond_pen=1.200,1.2,True,1,0.006122,140.57410003,140.57410003
10,3,,quantum,precond_pen=1.200,1.2,True,2,0.006703,139.70773487,139.70773487
10,3,,quantum,precond_pen=1.200,1.2,True,3,0.007237,122.22374795,122.22374795
10,3,,quantum,precond_pen=1.200,1.2,True,4,0.04155,118.76675421,118.76675421
10,3,,quantum,precond_pen=1.400,1.4,True,0,0.000148,141.22609529,141.22609529
10,3,,quantum,precond_pen=1.400,1.4,True,1,0.009911,134.0102277,134.0102277
10,3,,quantum,precond_pen=1.400,1.4,True,2,0.011385,121.28217353,121.28217353
10,3,,quantum,precond_pen=1.400,1.4,True,3,0.036741,118.76675421,118.76675421
10,3,,quantum,precond_pen=1.600,1.6,True,0,0.000117,141.22609529,141.22609529
10,3,,quantum,precond_pen=1.600,1.6,True,1,0.007196,130.49179056,130.49179056
10,3,,quantum,precond_pen=1.600,1.6,True,2,0.008164,118.76675421,118.76675421
10,3,,quantum,precond_pen=1.800,1.8,True,0,0.000117,141.22609529,141.22609529
10,3,,quantum,precond_pen=1.800,1.8,True,1,0.006826,136.53754023,136.53754023
10,3,,quantum,precond_pen=1.800,1.8,True,2,0.008044,118.76675421,118.76675421
10,3,,quantum,precond_pen=2.000,2.0,True,0,0.000127,141.22609529,141.22609529
10,3,,quantum,precond_pen=2.000,2.0,True,1,0.0067,138.38137472,138.38137472
10,3,,quantum,precond_pen=2.000,2.0,True,2,0.007062,132.6812034,132.6812034
10,3,,quantum,precond_pen=2.000,2.0,True,3,0.007618,118.76675421,118.76675421
11,3,,quantum,baseline,,True,0,0.000118,147.29621742,147.29621742
11,3,,quantum,baseline,,True,1,0.005832,138.70892604,138.70892604
11,3,,quantum,baseline,,True,2,0.006417,135.23818456,135.23818456
11,3,,quantum,baseline,,True,3,0.00694,116.15788002,116.15788002
11,3,,quantum,baseline,,True,4,0.405086,114.27743182,114.27743182
11,3,,quantum,precond_pen=1.100,1.1,True,0,0.000112,147.29621742,147.29621742
11,3,,quantum,precond_pen=1.100,1.1,True,1,0.007837,132.02131396,132.02131396
11,3,,quantum,precond_pen=1.100,1.1,True,2,0.008964,125.40497056,125.40497056
11,3,,quantum,precond_pen=1.100,1.1,True,3,0.009449,116.15788002,116.15788002
11,3,,quantum,precond_pen=1.100,1.1,True,4,0.039007,114.27743182,114.27743182
11,3,,quantum,precond_pen=1.200,1.2,True,0,0.000115,147.29621742,147.29621742
11,3,,quantum,precond_pen=1.200,1.2,True,1,0.007362,140.84709996,140.84709996
11,3,,quantum,precond_pen=1.200,1.2,True,2,0.007706,139.69962736,139.69962736
11,3,,quantum,precond_pen=1.200,1.2,True,3,0.008028,136.7589327,136.7589327
11,3,,quantum,precond_pen=1.200,1.2,True,4,0.008496,114.27743182,114.27743182
11,3,,quantum,precond_pen=1.400,1.4,True,0,0.000114,147.29621742,147.29621742
11,3,,quantum,precond_pen=1.400,1.4,True,1,0.007433,139.8714072,139.8714072
11,3,,quantum,precond_pen=1.400,1.4,True,2,0.007855,114.27743182,114.27743182
11,3,,quantum,precond_pen=1.600,1.6,True,0,0.000115,147.29621742,147.29621742
11,3,,quantum,precond_pen=1.600,1.6,True,1,0.006992,137.69695915,137.69695915
11,3,,quantum,precond_pen=1.600,1.6,True,2,0.007389,116.89463953,116.89463953
11,3,,quantum,precond_pen=1.600,1.6,True,3,0.035485,116.18025998,116.18025998
11,3,,quantum,precond_pen=1.600,1.6,True,4,0.485233,114.27743182,114.27743182
11,3,,quantum,precond_pen=1.600,1.6,True,5,0.496407,114.27743182,114.27743182
11,3,,quantum,precond_pen=1.800,1.8,True,0,0.000127,147.29621742,147.29621742
11,3,,quantum,precond_pen=1.800,1.8,True,1,0.006548,143.76697154,143.76697154
11,3,,quantum,precond_pen=1.800,1.8,True,2,0.006868,139.69962736,139.69962736
11,3,,quantum,precond_pen=1.800,1.8,True,3,0.007198,133.38350811,133.38350811
11,3,,quantum,precond_pen=1.800,1.8,True,4,0.007654,114.27743182,114.27743182
11,3,,quantum,precond_pen=1.800,1.8,True,5,0.191912,119.87674646,114.27743182
11,3,,quantum,precond_pen=1.800,1.8,True,6,0.192302,119.87674646,114.27743182
11,3,,quantum,precond_pen=2.000,2.0,True,0,0.000112,147.29621742,147.29621742
11,3,,quantum,precond_pen=2.000,2.0,True,1,0.006175,129.85041631,129.85041631
11,3,,quantum,precond_pen=2.000,2.0,True,2,0.007176,128.67327343,128.67327343
11,3,,quantum,precond_pen=2.000,2.0,True,3,0.007672,117.65761937,117.65761937
12,3,,quantum,baseline,,True,0,0.000115,141.70885495,141.70885495
12,3,,quantum,baseline,,True,1,0.006039,140.25248871,140.25248871
12,3,,quantum,baseline,,True,2,0.006291,126.80153206,126.80153206
12,3,,quantum,baseline,,True,3,0.103949,125.40906974,125.40906974
12,3,,quantum,precond_pen=1.100,1.1,True,0,0.000113,141.70885495,141.70885495
12,3,,quantum,precond_pen=1.100,1.1,True,1,0.006024,141.13494482,141.13494482
12,3,,quantum,precond_pen=1.100,1.1,True,2,0.00645,138.9704107,138.9704107
12,3,,quantum,precond_pen=1.100,1.1,True,3,0.007039,125.72006792,125.72006792
12,3,,quantum,precond_pen=1.200,1.2,True,0,0.000112,141.70885495,141.70885495
12,3,,quantum,precond_pen=1.200,1.2,True,1,0.008179,138.54887844,138.54887844
12,3,,quantum,precond_pen=1.200,1.2,True,2,0.008615,125.40906974,125.40906974
12,3,,quantum,precond_pen=1.400,1.4,True,0,0.00012,141.70885495,141.70885495
12,3,,quantum,precond_pen=1.400,1.4,True,1,0.009486,141.19904959,141.19904959
12,3,,quantum,precond_pen=1.400,1.4,True,2,0.010508,125.40906974,125.40906974
12,3,,quantum,precond_pen=1.600,1.6,True,0,0.000116,141.70885495,141.70885495
12,3,,quantum,precond_pen=1.600,1.6,True,1,0.007454,136.0489229,136.0489229
12,3,,quantum,precond_pen=1.600,1.6,True,2,0.008136,135.56559023,135.56559023
12,3,,quantum,precond_pen=1.600,1.6,True,3,0.008422,125.40906974,125.40906974
12,3,,quantum,precond_pen=1.800,1.8,True,0,0.000105,141.70885495,141.70885495
12,3,,quantum,precond_pen=1.800,1.8,True,1,0.006773,134.94988059,134.94988059
12,3,,quantum,precond_pen=1.800,1.8,True,2,0.008105,127.5690499,127.5690499
12,3,,quantum,precond_pen=1.800,1.8,True,3,0.033533,125.7817935,125.7817935
12,3,,quantum,precond_pen=2.000,2.0,True,0,0.000109,141.70885495,141.70885495
12,3,,quantum,precond_pen=2.000,2.0,True,1,0.006017,143.46112117,141.70885495
12,3,,quantum,precond_pen=2.000,2.0,True,2,0.006398,138.9704107,138.9704107
12,3,,quantum,precond_pen=2.000,2.0,True,3,0.006749,136.89069748,136.89069748
12,3,,quantum,precond_pen=2.000,2.0,True,4,0.007144,125.7817935,125.7817935
13,3,,quantum,baseline,,True,0,0.00011,149.73360048,149.73360048
13,3,,quantum,baseline,,True,1,0.006014,143.17078969,143.17078969
13,3,,quantum,baseline,,True,2,0.006672,141.27753143,141.27753143
13,3,,quantum,baseline,,True,3,0.007551,128.04737141,128.04737141
13,3,,quantum,precond_pen=1.100,1.1,True,0,0.000121,149.73360048,149.73360048
13,3,,quantum,precond_pen=1.100,1.1,True,1,0.006835,146.08369556,146.08369556
13,3,,quantum,precond_pen=1.100,1.1,True,2,0.007264,128.30646462,128.30646462
13,3,,quantum,precond_pen=1.100,1.1,True,3,0.024542,128.04737141,128.04737141
13,3,,quantum,precond_pen=1.200,1.2,True,0,0.00011,149.73360048,149.73360048
13,3,,quantum,precond_pen=1.200,1.2,True,1,0.008059,140.30709418,140.30709418
13,3,,quantum,precond_pen=1.200,1.2,True,2,0.009665,128.30646462,128.30646462
13,3,,quantum,precond_pen=1.200,1.2,True,3,0.038268,128.04737141,128.04737141
13,3,,quantum,precond_pen=1.400,1.4,True,0,0.00011,149.73360048,149.73360048
13,3,,quantum,precond_pen=1.400,1.4,True,1,0.008199,130.64353565,130.64353565
13,3,,quantum,precond_pen=1.400,1.4,True,2,0.009536,128.78968095,128.78968095
13,3,,quantum,precond_pen=1.400,1.4,True,3,0.037433,128.30646462,128.30646462
13,3,,quantum,precond_pen=1.400,1.4,True,4,0.521632,128.04737141,128.04737141
13,3,,quantum,precond_pen=1.400,1.4,True,5,0.529615,128.04737141,128.04737141
13,3,,quantum,precond_pen=1.600,1.6,True,0,0.000113,149.73360048,149.73360048
13,3,,quantum,precond_pen=1.600,1.6,True,1,0.007333,141.14562249,141.14562249
13,3,,quantum,precond_pen=1.600,1.6,True,2,0.007932,141.27753143,141.14562249
13,3,,quantum,precond_pen=1.600,1.6,True,3,0.008305,140.97404587,140.97404587
13,3,,quantum,precond_pen=1.600,1.6,True,4,0.008853,128.04737141,128.04737141
13,3,,quantum,precond_pen=1.800,1.8,True,0,0.000115,149.73360048,149.73360048
13,3,,quantum,precond_pen=1.800,1.8,True,1,0.006225,147.21869054,147.21869054
13,3,,quantum,precond_pen=1.800,1.8,True,2,0.006562,143.17078969,143.17078969
13,3,,quantum,precond_pen=1.800,1.8,True,3,0.006884,141.26466728,141.26466728
13,3,,quantum,precond_pen=1.800,1.8,True,4,0.007278,128.30646462,128.30646462
13,3,,quantum,precond_pen=1.800,1.8,True,5,0.031171,128.04737141,128.04737141
13,3,,quantum,precond_pen=2.000,2.0,True,0,0.000111,149.73360048,149.73360048
13,3,,quantum,precond_pen=2.000,2.0,True,1,0.006151,148.3138129,148.3138129
13,3,,quantum,precond_pen=2.000,2.0,True,2,0.006638,128.30646462,128.30646462
13,3,,quantum,precond_pen=2.000,2.0,True,3,0.025562,128.78968095,128.30646462
13,3,,quantum,precond_pen=2.000,2.0,True,4,0.0323,128.04737141,128.04737141
14,3,,quantum,baseline,,True,0,0.000145,142.15361079,142.15361079
14,3,,quantum,baseline,,True,1,0.00893,116.52272225,116.52272225
14,3,,quantum,precond_pen=1.100,1.1,True,0,0.000123,142.15361079,142.15361079
14,3,,quantum,precond_pen=1.100,1.1,True,1,0.007829,138.46009427,138.46009427
14,3,,quantum,precond_pen=1.100,1.1,True,2,0.00854,138.07966951,138.07966951
14,3,,quantum,precond_pen=1.100,1.1,True,3,0.009078,134.73404472,134.73404472
14,3,,quantum,precond_pen=1.100,1.1,True,4,0.009717,116.52272225,116.52272225
14,3,,quantum,precond_pen=1.200,1.2,True,0,0.000148,142.15361079,142.15361079
14,3,,quantum,precond_pen=1.200,1.2,True,1,0.009645,129.76133438,129.76133438
14,3,,quantum,precond_pen=1.200,1.2,True,2,0.011153,116.52272225,116.52272225
14,3,,quantum,precond_pen=1.400,1.4,True,0,0.000168,142.15361079,142.15361079
14,3,,quantum,precond_pen=1.400,1.4,True,1,0.009171,124.4649289,124.4649289
14,3,,quantum,precond_pen=1.400,1.4,True,2,0.010509,116.52272225,116.52272225
14,3,,quantum,precond_pen=1.600,1.6,True,0,0.000114,142.15361079,142.15361079
14,3,,quantum,precond_pen=1.600,1.6,True,1,0.006596,133.28851175,133.28851175
14,3,,quantum,precond_pen=1.600,1.6,True,2,0.007026,116.52272225,116.52272225
14,3,,quantum,precond_pen=1.800,1.8,True,0,0.00011,142.15361079,142.15361079
14,3,,quantum,precond_pen=1.800,1.8,True,1,0.007278,137.76316534,137.76316534
14,3,,quantum,precond_pen=1.800,1.8,True,2,0.008045,136.14444888,136.14444888
14,3,,quantum,precond_pen=1.800,1.8,True,3,0.008519,116.52272225,116.52272225
14,3,,quantum,precond_pen=2.000,2.0,True,0,0.000102,142.15361079,142.15361079
14,3,,quantum,precond_pen=2.000,2.0,True,1,0.006465,124.15933034,124.15933034
14,3,,quantum,precond_pen=2.000,2.0,True,2,0.007315,118.26147738,118.26147738
15,3,,quantum,baseline,,True,0,0.000112,152.84927086,152.84927086
15,3,,quantum,baseline,,True,1,0.006197,149.19904334,149.19904334
15,3,,quantum,baseline,,True,2,0.006972,148.27704878,148.27704878
15,3,,quantum,baseline,,True,3,0.007689,133.58337106,133.58337106
15,3,,quantum,baseline,,True,4,0.616081,132.94083176,132.94083176
15,3,,quantum,baseline,,True,5,0.90081,132.94083176,132.94083176
15,3,,quantum,precond_pen=1.100,1.1,True,0,0.000114,152.84927086,152.84927086
15,3,,quantum,precond_pen=1.100,1.1,True,1,0.007946,152.25200182,152.25200182
15,3,,quantum,precond_pen=1.100,1.1,True,2,0.008456,148.27704878,148.27704878
15,3,,quantum,precond_pen=1.100,1.1,True,3,0.008938,145.07464789,145.07464789
15,3,,quantum,precond_pen=1.100,1.1,True,4,0.009448,133.89602424,133.89602424
15,3,,quantum,precond_pen=1.100,1.1,True,5,0.039987,132.94083176,132.94083176
15,3,,quantum,precond_pen=1.200,1.2,True,0,0.00018,152.84927086,152.84927086
15,3,,quantum,precond_pen=1.200,1.2,True,1,0.010159,142.2465066,142.2465066
15,3,,quantum,precond_pen=1.200,1.2,True,2,0.010664,133.89602424,133.89602424
15,3,,quantum,precond_pen=1.200,1.2,True,3,0.038264,132.94083176,132.94083176
15,3,,quantum,precond_pen=1.400,1.4,True,0,0.000153,152.84927086,152.84927086
15,3,,quantum,precond_pen=1.400,1.4,True,1,0.0099,150.53667922,150.53667922
15,3,,quantum,precond_pen=1.400,1.4,True,2,0.010406,133.89602424,133.89602424
15,3,,quantum,precond_pen=1.400,1.4,True,3,0.531381,133.58337106,133.58337106
15,3,,quantum,precond_pen=1.400,1.4,True,4,0.531559,132.94083176,132.94083176
15,3,,quantum,precond_pen=1.400,1.4,True,5,0.536576,132.94083176,132.94083176
15,3,,quantum,precond_pen=1.600,1.6,True,0,0.000112,152.84927086,152.84927086
15,3,,quantum,precond_pen=1.600,1.6,True,1,0.00774,141.96399714,141.96399714
15,3,,quantum,precond_pen=1.600,1.6,True,2,0.008154,133.89602424,133.89602424
15,3,,quantum,precond_pen=1.600,1.6,True,3,0.027927,132.94083176,132.94083176
15,3,,quantum,precond_pen=1.800,1.8,True,0,0.00012,152.84927086,152.84927086
15,3,,quantum,precond_pen=1.800,1.8,True,1,0.00719,150.87946152,150.87946152
15,3,,quantum,precond_pen=1.800,1.8,True,2,0.007605,148.27704878,148.27704878
15,3,,quantum,precond_pen=1.800,1.8,True,3,0.008316,133.89602424,133.89602424
15,3,,quantum,precond_pen=1.800,1.8,True,4,0.23175,132.94083176,132.94083176
15,3,,quantum,precond_pen=1.800,1.8,True,5,0.232234,132.94083176,132.94083176
15,3,,quantum,precond_pen=2.000,2.0,True,0,0.000109,152.84927086,152.84927086
15,3,,quantum,precond_pen=2.000,2.0,True,1,0.007437,139.31908836,139.31908836
15,3,,quantum,precond_pen=2.000,2.0,True,2,0.008526,132.94083176,132.94083176
15,3,,quantum,precond_pen=2.000,2.0,True,3,0.035322,133.89602424,132.94083176
16,3,,quantum,baseline,,True,0,0.000116,136.96958161,136.96958161
16,3,,quantum,baseline,,True,1,0.006643,132.57354016,132.57354016
16,3,,quantum,baseline,,True,2,0.007811,120.22779729,120.22779729
16,3,,quantum,baseline,,True,3,0.089461,117.59602202,117.59602202
16,3,,quantum,precond_pen=1.100,1.1,True,0,0.000149,136.96958161,136.96958161
16,3,,quantum,precond_pen=1.100,1.1,True,1,0.009563,131.77888441,131.77888441
16,3,,quantum,precond_pen=1.100,1.1,True,2,0.010885,119.97737986,119.97737986
16,3,,quantum,precond_pen=1.100,1.1,True,3,0.038428,117.59602202,117.59602202
16,3,,quantum,precond_pen=1.200,1.2,True,0,0.000115,136.96958161,136.96958161
16,3,,quantum,precond_pen=1.200,1.2,True,1,0.007874,117.59602202,117.59602202
16,3,,quantum,precond_pen=1.400,1.4,True,0,0.00011,136.96958161,136.96958161
16,3,,quantum,precond_pen=1.400,1.4,True,1,0.007055,134.84036968,134.84036968
16,3,,quantum,precond_pen=1.400,1.4,True,2,0.008041,132.39632542,132.39632542
16,3,,quantum,precond_pen=1.400,1.4,True,3,0.008512,117.59602202,117.59602202
16,3,,quantum,precond_pen=1.600,1.6,True,0,0.000114,136.96958161,136.96958161
16,3,,quantum,precond_pen=1.600,1.6,True,1,0.008759,134.66180115,134.66180115
16,3,,quantum,precond_pen=1.600,1.6,True,2,0.009982,134.54815381,134.54815381
16,3,,quantum,precond_pen=1.600,1.6,True,3,0.010451,118.24501349,118.24501349
16,3,,quantum,precond_pen=1.600,1.6,True,4,0.036587,117.59602202,117.59602202
16,3,,quantum,precond_pen=1.800,1.8,True,0,0.000117,136.96958161,136.96958161
16,3,,quantum,precond_pen=1.800,1.8,True,1,0.008635,127.01189186,127.01189186
16,3,,quantum,precond_pen=1.800,1.8,True,2,0.009947,118.24501349,118.24501349
16,3,,quantum,precond_pen=2.000,2.0,True,0,0.000158,136.96958161,136.96958161
16,3,,quantum,precond_pen=2.000,2.0,True,1,0.009302,132.85003969,132.85003969
16,3,,quantum,precond_pen=2.000,2.0,True,2,0.010539,133.01292358,132.85003969
16,3,,quantum,precond_pen=2.000,2.0,True,3,0.011238,120.57197526,120.57197526
17,3,,quantum,baseline,,True,0,0.000155,138.84937541,138.84937541
17,3,,quantum,baseline,,True,1,0.008358,137.09666712,137.09666712
17,3,,quantum,baseline,,True,2,0.008996,118.01194364,118.01194364
17,3,,quantum,baseline,,True,3,0.103532,117.68792495,117.68792495
17,3,,quantum,precond_pen=1.100,1.1,True,0,0.000105,138.84937541,138.84937541
17,3,,quantum,precond_pen=1.100,1.1,True,1,0.006734,129.5403124,129.5403124
17,3,,quantum,precond_pen=1.100,1.1,True,2,0.007585,117.68792495,117.68792495
17,3,,quantum,precond_pen=1.100,1.1,True,3,0.026568,118.01194364,117.68792495
17,3,,quantum,precond_pen=1.200,1.2,True,0,0.000118,138.84937541,138.84937541
17,3,,quantum,precond_pen=1.200,1.2,True,1,0.007432,137.91366692,137.91366692
17,3,,quantum,precond_pen=1.200,1.2,True,2,0.007829,137.09666712,137.09666712
17,3,,quantum,precond_pen=1.200,1.2,True,3,0.008481,118.01194364,118.01194364
17,3,,quantum,precond_pen=1.400,1.4,True,0,0.000115,138.84937541,138.84937541
17,3,,quantum,precond_pen=1.400,1.4,True,1,0.007744,123.05667736,123.05667736
17,3,,quantum,precond_pen=1.400,1.4,True,2,0.008969,117.68792495,117.68792495
17,3,,quantum,precond_pen=1.400,1.4,True,3,0.032817,118.01194364,117.68792495
17,3,,quantum,precond_pen=1.600,1.6,True,0,0.000119,138.84937541,138.84937541
17,3,,quantum,precond_pen=1.600,1.6,True,1,0.008705,135.53644005,135.53644005
17,3,,quantum,precond_pen=1.600,1.6,True,2,0.009531,118.01194364,118.01194364
17,3,,quantum,precond_pen=1.800,1.8,True,0,0.000113,138.84937541,138.84937541
17,3,,quantum,precond_pen=1.800,1.8,True,1,0.008552,137.72574235,137.72574235
17,3,,quantum,precond_pen=1.800,1.8,True,2,0.009266,118.01194364,118.01194364
17,3,,quantum,precond_pen=2.000,2.0,True,0,0.000112,138.84937541,138.84937541
17,3,,quantum,precond_pen=2.000,2.0,True,1,0.00707,135.30494912,135.30494912
17,3,,quantum,precond_pen=2.000,2.0,True,2,0.008266,119.03878653,119.03878653
17,3,,quantum,precond_pen=2.000,2.0,True,3,0.200465,118.01194364,118.01194364
17,3,,quantum,precond_pen=2.000,2.0,True,4,0.232564,118.01194364,118.01194364
18,3,,quantum,baseline,,True,0,0.000121,148.87751433,148.87751433
18,3,,quantum,baseline,,True,1,0.007548,123.29700491,123.29700491
18,3,,quantum,baseline,,True,2,0.389582,123.04507007,123.04507007
18,3,,quantum,baseline,,True,3,1.006982,123.04507007,123.04507007
18,3,,quantum,precond_pen=1.100,1.1,True,0,0.000118,148.87751433,148.87751433
18,3,,quantum,precond_pen=1.100,1.1,True,1,0.008775,133.86045936,133.86045936
18,3,,quantum,precond_pen=1.100,1.1,True,2,0.00919,123.29700491,123.29700491
18,3,,quantum,precond_pen=1.100,1.1,True,3,0.037256,123.30676892,123.29700491
18,3,,quantum,precond_pen=1.100,1.1,True,4,0.155955,123.04507007,123.04507007
18,3,,quantum,precond_pen=1.200,1.2,True,0,0.000116,148.87751433,148.87751433
18,3,,quantum,precond_pen=1.200,1.2,True,1,0.007822,141.3853192,141.3853192
18,3,,quantum,precond_pen=1.200,1.2,True,2,0.009157,139.45914909,139.45914909
18,3,,quantum,precond_pen=1.200,1.2,True,3,0.009687,123.29700491,123.29700491
18,3,,quantum,precond_pen=1.200,1.2,True,4,0.251634,123.04507007,123.04507007
18,3,,quantum,precond_pen=1.400,1.4,True,0,0.000125,148.87751433,148.87751433
18,3,,quantum,precond_pen=1.400,1.4,True,1,0.008543,143.66920679,143.66920679
18,3,,quantum,precond_pen=1.400,1.4,True,2,0.00901,141.67322206,141.67322206
18,3,,quantum,precond_pen=1.400,1.4,True,3,0.009522,138.39767671,138.39767671
18,3,,quantum,precond_pen=1.400,1.4,True,4,0.009958,123.29700491,123.29700491
18,3,,quantum,precond_pen=1.400,1.4,True,5,0.43408,123.19043234,123.19043234
18,3,,quantum,precond_pen=1.400,1.4,True,6,0.434295,123.43731404,123.19043234
18,3,,quantum,precond_pen=1.400,1.4,True,7,0.447608,123.30676892,123.19043234
18,3,,quantum,precond_pen=1.400,1.4,True,8,0.447852,123.04507007,123.04507007
18,3,,quantum,precond_pen=1.600,1.6,True,0,0.000122,148.87751433,148.87751433
18,3,,quantum,precond_pen=1.600,1.6,True,1,0.008619,145.0743449,145.0743449
18,3,,quantum,precond_pen=1.600,1.6,True,2,0.009093,141.67322206,141.67322206
18,3,,quantum,precond_pen=1.600,1.6,True,3,0.009663,141.00542141,141.00542141
18,3,,quantum,precond_pen=1.600,1.6,True,4,0.010311,123.30676892,123.30676892
18,3,,quantum,precond_pen=1.600,1.6,True,5,0.481197,123.04507007,123.04507007
18,3,,quantum,precond_pen=1.600,1.6,True,6,0.482128,123.04507007,123.04507007
18,3,,quantum,precond_pen=1.800,1.8,True,0,0.000122,148.87751433,148.87751433
18,3,,quantum,precond_pen=1.800,1.8,True,1,0.007929,138.19296698,138.19296698
18,3,,quantum,precond_pen=1.800,1.8,True,2,0.009604,123.43731404,123.43731404
18,3,,quantum,precond_pen=1.800,1.8,True,3,0.039077,123.29700491,123.29700491
18,3,,quantum,precond_pen=1.800,1.8,True,4,0.120202,123.04507007,123.04507007
18,3,,quantum,precond_pen=2.000,2.0,True,0,0.000191,148.87751433,148.87751433
18,3,,quantum,precond_pen=2.000,2.0,True,1,0.009572,148.69292514,148.69292514
18,3,,quantum,precond_pen=2.000,2.0,True,2,0.010136,145.55526055,145.55526055
18,3,,quantum,precond_pen=2.000,2.0,True,3,0.011062,123.29700491,123.29700491
18,3,,quantum,precond_pen=2.000,2.0,True,4,0.042604,123.43731404,123.29700491
18,3,,quantum,precond_pen=2.000,2.0,True,5,0.043393,123.04507007,123.04507007
19,3,,quantum,baseline,,True,0,0.000113,141.91562752,141.91562752
19,3,,quantum,baseline,,True,1,0.006008,121.42835876,121.42835876
19,3,,quantum,precond_pen=1.100,1.1,True,0,0.000112,141.91562752,141.91562752
19,3,,quantum,precond_pen=1.100,1.1,True,1,0.007428,141.71878405,141.71878405
19,3,,quantum,precond_pen=1.100,1.1,True,2,0.007744,141.45218892,141.45218892
19,3,,quantum,precond_pen=1.100,1.1,True,3,0.00806,130.45591402,130.45591402
19,3,,quantum,precond_pen=1.100,1.1,True,4,0.008425,121.42835876,121.42835876
19,3,,quantum,precond_pen=1.200,1.2,True,0,0.00011,141.91562752,141.91562752
19,3,,quantum,precond_pen=1.200,1.2,True,1,0.006806,134.74461107,134.74461107
19,3,,quantum,precond_pen=1.200,1.2,True,2,0.007206,121.42835876,121.42835876
19,3,,quantum,precond_pen=1.400,1.4,True,0,0.000107,141.91562752,141.91562752
19,3,,quantum,precond_pen=1.400,1.4,True,1,0.008223,134.10251775,134.10251775
19,3,,quantum,precond_pen=1.400,1.4,True,2,0.009707,129.7813811,129.7813811
19,3,,quantum,precond_pen=1.400,1.4,True,3,0.010266,121.42835876,121.42835876
19,3,,quantum,precond_pen=1.600,1.6,True,0,0.000105,141.91562752,141.91562752
19,3,,quantum,precond_pen=1.600,1.6,True,1,0.007562,134.25688494,134.25688494
19,3,,quantum,precond_pen=1.600,1.6,True,2,0.007969,121.42835876,121.42835876
19,3,,quantum,precond_pen=1.800,1.8,True,0,0.00011,141.91562752,141.91562752
19,3,,quantum,precond_pen=1.800,1.8,True,1,0.008055,139.77531184,139.77531184
19,3,,quantum,precond_pen=1.800,1.8,True,2,0.008474,141.45218892,139.77531184
19,3,,quantum,precond_pen=1.800,1.8,True,3,0.008861,138.40773783,138.40773783
19,3,,quantum,precond_pen=1.800,1.8,True,4,0.009293,121.42835876,121.42835876
19,3,,quantum,precond_pen=2.000,2.0,True,0,0.000107,141.91562752,141.91562752
19,3,,quantum,precond_pen=2.000,2.0,True,1,0.007737,137.23481457,137.23481457
19,3,,quantum,precond_pen=2.000,2.0,True,2,0.008258,121.42835876,121.42835876
20,3,,quantum,baseline,,True,0,0.000155,145.99675772,145.99675772
20,3,,quantum,baseline,,True,1,0.006344,141.80394865,141.80394865
20,3,,quantum,baseline,,True,2,0.006742,122.83460776,122.83460776
20,3,,quantum,precond_pen=1.100,1.1,True,0,0.00011,145.99675772,145.99675772
20,3,,quantum,precond_pen=1.100,1.1,True,1,0.00702,140.62276474,140.62276474
20,3,,quantum,precond_pen=1.100,1.1,True,2,0.007412,139.57583828,139.57583828
20,3,,quantum,precond_pen=1.100,1.1,True,3,0.007745,136.42471982,136.42471982
20,3,,quantum,precond_pen=1.100,1.1,True,4,0.008099,125.16663159,125.16663159
20,3,,quantum,precond_pen=1.100,1.1,True,5,0.036193,122.83460776,122.83460776
20,3,,quantum,precond_pen=1.200,1.2,True,0,0.000116,145.99675772,145.99675772
20,3,,quantum,precond_pen=1.200,1.2,True,1,0.008683,131.89843598,131.89843598
20,3,,quantum,precond_pen=1.200,1.2,True,2,0.010285,124.37173951,124.37173951
20,3,,quantum,precond_pen=1.200,1.2,True,3,0.569677,123.35945658,123.35945658
20,3,,quantum,precond_pen=1.200,1.2,True,4,0.575129,122.83460776,122.83460776
20,3,,quantum,precond_pen=1.200,1.2,True,5,0.576938,122.83460776,122.83460776
20,3,,quantum,precond_pen=1.400,1.4,True,0,0.000111,145.99675772,145.99675772
20,3,,quantum,precond_pen=1.400,1.4,True,1,0.007613,137.01603404,137.01603404
20,3,,quantum,precond_pen=1.400,1.4,True,2,0.008445,124.7592249,124.7592249
20,3,,quantum,precond_pen=1.400,1.4,True,3,0.036742,122.83460776,122.83460776
20,3,,quantum,precond_pen=1.600,1.6,True,0,0.000114,145.99675772,145.99675772
20,3,,quantum,precond_pen=1.600,1.6,True,1,0.008867,141.17334557,141.17334557
20,3,,quantum,precond_pen=1.600,1.6,True,2,0.009396,139.57583828,139.57583828
20,3,,quantum,precond_pen=1.600,1.6,True,3,0.010414,122.83460776,122.83460776
20,3,,quantum,precond_pen=1.800,1.8,True,0,0.000115,145.99675772,145.99675772
20,3,,quantum,precond_pen=1.800,1.8,True,1,0.006258,141.99133324,141.99133324
20,3,,quantum,precond_pen=1.800,1.8,True,2,0.006612,143.19703654,141.99133324
20,3,,quantum,precond_pen=1.800,1.8,True,3,0.006924,135.20670244,135.20670244
20,3,,quantum,precond_pen=1.800,1.8,True,4,0.007406,122.83460776,122.83460776
20,3,,quantum,precond_pen=1.800,1.8,True,5,0.032941,124.37173951,122.83460776
20,3,,quantum,precond_pen=2.000,2.0,True,0,0.000111,145.99675772,145.99675772
20,3,,quantum,precond_pen=2.000,2.0,True,1,0.007226,136.72779243,136.72779243
20,3,,quantum,precond_pen=2.000,2.0,True,2,0.007581,122.83460776,122.83460776
20,3,,quantum,precond_pen=2.000,2.0,True,3,0.035949,124.37173951,122.83460776
21,3,,quantum,baseline,,True,0,0.000107,135.05173413,135.05173413
21,3,,quantum,baseline,,True,1,0.007129,133.06835362,133.06835362
21,3,,quantum,baseline,,True,2,0.007505,118.87209048,118.87209048
21,3,,quantum,precond_pen=1.100,1.1,True,0,0.000171,135.05173413,135.05173413
21,3,,quantum,precond_pen=1.100,1.1,True,1,0.013023,130.78388144,130.78388144
21,3,,quantum,precond_pen=1.100,1.1,True,2,0.013914,129.0778328,129.0778328
21,3,,quantum,precond_pen=1.100,1.1,True,3,0.014898,119.52228113,119.52228113
21,3,,quantum,precond_pen=1.100,1.1,True,4,0.052281,118.87209048,118.87209048
21,3,,quantum,precond_pen=1.200,1.2,True,0,0.000152,135.05173413,135.05173413
21,3,,quantum,precond_pen=1.200,1.2,True,1,0.009252,133.043345,133.043345
21,3,,quantum,precond_pen=1.200,1.2,True,2,0.009727,118.87209048,118.87209048
21,3,,quantum,precond_pen=1.400,1.4,True,0,0.000132,135.05173413,135.05173413
21,3,,quantum,precond_pen=1.400,1.4,True,1,0.00717,131.39425439,131.39425439
21,3,,quantum,precond_pen=1.400,1.4,True,2,0.007641,119.52228113,119.52228113
21,3,,quantum,precond_pen=1.400,1.4,True,3,0.03695,118.87209048,118.87209048
21,3,,quantum,precond_pen=1.400,1.4,True,4,0.487102,118.9891921,118.87209048
21,3,,quantum,precond_pen=1.400,1.4,True,5,0.50133,118.9891921,118.87209048
21,3,,quantum,precond_pen=1.600,1.6,True,0,0.000243,135.05173413,135.05173413
21,3,,quantum,precond_pen=1.600,1.6,True,1,0.013643,133.10814217,133.10814217
21,3,,quantum,precond_pen=1.600,1.6,True,2,0.014553,133.1381246,133.10814217
21,3,,quantum,precond_pen=1.600,1.6,True,3,0.015393,130.56227287,130.56227287
21,3,,quantum,precond_pen=1.600,1.6,True,4,0.015969,118.9891921,118.9891921
21,3,,quantum,precond_pen=1.600,1.6,True,5,0.055491,118.87209048,118.87209048
21,3,,quantum,precond_pen=1.800,1.8,True,0,0.000162,135.05173413,135.05173413
21,3,,quantum,precond_pen=1.800,1.8,True,1,0.010415,129.28948089,129.28948089
21,3,,quantum,precond_pen=1.800,1.8,True,2,0.012049,118.9891921,118.9891921
21,3,,quantum,precond_pen=2.000,2.0,True,0,0.000108,135.05173413,135.05173413
21,3,,quantum,precond_pen=2.000,2.0,True,1,0.006598,130.81764581,130.81764581
21,3,,quantum,precond_pen=2.000,2.0,True,2,0.007042,118.9891921,118.9891921
22,3,,quantum,baseline,,True,0,0.000233,137.94890326,137.94890326
22,3,,quantum,baseline,,True,1,0.010427,113.68700063,113.68700063
22,3,,quantum,precond_pen=1.100,1.1,True,0,0.00012,137.94890326,137.94890326
22,3,,quantum,precond_pen=1.100,1.1,True,1,0.00761,131.20781862,131.20781862
22,3,,quantum,precond_pen=1.100,1.1,True,2,0.007936,130.73652246,130.73652246
22,3,,quantum,precond_pen=1.100,1.1,True,3,0.008248,128.22760584,128.22760584
22,3,,quantum,precond_pen=1.100,1.1,True,4,0.00868,117.14012533,117.14012533
22,3,,quantum,precond_pen=1.100,1.1,True,5,0.228972,113.68700063,113.68700063
22,3,,quantum,precond_pen=1.200,1.2,True,0,0.000104,137.94890326,137.94890326
22,3,,quantum,precond_pen=1.200,1.2,True,1,0.008466,136.75437857,136.75437857
22,3,,quantum,precond_pen=1.200,1.2,True,2,0.009191,130.73652246,130.73652246
22,3,,quantum,precond_pen=1.200,1.2,True,3,0.009616,128.22760584,128.22760584
22,3,,quantum,precond_pen=1.200,1.2,True,4,0.010096,117.14012533,117.14012533
22,3,,quantum,precond_pen=1.200,1.2,True,5,0.0375,115.51772177,115.51772177
22,3,,quantum,precond_pen=1.200,1.2,True,6,0.298956,113.68700063,113.68700063
22,3,,quantum,precond_pen=1.400,1.4,True,0,0.000108,137.94890326,137.94890326
22,3,,quantum,precond_pen=1.400,1.4,True,1,0.007258,132.10125773,132.10125773
22,3,,quantum,precond_pen=1.400,1.4,True,2,0.007584,130.73652246,130.73652246
22,3,,quantum,precond_pen=1.400,1.4,True,3,0.00843,113.68700063,113.68700063
22,3,,quantum,precond_pen=1.600,1.6,True,0,0.000109,137.94890326,137.94890326
22,3,,quantum,precond_pen=1.600,1.6,True,1,0.006927,131.65232371,131.65232371
22,3,,quantum,precond_pen=1.600,1.6,True,2,0.007276,115.51772177,115.51772177
22,3,,quantum,precond_pen=1.600,1.6,True,3,0.033038,113.68700063,113.68700063
22,3,,quantum,precond_pen=1.800,1.8,True,0,0.000103,137.94890326,137.94890326
22,3,,quantum,precond_pen=1.800,1.8,True,1,0.006453,133.17704327,133.17704327
22,3,,quantum,precond_pen=1.800,1.8,True,2,0.006801,115.51772177,115.51772177
22,3,,quantum,precond_pen=1.800,1.8,True,3,0.037024,113.68700063,113.68700063
22,3,,quantum,precond_pen=2.000,2.0,True,0,0.000104,137.94890326,137.94890326
22,3,,quantum,precond_pen=2.000,2.0,True,1,0.006248,131.41717331,131.41717331
22,3,,quantum,precond_pen=2.000,2.0,True,2,0.006762,126.74918924,126.74918924
22,3,,quantum,precond_pen=2.000,2.0,True,3,0.00744,113.68700063,113.68700063
23,3,,quantum,baseline,,True,0,0.000104,146.42459781,146.42459781
23,3,,quantum,baseline,,True,1,0.006084,126.97531944,126.97531944
23,3,,quantum,precond_pen=1.100,1.1,True,0,0.000102,146.42459781,146.42459781
23,3,,quantum,precond_pen=1.100,1.1,True,1,0.006289,148.33573386,146.42459781
23,3,,quantum,precond_pen=1.100,1.1,True,2,0.006671,144.96021405,144.96021405
23,3,,quantum,precond_pen=1.100,1.1,True,3,0.007134,144.30278569,144.30278569
23,3,,quantum,precond_pen=1.100,1.1,True,4,0.00754,128.57119253,128.57119253
23,3,,quantum,precond_pen=1.100,1.1,True,5,0.04082,126.97531944,126.97531944
23,3,,quantum,precond_pen=1.200,1.2,True,0,0.000116,146.42459781,146.42459781
23,3,,quantum,precond_pen=1.200,1.2,True,1,0.007278,144.78279323,144.78279323
23,3,,quantum,precond_pen=1.200,1.2,True,2,0.00765,126.97531944,126.97531944
23,3,,quantum,precond_pen=1.400,1.4,True,0,0.000121,146.42459781,146.42459781
23,3,,quantum,precond_pen=1.400,1.4,True,1,0.008919,136.41963896,136.41963896
23,3,,quantum,precond_pen=1.400,1.4,True,2,0.009371,126.97531944,126.97531944
23,3,,quantum,precond_pen=1.600,1.6,True,0,0.000104,146.42459781,146.42459781
23,3,,quantum,precond_pen=1.600,1.6,True,1,0.006641,133.79153003,133.79153003
23,3,,quantum,precond_pen=1.600,1.6,True,2,0.007554,127.59452186,127.59452186
23,3,,quantum,precond_pen=1.600,1.6,True,3,0.028246,126.97531944,126.97531944
23,3,,quantum,precond_pen=1.800,1.8,True,0,0.000118,146.42459781,146.42459781
23,3,,quantum,precond_pen=1.800,1.8,True,1,0.007077,148.21362385,146.42459781
23,3,,quantum,precond_pen=1.800,1.8,True,2,0.007868,142.73969393,142.73969393
23,3,,quantum,precond_pen=1.800,1.8,True,3,0.008643,127.59452186,127.59452186
23,3,,quantum,precond_pen=1.800,1.8,True,4,0.034111,126.97531944,126.97531944
23,3,,quantum,precond_pen=2.000,2.0,True,0,0.000106,146.42459781,146.42459781
23,3,,quantum,precond_pen=2.000,2.0,True,1,0.007463,135.96324106,135.96324106
23,3,,quantum,precond_pen=2.000,2.0,True,2,0.008901,127.59452186,127.59452186
24,3,,quantum,baseline,,True,0,0.000119,139.43295984,139.43295984
24,3,,quantum,baseline,,True,1,0.005569,137.32412379,137.32412379
24,3,,quantum,baseline,,True,2,0.005994,122.5973032,122.5973032
24,3,,quantum,precond_pen=1.100,1.1,True,0,0.00012,139.43295984,139.43295984
24,3,,quantum,precond_pen=1.100,1.1,True,1,0.006688,130.08787343,130.08787343
24,3,,quantum,precond_pen=1.100,1.1,True,2,0.00758,122.77833002,122.77833002
24,3,,quantum,precond_pen=1.200,1.2,True,0,0.00013,139.43295984,139.43295984
24,3,,quantum,precond_pen=1.200,1.2,True,1,0.00774,137.45272255,137.45272255
24,3,,quantum,precond_pen=1.200,1.2,True,2,0.008203,137.48965967,137.45272255
24,3,,quantum,precond_pen=1.200,1.2,True,3,0.00865,134.67996437,134.67996437
24,3,,quantum,precond_pen=1.200,1.2,True,4,0.009243,122.77833002,122.77833002
24,3,,quantum,precond_pen=1.200,1.2,True,5,0.423645,122.77833002,122.77833002
24,3,,quantum,precond_pen=1.400,1.4,True,0,0.000156,139.43295984,139.43295984
24,3,,quantum,precond_pen=1.400,1.4,True,1,0.01097,136.93073584,136.93073584
24,3,,quantum,precond_pen=1.400,1.4,True,2,0.0118,135.09405115,135.09405115
24,3,,quantum,precond_pen=1.400,1.4,True,3,0.012803,122.77833002,122.77833002
24,3,,quantum,precond_pen=1.600,1.6,True,0,0.000114,139.43295984,139.43295984
24,3,,quantum,precond_pen=1.600,1.6,True,1,0.007325,137.37579414,137.37579414
24,3,,quantum,precond_pen=1.600,1.6,True,2,0.007673,137.48965967,137.37579414
24,3,,quantum,precond_pen=1.600,1.6,True,3,0.00812,136.15580503,136.15580503
24,3,,quantum,precond_pen=1.600,1.6,True,4,0.008524,122.77833002,122.77833002
24,3,,quantum,precond_pen=1.800,1.8,True,0,0.000112,139.43295984,139.43295984
24,3,,quantum,precond_pen=1.800,1.8,True,1,0.006631,126.10177388,126.10177388
24,3,,quantum,precond_pen=1.800,1.8,True,2,0.007429,122.77833002,122.77833002
24,3,,quantum,precond_pen=2.000,2.0,True,0,9.7e-05,139.43295984,139.43295984
24,3,,quantum,precond_pen=2.000,2.0,True,1,0.006185,142.24877334,139.43295984
24,3,,quantum,precond_pen=2.000,2.0,True,2,0.006513,137.48965967,137.48965967
24,3,,quantum,precond_pen=2.000,2.0,True,3,0.00684,136.82697857,136.82697857
24,3,,quantum,precond_pen=2.000,2.0,True,4,0.007208,122.77833002,122.77833002
25,3,,quantum,baseline,,True,0,0.000138,144.24807092,144.24807092
25,3,,quantum,baseline,,True,1,0.005159,141.36427032,141.36427032
25,3,,quantum,baseline,,True,2,0.005525,140.98987512,140.98987512
25,3,,quantum,baseline,,True,3,0.005944,124.05263952,124.05263952
25,3,,quantum,precond_pen=1.100,1.1,True,0,0.000119,144.24807092,144.24807092
25,3,,quantum,precond_pen=1.100,1.1,True,1,0.007999,135.30865339,135.30865339
25,3,,quantum,precond_pen=1.100,1.1,True,2,0.009517,130.82281492,130.82281492
25,3,,quantum,precond_pen=1.100,1.1,True,3,0.010063,124.05263952,124.05263952
25,3,,quantum,precond_pen=1.200,1.2,True,0,0.000101,144.24807092,144.24807092
25,3,,quantum,precond_pen=1.200,1.2,True,1,0.006835,140.36885525,140.36885525
25,3,,quantum,precond_pen=1.200,1.2,True,2,0.007134,129.6134434,129.6134434
25,3,,quantum,precond_pen=1.200,1.2,True,3,0.037738,124.05263952,124.05263952
25,3,,quantum,precond_pen=1.400,1.4,True,0,0.000109,144.24807092,144.24807092
25,3,,quantum,precond_pen=1.400,1.4,True,1,0.007797,136.87372984,136.87372984
25,3,,quantum,precond_pen=1.400,1.4,True,2,0.009083,134.15992468,134.15992468
25,3,,quantum,precond_pen=1.400,1.4,True,3,0.009481,129.6134434,129.6134434
25,3,,quantum,precond_pen=1.400,1.4,True,4,0.034147,127.05302266,127.05302266
25,3,,quantum,precond_pen=1.400,1.4,True,5,0.406508,124.05263952,124.05263952
25,3,,quantum,precond_pen=1.600,1.6,True,0,0.000106,144.24807092,144.24807092
25,3,,quantum,precond_pen=1.600,1.6,True,1,0.007082,135.14162016,135.14162016
25,3,,quantum,precond_pen=1.600,1.6,True,2,0.00752,124.05263952,124.05263952
25,3,,quantum,precond_pen=1.800,1.8,True,0,0.00011,144.24807092,144.24807092
25,3,,quantum,precond_pen=1.800,1.8,True,1,0.007738,142.15994639,142.15994639
25,3,,quantum,precond_pen=1.800,1.8,True,2,0.008251,140.98987512,140.98987512
25,3,,quantum,precond_pen=1.800,1.8,True,3,0.008693,142.04841248,140.98987512
25,3,,quantum,precond_pen=1.800,1.8,True,4,0.009104,126.78378469,126.78378469
25,3,,quantum,precond_pen=1.800,1.8,True,5,0.033525,126.62239426,126.62239426
25,3,,quantum,precond_pen=2.000,2.0,True,0,0.000102,144.24807092,144.24807092
25,3,,quantum,precond_pen=2.000,2.0,True,1,0.006225,139.61109439,139.61109439
25,3,,quantum,precond_pen=2.000,2.0,True,2,0.006849,139.28066281,139.28066281
25,3,,quantum,precond_pen=2.000,2.0,True,3,0.007497,126.62239426,126.62239426
26,3,,quantum,baseline,,True,0,0.000107,152.67795069,152.67795069
26,3,,quantum,baseline,,True,1,0.005893,128.79838398,128.79838398
26,3,,quantum,baseline,,True,2,0.283586,128.23785019,128.23785019
26,3,,quantum,baseline,,True,3,0.298134,128.1940791,128.1940791
26,3,,quantum,baseline,,True,4,0.56193,127.56133983,127.56133983
26,3,,quantum,baseline,,True,5,0.71913,127.55584604,127.55584604
26,3,,quantum,baseline,,True,6,0.794287,127.39413841,127.39413841
26,3,,quantum,precond_pen=1.100,1.1,True,0,0.000108,152.67795069,152.67795069
26,3,,quantum,precond_pen=1.100,1.1,True,1,0.008467,138.806648,138.806648
26,3,,quantum,precond_pen=1.100,1.1,True,2,0.010026,128.61836178,128.61836178
26,3,,quantum,precond_pen=1.100,1.1,True,3,0.037717,127.56133983,127.56133983
26,3,,quantum,precond_pen=1.100,1.1,True,4,0.583016,127.55584604,127.55584604
26,3,,quantum,precond_pen=1.100,1.1,True,5,0.587984,127.55584604,127.55584604
26,3,,quantum,precond_pen=1.200,1.2,True,0,0.000121,152.67795069,152.67795069
26,3,,quantum,precond_pen=1.200,1.2,True,1,0.006935,142.22965402,142.22965402
26,3,,quantum,precond_pen=1.200,1.2,True,2,0.007579,140.23295541,140.23295541
26,3,,quantum,precond_pen=1.200,1.2,True,3,0.007942,127.39413841,127.39413841
26,3,,quantum,precond_pen=1.200,1.2,True,4,0.775606,127.55584604,127.39413841
26,3,,quantum,precond_pen=1.200,1.2,True,5,0.776488,127.55584604,127.39413841
26,3,,quantum,precond_pen=1.400,1.4,True,0,0.000103,152.67795069,152.67795069
26,3,,quantum,precond_pen=1.400,1.4,True,1,0.007953,145.08028826,145.08028826
26,3,,quantum,precond_pen=1.400,1.4,True,2,0.008854,141.14418365,141.14418365
26,3,,quantum,precond_pen=1.400,1.4,True,3,0.009319,128.06272944,128.06272944
26,3,,quantum,precond_pen=1.400,1.4,True,4,0.576015,127.39413841,127.39413841
26,3,,quantum,precond_pen=1.400,1.4,True,5,0.644285,127.55584604,127.39413841
26,3,,quantum,precond_pen=1.400,1.4,True,6,0.676775,127.55584604,127.39413841
26,3,,quantum,precond_pen=1.600,1.6,True,0,0.000108,152.67795069,152.67795069
26,3,,quantum,precond_pen=1.600,1.6,True,1,0.008768,147.78179675,147.78179675
26,3,,quantum,precond_pen=1.600,1.6,True,2,0.009104,127.39413841,127.39413841
26,3,,quantum,precond_pen=1.600,1.6,True,3,0.622274,127.55584604,127.39413841
26,3,,quantum,precond_pen=1.600,1.6,True,4,0.739861,127.55584604,127.39413841
26,3,,quantum,precond_pen=1.800,1.8,True,0,0.000112,152.67795069,152.67795069
26,3,,quantum,precond_pen=1.800,1.8,True,1,0.006779,135.07330997,135.07330997
26,3,,quantum,precond_pen=1.800,1.8,True,2,0.007758,128.79838398,128.79838398
26,3,,quantum,precond_pen=1.800,1.8,True,3,0.028533,127.39413841,127.39413841
26,3,,quantum,precond_pen=1.800,1.8,True,4,0.347335,127.55584604,127.39413841
26,3,,quantum,precond_pen=1.800,1.8,True,5,0.347685,127.55584604,127.39413841
26,3,,quantum,precond_pen=2.000,2.0,True,0,0.000109,152.67795069,152.67795069
26,3,,quantum,precond_pen=2.000,2.0,True,1,0.00718,147.73247647,147.73247647
26,3,,quantum,precond_pen=2.000,2.0,True,2,0.008718,141.76720651,141.76720651
26,3,,quantum,precond_pen=2.000,2.0,True,3,0.009299,127.56133983,127.56133983
26,3,,quantum,precond_pen=2.000,2.0,True,4,0.043039,128.06272944,127.56133983
26,3,,quantum,precond_pen=2.000,2.0,True,5,0.135686,127.55584604,127.55584604
27,3,,quantum,baseline,,True,0,9.5e-05,147.47040017,147.47040017
27,3,,quantum,baseline,,True,1,0.00572,134.4427609,134.4427609
27,3,,quantum,baseline,,True,2,0.09234,133.13457504,133.13457504
27,3,,quantum,baseline,,True,3,0.736919,132.14157879,132.14157879
27,3,,quantum,baseline,,True,4,1.16062,132.14157879,132.14157879
27,3,,quantum,precond_pen=1.100,1.1,True,0,0.000103,147.47040017,147.47040017
27,3,,quantum,precond_pen=1.100,1.1,True,1,0.0061,145.36590938,145.36590938
27,3,,quantum,precond_pen=1.100,1.1,True,2,0.007033,141.03367434,141.03367434
27,3,,quantum,precond_pen=1.100,1.1,True,3,0.007451,134.27698892,134.27698892
27,3,,quantum,precond_pen=1.100,1.1,True,4,0.026188,132.14157879,132.14157879
27,3,,quantum,precond_pen=1.100,1.1,True,5,0.141668,132.75628088,132.14157879
27,3,,quantum,precond_pen=1.200,1.2,True,0,0.000123,147.47040017,147.47040017
27,3,,quantum,precond_pen=1.200,1.2,True,1,0.006092,142.19557845,142.19557845
27,3,,quantum,precond_pen=1.200,1.2,True,2,0.006575,132.75628088,132.75628088
27,3,,quantum,precond_pen=1.400,1.4,True,0,0.000118,147.47040017,147.47040017
27,3,,quantum,precond_pen=1.400,1.4,True,1,0.0059,148.5201242,147.47040017
27,3,,quantum,precond_pen=1.400,1.4,True,2,0.006315,133.83478506,133.83478506
27,3,,quantum,precond_pen=1.400,1.4,True,3,0.022894,133.14173863,133.14173863
27,3,,quantum,precond_pen=1.400,1.4,True,4,0.458525,132.75628088,132.75628088
27,3,,quantum,precond_pen=1.400,1.4,True,5,0.493382,132.14157879,132.14157879
27,3,,quantum,precond_pen=1.400,1.4,True,6,0.49647,132.14157879,132.14157879
27,3,,quantum,precond_pen=1.600,1.6,True,0,0.000106,147.47040017,147.47040017
27,3,,quantum,precond_pen=1.600,1.6,True,1,0.006976,146.96244393,146.96244393
27,3,,quantum,precond_pen=1.600,1.6,True,2,0.007435,133.83478506,133.83478506
27,3,,quantum,precond_pen=1.600,1.6,True,3,0.606004,132.75628088,132.75628088
27,3,,quantum,precond_pen=1.600,1.6,True,4,0.620786,132.14157879,132.14157879
27,3,,quantum,precond_pen=1.600,1.6,True,5,0.642925,132.14157879,132.14157879
27,3,,quantum,precond_pen=1.800,1.8,True,0,0.00013,147.47040017,147.47040017
27,3,,quantum,precond_pen=1.800,1.8,True,1,0.008117,144.31760258,144.31760258
27,3,,quantum,precond_pen=1.800,1.8,True,2,0.008583,134.27698892,134.27698892
27,3,,quantum,precond_pen=1.800,1.8,True,3,0.042014,134.4427609,134.27698892
27,3,,quantum,precond_pen=1.800,1.8,True,4,0.134609,134.19296508,134.19296508
27,3,,quantum,precond_pen=1.800,1.8,True,5,0.336543,133.14173863,133.14173863
27,3,,quantum,precond_pen=1.800,1.8,True,6,0.338402,133.14173863,133.14173863
27,3,,quantum,precond_pen=2.000,2.0,True,0,0.000112,147.47040017,147.47040017
27,3,,quantum,precond_pen=2.000,2.0,True,1,0.007226,147.9593654,147.47040017
27,3,,quantum,precond_pen=2.000,2.0,True,2,0.008273,141.89546381,141.89546381
27,3,,quantum,precond_pen=2.000,2.0,True,3,0.008767,135.60733993,135.60733993
27,3,,quantum,precond_pen=2.000,2.0,True,4,0.039638,132.75628088,132.75628088
27,3,,quantum,precond_pen=2.000,2.0,True,5,0.259155,133.14173863,132.75628088
28,3,,quantum,baseline,,True,0,0.000101,161.13941052,161.13941052
28,3,,quantum,baseline,,True,1,0.006892,133.95794465,133.95794465
28,3,,quantum,precond_pen=1.100,1.1,True,0,9.8e-05,161.13941052,161.13941052
28,3,,quantum,precond_pen=1.100,1.1,True,1,0.006318,154.53889747,154.53889747
28,3,,quantum,precond_pen=1.100,1.1,True,2,0.006621,153.9850542,153.9850542
28,3,,quantum,precond_pen=1.100,1.1,True,3,0.006913,152.69819264,152.69819264
28,3,,quantum,precond_pen=1.100,1.1,True,4,0.007329,137.12769981,137.12769981
28,3,,quantum,precond_pen=1.100,1.1,True,5,0.03107,133.95794465,133.95794465
28,3,,quantum,precond_pen=1.200,1.2,True,0,0.000142,161.13941052,161.13941052
28,3,,quantum,precond_pen=1.200,1.2,True,1,0.006035,158.94430541,158.94430541
28,3,,quantum,precond_pen=1.200,1.2,True,2,0.006334,153.9850542,153.9850542
28,3,,quantum,precond_pen=1.200,1.2,True,3,0.006891,144.71427493,144.71427493
28,3,,quantum,precond_pen=1.200,1.2,True,4,0.007261,133.95794465,133.95794465
28,3,,quantum,precond_pen=1.400,1.4,True,0,9e-05,161.13941052,161.13941052
28,3,,quantum,precond_pen=1.400,1.4,True,1,0.006432,154.36793195,154.36793195
28,3,,quantum,precond_pen=1.400,1.4,True,2,0.006943,133.95794465,133.95794465
28,3,,quantum,precond_pen=1.600,1.6,True,0,0.000145,161.13941052,161.13941052
28,3,,quantum,precond_pen=1.600,1.6,True,1,0.008036,150.59344449,150.59344449
28,3,,quantum,precond_pen=1.600,1.6,True,2,0.009319,136.54211529,136.54211529
28,3,,quantum,precond_pen=1.600,1.6,True,3,0.038396,133.95794465,133.95794465
28,3,,quantum,precond_pen=1.800,1.8,True,0,9.6e-05,161.13941052,161.13941052
28,3,,quantum,precond_pen=1.800,1.8,True,1,0.006386,155.01077469,155.01077469
28,3,,quantum,precond_pen=1.800,1.8,True,2,0.006942,152.65035664,152.65035664
28,3,,quantum,precond_pen=1.800,1.8,True,3,0.007773,137.74108753,137.74108753
28,3,,quantum,precond_pen=1.800,1.8,True,4,0.088255,133.95794465,133.95794465
28,3,,quantum,precond_pen=1.800,1.8,True,5,0.089348,133.95794465,133.95794465
28,3,,quantum,precond_pen=2.000,2.0,True,0,9.4e-05,161.13941052,161.13941052
28,3,,quantum,precond_pen=2.000,2.0,True,1,0.006066,144.98565391,144.98565391
28,3,,quantum,precond_pen=2.000,2.0,True,2,0.007221,133.95794465,133.95794465
29,3,,quantum,baseline,,True,0,0.00014,146.33502735,146.33502735
29,3,,quantum,baseline,,True,1,0.005739,119.7857443,119.7857443
29,3,,quantum,baseline,,True,2,0.666297,118.33310044,118.33310044
29,3,,quantum,baseline,,True,3,0.841117,118.33310044,118.33310044
29,3,,quantum,precond_pen=1.100,1.1,True,0,0.000153,146.33502735,146.33502735
29,3,,quantum,precond_pen=1.100,1.1,True,1,0.007855,133.32137799,133.32137799
29,3,,quantum,precond_pen=1.100,1.1,True,2,0.009203,119.7857443,119.7857443
29,3,,quantum,precond_pen=1.100,1.1,True,3,0.035053,118.33310044,118.33310044
29,3,,quantum,precond_pen=1.200,1.2,True,0,9.5e-05,146.33502735,146.33502735
29,3,,quantum,precond_pen=1.200,1.2,True,1,0.006494,138.63014932,138.63014932
29,3,,quantum,precond_pen=1.200,1.2,True,2,0.006811,121.26661622,121.26661622
29,3,,quantum,precond_pen=1.200,1.2,True,3,0.027801,119.7857443,119.7857443
29,3,,quantum,precond_pen=1.200,1.2,True,4,0.480549,118.33310044,118.33310044
29,3,,quantum,precond_pen=1.200,1.2,True,5,0.481121,118.33310044,118.33310044
29,3,,quantum,precond_pen=1.400,1.4,True,0,0.000153,146.33502735,146.33502735
29,3,,quantum,precond_pen=1.400,1.4,True,1,0.007054,134.70603789,134.70603789
29,3,,quantum,precond_pen=1.400,1.4,True,2,0.007771,134.7661541,134.70603789
29,3,,quantum,precond_pen=1.400,1.4,True,3,0.008107,119.7857443,119.7857443
29,3,,quantum,precond_pen=1.400,1.4,True,4,0.429548,118.33310044,118.33310044
29,3,,quantum,precond_pen=1.400,1.4,True,5,0.42996,118.33310044,118.33310044
29,3,,quantum,precond_pen=1.600,1.6,True,0,0.000152,146.33502735,146.33502735
29,3,,quantum,precond_pen=1.600,1.6,True,1,0.008526,143.85693484,143.85693484
29,3,,quantum,precond_pen=1.600,1.6,True,2,0.008938,140.40458848,140.40458848
29,3,,quantum,precond_pen=1.600,1.6,True,3,0.009363,136.55700719,136.55700719
29,3,,quantum,precond_pen=1.600,1.6,True,4,0.00979,121.26661622,121.26661622
29,3,,quantum,precond_pen=1.600,1.6,True,5,0.035942,118.33310044,118.33310044
29,3,,quantum,precond_pen=1.800,1.8,True,0,0.000112,146.33502735,146.33502735
29,3,,quantum,precond_pen=1.800,1.8,True,1,0.007398,135.66773334,135.66773334
29,3,,quantum,precond_pen=1.800,1.8,True,2,0.008988,118.33310044,118.33310044
29,3,,quantum,precond_pen=2.000,2.0,True,0,9.5e-05,146.33502735,146.33502735
29,3,,quantum,precond_pen=2.000,2.0,True,1,0.00583,140.81931884,140.81931884
29,3,,quantum,precond_pen=2.000,2.0,True,2,0.006166,140.40458848,140.40458848
29,3,,quantum,precond_pen=2.000,2.0,True,3,0.006487,141.80329909,140.40458848
29,3,,quantum,precond_pen=2.000,2.0,True,4,0.006815,118.33310044,118.33310044
30,3,,quantum,baseline,,True,0,0.00016,140.81262535,140.81262535
30,3,,quantum,baseline,,True,1,0.007837,138.54696213,138.54696213
30,3,,quantum,baseline,,True,2,0.008196,138.45414359,138.45414359
30,3,,quantum,baseline,,True,3,0.008903,122.74920645,122.74920645
30,3,,quantum,baseline,,True,4,0.491712,121.91267551,121.91267551
30,3,,quantum,baseline,,True,5,0.51633,121.46627467,121.46627467
30,3,,quantum,baseline,,True,6,1.203628,121.46627467,121.46627467
30,3,,quantum,precond_pen=1.100,1.1,True,0,0.000171,140.81262535,140.81262535
30,3,,quantum,precond_pen=1.100,1.1,True,1,0.012421,137.22383331,137.22383331
30,3,,quantum,precond_pen=1.100,1.1,True,2,0.013378,134.65323605,134.65323605
30,3,,quantum,precond_pen=1.100,1.1,True,3,0.014475,122.74920645,122.74920645
30,3,,quantum,precond_pen=1.100,1.1,True,4,0.045138,122.14235153,122.14235153
30,3,,quantum,precond_pen=1.100,1.1,True,5,0.285765,121.91267551,121.91267551
30,3,,quantum,precond_pen=1.100,1.1,True,6,0.286609,121.46627467,121.46627467
30,3,,quantum,precond_pen=1.200,1.2,True,0,0.000169,140.81262535,140.81262535
30,3,,quantum,precond_pen=1.200,1.2,True,1,0.010493,122.14235153,122.14235153
30,3,,quantum,precond_pen=1.200,1.2,True,2,0.36462,121.79458822,121.79458822
30,3,,quantum,precond_pen=1.200,1.2,True,3,0.36513,121.46627467,121.46627467
30,3,,quantum,precond_pen=1.400,1.4,True,0,0.000219,140.81262535,140.81262535
30,3,,quantum,precond_pen=1.400,1.4,True,1,0.010648,122.59764778,122.59764778
30,3,,quantum,precond_pen=1.400,1.4,True,2,0.026502,122.14235153,122.14235153
30,3,,quantum,precond_pen=1.400,1.4,True,3,0.617419,121.91267551,121.91267551
30,3,,quantum,precond_pen=1.400,1.4,True,4,0.624756,121.46627467,121.46627467
30,3,,quantum,precond_pen=1.400,1.4,True,5,0.625903,121.46627467,121.46627467
30,3,,quantum,precond_pen=1.600,1.6,True,0,0.000171,140.81262535,140.81262535
30,3,,quantum,precond_pen=1.600,1.6,True,1,0.011972,139.82072074,139.82072074
30,3,,quantum,precond_pen=1.600,1.6,True,2,0.012671,138.45414359,138.45414359
30,3,,quantum,precond_pen=1.600,1.6,True,3,0.013352,136.21111102,136.21111102
30,3,,quantum,precond_pen=1.600,1.6,True,4,0.01386,122.74920645,122.74920645
30,3,,quantum,precond_pen=1.600,1.6,True,5,0.05166,122.82304929,122.74920645
30,3,,quantum,precond_pen=1.600,1.6,True,6,0.92456,121.46627467,121.46627467
30,3,,quantum,precond_pen=1.600,1.6,True,7,0.942208,121.46627467,121.46627467
30,3,,quantum,precond_pen=1.800,1.8,True,0,0.000311,140.81262535,140.81262535
30,3,,quantum,precond_pen=1.800,1.8,True,1,0.009206,137.03011991,137.03011991
30,3,,quantum,precond_pen=1.800,1.8,True,2,0.009639,134.65323605,134.65323605
30,3,,quantum,precond_pen=1.800,1.8,True,3,0.009943,130.96614754,130.96614754
30,3,,quantum,precond_pen=1.800,1.8,True,4,0.010308,123.52993575,123.52993575
30,3,,quantum,precond_pen=2.000,2.0,True,0,0.000161,140.81262535,140.81262535
30,3,,quantum,precond_pen=2.000,2.0,True,1,0.011227,135.88323343,135.88323343
30,3,,quantum,precond_pen=2.000,2.0,True,2,0.012237,134.65323605,134.65323605
30,3,,quantum,precond_pen=2.000,2.0,True,3,0.013264,123.52993575,123.52993575
30,3,,quantum,precond_pen=2.000,2.0,True,4,0.048585,121.46627467,121.46627467
31,3,,quantum,baseline,,True,0,0.000148,149.69382883,149.69382883
31,3,,quantum,baseline,,True,1,0.007011,147.45669658,147.45669658
31,3,,quantum,baseline,,True,2,0.008204,146.52609766,146.52609766
31,3,,quantum,baseline,,True,3,0.008789,133.99605158,133.99605158
31,3,,quantum,baseline,,True,4,0.097014,133.23763159,133.23763159
31,3,,quantum,baseline,,True,5,0.733801,132.6642314,132.6642314
31,3,,quantum,baseline,,True,6,1.346649,132.6642314,132.6642314
31,3,,quantum,precond_pen=1.100,1.1,True,0,0.000126,149.69382883,149.69382883
31,3,,quantum,precond_pen=1.100,1.1,True,1,0.009338,147.48054543,147.48054543
31,3,,quantum,precond_pen=1.100,1.1,True,2,0.009983,133.30581951,133.30581951
31,3,,quantum,precond_pen=1.100,1.1,True,3,0.553084,132.6642314,132.6642314
31,3,,quantum,precond_pen=1.100,1.1,True,4,0.555142,132.6642314,132.6642314
31,3,,quantum,precond_pen=1.200,1.2,True,0,0.000114,149.69382883,149.69382883
31,3,,quantum,precond_pen=1.200,1.2,True,1,0.008709,148.77164308,148.77164308
31,3,,quantum,precond_pen=1.200,1.2,True,2,0.009248,132.6642314,132.6642314
31,3,,quantum,precond_pen=1.400,1.4,True,0,0.00011,149.69382883,149.69382883
31,3,,quantum,precond_pen=1.400,1.4,True,1,0.008697,148.56869179,148.56869179
31,3,,quantum,precond_pen=1.400,1.4,True,2,0.009255,146.52609766,146.52609766
31,3,,quantum,precond_pen=1.400,1.4,True,3,0.010081,133.99605158,133.99605158
31,3,,quantum,precond_pen=1.400,1.4,True,4,0.037536,133.23763159,133.23763159
31,3,,quantum,precond_pen=1.400,1.4,True,5,0.598946,132.6642314,132.6642314
31,3,,quantum,precond_pen=1.400,1.4,True,6,0.600736,132.6642314,132.6642314
31,3,,quantum,precond_pen=1.600,1.6,True,0,0.000151,149.69382883,149.69382883
31,3,,quantum,precond_pen=1.600,1.6,True,1,0.009376,149.19036127,149.19036127
31,3,,quantum,precond_pen=1.600,1.6,True,2,0.009974,132.6642314,132.6642314
31,3,,quantum,precond_pen=1.800,1.8,True,0,0.000106,149.69382883,149.69382883
31,3,,quantum,precond_pen=1.800,1.8,True,1,0.006296,147.85953534,147.85953534
31,3,,quantum,precond_pen=1.800,1.8,True,2,0.006721,146.52609766,146.52609766
31,3,,quantum,precond_pen=1.800,1.8,True,3,0.00737,133.30581951,133.30581951
31,3,,quantum,precond_pen=1.800,1.8,True,4,0.028735,133.28188519,133.28188519
31,3,,quantum,precond_pen=2.000,2.0,True,0,0.000114,149.69382883,149.69382883
31,3,,quantum,precond_pen=2.000,2.0,True,1,0.008051,150.43861466,149.69382883
31,3,,quantum,precond_pen=2.000,2.0,True,2,0.009427,133.30581951,133.30581951
31,3,,quantum,precond_pen=2.000,2.0,True,3,0.194952,132.6642314,132.6642314
31,3,,quantum,precond_pen=2.000,2.0,True,4,0.195138,133.28188519,132.6642314
32,3,,quantum,baseline,,True,0,0.000131,136.50888333,136.50888333
32,3,,quantum,baseline,,True,1,0.006035,129.6101708,129.6101708
32,3,,quantum,baseline,,True,2,0.007872,108.36902601,108.36902601
32,3,,quantum,precond_pen=1.100,1.1,True,0,0.00013,136.50888333,136.50888333
32,3,,quantum,precond_pen=1.100,1.1,True,1,0.007609,111.72094621,111.72094621
32,3,,quantum,precond_pen=1.100,1.1,True,2,0.008453,109.32568924,109.32568924
32,3,,quantum,precond_pen=1.200,1.2,True,0,0.000103,136.50888333,136.50888333
32,3,,quantum,precond_pen=1.200,1.2,True,1,0.007483,122.99155722,122.99155722
32,3,,quantum,precond_pen=1.200,1.2,True,2,0.008458,120.15195101,120.15195101
32,3,,quantum,precond_pen=1.200,1.2,True,3,0.008827,110.23844363,110.23844363
32,3,,quantum,precond_pen=1.200,1.2,True,4,0.035068,108.36902601,108.36902601
32,3,,quantum,precond_pen=1.400,1.4,True,0,0.000101,136.50888333,136.50888333
32,3,,quantum,precond_pen=1.400,1.4,True,1,0.006294,131.33457421,131.33457421
32,3,,quantum,precond_pen=1.400,1.4,True,2,0.006609,129.6101708,129.6101708
32,3,,quantum,precond_pen=1.400,1.4,True,3,0.006902,120.15195101,120.15195101
32,3,,quantum,precond_pen=1.400,1.4,True,4,0.007162,110.23844363,110.23844363
32,3,,quantum,precond_pen=1.400,1.4,True,5,0.023989,108.36902601,108.36902601
32,3,,quantum,precond_pen=1.400,1.4,True,6,0.454819,108.36902601,108.36902601
32,3,,quantum,precond_pen=1.600,1.6,True,0,0.000112,136.50888333,136.50888333
32,3,,quantum,precond_pen=1.600,1.6,True,1,0.008496,119.68811132,119.68811132
32,3,,quantum,precond_pen=1.600,1.6,True,2,0.009826,109.56812673,109.56812673
32,3,,quantum,precond_pen=1.600,1.6,True,3,0.040598,108.36902601,108.36902601
32,3,,quantum,precond_pen=1.800,1.8,True,0,0.000115,136.50888333,136.50888333
32,3,,quantum,precond_pen=1.800,1.8,True,1,0.009115,127.41833533,127.41833533
32,3,,quantum,precond_pen=1.800,1.8,True,2,0.010517,127.05912482,127.05912482
32,3,,quantum,precond_pen=1.800,1.8,True,3,0.011139,108.36902601,108.36902601
32,3,,quantum,precond_pen=2.000,2.0,True,0,0.000122,136.50888333,136.50888333
32,3,,quantum,precond_pen=2.000,2.0,True,1,0.00744,118.46174671,118.46174671
32,3,,quantum,precond_pen=2.000,2.0,True,2,0.008751,108.36902601,108.36902601
33,3,,quantum,baseline,,True,0,0.000117,145.09254499,145.09254499
33,3,,quantum,baseline,,True,1,0.006874,143.85754409,143.85754409
33,3,,quantum,baseline,,True,2,0.007256,118.5023029,118.5023029
33,3,,quantum,precond_pen=1.100,1.1,True,0,0.000113,145.09254499,145.09254499
33,3,,quantum,precond_pen=1.100,1.1,True,1,0.006915,141.94571427,141.94571427
33,3,,quantum,precond_pen=1.100,1.1,True,2,0.007268,139.89303816,139.89303816
33,3,,quantum,precond_pen=1.100,1.1,True,3,0.007624,138.19790457,138.19790457
33,3,,quantum,precond_pen=1.100,1.1,True,4,0.007972,120.63680484,120.63680484
33,3,,quantum,precond_pen=1.100,1.1,True,5,0.026083,118.5023029,118.5023029
33,3,,quantum,precond_pen=1.200,1.2,True,0,0.000111,145.09254499,145.09254499
33,3,,quantum,precond_pen=1.200,1.2,True,1,0.006891,135.26028737,135.26028737
33,3,,quantum,precond_pen=1.200,1.2,True,2,0.007524,133.71754252,133.71754252
33,3,,quantum,precond_pen=1.200,1.2,True,3,0.008165,119.90556936,119.90556936
33,3,,quantum,precond_pen=1.200,1.2,True,4,0.026025,118.5023029,118.5023029
33,3,,quantum,precond_pen=1.400,1.4,True,0,0.000114,145.09254499,145.09254499
33,3,,quantum,precond_pen=1.400,1.4,True,1,0.007973,130.9029931,130.9029931
33,3,,quantum,precond_pen=1.400,1.4,True,2,0.00932,118.5023029,118.5023029
33,3,,quantum,precond_pen=1.600,1.6,True,0,0.000125,145.09254499,145.09254499
33,3,,quantum,precond_pen=1.600,1.6,True,1,0.007737,132.61374041,132.61374041
33,3,,quantum,precond_pen=1.600,1.6,True,2,0.009086,118.5023029,118.5023029
33,3,,quantum,precond_pen=1.800,1.8,True,0,0.000113,145.09254499,145.09254499
33,3,,quantum,precond_pen=1.800,1.8,True,1,0.007519,134.13470242,134.13470242
33,3,,quantum,precond_pen=1.800,1.8,True,2,0.008398,133.71754252,133.71754252
33,3,,quantum,precond_pen=1.800,1.8,True,3,0.008883,135.64283784,133.71754252
33,3,,quantum,precond_pen=1.800,1.8,True,4,0.009439,118.5023029,118.5023029
33,3,,quantum,precond_pen=2.000,2.0,True,0,0.000115,145.09254499,145.09254499
33,3,,quantum,precond_pen=2.000,2.0,True,1,0.007628,130.03486273,130.03486273
33,3,,quantum,precond_pen=2.000,2.0,True,2,0.008495,128.47214853,128.47214853
33,3,,quantum,precond_pen=2.000,2.0,True,3,0.009361,118.99229226,118.99229226
34,3,,quantum,baseline,,True,0,0.000112,144.1352857,144.1352857
34,3,,quantum,baseline,,True,1,0.006065,143.26006694,143.26006694
34,3,,quantum,baseline,,True,2,0.006827,140.16592362,140.16592362
34,3,,quantum,baseline,,True,3,0.007485,125.11242857,125.11242857
34,3,,quantum,baseline,,True,4,0.286859,124.91374948,124.91374948
34,3,,quantum,baseline,,True,5,1.453273,124.91374948,124.91374948
34,3,,quantum,precond_pen=1.100,1.1,True,0,0.000107,144.1352857,144.1352857
34,3,,quantum,precond_pen=1.100,1.1,True,1,0.007422,135.01904397,135.01904397
34,3,,quantum,precond_pen=1.100,1.1,True,2,0.00892,126.58785222,126.58785222
34,3,,quantum,precond_pen=1.100,1.1,True,3,0.036485,124.91374948,124.91374948
34,3,,quantum,precond_pen=1.100,1.1,True,4,0.251919,125.11242857,124.91374948
34,3,,quantum,precond_pen=1.100,1.1,True,5,0.252268,125.11242857,124.91374948
34,3,,quantum,precond_pen=1.200,1.2,True,0,0.000107,144.1352857,144.1352857
34,3,,quantum,precond_pen=1.200,1.2,True,1,0.006382,141.55645765,141.55645765
34,3,,quantum,precond_pen=1.200,1.2,True,2,0.006866,126.51116055,126.51116055
34,3,,quantum,precond_pen=1.200,1.2,True,3,0.037953,126.58785222,126.51116055
34,3,,quantum,precond_pen=1.200,1.2,True,4,0.038771,124.91374948,124.91374948
34,3,,quantum,precond_pen=1.400,1.4,True,0,0.000124,144.1352857,144.1352857
34,3,,quantum,precond_pen=1.400,1.4,True,1,0.007122,139.37859018,139.37859018
34,3,,quantum,precond_pen=1.400,1.4,True,2,0.008075,131.43947967,131.43947967
34,3,,quantum,precond_pen=1.400,1.4,True,3,0.008424,124.91374948,124.91374948
34,3,,quantum,precond_pen=1.600,1.6,True,0,0.000111,144.1352857,144.1352857
34,3,,quantum,precond_pen=1.600,1.6,True,1,0.007488,141.04622006,141.04622006
34,3,,quantum,precond_pen=1.600,1.6,True,2,0.007898,140.16592362,140.16592362
34,3,,quantum,precond_pen=1.600,1.6,True,3,0.008217,140.15920601,140.15920601
34,3,,quantum,precond_pen=1.600,1.6,True,4,0.008727,125.11242857,125.11242857
34,3,,quantum,precond_pen=1.600,1.6,True,5,0.58191,124.91374948,124.91374948
34,3,,quantum,precond_pen=1.600,1.6,True,6,0.62729,124.91374948,124.91374948
34,3,,quantum,precond_pen=1.800,1.8,True,0,0.000106,144.1352857,144.1352857
34,3,,quantum,precond_pen=1.800,1.8,True,1,0.006392,132.77997298,132.77997298
34,3,,quantum,precond_pen=1.800,1.8,True,2,0.007332,126.18705978,126.18705978
34,3,,quantum,precond_pen=1.800,1.8,True,3,0.024437,125.11242857,125.11242857
34,3,,quantum,precond_pen=2.000,2.0,True,0,0.000106,144.1352857,144.1352857
34,3,,quantum,precond_pen=2.000,2.0,True,1,0.006707,142.05872559,142.05872559
34,3,,quantum,precond_pen=2.000,2.0,True,2,0.007616,140.27657306,140.27657306
34,3,,quantum,precond_pen=2.000,2.0,True,3,0.008426,136.56493788,136.56493788
34,3,,quantum,precond_pen=2.000,2.0,True,4,0.008758,126.58785222,126.58785222
34,3,,quantum,precond_pen=2.000,2.0,True,5,0.040691,126.18705978,126.18705978
34,3,,quantum,precond_pen=2.000,2.0,True,6,0.217219,125.11242857,125.11242857
34,3,,quantum,precond_pen=2.000,2.0,True,7,0.228356,126.34165556,125.11242857
35,3,,quantum,baseline,,True,0,0.000106,144.06301503,144.06301503
35,3,,quantum,baseline,,True,1,0.005547,141.62621848,141.62621848
35,3,,quantum,baseline,,True,2,0.005904,140.70551332,140.70551332
35,3,,quantum,baseline,,True,3,0.006243,140.45360655,140.45360655
35,3,,quantum,baseline,,True,4,0.006561,124.45282289,124.45282289
35,3,,quantum,baseline,,True,5,0.104321,121.75457927,121.75457927
35,3,,quantum,baseline,,True,6,0.698314,120.86517052,120.86517052
35,3,,quantum,baseline,,True,7,0.745624,119.41310823,119.41310823
35,3,,quantum,precond_pen=1.100,1.1,True,0,0.000109,144.06301503,144.06301503
35,3,,quantum,precond_pen=1.100,1.1,True,1,0.007142,140.14063568,140.14063568
35,3,,quantum,precond_pen=1.100,1.1,True,2,0.007568,139.0427646,139.0427646
35,3,,quantum,precond_pen=1.100,1.1,True,3,0.008173,131.29644336,131.29644336
35,3,,quantum,precond_pen=1.100,1.1,True,4,0.008718,121.75457927,121.75457927
35,3,,quantum,precond_pen=1.100,1.1,True,5,0.040333,119.41310823,119.41310823
35,3,,quantum,precond_pen=1.200,1.2,True,0,0.000107,144.06301503,144.06301503
35,3,,quantum,precond_pen=1.200,1.2,True,1,0.006923,129.33680585,129.33680585
35,3,,quantum,precond_pen=1.200,1.2,True,2,0.00796,119.41310823,119.41310823
35,3,,quantum,precond_pen=1.400,1.4,True,0,0.000101,144.06301503,144.06301503
35,3,,quantum,precond_pen=1.400,1.4,True,1,0.006549,137.05096797,137.05096797
35,3,,quantum,precond_pen=1.400,1.4,True,2,0.007178,135.43817009,135.43817009
35,3,,quantum,precond_pen=1.400,1.4,True,3,0.007615,121.75457927,121.75457927
35,3,,quantum,precond_pen=1.400,1.4,True,4,0.526913,119.41310823,119.41310823
35,3,,quantum,precond_pen=1.400,1.4,True,5,0.528303,119.41310823,119.41310823
35,3,,quantum,precond_pen=1.600,1.6,True,0,0.000113,144.06301503,144.06301503
35,3,,quantum,precond_pen=1.600,1.6,True,1,0.007015,138.31957439,138.31957439
35,3,,quantum,precond_pen=1.600,1.6,True,2,0.007389,139.0427646,138.31957439
35,3,,quantum,precond_pen=1.600,1.6,True,3,0.007754,134.30094651,134.30094651
35,3,,quantum,precond_pen=1.600,1.6,True,4,0.008121,121.75457927,121.75457927
35,3,,quantum,precond_pen=1.600,1.6,True,5,0.026334,119.41310823,119.41310823
35,3,,quantum,precond_pen=1.800,1.8,True,0,0.000106,144.06301503,144.06301503
35,3,,quantum,precond_pen=1.800,1.8,True,1,0.007602,142.4129813,142.4129813
35,3,,quantum,precond_pen=1.800,1.8,True,2,0.008327,139.0427646,139.0427646
35,3,,quantum,precond_pen=1.800,1.8,True,3,0.008979,137.06668048,137.06668048
35,3,,quantum,precond_pen=1.800,1.8,True,4,0.009473,121.75457927,121.75457927
35,3,,quantum,precond_pen=1.800,1.8,True,5,0.038027,120.91671787,120.91671787
35,3,,quantum,precond_pen=1.800,1.8,True,6,0.292853,119.41310823,119.41310823
35,3,,quantum,precond_pen=2.000,2.0,True,0,0.000104,144.06301503,144.06301503
35,3,,quantum,precond_pen=2.000,2.0,True,1,0.006528,132.1990134,132.1990134
35,3,,quantum,precond_pen=2.000,2.0,True,2,0.007462,120.91671787,120.91671787
35,3,,quantum,precond_pen=2.000,2.0,True,3,0.160443,119.41310823,119.41310823
36,3,,quantum,baseline,,True,0,0.000103,139.38169263,139.38169263
36,3,,quantum,baseline,,True,1,0.006063,137.02300167,137.02300167
36,3,,quantum,baseline,,True,2,0.006714,134.25008102,134.25008102
36,3,,quantum,baseline,,True,3,0.007442,118.97529958,118.97529958
36,3,,quantum,baseline,,True,4,0.282861,117.97763071,117.97763071
36,3,,quantum,baseline,,True,5,0.349307,117.25098536,117.25098536
36,3,,quantum,baseline,,True,6,0.983972,117.25098536,117.25098536
36,3,,quantum,precond_pen=1.100,1.1,True,0,0.000111,139.38169263,139.38169263
36,3,,quantum,precond_pen=1.100,1.1,True,1,0.007967,138.15626141,138.15626141
36,3,,quantum,precond_pen=1.100,1.1,True,2,0.008599,134.25008102,134.25008102
36,3,,quantum,precond_pen=1.100,1.1,True,3,0.009424,133.31556321,133.31556321
36,3,,quantum,precond_pen=1.100,1.1,True,4,0.009954,118.27082222,118.27082222
36,3,,quantum,precond_pen=1.100,1.1,True,5,0.573754,117.25098536,117.25098536
36,3,,quantum,precond_pen=1.100,1.1,True,6,0.574112,117.25098536,117.25098536
36,3,,quantum,precond_pen=1.200,1.2,True,0,0.000112,139.38169263,139.38169263
36,3,,quantum,precond_pen=1.200,1.2,True,1,0.007218,126.39638037,126.39638037
36,3,,quantum,precond_pen=1.200,1.2,True,2,0.007475,119.41187386,119.41187386
36,3,,quantum,precond_pen=1.200,1.2,True,3,0.032151,118.97529958,118.97529958
36,3,,quantum,precond_pen=1.200,1.2,True,4,0.704754,118.08702967,118.08702967
36,3,,quantum,precond_pen=1.200,1.2,True,5,0.778157,117.25098536,117.25098536
36,3,,quantum,precond_pen=1.200,1.2,True,6,0.913361,117.25098536,117.25098536
36,3,,quantum,precond_pen=1.400,1.4,True,0,0.000114,139.38169263,139.38169263
36,3,,quantum,precond_pen=1.400,1.4,True,1,0.007408,128.65345195,128.65345195
36,3,,quantum,precond_pen=1.400,1.4,True,2,0.008341,118.89532007,118.89532007
36,3,,quantum,precond_pen=1.400,1.4,True,3,0.026125,118.27082222,118.27082222
36,3,,quantum,precond_pen=1.400,1.4,True,4,0.026261,117.25098536,117.25098536
36,3,,quantum,precond_pen=1.600,1.6,True,0,0.000114,139.38169263,139.38169263
36,3,,quantum,precond_pen=1.600,1.6,True,1,0.008471,135.81371087,135.81371087
36,3,,quantum,precond_pen=1.600,1.6,True,2,0.008931,134.25008102,134.25008102
36,3,,quantum,precond_pen=1.600,1.6,True,3,0.009624,119.0659148,119.0659148
36,3,,quantum,precond_pen=1.600,1.6,True,4,0.041766,117.25098536,117.25098536
36,3,,quantum,precond_pen=1.800,1.8,True,0,0.000111,139.38169263,139.38169263
36,3,,quantum,precond_pen=1.800,1.8,True,1,0.006645,132.86101489,132.86101489
36,3,,quantum,precond_pen=1.800,1.8,True,2,0.007534,129.84132393,129.84132393
36,3,,quantum,precond_pen=1.800,1.8,True,3,0.008024,120.20744788,120.20744788
36,3,,quantum,precond_pen=1.800,1.8,True,4,0.028416,117.25098536,117.25098536
36,3,,quantum,precond_pen=2.000,2.0,True,0,0.000107,139.38169263,139.38169263
36,3,,quantum,precond_pen=2.000,2.0,True,1,0.00665,125.41810438,125.41810438
36,3,,quantum,precond_pen=2.000,2.0,True,2,0.007547,120.20744788,120.20744788
36,3,,quantum,precond_pen=2.000,2.0,True,3,0.027876,117.25098536,117.25098536
37,3,,quantum,baseline,,True,0,9.9e-05,134.15114502,134.15114502
37,3,,quantum,baseline,,True,1,0.005828,133.578107,133.578107
37,3,,quantum,baseline,,True,2,0.006345,133.1877107,133.1877107
37,3,,quantum,baseline,,True,3,0.006891,113.46519602,113.46519602
37,3,,quantum,precond_pen=1.100,1.1,True,0,0.000103,134.15114502,134.15114502
37,3,,quantum,precond_pen=1.100,1.1,True,1,0.006086,131.18676727,131.18676727
37,3,,quantum,precond_pen=1.100,1.1,True,2,0.006545,113.46519602,113.46519602
37,3,,quantum,precond_pen=1.200,1.2,True,0,0.0001,134.15114502,134.15114502
37,3,,quantum,precond_pen=1.200,1.2,True,1,0.006405,124.96894889,124.96894889
37,3,,quantum,precond_pen=1.200,1.2,True,2,0.006901,116.28073808,116.28073808
37,3,,quantum,precond_pen=1.200,1.2,True,3,0.032183,114.48281813,114.48281813
37,3,,quantum,precond_pen=1.200,1.2,True,4,0.812596,113.53453483,113.53453483
37,3,,quantum,precond_pen=1.200,1.2,True,5,0.945054,113.53453483,113.53453483
37,3,,quantum,precond_pen=1.400,1.4,True,0,0.000118,134.15114502,134.15114502
37,3,,quantum,precond_pen=1.400,1.4,True,1,0.006934,124.72047422,124.72047422
37,3,,quantum,precond_pen=1.400,1.4,True,2,0.007445,113.46519602,113.46519602
37,3,,quantum,precond_pen=1.600,1.6,True,0,0.000115,134.15114502,134.15114502
37,3,,quantum,precond_pen=1.600,1.6,True,1,0.007325,133.75944502,133.75944502
37,3,,quantum,precond_pen=1.600,1.6,True,2,0.007954,114.48281813,114.48281813
37,3,,quantum,precond_pen=1.600,1.6,True,3,0.032675,113.46519602,113.46519602
37,3,,quantum,precond_pen=1.800,1.8,True,0,0.000102,134.15114502,134.15114502
37,3,,quantum,precond_pen=1.800,1.8,True,1,0.005858,127.95939459,127.95939459
37,3,,quantum,precond_pen=1.800,1.8,True,2,0.006586,128.38376094,127.95939459
37,3,,quantum,precond_pen=1.800,1.8,True,3,0.006925,114.46306153,114.46306153
37,3,,quantum,precond_pen=1.800,1.8,True,4,0.037375,113.46519602,113.46519602
37,3,,quantum,precond_pen=2.000,2.0,True,0,0.00012,134.15114502,134.15114502
37,3,,quantum,precond_pen=2.000,2.0,True,1,0.007312,127.18743712,127.18743712
37,3,,quantum,precond_pen=2.000,2.0,True,2,0.008408,124.09046558,124.09046558
37,3,,quantum,precond_pen=2.000,2.0,True,3,0.008901,113.46519602,113.46519602
38,3,,quantum,baseline,,True,0,0.00011,141.97613257,141.97613257
38,3,,quantum,baseline,,True,1,0.006325,139.52482849,139.52482849
38,3,,quantum,baseline,,True,2,0.00665,119.76485578,119.76485578
38,3,,quantum,baseline,,True,3,0.087124,118.42666711,118.42666711
38,3,,quantum,precond_pen=1.100,1.1,True,0,9.8e-05,141.97613257,141.97613257
38,3,,quantum,precond_pen=1.100,1.1,True,1,0.006254,131.80006762,131.80006762
38,3,,quantum,precond_pen=1.100,1.1,True,2,0.00692,130.84645602,130.84645602
38,3,,quantum,precond_pen=1.100,1.1,True,3,0.007193,119.47829918,119.47829918
38,3,,quantum,precond_pen=1.100,1.1,True,4,0.344915,119.15242706,119.15242706
38,3,,quantum,precond_pen=1.100,1.1,True,5,0.34563,118.64308966,118.64308966
38,3,,quantum,precond_pen=1.200,1.2,True,0,0.000118,141.97613257,141.97613257
38,3,,quantum,precond_pen=1.200,1.2,True,1,0.006984,132.63145134,132.63145134
38,3,,quantum,precond_pen=1.200,1.2,True,2,0.007747,130.81291569,130.81291569
38,3,,quantum,precond_pen=1.200,1.2,True,3,0.008102,121.60706815,121.60706815
38,3,,quantum,precond_pen=1.200,1.2,True,4,0.034659,118.64308966,118.64308966
38,3,,quantum,precond_pen=1.400,1.4,True,0,0.000131,141.97613257,141.97613257
38,3,,quantum,precond_pen=1.400,1.4,True,1,0.008681,137.86625084,137.86625084
38,3,,quantum,precond_pen=1.400,1.4,True,2,0.009183,120.32877156,120.32877156
38,3,,quantum,precond_pen=1.400,1.4,True,3,0.035791,119.31023549,119.31023549
38,3,,quantum,precond_pen=1.400,1.4,True,4,0.507832,118.64308966,118.64308966
38,3,,quantum,precond_pen=1.400,1.4,True,5,0.560325,118.64308966,118.64308966
38,3,,quantum,precond_pen=1.600,1.6,True,0,0.000128,141.97613257,141.97613257
38,3,,quantum,precond_pen=1.600,1.6,True,1,0.007137,136.7458381,136.7458381
38,3,,quantum,precond_pen=1.600,1.6,True,2,0.007572,136.02051674,136.02051674
38,3,,quantum,precond_pen=1.600,1.6,True,3,0.008062,135.78741404,135.78741404
38,3,,quantum,precond_pen=1.600,1.6,True,4,0.008427,120.32877156,120.32877156
38,3,,quantum,precond_pen=1.600,1.6,True,5,0.024526,119.62003764,119.62003764
38,3,,quantum,precond_pen=1.600,1.6,True,6,0.517647,119.46393981,119.46393981
38,3,,quantum,precond_pen=1.600,1.6,True,7,0.517851,119.24075773,119.24075773
38,3,,quantum,precond_pen=1.600,1.6,True,8,0.517983,118.42666711,118.42666711
38,3,,quantum,precond_pen=1.600,1.6,True,9,0.543865,118.64308966,118.42666711
38,3,,quantum,precond_pen=1.600,1.6,True,10,0.551892,118.64308966,118.42666711
38,3,,quantum,precond_pen=1.800,1.8,True,0,0.000169,141.97613257,141.97613257
38,3,,quantum,precond_pen=1.800,1.8,True,1,0.007936,135.49951686,135.49951686
38,3,,quantum,precond_pen=1.800,1.8,True,2,0.008468,118.64308966,118.64308966
38,3,,quantum,precond_pen=2.000,2.0,True,0,0.000115,141.97613257,141.97613257
38,3,,quantum,precond_pen=2.000,2.0,True,1,0.007497,137.26717439,137.26717439
38,3,,quantum,precond_pen=2.000,2.0,True,2,0.008061,120.52804693,120.52804693
38,3,,quantum,precond_pen=2.000,2.0,True,3,0.034457,118.64308966,118.64308966
39,3,,quantum,baseline,,True,0,0.000114,132.68054889,132.68054889
39,3,,quantum,baseline,,True,1,0.007068,124.04157413,124.04157413
39,3,,quantum,baseline,,True,2,0.10461,121.18812596,121.18812596
39,3,,quantum,baseline,,True,3,0.428213,120.82282907,120.82282907
39,3,,quantum,baseline,,True,4,0.866157,120.82282907,120.82282907
39,3,,quantum,precond_pen=1.100,1.1,True,0,0.000109,132.68054889,132.68054889
39,3,,quantum,precond_pen=1.100,1.1,True,1,0.007792,127.15846399,127.15846399
39,3,,quantum,precond_pen=1.100,1.1,True,2,0.009317,120.82282907,120.82282907
39,3,,quantum,precond_pen=1.200,1.2,True,0,0.000113,132.68054889,132.68054889
39,3,,quantum,precond_pen=1.200,1.2,True,1,0.009133,121.18812596,121.18812596
39,3,,quantum,precond_pen=1.200,1.2,True,2,0.418002,121.08729144,121.08729144
39,3,,quantum,precond_pen=1.200,1.2,True,3,0.418192,120.82282907,120.82282907
39,3,,quantum,precond_pen=1.200,1.2,True,4,0.418528,120.82282907,120.82282907
39,3,,quantum,precond_pen=1.400,1.4,True,0,0.000116,132.68054889,132.68054889
39,3,,quantum,precond_pen=1.400,1.4,True,1,0.009505,124.1205381,124.1205381
39,3,,quantum,precond_pen=1.400,1.4,True,2,0.03946,120.82282907,120.82282907
39,3,,quantum,precond_pen=1.600,1.6,True,0,0.00011,132.68054889,132.68054889
39,3,,quantum,precond_pen=1.600,1.6,True,1,0.008631,121.18812596,121.18812596
39,3,,quantum,precond_pen=1.600,1.6,True,2,0.640881,120.82282907,120.82282907
39,3,,quantum,precond_pen=1.600,1.6,True,3,0.643329,120.82282907,120.82282907
39,3,,quantum,precond_pen=1.800,1.8,True,0,0.000122,132.68054889,132.68054889
39,3,,quantum,precond_pen=1.800,1.8,True,1,0.006593,133.10636381,132.68054889
39,3,,quantum,precond_pen=1.800,1.8,True,2,0.006944,121.08729144,121.08729144
39,3,,quantum,precond_pen=2.000,2.0,True,0,0.00013,132.68054889,132.68054889
39,3,,quantum,precond_pen=2.000,2.0,True,1,0.007062,131.17816474,131.17816474
39,3,,quantum,precond_pen=2.000,2.0,True,2,0.00741,121.08729144,121.08729144
40,3,,quantum,baseline,,True,0,0.000106,150.51896868,150.51896868
40,3,,quantum,baseline,,True,1,0.007418,143.96108482,143.96108482
40,3,,quantum,baseline,,True,2,0.008168,141.09987263,141.09987263
40,3,,quantum,baseline,,True,3,0.008552,123.33019449,123.33019449
40,3,,quantum,baseline,,True,4,0.102826,122.65377522,122.65377522
40,3,,quantum,precond_pen=1.100,1.1,True,0,0.000562,150.51896868,150.51896868
40,3,,quantum,precond_pen=1.100,1.1,True,1,0.008761,142.96093936,142.96093936
40,3,,quantum,precond_pen=1.100,1.1,True,2,0.009217,141.09987263,141.09987263
40,3,,quantum,precond_pen=1.100,1.1,True,3,0.009668,137.75433154,137.75433154
40,3,,quantum,precond_pen=1.100,1.1,True,4,0.010116,123.01465076,123.01465076
40,3,,quantum,precond_pen=1.100,1.1,True,5,0.031836,122.65377522,122.65377522
40,3,,quantum,precond_pen=1.100,1.1,True,6,0.171565,122.87490686,122.65377522
40,3,,quantum,precond_pen=1.200,1.2,True,0,0.000112,150.51896868,150.51896868
40,3,,quantum,precond_pen=1.200,1.2,True,1,0.007646,131.30119553,131.30119553
40,3,,quantum,precond_pen=1.200,1.2,True,2,0.008806,123.01465076,123.01465076
40,3,,quantum,precond_pen=1.200,1.2,True,3,0.161819,122.65377522,122.65377522
40,3,,quantum,precond_pen=1.200,1.2,True,4,0.269696,122.87490686,122.65377522
40,3,,quantum,precond_pen=1.400,1.4,True,0,0.000106,150.51896868,150.51896868
40,3,,quantum,precond_pen=1.400,1.4,True,1,0.007021,145.04411451,145.04411451
40,3,,quantum,precond_pen=1.400,1.4,True,2,0.00736,141.09987263,141.09987263
40,3,,quantum,precond_pen=1.400,1.4,True,3,0.007703,139.55389205,139.55389205
40,3,,quantum,precond_pen=1.400,1.4,True,4,0.008134,123.01465076,123.01465076
40,3,,quantum,precond_pen=1.400,1.4,True,5,0.586501,122.87490686,122.87490686
40,3,,quantum,precond_pen=1.400,1.4,True,6,0.601138,122.65377522,122.65377522
40,3,,quantum,precond_pen=1.400,1.4,True,7,0.601668,122.65377522,122.65377522
40,3,,quantum,precond_pen=1.600,1.6,True,0,0.000131,150.51896868,150.51896868
40,3,,quantum,precond_pen=1.600,1.6,True,1,0.007026,140.78710812,140.78710812
40,3,,quantum,precond_pen=1.600,1.6,True,2,0.007429,122.65377522,122.65377522
40,3,,quantum,precond_pen=1.600,1.6,True,3,0.509204,122.87490686,122.65377522
40,3,,quantum,precond_pen=1.600,1.6,True,4,0.511066,122.87490686,122.65377522
40,3,,quantum,precond_pen=1.800,1.8,True,0,0.000118,150.51896868,150.51896868
40,3,,quantum,precond_pen=1.800,1.8,True,1,0.006733,135.80166553,135.80166553
40,3,,quantum,precond_pen=1.800,1.8,True,2,0.007911,124.78845806,124.78845806
40,3,,quantum,precond_pen=1.800,1.8,True,3,0.028156,122.65377522,122.65377522
40,3,,quantum,precond_pen=1.800,1.8,True,4,0.028263,122.87490686,122.65377522
40,3,,quantum,precond_pen=2.000,2.0,True,0,0.000128,150.51896868,150.51896868
40,3,,quantum,precond_pen=2.000,2.0,True,1,0.006746,141.04380685,141.04380685
40,3,,quantum,precond_pen=2.000,2.0,True,2,0.007417,122.87490686,122.87490686
41,3,,quantum,baseline,,True,0,0.000124,148.74227897,148.74227897
41,3,,quantum,baseline,,True,1,0.008335,128.25275135,128.25275135
41,3,,quantum,baseline,,True,2,0.099728,127.96740295,127.96740295
41,3,,quantum,baseline,,True,3,0.501016,126.88103222,126.88103222
41,3,,quantum,baseline,,True,4,0.702104,126.54004626,126.54004626
41,3,,quantum,precond_pen=1.100,1.1,True,0,0.000159,148.74227897,148.74227897
41,3,,quantum,precond_pen=1.100,1.1,True,1,0.008351,142.97872179,142.97872179
41,3,,quantum,precond_pen=1.100,1.1,True,2,0.008774,126.54004626,126.54004626
41,3,,quantum,precond_pen=1.200,1.2,True,0,0.000113,148.74227897,148.74227897
41,3,,quantum,precond_pen=1.200,1.2,True,1,0.007609,136.78951682,136.78951682
41,3,,quantum,precond_pen=1.200,1.2,True,2,0.008902,126.54004626,126.54004626
41,3,,quantum,precond_pen=1.400,1.4,True,0,0.000118,148.74227897,148.74227897
41,3,,quantum,precond_pen=1.400,1.4,True,1,0.0075,147.9730916,147.9730916
41,3,,quantum,precond_pen=1.400,1.4,True,2,0.007925,146.93401652,146.93401652
41,3,,quantum,precond_pen=1.400,1.4,True,3,0.008266,144.20521177,144.20521177
41,3,,quantum,precond_pen=1.400,1.4,True,4,0.008759,126.54004626,126.54004626
41,3,,quantum,precond_pen=1.600,1.6,True,0,0.000113,148.74227897,148.74227897
41,3,,quantum,precond_pen=1.600,1.6,True,1,0.00766,136.12586085,136.12586085
41,3,,quantum,precond_pen=1.600,1.6,True,2,0.008892,128.25275135,128.25275135
41,3,,quantum,precond_pen=1.600,1.6,True,3,0.029425,126.54004626,126.54004626
41,3,,quantum,precond_pen=1.800,1.8,True,0,0.000108,148.74227897,148.74227897
41,3,,quantum,precond_pen=1.800,1.8,True,1,0.006562,144.62387705,144.62387705
41,3,,quantum,precond_pen=1.800,1.8,True,2,0.007205,144.88239165,144.62387705
41,3,,quantum,precond_pen=1.800,1.8,True,3,0.007977,128.25275135,128.25275135
41,3,,quantum,precond_pen=2.000,2.0,True,0,0.00011,148.74227897,148.74227897
41,3,,quantum,precond_pen=2.000,2.0,True,1,0.007358,144.47289021,144.47289021
41,3,,quantum,precond_pen=2.000,2.0,True,2,0.008466,145.65074502,144.47289021
41,3,,quantum,precond_pen=2.000,2.0,True,3,0.010444,126.54004626,126.54004626
42,3,,quantum,baseline,,True,0,0.000105,142.42228222,142.42228222
42,3,,quantum,baseline,,True,1,0.006339,136.1970093,136.1970093
42,3,,quantum,baseline,,True,2,0.006794,119.61514619,119.61514619
42,3,,quantum,precond_pen=1.100,1.1,True,0,0.000114,142.42228222,142.42228222
42,3,,quantum,precond_pen=1.100,1.1,True,1,0.007496,139.21994577,139.21994577
42,3,,quantum,precond_pen=1.100,1.1,True,2,0.00793,138.2454731,138.2454731
42,3,,quantum,precond_pen=1.100,1.1,True,3,0.008526,131.20700905,131.20700905
42,3,,quantum,precond_pen=1.100,1.1,True,4,0.008913,121.34289944,121.34289944
42,3,,quantum,precond_pen=1.100,1.1,True,5,0.039958,121.03274193,121.03274193
42,3,,quantum,precond_pen=1.100,1.1,True,6,0.837517,119.76979312,119.76979312
42,3,,quantum,precond_pen=1.100,1.1,True,7,0.858919,119.76979312,119.76979312
42,3,,quantum,precond_pen=1.200,1.2,True,0,0.000116,142.42228222,142.42228222
42,3,,quantum,precond_pen=1.200,1.2,True,1,0.00703,135.58958018,135.58958018
42,3,,quantum,precond_pen=1.200,1.2,True,2,0.007443,136.1970093,135.58958018
42,3,,quantum,precond_pen=1.200,1.2,True,3,0.008077,127.88212073,127.88212073
42,3,,quantum,precond_pen=1.200,1.2,True,4,0.008515,121.08741189,121.08741189
42,3,,quantum,precond_pen=1.200,1.2,True,5,0.678876,119.61514619,119.61514619
42,3,,quantum,precond_pen=1.200,1.2,True,6,0.696605,119.76979312,119.61514619
42,3,,quantum,precond_pen=1.200,1.2,True,7,0.699913,119.76979312,119.61514619
42,3,,quantum,precond_pen=1.400,1.4,True,0,0.000108,142.42228222,142.42228222
42,3,,quantum,precond_pen=1.400,1.4,True,1,0.006413,135.23856115,135.23856115
42,3,,quantum,precond_pen=1.400,1.4,True,2,0.00697,136.1970093,135.23856115
42,3,,quantum,precond_pen=1.400,1.4,True,3,0.007331,132.59477867,132.59477867
42,3,,quantum,precond_pen=1.400,1.4,True,4,0.007699,121.03274193,121.03274193
42,3,,quantum,precond_pen=1.400,1.4,True,5,0.699109,119.76979312,119.76979312
42,3,,quantum,precond_pen=1.400,1.4,True,6,0.716443,119.61514619,119.61514619
42,3,,quantum,precond_pen=1.400,1.4,True,7,0.730301,119.61514619,119.61514619
42,3,,quantum,precond_pen=1.600,1.6,True,0,0.000143,142.42228222,142.42228222
42,3,,quantum,precond_pen=1.600,1.6,True,1,0.007808,125.86116036,125.86116036
42,3,,quantum,precond_pen=1.600,1.6,True,2,0.008241,121.08741189,121.08741189
42,3,,quantum,precond_pen=1.600,1.6,True,3,0.027728,119.76979312,119.76979312
42,3,,quantum,precond_pen=1.800,1.8,True,0,0.000114,142.42228222,142.42228222
42,3,,quantum,precond_pen=1.800,1.8,True,1,0.007257,133.57587582,133.57587582
42,3,,quantum,precond_pen=1.800,1.8,True,2,0.008697,130.89567218,130.89567218
42,3,,quantum,precond_pen=1.800,1.8,True,3,0.009375,121.08741189,121.08741189
42,3,,quantum,precond_pen=1.800,1.8,True,4,0.03612,119.76979312,119.76979312
42,3,,quantum,precond_pen=1.800,1.8,True,5,0.207031,119.61514619,119.61514619
42,3,,quantum,precond_pen=2.000,2.0,True,0,0.000117,142.42228222,142.42228222
42,3,,quantum,precond_pen=2.000,2.0,True,1,0.006947,131.9468086,131.9468086
42,3,,quantum,precond_pen=2.000,2.0,True,2,0.007835,128.78658904,128.78658904
42,3,,quantum,precond_pen=2.000,2.0,True,3,0.008367,119.61514619,119.61514619
43,3,,quantum,baseline,,True,0,0.00017,151.49797007,151.49797007
43,3,,quantum,baseline,,True,1,0.00801,147.12192671,147.12192671
43,3,,quantum,baseline,,True,2,0.008329,145.76744127,145.76744127
43,3,,quantum,baseline,,True,3,0.008854,121.42892837,121.42892837
43,3,,quantum,precond_pen=1.100,1.1,True,0,0.00011,151.49797007,151.49797007
43,3,,quantum,precond_pen=1.100,1.1,True,1,0.008083,146.3777713,146.3777713
43,3,,quantum,precond_pen=1.100,1.1,True,2,0.008543,144.83724278,144.83724278
43,3,,quantum,precond_pen=1.100,1.1,True,3,0.008955,144.53324026,144.53324026
43,3,,quantum,precond_pen=1.100,1.1,True,4,0.009355,121.42892837,121.42892837
43,3,,quantum,precond_pen=1.200,1.2,True,0,0.00011,151.49797007,151.49797007
43,3,,quantum,precond_pen=1.200,1.2,True,1,0.007431,138.23122941,138.23122941
43,3,,quantum,precond_pen=1.200,1.2,True,2,0.008841,131.88821851,131.88821851
43,3,,quantum,precond_pen=1.200,1.2,True,3,0.009343,121.42892837,121.42892837
43,3,,quantum,precond_pen=1.400,1.4,True,0,0.000104,151.49797007,151.49797007
43,3,,quantum,precond_pen=1.400,1.4,True,1,0.006704,136.53910293,136.53910293
43,3,,quantum,precond_pen=1.400,1.4,True,2,0.007646,123.21294399,123.21294399
43,3,,quantum,precond_pen=1.400,1.4,True,3,0.025143,121.42892837,121.42892837
43,3,,quantum,precond_pen=1.600,1.6,True,0,0.000108,151.49797007,151.49797007
43,3,,quantum,precond_pen=1.600,1.6,True,1,0.008258,136.1066285,136.1066285
43,3,,quantum,precond_pen=1.600,1.6,True,2,0.009859,121.42892837,121.42892837
43,3,,quantum,precond_pen=1.800,1.8,True,0,0.000108,151.49797007,151.49797007
43,3,,quantum,precond_pen=1.800,1.8,True,1,0.007703,128.90269938,128.90269938
43,3,,quantum,precond_pen=1.800,1.8,True,2,0.008854,124.17530814,124.17530814
43,3,,quantum,precond_pen=1.800,1.8,True,3,0.035395,121.42892837,121.42892837
43,3,,quantum,precond_pen=2.000,2.0,True,0,9.6e-05,151.49797007,151.49797007
43,3,,quantum,precond_pen=2.000,2.0,True,1,0.006031,137.68374982,137.68374982
43,3,,quantum,precond_pen=2.000,2.0,True,2,0.006682,140.98334045,137.68374982
43,3,,quantum,precond_pen=2.000,2.0,True,3,0.007,121.42892837,121.42892837
44,3,,quantum,baseline,,True,0,0.000105,147.96340181,147.96340181
44,3,,quantum,baseline,,True,1,0.006851,140.51013457,140.51013457
44,3,,quantum,baseline,,True,2,0.007226,124.91252643,124.91252643
44,3,,quantum,baseline,,True,3,0.086738,123.96852667,123.96852667
44,3,,quantum,baseline,,True,4,0.086866,116.440208,116.440208
44,3,,quantum,precond_pen=1.100,1.1,True,0,0.000101,147.96340181,147.96340181
44,3,,quantum,precond_pen=1.100,1.1,True,1,0.007722,133.79281082,133.79281082
44,3,,quantum,precond_pen=1.100,1.1,True,2,0.009028,116.440208,116.440208
44,3,,quantum,precond_pen=1.200,1.2,True,0,0.000104,147.96340181,147.96340181
44,3,,quantum,precond_pen=1.200,1.2,True,1,0.006853,129.66736933,129.66736933
44,3,,quantum,precond_pen=1.200,1.2,True,2,0.007932,116.440208,116.440208
44,3,,quantum,precond_pen=1.400,1.4,True,0,9.9e-05,147.96340181,147.96340181
44,3,,quantum,precond_pen=1.400,1.4,True,1,0.006633,133.59719782,133.59719782
44,3,,quantum,precond_pen=1.400,1.4,True,2,0.007558,116.440208,116.440208
44,3,,quantum,precond_pen=1.600,1.6,True,0,0.0001,147.96340181,147.96340181
44,3,,quantum,precond_pen=1.600,1.6,True,1,0.007311,139.72475674,139.72475674
44,3,,quantum,precond_pen=1.600,1.6,True,2,0.007935,139.08255161,139.08255161
44,3,,quantum,precond_pen=1.600,1.6,True,3,0.008693,128.76355408,128.76355408
44,3,,quantum,precond_pen=1.600,1.6,True,4,0.009177,116.440208,116.440208
44,3,,quantum,precond_pen=1.800,1.8,True,0,0.000103,147.96340181,147.96340181
44,3,,quantum,precond_pen=1.800,1.8,True,1,0.007045,142.61407165,142.61407165
44,3,,quantum,precond_pen=1.800,1.8,True,2,0.007646,140.51013457,140.51013457
44,3,,quantum,precond_pen=1.800,1.8,True,3,0.008065,140.92366252,140.51013457
44,3,,quantum,precond_pen=1.800,1.8,True,4,0.008595,116.440208,116.440208
44,3,,quantum,precond_pen=2.000,2.0,True,0,9.2e-05,147.96340181,147.96340181
44,3,,quantum,precond_pen=2.000,2.0,True,1,0.005859,137.32405497,137.32405497
44,3,,quantum,precond_pen=2.000,2.0,True,2,0.006341,139.08255161,137.32405497
44,3,,quantum,precond_pen=2.000,2.0,True,3,0.006975,116.440208,116.440208
45,3,,quantum,baseline,,True,0,0.000106,151.08675895,151.08675895
45,3,,quantum,baseline,,True,1,0.006323,150.10265085,150.10265085
45,3,,quantum,baseline,,True,2,0.006978,149.87676551,149.87676551
45,3,,quantum,baseline,,True,3,0.007689,127.05490097,127.05490097
45,3,,quantum,baseline,,True,4,0.337015,126.63584127,126.63584127
45,3,,quantum,baseline,,True,5,0.990083,125.86010023,125.86010023
45,3,,quantum,baseline,,True,6,1.102483,125.86010023,125.86010023
45,3,,quantum,precond_pen=1.100,1.1,True,0,0.000105,151.08675895,151.08675895
45,3,,quantum,precond_pen=1.100,1.1,True,1,0.007747,134.34192536,134.34192536
45,3,,quantum,precond_pen=1.100,1.1,True,2,0.009162,127.89720792,127.89720792
45,3,,quantum,precond_pen=1.100,1.1,True,3,0.037523,125.86010023,125.86010023
45,3,,quantum,precond_pen=1.200,1.2,True,0,0.000109,151.08675895,151.08675895
45,3,,quantum,precond_pen=1.200,1.2,True,1,0.007578,140.23835938,140.23835938
45,3,,quantum,precond_pen=1.200,1.2,True,2,0.008895,128.42757242,128.42757242
45,3,,quantum,precond_pen=1.200,1.2,True,3,0.033106,125.86010023,125.86010023
45,3,,quantum,precond_pen=1.400,1.4,True,0,0.000107,151.08675895,151.08675895
45,3,,quantum,precond_pen=1.400,1.4,True,1,0.007704,142.99227236,142.99227236
45,3,,quantum,precond_pen=1.400,1.4,True,2,0.008508,142.22441855,142.22441855
45,3,,quantum,precond_pen=1.400,1.4,True,3,0.008924,140.2878839,140.2878839
45,3,,quantum,precond_pen=1.400,1.4,True,4,0.009472,127.80834281,127.80834281
45,3,,quantum,precond_pen=1.400,1.4,True,5,0.03388,125.86010023,125.86010023
45,3,,quantum,precond_pen=1.600,1.6,True,0,0.000109,151.08675895,151.08675895
45,3,,quantum,precond_pen=1.600,1.6,True,1,0.006434,144.95114448,144.95114448
45,3,,quantum,precond_pen=1.600,1.6,True,2,0.006919,143.87723873,143.87723873
45,3,,quantum,precond_pen=1.600,1.6,True,3,0.007554,125.86010023,125.86010023
45,3,,quantum,precond_pen=1.800,1.8,True,0,0.00011,151.08675895,151.08675895
45,3,,quantum,precond_pen=1.800,1.8,True,1,0.007052,142.8631069,142.8631069
45,3,,quantum,precond_pen=1.800,1.8,True,2,0.008261,140.81323972,140.81323972
45,3,,quantum,precond_pen=1.800,1.8,True,3,0.009292,125.86010023,125.86010023
45,3,,quantum,precond_pen=2.000,2.0,True,0,0.000108,151.08675895,151.08675895
45,3,,quantum,precond_pen=2.000,2.0,True,1,0.007905,144.56866887,144.56866887
45,3,,quantum,precond_pen=2.000,2.0,True,2,0.008916,142.74474697,142.74474697
45,3,,quantum,precond_pen=2.000,2.0,True,3,0.009851,125.86010023,125.86010023
46,3,,quantum,baseline,,True,0,0.000116,128.09314837,128.09314837
46,3,,quantum,baseline,,True,1,0.006685,116.10697967,116.10697967
46,3,,quantum,baseline,,True,2,0.273254,113.8498105,113.8498105
46,3,,quantum,baseline,,True,3,0.385705,113.63874723,113.63874723
46,3,,quantum,baseline,,True,4,0.40986,113.37632999,113.37632999
46,3,,quantum,baseline,,True,5,0.42651,112.75243242,112.75243242
46,3,,quantum,baseline,,True,6,0.464973,112.27194405,112.27194405
46,3,,quantum,baseline,,True,7,0.740236,111.90725595,111.90725595
46,3,,quantum,precond_pen=1.100,1.1,True,0,0.000108,128.09314837,128.09314837
46,3,,quantum,precond_pen=1.100,1.1,True,1,0.008098,124.98064413,124.98064413
46,3,,quantum,precond_pen=1.100,1.1,True,2,0.009395,111.90725595,111.90725595
46,3,,quantum,precond_pen=1.200,1.2,True,0,0.000176,128.09314837,128.09314837
46,3,,quantum,precond_pen=1.200,1.2,True,1,0.0111,127.02498538,127.02498538
46,3,,quantum,precond_pen=1.200,1.2,True,2,0.011556,116.10697967,116.10697967
46,3,,quantum,precond_pen=1.200,1.2,True,3,0.042517,113.58823791,113.58823791
46,3,,quantum,precond_pen=1.200,1.2,True,4,0.374432,111.90725595,111.90725595
46,3,,quantum,precond_pen=1.200,1.2,True,5,0.374925,111.90725595,111.90725595
46,3,,quantum,precond_pen=1.400,1.4,True,0,0.000112,128.09314837,128.09314837
46,3,,quantum,precond_pen=1.400,1.4,True,1,0.008474,125.4168239,125.4168239
46,3,,quantum,precond_pen=1.400,1.4,True,2,0.009111,111.90725595,111.90725595
46,3,,quantum,precond_pen=1.600,1.6,True,0,0.000161,128.09314837,128.09314837
46,3,,quantum,precond_pen=1.600,1.6,True,1,0.011008,113.58823791,113.58823791
46,3,,quantum,precond_pen=1.600,1.6,True,2,0.671903,112.58736645,112.58736645
46,3,,quantum,precond_pen=1.600,1.6,True,3,0.672172,111.90725595,111.90725595
46,3,,quantum,precond_pen=1.600,1.6,True,4,0.674043,111.90725595,111.90725595
46,3,,quantum,precond_pen=1.800,1.8,True,0,0.000168,128.09314837,128.09314837
46,3,,quantum,precond_pen=1.800,1.8,True,1,0.010162,125.69128952,125.69128952
46,3,,quantum,precond_pen=1.800,1.8,True,2,0.010832,112.75243242,112.75243242
46,3,,quantum,precond_pen=2.000,2.0,True,0,0.000117,128.09314837,128.09314837
46,3,,quantum,precond_pen=2.000,2.0,True,1,0.006603,123.56518356,123.56518356
46,3,,quantum,precond_pen=2.000,2.0,True,2,0.007522,112.27194405,112.27194405
47,3,,quantum,baseline,,True,0,0.000112,143.66109197,143.66109197
47,3,,quantum,baseline,,True,1,0.005469,142.21230784,142.21230784
47,3,,quantum,baseline,,True,2,0.005773,141.74433307,141.74433307
47,3,,quantum,baseline,,True,3,0.006319,120.62107943,120.62107943
47,3,,quantum,precond_pen=1.100,1.1,True,0,0.000137,143.66109197,143.66109197
47,3,,quantum,precond_pen=1.100,1.1,True,1,0.007341,138.31852592,138.31852592
47,3,,quantum,precond_pen=1.100,1.1,True,2,0.007848,120.62107943,120.62107943
47,3,,quantum,precond_pen=1.200,1.2,True,0,0.000126,143.66109197,143.66109197
47,3,,quantum,precond_pen=1.200,1.2,True,1,0.008277,135.19584867,135.19584867
47,3,,quantum,precond_pen=1.200,1.2,True,2,0.009237,133.77367522,133.77367522
47,3,,quantum,precond_pen=1.200,1.2,True,3,0.009696,120.62107943,120.62107943
47,3,,quantum,precond_pen=1.400,1.4,True,0,0.000116,143.66109197,143.66109197
47,3,,quantum,precond_pen=1.400,1.4,True,1,0.008571,136.47051535,136.47051535
47,3,,quantum,precond_pen=1.400,1.4,True,2,0.009035,121.50316145,121.50316145
47,3,,quantum,precond_pen=1.400,1.4,True,3,0.038166,121.15310366,121.15310366
47,3,,quantum,precond_pen=1.400,1.4,True,4,0.495448,120.62107943,120.62107943
47,3,,quantum,precond_pen=1.400,1.4,True,5,0.496731,120.62107943,120.62107943
47,3,,quantum,precond_pen=1.600,1.6,True,0,0.00014,143.66109197,143.66109197
47,3,,quantum,precond_pen=1.600,1.6,True,1,0.009667,139.28946756,139.28946756
47,3,,quantum,precond_pen=1.600,1.6,True,2,0.01021,121.50316145,121.50316145
47,3,,quantum,precond_pen=1.600,1.6,True,3,0.584975,120.62107943,120.62107943
47,3,,quantum,precond_pen=1.600,1.6,True,4,0.597586,120.62107943,120.62107943
47,3,,quantum,precond_pen=1.800,1.8,True,0,0.000147,143.66109197,143.66109197
47,3,,quantum,precond_pen=1.800,1.8,True,1,0.009028,139.47345342,139.47345342
47,3,,quantum,precond_pen=1.800,1.8,True,2,0.009994,136.08469275,136.08469275
47,3,,quantum,precond_pen=1.800,1.8,True,3,0.010443,134.29306115,134.29306115
47,3,,quantum,precond_pen=1.800,1.8,True,4,0.011045,121.20662693,121.20662693
47,3,,quantum,precond_pen=2.000,2.0,True,0,0.000135,143.66109197,143.66109197
47,3,,quantum,precond_pen=2.000,2.0,True,1,0.007418,133.58488463,133.58488463
47,3,,quantum,precond_pen=2.000,2.0,True,2,0.008009,134.40897709,133.58488463
47,3,,quantum,precond_pen=2.000,2.0,True,3,0.008883,120.62107943,120.62107943
48,3,,quantum,baseline,,True,0,0.000116,139.15663475,139.15663475
48,3,,quantum,baseline,,True,1,0.006876,133.30657004,133.30657004
48,3,,quantum,baseline,,True,2,0.00854,121.14439998,121.14439998
48,3,,quantum,baseline,,True,3,0.097065,118.76529586,118.76529586
48,3,,quantum,precond_pen=1.100,1.1,True,0,0.000115,139.15663475,139.15663475
48,3,,quantum,precond_pen=1.100,1.1,True,1,0.007412,123.97287347,123.97287347
48,3,,quantum,precond_pen=1.100,1.1,True,2,0.008486,118.76529586,118.76529586
48,3,,quantum,precond_pen=1.200,1.2,True,0,0.000121,139.15663475,139.15663475
48,3,,quantum,precond_pen=1.200,1.2,True,1,0.008275,136.10677945,136.10677945
48,3,,quantum,precond_pen=1.200,1.2,True,2,0.009577,132.6402028,132.6402028
48,3,,quantum,precond_pen=1.200,1.2,True,3,0.010215,118.76529586,118.76529586
48,3,,quantum,precond_pen=1.400,1.4,True,0,0.000169,139.15663475,139.15663475
48,3,,quantum,precond_pen=1.400,1.4,True,1,0.010041,133.69036155,133.69036155
48,3,,quantum,precond_pen=1.400,1.4,True,2,0.01085,118.76529586,118.76529586
48,3,,quantum,precond_pen=1.600,1.6,True,0,0.00012,139.15663475,139.15663475
48,3,,quantum,precond_pen=1.600,1.6,True,1,0.008073,135.69279432,135.69279432
48,3,,quantum,precond_pen=1.600,1.6,True,2,0.0087,134.74394964,134.74394964
48,3,,quantum,precond_pen=1.600,1.6,True,3,0.009102,135.15762492,134.74394964
48,3,,quantum,precond_pen=1.600,1.6,True,4,0.009742,118.76529586,118.76529586
48,3,,quantum,precond_pen=1.800,1.8,True,0,0.000117,139.15663475,139.15663475
48,3,,quantum,precond_pen=1.800,1.8,True,1,0.007561,134.24755858,134.24755858
48,3,,quantum,precond_pen=1.800,1.8,True,2,0.008397,131.27567006,131.27567006
48,3,,quantum,precond_pen=1.800,1.8,True,3,0.009305,128.87936158,128.87936158
48,3,,quantum,precond_pen=1.800,1.8,True,4,0.009826,118.76529586,118.76529586
48,3,,quantum,precond_pen=2.000,2.0,True,0,0.000118,139.15663475,139.15663475
48,3,,quantum,precond_pen=2.000,2.0,True,1,0.00765,124.84342956,124.84342956
48,3,,quantum,precond_pen=2.000,2.0,True,2,0.008883,118.76529586,118.76529586
49,3,,quantum,baseline,,True,0,0.000111,145.93897089,145.93897089
49,3,,quantum,baseline,,True,1,0.005807,144.78752035,144.78752035
49,3,,quantum,baseline,,True,2,0.006122,144.7872072,144.7872072
49,3,,quantum,baseline,,True,3,0.0065,144.76561569,144.76561569
49,3,,quantum,baseline,,True,4,0.006931,123.33808676,123.33808676
49,3,,quantum,precond_pen=1.100,1.1,True,0,0.000119,145.93897089,145.93897089
49,3,,quantum,precond_pen=1.100,1.1,True,1,0.008016,135.13349234,135.13349234
49,3,,quantum,precond_pen=1.100,1.1,True,2,0.009634,123.33808676,123.33808676
49,3,,quantum,precond_pen=1.200,1.2,True,0,0.000115,145.93897089,145.93897089
49,3,,quantum,precond_pen=1.200,1.2,True,1,0.008287,136.332707,136.332707
49,3,,quantum,precond_pen=1.200,1.2,True,2,0.009925,123.33808676,123.33808676
49,3,,quantum,precond_pen=1.400,1.4,True,0,0.000123,145.93897089,145.93897089
49,3,,quantum,precond_pen=1.400,1.4,True,1,0.008894,138.72666863,138.72666863
49,3,,quantum,precond_pen=1.400,1.4,True,2,0.009455,123.33808676,123.33808676
49,3,,quantum,precond_pen=1.600,1.6,True,0,0.000111,145.93897089,145.93897089
49,3,,quantum,precond_pen=1.600,1.6,True,1,0.006762,141.14125411,141.14125411
49,3,,quantum,precond_pen=1.600,1.6,True,2,0.007114,139.57122365,139.57122365
49,3,,quantum,precond_pen=1.600,1.6,True,3,0.007471,136.45859431,136.45859431
49,3,,quantum,precond_pen=1.600,1.6,True,4,0.007935,123.33808676,123.33808676
49,3,,quantum,precond_pen=1.800,1.8,True,0,0.000106,145.93897089,145.93897089
49,3,,quantum,precond_pen=1.800,1.8,True,1,0.006273,139.53724947,139.53724947
49,3,,quantum,precond_pen=1.800,1.8,True,2,0.006649,139.57122365,139.53724947
49,3,,quantum,precond_pen=1.800,1.8,True,3,0.006941,136.93557828,136.93557828
49,3,,quantum,precond_pen=1.800,1.8,True,4,0.0073,123.33808676,123.33808676
49,3,,quantum,precond_pen=2.000,2.0,True,0,0.000106,145.93897089,145.93897089
49,3,,quantum,precond_pen=2.000,2.0,True,1,0.006322,141.6892419,141.6892419
49,3,,quantum,precond_pen=2.000,2.0,True,2,0.007121,135.77540333,135.77540333
49,3,,quantum,precond_pen=2.000,2.0,True,3,0.007633,123.33808676,123.33808676
