name,n,objective_model,objective_baseline,penalty,mip_status,runtime_sec,time_to_best_sec,mip_gap,x_bits,z_bits,sum_z,presolve,trajectory,seed,preconditioner_family,layers,sweeps
baseline,28,176.9127493817959,176.91274938179572,,2,20.331170082092285,0.012305974960327148,0.0,0001110000111110010101100110,---+++----+++++--+-+-++--++-,0,False,"[[0.000216, 216.86669539], [0.009161, 209.50001618], [0.010678, 208.20871177], [0.011376, 202.70027902], [0.012306, 176.91274938]]",0,quantum,1,
precond_pen=1.100,28,-1.7927018214869825,176.91274938179572,1.1,2,1.5596721172332764,0.006772041320800781,0.0,1110001111000001101010011001,+++---++++-----++-+-+--++--+,0,False,"[[0.000109, 216.86669539], [0.006272, 206.10549199], [0.006772, 176.91274938]]",0,quantum,1,
precond_pen=1.200,28,-1.6419852829349981,176.91274938179572,1.2,2,1.7763159275054932,0.006237030029296875,0.0,1110001111000001101010011001,+++---++++-----++-+-+--++--+,0,False,"[[0.000111, 216.86669539], [0.005767, 205.34236877], [0.006237, 176.91274938]]",0,quantum,1,
precond_pen=1.300,28,-1.5219604421760078,176.91274938179572,1.3,2,1.843459129333496,0.006333112716674805,0.0,1110001111000001101010011001,+++---++++-----++-+-+--++--+,0,False,"[[0.000137, 216.86669539], [0.00585, 201.88229415], [0.006333, 176.91274938]]",0,quantum,1,
precond_pen=1.400,28,-1.4240726999830002,176.91274938179572,1.4,2,1.5047941207885742,0.006185054779052734,0.0,1110001111000001101010011001,+++---++++-----++-+-+--++--+,0,False,"[[0.000106, 216.86669539], [0.0057, 202.81136397], [0.006185, 176.91274938]]",0,quantum,1,
precond_pen=1.500,28,-1.3426866676400024,176.91274938179572,1.5,2,1.7851078510284424,0.005930900573730469,0.0,1110001111000001101010011001,+++---++++-----++-+-+--++--+,0,False,"[[0.000106, 216.86669539], [0.005458, 202.81136397], [0.005931, 176.91274938]]",0,quantum,1,
precond_pen=1.600,28,-1.2739359795610223,176.91274938179572,1.6,2,1.7764928340911865,0.006597995758056641,0.0,1110001111000001101010011001,+++---++++-----++-+-+--++--+,0,False,"[[0.000114, 216.86669539], [0.006115, 203.05982143], [0.006598, 176.91274938]]",0,quantum,1,
precond_pen=1.700,28,-1.2150787873260018,176.91274938179572,1.7,2,1.5798439979553223,0.00584101676940918,0.0,1110001111000001101010011001,+++---++++-----++-+-+--++--+,0,False,"[[0.00011, 216.86669539], [0.005435, 211.1771632], [0.005841, 176.91274938]]",0,quantum,1,
precond_pen=1.800,28,-1.1641151642319976,176.91274938179572,1.8,2,1.8461649417877197,0.006020069122314453,0.0,1110001111000001101010011001,+++---++++-----++-+-+--++--+,0,False,"[[0.000117, 216.86669539], [0.005556, 211.20236312], [0.00602, 176.91274938]]",0,quantum,1,
precond_pen=1.900,28,-1.1195516468170066,176.91274938179572,1.9,2,1.7099108695983887,0.006022930145263672,0.0,1110001111000001101010011001,+++---++++-----++-+-+--++--+,0,False,"[[0.000109, 216.86669539], [0.005572, 205.5497492], [0.006023, 176.91274938]]",0,quantum,1,
precond_pen=2.000,28,-1.080250308380995,176.91274938179572,2.0,2,1.9128141403198242,0.005624055862426758,0.0,1110001111000001101010011001,+++---++++-----++-+-+--++--+,0,False,"[[0.000108, 216.86669539], [0.004578, 216.65114854], [0.004897, 215.1894212], [0.005236, 198.77856309], [0.005624, 176.91274938]]",0,quantum,1,
baseline,28,164.34075451243604,164.3407545124361,,2,17.741281986236572,0.11166191101074219,0.0,1010001101000111011001001011,+-+---++-+---+++-++--+--+-++,0,False,"[[0.000121, 189.51579027], [0.004421, 188.53795766], [0.004837, 165.80522431], [0.111268, 165.52263042], [0.111662, 164.34075451]]",1,quantum,1,
precond_pen=1.100,28,-1.5192587110700195,164.3407545124361,1.1,2,4.408416032791138,3.0045418739318848,0.0,0101110010111000100110110100,-+-+++--+-+++---+--++-++-+--,0,False,"[[0.000118, 189.51579027], [0.006303, 189.29725537], [0.006714, 165.80522431], [0.025689, 165.77754011], [2.134717, 164.80784601], [3.004542, 164.34075451]]",1,quantum,1,
precond_pen=1.200,28,-1.4038172093989978,164.3407545124361,1.2,2,4.454290866851807,0.025461912155151367,0.0,0101110010111000100110110100,-+-+++--+-+++---+--++-++-+--,0,False,"[[0.000112, 189.51579027], [0.005915, 185.53981537], [0.006519, 165.77754011], [0.025462, 164.34075451]]",1,quantum,1,
precond_pen=1.300,28,-1.311049371606991,164.3407545124361,1.3,2,4.393452882766724,1.517953872680664,0.0,0101110010111000100110110100,-+-+++--+-+++---+--++-++-+--,0,False,"[[0.000111, 189.51579027], [0.005637, 188.15474376], [0.006235, 165.77754011], [1.517954, 164.34075451], [4.391721, 164.34075451]]",1,quantum,1,
precond_pen=1.400,28,-1.2348437601750106,164.3407545124361,1.4,2,4.347023010253906,4.047780990600586,0.0,1010001101000111011001001011,+-+---++-+---+++-++--+--+-++,0,False,"[[0.000118, 189.51579027], [0.005986, 188.57167822], [0.006508, 164.80784601], [4.047781, 164.34075451], [4.346168, 164.34075451]]",1,quantum,1,
precond_pen=1.500,28,-1.171110684944999,164.3407545124361,1.5,2,4.349691867828369,2.7107009887695312,0.0,1010001101000111011001001011,+-+---++-+---+++-++--+--+-++,0,False,"[[0.000111, 189.51579027], [0.005822, 188.57167822], [0.006343, 164.80784601], [2.710701, 164.34075451], [4.348138, 164.34075451]]",1,quantum,1,
precond_pen=1.600,28,-1.1170085901770008,164.3407545124361,1.6,2,3.9986300468444824,3.1103169918060303,0.0,0101110010111000100110110100,-+-+++--+-+++---+--++-++-+--,0,False,"[[0.000108, 189.51579027], [0.005605, 187.85593817], [0.00609, 165.77754011], [0.221733, 165.62753395], [0.226271, 165.02502681], [1.479912, 164.95918572], [1.587241, 164.80784601], [3.110317, 164.34075451], [3.997851, 164.34075451]]",1,quantum,1,
precond_pen=1.700,28,-1.0705004725980096,164.3407545124361,1.7,2,4.4810950756073,3.4529941082000732,0.0,1010001101000111011001001011,+-+---++-+---+++-++--+--+-++,0,False,"[[0.000106, 189.51579027], [0.005703, 186.72529955], [0.006207, 166.51968146], [0.023469, 165.77754011], [2.40402, 165.62753395], [2.404195, 164.95918572], [3.452994, 164.34075451], [4.480294, 164.34075451]]",1,quantum,1,
precond_pen=1.800,28,-1.0300875189560035,164.3407545124361,1.8,2,4.402086019515991,1.7991249561309814,0.0,1010001101000111011001001011,+-+---++-+---+++-++--+--+-++,0,False,"[[0.000111, 189.51579027], [0.00586, 187.9327463], [0.006264, 165.77754011], [1.799125, 164.34075451]]",1,quantum,1,
precond_pen=1.900,28,-0.9946419472069987,164.3407545124361,1.9,2,4.485265016555786,1.8209002017974854,0.0,0101110010111000100110110100,-+-+++--+-+++---+--++-++-+--,0,False,"[[0.000109, 189.51579027], [0.005792, 187.85593817], [0.006296, 165.77754011], [1.8209, 164.34075451], [4.48353, 164.34075451]]",1,quantum,1,
precond_pen=2.000,28,-0.9632986325020063,164.3407545124361,2.0,2,4.555316925048828,3.486860990524292,0.0,0101110010111000100110110100,-+-+++--+-+++---+--++-++-+--,0,False,"[[0.000106, 189.51579027], [0.005887, 187.33136246], [0.006474, 165.77754011], [2.556858, 165.69132842], [2.557114, 164.95918572], [3.043882, 164.80784601], [3.486861, 164.34075451], [4.554406, 164.34075451]]",1,quantum,1,
baseline,28,165.79827070364885,165.798270703649,,2,10.49803113937378,0.7797820568084717,0.0,1010110000011001010101111001,+-+-++-----++--+-+-+-++++--+,0,False,"[[0.000126, 184.10834611], [0.004745, 171.96795728], [0.300923, 166.77224179], [0.592314, 165.84205169], [0.779782, 165.7982707], [10.497118, 165.7982707]]",2,quantum,1,
precond_pen=1.100,28,-1.6579175422750172,165.798270703649,1.1,2,2.719069004058838,1.8188531398773193,0.0,0101001111100110101010000110,-+-+--+++++--++-+-+-+----++-,0,False,"[[0.000106, 184.10834611], [0.00606, 177.07197011], [0.006477, 169.29027616], [0.026295, 167.42468829], [1.818853, 165.7982707]]",2,quantum,1,
precond_pen=1.200,28,-1.525652678618993,165.798270703649,1.2,2,2.08784818649292,0.027529001235961914,0.0,0101001111100110101010000110,-+-+--+++++--++-+-+-+----++-,0,False,"[[0.00011, 184.10834611], [0.006059, 180.16603853], [0.00658, 169.29027616], [0.027529, 165.7982707]]",2,quantum,1,
precond_pen=1.300,28,-1.4197212567570041,165.798270703649,1.3,2,2.3419339656829834,0.026466846466064453,0.0,0101001111100110101010000110,-+-+--+++++--++-+-+-+----++-,0,False,"[[0.00011, 184.10834611], [0.005936, 175.85145021], [0.006259, 171.59847849], [0.026467, 165.7982707]]",2,quantum,1,
precond_pen=1.400,28,-1.3329334054160142,165.798270703649,1.4,2,2.4753050804138184,0.02663898468017578,0.0,0101001111100110101010000110,-+-+--+++++--++-+-+-+----++-,0,False,"[[0.000106, 184.10834611], [0.005727, 181.88274548], [0.006161, 171.59847849], [0.026639, 165.7982707]]",2,quantum,1,
precond_pen=1.500,28,-1.2605067821939944,165.798270703649,1.5,2,2.60508394241333,0.006356000900268555,0.0,1010110000011001010101111001,+-+-++-----++--+-+-+-++++--+,0,False,"[[0.000108, 184.10834611], [0.005734, 183.59839833], [0.006356, 165.7982707]]",2,quantum,1,
precond_pen=1.600,28,-1.199134228910994,165.798270703649,1.6,2,2.424514055252075,0.025346994400024414,0.0,0101001111100110101010000110,-+-+--+++++--++-+-+-+----++-,0,False,"[[0.00011, 184.10834611], [0.00579, 172.43761228], [0.006223, 169.29027616], [0.025347, 165.7982707]]",2,quantum,1,
precond_pen=1.700,28,-1.1464551686929951,165.798270703649,1.7,2,2.776357889175415,0.024263858795166016,0.0,0101001111100110101010000110,-+-+--+++++--++-+-+-+----++-,0,False,"[[0.000106, 184.10834611], [0.005836, 176.58847742], [0.006165, 169.29027616], [0.024264, 165.7982707]]",2,quantum,1,
precond_pen=1.800,28,-1.1007381578110031,165.798270703649,1.8,2,2.690340042114258,0.02615499496459961,0.0,0101001111100110101010000110,-+-+--+++++--++-+-+-+----++-,0,False,"[[0.000111, 184.10834611], [0.006177, 176.52840847], [0.006609, 171.40529288], [0.026155, 165.7982707]]",2,quantum,1,
precond_pen=1.900,28,-1.0606840310419923,165.798270703649,1.9,2,2.3990650177001953,0.02485799789428711,0.0,1010110000011001010101111001,+-+-++-----++--+-+-+-++++--+,0,False,"[[0.000103, 184.10834611], [0.00548, 181.56231705], [0.006002, 169.29027616], [0.024858, 165.7982707]]",2,quantum,1,
precond_pen=2.000,28,-1.025299135768,165.798270703649,2.0,2,2.5085201263427734,0.025382041931152344,0.0,1010110000011001010101111001,+-+-++-----++--+-+-+-++++--+,0,False,"[[0.000104, 184.10834611], [0.005606, 177.58597789], [0.006027, 171.40529288], [0.025382, 165.7982707]]",2,quantum,1,
baseline,28,169.85007589582415,169.85007589582403,,2,18.096925020217896,0.11336898803710938,0.0,0110110010101100000011010111,-++-++--+-+-++------++-+-+++,0,False,"[[0.000108, 208.90331006], [0.004168, 203.13903248], [0.005468, 173.43890441], [0.113369, 169.8500759]]",3,quantum,1,
precond_pen=1.100,28,-1.6762414410800037,169.85007589582403,1.1,2,1.9957389831542969,0.006721973419189453,0.0,0110110010101100000011010111,-++-++--+-+-++------++-+-+++,0,False,"[[0.000111, 208.90331006], [0.006094, 193.3794783], [0.006722, 169.8500759]]",3,quantum,1,
precond_pen=1.200,28,-1.5421289343039977,169.85007589582403,1.2,2,2.124009847640991,0.0058629512786865234,0.0,0110110010101100000011010111,-++-++--+-+-++------++-+-+++,0,False,"[[0.000107, 208.90331006], [0.005451, 204.55574042], [0.005863, 169.8500759]]",3,quantum,1,
precond_pen=1.300,28,-1.4346529217309918,169.85007589582403,1.3,2,1.7436609268188477,0.006537914276123047,0.0,1001001101010011111100101000,+--+--++-+-+--++++++--+-+---,0,False,"[[0.000121, 208.90331006], [0.005795, 200.34785548], [0.006538, 169.8500759]]",3,quantum,1,
precond_pen=1.400,28,-1.3465623797860111,169.85007589582403,1.4,2,2.0067789554595947,0.0063550472259521484,0.0,0110110010101100000011010111,-++-++--+-+-++------++-+-+++,0,False,"[[0.000113, 208.90331006], [0.005736, 194.48004991], [0.006355, 169.8500759]]",3,quantum,1,
precond_pen=1.500,28,-1.2730267611109998,169.85007589582403,1.5,2,1.9993109703063965,0.0060389041900634766,0.0,0110110010101100000011010111,-++-++--+-+-++------++-+-+++,0,False,"[[0.000107, 208.90331006], [0.005404, 197.42511428], [0.006039, 169.8500759]]",3,quantum,1,
precond_pen=1.600,28,-1.21070164098,169.85007589582403,1.6,2,2.074915885925293,0.006350994110107422,0.0,0110110010101100000011010111,-++-++--+-+-++------++-+-+++,0,False,"[[0.000114, 208.90331006], [0.005709, 200.01638174], [0.006351, 169.8500759]]",3,quantum,1,
precond_pen=1.700,28,-1.1571971505040075,169.85007589582403,1.7,2,2.0337870121002197,0.0065460205078125,0.0,0110110010101100000011010111,-++-++--+-+-++------++-+-+++,0,False,"[[0.000106, 208.90331006], [0.005814, 192.14691845], [0.006546, 169.8500759]]",3,quantum,1,
precond_pen=1.800,28,-1.1107590132159952,169.85007589582403,1.8,2,1.9453840255737305,0.0063130855560302734,0.0,1001001101010011111100101000,+--+--++-+-+--++++++--+-+---,0,False,"[[0.00011, 208.90331006], [0.005738, 197.3885282], [0.006313, 169.8500759]]",3,quantum,1,
precond_pen=1.900,28,-1.0700707322589853,169.85007589582403,1.9,2,2.3544540405273438,0.007431983947753906,0.0,1001001101010011111100101000,+--+--++-+-+--++++++--+-+---,0,False,"[[0.000108, 208.90331006], [0.006713, 199.2607593], [0.007432, 169.8500759]]",3,quantum,1,
precond_pen=2.000,28,-1.034123828863013,169.85007589582403,2.0,2,2.147336959838867,0.006422996520996094,0.0,0110110010101100000011010111,-++-++--+-+-++------++-+-+++,0,False,"[[0.000111, 208.90331006], [0.005782, 201.20212818], [0.006423, 169.8500759]]",3,quantum,1,
baseline,28,185.70475249517415,185.70475249517403,,2,24.193431854248047,16.628644943237305,0.0,1001011101011000001010111010,+--+-+++-+-++-----+-+-+++-+-,0,False,"[[0.000105, 209.69549112], [0.004073, 201.66607549], [0.005387, 188.11622948], [0.113942, 186.34332473], [16.628645, 185.7047525], [24.191546, 185.7047525]]",4,quantum,1,
precond_pen=1.100,28,-1.6479360247770067,185.70475249517403,1.1,2,1.6933050155639648,0.006531953811645508,0.0,0110100010100111110101000101,-++-+---+-+--+++++-+-+---+-+,0,False,"[[0.000113, 209.69549112], [0.006006, 207.44155922], [0.006532, 185.7047525]]",4,quantum,1,
precond_pen=1.200,28,-1.5143869134999939,185.70475249517403,1.2,2,2.0246388912200928,1.6003780364990234,0.0,0110100010100111110101000101,-++-+---+-+--+++++-+-+---+-+,0,False,"[[0.000105, 209.69549112], [0.005684, 205.95526229], [0.00608, 186.45272798], [0.024927, 186.34332473], [1.600378, 185.7047525], [2.022848, 185.7047525]]",4,quantum,1,
precond_pen=1.300,28,-1.4078321151050037,185.70475249517403,1.3,2,2.033838987350464,1.383307933807373,0.0,0110100010100111110101000101,-++-+---+-+--+++++-+-+---+-+,0,False,"[[0.000106, 209.69549112], [0.005754, 209.5610905], [0.006084, 191.71992873], [0.025693, 186.34332473], [1.383308, 185.7047525], [2.031775, 185.7047525]]",4,quantum,1,
precond_pen=1.400,28,-1.3208043792709994,185.70475249517403,1.4,2,2.108928918838501,1.4754350185394287,0.0,0110100010100111110101000101,-++-+---+-+--+++++-+-+---+-+,0,False,"[[0.000118, 209.69549112], [0.005816, 209.5610905], [0.006154, 191.71992873], [0.026087, 186.87216314], [1.295655, 186.45272798], [1.475435, 185.7047525], [2.108196, 185.7047525]]",4,quantum,1,
precond_pen=1.500,28,-1.2483659420450124,185.70475249517403,1.5,2,2.257689952850342,1.6959848403930664,0.0,1001011101011000001010111010,+--+-+++-+-++-----+-+-+++-+-,0,False,"[[0.000105, 209.69549112], [0.005417, 208.7913556], [0.0059, 186.34332473], [1.695985, 185.7047525], [2.256017, 185.7047525]]",4,quantum,1,
precond_pen=1.600,28,-1.1871188330969904,185.70475249517403,1.6,2,2.148240089416504,0.006596088409423828,0.0,0110100010100111110101000101,-++-+---+-+--+++++-+-+---+-+,0,False,"[[0.000112, 209.69549112], [0.006059, 207.44155922], [0.006596, 185.7047525]]",4,quantum,1,
precond_pen=1.700,28,-1.1346471425830043,185.70475249517403,1.7,2,2.116683006286621,1.2337639331817627,0.0,1001011101011000001010111010,+--+-+++-+-++-----+-+-+++-+-,0,False,"[[0.000112, 209.69549112], [0.005657, 209.5610905], [0.006011, 191.71992873], [0.02453, 186.34332473], [1.233764, 185.7047525], [2.115829, 185.7047525]]",4,quantum,1,
precond_pen=1.800,28,-1.0891854094860118,185.70475249517403,1.8,2,1.9792017936706543,1.1746149063110352,0.0,1001011101011000001010111010,+--+-+++-+-++-----+-+-+++-+-,0,False,"[[0.000108, 209.69549112], [0.005633, 208.71751371], [0.006152, 190.18859979], [1.174615, 185.7047525], [1.977552, 185.7047525]]",4,quantum,1,
precond_pen=1.900,28,-1.049412973456997,185.70475249517403,1.9,2,2.4011011123657227,1.3315660953521729,0.0,1001011101011000001010111010,+--+-+++-+-++-----+-+-+++-+-,0,False,"[[0.000107, 209.69549112], [0.005655, 207.40550096], [0.00632, 186.34332473], [1.331566, 185.7047525], [2.400212, 185.7047525]]",4,quantum,1,
precond_pen=2.000,28,-1.0143221745760052,185.70475249517403,2.0,2,2.1187949180603027,0.3600931167602539,0.0,0110100010100111110101000101,-++-+---+-+--+++++-+-+---+-+,0,False,"[[9.9e-05, 209.69549112], [0.005479, 209.5610905], [0.005799, 191.71992873], [0.023246, 190.33054159], [0.360093, 185.7047525]]",4,quantum,1,
baseline,28,163.04411847878504,163.0441184787851,,2,16.929768800735474,4.755144834518433,0.0,0111110001010000101110001011,-+++++---+-+----+-+++---+-++,0,False,"[[0.000111, 189.25660748], [0.004594, 165.42289692], [0.112741, 164.94155625], [4.592817, 164.68529182], [4.755145, 163.04411848]]",5,quantum,1,
precond_pen=1.100,28,-1.599945054667014,163.0441184787851,1.1,2,3.0861101150512695,1.6556901931762695,0.0,1000001110101111010001110100,+-----+++-+-++++-+---+++-+--,0,False,"[[0.000101, 189.25660748], [0.006133, 186.89123636], [0.006606, 163.89329064], [1.65569, 163.04411848], [3.085195, 163.04411848]]",5,quantum,1,
precond_pen=1.200,28,-1.4752924090479933,163.0441184787851,1.2,2,3.480670928955078,1.985684871673584,0.0,1000001110101111010001110100,+-----+++-+-++++-+---+++-+--,0,False,"[[0.000112, 189.25660748], [0.006552, 188.89112223], [0.007094, 164.36600589], [1.985685, 163.04411848], [3.479766, 163.04411848]]",5,quantum,1,
precond_pen=1.300,28,-1.3752159426239992,163.0441184787851,1.3,2,3.185482978820801,2.070504903793335,0.0,0111110001010000101110001011,-+++++---+-+----+-+++---+-++,0,False,"[[0.000404, 189.25660748], [0.006488, 184.26492966], [0.006984, 164.94155625], [0.025899, 163.89329064], [2.070505, 163.04411848]]",5,quantum,1,
precond_pen=1.400,28,-1.293067590024009,163.0441184787851,1.4,2,3.287774085998535,2.3171579837799072,0.0,1000001110101111010001110100,+-----+++-+-++++-+---+++-+--,0,False,"[[0.000109, 189.25660748], [0.007068, 184.26492966], [0.007572, 164.94155625], [0.026258, 163.89329064], [2.317158, 163.04411848], [3.286924, 163.04411848]]",5,quantum,1,
precond_pen=1.500,28,-1.2244061646879985,163.0441184787851,1.5,2,3.1673171520233154,1.763638973236084,0.0,1000001110101111010001110100,+-----+++-+-++++-+---+++-+--,0,False,"[[0.000111, 189.25660748], [0.005944, 184.26492966], [0.006421, 164.94155625], [1.57449, 164.30043544], [1.763639, 163.04411848]]",5,quantum,1,
precond_pen=1.600,28,-1.1661497791610032,163.0441184787851,1.6,2,3.6976099014282227,1.569145917892456,0.0,0111110001010000101110001011,-+++++---+-+----+-+++---+-++,0,False,"[[0.000116, 189.25660748], [0.006131, 184.62870712], [0.006531, 170.4483754], [0.024487, 164.94155625], [1.569146, 163.04411848], [3.696721, 163.04411848]]",5,quantum,1,
precond_pen=1.700,28,-1.1160916305520026,163.0441184787851,1.7,2,3.9429991245269775,2.6277830600738525,0.0,1000001110101111010001110100,+-----+++-+-++++-+---+++-+--,0,False,"[[0.000113, 189.25660748], [0.006964, 184.26492966], [0.007477, 164.94155625], [1.689252, 164.63926597], [2.627783, 163.04411848], [3.941058, 163.04411848]]",5,quantum,1,
precond_pen=1.800,28,-1.0726096157509968,163.0441184787851,1.8,2,3.6278269290924072,2.363834857940674,0.0,1000001110101111010001110100,+-----+++-+-++++-+---+++-+--,0,False,"[[0.000108, 189.25660748], [0.005935, 184.26492966], [0.006432, 164.94155625], [1.337752, 164.86085291], [2.246129, 163.89329064], [2.363835, 163.04411848], [3.625816, 163.04411848]]",5,quantum,1,
precond_pen=1.900,28,-1.0344840068189942,163.0441184787851,1.9,2,3.93927001953125,3.365895986557007,0.0,1000001110101111010001110100,+-----+++-+-++++-+---+++-+--,0,False,"[[0.000117, 189.25660748], [0.005942, 186.72970586], [0.006376, 163.89329064], [3.365896, 163.04411848]]",5,quantum,1,
precond_pen=2.000,28,-1.0007797716780082,163.0441184787851,2.0,2,3.5812149047851562,1.736665964126587,0.0,0111110001010000101110001011,-+++++---+-+----+-+++---+-++,0,False,"[[0.000112, 189.25660748], [0.005634, 186.89123636], [0.006117, 163.89329064], [1.736666, 163.04411848], [3.58034, 163.04411848]]",5,quantum,1,
baseline,28,171.28420630724403,171.2842063072439,,2,12.411280155181885,0.005789995193481445,0.0,1010011001001111001101001100,+-+--++--+--++++--++-+--++--,0,False,"[[0.000101, 209.5918113], [0.004302, 206.44018163], [0.004893, 204.78281239], [0.005289, 203.07277917], [0.00579, 171.28420631]]",6,quantum,1,
precond_pen=1.100,28,-1.803751185512997,171.2842063072439,1.1,2,1.721696138381958,0.025372028350830078,0.0,0101100110110000110010110011,-+-++--++-++----++--+-++--++,0,False,"[[0.000107, 209.5918113], [0.006163, 193.87350772], [0.006584, 176.50141926], [0.025372, 171.28420631]]",6,quantum,1,
precond_pen=1.200,28,-1.6531341567759945,171.2842063072439,1.2,2,1.7673959732055664,1.5254950523376465,0.0,0101100110110000110010110011,-+-++--++-++----++--+-++--++,0,False,"[[0.000112, 209.5918113], [0.006372, 203.3906074], [0.006878, 176.50141926], [1.25834, 172.77764641], [1.525495, 171.28420631]]",6,quantum,1,
precond_pen=1.300,28,-1.532948873655993,171.2842063072439,1.3,2,1.8755099773406982,0.006783008575439453,0.0,0101100110110000110010110011,-+-++--++-++----++--+-++--++,0,False,"[[0.000112, 209.5918113], [0.006068, 192.46803476], [0.006783, 171.28420631]]",6,quantum,1,
precond_pen=1.400,28,-1.434772268971006,171.2842063072439,1.4,2,1.849416971206665,1.6069679260253906,0.0,1010011001001111001101001100,+-+--++--+--++++--++-+--++--,0,False,"[[0.00011, 209.5918113], [0.005753, 198.74809561], [0.006152, 177.09827281], [0.024692, 173.99765872], [1.411031, 172.77764641], [1.606968, 171.28420631], [1.84866, 171.28420631]]",6,quantum,1,
precond_pen=1.500,28,-1.3530376540490074,171.2842063072439,1.5,2,1.806865930557251,0.007517814636230469,0.0,0101100110110000110010110011,-+-++--++-++----++--+-++--++,0,False,"[[0.000112, 209.5918113], [0.006897, 194.69082863], [0.007518, 171.28420631]]",6,quantum,1,
precond_pen=1.600,28,-1.2839158563100064,171.2842063072439,1.6,2,1.7082228660583496,1.2428100109100342,0.0,1010011001001111001101001100,+-+--++--+--++++--++-+--++--,0,False,"[[0.000109, 209.5918113], [0.005697, 201.517943], [0.006197, 176.50141926], [0.024318, 173.99765872], [1.24281, 171.28420631], [1.707475, 171.28420631]]",6,quantum,1,
precond_pen=1.700,28,-1.2246847163859904,171.2842063072439,1.7,2,1.8526999950408936,1.2987110614776611,0.0,1010011001001111001101001100,+-+--++--+--++++--++-+--++--,0,False,"[[0.000109, 209.5918113], [0.005428, 192.56604399], [0.006605, 177.33319256], [0.023378, 176.50141926], [0.023736, 173.99765872], [1.298434, 173.05026274], [1.298711, 171.28420631], [1.852058, 171.28420631]]",6,quantum,1,
precond_pen=1.800,28,-1.1733554833579927,171.2842063072439,1.8,2,1.807847023010254,1.494354009628296,0.0,1010011001001111001101001100,+-+--++--+--++++--++-+--++--,0,False,"[[0.000111, 209.5918113], [0.005759, 200.6218784], [0.00626, 176.50141926], [0.024842, 173.99765872], [1.298019, 171.81080038], [1.494354, 171.28420631], [1.807107, 171.28420631]]",6,quantum,1,
precond_pen=1.900,28,-1.1284404240699892,171.2842063072439,1.9,2,1.706441879272461,0.006229877471923828,0.0,0101100110110000110010110011,-+-++--++-++----++--+-++--++,0,False,"[[0.000109, 209.5918113], [0.005714, 200.669295], [0.00623, 171.28420631]]",6,quantum,1,
precond_pen=2.000,28,-1.088804316418999,171.2842063072439,2.0,2,1.8559770584106445,1.482611894607544,0.0,0101100110110000110010110011,-+-++--++-++----++--+-++--++,0,False,"[[0.00011, 209.5918113], [0.005833, 198.63702954], [0.00624, 176.50141926], [0.026008, 173.99765872], [1.321274, 172.77764641], [1.482612, 171.28420631], [1.855273, 171.28420631]]",6,quantum,1,
baseline,28,167.76067416360615,167.76067416360587,,2,19.277929067611694,0.005561113357543945,0.0,1111000111010000011110010001,++++---+++-+-----++++--+---+,0,False,"[[0.000107, 195.7544466], [0.005561, 167.76067416]]",7,quantum,1,
precond_pen=1.100,28,-1.678023211743989,167.76067416360587,1.1,2,2.180087089538574,0.026949167251586914,0.0,1111000111010000011110010001,++++---+++-+-----++++--+---+,0,False,"[[0.000119, 195.7544466], [0.006086, 179.08555455], [0.006526, 168.71818314], [0.026949, 167.76067416]]",7,quantum,1,
precond_pen=1.200,28,-1.543339321909004,167.76067416360587,1.2,2,2.2682509422302246,0.006559848785400391,0.0,0000111000101111100001101110,----+++---+-+++++----++-+++-,0,False,"[[0.00011, 195.7544466], [0.006023, 176.61257755], [0.00656, 167.76067416]]",7,quantum,1,
precond_pen=1.300,28,-1.4355044352309996,167.76067416360587,1.3,2,2.46258807182312,0.00596308708190918,0.0,0000111000101111100001101110,----+++---+-+++++----++-+++-,0,False,"[[0.000105, 195.7544466], [0.005451, 176.61257755], [0.005963, 167.76067416]]",7,quantum,1,
precond_pen=1.400,28,-1.3471799392990054,167.76067416360587,1.4,2,2.489778995513916,0.0064241886138916016,0.0,0000111000101111100001101110,----+++---+-+++++----++-+++-,0,False,"[[0.000106, 195.7544466], [0.005806, 176.61257755], [0.006424, 167.76067416]]",7,quantum,1,
precond_pen=1.500,28,-1.2734871155449916,167.76067416360587,1.5,2,2.311328887939453,0.02433609962463379,0.0,1111000111010000011110010001,++++---+++-+-----++++--+---+,0,False,"[[0.000109, 195.7544466], [0.005972, 179.05920523], [0.00638, 168.71818314], [0.024336, 167.76067416]]",7,quantum,1,
precond_pen=1.600,28,-1.211053542516007,167.76067416360587,1.6,2,2.200716018676758,0.02508401870727539,0.0,1111000111010000011110010001,++++---+++-+-----++++--+---+,0,False,"[[0.000104, 195.7544466], [0.005834, 178.85703818], [0.006256, 168.71818314], [0.025084, 167.76067416]]",7,quantum,1,
precond_pen=1.700,28,-1.1574723579690094,167.76067416360587,1.7,2,2.469670057296753,0.006233930587768555,0.0,0000111000101111100001101110,----+++---+-+++++----++-+++-,0,False,"[[0.00011, 195.7544466], [0.0058, 173.57251308], [0.006234, 167.76067416]]",7,quantum,1,
precond_pen=1.800,28,-1.1109792581790252,167.76067416360587,1.8,2,2.0485289096832275,0.025967836380004883,0.0,0000111000101111100001101110,----+++---+-+++++----++-+++-,0,False,"[[0.000106, 195.7544466], [0.00663, 179.05920523], [0.007155, 168.71818314], [0.025968, 167.76067416]]",7,quantum,1,
precond_pen=1.900,28,-1.0702504551189946,167.76067416360587,1.9,2,2.132899045944214,0.02480316162109375,0.0,0000111000101111100001101110,----+++---+-+++++----++-+++-,0,False,"[[0.000111, 195.7544466], [0.005798, 179.33183741], [0.006127, 168.71818314], [0.024803, 167.76067416]]",7,quantum,1,
precond_pen=2.000,28,-1.034273719466995,167.76067416360587,2.0,2,2.329437017440796,1.1167829036712646,0.0,1111000111010000011110010001,++++---+++-+-----++++--+---+,0,False,"[[0.000118, 195.7544466], [0.006001, 179.33183741], [0.006334, 168.71818314], [1.116783, 167.76067416], [2.328602, 167.76067416]]",7,quantum,1,
baseline,28,162.44650091943208,162.44650091943177,,2,14.437371015548706,0.004853010177612305,0.0,1111110000100101100111000001,++++++----+--+-++--+++-----+,0,False,"[[0.000106, 191.12426956], [0.004853, 162.44650092]]",8,quantum,1,
precond_pen=1.100,28,-1.708916242352002,162.44650091943177,1.1,2,1.9109580516815186,0.007533073425292969,0.0,0000001111011010011000111110,------++++-++-+--++---+++++-,0,False,"[[0.000109, 191.12426956], [0.007096, 180.01948442], [0.007533, 162.44650092]]",8,quantum,1,
precond_pen=1.200,28,-1.5727976178589937,162.44650091943177,1.2,2,1.852921962738037,0.006679058074951172,0.0,0000001111011010011000111110,------++++-++-+--++---+++++-,0,False,"[[0.000107, 191.12426956], [0.006155, 180.1055593], [0.006679, 162.44650092]]",8,quantum,1,
precond_pen=1.300,28,-1.4634361853209938,162.44650091943177,1.3,2,1.8843510150909424,0.008669137954711914,0.0,0000001111011010011000111110,------++++-++-+--++---+++++-,0,False,"[[0.00011, 191.12426956], [0.008122, 177.15051424], [0.008669, 162.44650092]]",8,quantum,1,
precond_pen=1.400,28,-1.37361651780199,162.44650091943177,1.4,2,1.82741117477417,0.006494045257568359,0.0,0000001111011010011000111110,------++++-++-+--++---+++++-,0,False,"[[0.000111, 191.12426956], [0.005965, 180.1055593], [0.006494, 162.44650092]]",8,quantum,1,
precond_pen=1.500,28,-1.298510417940001,162.44650091943177,1.5,2,1.850999116897583,0.027322053909301758,0.0,1111110000100101100111000001,++++++----+--+-++--+++-----+,0,False,"[[0.000101, 191.12426956], [0.005732, 183.82551635], [0.006453, 166.03641942], [0.027322, 162.44650092]]",8,quantum,1,
precond_pen=1.600,28,-1.2347639248810065,162.44650091943177,1.6,2,1.8662810325622559,0.006265878677368164,0.0,0000001111011010011000111110,------++++-++-+--++---+++++-,0,False,"[[0.000112, 191.12426956], [0.005761, 180.1055593], [0.006266, 162.44650092]]",8,quantum,1,
precond_pen=1.700,28,-1.1799729133429917,162.44650091943177,1.7,2,1.869905948638916,0.00630497932434082,0.0,0000001111011010011000111110,------++++-++-+--++---+++++-,0,False,"[[0.000103, 191.12426956], [0.005866, 180.91681861], [0.006305, 162.44650092]]",8,quantum,1,
precond_pen=1.800,28,-1.1323686670590014,162.44650091943177,1.8,2,2.0344290733337402,0.0060541629791259766,0.0,0000001111011010011000111110,------++++-++-+--++---+++++-,0,False,"[[0.000152, 191.12426956], [0.00562, 178.37345792], [0.006054, 162.44650092]]",8,quantum,1,
precond_pen=1.900,28,-1.0906205288339947,162.44650091943177,1.9,2,1.862205982208252,0.006242990493774414,0.0,0000001111011010011000111110,------++++-++-+--++---+++++-,0,False,"[[0.0001, 191.12426956], [0.005823, 175.18785092], [0.006243, 162.44650092]]",8,quantum,1,
precond_pen=2.000,28,-1.0537078330229974,162.44650091943177,2.0,2,2.0479328632354736,0.006185770034790039,0.0,0000001111011010011000111110,------++++-++-+--++---+++++-,0,False,"[[0.000154, 191.12426956], [0.005732, 185.22529523], [0.006186, 162.44650092]]",8,quantum,1,
baseline,28,173.9136263427929,173.91362634279312,,2,16.80512499809265,0.11461186408996582,0.0,0010010011111110000001010111,--+--+--+++++++------+-+-+++,0,False,"[[0.000159, 207.38060405], [0.00459, 201.77391187], [0.005959, 174.57766661], [0.114612, 173.91362634]]",9,quantum,1,
precond_pen=1.100,28,-1.5964646371079958,173.91362634279312,1.1,2,2.661159038543701,0.025681018829345703,0.0,0010010011111110000001010111,--+--+--+++++++------+-+-+++,0,False,"[[0.000104, 207.38060405], [0.005584, 197.62834075], [0.005991, 176.55564047], [0.025681, 173.91362634]]",9,quantum,1,
precond_pen=1.200,28,-1.4710074534129944,173.91362634279312,1.2,2,2.911942958831787,1.586251974105835,0.0,1101101100000001111110101000,++-++-++-------++++++-+-+---,0,False,"[[0.0001, 207.38060405], [0.005554, 204.95250103], [0.006043, 174.26992967], [1.586252, 173.91362634], [2.911132, 173.91362634]]",9,quantum,1,
precond_pen=1.300,28,-1.3704832652200007,173.91362634279312,1.3,2,2.9962849617004395,2.543865919113159,0.0,1101101100000001111110101000,++-++-++-------++++++-+-+---,0,False,"[[0.000113, 207.38060405], [0.005755, 202.85182875], [0.006156, 176.55564047], [0.631779, 176.13326589], [1.269683, 175.10328783], [1.719691, 174.57766661], [2.543866, 173.91362634], [2.99547, 173.91362634]]",9,quantum,1,
precond_pen=1.400,28,-1.2881006543140145,173.91362634279312,1.4,2,2.7706241607666016,0.2710111141204834,0.0,0010010011111110000001010111,--+--+--+++++++------+-+-+++,0,False,"[[0.000115, 207.38060405], [0.005876, 203.62026272], [0.006372, 174.26992967], [0.271011, 173.91362634], [2.769842, 173.91362634]]",9,quantum,1,
precond_pen=1.500,28,-1.2193362319570067,173.91362634279312,1.5,2,3.075618028640747,2.045814037322998,0.0,1101101100000001111110101000,++-++-++-------++++++-+-+---,0,False,"[[0.000102, 207.38060405], [0.005448, 197.31729787], [0.005957, 174.26992967], [2.045814, 173.91362634], [3.07488, 173.91362634]]",9,quantum,1,
precond_pen=1.600,28,-1.1610596662439967,173.91362634279312,1.6,2,2.8248300552368164,0.026177167892456055,0.0,0010010011111110000001010111,--+--+--+++++++------+-+-+++,0,False,"[[0.000106, 207.38060405], [0.005867, 193.69884778], [0.006377, 176.55564047], [0.026177, 173.91362634]]",9,quantum,1,
precond_pen=1.700,28,-1.1110339337809982,173.91362634279312,1.7,2,2.999011993408203,1.6998682022094727,0.0,1101101100000001111110101000,++-++-++-------++++++-+-+---,0,False,"[[0.000103, 207.38060405], [0.005966, 189.77774452], [0.006484, 174.26992967], [1.699868, 173.91362634], [2.998238, 173.91362634]]",9,quantum,1,
precond_pen=1.800,28,-1.0676176358859948,173.91362634279312,1.8,2,2.7342169284820557,0.006291866302490234,0.0,0010010011111110000001010111,--+--+--+++++++------+-+-+++,0,False,"[[0.000101, 207.38060405], [0.005774, 190.61169946], [0.006292, 173.91362634]]",9,quantum,1,
precond_pen=1.900,28,-1.029578652056001,173.91362634279312,1.9,2,2.9034299850463867,0.006206035614013672,0.0,0010010011111110000001010111,--+--+--+++++++------+-+-+++,0,False,"[[0.000151, 207.38060405], [0.005783, 187.94051117], [0.006206, 173.91362634]]",9,quantum,1,
precond_pen=2.000,28,-0.995973860922005,173.91362634279312,2.0,2,2.611963987350464,0.006662130355834961,0.0,0010010011111110000001010111,--+--+--+++++++------+-+-+++,0,False,"[[0.000161, 207.38060405], [0.006224, 185.61489084], [0.006662, 173.91362634]]",9,quantum,1,
baseline,28,167.41336223744622,167.41336223744608,,2,15.634862899780273,0.005837917327880859,0.0,1000111011100011000010111100,+---+++-+++---++----+-++++--,0,False,"[[0.000113, 194.61342848], [0.004365, 191.80386798], [0.005838, 167.41336224]]",10,quantum,1,
precond_pen=1.100,28,-1.687159701996988,167.41336223744608,1.1,2,2.167279005050659,0.02578902244567871,0.0,1000111011100011000010111100,+---+++-+++---++----+-++++--,0,False,"[[0.000108, 194.61342848], [0.00644, 193.97111363], [0.006906, 174.36837913], [0.025789, 167.41336224]]",10,quantum,1,
precond_pen=1.200,28,-1.5518605077560075,167.41336223744608,1.2,2,2.2452521324157715,0.027086973190307617,0.0,1000111011100011000010111100,+---+++-+++---++----+-++++--,0,False,"[[0.000109, 194.61342848], [0.006697, 172.84636781], [0.027087, 167.41336224]]",10,quantum,1,
precond_pen=1.300,28,-1.4434544560629963,167.41336223744608,1.3,2,2.14066481590271,0.026157855987548828,0.0,1000111011100011000010111100,+---+++-+++---++----+-++++--,0,False,"[[0.00012, 194.61342848], [0.006687, 172.84636781], [0.026158, 167.41336224]]",10,quantum,1,
precond_pen=1.400,28,-1.3546114655289934,167.41336223744608,1.4,2,2.1640520095825195,0.025487184524536133,0.0,1000111011100011000010111100,+---+++-+++---++----+-++++--,0,False,"[[0.00013, 194.61342848], [0.006755, 172.84636781], [0.025487, 167.41336224]]",10,quantum,1,
precond_pen=1.500,28,-1.2804520058719877,167.41336223744608,1.5,2,1.869879961013794,0.02568984031677246,0.0,1000111011100011000010111100,+---+++-+++---++----+-++++--,0,False,"[[0.000121, 194.61342848], [0.006643, 192.68336135], [0.007218, 174.36837913], [0.02569, 167.41336224]]",10,quantum,1,
precond_pen=1.600,28,-1.217599533149997,167.41336223744608,1.6,2,2.2027010917663574,0.007041215896606445,0.0,0111000100011100111101000011,-+++---+---+++--++++-+----++,0,False,"[[0.000118, 194.61342848], [0.006438, 193.051605], [0.007041, 167.41336224]]",10,quantum,1,
precond_pen=1.700,28,-1.1636420548530086,167.41336223744608,1.7,2,2.245262861251831,0.006521940231323242,0.0,0111000100011100111101000011,-+++---+---+++--++++-+----++,0,False,"[[0.000117, 194.61342848], [0.005945, 191.70356267], [0.006522, 167.41336224]]",10,quantum,1,
precond_pen=1.800,28,-1.1168102672970086,167.41336223744608,1.8,2,2.3174102306365967,0.006949186325073242,0.0,1000111011100011000010111100,+---+++-+++---++----+-++++--,0,False,"[[0.000116, 194.61342848], [0.006202, 188.55754635], [0.006949, 167.41336224]]",10,quantum,1,
precond_pen=1.900,28,-1.0757758571009965,167.41336223744608,1.9,2,2.487699031829834,0.3121800422668457,0.0,0111000100011100111101000011,-+++---+---+++--++++-+----++,0,False,"[[0.000102, 194.61342848], [0.005574, 191.09275337], [0.006165, 172.83074037], [0.025843, 170.7425638], [0.306955, 170.00668379], [0.307165, 167.43875541], [0.31218, 167.41336224]]",10,quantum,1,
precond_pen=2.000,28,-1.0395220900759714,167.41336223744608,2.0,2,2.1740360260009766,0.006385087966918945,0.0,1000111011100011000010111100,+---+++-+++---++----+-++++--,0,False,"[[0.000115, 194.61342848], [0.005775, 194.28410365], [0.006385, 167.41336224]]",10,quantum,1,
baseline,28,154.56207709474037,154.56207709473995,,2,10.626123905181885,0.11542391777038574,0.0,1001000011101101111010110000,+--+----+++-++-++++-+-++----,0,False,"[[0.000336, 194.75035761], [0.005049, 189.18731885], [0.005449, 186.0595437], [0.006022, 158.84896493], [0.115424, 154.56207709]]",11,quantum,1,
precond_pen=1.100,28,-1.6521113424510059,154.56207709473995,1.1,2,2.6754279136657715,1.6156120300292969,0.0,0110111100010010000101001111,-++-++++---+--+----+-+--++++,0,False,"[[0.000109, 194.75035761], [0.005588, 186.03601497], [0.005965, 160.1745299], [0.026647, 158.84896493], [1.369279, 158.56033454], [1.462836, 157.93230524], [1.615612, 154.56207709]]",11,quantum,1,
precond_pen=1.200,28,-1.523446890207012,154.56207709473995,1.2,2,2.7424960136413574,1.5459671020507812,0.0,1001000011101101111010110000,+--+----+++-++-++++-+-++----,0,False,"[[0.000109, 194.75035761], [0.005749, 184.8854119], [0.006267, 158.84896493], [0.023833, 156.76540992], [1.545967, 154.56207709]]",11,quantum,1,
precond_pen=1.300,28,-1.4198626279069888,154.56207709473995,1.3,2,2.734502077102661,1.7510721683502197,0.0,0110111100010010000101001111,-++-++++---+--+----+-+--++++,0,False,"[[0.000114, 194.75035761], [0.004824, 175.71879226], [0.005679, 174.64949503], [0.006183, 160.80079132], [0.02339, 158.68566575], [1.518717, 157.2030605], [1.751072, 154.56207709], [2.733714, 154.56207709]]",11,quantum,1,
precond_pen=1.400,28,-1.3346441380280005,154.56207709473995,1.4,2,2.734062910079956,0.006064891815185547,0.0,0110111100010010000101001111,-++-++++---+--+----+-+--++++,0,False,"[[0.000108, 194.75035761], [0.005524, 177.63124119], [0.006065, 154.56207709]]",11,quantum,1,
precond_pen=1.500,28,-1.263284279888996,154.56207709473995,1.5,2,2.8285980224609375,2.091063976287842,0.0,1001000011101101111010110000,+--+----+++-++-++++-+-++----,0,False,"[[0.000108, 194.75035761], [0.005472, 182.4896505], [0.00606, 157.54097569], [1.466426, 157.2030605], [2.091064, 154.56207709]]",11,quantum,1,
precond_pen=1.600,28,-1.202643768937003,154.56207709473995,1.6,2,3.142666816711426,2.5120139122009277,0.0,0110111100010010000101001111,-++-++++---+--+----+-+--++++,0,False,"[[0.00011, 194.75035761], [0.005551, 187.69641015], [0.005939, 160.1745299], [0.024783, 156.76540992], [2.512014, 154.56207709]]",11,quantum,1,
precond_pen=1.700,28,-1.150467374782,154.56207709473995,1.7,2,2.4548418521881104,0.02307295799255371,0.0,1001000011101101111010110000,+--+----+++-++-++++-+-++----,0,False,"[[0.000106, 194.75035761], [0.005027, 180.85792966], [0.005593, 179.50541905], [0.00604, 175.2673961], [0.006456, 160.80079132], [0.023073, 154.56207709]]",11,quantum,1,
precond_pen=1.800,28,-1.1050930518030064,154.56207709473995,1.8,2,2.6984190940856934,0.0060482025146484375,0.0,0110111100010010000101001111,-++-++++---+--+----+-+--++++,0,False,"[[0.000105, 194.75035761], [0.00547, 187.6324688], [0.006048, 154.56207709]]",11,quantum,1,
precond_pen=1.900,28,-1.0652678463680019,154.56207709473995,1.9,2,2.841050148010254,1.501188039779663,0.0,1001000011101101111010110000,+--+----+++-++-++++-+-++----,0,False,"[[0.000113, 194.75035761], [0.005622, 186.03601497], [0.005994, 160.1745299], [0.023556, 156.76540992], [1.501188, 154.56207709], [2.840153, 154.56207709]]",11,quantum,1,
precond_pen=2.000,28,-1.0300300400420053,154.56207709473995,2.0,2,2.3862240314483643,1.4519779682159424,0.0,0110111100010010000101001111,-++-++++---+--+----+-+--++++,0,False,"[[0.000109, 194.75035761], [0.005559, 181.12872537], [0.005955, 160.1745299], [0.024458, 156.76540992], [1.451978, 154.56207709], [2.385442, 154.56207709]]",11,quantum,1,
baseline,28,171.55721592534007,171.55721592534016,,2,19.28360080718994,0.1139068603515625,0.0,1110111100101001000001101100,+++-++++--+-+--+-----++-++--,0,False,"[[0.00011, 204.11547024], [0.004231, 194.14212016], [0.005643, 188.71403811], [0.006335, 175.41798108], [0.113907, 171.55721593]]",12,quantum,1,
precond_pen=1.100,28,-1.7126819230769943,171.55721592534016,1.1,2,1.8546841144561768,0.025022029876708984,0.0,1110111100101001000001101100,+++-++++--+-+--+-----++-++--,0,False,"[[0.000109, 204.11547024], [0.007023, 198.0456636], [0.007454, 178.78263432], [0.025022, 171.55721593]]",12,quantum,1,
precond_pen=1.200,28,-1.5747516125250094,171.55721592534016,1.2,2,2.10050892829895,0.006613016128540039,0.0,1110111100101001000001101100,+++-++++--+-+--+-----++-++--,0,False,"[[0.000107, 204.11547024], [0.006237, 198.24064134], [0.006613, 171.55721593]]",12,quantum,1,
precond_pen=1.300,28,-1.4642191138469975,171.55721592534016,1.3,2,2.0925369262695312,0.006499052047729492,0.0,0001000011010110111110010011,---+----++-+-++-+++++--+--++,0,False,"[[0.000104, 204.11547024], [0.005747, 200.24291916], [0.006499, 171.55721593]]",12,quantum,1,
precond_pen=1.400,28,-1.3736206390160106,171.55721592534016,1.4,2,2.3696579933166504,1.8368051052093506,0.0,1110111100101001000001101100,+++-++++--+-+--+-----++-++--,0,False,"[[0.000114, 204.11547024], [0.005858, 197.9383942], [0.006266, 174.39821049], [1.394697, 173.95067183], [1.506269, 173.2234362], [1.836805, 171.55721593], [2.368872, 171.55721593]]",12,quantum,1,
precond_pen=1.500,28,-1.297985632691006,171.55721592534016,1.5,2,1.9938459396362305,1.440187931060791,0.0,1110111100101001000001101100,+++-++++--+-+--+-----++-++--,0,False,"[[0.000108, 204.11547024], [0.005896, 196.14687685], [0.006329, 178.78263432], [0.023907, 175.75974487], [1.193596, 173.95067183], [1.269648, 173.65786334], [1.440001, 173.51436748], [1.440188, 171.55721593], [1.992156, 171.55721593]]",12,quantum,1,
precond_pen=1.600,28,-1.233874861644999,171.55721592534016,1.6,2,2.021749973297119,0.0065271854400634766,0.0,0001000011010110111110010011,---+----++-+-++-+++++--+--++,0,False,"[[0.000104, 204.11547024], [0.00579, 198.62176463], [0.006527, 171.55721593]]",12,quantum,1,
precond_pen=1.700,28,-1.1788312153059923,171.55721592534016,1.7,2,2.5922200679779053,2.329287052154541,0.0,1110111100101001000001101100,+++-++++--+-+--+-----++-++--,0,False,"[[0.000108, 204.11547024], [0.005537, 192.5571113], [0.006155, 175.41798108], [1.251521, 173.65786334], [1.389297, 172.95601433], [2.329287, 171.55721593]]",12,quantum,1,
precond_pen=1.800,28,-1.1310514913170007,171.55721592534016,1.8,2,2.1025102138519287,0.006164073944091797,0.0,0001000011010110111110010011,---+----++-+-++-+++++--+--++,0,False,"[[0.000101, 204.11547024], [0.005633, 186.8642518], [0.006164, 171.55721593]]",12,quantum,1,
precond_pen=1.900,28,-1.089182228315991,171.55721592534016,1.9,2,2.1229560375213623,0.02488398551940918,0.0,1110111100101001000001101100,+++-++++--+-+--+-----++-++--,0,False,"[[0.000104, 204.11547024], [0.005836, 187.84060919], [0.006253, 178.78263432], [0.024884, 171.55721593]]",12,quantum,1,
precond_pen=2.000,28,-1.0521875472700017,171.55721592534016,2.0,2,2.4780030250549316,0.006293058395385742,0.0,0001000011010110111110010011,---+----++-+-++-+++++--+--++,0,False,"[[9.9e-05, 204.11547024], [0.005655, 185.79225132], [0.006293, 171.55721593]]",12,quantum,1,
baseline,28,165.52632658703897,165.5263265870391,,2,9.372804880142212,0.11111783981323242,0.0,1101001010110000010110101110,++-+--+-+-++-----+-++-+-+++-,0,False,"[[0.000116, 199.60134542], [0.004128, 195.40356133], [0.004478, 190.56281956], [0.005053, 171.24886373], [0.110696, 166.35969307], [0.111118, 165.52632659]]",13,quantum,1,
precond_pen=1.100,28,-1.8056304734539932,165.5263265870391,1.1,2,1.8215439319610596,0.006596088409423828,0.0,0010110101001111101001010001,--+-++-+-+--+++++-+--+-+---+,0,False,"[[0.000109, 199.60134542], [0.005984, 192.88030677], [0.006596, 165.52632659]]",13,quantum,1,
precond_pen=1.200,28,-1.6556985536710052,165.5263265870391,1.2,2,1.8784761428833008,1.5170619487762451,0.0,1101001010110000010110101110,++-+--+-+-++-----+-++-+-+++-,0,False,"[[0.00011, 199.60134542], [0.005845, 194.48177498], [0.006369, 171.24886373], [0.027434, 166.35969307], [1.517062, 165.52632659], [1.877757, 165.52632659]]",13,quantum,1,
precond_pen=1.300,28,-1.5358643391450055,165.5263265870391,1.3,2,1.7719690799713135,0.006575107574462891,0.0,0010110101001111101001010001,--+-++-+-+--+++++-+--+-+---+,0,False,"[[0.000105, 199.60134542], [0.005972, 196.41926356], [0.006575, 165.52632659]]",13,quantum,1,
precond_pen=1.400,28,-1.4378516264990058,165.5263265870391,1.4,2,1.557013988494873,1.038395881652832,0.0,1101001010110000010110101110,++-+--+-+-++-----+-++-+-+++-,0,False,"[[0.000101, 199.60134542], [0.005498, 191.20278641], [0.005994, 171.24886373], [0.024048, 166.15942422], [1.038396, 165.52632659], [1.556279, 165.52632659]]",13,quantum,1,
precond_pen=1.500,28,-1.356172884927,165.5263265870391,1.5,2,1.7538068294525146,1.4239299297332764,0.0,0010110101001111101001010001,--+-++-+-+--+++++-+--+-+---+,0,False,"[[0.000146, 199.60134542], [0.009061, 194.55629067], [0.009793, 166.15942422], [1.42393, 165.52632659], [1.753142, 165.52632659]]",13,quantum,1,
precond_pen=1.600,28,-1.2870437595620015,165.5263265870391,1.6,2,1.8822801113128662,0.006777048110961914,0.0,1101001010110000010110101110,++-+--+-+-++-----+-++-+-+++-,0,False,"[[0.000111, 199.60134542], [0.006267, 187.03286764], [0.006777, 165.52632659]]",13,quantum,1,
precond_pen=1.700,28,-1.227768299106998,165.5263265870391,1.7,2,1.7870700359344482,0.3851950168609619,0.0,0010110101001111101001010001,--+-++-+-+--+++++-+--+-+---+,0,False,"[[0.00011, 199.60134542], [0.0057, 188.81787466], [0.006232, 166.15942422], [0.385195, 165.52632659]]",13,quantum,1,
precond_pen=1.800,28,-1.1763732469090051,165.5263265870391,1.8,2,1.5913550853729248,1.2028179168701172,0.0,1101001010110000010110101110,++-+--+-+-++-----+-++-+-+++-,0,False,"[[0.000106, 199.60134542], [0.005667, 188.81787466], [0.006215, 166.15942422], [1.202818, 165.52632659], [1.590702, 165.52632659]]",13,quantum,1,
precond_pen=1.900,28,-1.1313806666829933,165.5263265870391,1.9,2,1.5902960300445557,0.6320838928222656,0.0,1101001010110000010110101110,++-+--+-+-++-----+-++-+-+++-,0,False,"[[0.000132, 199.60134542], [0.005898, 199.05633424], [0.006413, 166.15942422], [0.632084, 165.52632659]]",13,quantum,1,
precond_pen=2.000,28,-1.091660887902993,165.5263265870391,2.0,2,1.855018138885498,1.6594271659851074,0.0,0010110101001111101001010001,--+-++-+-+--+++++-+--+-+---+,0,False,"[[0.000111, 199.60134542], [0.005536, 188.81787466], [0.006083, 166.15942422], [1.659427, 165.52632659]]",13,quantum,1,
baseline,28,169.94244263236604,169.94244263236587,,2,19.605224132537842,0.1126241683959961,0.0,1111001101011100001001100100,++++--++-+-+++----+--++--+--,0,False,"[[0.000113, 191.56628962], [0.004105, 185.82713204], [0.005409, 173.2453035], [0.112624, 169.94244263]]",14,quantum,1,
precond_pen=1.100,28,-1.5978044094800001,169.94244263236587,1.1,2,2.6531131267547607,2.4270310401916504,0.0,0000110010100011110110011011,----++--+-+---++++-++--++-++,0,False,"[[0.000114, 191.56628962], [0.005697, 183.74048242], [0.00603, 171.00055416], [2.427031, 169.94244263]]",14,quantum,1,
precond_pen=1.200,28,-1.473026523995003,169.94244263236587,1.2,2,2.273164987564087,0.023242950439453125,0.0,1111001101011100001001100100,++++--++-+-+++----+--++--+--,0,False,"[[0.000106, 191.56628962], [0.005604, 183.74048242], [0.005941, 171.00055416], [0.023243, 169.94244263]]",14,quantum,1,
precond_pen=1.300,28,-1.3729134702090136,169.94244263236587,1.3,2,2.488126039505005,0.025409936904907227,0.0,1111001101011100001001100100,++++--++-+-+++----+--++--+--,0,False,"[[0.000106, 191.56628962], [0.005824, 188.39433022], [0.006267, 173.2453035], [0.02541, 169.94244263]]",14,quantum,1,
precond_pen=1.400,28,-1.2907785479820042,169.94244263236587,1.4,2,2.820582151412964,0.006306171417236328,0.0,1111001101011100001001100100,++++--++-+-+++----+--++--+--,0,False,"[[0.00011, 191.56628962], [0.006306, 169.94244263]]",14,quantum,1,
precond_pen=1.500,28,-1.222158436675013,169.94244263236587,1.5,2,2.510991096496582,0.025056123733520508,0.0,1111001101011100001001100100,++++--++-+-+++----+--++--+--,0,False,"[[0.000113, 191.56628962], [0.005912, 185.35371674], [0.00627, 171.00055416], [0.025056, 169.94244263]]",14,quantum,1,
precond_pen=1.600,28,-1.1639585720109995,169.94244263236587,1.6,2,2.6657891273498535,0.006467103958129883,0.0,1111001101011100001001100100,++++--++-+-+++----+--++--+--,0,False,"[[0.000114, 191.56628962], [0.006467, 169.94244263]]",14,quantum,1,
precond_pen=1.700,28,-1.1139646802040026,169.94244263236587,1.7,2,2.7220611572265625,1.7550830841064453,0.0,0000110010100011110110011011,----++--+-+---++++-++--++-++,0,False,"[[0.000124, 191.56628962], [0.00642, 190.85908824], [0.00695, 171.00055416], [1.755083, 169.94244263], [2.72114, 169.94244263]]",14,quantum,1,
precond_pen=1.800,28,-1.0705501419920171,169.94244263236587,1.8,2,2.941697120666504,1.7944769859313965,0.0,1111001101011100001001100100,++++--++-+-+++----+--++--+--,0,False,"[[0.000128, 191.56628962], [0.006568, 190.85908824], [0.007078, 171.00055416], [1.794477, 169.94244263], [2.940874, 169.94244263]]",14,quantum,1,
precond_pen=1.900,28,-1.0324926116889976,169.94244263236587,1.9,2,2.764214038848877,1.511214017868042,0.0,1111001101011100001001100100,++++--++-+-+++----+--++--+--,0,False,"[[0.000117, 191.56628962], [0.006925, 191.37709052], [0.007256, 172.86350726], [0.025274, 172.53781843], [1.275469, 172.42528109], [1.352722, 171.95756441], [1.416528, 171.83536127], [1.510983, 171.6799712], [1.511214, 169.94244263]]",14,quantum,1,
precond_pen=2.000,28,-0.998855364479013,169.94244263236587,2.0,2,2.958193063735962,0.006285905838012695,0.0,1111001101011100001001100100,++++--++-+-+++----+--++--+--,0,False,"[[0.000109, 191.56628962], [0.006286, 169.94244263]]",14,quantum,1,
baseline,28,176.3499141776072,176.3499141776068,,2,20.06612801551819,0.005066871643066406,0.0,0011011100010001011110011001,--++-+++---+---+-++++--++--+,0,False,"[[0.000108, 209.20319871], [0.004414, 206.79789695], [0.005067, 176.34991418]]",15,quantum,1,
precond_pen=1.100,28,-1.5461435135129964,176.3499141776068,1.1,2,3.134363889694214,0.02561497688293457,0.0,0011011100010001011110011001,--++-+++---+---+-++++--++--+,0,False,"[[0.00012, 209.20319871], [0.006094, 191.38845406], [0.006433, 177.38246031], [0.025615, 176.34991418]]",15,quantum,1,
precond_pen=1.200,28,-1.425939164499992,176.3499141776068,1.2,2,2.9731550216674805,1.6149609088897705,0.0,1100100011101110100001100110,++--+---+++-+++-+----++--++-,0,False,"[[0.000102, 209.20319871], [0.005999, 190.49976126], [0.006734, 176.765054], [1.61476, 176.5084702], [1.614961, 176.34991418], [2.972274, 176.34991418]]",15,quantum,1,
precond_pen=1.300,28,-1.3296861394680004,176.3499141776068,1.3,2,3.234691858291626,1.7113518714904785,0.0,1100100011101110100001100110,++--+---+++-+++-+----++--++-,0,False,"[[0.000101, 209.20319871], [0.005394, 191.77716739], [0.006118, 176.765054], [1.711352, 176.34991418]]",15,quantum,1,
precond_pen=1.400,28,-1.250842242905998,176.3499141776068,1.4,2,3.3986330032348633,2.5947799682617188,0.0,0011011100010001011110011001,--++-+++---+---+-++++--++--+,0,False,"[[0.000109, 209.20319871], [0.005746, 192.60047661], [0.006499, 176.765054], [2.59478, 176.34991418], [3.397836, 176.34991418]]",15,quantum,1,
precond_pen=1.500,28,-1.185056705308,176.3499141776068,1.5,2,3.2739219665527344,1.9997289180755615,0.0,0011011100010001011110011001,--++-+++---+---+-++++--++--+,0,False,"[[0.00011, 209.20319871], [0.005449, 195.06560601], [0.005951, 177.38246031], [1.352957, 177.15844829], [1.463675, 177.08421667], [1.999508, 176.5084702], [1.999729, 176.34991418], [3.27309, 176.34991418]]",15,quantum,1,
precond_pen=1.600,28,-1.1293211306030138,176.3499141776068,1.6,2,3.866136074066162,2.2729620933532715,0.0,0011011100010001011110011001,--++-+++---+---+-++++--++--+,0,False,"[[0.00011, 209.20319871], [0.005708, 196.84250742], [0.006032, 177.38246031], [1.856105, 177.08421667], [1.975577, 176.5084702], [2.272962, 176.34991418]]",15,quantum,1,
precond_pen=1.700,28,-1.0954516425540106,176.3499141776068,1.7,2,3.4580531120300293,1.3856770992279053,0.0,1100100011101110100001100110,++--+---+++-+++-+----++--++-,0,False,"[[0.000105, 209.20319871], [0.005627, 191.44960176], [0.006126, 177.38246031], [1.385677, 176.34991418], [3.457261, 176.34991418]]",15,quantum,1,
precond_pen=1.800,28,-1.0399825202519875,176.3499141776068,1.8,2,3.304172992706299,1.1740591526031494,0.0,0011011100010001011110011001,--++-+++---+---+-++++--++--+,0,False,"[[0.000102, 209.20319871], [0.005732, 196.17099632], [0.006239, 177.38246031], [1.173717, 177.00320289], [1.174059, 176.34991418], [3.303317, 176.34991418]]",15,quantum,1,
precond_pen=1.900,28,-1.0036235370539845,176.3499141776068,1.9,2,3.534242868423462,0.006314992904663086,0.0,1100100011101110100001100110,++--+---+++-+++-+----++--++-,0,False,"[[0.000121, 209.20319871], [0.005709, 187.48965385], [0.006315, 176.34991418]]",15,quantum,1,
precond_pen=2.000,28,-0.9715069519159965,176.3499141776068,2.0,2,3.2316091060638428,1.5519170761108398,0.0,0011011100010001011110011001,--++-+++---+---+-++++--++--+,0,False,"[[0.000111, 209.20319871], [0.005686, 192.21904744], [0.006214, 177.38246031], [1.551917, 176.34991418], [3.230845, 176.34991418]]",15,quantum,1,
baseline,28,169.04097631270196,169.04097631270193,,2,12.27369999885559,0.11375689506530762,0.0,0011011001001101000000111111,--++-++--+--++-+------++++++,0,False,"[[0.000103, 192.74573651], [0.004457, 192.69541669], [0.00497, 174.44206604], [0.113757, 169.04097631]]",16,quantum,1,
precond_pen=1.100,28,-1.6476945612850002,169.04097631270193,1.1,2,2.3426589965820312,1.6626288890838623,0.0,1100100110110010111111000000,++--+--++-++--+-++++++------,0,False,"[[0.00011, 192.74573651], [0.006503, 189.13583128], [0.006948, 174.85480382], [0.025025, 174.44206604], [1.30954, 174.15984463], [1.503577, 174.12148103], [1.602952, 174.06887968], [1.662629, 169.04097631]]",16,quantum,1,
precond_pen=1.200,28,-1.517301339920996,169.04097631270193,1.2,2,2.743872880935669,2.510468006134033,0.0,0011011001001101000000111111,--++-++--+--++-+------++++++,0,False,"[[0.000112, 192.74573651], [0.006456, 192.73181037], [0.006989, 173.07976063], [2.203682, 172.67696399], [2.276934, 170.41484758], [2.510468, 169.04097631]]",16,quantum,1,
precond_pen=1.300,28,-1.4127177838369853,169.04097631270193,1.3,2,2.1396119594573975,1.4794940948486328,0.0,0011011001001101000000111111,--++-++--+--++-+------++++++,0,False,"[[0.000108, 192.74573651], [0.006592, 189.81834468], [0.00702, 173.07976063], [1.479494, 169.04097631]]",16,quantum,1,
precond_pen=1.400,28,-1.3269374550449822,169.04097631270193,1.4,2,1.946485996246338,0.006337881088256836,0.0,0011011001001101000000111111,--++-++--+--++-+------++++++,0,False,"[[0.000122, 192.74573651], [0.005814, 191.33385415], [0.006338, 169.04097631]]",16,quantum,1,
precond_pen=1.500,28,-1.2552867586909962,169.04097631270193,1.5,2,2.134943962097168,0.006185770034790039,0.0,0011011001001101000000111111,--++-++--+--++-+------++++++,0,False,"[[0.000106, 192.74573651], [0.005655, 192.60480914], [0.006186, 169.04097631]]",16,quantum,1,
precond_pen=1.600,28,-1.1945270384770055,169.04097631270193,1.6,2,2.2474069595336914,0.025480985641479492,0.0,0011011001001101000000111111,--++-++--+--++-+------++++++,0,False,"[[0.000109, 192.74573651], [0.005687, 191.98428479], [0.006128, 173.07976063], [0.025481, 169.04097631]]",16,quantum,1,
precond_pen=1.700,28,-1.142341859765006,169.04097631270193,1.7,2,1.9167580604553223,0.007055997848510742,0.0,0011011001001101000000111111,--++-++--+--++-+------++++++,0,False,"[[0.000111, 192.74573651], [0.006571, 185.41387421], [0.007056, 169.04097631]]",16,quantum,1,
precond_pen=1.800,28,-1.097030144379012,169.04097631270193,1.8,2,2.3695578575134277,0.00659489631652832,0.0,0011011001001101000000111111,--++-++--+--++-+------++++++,0,False,"[[0.000107, 192.74573651], [0.00591, 192.22420143], [0.006595, 169.04097631]]",16,quantum,1,
precond_pen=1.900,28,-1.0573135980059973,169.04097631270193,1.9,2,2.4761710166931152,0.006292104721069336,0.0,0011011001001101000000111111,--++-++--+--++-+------++++++,0,False,"[[0.000107, 192.74573651], [0.005612, 192.22420143], [0.006292, 169.04097631]]",16,quantum,1,
precond_pen=2.000,28,-1.0222136059879823,169.04097631270193,2.0,2,2.0363359451293945,1.1832771301269531,0.0,0011011001001101000000111111,--++-++--+--++-+------++++++,0,False,"[[0.000114, 192.74573651], [0.005848, 189.81834468], [0.006297, 173.07976063], [1.183277, 169.04097631], [2.034699, 169.04097631]]",16,quantum,1,
baseline,28,159.9183106165251,159.91831061652513,,2,11.744549989700317,0.006381034851074219,0.0,0011011000000111110101101010,--++-++------+++++-+-++-+-+-,0,False,"[[0.000107, 194.19487254], [0.003982, 191.76891475], [0.004594, 191.48255754], [0.005859, 189.71912232], [0.006381, 159.91831062]]",17,quantum,1,
precond_pen=1.100,28,-1.6477940829469855,159.91831061652513,1.1,2,2.072312116622925,0.02520298957824707,0.0,1100100111111000001010010101,++--+--++++++-----+-+--+-+-+,0,False,"[[0.000125, 194.19487254], [0.006022, 179.35326053], [0.006595, 163.39452385], [0.025203, 159.91831062]]",17,quantum,1,
precond_pen=1.200,28,-1.5184202547730017,159.91831061652513,1.2,2,1.9200780391693115,0.006361961364746094,0.0,1100100111111000001010010101,++--+--++++++-----+-+--+-+-+,0,False,"[[0.000104, 194.19487254], [0.00594, 177.9486364], [0.006362, 159.91831062]]",17,quantum,1,
precond_pen=1.300,28,-1.4144531861660212,159.91831061652513,1.3,2,2.3337478637695312,0.02506399154663086,0.0,1100100111111000001010010101,++--+--++++++-----+-+--+-+-+,0,False,"[[0.000106, 194.19487254], [0.006792, 181.4034515], [0.007242, 163.39452385], [0.025064, 159.91831062]]",17,quantum,1,
precond_pen=1.400,28,-1.3290479805570037,159.91831061652513,1.4,2,2.240718126296997,0.028352975845336914,0.0,0011011000000111110101101010,--++-++------+++++-+-++-+-+-,0,False,"[[0.000302, 194.19487254], [0.007165, 182.35612645], [0.007727, 163.39452385], [0.028353, 159.91831062]]",17,quantum,1,
precond_pen=1.500,28,-1.2576225630569962,159.91831061652513,1.5,2,2.1787259578704834,0.0265200138092041,0.0,0011011000000111110101101010,--++-++------+++++-+-++-+-+-,0,False,"[[0.000101, 194.19487254], [0.005671, 179.94422363], [0.00613, 163.39452385], [0.02652, 159.91831062]]",17,quantum,1,
precond_pen=1.600,28,-1.1969923221810106,159.91831061652513,1.6,2,2.3650290966033936,0.02448105812072754,0.0,0011011000000111110101101010,--++-++------+++++-+-++-+-+-,0,False,"[[0.000103, 194.19487254], [0.005684, 179.76582949], [0.006221, 163.39452385], [0.024481, 159.91831062]]",17,quantum,1,
precond_pen=1.700,28,-1.1448743675870006,159.91831061652513,1.7,2,2.187617063522339,0.023454904556274414,0.0,0011011000000111110101101010,--++-++------+++++-+-++-+-+-,0,False,"[[0.0001, 194.19487254], [0.005487, 184.90698385], [0.005923, 163.39452385], [0.023455, 159.91831062]]",17,quantum,1,
precond_pen=1.800,28,-1.0995884087149932,159.91831061652513,1.8,2,2.2724969387054443,0.02550506591796875,0.0,0011011000000111110101101010,--++-++------+++++-+-++-+-+-,0,False,"[[0.000106, 194.19487254], [0.004429, 187.42299974], [0.005148, 185.24101284], [0.005567, 163.39452385], [0.025505, 159.91831062]]",17,quantum,1,
precond_pen=1.900,28,-1.0598702960339939,159.91831061652513,1.9,2,2.1530649662017822,0.005877971649169922,0.0,1100100111111000001010010101,++--+--++++++-----+-+--+-+-+,0,False,"[[0.000105, 194.19487254], [0.00532, 188.44912924], [0.005878, 159.91831062]]",17,quantum,1,
precond_pen=2.000,28,-1.0247502047190125,159.91831061652513,2.0,2,2.173118829727173,0.023880958557128906,0.0,0011011000000111110101101010,--++-++------+++++-+-++-+-+-,0,False,"[[0.000119, 194.19487254], [0.005619, 184.90698385], [0.006042, 163.39452385], [0.023881, 159.91831062]]",17,quantum,1,
baseline,28,169.59759578934708,169.59759578934697,,2,14.634907960891724,9.837080955505371,0.0,0001110101010100100010111101,---+++-+-+-+-+--+---+-++++-+,0,False,"[[0.00011, 202.67107212], [0.004395, 197.38261953], [0.004801, 197.29639939], [0.0056, 170.92622292], [9.837081, 169.59759579]]",18,quantum,1,
precond_pen=1.100,28,-1.5662143119340026,169.59759578934697,1.1,2,3.1821649074554443,1.5077250003814697,0.0,0001110101010100100010111101,---+++-+-+-+-+--+---+-++++-+,0,False,"[[0.000111, 202.67107212], [0.005907, 188.96150888], [0.006396, 173.57845893], [1.178897, 172.42285884], [1.447246, 171.77011273], [1.507725, 169.59759579], [3.181372, 169.59759579]]",18,quantum,1,
precond_pen=1.200,28,-1.4454179712609996,169.59759578934697,1.2,2,3.482556104660034,2.313755989074707,0.0,1110001010101011011101000010,+++---+-+-+-+-++-+++-+----+-,0,False,"[[0.000113, 202.67107212], [0.00668, 186.7760082], [0.007087, 173.57845893], [0.024131, 172.32361928], [1.863527, 171.03338203], [2.313756, 169.59759579]]",18,quantum,1,
precond_pen=1.300,28,-1.3484159948410053,169.59759578934697,1.3,2,3.5955469608306885,1.6785130500793457,0.0,1110001010101011011101000010,+++---+-+-+-+-++-+++-+----+-,0,False,"[[0.000103, 202.67107212], [0.005743, 194.63954304], [0.00617, 172.40238315], [0.023784, 170.92622292], [1.678513, 169.59759579]]",18,quantum,1,
precond_pen=1.400,28,-1.2687754873280053,169.59759578934697,1.4,2,3.449528217315674,2.8135671615600586,0.0,0001110101010100100010111101,---+++-+-+-+-+--+---+-++++-+,0,False,"[[0.000105, 202.67107212], [0.005576, 189.41657164], [0.006053, 173.57845893], [0.024221, 170.92622292], [2.813567, 169.59759579], [3.447608, 169.59759579]]",18,quantum,1,
precond_pen=1.500,28,-1.2021978124520114,169.59759578934697,1.5,2,3.121965169906616,1.1849801540374756,0.0,1110001010101011011101000010,+++---+-+-+-+-++-+++-+----+-,0,False,"[[0.000106, 202.67107212], [0.005766, 189.41657164], [0.006156, 173.57845893], [0.026158, 170.92622292], [1.18498, 169.59759579], [3.121184, 169.59759579]]",18,quantum,1,
precond_pen=1.600,28,-1.1456998430600116,169.59759578934697,1.6,2,3.36747407913208,0.025230884552001953,0.0,1110001010101011011101000010,+++---+-+-+-+-++-+++-+----+-,0,False,"[[0.000102, 202.67107212], [0.005786, 189.41657164], [0.006205, 173.57845893], [0.025231, 169.59759579]]",18,quantum,1,
precond_pen=1.700,28,-1.097144856369006,169.59759578934697,1.7,2,3.1960630416870117,0.026029109954833984,0.0,1110001010101011011101000010,+++---+-+-+-+-++-+++-+----+-,0,False,"[[0.000107, 202.67107212], [0.005956, 192.29554269], [0.00637, 172.40238315], [0.026029, 169.59759579]]",18,quantum,1,
precond_pen=1.800,28,-1.0549622165320134,169.59759578934697,1.8,2,3.2960660457611084,1.8709580898284912,0.0,0001110101010100100010111101,---+++-+-+-+-+--+---+-++++-+,0,False,"[[0.000103, 202.67107212], [0.005703, 189.41657164], [0.006107, 173.57845893], [1.254435, 173.45346802], [1.254669, 173.33184031], [1.314495, 172.55552575], [1.314702, 171.77011273], [1.470313, 171.07082545], [1.641932, 171.03338203], [1.770059, 170.92622292], [1.870958, 169.59759579]]",18,quantum,1,
precond_pen=1.900,28,-1.0179709436350084,169.59759578934697,1.9,2,3.4218878746032715,1.8649859428405762,0.0,0001110101010100100010111101,---+++-+-+-+-+--+---+-++++-+,0,False,"[[0.000107, 202.67107212], [0.005669, 188.86946943], [0.006078, 172.32361928], [1.527609, 171.03338203], [1.864986, 169.59759579]]",18,quantum,1,
precond_pen=2.000,28,-0.9852651604489857,169.59759578934697,2.0,2,3.6420059204101562,1.8800039291381836,0.0,0001110101010100100010111101,---+++-+-+-+-+--+---+-++++-+,0,False,"[[0.000113, 202.67107212], [0.005691, 192.55197667], [0.006201, 172.32361928], [1.510928, 171.2070401], [1.880004, 169.59759579], [3.641211, 169.59759579]]",18,quantum,1,
baseline,28,165.5554849501289,165.55548495012914,,2,21.4989230632782,0.006311893463134766,0.0,1100000111111110001100001010,++-----++++++++---++----+-+-,0,False,"[[0.000107, 198.55570163], [0.004491, 195.13910364], [0.005579, 194.32478757], [0.006312, 165.55548495]]",19,quantum,1,
precond_pen=1.100,28,-1.6723673501810055,165.55548495012914,1.1,2,2.137298107147217,1.2929420471191406,0.0,1100000111111110001100001010,++-----++++++++---++----+-+-,0,False,"[[0.000107, 198.55570163], [0.006469, 190.02209797], [0.006788, 168.26630991], [1.194785, 166.99720787], [1.292942, 165.55548495]]",19,quantum,1,
precond_pen=1.200,28,-1.5393905878589855,165.55548495012914,1.2,2,2.3660590648651123,1.554292917251587,0.0,1100000111111110001100001010,++-----++++++++---++----+-+-,0,False,"[[0.000103, 198.55570163], [0.005831, 181.67631493], [0.006126, 168.76525358], [1.554293, 165.55548495]]",19,quantum,1,
precond_pen=1.300,28,-1.4326997941090038,165.55548495012914,1.3,2,2.416792154312134,1.7490510940551758,0.0,0011111000000001110011110101,--+++++--------+++--++++-+-+,0,False,"[[0.00011, 198.55570163], [0.006, 181.67631493], [0.006316, 168.76525358], [0.024955, 168.26630991], [1.466712, 166.99720787], [1.749051, 165.55548495], [2.415943, 165.55548495]]",19,quantum,1,
precond_pen=1.400,28,-1.3451706641260088,165.55548495012914,1.4,2,2.255826950073242,1.2949910163879395,0.0,1100000111111110001100001010,++-----++++++++---++----+-+-,0,False,"[[0.000106, 198.55570163], [0.005806, 181.71094778], [0.006314, 168.26630991], [1.294991, 165.55548495], [2.254952, 165.55548495]]",19,quantum,1,
precond_pen=1.500,28,-1.2720471121429977,165.55548495012914,1.5,2,2.406466007232666,1.7529408931732178,0.0,1100000111111110001100001010,++-----++++++++---++----+-+-,0,False,"[[0.000123, 198.55570163], [0.006298, 180.0266046], [0.006645, 168.76525358], [1.512266, 168.21711046], [1.51266, 166.99720787], [1.752941, 165.55548495], [2.405547, 165.55548495]]",19,quantum,1,
precond_pen=1.600,28,-1.210030943150004,165.55548495012914,1.6,2,3.000533103942871,2.730670928955078,0.0,0011111000000001110011110101,--+++++--------+++--++++-+-+,0,False,"[[0.000133, 198.55570163], [0.006073, 181.67631493], [0.006401, 168.76525358], [1.644727, 168.42977081], [1.992406, 168.26630991], [1.992672, 168.21711046], [1.992896, 167.58014043], [2.730671, 165.55548495], [2.998515, 165.55548495]]",19,quantum,1,
precond_pen=1.700,28,-1.156761979571007,165.55548495012914,1.7,2,2.5046958923339844,0.02584099769592285,0.0,0011111000000001110011110101,--+++++--------+++--++++-+-+,0,False,"[[0.000118, 198.55570163], [0.006277, 181.71094778], [0.006871, 168.26630991], [0.025841, 165.55548495]]",19,quantum,1,
precond_pen=1.800,28,-1.1105060641389937,165.55548495012914,1.8,2,2.3003740310668945,0.023142099380493164,0.0,0011111000000001110011110101,--+++++--------+++--++++-+-+,0,False,"[[0.000108, 198.55570163], [0.00538, 180.0266046], [0.005677, 168.76525358], [0.023142, 165.55548495]]",19,quantum,1,
precond_pen=1.900,28,-1.069960232716003,165.55548495012914,1.9,2,2.383057117462158,0.027239084243774414,0.0,0011111000000001110011110101,--+++++--------+++--++++-+-+,0,False,"[[0.000115, 198.55570163], [0.005919, 181.71094778], [0.006436, 168.26630991], [0.027239, 165.55548495]]",19,quantum,1,
precond_pen=2.000,28,-1.0341259874970028,165.55548495012914,2.0,2,2.4769530296325684,0.02416205406188965,0.0,0011111000000001110011110101,--+++++--------+++--++++-+-+,0,False,"[[0.000109, 198.55570163], [0.005684, 186.38824563], [0.006215, 168.26630991], [0.024162, 165.55548495]]",19,quantum,1,
baseline,28,163.97192166516905,163.97192166516888,,2,18.18320393562317,0.005418062210083008,0.0,1110000001111110011000010110,+++------++++++--++----+-++-,0,False,"[[0.000116, 204.37596661], [0.003938, 199.85884294], [0.004678, 197.49784683], [0.005418, 163.97192167]]",20,quantum,1,
precond_pen=1.100,28,-1.538702227321993,163.97192166516888,1.1,2,4.102292060852051,3.0334320068359375,0.0,0001111110000001100111101001,---++++++------++--++++-+--+,0,False,"[[0.000108, 204.37596661], [0.005378, 188.28056706], [0.006078, 184.59270967], [0.006569, 165.28569908], [1.590535, 164.47494584], [1.905485, 164.27915045], [3.033432, 163.97192167], [4.101373, 163.97192167]]",20,quantum,1,
precond_pen=1.200,28,-1.4217014035079885,163.97192166516888,1.2,2,3.91154408454895,0.025391101837158203,0.0,0001111110000001100111101001,---++++++------++--++++-+--+,0,False,"[[0.00011, 204.37596661], [0.005846, 180.65141419], [0.006269, 165.28569908], [0.025391, 163.97192167]]",20,quantum,1,
precond_pen=1.300,28,-1.3275873941559801,163.97192166516888,1.3,2,4.673162937164307,2.4262638092041016,0.0,0001111110000001100111101001,---++++++------++--++++-+--+,0,False,"[[0.000114, 204.37596661], [0.006216, 186.23723245], [0.006623, 167.34332217], [1.39011, 166.43987831], [1.530782, 164.7254649], [1.651788, 164.27915045], [2.300436, 164.13607558], [2.426264, 163.97192167], [4.672249, 163.97192167]]",20,quantum,1,
precond_pen=1.400,28,-1.2502141845339896,163.97192166516888,1.4,2,4.132122993469238,2.0149619579315186,0.0,0001111110000001100111101001,---++++++------++--++++-+--+,0,False,"[[0.000107, 204.37596661], [0.005777, 190.02335998], [0.00616, 165.28569908], [1.984607, 164.32645804], [2.014962, 163.97192167]]",20,quantum,1,
precond_pen=1.500,28,-1.1854617914770031,163.97192166516888,1.5,2,3.8998091220855713,3.756726026535034,0.0,1110000001111110011000010110,+++------++++++--++----+-++-,0,False,"[[0.000105, 204.37596661], [0.006008, 184.9022504], [0.006413, 167.34332217], [1.483416, 166.94760988], [1.483616, 166.22862745], [1.680824, 165.79208061], [1.681035, 165.74894872], [1.881391, 165.2573837], [1.990273, 164.27915045], [3.756512, 164.13607558], [3.756726, 163.97192167], [3.897928, 163.97192167]]",20,quantum,1,
precond_pen=1.600,28,-1.1304638485829983,163.97192166516888,1.6,2,3.7816178798675537,2.0739760398864746,0.0,1110000001111110011000010110,+++------++++++--++----+-++-,0,False,"[[0.000102, 204.37596661], [0.005761, 177.55957526], [0.006172, 167.59003746], [0.445995, 167.18698976], [0.711956, 164.27915045], [2.073976, 163.97192167], [3.780738, 163.97192167]]",20,quantum,1,
precond_pen=1.700,28,-1.0831630103990015,163.97192166516888,1.7,2,4.338543891906738,2.9464030265808105,0.0,0001111110000001100111101001,---++++++------++--++++-+--+,0,False,"[[0.000106, 204.37596661], [0.005368, 183.60181717], [0.005681, 166.93554043], [0.382561, 166.50184409], [0.382764, 165.28569908], [2.294948, 165.01367261], [2.350792, 164.27915045], [2.806015, 164.13607558], [2.946403, 163.97192167]]",20,quantum,1,
precond_pen=1.800,28,-1.0420442945739996,163.97192166516888,1.8,2,4.143381834030151,2.3688650131225586,0.0,1110000001111110011000010110,+++------++++++--++----+-++-,0,False,"[[0.000111, 204.37596661], [0.006948, 178.99948692], [0.007268, 165.28569908], [2.208089, 165.19831507], [2.208331, 164.13607558], [2.368865, 163.97192167]]",20,quantum,1,
precond_pen=1.900,28,-1.0059664507119965,163.97192166516888,1.9,2,3.5832321643829346,1.2603421211242676,0.0,0001111110000001100111101001,---++++++------++--++++-+--+,0,False,"[[0.000114, 204.37596661], [0.005928, 178.39218022], [0.006371, 167.34332217], [1.260342, 163.97192167], [3.580376, 163.97192167]]",20,quantum,1,
precond_pen=2.000,28,-0.9740538390720079,163.97192166516888,2.0,2,4.645941972732544,2.812183141708374,0.0,0001111110000001100111101001,---++++++------++--++++-+--+,0,False,"[[0.000109, 204.37596661], [0.00581, 188.34863555], [0.006223, 167.34332217], [1.510683, 166.98870366], [1.510961, 165.71453468], [1.728235, 165.28569908], [2.272931, 165.2573837], [2.273305, 164.27915045], [2.760475, 164.13607558], [2.812183, 163.97192167]]",20,quantum,1,
baseline,28,164.89426128460187,164.89426128460173,,2,12.456123113632202,0.11145210266113281,0.0,0101000111100110011011000110,-+-+---++++--++--++-++---++-,0,False,"[[0.000106, 191.00193356], [0.005051, 167.45144223], [0.111452, 164.89426128]]",21,quantum,1,
precond_pen=1.100,28,-1.627036317027006,165.02310616348382,1.1,2,2.436359167098999,1.4795680046081543,0.0,0101000011100110011011100110,-+-+----+++--++--++-+++--++-,0,False,"[[0.000157, 191.00193356], [0.006067, 189.72652103], [0.006688, 165.82236993], [1.479568, 165.02310616], [2.435432, 165.02310616]]",21,quantum,1,
precond_pen=1.200,28,-1.498602398668023,164.89426128460173,1.2,2,2.6103057861328125,2.4361088275909424,0.0,1010111000011001100100111001,+-+-+++----++--++--+--+++--+,0,False,"[[0.000112, 191.00193356], [0.006497, 165.82236993], [1.611864, 165.2751592], [1.908813, 165.02310616], [2.436109, 164.89426128], [2.609427, 164.89426128]]",21,quantum,1,
precond_pen=1.300,28,-1.3960151195749972,164.89426128460173,1.3,2,2.5072429180145264,0.024808883666992188,0.0,0101000111100110011011000110,-+-+---++++--++--++-++---++-,0,False,"[[0.000108, 191.00193356], [0.006618, 165.82236993], [0.024809, 164.89426128]]",21,quantum,1,
precond_pen=1.400,28,-1.3118579145819975,164.89426128460173,1.4,2,2.7950119972229004,2.0069808959960938,0.0,0101000111100110011011000110,-+-+---++++--++--++-++---++-,0,False,"[[0.0001, 191.00193356], [0.005618, 187.15623637], [0.005913, 173.68593604], [0.026726, 165.82236993], [1.760923, 165.2751592], [2.006981, 164.89426128]]",21,quantum,1,
precond_pen=1.500,28,-1.2415511049500196,164.89426128460173,1.5,2,2.724404811859131,0.0064389705657958984,0.0,0101000111100110011011000110,-+-+---++++--++--++-++---++-,0,False,"[[0.000109, 191.00193356], [0.005899, 187.80275853], [0.006439, 164.89426128]]",21,quantum,1,
precond_pen=1.600,28,-1.181921068411997,164.89426128460173,1.6,2,2.7867209911346436,0.006097078323364258,0.0,0101000111100110011011000110,-+-+---++++--++--++-++---++-,0,False,"[[0.000115, 191.00193356], [0.005589, 188.51841525], [0.006097, 164.89426128]]",21,quantum,1,
precond_pen=1.700,28,-1.1306978637630092,164.89426128460173,1.7,2,2.9734528064727783,0.006127834320068359,0.0,0101000111100110011011000110,-+-+---++++--++--++-++---++-,0,False,"[[0.000112, 191.00193356], [0.00561, 187.80275853], [0.006128, 164.89426128]]",21,quantum,1,
precond_pen=1.800,28,-1.0862146452099903,164.89426128460173,1.8,2,2.6577858924865723,0.006234884262084961,0.0,0101000111100110011011000110,-+-+---++++--++--++-++---++-,0,False,"[[0.000108, 191.00193356], [0.005703, 187.80275853], [0.006235, 164.89426128]]",21,quantum,1,
precond_pen=1.900,28,-1.0472188307940034,164.89426128460173,1.9,2,2.6600048542022705,2.0040488243103027,0.0,0101000111100110011011000110,-+-+---++++--++--++-++---++-,0,False,"[[0.00013, 191.00193356], [0.006891, 189.72652103], [0.007544, 165.82236993], [2.004049, 164.89426128]]",21,quantum,1,
precond_pen=2.000,28,-1.0127511381820025,164.89426128460173,2.0,2,2.8915741443634033,2.45621919631958,0.0,0101000111100110011011000110,-+-+---++++--++--++-++---++-,0,False,"[[0.000108, 191.00193356], [0.005752, 189.72652103], [0.006373, 165.82236993], [1.770275, 165.4854819], [2.220589, 165.2751592], [2.456219, 164.89426128]]",21,quantum,1,
baseline,28,164.29344316580202,164.29344316580205,,2,22.70108199119568,0.004768848419189453,0.0,1101100111110001000010100101,++-++--+++++---+----+-+--+-+,0,False,"[[0.000109, 190.42904559], [0.003888, 186.81623225], [0.004224, 186.52636952], [0.004769, 164.29344317]]",22,quantum,1,
precond_pen=1.100,28,-1.535094217514997,164.29344316580205,1.1,2,3.7378671169281006,1.7148149013519287,0.0,0010011000001110111101011010,--+--++-----+++-++++-+-++-+-,0,False,"[[0.000109, 190.42904559], [0.006031, 186.69451057], [0.006636, 164.66565322], [1.714815, 164.29344317], [3.737033, 164.29344317]]",22,quantum,1,
precond_pen=1.200,28,-1.4177341014889944,164.29344316580205,1.2,2,3.3327901363372803,2.166222095489502,0.0,0010011000001110111101011010,--+--++-----+++-++++-+-++-+-,0,False,"[[0.000106, 190.42904559], [0.00562, 190.06426291], [0.006115, 164.76061536], [2.165997, 164.66565322], [2.166222, 164.29344317], [3.331937, 164.29344317]]",22,quantum,1,
precond_pen=1.300,28,-1.323478077154018,164.29344316580205,1.3,2,3.267758846282959,2.0110268592834473,0.0,1101100111110001000010100101,++-++--+++++---+----+-+--+-+,0,False,"[[0.00011, 190.42904559], [0.00579, 187.01195117], [0.006404, 164.76061536], [2.011027, 164.29344317], [3.266919, 164.29344317]]",22,quantum,1,
precond_pen=1.400,28,-1.2460831147140166,164.29344316580205,1.4,2,3.857516050338745,1.3473739624023438,0.0,0010011000001110111101011010,--+--++-----+++-++++-+-++-+-,0,False,"[[0.000107, 190.42904559], [0.005748, 189.66133727], [0.006215, 164.76061536], [1.347374, 164.29344317], [3.856112, 164.29344317]]",22,quantum,1,
precond_pen=1.500,28,-1.1813767324700049,164.29344316580205,1.5,2,3.564790964126587,1.561048984527588,0.0,0010011000001110111101011010,--+--++-----+++-++++-+-++-+-,0,False,"[[0.00012, 190.42904559], [0.006269, 189.66133727], [0.006827, 164.76061536], [1.561049, 164.29344317]]",22,quantum,1,
precond_pen=1.600,28,-1.126462327472014,164.29344316580205,1.6,2,3.392411947250366,1.5065820217132568,0.0,0010011000001110111101011010,--+--++-----+++-++++-+-++-+-,0,False,"[[0.000116, 190.42904559], [0.00662, 190.22708001], [0.007156, 164.76061536], [1.327323, 164.66565322], [1.506582, 164.29344317]]",22,quantum,1,
precond_pen=1.700,28,-1.0792655362069983,164.29344316580205,1.7,2,3.455667018890381,0.024196863174438477,0.0,1101100111110001000010100101,++-++--+++++---+----+-+--+-+,0,False,"[[0.000121, 190.42904559], [0.005687, 189.26505374], [0.006282, 164.66565322], [0.024197, 164.29344317]]",22,quantum,1,
precond_pen=1.800,28,-1.0382605168279913,164.29344316580205,1.8,2,3.397676944732666,0.025228023529052734,0.0,1101100111110001000010100101,++-++--+++++---+----+-+--+-+,0,False,"[[0.000115, 190.42904559], [0.005908, 189.66133727], [0.006403, 164.76061536], [0.025228, 164.29344317]]",22,quantum,1,
precond_pen=1.900,28,-1.0023002968669985,164.29344316580205,1.9,2,3.5921192169189453,0.026208162307739258,0.0,1101100111110001000010100101,++-++--+++++---+----+-+--+-+,0,False,"[[0.00011, 190.42904559], [0.005483, 190.01326311], [0.005971, 164.76061536], [0.026208, 164.29344317]]",22,quantum,1,
precond_pen=2.000,28,-0.9705051453110229,164.29344316580205,2.0,2,3.7350149154663086,0.024406909942626953,0.0,1101100111110001000010100101,++-++--+++++---+----+-+--+-+,0,False,"[[0.000125, 190.42904559], [0.005736, 183.09629028], [0.00625, 164.76061536], [0.024407, 164.29344317]]",22,quantum,1,
baseline,28,173.86364117281119,173.863641172811,,2,11.185899019241333,0.11654496192932129,0.0,0010100010111110110111100000,--+-+---+-+++++-++-++++-----,0,False,"[[0.000109, 200.46559804], [0.004766, 175.26224143], [0.116545, 173.86364117]]",23,quantum,1,
precond_pen=1.100,28,-1.8723818857989958,173.863641172811,1.1,2,1.5498180389404297,1.3688151836395264,0.0,0010100010111110110111100000,--+-+---+-+++++-++-++++-----,0,False,"[[0.000116, 200.46559804], [0.006875, 200.14452566], [0.007289, 175.26224143], [1.368815, 173.86364117], [1.549112, 173.86364117]]",23,quantum,1,
precond_pen=1.200,28,-1.7145927787399824,173.863641172811,1.2,2,1.4572861194610596,0.0067059993743896484,0.0,0010100010111110110111100000,--+-+---+-+++++-++-++++-----,0,False,"[[0.000104, 200.46559804], [0.006098, 192.61807457], [0.006706, 173.86364117]]",23,quantum,1,
precond_pen=1.300,28,-1.5885701754430013,173.863641172811,1.3,2,1.492319107055664,0.0061719417572021484,0.0,0010100010111110110111100000,--+-+---+-+++++-++-++++-----,0,False,"[[0.000111, 200.46559804], [0.00556, 196.25777291], [0.006172, 173.86364117]]",23,quantum,1,
precond_pen=1.400,28,-1.485555348224004,173.863641172811,1.4,2,1.5938680171966553,0.6968240737915039,0.0,1101011101000001001000011111,++-+-+++-+-----+--+----+++++,0,False,"[[0.000112, 200.46559804], [0.005688, 196.00420622], [0.006097, 175.26224143], [0.696824, 173.86364117], [1.592743, 173.86364117]]",23,quantum,1,
precond_pen=1.500,28,-1.3997483550669898,173.863641172811,1.5,2,1.2777199745178223,0.006310939788818359,0.0,0010100010111110110111100000,--+-+---+-+++++-++-++++-----,0,False,"[[0.000109, 200.46559804], [0.005705, 196.91135105], [0.006311, 173.86364117]]",23,quantum,1,
precond_pen=1.600,28,-1.3271529076640007,173.863641172811,1.6,2,1.572221040725708,1.359847068786621,0.0,1101011101000001001000011111,++-+-+++-+-----+--+----+++++,0,False,"[[0.000114, 200.46559804], [0.005916, 198.5126703], [0.00633, 175.26224143], [1.359847, 173.86364117], [1.571535, 173.86364117]]",23,quantum,1,
precond_pen=1.700,28,-1.264925243436,173.863641172811,1.7,2,1.7840979099273682,1.653883934020996,0.0,1101011101000001001000011111,++-+-+++-+-----+--+----+++++,0,False,"[[0.000118, 200.46559804], [0.005572, 199.33814174], [0.006079, 175.26224143], [1.332576, 175.09394598], [1.653884, 173.86364117], [1.783095, 173.86364117]]",23,quantum,1,
precond_pen=1.800,28,-1.210985243713992,173.863641172811,1.8,2,1.5140459537506104,0.006194114685058594,0.0,0010100010111110110111100000,--+-+---+-+++++-++-++++-----,0,False,"[[0.00011, 200.46559804], [0.005579, 196.91135105], [0.006194, 173.86364117]]",23,quantum,1,
precond_pen=1.900,28,-1.163775767650991,173.863641172811,1.9,2,1.4801440238952637,0.006267070770263672,0.0,0010100010111110110111100000,--+-+---+-+++++-++-++++-----,0,False,"[[0.000112, 200.46559804], [0.005656, 196.91135105], [0.006267, 173.86364117]]",23,quantum,1,
precond_pen=2.000,28,-1.1221073868460039,173.863641172811,2.0,2,1.4482707977294922,1.2955238819122314,0.0,0010100010111110110111100000,--+-+---+-+++++-++-++++-----,0,False,"[[0.000113, 200.46559804], [0.005841, 199.87298926], [0.006355, 175.09394598], [1.205827, 175.04861896], [1.295524, 173.86364117], [1.447647, 173.86364117]]",23,quantum,1,
baseline,28,161.80027797472005,161.8002779747203,,2,12.082758903503418,0.11335992813110352,0.0,0101110111000110001101101000,-+-+++-+++---++---++-++-+---,0,False,"[[0.000125, 192.24887735], [0.003937, 189.1187026], [0.004545, 186.43982918], [0.005163, 165.24783739], [0.11336, 161.80027797]]",24,quantum,1,
precond_pen=1.100,28,-1.7279915531520071,161.8002779747203,1.1,2,1.708320140838623,0.006710052490234375,0.0,1010001000111001110010010111,+-+---+---+++--+++--+--+-+++,0,False,"[[0.000151, 192.24887735], [0.006367, 182.9861961], [0.00671, 161.80027797]]",24,quantum,1,
precond_pen=1.200,28,-1.5901740898480057,161.8002779747203,1.2,2,1.6744310855865479,0.007157802581787109,0.0,1010001000111001110010010111,+-+---+---+++--+++--+--+-+++,0,False,"[[0.00011, 192.24887735], [0.006835, 186.88370043], [0.007158, 161.80027797]]",24,quantum,1,
precond_pen=1.300,28,-1.4793534314499954,161.8002779747203,1.3,2,1.9229810237884521,0.006296873092651367,0.0,1010001000111001110010010111,+-+---+---+++--+++--+--+-+++,0,False,"[[0.00011, 192.24887735], [0.005798, 190.67608338], [0.006297, 161.80027797]]",24,quantum,1,
precond_pen=1.400,28,-1.388277249169004,161.8002779747203,1.4,2,1.8000109195709229,0.006203889846801758,0.0,1010001000111001110010010111,+-+---+---+++--+++--+--+-+++,0,False,"[[0.000128, 192.24887735], [0.005859, 185.00605167], [0.006204, 161.80027797]]",24,quantum,1,
precond_pen=1.500,28,-1.312083946735001,161.8002779747203,1.5,2,1.8309850692749023,0.006266117095947266,0.0,1010001000111001110010010111,+-+---+---+++--+++--+--+-+++,0,False,"[[0.000115, 192.24887735], [0.005931, 182.12955952], [0.006266, 161.80027797]]",24,quantum,1,
precond_pen=1.600,28,-1.2473905240059953,161.8002779747203,1.6,2,1.8510448932647705,0.006165981292724609,0.0,1010001000111001110010010111,+-+---+---+++--+++--+--+-+++,0,False,"[[0.000112, 192.24887735], [0.00584, 182.12955952], [0.006166, 161.80027797]]",24,quantum,1,
precond_pen=1.700,28,-1.1917694494089908,161.8002779747203,1.7,2,1.7241621017456055,0.0064389705657958984,0.0,1010001000111001110010010111,+-+---+---+++--+++--+--+-+++,0,False,"[[0.000119, 192.24887735], [0.006089, 185.53427038], [0.006439, 161.80027797]]",24,quantum,1,
precond_pen=1.800,28,-1.1434328843429942,161.8002779747203,1.8,2,2.0703508853912354,0.006112813949584961,0.0,1010001000111001110010010111,+-+---+---+++--+++--+--+-+++,0,False,"[[0.000123, 192.24887735], [0.00577, 182.3127054], [0.006113, 161.80027797]]",24,quantum,1,
precond_pen=1.900,28,-1.1010344062979964,161.8002779747203,1.9,2,1.854950189590454,0.0059850215911865234,0.0,1010001000111001110010010111,+-+---+---+++--+++--+--+-+++,0,False,"[[0.000119, 192.24887735], [0.005639, 182.3127054], [0.005985, 161.80027797]]",24,quantum,1,
precond_pen=2.000,28,-1.0635411555919951,161.8002779747203,2.0,2,1.9625401496887207,0.006200075149536133,0.0,1010001000111001110010010111,+-+---+---+++--+++--+--+-+++,0,False,"[[0.000101, 192.24887735], [0.005653, 187.71268874], [0.0062, 161.80027797]]",24,quantum,1,
baseline,28,174.06175570802083,174.06175570802083,,2,17.251479864120483,0.006514072418212891,0.0,1101000010011110101001010110,++-+----+--++++-+-+--+-+-++-,0,False,"[[0.000114, 208.94677369], [0.005004, 205.97684233], [0.005473, 205.7188984], [0.005837, 199.72982034], [0.006514, 174.06175571]]",25,quantum,1,
precond_pen=1.100,28,-1.6740046144900091,174.06175570802083,1.1,2,1.9360361099243164,0.0261080265045166,0.0,0010111101100001010110101001,--+-++++-++----+-+-++-+-+--+,0,False,"[[0.000105, 208.94677369], [0.006957, 195.70814608], [0.007582, 176.7221321], [0.026108, 174.06175571]]",25,quantum,1,
precond_pen=1.200,28,-1.5410168801390043,174.06175570802083,1.2,2,2.253970146179199,0.02347707748413086,0.0,0010111101100001010110101001,--+-++++-++----+-+-++-+-+--+,0,False,"[[0.000163, 208.94677369], [0.006493, 201.22509365], [0.00701, 176.7221321], [0.023477, 174.06175571]]",25,quantum,1,
precond_pen=1.300,28,-1.4342978846090055,174.06175570802083,1.3,2,2.25124192237854,1.3659110069274902,0.0,1101000010011110101001010110,++-+----+--++++-+-+--+-+-++-,0,False,"[[0.000109, 208.94677369], [0.005868, 201.06842072], [0.006308, 176.7221321], [0.025651, 176.72825815], [1.228579, 175.96515837], [1.365671, 175.95703928], [1.365911, 174.06175571]]",25,quantum,1,
precond_pen=1.400,28,-1.3467312621350072,174.06175570802083,1.4,2,2.1509289741516113,0.024359941482543945,0.0,0010111101100001010110101001,--+-++++-++----+-+-++-+-+--+,0,False,"[[0.000107, 208.94677369], [0.005677, 200.97771511], [0.006203, 176.7221321], [0.02436, 174.06175571]]",25,quantum,1,
precond_pen=1.500,28,-1.2735651273369992,174.06175570802083,1.5,2,2.763978958129883,2.4592859745025635,0.0,0010111101100001010110101001,--+-++++-++----+-+-++-+-+--+,0,False,"[[0.000107, 208.94677369], [0.00589, 201.06842072], [0.006314, 176.7221321], [1.39809, 175.98871666], [2.401481, 175.95703928], [2.459068, 174.91112891], [2.459286, 174.06175571], [2.763159, 174.06175571]]",25,quantum,1,
precond_pen=1.600,28,-1.2115042608309903,174.06175570802083,1.6,2,2.265145778656006,1.6338469982147217,0.0,0010111101100001010110101001,--+-++++-++----+-+-++-+-+--+,0,False,"[[0.000103, 208.94677369], [0.005816, 201.06842072], [0.006241, 176.7221321], [1.325788, 175.22649593], [1.633847, 174.06175571], [2.26443, 174.06175571]]",25,quantum,1,
precond_pen=1.700,28,-1.1581900598480015,174.06175570802083,1.7,2,2.4820780754089355,0.3734421730041504,0.0,1101000010011110101001010110,++-+----+--++++-+-+--+-+-++-,0,False,"[[0.000109, 208.94677369], [0.005835, 201.06842072], [0.006269, 176.7221321], [0.373183, 175.22649593], [0.373442, 174.06175571]]",25,quantum,1,
precond_pen=1.800,28,-1.1118893612510004,174.06175570802083,1.8,2,2.202181100845337,1.4789071083068848,0.0,1101000010011110101001010110,++-+----+--++++-+-+--+-+-++-,0,False,"[[0.000106, 208.94677369], [0.005794, 201.06842072], [0.006218, 176.7221321], [1.256297, 175.96515837], [1.478907, 174.06175571]]",25,quantum,1,
precond_pen=1.900,28,-1.0712998796030089,174.06175570802083,1.9,2,2.6755030155181885,2.324187994003296,0.0,1101000010011110101001010110,++-+----+--++++-+-+--+-+-++-,0,False,"[[0.000104, 208.94677369], [0.00595, 207.91220322], [0.006536, 176.60816176], [1.711729, 175.96515837], [2.324188, 174.06175571]]",25,quantum,1,
precond_pen=2.000,28,-1.0354235612069864,174.06175570802083,2.0,2,2.848733901977539,2.2613890171051025,0.0,1101000010011110101001010110,++-+----+--++++-+-+--+-+-++-,0,False,"[[0.000107, 208.94677369], [0.005713, 207.91220322], [0.006297, 176.60816176], [2.071946, 176.1826282], [2.072176, 175.98871666], [2.140961, 175.96515837], [2.261389, 174.06175571]]",25,quantum,1,
baseline,28,176.07267351005612,176.0726735100558,,2,25.507089853286743,0.005728960037231445,0.0,0010110110101101011100010010,--+-++-++-+-++-+-+++---+--+-,0,False,"[[0.000103, 198.22858224], [0.00419, 194.16862247], [0.005017, 194.05240314], [0.005729, 176.07267351]]",26,quantum,1,
precond_pen=1.100,28,-1.5976009249200036,176.0726735100558,1.1,2,2.546628952026367,0.023869037628173828,0.0,0010110110101101011100010010,--+-++-++-+-++-+-+++---+--+-,0,False,"[[0.000107, 198.22858224], [0.005968, 196.69416575], [0.006497, 177.6641505], [0.023869, 176.07267351]]",26,quantum,1,
precond_pen=1.200,28,-1.4714539815280165,176.0726735100558,1.2,2,2.6145050525665283,0.023661136627197266,0.0,1101001001010010100011101101,++-+--+--+-+--+-+---+++-++-+,0,False,"[[0.000112, 198.22858224], [0.005762, 196.01063818], [0.00618, 180.72095345], [0.023661, 176.07267351]]",26,quantum,1,
precond_pen=1.300,28,-1.3705145056360166,176.0726735100558,1.3,2,3.18141508102417,0.0066530704498291016,0.0,0010110110101101011100010010,--+-++-++-+-++-+-+++---+--+-,0,False,"[[0.000106, 198.22858224], [0.006653, 176.07267351]]",26,quantum,1,
precond_pen=1.400,28,-1.2878768814149986,176.0726735100558,1.4,2,2.9799249172210693,0.0251009464263916,0.0,0010110110101101011100010010,--+-++-++-+-++-+-+++---+--+-,0,False,"[[0.000109, 198.22858224], [0.005991, 196.89042648], [0.006321, 177.78350947], [0.025101, 176.07267351]]",26,quantum,1,
precond_pen=1.500,28,-1.2189549942260083,176.0726735100558,1.5,2,2.7735939025878906,0.007883787155151367,0.0,0010110110101101011100010010,--+-++-++-+-++-+-+++---+--+-,0,False,"[[0.000107, 198.22858224], [0.007884, 176.07267351]]",26,quantum,1,
precond_pen=1.600,28,-1.1605814582820013,176.0726735100558,1.6,2,2.7752320766448975,0.006535053253173828,0.0,0010110110101101011100010010,--+-++-++-+-++-+-+++---+--+-,0,False,"[[0.000105, 198.22858224], [0.006535, 176.07267351]]",26,quantum,1,
precond_pen=1.700,28,-1.110497614095003,176.0726735100558,1.7,2,2.7485079765319824,0.026192903518676758,0.0,0010110110101101011100010010,--+-++-++-+-++-+-+++---+--+-,0,False,"[[0.000106, 198.22858224], [0.00563, 197.05441873], [0.006151, 177.6641505], [0.026193, 176.07267351]]",26,quantum,1,
precond_pen=1.800,28,-1.0670482518389974,176.0726735100558,1.8,2,2.9048898220062256,0.022822856903076172,0.0,0010110110101101011100010010,--+-++-++-+-++-+-+++---+--+-,0,False,"[[0.000103, 198.22858224], [0.005539, 195.67498373], [0.005968, 178.08412037], [0.022823, 176.07267351]]",26,quantum,1,
precond_pen=1.900,28,-1.0289928788149876,176.0726735100558,1.9,2,3.0235800743103027,0.025651216506958008,0.0,1101001001010010100011101101,++-+--+--+-+--+-+---+++-++-+,0,False,"[[0.000118, 198.22858224], [0.006141, 196.33705325], [0.006573, 177.92856051], [0.025651, 176.07267351]]",26,quantum,1,
precond_pen=2.000,28,-0.9953826860470034,176.0726735100558,2.0,2,3.337722063064575,0.02383112907409668,0.0,1101001001010010100011101101,++-+--+--+-+--+-+---+++-++-+,0,False,"[[0.000288, 198.22858224], [0.005822, 195.90690037], [0.006327, 177.6641505], [0.023831, 176.07267351]]",26,quantum,1,
baseline,28,177.85045641016814,177.85045641016782,,2,16.158950090408325,0.006041049957275391,0.0,1110111100001010100101100001,+++-++++----+-+-+--+-++----+,0,False,"[[0.000111, 207.72741462], [0.004788, 205.0891845], [0.005341, 200.43544511], [0.006041, 177.85045641]]",27,quantum,1,
precond_pen=1.100,28,-1.731835460157999,177.89053851007006,1.1,2,2.276658058166504,1.559401035308838,0.0,0111111101010100001011010000,-+++++++-+-+-+----+-++-+----,0,False,"[[0.000112, 207.72741462], [0.006187, 199.26755766], [0.006639, 180.39234413], [1.407212, 180.52241561], [1.492212, 179.81301231], [1.559401, 177.89053851]]",27,quantum,1,
precond_pen=1.200,28,-1.5888850217660107,177.89053851007006,1.2,2,1.9081828594207764,0.0062258243560791016,0.0,1000000010101011110100101111,+-------+-+-+-++++-+--+-++++,0,False,"[[0.00011, 207.72741462], [0.005666, 197.95642372], [0.006226, 177.89053851]]",27,quantum,1,
precond_pen=1.300,28,-1.4748670803729986,177.89053851007006,1.3,2,2.1209628582000732,0.0062639713287353516,0.0,0111111101010100001011010000,-+++++++-+-+-+----+-++-+----,0,False,"[[0.000108, 207.72741462], [0.005724, 201.65030874], [0.006264, 177.85045641], [0.026864, 177.89053851]]",27,quantum,1,
precond_pen=1.400,28,-1.3817637498539934,177.89053851007006,1.4,2,2.116770029067993,0.006039142608642578,0.0,1000000010101011110100101111,+-------+-+-+-++++-+--+-++++,0,False,"[[0.000107, 207.72741462], [0.005615, 200.90809037], [0.006039, 177.89053851]]",27,quantum,1,
precond_pen=1.500,28,-1.304278278183995,177.89053851007006,1.5,2,2.439239978790283,2.1741809844970703,0.0,1000000010101011110100101111,+-------+-+-+-++++-+--+-++++,0,False,"[[0.000108, 207.72741462], [0.005629, 201.71373671], [0.006047, 183.87589459], [0.024003, 181.45093979], [1.285091, 179.81301231], [1.644184, 179.8921561], [1.693947, 178.85303228], [2.174181, 177.89053851], [2.43734, 177.89053851]]",27,quantum,1,
precond_pen=1.600,28,-1.2387688776619932,177.89053851007006,1.6,2,2.0712599754333496,0.006679058074951172,0.0,1000000010101011110100101111,+-------+-+-+-++++-+--+-++++,0,False,"[[0.000107, 207.72741462], [0.006124, 200.38472795], [0.006679, 177.89053851]]",27,quantum,1,
precond_pen=1.700,28,-1.182647629584018,177.89053851007006,1.7,2,2.1780929565429688,1.449470043182373,0.0,0111111101010100001011010000,-+++++++-+-+-+----+-++-+----,0,False,"[[0.000108, 207.72741462], [0.005699, 201.62407128], [0.006122, 181.45093979], [1.369533, 180.40194092], [1.369848, 179.18202364], [1.449231, 178.85303228], [1.44947, 177.89053851], [2.177355, 177.89053851]]",27,quantum,1,
precond_pen=1.800,28,-1.1340244964630148,177.89053851007006,1.8,2,2.226346015930176,0.006849050521850586,0.0,0111111101010100001011010000,-+++++++-+-+-+----+-++-+----,0,False,"[[0.000105, 207.72741462], [0.006371, 203.23473146], [0.006849, 177.85045641], [1.373971, 177.89053851], [2.225547, 177.89053851]]",27,quantum,1,
precond_pen=1.900,28,-1.0914861168500032,177.89053851007006,1.9,2,2.2261340618133545,0.005942106246948242,0.0,1000000010101011110100101111,+-------+-+-+-++++-+--+-++++,0,False,"[[0.000104, 207.72741462], [0.005427, 202.95803722], [0.005942, 177.89053851]]",27,quantum,1,
precond_pen=2.000,28,-1.0539542347970094,177.89053851007006,2.0,2,2.3438708782196045,0.005995988845825195,0.0,1000000010101011110100101111,+-------+-+-+-++++-+--+-++++,0,False,"[[0.000106, 207.72741462], [0.005455, 201.0093615], [0.005996, 177.89053851]]",27,quantum,1,
baseline,28,187.1371085874458,187.13710858744588,,2,27.005642890930176,0.005610942840576172,0.0,1011010101101111000100010001,+-++-+-+-++-++++---+---+---+,0,False,"[[0.000106, 207.32000238], [0.005611, 187.13710859]]",28,quantum,1,
precond_pen=1.100,28,-1.7336254923719885,187.13710858744588,1.1,2,1.9204339981079102,0.007050037384033203,0.0,1011010101101111000100010001,+-++-+-+-++-++++---+---+---+,0,False,"[[0.000108, 207.32000238], [0.006504, 202.26756219], [0.00705, 187.13710859]]",28,quantum,1,
precond_pen=1.200,28,-1.589555202629004,187.13710858744588,1.2,2,2.1085591316223145,0.023787975311279297,0.0,1011010101101111000100010001,+-++-+-+-++-++++---+---+---+,0,False,"[[0.000117, 207.32000238], [0.006048, 204.31675283], [0.006475, 187.2322907], [0.023788, 187.13710859]]",28,quantum,1,
precond_pen=1.300,28,-1.4748083559510121,187.13710858744588,1.3,2,1.8724098205566406,0.025129079818725586,0.0,1011010101101111000100010001,+-++-+-+-++-++++---+---+---+,0,False,"[[0.000108, 207.32000238], [0.006002, 204.31675283], [0.006428, 187.2322907], [0.025129, 187.13710859]]",28,quantum,1,
precond_pen=1.400,28,-1.3812186518090126,187.13710858744588,1.4,2,1.9251108169555664,0.02584981918334961,0.0,1011010101101111000100010001,+-++-+-+-++-++++---+---+---+,0,False,"[[0.000157, 207.32000238], [0.006957, 204.31675283], [0.007389, 187.2322907], [0.02585, 187.13710859]]",28,quantum,1,
precond_pen=1.500,28,-1.3034035224710045,187.13710858744588,1.5,2,2.20746111869812,0.031826019287109375,0.0,1011010101101111000100010001,+-++-+-+-++-++++---+---+---+,0,False,"[[0.000108, 207.32000238], [0.010306, 205.36919315], [0.010939, 187.2322907], [0.031826, 187.13710859]]",28,quantum,1,
precond_pen=1.600,28,-1.237668897310014,187.13710858744588,1.6,2,2.1378698348999023,0.0062940120697021484,0.0,1011010101101111000100010001,+-++-+-+-++-++++---+---+---+,0,False,"[[0.000106, 207.32000238], [0.005786, 203.50491621], [0.006294, 187.13710859]]",28,quantum,1,
precond_pen=1.700,28,-1.181393726235985,187.13710858744588,1.7,2,1.9395389556884766,0.006536960601806641,0.0,1011010101101111000100010001,+-++-+-+-++-++++---+---+---+,0,False,"[[0.000109, 207.32000238], [0.005991, 203.82848135], [0.006537, 187.13710859]]",28,quantum,1,
precond_pen=1.800,28,-1.1326662085059986,187.13710858744588,1.8,2,2.1749439239501953,0.023506879806518555,0.0,1011010101101111000100010001,+-++-+-+-++-++++---+---+---+,0,False,"[[0.000108, 207.32000238], [0.006063, 204.54386474], [0.006493, 193.5941768], [0.023507, 187.13710859]]",28,quantum,1,
precond_pen=1.900,28,-1.090058712523005,187.13710858744588,1.9,2,1.990556001663208,0.006972074508666992,0.0,1011010101101111000100010001,+-++-+-+-++-++++---+---+---+,0,False,"[[0.000162, 207.32000238], [0.006403, 203.91079094], [0.006972, 187.13710859]]",28,quantum,1,
precond_pen=2.000,28,-1.0524827963859877,187.13710858744588,2.0,2,1.9749858379364014,0.025058984756469727,0.0,1011010101101111000100010001,+-++-+-+-++-++++---+---+---+,0,False,"[[0.000164, 207.32000238], [0.00597, 206.20976724], [0.006506, 187.2322907], [0.025059, 187.13710859]]",28,quantum,1,
baseline,28,168.6271222670059,168.6271222670061,,2,20.42800211906433,14.978820085525513,0.0,1001001000011101101011110010,+--+--+----+++-++-+-++++--+-,0,False,"[[0.000153, 195.46678777], [0.004325, 191.11330259], [0.005133, 190.61231636], [0.005926, 173.13634896], [0.115244, 169.60871974], [14.97882, 168.62712227], [20.42581, 168.62712227]]",29,quantum,1,
precond_pen=1.100,28,-1.5212701049519985,168.6271222670061,1.1,2,4.281092166900635,2.9849348068237305,0.0,1001001000011101101011110010,+--+--+----+++-++-+-++++--+-,0,False,"[[0.000113, 195.46678777], [0.006744, 169.60871974], [2.984935, 168.62712227], [4.279363, 168.62712227]]",29,quantum,1,
precond_pen=1.200,28,-1.4054251234330035,168.6271222670061,1.2,2,4.348258972167969,2.9734861850738525,0.0,1001001000011101101011110010,+--+--+----+++-++-+-++++--+-,0,False,"[[0.000111, 195.46678777], [0.007282, 190.45725047], [0.00779, 169.72603227], [0.594216, 169.60871974], [2.973486, 168.62712227], [4.346845, 168.62712227]]",29,quantum,1,
precond_pen=1.300,28,-1.3123838135239883,168.6271222670061,1.3,2,4.5640199184417725,4.02637791633606,0.0,0110110111100010010100001101,-++-++-++++---+--+-+----++-+,0,False,"[[0.000102, 195.46678777], [0.005633, 190.45725047], [0.006135, 169.72603227], [2.867692, 169.60871974], [4.026378, 168.62712227], [4.563142, 168.62712227]]",29,quantum,1,
precond_pen=1.400,28,-1.2359843766190028,168.6271222670061,1.4,2,4.140856027603149,2.4247570037841797,0.0,1001001000011101101011110010,+--+--+----+++-++-+-++++--+-,0,False,"[[0.000109, 195.46678777], [0.005735, 187.78782202], [0.006261, 169.72603227], [0.61659, 169.60871974], [2.424757, 168.62712227], [4.139048, 168.62712227]]",29,quantum,1,
precond_pen=1.500,28,-1.1721088804520097,168.6271222670061,1.5,2,4.676107883453369,1.7057738304138184,0.0,1001001000011101101011110010,+--+--+----+++-++-+-++++--+-,0,False,"[[0.000108, 195.46678777], [0.005941, 186.94651163], [0.006358, 170.07662115], [0.637822, 169.72603227], [1.705774, 168.62712227], [4.672415, 168.62712227]]",29,quantum,1,
precond_pen=1.600,28,-1.117898411177002,168.6271222670061,1.6,2,4.168399095535278,2.178568124771118,0.0,1001001000011101101011110010,+--+--+----+++-++-+-++++--+-,0,False,"[[0.000106, 195.46678777], [0.006418, 184.38902501], [0.00705, 169.72603227], [2.178568, 168.62712227]]",29,quantum,1,
precond_pen=1.700,28,-1.0713056875360198,168.6271222670061,1.7,2,4.1197190284729,0.007569074630737305,0.0,0110110111100010010100001101,-++-++-++++---+--+-+----++-+,0,False,"[[0.000102, 195.46678777], [0.006759, 192.65798995], [0.007569, 168.62712227]]",29,quantum,1,
precond_pen=1.800,28,-1.030825018502,168.6271222670061,1.8,2,4.140750885009766,2.0431950092315674,0.0,1001001000011101101011110010,+--+--+----+++-++-+-++++--+-,0,False,"[[0.000106, 195.46678777], [0.005671, 188.90611315], [0.006177, 169.72603227], [2.043195, 168.62712227], [4.139933, 168.62712227]]",29,quantum,1,
precond_pen=1.900,28,-0.995324020596005,168.6271222670061,1.9,2,4.607850074768066,4.456338167190552,0.0,1001001000011101101011110010,+--+--+----+++-++-+-++++--+-,0,False,"[[0.000101, 195.46678777], [0.005559, 185.55105432], [0.006081, 169.72603227], [3.451361, 169.60871974], [4.456338, 168.62712227], [4.607002, 168.62712227]]",29,quantum,1,
precond_pen=2.000,28,-0.9639344372720053,168.6271222670061,2.0,2,4.276849031448364,2.869925022125244,0.0,1001001000011101101011110010,+--+--+----+++-++-+-++++--+-,0,False,"[[0.000105, 195.46678777], [0.005826, 186.27848523], [0.006465, 170.17047013], [1.656125, 169.93819375], [1.886227, 169.86422882], [1.948096, 169.72603227], [2.869925, 168.62712227], [4.275984, 168.62712227]]",29,quantum,1,
baseline,28,168.62128017048306,168.62128017048295,,2,20.084983110427856,0.006207942962646484,0.0,0101101001011001010101011010,-+-++-+--+-++--+-+-+-+-++-+-,0,False,"[[0.000112, 200.02265707], [0.004657, 200.0024408], [0.005285, 199.82576178], [0.006208, 168.62128017]]",30,quantum,1,
precond_pen=1.100,28,-1.6824926410030105,168.62128017048295,1.1,2,2.2498178482055664,1.4541988372802734,0.0,1010010110100110101010100101,+-+--+-++-+--++-+-+-+-+--+-+,0,False,"[[0.000106, 200.02265707], [0.005962, 189.26653283], [0.006372, 173.29907556], [0.027189, 169.96933773], [1.454199, 168.62128017], [2.249031, 168.62128017]]",30,quantum,1,
precond_pen=1.200,28,-1.548579160433004,168.62128017048295,1.2,2,2.3609418869018555,0.02508997917175293,0.0,1010010110100110101010100101,+-+--+-++-+--++-+-+-+-+--+-+,0,False,"[[0.000111, 200.02265707], [0.00595, 196.38416326], [0.006372, 173.65975223], [0.02509, 168.62128017]]",30,quantum,1,
precond_pen=1.300,28,-1.4411067157109834,168.62128017048295,1.3,2,2.225044012069702,0.025624990463256836,0.0,1010010110100110101010100101,+-+--+-++-+--++-+-+-+-+--+-+,0,False,"[[0.000109, 200.02265707], [0.006014, 185.28992423], [0.006431, 173.65975223], [0.025625, 168.62128017]]",30,quantum,1,
precond_pen=1.400,28,-1.3529160648989809,168.62128017048295,1.4,2,2.186583995819092,0.024844884872436523,0.0,1010010110100110101010100101,+-+--+-++-+--++-+-+-+-+--+-+,0,False,"[[0.000113, 200.02265707], [0.006218, 190.96079632], [0.006627, 173.29907556], [0.024845, 168.62128017]]",30,quantum,1,
precond_pen=1.500,28,-1.2792261887809975,168.62128017048295,1.5,2,2.2186241149902344,1.7233760356903076,0.0,1010010110100110101010100101,+-+--+-++-+--++-+-+-+-+--+-+,0,False,"[[0.000107, 200.02265707], [0.00573, 185.44628358], [0.006131, 173.65975223], [0.025146, 169.96933773], [1.723376, 168.62128017], [2.217865, 168.62128017]]",30,quantum,1,
precond_pen=1.600,28,-1.2167196865220085,168.62128017048295,1.6,2,2.4147439002990723,0.02715778350830078,0.0,1010010110100110101010100101,+-+--+-++-+--++-+-+-+-+--+-+,0,False,"[[9.9e-05, 200.02265707], [0.005434, 198.39706981], [0.005839, 173.29907556], [0.027158, 168.62128017]]",30,quantum,1,
precond_pen=1.700,28,-1.16302241833899,168.62128017048295,1.7,2,2.2807719707489014,0.023247957229614258,0.0,1010010110100110101010100101,+-+--+-++-+--++-+-+-+-+--+-+,0,False,"[[0.000102, 200.02265707], [0.004745, 199.28441709], [0.005305, 197.06198286], [0.005681, 194.22385096], [0.006065, 173.29907556], [0.023248, 168.62128017]]",30,quantum,1,
precond_pen=1.800,28,-1.1163893299930123,168.62128017048295,1.8,2,2.3874049186706543,0.02426004409790039,0.0,1010010110100110101010100101,+-+--+-++-+--++-+-+-+-+--+-+,0,False,"[[0.000107, 200.02265707], [0.005399, 191.9122246], [0.006015, 173.42043146], [0.02426, 168.62128017]]",30,quantum,1,
precond_pen=1.900,28,-1.0755087094039961,168.62128017048295,1.9,2,2.158012866973877,0.02390599250793457,0.0,1010010110100110101010100101,+-+--+-++-+--++-+-+-+-+--+-+,0,False,"[[0.000105, 200.02265707], [0.005603, 189.03687212], [0.006013, 173.29907556], [0.023906, 168.62128017]]",30,quantum,1,
precond_pen=2.000,28,-1.0393754371149964,168.62128017048295,2.0,2,2.3925468921661377,0.02266693115234375,0.0,1010010110100110101010100101,+-+--+-++-+--++-+-+-+-+--+-+,0,False,"[[0.000107, 200.02265707], [0.005586, 190.96079632], [0.005983, 173.29907556], [0.022667, 168.62128017]]",30,quantum,1,
baseline,28,169.8086621533619,169.80866215336187,,2,19.62672185897827,18.13971185684204,0.0,0010101011100001001110111001,--+-+-+-+++----+--+++-+++--+,0,False,"[[0.000115, 205.5701103], [0.003915, 203.01184325], [0.004838, 200.98212885], [0.005588, 169.87942357], [18.139712, 169.80866215]]",31,quantum,1,
precond_pen=1.100,28,-1.628436424916007,169.87942357247601,1.1,2,2.467661142349243,1.2542951107025146,0.0,1100010100111100010001001111,++---+-+--++++---+---+--++++,0,False,"[[0.000111, 205.5701103], [0.006935, 193.5755354], [0.007337, 170.77015679], [1.254295, 169.87942357]]",31,quantum,1,
precond_pen=1.200,28,-1.4991027113310142,169.87942357247601,1.2,2,2.739189863204956,1.341991901397705,0.0,1100010100111100010001001111,++---+-+--++++---+---+--++++,0,False,"[[0.000106, 205.5701103], [0.005964, 188.49075994], [0.006386, 174.05490342], [0.02359, 170.77015679], [1.341992, 169.80866215], [1.742792, 169.87942357], [2.738369, 169.87942357]]",31,quantum,1,
precond_pen=1.300,28,-1.395548423738008,169.87942357247601,1.3,2,2.7125508785247803,1.608327865600586,0.0,0011101011000011101110110000,--+++-+-++----+++-+++-++----,0,False,"[[0.000112, 205.5701103], [0.005872, 187.34563916], [0.006374, 172.54719362], [0.026581, 170.77015679], [1.608328, 169.80866215], [1.804675, 169.87942357], [2.710534, 169.87942357]]",31,quantum,1,
precond_pen=1.400,28,-1.3107316658739911,169.87942357247601,1.4,2,3.006181001663208,2.7628660202026367,0.0,1100010100111100010001001111,++---+-+--++++---+---+--++++,0,False,"[[0.000107, 205.5701103], [0.005946, 188.11635529], [0.006387, 170.68682776], [2.762866, 169.87942357]]",31,quantum,1,
precond_pen=1.500,28,-1.2399686554369982,169.87942357247601,1.5,2,2.8972249031066895,1.8599369525909424,0.0,0011101011000011101110110000,--+++-+-++----+++-+++-++----,0,False,"[[0.000107, 205.5701103], [0.00553, 187.34563916], [0.006043, 172.54719362], [0.023715, 170.68682776], [1.859937, 169.80866215], [2.153781, 169.87942357], [2.896405, 169.87942357]]",31,quantum,1,
precond_pen=1.600,28,-1.1800209903710126,169.87942357247601,1.6,2,2.6765589714050293,1.491502046585083,0.0,1100010100111100010001001111,++---+-+--++++---+---+--++++,0,False,"[[0.000114, 205.5701103], [0.005712, 188.49075994], [0.00614, 174.05490342], [0.025099, 170.68682776], [1.491502, 169.80866215], [2.510622, 169.87942357], [2.674162, 169.87942357]]",31,quantum,1,
precond_pen=1.700,28,-1.1285769165679884,169.87942357247601,1.7,2,2.8460540771484375,1.4359831809997559,0.0,0011101011000011101110110000,--+++-+-++----+++-+++-++----,0,False,"[[0.000109, 205.5701103], [0.005877, 186.39120748], [0.006288, 171.43948273], [0.025996, 170.68682776], [1.435983, 169.80866215], [2.630945, 169.87942357], [2.845326, 169.87942357]]",31,quantum,1,
precond_pen=1.800,28,-1.0839414874659976,169.87942357247601,1.8,2,2.955883026123047,1.5842881202697754,0.0,0011101011000011101110110000,--+++-+-++----+++-+++-++----,0,False,"[[0.000101, 205.5701103], [0.005607, 187.34563916], [0.006114, 172.54719362], [0.026905, 170.68682776], [1.584288, 169.87942357], [2.955117, 169.87942357]]",31,quantum,1,
precond_pen=1.900,28,-1.0448431063629915,169.87942357247601,1.9,2,2.825986862182617,1.7063260078430176,0.0,1100010100111100010001001111,++---+-+--++++---+---+--++++,0,False,"[[0.000103, 205.5701103], [0.0054, 194.09093335], [0.005806, 171.43948273], [0.022601, 170.68682776], [1.706326, 169.87942357]]",31,quantum,1,
precond_pen=2.000,28,-1.0103090762959948,169.87942357247601,2.0,2,3.0712409019470215,0.006022930145263672,0.0,1100010100111100010001001111,++---+-+--++++---+---+--++++,0,False,"[[0.000101, 205.5701103], [0.005511, 188.01020439], [0.006023, 169.87942357]]",31,quantum,1,
baseline,28,157.21731768607006,157.21731768606995,,2,8.686515092849731,0.006005048751831055,0.0,0011111000110000011110110001,--+++++---++-----++++-++---+,0,False,"[[0.000108, 180.24853285], [0.004439, 177.54446966], [0.005048, 177.52334023], [0.006005, 157.21731769]]",32,quantum,1,
precond_pen=1.100,28,-1.7770771213240089,157.21731768606995,1.1,2,2.0569889545440674,0.006167888641357422,0.0,1100000111001111100001001110,++-----+++--+++++----+--+++-,0,False,"[[0.00011, 180.24853285], [0.006168, 157.21731769]]",32,quantum,1,
precond_pen=1.200,28,-1.6324291931160104,157.21731768606995,1.2,2,2.005948066711426,0.006976127624511719,0.0,1100000111001111100001001110,++-----+++--+++++----+--+++-,0,False,"[[0.000119, 180.24853285], [0.006976, 157.21731769]]",32,quantum,1,
precond_pen=1.300,28,-1.5164478908549839,157.21731768606995,1.3,2,2.000802993774414,0.006342172622680664,0.0,1100000111001111100001001110,++-----+++--+++++----+--+++-,0,False,"[[0.00011, 180.24853285], [0.006342, 157.21731769]]",32,quantum,1,
precond_pen=1.400,28,-1.421340941614016,157.21731768606995,1.4,2,2.016432046890259,0.00795602798461914,0.0,1100000111001111100001001110,++-----+++--+++++----+--+++-,0,False,"[[0.00014, 180.24853285], [0.007956, 157.21731769]]",32,quantum,1,
precond_pen=1.500,28,-1.3419142354870068,157.21731768606995,1.5,2,1.9468448162078857,0.005948781967163086,0.0,1100000111001111100001001110,++-----+++--+++++----+--+++-,0,False,"[[0.000109, 180.24853285], [0.005949, 157.21731769]]",32,quantum,1,
precond_pen=1.600,28,-1.2745700282890091,157.21731768606995,1.6,2,2.099985122680664,0.0059010982513427734,0.0,1100000111001111100001001110,++-----+++--+++++----+--+++-,0,False,"[[0.000106, 180.24853285], [0.005901, 157.21731769]]",32,quantum,1,
precond_pen=1.700,28,-1.2167362189549884,157.21731768606995,1.7,2,2.1611649990081787,0.006078004837036133,0.0,1100000111001111100001001110,++-----+++--+++++----+--+++-,0,False,"[[0.000106, 180.24853285], [0.006078, 157.21731769]]",32,quantum,1,
precond_pen=1.800,28,-1.1665244727710053,157.21731768606995,1.8,2,2.084197998046875,0.006838083267211914,0.0,1100000111001111100001001110,++-----+++--+++++----+--+++-,0,False,"[[0.000116, 180.24853285], [0.006838, 157.21731769]]",32,quantum,1,
precond_pen=1.900,28,-1.122516541383991,157.21731768606995,1.9,2,2.2114691734313965,0.00652313232421875,0.0,1100000111001111100001001110,++-----+++--+++++----+--+++-,0,False,"[[0.00011, 180.24853285], [0.006523, 157.21731769]]",32,quantum,1,
precond_pen=2.000,28,-1.0836265219520076,157.21731768606995,2.0,2,2.0353200435638428,0.0242919921875,0.0,0011111000110000011110110001,--+++++---++-----++++-++---+,0,False,"[[0.00011, 180.24853285], [0.005556, 179.15759192], [0.005891, 159.20019245], [0.024292, 157.21731769]]",32,quantum,1,
baseline,28,160.26302425626795,160.263024256268,,2,11.471673011779785,0.11198616027832031,0.0,1011000110101110010010011100,+-++---++-+-+++--+--+--+++--,0,False,"[[0.000123, 190.25956597], [0.004609, 166.34865081], [0.111986, 160.26302426]]",33,quantum,1,
precond_pen=1.100,28,-1.6772783643279983,160.263024256268,1.1,2,2.272728204727173,0.0065860748291015625,0.0,1011000110101110010010011100,+-++---++-+-+++--+--+--+++--,0,False,"[[0.000113, 190.25956597], [0.006158, 185.65607609], [0.006586, 160.26302426]]",33,quantum,1,
precond_pen=1.200,28,-1.5440224796999917,160.263024256268,1.2,2,1.8954439163208008,0.006043910980224609,0.0,1011000110101110010010011100,+-++---++-+-+++--+--+--+++--,0,False,"[[0.000108, 190.25956597], [0.005621, 179.94289017], [0.006044, 160.26302426]]",33,quantum,1,
precond_pen=1.300,28,-1.4370637180999957,160.263024256268,1.3,2,2.301244020462036,0.005992889404296875,0.0,1011000110101110010010011100,+-++---++-+-+++--+--+--+++--,0,False,"[[0.000102, 190.25956597], [0.005564, 187.59302067], [0.005993, 160.26302426]]",33,quantum,1,
precond_pen=1.400,28,-1.3492844091579972,160.263024256268,1.4,2,2.1815781593322754,0.006142139434814453,0.0,1011000110101110010010011100,+-++---++-+-+++--+--+--+++--,0,False,"[[0.000102, 190.25956597], [0.005529, 186.3777966], [0.006142, 160.26302426]]",33,quantum,1,
precond_pen=1.500,28,-1.2759304494339965,160.263024256268,1.5,2,2.378627061843872,0.005982160568237305,0.0,1011000110101110010010011100,+-++---++-+-+++--+--+--+++--,0,False,"[[0.000109, 190.25956597], [0.005526, 183.34127998], [0.005982, 160.26302426]]",33,quantum,1,
precond_pen=1.600,28,-1.213703410864989,160.263024256268,1.6,2,2.3837571144104004,0.005978107452392578,0.0,1011000110101110010010011100,+-++---++-+-+++--+--+--+++--,0,False,"[[0.000106, 190.25956597], [0.005557, 187.16481361], [0.005978, 160.26302426]]",33,quantum,1,
precond_pen=1.700,28,-1.1602420990979887,160.263024256268,1.7,2,2.4157190322875977,0.006211042404174805,0.0,1011000110101110010010011100,+-++---++-+-+++--+--+--+++--,0,False,"[[0.000109, 190.25956597], [0.005662, 183.52129551], [0.006211, 160.26302426]]",33,quantum,1,
precond_pen=1.800,28,-1.1138106434870068,160.263024256268,1.8,2,2.266242027282715,0.005911111831665039,0.0,1011000110101110010010011100,+-++---++-+-+++--+--+--+++--,0,False,"[[0.000105, 190.25956597], [0.005474, 185.65607609], [0.005911, 160.26302426]]",33,quantum,1,
precond_pen=1.900,28,-1.0731044165279986,160.263024256268,1.9,2,2.3617711067199707,0.0061299800872802734,0.0,1011000110101110010010011100,+-++---++-+-+++--+--+--+++--,0,False,"[[0.000109, 190.25956597], [0.005513, 186.3777966], [0.00613, 160.26302426]]",33,quantum,1,
precond_pen=2.000,28,-1.0371235181789924,160.263024256268,2.0,2,2.130236864089966,0.006139993667602539,0.0,1011000110101110010010011100,+-++---++-+-+++--+--+--+++--,0,False,"[[0.000114, 190.25956597], [0.005517, 186.3777966], [0.00614, 160.26302426]]",33,quantum,1,
baseline,28,171.696352254249,171.69635225424906,,2,18.481544017791748,0.11216592788696289,0.0,0001010110101011001001101011,---+-+-++-+-+-++--+--++-+-++,0,False,"[[0.000108, 191.78740851], [0.005088, 180.88941971], [0.112166, 171.69635225]]",34,quantum,1,
precond_pen=1.100,28,-1.5967496000710053,171.69635225424906,1.1,2,3.181042194366455,1.6442770957946777,0.0,1110101001010100110110010100,+++-+-+--+-+-+--++-++--+-+--,0,False,"[[0.000115, 191.78740851], [0.006527, 178.32108276], [1.199421, 177.604059], [1.31028, 176.74632251], [1.504511, 174.54796411], [1.644085, 173.4471425], [1.644277, 171.69635225]]",34,quantum,1,
precond_pen=1.200,28,-1.471544518451994,171.69635225424906,1.2,2,2.938878059387207,2.1242289543151855,0.0,1110101001010100110110010100,+++-+-+--+-+-+--++-++--+-+--,0,False,"[[0.000118, 191.78740851], [0.006679, 178.32108276], [1.244275, 176.31181116], [1.465942, 175.32452173], [1.497409, 173.4471425], [2.124229, 171.69635225]]",34,quantum,1,
precond_pen=1.300,28,-1.3711974680119958,171.69635225424906,1.3,2,2.854340076446533,1.658337116241455,0.0,1110101001010100110110010100,+++-+-+--+-+-+--++-++--+-+--,0,False,"[[0.000106, 191.78740851], [0.006406, 178.32108276], [1.201942, 177.34930028], [1.202227, 174.08373794], [1.658337, 171.69635225]]",34,quantum,1,
precond_pen=1.400,28,-1.2889390503119884,171.69635225424906,1.4,2,3.162240982055664,2.0039310455322266,0.0,1110101001010100110110010100,+++-+-+--+-+-+--++-++--+-+--,0,False,"[[0.000109, 191.78740851], [0.006148, 178.32108276], [0.022588, 174.08373794], [2.003931, 171.69635225], [3.161379, 171.69635225]]",34,quantum,1,
precond_pen=1.500,28,-1.220261172723994,171.69635225424906,1.5,2,3.29957914352417,2.860327959060669,0.0,1110101001010100110110010100,+++-+-+--+-+-+--++-++--+-+--,0,False,"[[0.00012, 191.78740851], [0.00643, 178.32108276], [1.189522, 175.38071551], [1.393597, 175.31103562], [1.927209, 175.14675683], [2.051095, 174.08373794], [2.782104, 173.4471425], [2.860328, 171.69635225]]",34,quantum,1,
precond_pen=1.600,28,-1.162043593194003,171.69635225424906,1.6,2,3.093926191329956,1.8906822204589844,0.0,1110101001010100110110010100,+++-+-+--+-+-+--++-++--+-+--,0,False,"[[0.000113, 191.78740851], [0.006108, 178.32108276], [0.37082, 178.19496314], [0.371057, 178.18808586], [0.395633, 177.53285924], [0.634153, 176.9899242], [0.634424, 175.31103562], [1.67657, 174.73287205], [1.676795, 174.54796411], [1.890682, 171.69635225]]",34,quantum,1,
precond_pen=1.700,28,-1.1120569424730018,171.69635225424906,1.7,2,3.0245258808135986,0.0066568851470947266,0.0,1110101001010100110110010100,+++-+-+--+-+-+--++-++--+-+--,0,False,"[[0.000115, 191.78740851], [0.006035, 190.63906728], [0.006657, 171.69635225]]",34,quantum,1,
precond_pen=1.800,28,-1.068664970444999,171.69635225424906,1.8,2,3.518954038619995,2.0992591381073,0.0,0001010110101011001001101011,---+-+-++-+-+-++--+--++-+-++,0,False,"[[0.000121, 191.78740851], [0.005928, 189.76291595], [0.006373, 179.49810963], [0.025698, 178.32108276], [1.444245, 174.08373794], [2.099259, 171.69635225]]",34,quantum,1,
precond_pen=1.900,28,-1.0306395210189834,171.69635225424906,1.9,2,3.3523011207580566,2.6149961948394775,0.0,0001010110101011001001101011,---+-+-++-+-+-++--+--++-+-++,0,False,"[[0.000112, 191.78740851], [0.00653, 178.32108276], [1.295648, 176.52913746], [1.345939, 176.49031477], [1.592091, 176.33937648], [1.592329, 174.66906602], [1.831633, 173.4471425], [2.614996, 171.69635225]]",34,quantum,1,
precond_pen=2.000,28,-0.9970402256220066,171.69635225424906,2.0,2,3.350554943084717,1.6359069347381592,0.0,1110101001010100110110010100,+++-+-+--+-+-+--++-++--+-+--,0,False,"[[0.000112, 191.78740851], [0.007766, 178.32108276], [1.413075, 175.75040748], [1.635649, 174.54796411], [1.635907, 171.69635225], [3.349727, 171.69635225]]",34,quantum,1,
baseline,28,161.4110705322529,161.41107053225315,,2,13.43288516998291,0.11736106872558594,0.0,1001110011100000001110011101,+--+++--+++-------+++--+++-+,0,False,"[[0.000113, 189.53822007], [0.005104, 165.89615529], [0.117361, 161.41107053]]",35,quantum,1,
precond_pen=1.100,28,-1.7580925209769998,161.41107053225315,1.1,2,2.146710157394409,1.4079921245574951,0.0,0110001100011111110001100010,-++---++---+++++++---++---+-,0,False,"[[0.000122, 189.53822007], [0.006011, 181.49465962], [0.006514, 165.89615529], [1.196881, 163.29600807], [1.407715, 163.11112804], [1.407992, 161.41107053]]",35,quantum,1,
precond_pen=1.200,28,-1.616364749761999,161.41107053225315,1.2,2,1.7176380157470703,0.024595975875854492,0.0,1001110011100000001110011101,+--+++--+++-------+++--+++-+,0,False,"[[0.000115, 189.53822007], [0.005968, 183.73965022], [0.006405, 166.09283781], [0.024596, 161.41107053]]",35,quantum,1,
precond_pen=1.300,28,-1.502552709541007,161.41107053225315,1.3,2,2.406264066696167,0.02486395835876465,0.0,0110001100011111110001100010,-++---++---+++++++---++---+-,0,False,"[[0.000118, 189.53822007], [0.006316, 187.92510372], [0.006831, 165.89615529], [0.024864, 161.41107053]]",35,quantum,1,
precond_pen=1.400,28,-1.4091140695799993,161.41107053225315,1.4,2,2.0487120151519775,0.02532792091369629,0.0,1001110011100000001110011101,+--+++--+++-------+++--+++-+,0,False,"[[0.000108, 189.53822007], [0.006164, 185.49036816], [0.006573, 165.89615529], [0.025328, 161.41107053]]",35,quantum,1,
precond_pen=1.500,28,-1.3310069091569936,161.41107053225315,1.5,2,1.9375669956207275,0.024090051651000977,0.0,0110001100011111110001100010,-++---++---+++++++---++---+-,0,False,"[[0.000132, 189.53822007], [0.006059, 185.49036816], [0.006462, 165.89615529], [0.02409, 161.41107053]]",35,quantum,1,
precond_pen=1.600,28,-1.26473042321701,161.41107053225315,1.6,2,1.9770240783691406,0.02354907989501953,0.0,0110001100011111110001100010,-++---++---+++++++---++---+-,0,False,"[[0.000112, 189.53822007], [0.005769, 178.65618261], [0.0061, 170.22738181], [0.023549, 161.41107053]]",35,quantum,1,
precond_pen=1.700,28,-1.2077773401499954,161.41107053225315,1.7,2,2.1312649250030518,1.5365469455718994,0.0,0110001100011111110001100010,-++---++---+++++++---++---+-,0,False,"[[0.000111, 189.53822007], [0.00582, 185.49036816], [0.006232, 165.89615529], [1.267479, 165.74903661], [1.329978, 165.2749075], [1.374954, 165.10163965], [1.458993, 163.7472264], [1.536547, 161.41107053], [2.12977, 161.41107053]]",35,quantum,1,
precond_pen=1.800,28,-1.158303608302992,161.41107053225315,1.8,2,2.564246892929077,1.8530189990997314,0.0,0110001100011111110001100010,-++---++---+++++++---++---+-,0,False,"[[0.000113, 189.53822007], [0.005674, 185.49036816], [0.006088, 165.89615529], [1.546912, 164.94648255], [1.604794, 163.11112804], [1.853019, 161.41107053]]",35,quantum,1,
precond_pen=1.900,28,-1.114922826071,161.41107053225315,1.9,2,2.184562921524048,1.6243948936462402,0.0,0110001100011111110001100010,-++---++---+++++++---++---+-,0,False,"[[0.000113, 189.53822007], [0.008226, 185.49036816], [0.0087, 165.89615529], [1.523467, 163.11112804], [1.624137, 163.04095715], [1.624395, 161.41107053]]",35,quantum,1,
precond_pen=2.000,28,-1.0765719103840201,161.41107053225315,2.0,2,2.1170899868011475,1.4326059818267822,0.0,0110001100011111110001100010,-++---++---+++++++---++---+-,0,False,"[[0.000114, 189.53822007], [0.00574, 185.49036816], [0.006141, 165.89615529], [1.370532, 164.96118464], [1.432606, 161.41107053]]",35,quantum,1,
baseline,28,161.330726236272,161.3307262362717,,2,16.672833919525146,0.0045719146728515625,0.0,1101011110101100101110000000,++-+-++++-+-++--+-+++-------,0,False,"[[0.00011, 187.26178082], [0.004572, 161.33072624]]",36,quantum,1,
precond_pen=1.100,28,-1.637809828362995,161.3307262362717,1.1,2,2.6142961978912354,0.025277137756347656,0.0,0010100001010011010001111111,--+-+----+-+--++-+---+++++++,0,False,"[[0.000111, 187.26178082], [0.006223, 186.51931638], [0.006737, 164.78905507], [0.025277, 161.33072624]]",36,quantum,1,
precond_pen=1.200,28,-1.5103890549840049,161.3307262362717,1.2,2,2.9103779792785645,0.024530887603759766,0.0,0010100001010011010001111111,--+-+----+-+--++-+---+++++++,0,False,"[[0.000113, 187.26178082], [0.005675, 179.01593626], [0.006097, 164.78905507], [0.024531, 161.33072624]]",36,quantum,1,
precond_pen=1.300,28,-1.407828953593004,161.3307262362717,1.3,2,3.0843899250030518,0.024296998977661133,0.0,0010100001010011010001111111,--+-+----+-+--++-+---+++++++,0,False,"[[0.000109, 187.26178082], [0.005704, 180.74840563], [0.006144, 164.78905507], [0.024297, 161.33072624]]",36,quantum,1,
precond_pen=1.400,28,-1.3234725276890043,161.3307262362717,1.4,2,2.828299045562744,0.023571014404296875,0.0,0010100001010011010001111111,--+-+----+-+--++-+---+++++++,0,False,"[[0.000106, 187.26178082], [0.006859, 179.01593626], [0.007293, 164.78905507], [0.023571, 161.33072624]]",36,quantum,1,
precond_pen=1.500,28,-1.2528510781869997,161.3307262362717,1.5,2,3.105323076248169,2.784198045730591,0.0,0010100001010011010001111111,--+-+----+-+--++-+---+++++++,0,False,"[[0.000106, 187.26178082], [0.005556, 180.74840563], [0.006004, 164.78905507], [0.024187, 161.82440317], [2.784198, 161.33072624], [3.10449, 161.33072624]]",36,quantum,1,
precond_pen=1.600,28,-1.1928517701330072,161.3307262362717,1.6,2,3.1747779846191406,1.690657138824463,0.0,0010100001010011010001111111,--+-+----+-+--++-+---+++++++,0,False,"[[0.000107, 187.26178082], [0.006121, 183.2653216], [0.006626, 164.76349225], [0.024056, 161.82440317], [1.690657, 161.33072624], [3.17397, 161.33072624]]",36,quantum,1,
precond_pen=1.700,28,-1.1412387700559936,161.3307262362717,1.7,2,2.802125930786133,2.3857250213623047,0.0,0010100001010011010001111111,--+-+----+-+--++-+---+++++++,0,False,"[[0.000103, 187.26178082], [0.005549, 180.74840563], [0.005979, 164.78905507], [0.023214, 161.82440317], [2.385725, 161.33072624], [2.801295, 161.33072624]]",36,quantum,1,
precond_pen=1.800,28,-1.0963639253039936,161.3307262362717,1.8,2,3.15787410736084,0.005995035171508789,0.0,1101011110101100101110000000,++-+-++++-+-++--+-+++-------,0,False,"[[0.000102, 187.26178082], [0.005995, 161.33072624]]",36,quantum,1,
precond_pen=1.900,28,-1.0569852555909964,161.3307262362717,1.9,2,3.390626907348633,2.570035934448242,0.0,0010100001010011010001111111,--+-+----+-+--++-+---+++++++,0,False,"[[0.000113, 187.26178082], [0.005535, 183.2653216], [0.006046, 164.76349225], [1.502602, 162.94960577], [1.94307, 161.82440317], [2.570036, 161.33072624], [3.389832, 161.33072624]]",36,quantum,1,
precond_pen=2.000,28,-1.0221490786419931,161.3307262362717,2.0,2,2.9716501235961914,1.5044670104980469,0.0,0010100001010011010001111111,--+-+----+-+--++-+---+++++++,0,False,"[[0.000103, 187.26178082], [0.005453, 183.2653216], [0.005952, 164.76349225], [1.362581, 163.99736185], [1.421496, 163.57792644], [1.504467, 161.33072624], [2.970853, 161.33072624]]",36,quantum,1,
baseline,28,158.094534300616,158.09453430061615,,2,15.19319486618042,0.005669832229614258,0.0,0010111011001110100100001011,--+-+++-++--+++-+--+----+-++,0,False,"[[0.000104, 186.82195133], [0.004065, 185.21625944], [0.00475, 178.73657304], [0.00567, 158.0945343]]",37,quantum,1,
precond_pen=1.100,28,-1.6427086151380035,158.09453430061615,1.1,2,2.5352559089660645,0.026530027389526367,0.0,1101000100110001011011110100,++-+---+--++---+-++-++++-+--,0,False,"[[0.000127, 186.82195133], [0.006023, 181.3241048], [0.006626, 158.42830675], [0.02653, 158.0945343]]",37,quantum,1,
precond_pen=1.200,28,-1.5140662319490055,158.09453430061615,1.2,2,2.659853219985962,1.642200231552124,0.0,0010111011001110100100001011,--+-+++-++--+++-+--+----+-++,0,False,"[[0.000113, 186.82195133], [0.005877, 175.67223808], [0.006313, 158.42830675], [1.6422, 158.0945343], [2.657726, 158.0945343]]",37,quantum,1,
precond_pen=1.300,28,-1.4106963360049924,158.09453430061615,1.3,2,2.997114896774292,2.164834976196289,0.0,0010111011001110100100001011,--+-+++-++--+++-+--+----+-++,0,False,"[[0.000111, 186.82195133], [0.005778, 172.28780517], [0.006096, 162.11985287], [0.024605, 158.42830675], [2.164835, 158.0945343], [2.996318, 158.0945343]]",37,quantum,1,
precond_pen=1.400,28,-1.3257801199240067,158.09453430061615,1.4,2,2.546032190322876,0.02579808235168457,0.0,0010111011001110100100001011,--+-+++-++--+++-+--+----+-++,0,False,"[[0.000155, 186.82195133], [0.005908, 180.39596433], [0.006291, 161.8334456], [0.025798, 158.0945343]]",37,quantum,1,
precond_pen=1.500,28,-1.2547580315519902,158.09453430061615,1.5,2,2.7729458808898926,0.023710966110229492,0.0,0010111011001110100100001011,--+-+++-++--+++-+--+----+-++,0,False,"[[0.00011, 186.82195133], [0.005818, 175.38178072], [0.006341, 158.42830675], [0.023711, 158.0945343]]",37,quantum,1,
precond_pen=1.600,28,-1.194463196704998,158.09453430061615,1.6,2,2.6326141357421875,0.006295204162597656,0.0,1101000100110001011011110100,++-+---+--++---+-++-++++-+--,0,False,"[[0.000111, 186.82195133], [0.005782, 182.63987937], [0.006295, 158.0945343]]",37,quantum,1,
precond_pen=1.700,28,-1.1426260681250007,158.09453430061615,1.7,2,2.645771026611328,0.00829005241394043,0.0,0010111011001110100100001011,--+-+++-++--+++-+--+----+-++,0,False,"[[0.000109, 186.82195133], [0.007541, 176.59402972], [0.00829, 158.0945343]]",37,quantum,1,
precond_pen=1.800,28,-1.097577764774,158.09453430061615,1.8,2,2.469896078109741,1.4137320518493652,0.0,0010111011001110100100001011,--+-+++-++--+++-+--+----+-++,0,False,"[[0.000105, 186.82195133], [0.005514, 176.62618679], [0.005931, 158.42830675], [1.413732, 158.0945343], [2.468298, 158.0945343]]",37,quantum,1,
precond_pen=1.900,28,-1.0580619358129901,158.09453430061615,1.9,2,2.8815250396728516,2.1060831546783447,0.0,1101000100110001011011110100,++-+---+--++---+-++-++++-+--,0,False,"[[0.000118, 186.82195133], [0.005988, 176.91236273], [0.006462, 161.8334456], [0.026026, 158.42830675], [2.106083, 158.0945343], [2.880699, 158.0945343]]",37,quantum,1,
precond_pen=2.000,28,-1.023115465432987,158.09453430061615,2.0,2,2.6465470790863037,1.9866859912872314,0.0,0010111011001110100100001011,--+-+++-++--+++-+--+----+-++,0,False,"[[0.00011, 186.82195133], [0.005617, 174.03948567], [0.006112, 161.8334456], [0.023857, 158.42830675], [1.986686, 158.0945343], [2.645713, 158.0945343]]",37,quantum,1,
baseline,28,160.19006204180496,160.19006204180488,,2,12.79978609085083,0.006027936935424805,0.0,0111101000011010011110010100,-++++-+----++-+--++++--+-+--,0,False,"[[0.000158, 188.89697337], [0.004432, 185.51942062], [0.005225, 185.31761246], [0.006028, 160.19006204]]",38,quantum,1,
precond_pen=1.100,28,-1.7638714273330098,160.19006204180488,1.1,2,1.6479580402374268,0.024240970611572266,0.0,1000010111100101100001101011,+----+-++++--+-++----++-+-++,0,False,"[[0.000117, 188.89697337], [0.006167, 186.97078448], [0.006578, 162.78916538], [0.024241, 160.19006204]]",38,quantum,1,
precond_pen=1.200,28,-1.621671876578013,160.19006204180488,1.2,2,1.8364660739898682,0.007064104080200195,0.0,1000010111100101100001101011,+----+-++++--+-++----++-+-++,0,False,"[[0.000113, 188.89697337], [0.006512, 187.36568903], [0.007064, 160.19006204]]",38,quantum,1,
precond_pen=1.300,28,-1.507462444257003,160.19006204180488,1.3,2,1.9907889366149902,1.643970012664795,0.0,0111101000011010011110010100,-++++-+----++-+--++++--+-+--,0,False,"[[0.00013, 188.89697337], [0.006466, 182.71267841], [0.006887, 162.78916538], [1.64397, 160.19006204], [1.990046, 160.19006204]]",38,quantum,1,
precond_pen=1.400,28,-1.4136838841400063,160.19006204180488,1.4,2,1.8303558826446533,1.3791909217834473,0.0,1000010111100101100001101011,+----+-++++--+-++----++-+-++,0,False,"[[0.000112, 188.89697337], [0.005886, 188.52779515], [0.006482, 162.78916538], [1.273308, 162.42137804], [1.379191, 160.19006204], [1.8296, 160.19006204]]",38,quantum,1,
precond_pen=1.500,28,-1.335281999829986,160.19006204180488,1.5,2,2.1402089595794678,1.5885109901428223,0.0,1000010111100101100001101011,+----+-++++--+-++----++-+-++,0,False,"[[0.000109, 188.89697337], [0.005697, 184.00103508], [0.006189, 162.42137804], [1.588511, 160.19006204], [2.139392, 160.19006204]]",38,quantum,1,
precond_pen=1.600,28,-1.2687474382769803,160.19006204180488,1.6,2,2.0316200256347656,0.006368875503540039,0.0,1000010111100101100001101011,+----+-++++--+-++----++-+-++,0,False,"[[0.00012, 188.89697337], [0.005838, 186.20843984], [0.006369, 160.19006204]]",38,quantum,1,
precond_pen=1.700,28,-1.211566243562002,160.19006204180488,1.7,2,2.0332210063934326,1.4091529846191406,0.0,1000010111100101100001101011,+----+-++++--+-++----++-+-++,0,False,"[[0.000108, 188.89697337], [0.005418, 188.52779515], [0.006017, 162.78916538], [1.409153, 160.19006204], [2.032495, 160.19006204]]",38,quantum,1,
precond_pen=1.800,28,-1.161889225029002,160.19006204180488,1.8,2,1.855626106262207,1.553645133972168,0.0,1000010111100101100001101011,+----+-++++--+-++----++-+-++,0,False,"[[0.000105, 188.89697337], [0.005635, 188.52779515], [0.00622, 162.78916538], [1.390007, 162.42137804], [1.553645, 160.19006204], [1.853797, 160.19006204]]",38,quantum,1,
precond_pen=1.900,28,-1.1183262482190006,160.19006204180488,1.9,2,2.086583137512207,1.6979179382324219,0.0,0111101000011010011110010100,-++++-+----++-+--++++--+-+--,0,False,"[[0.000116, 188.89697337], [0.005446, 186.97078448], [0.005849, 162.78916538], [1.360049, 162.62053636], [1.360279, 162.41227885], [1.619914, 162.42137804], [1.697918, 160.19006204]]",38,quantum,1,
precond_pen=2.000,28,-1.0798110140499997,160.19006204180488,2.0,2,2.088710069656372,1.2941629886627197,0.0,1000010111100101100001101011,+----+-++++--+-++----++-+-++,0,False,"[[0.000121, 188.89697337], [0.005837, 186.50399678], [0.006277, 162.78916538], [1.294163, 160.19006204], [2.088041, 160.19006204]]",38,quantum,1,
baseline,28,170.5863814971919,170.58638149719218,,2,12.347661972045898,0.11182188987731934,0.0,1100111010111000111100000001,++--+++-+-+++---++++-------+,0,False,"[[0.0001, 200.39614847], [0.003881, 193.38095043], [0.004618, 192.67315426], [0.005282, 172.25536454], [0.111822, 170.5863815]]",39,quantum,1,
precond_pen=1.100,28,-1.6789568325659943,170.58638149719218,1.1,2,2.2276830673217773,1.5119528770446777,0.0,0011000101000111000011111110,--++---+-+---+++----+++++++-,0,False,"[[0.000106, 200.39614847], [0.006185, 183.60367852], [0.006705, 174.09946049], [0.025345, 172.25536454], [1.349198, 172.25329547], [1.511953, 170.5863815]]",39,quantum,1,
precond_pen=1.200,28,-1.5452705070029982,170.58638149719218,1.2,2,2.1752798557281494,0.006872892379760742,0.0,1100111010111000111100000001,++--+++-+-+++---++++-------+,0,False,"[[0.000106, 200.39614847], [0.006373, 184.86495358], [0.006873, 170.5863815]]",39,quantum,1,
precond_pen=1.300,28,-1.438016566186004,170.58638149719218,1.3,2,2.131923198699951,0.006715059280395508,0.0,1100111010111000111100000001,++--+++-+-+++---++++-------+,0,False,"[[0.000104, 200.39614847], [0.006178, 184.86495358], [0.006715, 170.5863815]]",39,quantum,1,
precond_pen=1.400,28,-1.35002811444701,170.58638149719218,1.4,2,2.0420420169830322,1.64320707321167,0.0,0011000101000111000011111110,--++---+-+---+++----+++++++-,0,False,"[[0.000108, 200.39614847], [0.0057, 185.63520077], [0.006398, 174.09946049], [0.02396, 172.25536454], [1.243397, 172.25329547], [1.324744, 171.21856463], [1.643207, 170.5863815], [2.040202, 170.5863815]]",39,quantum,1,
precond_pen=1.500,28,-1.276521978013987,170.58638149719218,1.5,2,2.2252731323242188,1.9605400562286377,0.0,0011000101000111000011111110,--++---+-+---+++----+++++++-,0,False,"[[0.000104, 200.39614847], [0.006034, 186.38076769], [0.00658, 174.09946049], [1.262964, 171.21856463], [1.96054, 170.5863815], [2.224408, 170.5863815]]",39,quantum,1,
precond_pen=1.600,28,-1.21418163670001,170.58638149719218,1.6,2,2.3747060298919678,2.320920944213867,0.0,1100111010111000111100000001,++--+++-+-+++---++++-------+,0,False,"[[0.000116, 200.39614847], [0.005709, 186.1586531], [0.00629, 172.25536454], [1.473712, 171.21856463], [2.320921, 170.5863815], [2.371733, 170.5863815]]",39,quantum,1,
precond_pen=1.700,28,-1.1606341554440078,170.58638149719218,1.7,2,2.145665168762207,1.2622640132904053,0.0,1100111010111000111100000001,++--+++-+-+++---++++-------+,0,False,"[[0.000118, 200.39614847], [0.006241, 190.58918097], [0.006808, 174.09946049], [0.026486, 172.25536454], [1.26187, 171.95058089], [1.262113, 171.21856463], [1.262264, 170.5863815], [2.144794, 170.5863815]]",39,quantum,1,
precond_pen=1.800,28,-1.1141360243710086,170.58638149719218,1.8,2,2.079582929611206,1.3756351470947266,0.0,1100111010111000111100000001,++--+++-+-+++---++++-------+,0,False,"[[0.000113, 200.39614847], [0.006268, 190.58918097], [0.006826, 174.09946049], [1.131147, 173.08689848], [1.300984, 172.00341852], [1.338268, 171.95058089], [1.375635, 170.5863815]]",39,quantum,1,
precond_pen=1.900,28,-1.0733774241600003,170.58638149719218,1.9,2,2.3869190216064453,1.3591909408569336,0.0,0011000101000111000011111110,--++---+-+---+++----+++++++-,0,False,"[[0.000124, 200.39614847], [0.006383, 190.58918097], [0.006986, 174.09946049], [0.028502, 172.25536454], [1.359191, 170.5863815], [2.386013, 170.5863815]]",39,quantum,1,
precond_pen=2.000,28,-1.0373547359309931,170.58638149719218,2.0,2,1.9690790176391602,0.024950027465820312,0.0,1100111010111000111100000001,++--+++-+-+++---++++-------+,0,False,"[[0.00011, 200.39614847], [0.00589, 190.58918097], [0.006406, 174.09946049], [0.02495, 170.5863815]]",39,quantum,1,
baseline,28,168.70974555732,168.7097455573197,,2,14.30159592628479,12.446643829345703,0.0,1110011000010110101110000110,+++--++----+-++-+-+++----++-,0,False,"[[0.000103, 197.01518744], [0.004738, 196.91269363], [0.005162, 170.15739719], [0.112176, 169.11585902], [12.446644, 168.70974556]]",40,quantum,1,
precond_pen=1.100,28,-1.5432387728490014,168.7097455573197,1.1,2,3.067337989807129,0.024798154830932617,0.0,0001100111101001010001111001,---++--++++-+--+-+---++++--+,0,False,"[[0.00012, 197.01518744], [0.005712, 189.99929633], [0.006169, 169.31729296], [0.024798, 168.70974556]]",40,quantum,1,
precond_pen=1.200,28,-1.4245204601900063,168.7097455573197,1.2,2,3.4786579608917236,3.096618890762329,0.0,0001100111101001010001111001,---++--++++-+--+-+---++++--+,0,False,"[[0.000111, 197.01518744], [0.005661, 195.8249739], [0.006067, 170.15739719], [0.028273, 169.17599727], [1.802679, 169.11585902], [3.096619, 168.70974556], [3.476643, 168.70974556]]",40,quantum,1,
precond_pen=1.300,28,-1.329228376618996,168.7097455573197,1.3,2,3.469564914703369,0.024151086807250977,0.0,0001100111101001010001111001,---++--++++-+--+-+---++++--+,0,False,"[[0.00011, 197.01518744], [0.00589, 193.0355621], [0.006558, 170.15739719], [0.024151, 168.70974556]]",40,quantum,1,
precond_pen=1.400,28,-1.2510235552179925,168.7097455573197,1.4,2,3.392454147338867,0.006051063537597656,0.0,0001100111101001010001111001,---++--++++-+--+-+---++++--+,0,False,"[[0.000101, 197.01518744], [0.005538, 189.67970207], [0.006051, 168.70974556]]",40,quantum,1,
precond_pen=1.500,28,-1.1856715107879943,168.7097455573197,1.5,2,3.3847169876098633,3.201763153076172,0.0,1110011000010110101110000110,+++--++----+-++-+-+++----++-,0,False,"[[0.000106, 197.01518744], [0.005546, 189.33305217], [0.00618, 169.11585902], [3.201763, 168.70974556], [3.38395, 168.70974556]]",40,quantum,1,
precond_pen=1.600,28,-1.1302337182299915,168.7097455573197,1.6,2,3.548022985458374,0.006845951080322266,0.0,0001100111101001010001111001,---++--++++-+--+-+---++++--+,0,False,"[[0.0001, 197.01518744], [0.006219, 190.20864788], [0.006846, 168.70974556]]",40,quantum,1,
precond_pen=1.700,28,-1.082606248058008,168.7097455573197,1.7,2,3.782057046890259,0.008363008499145508,0.0,0001100111101001010001111001,---++--++++-+--+-+---++++--+,0,False,"[[0.000101, 197.01518744], [0.007821, 187.64603117], [0.008363, 168.70974556]]",40,quantum,1,
precond_pen=1.800,28,-1.0412427208789872,168.7097455573197,1.8,2,3.610153913497925,0.00615692138671875,0.0,0001100111101001010001111001,---++--++++-+--+-+---++++--+,0,False,"[[0.000109, 197.01518744], [0.005609, 188.48532216], [0.006157, 168.70974556]]",40,quantum,1,
precond_pen=1.900,28,-1.0049805669130123,168.7097455573197,1.9,2,3.439862012863159,1.6715881824493408,0.0,0001100111101001010001111001,---++--++++-+--+-+---++++--+,0,False,"[[0.000102, 197.01518744], [0.00659, 193.38703015], [0.006989, 170.15739719], [0.02546, 169.11585902], [1.671588, 168.70974556]]",40,quantum,1,
precond_pen=2.000,28,-0.9729286984210095,168.7097455573197,2.0,2,3.3916749954223633,0.005908012390136719,0.0,1110011000010110101110000110,+++--++----+-++-+-+++----++-,0,False,"[[0.0001, 197.01518744], [0.005393, 193.46100314], [0.005908, 168.70974556]]",40,quantum,1,
baseline,28,177.84411758246208,177.8441175824623,,2,21.414451122283936,20.141075134277344,0.0,1001101101011001110000000111,+--++-++-+-++--+++-------+++,0,False,"[[0.000104, 199.10912158], [0.004605, 181.20750419], [0.110786, 178.56794896], [7.506151, 177.93862857], [20.141075, 177.84411758], [21.41238, 177.84411758]]",41,quantum,1,
precond_pen=1.100,28,-1.534599234729006,177.8441175824623,1.1,2,3.069194793701172,0.006217002868652344,0.0,1001101101011001110000000111,+--++-++-+-++--+++-------+++,0,False,"[[0.000109, 199.10912158], [0.005796, 193.87071718], [0.006217, 177.84411758]]",41,quantum,1,
precond_pen=1.200,28,-1.41483328604399,177.8441175824623,1.2,2,3.502058982849121,1.9350380897521973,0.0,1001101101011001110000000111,+--++-++-+-++--+++-------+++,0,False,"[[0.000118, 199.10912158], [0.006147, 181.20750419], [0.02602, 179.62672684], [1.390616, 178.56794896], [1.741925, 178.09044128], [1.935038, 177.84411758], [3.501221, 177.84411758]]",41,quantum,1,
precond_pen=1.300,28,-1.3190817657550031,177.8441175824623,1.3,2,3.500041961669922,1.6387228965759277,0.0,0110010010100110001111111000,-++--+--+-+--++---+++++++---,0,False,"[[0.000106, 199.10912158], [0.006038, 198.88763287], [0.006434, 178.71474288], [1.638493, 178.48606113], [1.638723, 177.84411758], [3.499211, 177.84411758]]",41,quantum,1,
precond_pen=1.400,28,-1.2407484162349878,177.8441175824623,1.4,2,3.6613810062408447,2.1280360221862793,0.0,1001101101011001110000000111,+--++-++-+-++--+++-------+++,0,False,"[[0.000107, 199.10912158], [0.006017, 181.20750419], [1.368261, 181.06557383], [1.368542, 180.93363337], [1.368652, 180.4983892], [1.442143, 179.22461594], [1.572538, 178.75390209], [2.00421, 178.09044128], [2.128036, 177.84411758], [3.65975, 177.84411758]]",41,quantum,1,
precond_pen=1.500,28,-1.1754572596330117,177.8441175824623,1.5,2,3.1700968742370605,0.006079912185668945,0.0,1001101101011001110000000111,+--++-++-+-++--+++-------+++,0,False,"[[0.000111, 199.10912158], [0.005674, 194.05122281], [0.00608, 177.84411758]]",41,quantum,1,
precond_pen=1.600,28,-1.1201888943860094,177.8441175824623,1.6,2,3.4182329177856445,2.9132540225982666,0.0,1001101101011001110000000111,+--++-++-+-++--+++-------+++,0,False,"[[0.000114, 199.10912158], [0.006166, 181.20750419], [1.43602, 180.14552391], [1.50263, 178.71474288], [1.532776, 177.93862857], [2.913254, 177.84411758], [3.416435, 177.84411758]]",41,quantum,1,
precond_pen=1.700,28,-1.0727919950480036,177.8441175824623,1.7,2,3.523409843444824,1.5955679416656494,0.0,0110010010100110001111111000,-++--+--+-+--++---+++++++---,0,False,"[[0.000112, 199.10912158], [0.005719, 198.01161725], [0.006127, 178.7174828], [1.37141, 178.71474288], [1.498032, 178.55396867], [1.595568, 177.84411758], [3.522599, 177.84411758]]",41,quantum,1,
precond_pen=1.800,28,-1.0316914918609967,177.8441175824623,1.8,2,3.3251590728759766,1.4389820098876953,0.0,0110010010100110001111111000,-++--+--+-+--++---+++++++---,0,False,"[[0.000113, 199.10912158], [0.00661, 198.95882062], [0.007142, 178.75390209], [1.438757, 178.48606113], [1.438982, 177.84411758], [3.324358, 177.84411758]]",41,quantum,1,
precond_pen=1.900,28,-0.9957070290809842,177.8441175824623,1.9,2,3.5448811054229736,1.7015841007232666,0.0,0110010010100110001111111000,-++--+--+-+--++---+++++++---,0,False,"[[0.00011, 199.10912158], [0.005896, 181.20750419], [1.298375, 179.94234046], [1.364234, 179.01174337], [1.465706, 178.56794896], [1.640064, 178.48606113], [1.640254, 177.93862857], [1.701584, 177.84411758], [3.543944, 177.84411758]]",41,quantum,1,
precond_pen=2.000,28,-0.9639368684140148,177.8441175824623,2.0,2,3.901492118835449,2.0325400829315186,0.0,0110010010100110001111111000,-++--+--+-+--++---+++++++---,0,False,"[[0.000108, 199.10912158], [0.005948, 181.20750419], [1.35473, 179.48187829], [1.35495, 179.45220424], [1.355077, 178.75390209], [2.03254, 177.84411758]]",41,quantum,1,
baseline,28,167.32008674962705,167.32008674962708,,2,18.97521209716797,8.748575925827026,0.0,1110110000001111100110011000,+++-++------+++++--++--++---,0,False,"[[0.000158, 186.6096884], [0.007485, 168.62482093], [5.525697, 168.52695443], [5.633152, 167.68706517], [8.748576, 167.32008675]]",42,quantum,1,
precond_pen=1.100,28,-1.5356029357949925,167.32008674962708,1.1,2,3.102609872817993,1.274190902709961,0.0,0001001111110000011001100111,---+--++++++-----++--++--+++,0,False,"[[0.00011, 186.6096884], [0.005951, 181.76871962], [0.006482, 167.68706517], [1.274191, 167.32008675], [3.101809, 167.32008675]]",42,quantum,1,
precond_pen=1.200,28,-1.4187058699060007,167.32008674962708,1.2,2,3.3040578365325928,1.9064679145812988,0.0,0001001111110000011001100111,---+--++++++-----++--++--+++,0,False,"[[0.000108, 186.6096884], [0.00623, 168.62482093], [1.906468, 167.32008675], [3.303214, 167.32008675]]",42,quantum,1,
precond_pen=1.300,28,-1.324706126279997,167.32008674962708,1.3,2,3.199159860610962,2.8400819301605225,0.0,0001001111110000011001100111,---+--++++++-----++--++--+++,0,False,"[[0.000111, 186.6096884], [0.005768, 184.8273217], [0.006368, 167.68706517], [2.840082, 167.32008675]]",42,quantum,1,
precond_pen=1.400,28,-1.2474484121690015,167.32008674962708,1.4,2,3.215988874435425,1.6489670276641846,0.0,1110110000001111100110011000,+++-++------+++++--++--++---,0,False,"[[0.000109, 186.6096884], [0.005868, 185.81479581], [0.006493, 167.68706517], [1.648967, 167.32008675]]",42,quantum,1,
precond_pen=1.500,28,-1.182808702768984,167.32008674962708,1.5,2,2.961007833480835,1.6805450916290283,0.0,1110110000001111100110011000,+++-++------+++++--++--++---,0,False,"[[0.000106, 186.6096884], [0.005557, 183.54090343], [0.006156, 167.68706517], [1.680545, 167.32008675]]",42,quantum,1,
precond_pen=1.600,28,-1.1279183487719955,167.32008674962708,1.6,2,3.850959062576294,1.6689929962158203,0.0,1110110000001111100110011000,+++-++------+++++--++--++---,0,False,"[[0.000107, 186.6096884], [0.005619, 185.36344441], [0.006077, 168.77980759], [1.668993, 167.32008675], [3.850119, 167.32008675]]",42,quantum,1,
precond_pen=1.700,28,-1.0807192995600055,167.32008674962708,1.7,2,3.5870580673217773,2.213200092315674,0.0,1110110000001111100110011000,+++-++------+++++--++--++---,0,False,"[[0.000102, 186.6096884], [0.005593, 186.65661503], [0.006201, 167.68706517], [2.2132, 167.32008675], [3.586264, 167.32008675]]",42,quantum,1,
precond_pen=1.800,28,-1.0396962193829946,167.32008674962708,1.8,2,3.276831865310669,1.1960880756378174,0.0,0001001111110000011001100111,---+--++++++-----++--++--+++,0,False,"[[0.0001, 186.6096884], [0.005618, 168.62482093], [1.196088, 167.32008675], [3.276055, 167.32008675]]",42,quantum,1,
precond_pen=1.900,28,-1.0037082846159908,167.32008674962708,1.9,2,3.7823851108551025,3.7127280235290527,0.0,1110110000001111100110011000,+++-++------+++++--++--++---,0,False,"[[9.9e-05, 186.6096884], [0.006386, 185.81479581], [0.006967, 167.68706517], [3.712728, 167.32008675]]",42,quantum,1,
precond_pen=2.000,28,-0.9718797850360037,167.32008674962708,2.0,2,3.437972068786621,1.525400161743164,0.0,1110110000001111100110011000,+++-++------+++++--++--++---,0,False,"[[9.9e-05, 186.6096884], [0.005281, 185.68040984], [0.005659, 173.10722956], [0.022965, 171.83948158], [1.525161, 170.1408934], [1.5254, 167.32008675], [3.437189, 167.32008675]]",42,quantum,1,
baseline,28,166.26714621420618,166.2671462142061,,2,12.799515962600708,0.005216836929321289,0.0,1000110101011101001110001100,+---++-+-+-+++-+--+++---++--,0,False,"[[0.000103, 197.12455308], [0.004384, 196.53529027], [0.005217, 166.26714621]]",43,quantum,1,
precond_pen=1.100,28,-1.7984541233759952,166.2671462142061,1.1,2,1.5389699935913086,0.00625300407409668,0.0,0111001010100010110001110011,-+++--+-+-+---+-++---+++--++,0,False,"[[0.000138, 197.12455308], [0.005809, 189.63895341], [0.006253, 166.26714621]]",43,quantum,1,
precond_pen=1.200,28,-1.650397651772991,166.2671462142061,1.2,2,1.292952060699463,0.007502079010009766,0.0,0111001010100010110001110011,-+++--+-+-+---+-++---+++--++,0,False,"[[0.000109, 197.12455308], [0.007071, 190.09759629], [0.007502, 166.26714621]]",43,quantum,1,
precond_pen=1.300,28,-1.531853622060007,166.2671462142061,1.3,2,1.5035748481750488,0.006361961364746094,0.0,0111001010100010110001110011,-+++--+-+-+---+-++---+++--++,0,False,"[[0.000117, 197.12455308], [0.005928, 189.63895341], [0.006362, 166.26714621]]",43,quantum,1,
precond_pen=1.400,28,-1.4347611159030063,166.2671462142061,1.4,2,1.615921974182129,0.0063037872314453125,0.0,0111001010100010110001110011,-+++--+-+-+---+-++---+++--++,0,False,"[[0.000106, 197.12455308], [0.005528, 196.86327412], [0.005896, 183.54764401], [0.006304, 166.26714621]]",43,quantum,1,
precond_pen=1.500,28,-1.3537585938689904,166.2671462142061,1.5,2,1.4108178615570068,0.006230831146240234,0.0,0111001010100010110001110011,-+++--+-+-+---+-++---+++--++,0,False,"[[0.000104, 197.12455308], [0.005777, 183.11178774], [0.006231, 166.26714621]]",43,quantum,1,
precond_pen=1.600,28,-1.2851381390140002,166.2671462142061,1.6,2,1.447822093963623,0.006115913391113281,0.0,0111001010100010110001110011,-+++--+-+-+---+-++---+++--++,0,False,"[[0.000119, 197.12455308], [0.005662, 189.63895341], [0.006116, 166.26714621]]",43,quantum,1,
precond_pen=1.700,28,-1.2262534031460124,166.2671462142061,1.7,2,1.5459721088409424,0.006410121917724609,0.0,0111001010100010110001110011,-+++--+-+-+---+-++---+++--++,0,False,"[[0.000157, 197.12455308], [0.005968, 189.36652768], [0.00641, 166.26714621]]",43,quantum,1,
precond_pen=1.800,28,-1.1751633234199979,166.2671462142061,1.8,2,1.5020389556884766,0.0062999725341796875,0.0,0111001010100010110001110011,-+++--+-+-+---+-++---+++--++,0,False,"[[0.000164, 197.12455308], [0.005894, 188.96215643], [0.0063, 166.26714621]]",43,quantum,1,
precond_pen=1.900,28,-1.1304126328469994,166.2671462142061,1.9,2,1.5127558708190918,0.0064868927001953125,0.0,0111001010100010110001110011,-+++--+-+-+---+-++---+++--++,0,False,"[[0.00017, 197.12455308], [0.005936, 188.53026787], [0.006487, 166.26714621]]",43,quantum,1,
precond_pen=2.000,28,-1.0908872056399979,166.2671462142061,2.0,2,1.6216440200805664,0.006237983703613281,0.0,0111001010100010110001110011,-+++--+-+-+---+-++---+++--++,0,False,"[[0.000158, 197.12455308], [0.00579, 189.36652768], [0.006238, 166.26714621]]",43,quantum,1,
baseline,28,161.22225038190803,161.2222503819082,,2,12.673572778701782,0.10979294776916504,0.0,1010000101110111001000110011,+-+----+-+++-+++--+---++--++,0,False,"[[0.000153, 189.84504944], [0.004743, 166.1887532], [0.109793, 161.22225038]]",44,quantum,1,
precond_pen=1.100,28,-1.7436379995310105,161.2222503819082,1.1,2,1.8515739440917969,1.37630295753479,0.0,0101111010001000110111001100,-+-++++-+---+---++-+++--++--,0,False,"[[0.000101, 189.84504944], [0.006386, 178.36635137], [0.006829, 166.1887532], [1.15074, 163.14912786], [1.308565, 162.94714788], [1.308783, 162.46263276], [1.339832, 162.25244108], [1.339969, 161.99992301], [1.376092, 161.64772345], [1.376303, 161.22225038], [1.850826, 161.22225038]]",44,quantum,1,
precond_pen=1.200,28,-1.6014367733749832,161.2222503819082,1.2,2,2.0467920303344727,0.006730079650878906,0.0,1010000101110111001000110011,+-+----+-+++-+++--+---++--++,0,False,"[[0.000151, 189.84504944], [0.006178, 179.1135649], [0.00673, 161.22225038]]",44,quantum,1,
precond_pen=1.300,28,-1.487643150110987,161.2222503819082,1.3,2,1.8741469383239746,0.02543497085571289,0.0,0101111010001000110111001100,-+-++++-+---+---++-+++--++--,0,False,"[[0.000109, 189.84504944], [0.00604, 183.27371516], [0.006443, 161.64772345], [0.025435, 161.22225038]]",44,quantum,1,
precond_pen=1.400,28,-1.3944772452649872,161.2222503819082,1.4,2,2.01977801322937,1.6637709140777588,0.0,0101111010001000110111001100,-+-++++-+---+---++-+++--++--,0,False,"[[0.000142, 189.84504944], [0.007518, 179.28874224], [0.007938, 161.64772345], [1.663771, 161.22225038]]",44,quantum,1,
precond_pen=1.500,28,-1.316771355212989,161.2222503819082,1.5,2,2.0067710876464844,1.8204600811004639,0.0,1010000101110111001000110011,+-+----+-+++-+++--+---++--++,0,False,"[[0.000106, 189.84504944], [0.007965, 182.95880051], [0.008528, 165.79816976], [0.025001, 164.84325124], [1.206465, 161.99992301], [1.574432, 161.7956403], [1.760414, 161.64772345], [1.82046, 161.22225038]]",44,quantum,1,
precond_pen=1.600,28,-1.2509564653659968,161.2222503819082,1.6,2,1.92020583152771,0.0067768096923828125,0.0,1010000101110111001000110011,+-+----+-+++-+++--+---++--++,0,False,"[[0.000135, 189.84504944], [0.00621, 184.52164932], [0.006777, 161.22225038]]",44,quantum,1,
precond_pen=1.700,28,-1.1944868296499767,161.2222503819082,1.7,2,1.9250669479370117,0.006166934967041016,0.0,1010000101110111001000110011,+-+----+-+++-+++--+---++--++,0,False,"[[0.000109, 189.84504944], [0.005642, 183.40946018], [0.006167, 161.22225038]]",44,quantum,1,
precond_pen=1.800,28,-1.145497152105012,161.2222503819082,1.8,2,1.8918571472167969,0.006256103515625,0.0,1010000101110111001000110011,+-+----+-+++-+++--+---++--++,0,False,"[[0.000115, 189.84504944], [0.005722, 186.00874734], [0.006256, 161.22225038]]",44,quantum,1,
precond_pen=1.900,28,-1.1025889214119946,161.2222503819082,1.9,2,2.13713002204895,1.9533870220184326,0.0,0101111010001000110111001100,-+-++++-+---+---++-+++--++--,0,False,"[[0.000111, 189.84504944], [0.00592, 178.81872949], [0.006328, 163.72841849], [1.145864, 161.64772345], [1.953387, 161.22225038], [2.136355, 161.22225038]]",44,quantum,1,
precond_pen=2.000,28,-1.0646924620789964,161.2222503819082,2.0,2,2.0860579013824463,0.006155967712402344,0.0,1010000101110111001000110011,+-+----+-+++-+++--+---++--++,0,False,"[[0.00011, 189.84504944], [0.005667, 182.62461166], [0.006156, 161.22225038]]",44,quantum,1,
baseline,28,167.39843630694406,167.39843630694392,,2,12.437638998031616,0.005452156066894531,0.0,0100100011100011110011101010,-+--+---+++---++++--+++-+-+-,0,False,"[[0.000125, 191.72589128], [0.004002, 188.40957996], [0.005452, 167.39843631]]",45,quantum,1,
precond_pen=1.100,28,-1.743989695368004,167.39843630694392,1.1,2,1.884105920791626,0.02402186393737793,0.0,1011011100011100001100010101,+-++-+++---+++----++---+-+-+,0,False,"[[0.000113, 191.72589128], [0.006111, 190.51277787], [0.006628, 168.13929938], [0.024022, 167.39843631]]",45,quantum,1,
precond_pen=1.200,28,-1.6015591725719958,167.39843630694392,1.2,2,2.0941929817199707,0.0065038204193115234,0.0,1011011100011100001100010101,+-++-+++---+++----++---+-+-+,0,False,"[[0.000108, 191.72589128], [0.005969, 186.32810656], [0.006504, 167.39843631]]",45,quantum,1,
precond_pen=1.300,28,-1.4875752414089956,167.39843630694392,1.3,2,1.9305570125579834,0.0076978206634521484,0.0,1011011100011100001100010101,+-++-+++---+++----++---+-+-+,0,False,"[[0.000109, 191.72589128], [0.007698, 167.39843631]]",45,quantum,1,
precond_pen=1.400,28,-1.394256097769997,167.39843630694392,1.4,2,1.919677972793579,0.006370067596435547,0.0,1011011100011100001100010101,+-++-+++---+++----++---+-+-+,0,False,"[[0.000113, 191.72589128], [0.00637, 167.39843631]]",45,quantum,1,
precond_pen=1.500,28,-1.3164288114430018,167.39843630694392,1.5,2,1.927799940109253,0.025131940841674805,0.0,0100100011100011110011101010,-+--+---+++---++++--+++-+-+-,0,False,"[[0.000127, 191.72589128], [0.005719, 189.54305834], [0.006231, 168.13929938], [0.025132, 167.39843631]]",45,quantum,1,
precond_pen=1.600,28,-1.250518555583998,167.39843630694392,1.6,2,1.803196907043457,0.006181955337524414,0.0,1011011100011100001100010101,+-++-+++---+++----++---+-+-+,0,False,"[[0.000112, 191.72589128], [0.006182, 167.39843631]]",45,quantum,1,
precond_pen=1.700,28,-1.1939743886289929,167.39843630694392,1.7,2,2.0489490032196045,0.006485939025878906,0.0,1011011100011100001100010101,+-++-+++---+++----++---+-+-+,0,False,"[[0.000111, 191.72589128], [0.0058, 191.12659414], [0.006486, 167.39843631]]",45,quantum,1,
precond_pen=1.800,28,-1.144926891332993,167.39843630694392,1.8,2,2.0837790966033936,0.0062181949615478516,0.0,1011011100011100001100010101,+-++-+++---+++----++---+-+-+,0,False,"[[0.000109, 191.72589128], [0.006218, 167.39843631]]",45,quantum,1,
precond_pen=1.900,28,-1.1019740778279896,167.39843630694392,1.9,2,2.0713019371032715,0.006006956100463867,0.0,1011011100011100001100010101,+-++-+++---+++----++---+-+-+,0,False,"[[0.000111, 191.72589128], [0.006007, 167.39843631]]",45,quantum,1,
precond_pen=2.000,28,-1.0640437766190054,167.39843630694392,2.0,2,2.002638101577759,0.0061740875244140625,0.0,1011011100011100001100010101,+-++-+++---+++----++---+-+-+,0,False,"[[0.000116, 191.72589128], [0.006174, 167.39843631]]",45,quantum,1,
baseline,28,157.11188936547697,157.11188936547674,,2,13.136339902877808,0.005356788635253906,0.0,1100111011100001010010100110,++--+++-+++----+-+--+-+--++-,0,False,"[[0.000111, 176.15312436], [0.004294, 175.66128181], [0.004652, 175.16665751], [0.005357, 157.11188937]]",46,quantum,1,
precond_pen=1.100,28,-1.6460961412140076,157.11188936547674,1.1,2,2.6274921894073486,0.006361961364746094,0.0,0011000100011110101101011001,--++---+---++++-+-++-+-++--+,0,False,"[[0.000111, 176.15312436], [0.005934, 162.27830363], [0.006362, 157.11188937]]",46,quantum,1,
precond_pen=1.200,28,-1.517664475750987,157.11188936547674,1.2,2,2.754861831665039,0.025453805923461914,0.0,1100111011100001010010100110,++--+++-+++----+-+--+-+--++-,0,False,"[[0.000107, 176.15312436], [0.007289, 174.21718361], [0.007731, 159.48429686], [0.025454, 157.11188937]]",46,quantum,1,
precond_pen=1.300,28,-1.414321268132987,157.11188936547674,1.3,2,2.9074480533599854,0.02336907386779785,0.0,1100111011100001010010100110,++--+++-+++----+-+--+-+--++-,0,False,"[[0.00011, 176.15312436], [0.005723, 172.10279616], [0.006217, 159.48429686], [0.023369, 157.11188937]]",46,quantum,1,
precond_pen=1.400,28,-1.3293394757639998,157.11188936547674,1.4,2,2.9789209365844727,0.006403923034667969,0.0,0011000100011110101101011001,--++---+---++++-+-++-+-++--+,0,False,"[[0.000109, 176.15312436], [0.005917, 168.60295503], [0.006404, 157.11188937]]",46,quantum,1,
precond_pen=1.500,28,-1.258206345158996,157.11188936547674,1.5,2,2.735337972640991,0.024662017822265625,0.0,1100111011100001010010100110,++--+++-+++----+-+--+-+--++-,0,False,"[[0.000116, 176.15312436], [0.005838, 173.63405189], [0.006254, 159.48429686], [0.024662, 157.11188937]]",46,quantum,1,
precond_pen=1.600,28,-1.1977802504329986,157.11188936547674,1.6,2,2.821589946746826,0.0233609676361084,0.0,1100111011100001010010100110,++--+++-+++----+-+--+-+--++-,0,False,"[[0.000106, 176.15312436], [0.005448, 172.98400416], [0.005849, 159.48429686], [0.023361, 157.11188937]]",46,quantum,1,
precond_pen=1.700,28,-1.1458053292729868,157.11188936547674,1.7,2,2.9198288917541504,0.027766942977905273,0.0,1100111011100001010010100110,++--+++-+++----+-+--+-+--++-,0,False,"[[0.000114, 176.15312436], [0.005636, 171.1247478], [0.00605, 159.48429686], [0.027767, 157.11188937]]",46,quantum,1,
precond_pen=1.800,28,-1.100619310476997,157.11188936547674,1.8,2,2.753465175628662,0.02387404441833496,0.0,1100111011100001010010100110,++--+++-+++----+-+--+-+--++-,0,False,"[[0.000107, 176.15312436], [0.005798, 172.03897106], [0.006306, 159.48429686], [0.023874, 157.11188937]]",46,quantum,1,
precond_pen=1.900,28,-1.0609702896749997,157.11188936547674,1.9,2,2.870723009109497,0.006106853485107422,0.0,0011000100011110101101011001,--++---+---++++-+-++-+-++--+,0,False,"[[0.000108, 176.15312436], [0.00568, 170.21348574], [0.006107, 157.11188937]]",46,quantum,1,
precond_pen=2.000,28,-1.025896918101001,157.11188936547674,2.0,2,2.8773038387298584,0.005796909332275391,0.0,0011000100011110101101011001,--++---+---++++-+-++-+-++--+,0,False,"[[0.000106, 176.15312436], [0.005378, 172.48404121], [0.005797, 157.11188937]]",46,quantum,1,
baseline,28,170.04519229797495,170.0451922979749,,2,13.445413827896118,0.11351895332336426,0.0,0000111100100000111111101100,----++++--+-----+++++++-++--,0,False,"[[0.000114, 189.77411453], [0.005043, 172.70389659], [0.113519, 170.0451923]]",47,quantum,1,
precond_pen=1.100,28,-1.6690323892430037,170.0451922979749,1.1,2,2.680716037750244,2.2155959606170654,0.0,1111000011011111000000010011,++++----++-+++++-------+--++,0,False,"[[0.000108, 189.77411453], [0.006363, 188.792461], [0.00689, 171.03872185], [2.215596, 170.0451923]]",47,quantum,1,
precond_pen=1.200,28,-1.5348593134710136,170.0451922979749,1.2,2,2.433542013168335,2.064785957336426,0.0,1111000011011111000000010011,++++----++-+++++-------+--++,0,False,"[[0.000107, 189.77411453], [0.006077, 189.09468937], [0.006624, 171.03872185], [2.064786, 170.0451923], [2.431848, 170.0451923]]",47,quantum,1,
precond_pen=1.300,28,-1.4275104275450001,170.0451922979749,1.3,2,2.5264880657196045,1.434648036956787,0.0,1111000011011111000000010011,++++----++-+++++-------+--++,0,False,"[[0.000105, 189.77411453], [0.006471, 172.70389659], [1.434442, 172.56464742], [1.434648, 170.0451923], [2.525682, 170.0451923]]",47,quantum,1,
precond_pen=1.400,28,-1.3396367090810095,170.0451922979749,1.4,2,2.5075559616088867,1.948380947113037,0.0,0000111100100000111111101100,----++++--+-----+++++++-++--,0,False,"[[0.000104, 189.77411453], [0.006274, 172.70389659], [1.293486, 172.31839292], [1.376817, 171.68020052], [1.845341, 171.13644384], [1.910494, 171.03872185], [1.948381, 170.0451923], [2.505378, 170.0451923]]",47,quantum,1,
precond_pen=1.500,28,-1.2663570027870037,170.0451922979749,1.5,2,2.687537908554077,2.3398609161376953,0.0,1111000011011111000000010011,++++----++-+++++-------+--++,0,False,"[[0.000167, 189.77411453], [0.00678, 188.792461], [0.007292, 171.03872185], [2.339861, 170.0451923], [2.686755, 170.0451923]]",47,quantum,1,
precond_pen=1.600,28,-1.2043003239270007,170.0451922979749,1.6,2,2.5081489086151123,1.599661111831665,0.0,1111000011011111000000010011,++++----++-+++++-------+--++,0,False,"[[0.000102, 189.77411453], [0.005762, 172.70389659], [1.510712, 172.47773298], [1.599661, 170.0451923]]",47,quantum,1,
precond_pen=1.700,28,-1.1510627280699985,170.0451922979749,1.7,2,2.577082872390747,1.5448968410491943,0.0,1111000011011111000000010011,++++----++-+++++-------+--++,0,False,"[[0.000116, 189.77411453], [0.005992, 172.70389659], [1.387147, 172.6421468], [1.387349, 172.17802272], [1.544897, 170.0451923]]",47,quantum,1,
precond_pen=1.800,28,-1.1048829387950203,170.0451922979749,1.8,2,2.4279839992523193,1.5786969661712646,0.0,0000111100100000111111101100,----++++--+-----+++++++-++--,0,False,"[[9.9e-05, 189.77411453], [0.005638, 186.50692182], [0.006126, 171.03872185], [1.578697, 170.0451923], [2.427169, 170.0451923]]",47,quantum,1,
precond_pen=1.900,28,-1.0644404252219974,170.0451922979749,1.9,2,2.3479390144348145,1.4704961776733398,0.0,1111000011011111000000010011,++++----++-+++++-------+--++,0,False,"[[0.0001, 189.77411453], [0.005588, 186.50692182], [0.006076, 171.03872185], [1.470496, 170.0451923]]",47,quantum,1,
precond_pen=2.000,28,-1.0287258765740095,170.0451922979749,2.0,2,2.545315980911255,1.7941899299621582,0.0,0000111100100000111111101100,----++++--+-----+++++++-++--,0,False,"[[0.00011, 189.77411453], [0.005892, 186.84059927], [0.006499, 171.03872185], [1.79419, 170.0451923], [2.544533, 170.0451923]]",47,quantum,1,
baseline,28,169.15060624441494,169.15060624441492,,2,15.669043064117432,0.00551605224609375,0.0,1110010101000010010010011111,+++--+-+-+----+--+--+--+++++,0,False,"[[0.000104, 183.97429537], [0.004201, 181.49585972], [0.005516, 169.15060624]]",48,quantum,1,
precond_pen=1.100,28,-1.6775855610530073,169.15060624441492,1.1,2,2.628363847732544,1.9760079383850098,0.0,1110010101000010010010011111,+++--+-+-+----+--+--+--+++++,0,False,"[[0.000156, 183.97429537], [0.006597, 172.9327147], [1.207007, 170.06939131], [1.402986, 169.66039868], [1.915014, 169.73768898], [1.976008, 169.15060624]]",48,quantum,1,
precond_pen=1.200,28,-1.5436472084530095,169.15060624441492,1.2,2,2.249222993850708,1.2971420288085938,0.0,0001101010111101101101100000,---++-+-+-++++-++-++-++-----,0,False,"[[0.000161, 183.97429537], [0.006823, 172.9327147], [1.136869, 170.06939131], [1.137129, 169.66039868], [1.296934, 169.39954655], [1.297142, 169.15060624], [2.248424, 169.15060624]]",48,quantum,1,
precond_pen=1.300,28,-1.4362830303169876,169.15060624441492,1.3,2,2.2778730392456055,1.5660769939422607,0.0,0001101010111101101101100000,---++-+-+-++++-++-++-++-----,0,False,"[[0.000101, 183.97429537], [0.006081, 172.9327147], [1.108295, 171.24864717], [1.173811, 170.58531067], [1.227987, 169.66039868], [1.566077, 169.15060624], [2.277052, 169.15060624]]",48,quantum,1,
precond_pen=1.400,28,-1.348260634077997,169.15060624441492,1.4,2,2.561211109161377,1.47969388961792,0.0,0001101010111101101101100000,---++-+-+-++++-++-++-++-----,0,False,"[[0.000112, 183.97429537], [0.006061, 172.9327147], [1.35695, 170.40185606], [1.357154, 170.06939131], [1.453456, 169.39954655], [1.479694, 169.15060624], [2.560434, 169.15060624]]",48,quantum,1,
precond_pen=1.500,28,-1.2747620986020145,169.15060624441492,1.5,2,2.509615182876587,1.5499911308288574,0.0,1110010101000010010010011111,+++--+-+-+----+--+--+--+++++,0,False,"[[0.000105, 183.97429537], [0.005997, 172.9327147], [1.325438, 172.40585588], [1.378841, 170.06939131], [1.549751, 169.73768898], [1.549991, 169.15060624], [2.508805, 169.15060624]]",48,quantum,1,
precond_pen=1.600,28,-1.2124523168759982,169.15060624441492,1.6,2,2.848945140838623,2.7388010025024414,0.0,1110010101000010010010011111,+++--+-+-+----+--+--+--+++++,0,False,"[[0.000109, 183.97429537], [0.006975, 172.9327147], [1.324418, 169.73768898], [2.4597, 169.66039868], [2.656724, 169.39954655], [2.738801, 169.15060624]]",48,quantum,1,
precond_pen=1.700,28,-1.158947814981003,169.15060624441492,1.7,2,2.44309401512146,1.560615062713623,0.0,1110010101000010010010011111,+++--+-+-+----+--+--+--+++++,0,False,"[[0.000104, 183.97429537], [0.006915, 172.9327147], [1.156152, 171.05396947], [1.207032, 170.93077237], [1.207202, 170.06939131], [1.481059, 169.94405881], [1.518844, 169.39954655], [1.560615, 169.15060624], [2.442264, 169.15060624]]",48,quantum,1,
precond_pen=1.800,28,-1.1124988764360015,169.15060624441492,1.8,2,2.627558946609497,1.5277068614959717,0.0,1110010101000010010010011111,+++--+-+-+----+--+--+--+++++,0,False,"[[0.000108, 183.97429537], [0.006068, 172.9327147], [1.115673, 172.49557669], [1.115874, 172.30019292], [1.115986, 171.97860202], [1.116072, 170.40185606], [1.116172, 170.27537789], [1.440576, 169.92728927], [1.44077, 169.68958752], [1.491845, 169.73768898], [1.527707, 169.15060624]]",48,quantum,1,
precond_pen=1.900,28,-1.071792008844012,169.15060624441492,1.9,2,2.4468259811401367,1.7422540187835693,0.0,0001101010111101101101100000,---++-+-+-++++-++-++-++-----,0,False,"[[0.000105, 183.97429537], [0.005883, 172.9327147], [1.07315, 170.64814058], [1.217365, 169.39954655], [1.742254, 169.15060624]]",48,quantum,1,
precond_pen=2.000,28,-1.0358215349649953,169.15060624441492,2.0,2,2.7853009700775146,1.557892084121704,0.0,0001101010111101101101100000,---++-+-+-++++-++-++-++-----,0,False,"[[0.00011, 183.97429537], [0.005948, 172.9327147], [1.350533, 170.67468027], [1.350736, 170.64814058], [1.350826, 170.06939131], [1.557892, 169.15060624], [2.784451, 169.15060624]]",48,quantum,1,
baseline,28,168.78779037312907,168.78779037312893,,2,22.65863299369812,5.346112966537476,0.0,0111101011100000001101110001,-++++-+-+++-------++-+++---+,0,False,"[[0.000106, 204.81576048], [0.005201, 192.47743654], [0.005812, 191.51811648], [0.00649, 173.61238808], [0.115719, 169.89779924], [5.346113, 168.78779037]]",49,quantum,1,
precond_pen=1.100,28,-1.6562758372810062,168.78779037312893,1.1,2,2.5640289783477783,1.7023229598999023,0.0,0111101011100000001101110001,-++++-+-+++-------++-+++---+,0,False,"[[0.000103, 204.81576048], [0.005939, 197.17318092], [0.006361, 172.53406078], [0.024348, 172.45432366], [1.31563, 172.27614694], [1.401533, 171.29355896], [1.585829, 170.80560747], [1.702323, 168.78779037], [2.561401, 168.78779037]]",49,quantum,1,
precond_pen=1.200,28,-1.524575106064992,168.78779037312893,1.2,2,2.6688690185546875,0.024209022521972656,0.0,0111101011100000001101110001,-++++-+-+++-------++-+++---+,0,False,"[[0.000109, 204.81576048], [0.006105, 203.01169079], [0.006617, 173.5998805], [0.024209, 168.78779037]]",49,quantum,1,
precond_pen=1.300,28,-1.4190219819269991,168.78779037312893,1.3,2,2.665076971054077,1.648151159286499,0.0,0111101011100000001101110001,-++++-+-+++-------++-+++---+,0,False,"[[0.000136, 204.81576048], [0.006242, 198.22274106], [0.006733, 172.53406078], [0.026373, 172.27614694], [1.647745, 171.29355896], [1.648151, 168.78779037], [2.664014, 168.78779037]]",49,quantum,1,
precond_pen=1.400,28,-1.3324953122630099,168.78779037312893,1.4,2,2.56381893157959,1.4064478874206543,0.0,1000010100011111110010001110,+----+-+---+++++++--+---+++-,0,False,"[[0.000136, 204.81576048], [0.007212, 198.22274106], [0.007788, 172.53406078], [0.027572, 172.45432366], [1.406448, 168.78779037], [2.562791, 168.78779037]]",49,quantum,1,
precond_pen=1.500,28,-1.2602534059129749,168.78779037312893,1.5,2,2.6359288692474365,1.5285098552703857,0.0,0111101011100000001101110001,-++++-+-+++-------++-+++---+,0,False,"[[0.000155, 204.81576048], [0.007615, 198.22274106], [0.00824, 172.53406078], [0.371121, 171.89964529], [0.62717, 169.89779924], [1.52851, 168.78779037], [2.634929, 168.78779037]]",49,quantum,1,
precond_pen=1.600,28,-1.1990141261960012,168.78779037312893,1.6,2,2.519537925720215,1.623565912246704,0.0,0111101011100000001101110001,-++++-+-+++-------++-+++---+,0,False,"[[0.000149, 204.81576048], [0.007504, 204.14695051], [0.008113, 171.7554013], [1.42748, 171.29355896], [1.503795, 170.53694641], [1.623566, 168.78779037]]",49,quantum,1,
precond_pen=1.700,28,-1.1464326050999958,168.78779037312893,1.7,2,2.803997039794922,1.6044678688049316,0.0,0111101011100000001101110001,-++++-+-+++-------++-+++---+,0,False,"[[0.000118, 204.81576048], [0.006146, 202.31941636], [0.006614, 171.7554013], [1.494564, 171.35614174], [1.604197, 169.89779924], [1.604468, 168.78779037], [2.803125, 168.78779037]]",49,quantum,1,
precond_pen=1.800,28,-1.1007876714599991,168.78779037312893,1.8,2,2.592111110687256,1.3886520862579346,0.0,0111101011100000001101110001,-++++-+-+++-------++-+++---+,0,False,"[[0.000109, 204.81576048], [0.006004, 195.96145138], [0.006453, 172.53406078], [1.252025, 171.55964699], [1.388652, 168.78779037]]",49,quantum,1,
precond_pen=1.900,28,-1.060787532399992,168.78779037312893,1.9,2,2.810004949569702,2.0467679500579834,0.0,1000010100011111110010001110,+----+-+---+++++++--+---+++-,0,False,"[[0.000107, 204.81576048], [0.005872, 195.96145138], [0.006317, 172.53406078], [1.822953, 172.16612523], [1.823314, 172.1056295], [1.86478, 171.35614174], [1.865066, 169.97183809], [2.046489, 169.89779924], [2.046768, 168.78779037]]",49,quantum,1,
precond_pen=2.000,28,-1.0254431215879922,168.78779037312893,2.0,2,2.785460948944092,1.6957180500030518,0.0,1000010100011111110010001110,+----+-+---+++++++--+---+++-,0,False,"[[0.000116, 204.81576048], [0.006082, 201.20889979], [0.006633, 172.45432366], [1.560124, 169.89779924], [1.695718, 168.78779037]]",49,quantum,1,
