seed,layers,sweeps,preconditioner_family,name,penalty,presolve,event_idx,time_sec,orig_obj,running_best_orig_obj
0,1,,quantum,baseline,,True,0,0.000142,337.80526133,337.80526133
0,1,,quantum,baseline,,True,1,0.012509,332.17971204,332.17971204
0,1,,quantum,baseline,,True,2,0.014236,331.94663861,331.94663861
0,1,,quantum,baseline,,True,3,0.015234,301.2496682,301.2496682
0,1,,quantum,baseline,,True,4,0.08692,293.18593461,293.18593461
0,1,,quantum,precond_pen=1.100,1.1,True,0,0.000118,337.80526133,337.80526133
0,1,,quantum,precond_pen=1.100,1.1,True,1,0.012575,332.85363456,332.85363456
0,1,,quantum,precond_pen=1.100,1.1,True,2,0.013977,293.18593461,293.18593461
0,1,,quantum,precond_pen=1.200,1.2,True,0,0.000109,337.80526133,337.80526133
0,1,,quantum,precond_pen=1.200,1.2,True,1,0.012046,335.12103609,335.12103609
0,1,,quantum,precond_pen=1.200,1.2,True,2,0.013164,293.97675499,293.97675499
0,1,,quantum,precond_pen=1.200,1.2,True,3,0.049184,293.18593461,293.18593461
0,1,,quantum,precond_pen=1.300,1.3,True,0,0.000103,337.80526133,337.80526133
0,1,,quantum,precond_pen=1.300,1.3,True,1,0.012287,334.39859338,334.39859338
0,1,,quantum,precond_pen=1.300,1.3,True,2,0.013404,293.97675499,293.97675499
0,1,,quantum,precond_pen=1.300,1.3,True,3,4.644096,293.18593461,293.18593461
0,1,,quantum,precond_pen=1.400,1.4,True,0,0.000128,337.80526133,337.80526133
0,1,,quantum,precond_pen=1.400,1.4,True,1,0.011851,327.1655259,327.1655259
0,1,,quantum,precond_pen=1.400,1.4,True,2,0.013053,293.18593461,293.18593461
0,1,,quantum,precond_pen=1.500,1.5,True,0,0.000114,337.80526133,337.80526133
0,1,,quantum,precond_pen=1.500,1.5,True,1,0.011434,331.09366716,331.09366716
0,1,,quantum,precond_pen=1.500,1.5,True,2,0.012164,301.81123905,301.81123905
0,1,,quantum,precond_pen=1.500,1.5,True,3,0.048749,299.39905035,299.39905035
0,1,,quantum,precond_pen=1.500,1.5,True,4,3.180102,296.61945809,296.61945809
0,1,,quantum,precond_pen=1.500,1.5,True,5,3.516388,296.07448965,296.07448965
0,1,,quantum,precond_pen=1.500,1.5,True,6,4.44046,293.22812333,293.22812333
0,1,,quantum,precond_pen=1.500,1.5,True,7,6.088864,293.18593461,293.18593461
0,1,,quantum,precond_pen=1.600,1.6,True,0,0.000117,337.80526133,337.80526133
0,1,,quantum,precond_pen=1.600,1.6,True,1,0.011573,334.67801065,334.67801065
0,1,,quantum,precond_pen=1.600,1.6,True,2,0.012618,293.18593461,293.18593461
0,1,,quantum,precond_pen=1.700,1.7,True,0,0.000114,337.80526133,337.80526133
0,1,,quantum,precond_pen=1.700,1.7,True,1,0.011461,331.09366716,331.09366716
0,1,,quantum,precond_pen=1.700,1.7,True,2,0.012165,301.81123905,301.81123905
0,1,,quantum,precond_pen=1.700,1.7,True,3,0.048162,293.97675499,293.97675499
0,1,,quantum,precond_pen=1.700,1.7,True,4,3.480596,293.22812333,293.22812333
0,1,,quantum,precond_pen=1.700,1.7,True,5,3.480858,293.18593461,293.18593461
0,1,,quantum,precond_pen=1.700,1.7,True,6,15.220051,293.18593461,293.18593461
0,1,,quantum,precond_pen=1.800,1.8,True,0,0.000111,337.80526133,337.80526133
0,1,,quantum,precond_pen=1.800,1.8,True,1,0.012338,334.93336679,334.93336679
0,1,,quantum,precond_pen=1.800,1.8,True,2,0.013382,293.18593461,293.18593461
0,1,,quantum,precond_pen=1.900,1.9,True,0,0.000106,337.80526133,337.80526133
0,1,,quantum,precond_pen=1.900,1.9,True,1,0.011379,336.36740626,336.36740626
0,1,,quantum,precond_pen=1.900,1.9,True,2,0.012481,293.18593461,293.18593461
0,1,,quantum,precond_pen=2.000,2.0,True,0,0.000116,337.80526133,337.80526133
0,1,,quantum,precond_pen=2.000,2.0,True,1,0.011182,336.71573171,336.71573171
0,1,,quantum,precond_pen=2.000,2.0,True,2,0.012096,301.81123905,301.81123905
0,1,,quantum,precond_pen=2.000,2.0,True,3,0.048733,299.39905035,299.39905035
0,1,,quantum,precond_pen=2.000,2.0,True,4,2.642073,296.3394149,296.3394149
0,1,,quantum,precond_pen=2.000,2.0,True,5,2.771392,294.33957379,294.33957379
0,1,,quantum,precond_pen=2.000,2.0,True,6,2.771611,293.97675499,293.97675499
0,1,,quantum,precond_pen=2.000,2.0,True,7,4.444433,293.18593461,293.18593461
1,1,,quantum,baseline,,True,0,0.000124,317.78001597,317.78001597
1,1,,quantum,baseline,,True,1,0.009195,308.68629088,308.68629088
1,1,,quantum,baseline,,True,2,0.010162,302.05525449,302.05525449
1,1,,quantum,baseline,,True,3,0.011231,282.27843339,282.27843339
1,1,,quantum,baseline,,True,4,8.255296,281.58930248,281.58930248
1,1,,quantum,baseline,,True,5,9.171154,279.9934693,279.9934693
1,1,,quantum,baseline,,True,6,9.365137,278.9492307,278.9492307
1,1,,quantum,baseline,,True,7,11.39681,278.3422108,278.3422108
1,1,,quantum,precond_pen=1.100,1.1,True,0,0.000116,317.78001597,317.78001597
1,1,,quantum,precond_pen=1.100,1.1,True,1,0.01237,305.50538911,305.50538911
1,1,,quantum,precond_pen=1.100,1.1,True,2,0.013347,282.66248589,282.66248589
1,1,,quantum,precond_pen=1.100,1.1,True,3,4.018544,281.4188666,281.4188666
1,1,,quantum,precond_pen=1.100,1.1,True,4,4.094212,279.10291665,279.10291665
1,1,,quantum,precond_pen=1.100,1.1,True,5,4.707993,278.3422108,278.3422108
1,1,,quantum,precond_pen=1.200,1.2,True,0,0.00011,317.78001597,317.78001597
1,1,,quantum,precond_pen=1.200,1.2,True,1,0.01193,312.38638547,312.38638547
1,1,,quantum,precond_pen=1.200,1.2,True,2,0.012795,280.03014139,280.03014139
1,1,,quantum,precond_pen=1.200,1.2,True,3,5.871124,279.10291665,279.10291665
1,1,,quantum,precond_pen=1.200,1.2,True,4,6.649004,278.9492307,278.9492307
1,1,,quantum,precond_pen=1.200,1.2,True,5,6.811401,278.3422108,278.3422108
1,1,,quantum,precond_pen=1.300,1.3,True,0,0.000123,317.78001597,317.78001597
1,1,,quantum,precond_pen=1.300,1.3,True,1,0.011818,312.31624654,312.31624654
1,1,,quantum,precond_pen=1.300,1.3,True,2,0.012475,282.11426154,282.11426154
1,1,,quantum,precond_pen=1.300,1.3,True,3,0.048404,280.03014139,280.03014139
1,1,,quantum,precond_pen=1.300,1.3,True,4,2.618568,278.9492307,278.9492307
1,1,,quantum,precond_pen=1.300,1.3,True,5,4.457693,278.3422108,278.3422108
1,1,,quantum,precond_pen=1.400,1.4,True,0,0.000111,317.78001597,317.78001597
1,1,,quantum,precond_pen=1.400,1.4,True,1,0.012232,311.39531723,311.39531723
1,1,,quantum,precond_pen=1.400,1.4,True,2,0.012952,280.03014139,280.03014139
1,1,,quantum,precond_pen=1.400,1.4,True,3,7.867958,279.10291665,279.10291665
1,1,,quantum,precond_pen=1.400,1.4,True,4,8.161604,278.9492307,278.9492307
1,1,,quantum,precond_pen=1.400,1.4,True,5,8.371667,278.3422108,278.3422108
1,1,,quantum,precond_pen=1.500,1.5,True,0,0.00013,317.78001597,317.78001597
1,1,,quantum,precond_pen=1.500,1.5,True,1,0.01232,313.97213886,313.97213886
1,1,,quantum,precond_pen=1.500,1.5,True,2,0.013074,278.3422108,278.3422108
1,1,,quantum,precond_pen=1.600,1.6,True,0,0.000114,317.78001597,317.78001597
1,1,,quantum,precond_pen=1.600,1.6,True,1,0.011953,314.15175561,314.15175561
1,1,,quantum,precond_pen=1.600,1.6,True,2,0.012865,278.3422108,278.3422108
1,1,,quantum,precond_pen=1.700,1.7,True,0,0.000109,317.78001597,317.78001597
1,1,,quantum,precond_pen=1.700,1.7,True,1,0.011887,312.02596959,312.02596959
1,1,,quantum,precond_pen=1.700,1.7,True,2,0.012602,280.03014139,280.03014139
1,1,,quantum,precond_pen=1.700,1.7,True,3,2.721954,279.10291665,279.10291665
1,1,,quantum,precond_pen=1.700,1.7,True,4,4.08164,278.9492307,278.9492307
1,1,,quantum,precond_pen=1.700,1.7,True,5,5.44396,278.3422108,278.3422108
1,1,,quantum,precond_pen=1.800,1.8,True,0,0.000115,317.78001597,317.78001597
1,1,,quantum,precond_pen=1.800,1.8,True,1,0.014378,306.28023637,306.28023637
1,1,,quantum,precond_pen=1.800,1.8,True,2,0.016166,278.3422108,278.3422108
1,1,,quantum,precond_pen=1.900,1.9,True,0,0.000125,317.78001597,317.78001597
1,1,,quantum,precond_pen=1.900,1.9,True,1,0.01386,311.06150835,311.06150835
1,1,,quantum,precond_pen=1.900,1.9,True,2,0.015036,280.03014139,280.03014139
1,1,,quantum,precond_pen=1.900,1.9,True,3,4.917517,279.10291665,279.10291665
1,1,,quantum,precond_pen=1.900,1.9,True,4,5.627966,278.9492307,278.9492307
1,1,,quantum,precond_pen=1.900,1.9,True,5,5.799093,278.3422108,278.3422108
1,1,,quantum,precond_pen=2.000,2.0,True,0,0.000114,317.78001597,317.78001597
1,1,,quantum,precond_pen=2.000,2.0,True,1,0.011417,314.51900385,314.51900385
1,1,,quantum,precond_pen=2.000,2.0,True,2,0.012296,280.03014139,280.03014139
1,1,,quantum,precond_pen=2.000,2.0,True,3,5.05977,279.53003671,279.53003671
1,1,,quantum,precond_pen=2.000,2.0,True,4,5.158009,279.10291665,279.10291665
1,1,,quantum,precond_pen=2.000,2.0,True,5,5.260008,278.3422108,278.3422108
2,1,,quantum,baseline,,True,0,0.000109,317.95009857,317.95009857
2,1,,quantum,baseline,,True,1,0.009941,287.13877778,287.13877778
2,1,,quantum,baseline,,True,2,0.080432,286.32269773,286.32269773
2,1,,quantum,baseline,,True,3,1.170663,286.07510572,286.07510572
2,1,,quantum,baseline,,True,4,1.307876,285.66856063,285.66856063
2,1,,quantum,baseline,,True,5,7.713978,284.73379911,284.73379911
2,1,,quantum,baseline,,True,6,8.000871,284.28255897,284.28255897
2,1,,quantum,baseline,,True,7,10.826995,284.12344354,284.12344354
2,1,,quantum,precond_pen=1.100,1.1,True,0,0.000111,317.95009857,317.95009857
2,1,,quantum,precond_pen=1.100,1.1,True,1,0.013409,314.8959563,314.8959563
2,1,,quantum,precond_pen=1.100,1.1,True,2,0.014384,285.72157265,285.72157265
2,1,,quantum,precond_pen=1.100,1.1,True,3,5.236759,284.78037897,284.78037897
2,1,,quantum,precond_pen=1.100,1.1,True,4,5.556906,284.12344354,284.12344354
2,1,,quantum,precond_pen=1.200,1.2,True,0,0.00011,317.95009857,317.95009857
2,1,,quantum,precond_pen=1.200,1.2,True,1,0.012091,315.57682625,315.57682625
2,1,,quantum,precond_pen=1.200,1.2,True,2,0.013247,285.72157265,285.72157265
2,1,,quantum,precond_pen=1.200,1.2,True,3,5.314521,284.73379911,284.73379911
2,1,,quantum,precond_pen=1.200,1.2,True,4,5.503622,284.28255897,284.28255897
2,1,,quantum,precond_pen=1.200,1.2,True,5,6.308132,284.12344354,284.12344354
2,1,,quantum,precond_pen=1.300,1.3,True,0,0.000115,317.95009857,317.95009857
2,1,,quantum,precond_pen=1.300,1.3,True,1,0.011416,314.11558466,314.11558466
2,1,,quantum,precond_pen=1.300,1.3,True,2,0.012379,285.72157265,285.72157265
2,1,,quantum,precond_pen=1.300,1.3,True,3,2.908383,285.50543052,285.50543052
2,1,,quantum,precond_pen=1.300,1.3,True,4,11.7806,284.72626097,284.72626097
2,1,,quantum,precond_pen=1.300,1.3,True,5,13.502016,284.12344354,284.12344354
2,1,,quantum,precond_pen=1.400,1.4,True,0,0.000112,317.95009857,317.95009857
2,1,,quantum,precond_pen=1.400,1.4,True,1,0.010953,306.95733734,306.95733734
2,1,,quantum,precond_pen=1.400,1.4,True,2,0.011909,285.72157265,285.72157265
2,1,,quantum,precond_pen=1.400,1.4,True,3,6.474206,284.12344354,284.12344354
2,1,,quantum,precond_pen=1.500,1.5,True,0,0.000112,317.95009857,317.95009857
2,1,,quantum,precond_pen=1.500,1.5,True,1,0.011356,305.35820124,305.35820124
2,1,,quantum,precond_pen=1.500,1.5,True,2,0.012321,285.72157265,285.72157265
2,1,,quantum,precond_pen=1.500,1.5,True,3,3.071425,284.73379911,284.73379911
2,1,,quantum,precond_pen=1.500,1.5,True,4,4.453671,284.28255897,284.28255897
2,1,,quantum,precond_pen=1.500,1.5,True,5,26.246179,284.12344354,284.12344354
2,1,,quantum,precond_pen=1.500,1.5,True,6,27.386613,284.12344354,284.12344354
2,1,,quantum,precond_pen=1.600,1.6,True,0,0.000125,317.95009857,317.95009857
2,1,,quantum,precond_pen=1.600,1.6,True,1,0.011547,314.8959563,314.8959563
2,1,,quantum,precond_pen=1.600,1.6,True,2,0.012528,285.72157265,285.72157265
2,1,,quantum,precond_pen=1.600,1.6,True,3,5.679473,284.78037897,284.78037897
2,1,,quantum,precond_pen=1.600,1.6,True,4,8.102912,284.72626097,284.72626097
2,1,,quantum,precond_pen=1.600,1.6,True,5,8.408349,284.12344354,284.12344354
2,1,,quantum,precond_pen=1.700,1.7,True,0,0.000117,317.95009857,317.95009857
2,1,,quantum,precond_pen=1.700,1.7,True,1,0.011706,314.8959563,314.8959563
2,1,,quantum,precond_pen=1.700,1.7,True,2,0.012678,285.72157265,285.72157265
2,1,,quantum,precond_pen=1.700,1.7,True,3,2.765042,284.28255897,284.28255897
2,1,,quantum,precond_pen=1.700,1.7,True,4,6.291766,284.12344354,284.12344354
2,1,,quantum,precond_pen=1.800,1.8,True,0,0.000115,317.95009857,317.95009857
2,1,,quantum,precond_pen=1.800,1.8,True,1,0.011593,311.03335999,311.03335999
2,1,,quantum,precond_pen=1.800,1.8,True,2,0.012559,285.72157265,285.72157265
2,1,,quantum,precond_pen=1.800,1.8,True,3,4.156299,284.73379911,284.73379911
2,1,,quantum,precond_pen=1.800,1.8,True,4,5.393816,284.28255897,284.28255897
2,1,,quantum,precond_pen=1.800,1.8,True,5,9.716639,284.12344354,284.12344354
2,1,,quantum,precond_pen=1.900,1.9,True,0,0.000115,317.95009857,317.95009857
2,1,,quantum,precond_pen=1.900,1.9,True,1,0.011351,311.03335999,311.03335999
2,1,,quantum,precond_pen=1.900,1.9,True,2,0.012329,285.72157265,285.72157265
2,1,,quantum,precond_pen=1.900,1.9,True,3,6.516991,284.12344354,284.12344354
2,1,,quantum,precond_pen=2.000,2.0,True,0,0.000121,317.95009857,317.95009857
2,1,,quantum,precond_pen=2.000,2.0,True,1,0.011365,315.57682625,315.57682625
2,1,,quantum,precond_pen=2.000,2.0,True,2,0.012582,285.72157265,285.72157265
2,1,,quantum,precond_pen=2.000,2.0,True,3,4.086697,284.12344354,284.12344354
2,1,,quantum,precond_pen=2.000,2.0,True,4,32.069612,284.12344354,284.12344354
3,1,,quantum,baseline,,True,0,0.00011,329.82757228,329.82757228
3,1,,quantum,baseline,,True,1,0.010295,277.30485412,277.30485412
3,1,,quantum,baseline,,True,2,0.084789,270.44040694,270.44040694
3,1,,quantum,precond_pen=1.100,1.1,True,0,0.00011,329.82757228,329.82757228
3,1,,quantum,precond_pen=1.100,1.1,True,1,0.011038,313.77721135,313.77721135
3,1,,quantum,precond_pen=1.100,1.1,True,2,0.012274,309.3656858,309.3656858
3,1,,quantum,precond_pen=1.100,1.1,True,3,0.013367,272.19523223,272.19523223
3,1,,quantum,precond_pen=1.100,1.1,True,4,0.049082,270.44040694,270.44040694
3,1,,quantum,precond_pen=1.200,1.2,True,0,0.000114,329.82757228,329.82757228
3,1,,quantum,precond_pen=1.200,1.2,True,1,0.010982,315.15417158,315.15417158
3,1,,quantum,precond_pen=1.200,1.2,True,2,0.012199,272.19523223,272.19523223
3,1,,quantum,precond_pen=1.200,1.2,True,3,3.897586,270.44040694,270.44040694
3,1,,quantum,precond_pen=1.200,1.2,True,4,8.236884,270.44040694,270.44040694
3,1,,quantum,precond_pen=1.300,1.3,True,0,0.000108,329.82757228,329.82757228
3,1,,quantum,precond_pen=1.300,1.3,True,1,0.010868,307.83385166,307.83385166
3,1,,quantum,precond_pen=1.300,1.3,True,2,0.011994,272.19523223,272.19523223
3,1,,quantum,precond_pen=1.300,1.3,True,3,8.021694,270.44040694,270.44040694
3,1,,quantum,precond_pen=1.400,1.4,True,0,0.00011,329.82757228,329.82757228
3,1,,quantum,precond_pen=1.400,1.4,True,1,0.011032,312.10267633,312.10267633
3,1,,quantum,precond_pen=1.400,1.4,True,2,0.012133,272.19523223,272.19523223
3,1,,quantum,precond_pen=1.400,1.4,True,3,2.637091,270.44040694,270.44040694
3,1,,quantum,precond_pen=1.500,1.5,True,0,0.000111,329.82757228,329.82757228
3,1,,quantum,precond_pen=1.500,1.5,True,1,0.011299,305.14344846,305.14344846
3,1,,quantum,precond_pen=1.500,1.5,True,2,0.012405,272.19523223,272.19523223
3,1,,quantum,precond_pen=1.500,1.5,True,3,4.167399,270.44040694,270.44040694
3,1,,quantum,precond_pen=1.500,1.5,True,4,10.056353,270.44040694,270.44040694
3,1,,quantum,precond_pen=1.600,1.6,True,0,0.000111,329.82757228,329.82757228
3,1,,quantum,precond_pen=1.600,1.6,True,1,0.011201,306.59410817,306.59410817
3,1,,quantum,precond_pen=1.600,1.6,True,2,0.012305,272.19523223,272.19523223
3,1,,quantum,precond_pen=1.600,1.6,True,3,4.326947,270.44040694,270.44040694
3,1,,quantum,precond_pen=1.700,1.7,True,0,0.000109,329.82757228,329.82757228
3,1,,quantum,precond_pen=1.700,1.7,True,1,0.013316,304.92039437,304.92039437
3,1,,quantum,precond_pen=1.700,1.7,True,2,0.015091,272.19523223,272.19523223
3,1,,quantum,precond_pen=1.700,1.7,True,3,6.891569,270.44040694,270.44040694
3,1,,quantum,precond_pen=1.700,1.7,True,4,14.954511,270.44040694,270.44040694
3,1,,quantum,precond_pen=1.800,1.8,True,0,0.000113,329.82757228,329.82757228
3,1,,quantum,precond_pen=1.800,1.8,True,1,0.010985,306.59410817,306.59410817
3,1,,quantum,precond_pen=1.800,1.8,True,2,0.012083,272.19523223,272.19523223
3,1,,quantum,precond_pen=1.800,1.8,True,3,5.259639,270.44040694,270.44040694
3,1,,quantum,precond_pen=1.900,1.9,True,0,0.000109,329.82757228,329.82757228
3,1,,quantum,precond_pen=1.900,1.9,True,1,0.013182,312.55235755,312.55235755
3,1,,quantum,precond_pen=1.900,1.9,True,2,0.014432,272.19523223,272.19523223
3,1,,quantum,precond_pen=1.900,1.9,True,3,4.210844,270.44040694,270.44040694
3,1,,quantum,precond_pen=2.000,2.0,True,0,0.00011,329.82757228,329.82757228
3,1,,quantum,precond_pen=2.000,2.0,True,1,0.011008,307.14367537,307.14367537
3,1,,quantum,precond_pen=2.000,2.0,True,2,0.012117,272.19523223,272.19523223
3,1,,quantum,precond_pen=2.000,2.0,True,3,5.495059,270.44040694,270.44040694
4,1,,quantum,baseline,,True,0,0.000109,344.13199206,344.13199206
4,1,,quantum,baseline,,True,1,0.008244,342.26024657,342.26024657
4,1,,quantum,baseline,,True,2,0.009242,340.83879864,340.83879864
4,1,,quantum,baseline,,True,3,0.010542,304.81226627,304.81226627
4,1,,quantum,baseline,,True,4,0.120536,295.03932138,295.03932138
4,1,,quantum,precond_pen=1.100,1.1,True,0,0.000122,344.13199206,344.13199206
4,1,,quantum,precond_pen=1.100,1.1,True,1,0.011997,337.42877579,337.42877579
4,1,,quantum,precond_pen=1.100,1.1,True,2,0.012674,301.90085914,301.90085914
4,1,,quantum,precond_pen=1.100,1.1,True,3,0.063041,301.40140315,301.40140315
4,1,,quantum,precond_pen=1.100,1.1,True,4,3.637686,299.71039595,299.71039595
4,1,,quantum,precond_pen=1.100,1.1,True,5,5.889426,296.82630693,296.82630693
4,1,,quantum,precond_pen=1.100,1.1,True,6,6.370039,295.03932138,295.03932138
4,1,,quantum,precond_pen=1.200,1.2,True,0,0.000109,344.13199206,344.13199206
4,1,,quantum,precond_pen=1.200,1.2,True,1,0.012019,342.68129212,342.68129212
4,1,,quantum,precond_pen=1.200,1.2,True,2,0.012861,301.90085914,301.90085914
4,1,,quantum,precond_pen=1.200,1.2,True,3,0.071877,295.03932138,295.03932138
4,1,,quantum,precond_pen=1.300,1.3,True,0,0.000109,344.13199206,344.13199206
4,1,,quantum,precond_pen=1.300,1.3,True,1,0.011906,343.55449241,343.55449241
4,1,,quantum,precond_pen=1.300,1.3,True,2,0.012587,302.25440445,302.25440445
4,1,,quantum,precond_pen=1.300,1.3,True,3,0.557381,302.02037584,302.02037584
4,1,,quantum,precond_pen=1.300,1.3,True,4,1.24453,300.93960417,300.93960417
4,1,,quantum,precond_pen=1.300,1.3,True,5,4.86241,295.03932138,295.03932138
4,1,,quantum,precond_pen=1.400,1.4,True,0,0.00011,344.13199206,344.13199206
4,1,,quantum,precond_pen=1.400,1.4,True,1,0.011294,336.67861657,336.67861657
4,1,,quantum,precond_pen=1.400,1.4,True,2,0.011803,301.40140315,301.40140315
4,1,,quantum,precond_pen=1.400,1.4,True,3,3.669502,301.15099615,301.15099615
4,1,,quantum,precond_pen=1.400,1.4,True,4,4.011357,299.57601717,299.57601717
4,1,,quantum,precond_pen=1.400,1.4,True,5,5.31401,297.86488167,297.86488167
4,1,,quantum,precond_pen=1.400,1.4,True,6,5.6305,296.82630693,296.82630693
4,1,,quantum,precond_pen=1.400,1.4,True,7,5.924563,295.03932138,295.03932138
4,1,,quantum,precond_pen=1.500,1.5,True,0,0.000118,344.13199206,344.13199206
4,1,,quantum,precond_pen=1.500,1.5,True,1,0.011534,340.56126594,340.56126594
4,1,,quantum,precond_pen=1.500,1.5,True,2,0.0122,301.40140315,301.40140315
4,1,,quantum,precond_pen=1.500,1.5,True,3,6.077875,300.03119316,300.03119316
4,1,,quantum,precond_pen=1.500,1.5,True,4,6.078142,299.57601717,299.57601717
4,1,,quantum,precond_pen=1.500,1.5,True,5,6.428185,297.81524498,297.81524498
4,1,,quantum,precond_pen=1.500,1.5,True,6,6.42846,295.03932138,295.03932138
4,1,,quantum,precond_pen=1.600,1.6,True,0,0.000114,344.13199206,344.13199206
4,1,,quantum,precond_pen=1.600,1.6,True,1,0.014436,343.15098624,343.15098624
4,1,,quantum,precond_pen=1.600,1.6,True,2,0.015463,301.40140315,301.40140315
4,1,,quantum,precond_pen=1.600,1.6,True,3,5.949053,300.91175658,300.91175658
4,1,,quantum,precond_pen=1.600,1.6,True,4,6.165268,300.2823318,300.2823318
4,1,,quantum,precond_pen=1.600,1.6,True,5,7.103345,298.83151193,298.83151193
4,1,,quantum,precond_pen=1.600,1.6,True,6,7.357855,295.03932138,295.03932138
4,1,,quantum,precond_pen=1.700,1.7,True,0,0.000109,344.13199206,344.13199206
4,1,,quantum,precond_pen=1.700,1.7,True,1,0.011306,341.01525391,341.01525391
4,1,,quantum,precond_pen=1.700,1.7,True,2,0.01181,301.40140315,301.40140315
4,1,,quantum,precond_pen=1.700,1.7,True,3,6.364607,300.80169441,300.80169441
4,1,,quantum,precond_pen=1.700,1.7,True,4,6.496871,300.746138,300.746138
4,1,,quantum,precond_pen=1.700,1.7,True,5,6.497208,299.39474734,299.39474734
4,1,,quantum,precond_pen=1.700,1.7,True,6,6.497434,295.03932138,295.03932138
4,1,,quantum,precond_pen=1.800,1.8,True,0,0.000115,344.13199206,344.13199206
4,1,,quantum,precond_pen=1.800,1.8,True,1,0.012521,341.99312576,341.99312576
4,1,,quantum,precond_pen=1.800,1.8,True,2,0.013199,301.40140315,301.40140315
4,1,,quantum,precond_pen=1.800,1.8,True,3,3.517035,300.9526275,300.9526275
4,1,,quantum,precond_pen=1.800,1.8,True,4,3.671691,295.03932138,295.03932138
4,1,,quantum,precond_pen=1.900,1.9,True,0,0.000122,344.13199206,344.13199206
4,1,,quantum,precond_pen=1.900,1.9,True,1,0.011795,342.17667904,342.17667904
4,1,,quantum,precond_pen=1.900,1.9,True,2,0.012324,301.40140315,301.40140315
4,1,,quantum,precond_pen=1.900,1.9,True,3,2.835289,301.45276553,301.40140315
4,1,,quantum,precond_pen=1.900,1.9,True,4,2.993498,298.51425355,298.51425355
4,1,,quantum,precond_pen=1.900,1.9,True,5,3.281121,295.03932138,295.03932138
4,1,,quantum,precond_pen=1.900,1.9,True,6,24.349108,295.03932138,295.03932138
4,1,,quantum,precond_pen=2.000,2.0,True,0,0.000114,344.13199206,344.13199206
4,1,,quantum,precond_pen=2.000,2.0,True,1,0.011568,340.35148986,340.35148986
4,1,,quantum,precond_pen=2.000,2.0,True,2,0.012487,300.27114812,300.27114812
4,1,,quantum,precond_pen=2.000,2.0,True,3,6.249306,295.03932138,295.03932138
5,1,,quantum,baseline,,True,0,0.000108,315.82532969,315.82532969
5,1,,quantum,baseline,,True,1,0.008996,299.52134821,299.52134821
5,1,,quantum,baseline,,True,2,0.011355,275.29210865,275.29210865
5,1,,quantum,baseline,,True,3,0.08215,274.53638659,274.53638659
5,1,,quantum,baseline,,True,4,1.600262,274.53520231,274.53520231
5,1,,quantum,precond_pen=1.100,1.1,True,0,0.000115,315.82532969,315.82532969
5,1,,quantum,precond_pen=1.100,1.1,True,1,0.012848,304.66727137,304.66727137
5,1,,quantum,precond_pen=1.100,1.1,True,2,0.013744,279.64542565,279.64542565
5,1,,quantum,precond_pen=1.100,1.1,True,3,2.754736,279.71653021,279.64542565
5,1,,quantum,precond_pen=1.100,1.1,True,4,2.818508,279.56839004,279.56839004
5,1,,quantum,precond_pen=1.100,1.1,True,5,2.818778,278.83608807,278.83608807
5,1,,quantum,precond_pen=1.100,1.1,True,6,3.107384,277.13102661,277.13102661
5,1,,quantum,precond_pen=1.100,1.1,True,7,3.107659,276.70521023,276.70521023
5,1,,quantum,precond_pen=1.100,1.1,True,8,3.927382,275.6518845,275.6518845
5,1,,quantum,precond_pen=1.100,1.1,True,9,15.2373,275.29210865,275.29210865
5,1,,quantum,precond_pen=1.100,1.1,True,10,26.031029,275.21204407,275.21204407
5,1,,quantum,precond_pen=1.100,1.1,True,11,26.031298,274.92742359,274.92742359
5,1,,quantum,precond_pen=1.100,1.1,True,12,26.178551,274.53638659,274.53638659
5,1,,quantum,precond_pen=1.100,1.1,True,13,37.27173,274.53638659,274.53638659
5,1,,quantum,precond_pen=1.200,1.2,True,0,0.000112,315.82532969,315.82532969
5,1,,quantum,precond_pen=1.200,1.2,True,1,0.011509,306.72655711,306.72655711
5,1,,quantum,precond_pen=1.200,1.2,True,2,0.012439,276.20441825,276.20441825
5,1,,quantum,precond_pen=1.200,1.2,True,3,0.044281,275.36575284,275.36575284
5,1,,quantum,precond_pen=1.200,1.2,True,4,5.713271,274.53520231,274.53520231
5,1,,quantum,precond_pen=1.200,1.2,True,5,8.809592,274.53638659,274.53520231
5,1,,quantum,precond_pen=1.300,1.3,True,0,0.000122,315.82532969,315.82532969
5,1,,quantum,precond_pen=1.300,1.3,True,1,0.01217,302.75050726,302.75050726
5,1,,quantum,precond_pen=1.300,1.3,True,2,0.013164,277.92513814,277.92513814
5,1,,quantum,precond_pen=1.300,1.3,True,3,0.978153,276.74186313,276.74186313
5,1,,quantum,precond_pen=1.300,1.3,True,4,0.978423,275.21204407,275.21204407
5,1,,quantum,precond_pen=1.300,1.3,True,5,0.978597,274.53638659,274.53638659
5,1,,quantum,precond_pen=1.400,1.4,True,0,0.000117,315.82532969,315.82532969
5,1,,quantum,precond_pen=1.400,1.4,True,1,0.014337,307.83487866,307.83487866
5,1,,quantum,precond_pen=1.400,1.4,True,2,0.015758,274.53638659,274.53638659
5,1,,quantum,precond_pen=1.500,1.5,True,0,0.000114,315.82532969,315.82532969
5,1,,quantum,precond_pen=1.500,1.5,True,1,0.014892,300.03449729,300.03449729
5,1,,quantum,precond_pen=1.500,1.5,True,2,0.016387,274.53638659,274.53638659
5,1,,quantum,precond_pen=1.600,1.6,True,0,0.000114,315.82532969,315.82532969
5,1,,quantum,precond_pen=1.600,1.6,True,1,0.011906,305.30851567,305.30851567
5,1,,quantum,precond_pen=1.600,1.6,True,2,0.012852,275.29210865,275.29210865
5,1,,quantum,precond_pen=1.600,1.6,True,3,13.030578,274.92742359,274.92742359
5,1,,quantum,precond_pen=1.600,1.6,True,4,13.954332,274.53638659,274.53638659
5,1,,quantum,precond_pen=1.700,1.7,True,0,0.00011,315.82532969,315.82532969
5,1,,quantum,precond_pen=1.700,1.7,True,1,0.011551,305.30851567,305.30851567
5,1,,quantum,precond_pen=1.700,1.7,True,2,0.012501,275.29210865,275.29210865
5,1,,quantum,precond_pen=1.700,1.7,True,3,14.30798,275.24253107,275.24253107
5,1,,quantum,precond_pen=1.700,1.7,True,4,14.718424,274.53638659,274.53638659
5,1,,quantum,precond_pen=1.800,1.8,True,0,0.000111,315.82532969,315.82532969
5,1,,quantum,precond_pen=1.800,1.8,True,1,0.011566,305.30851567,305.30851567
5,1,,quantum,precond_pen=1.800,1.8,True,2,0.012524,275.29210865,275.29210865
5,1,,quantum,precond_pen=1.800,1.8,True,3,0.069609,274.53520231,274.53520231
5,1,,quantum,precond_pen=1.800,1.8,True,4,6.015588,274.53638659,274.53520231
5,1,,quantum,precond_pen=1.900,1.9,True,0,0.00011,315.82532969,315.82532969
5,1,,quantum,precond_pen=1.900,1.9,True,1,0.01115,305.30851567,305.30851567
5,1,,quantum,precond_pen=1.900,1.9,True,2,0.012114,275.36575284,275.36575284
5,1,,quantum,precond_pen=1.900,1.9,True,3,0.070262,274.53520231,274.53520231
5,1,,quantum,precond_pen=1.900,1.9,True,4,23.63918,274.53638659,274.53520231
5,1,,quantum,precond_pen=1.900,1.9,True,5,44.204392,274.53638659,274.53520231
5,1,,quantum,precond_pen=2.000,2.0,True,0,0.000117,315.82532969,315.82532969
5,1,,quantum,precond_pen=2.000,2.0,True,1,0.011038,305.30851567,305.30851567
5,1,,quantum,precond_pen=2.000,2.0,True,2,0.011978,275.36575284,275.36575284
5,1,,quantum,precond_pen=2.000,2.0,True,3,4.31066,274.53638659,274.53638659
6,1,,quantum,baseline,,True,0,0.000116,331.32054925,331.32054925
6,1,,quantum,baseline,,True,1,0.009336,320.08904449,320.08904449
6,1,,quantum,baseline,,True,2,0.011837,295.45324799,295.45324799
6,1,,quantum,baseline,,True,3,0.083286,295.10316442,295.10316442
6,1,,quantum,baseline,,True,4,0.085179,292.10982439,292.10982439
6,1,,quantum,precond_pen=1.100,1.1,True,0,0.000118,331.32054925,331.32054925
6,1,,quantum,precond_pen=1.100,1.1,True,1,0.011897,321.43125372,321.43125372
6,1,,quantum,precond_pen=1.100,1.1,True,2,0.012777,296.49130603,296.49130603
6,1,,quantum,precond_pen=1.100,1.1,True,3,0.045973,293.86272297,293.86272297
6,1,,quantum,precond_pen=1.100,1.1,True,4,5.59314,292.10982439,292.10982439
6,1,,quantum,precond_pen=1.200,1.2,True,0,0.000116,331.32054925,331.32054925
6,1,,quantum,precond_pen=1.200,1.2,True,1,0.011809,324.43617269,324.43617269
6,1,,quantum,precond_pen=1.200,1.2,True,2,0.012712,293.86272297,293.86272297
6,1,,quantum,precond_pen=1.200,1.2,True,3,0.057348,292.10982439,292.10982439
6,1,,quantum,precond_pen=1.300,1.3,True,0,0.000157,331.32054925,331.32054925
6,1,,quantum,precond_pen=1.300,1.3,True,1,0.01505,324.94258666,324.94258666
6,1,,quantum,precond_pen=1.300,1.3,True,2,0.016211,301.89262303,301.89262303
6,1,,quantum,precond_pen=1.300,1.3,True,3,0.070001,295.10316442,295.10316442
6,1,,quantum,precond_pen=1.300,1.3,True,4,4.659399,294.40621785,294.40621785
6,1,,quantum,precond_pen=1.300,1.3,True,5,4.837035,294.29809596,294.29809596
6,1,,quantum,precond_pen=1.300,1.3,True,6,5.117631,293.56430498,293.56430498
6,1,,quantum,precond_pen=1.300,1.3,True,7,5.117915,292.84184029,292.84184029
6,1,,quantum,precond_pen=1.300,1.3,True,8,5.118123,292.10982439,292.10982439
6,1,,quantum,precond_pen=1.400,1.4,True,0,0.000116,331.32054925,331.32054925
6,1,,quantum,precond_pen=1.400,1.4,True,1,0.011961,328.87942722,328.87942722
6,1,,quantum,precond_pen=1.400,1.4,True,2,0.012882,295.10316442,295.10316442
6,1,,quantum,precond_pen=1.400,1.4,True,3,0.511735,293.53551171,293.53551171
6,1,,quantum,precond_pen=1.400,1.4,True,4,0.554218,292.10982439,292.10982439
6,1,,quantum,precond_pen=1.400,1.4,True,5,21.12681,292.10982439,292.10982439
6,1,,quantum,precond_pen=1.500,1.5,True,0,0.000115,331.32054925,331.32054925
6,1,,quantum,precond_pen=1.500,1.5,True,1,0.011555,320.08329046,320.08329046
6,1,,quantum,precond_pen=1.500,1.5,True,2,0.012665,292.10982439,292.10982439
6,1,,quantum,precond_pen=1.600,1.6,True,0,0.000112,331.32054925,331.32054925
6,1,,quantum,precond_pen=1.600,1.6,True,1,0.012227,318.7425433,318.7425433
6,1,,quantum,precond_pen=1.600,1.6,True,2,0.013407,292.10982439,292.10982439
6,1,,quantum,precond_pen=1.700,1.7,True,0,0.000155,331.32054925,331.32054925
6,1,,quantum,precond_pen=1.700,1.7,True,1,0.011511,323.68879786,323.68879786
6,1,,quantum,precond_pen=1.700,1.7,True,2,0.0124,297.87171151,297.87171151
6,1,,quantum,precond_pen=1.700,1.7,True,3,0.069044,292.10982439,292.10982439
6,1,,quantum,precond_pen=1.800,1.8,True,0,0.000114,331.32054925,331.32054925
6,1,,quantum,precond_pen=1.800,1.8,True,1,0.011162,324.38223336,324.38223336
6,1,,quantum,precond_pen=1.800,1.8,True,2,0.01227,295.91580376,295.91580376
6,1,,quantum,precond_pen=1.800,1.8,True,3,0.04646,292.10982439,292.10982439
6,1,,quantum,precond_pen=1.900,1.9,True,0,0.000117,331.32054925,331.32054925
6,1,,quantum,precond_pen=1.900,1.9,True,1,0.011593,321.37256665,321.37256665
6,1,,quantum,precond_pen=1.900,1.9,True,2,0.012575,292.10982439,292.10982439
6,1,,quantum,precond_pen=2.000,2.0,True,0,0.00018,331.32054925,331.32054925
6,1,,quantum,precond_pen=2.000,2.0,True,1,0.011199,325.49795467,325.49795467
6,1,,quantum,precond_pen=2.000,2.0,True,2,0.012524,292.10982439,292.10982439
7,1,,quantum,baseline,,True,0,0.000114,328.25007499,328.25007499
7,1,,quantum,baseline,,True,1,0.009578,326.43798293,326.43798293
7,1,,quantum,baseline,,True,2,0.01074,286.82495618,286.82495618
7,1,,quantum,precond_pen=1.100,1.1,True,0,0.000104,328.25007499,328.25007499
7,1,,quantum,precond_pen=1.100,1.1,True,1,0.012205,321.4752773,321.4752773
7,1,,quantum,precond_pen=1.100,1.1,True,2,0.013145,289.4361818,289.4361818
7,1,,quantum,precond_pen=1.100,1.1,True,3,3.227068,289.41794703,289.41794703
7,1,,quantum,precond_pen=1.100,1.1,True,4,5.456121,287.25328961,287.25328961
7,1,,quantum,precond_pen=1.100,1.1,True,5,5.783612,286.82495618,286.82495618
7,1,,quantum,precond_pen=1.200,1.2,True,0,0.000112,328.25007499,328.25007499
7,1,,quantum,precond_pen=1.200,1.2,True,1,0.012178,326.7491685,326.7491685
7,1,,quantum,precond_pen=1.200,1.2,True,2,0.012861,294.72913542,294.72913542
7,1,,quantum,precond_pen=1.200,1.2,True,3,0.045405,292.60204256,292.60204256
7,1,,quantum,precond_pen=1.200,1.2,True,4,3.02993,291.57243165,291.57243165
7,1,,quantum,precond_pen=1.200,1.2,True,5,3.101944,290.04189658,290.04189658
7,1,,quantum,precond_pen=1.200,1.2,True,6,5.65927,289.73193442,289.73193442
7,1,,quantum,precond_pen=1.200,1.2,True,7,5.836888,289.46284678,289.46284678
7,1,,quantum,precond_pen=1.200,1.2,True,8,6.806035,288.8141419,288.8141419
7,1,,quantum,precond_pen=1.200,1.2,True,9,8.371264,286.82495618,286.82495618
7,1,,quantum,precond_pen=1.300,1.3,True,0,0.000152,328.25007499,328.25007499
7,1,,quantum,precond_pen=1.300,1.3,True,1,0.011521,319.41353592,319.41353592
7,1,,quantum,precond_pen=1.300,1.3,True,2,0.012459,286.82495618,286.82495618
7,1,,quantum,precond_pen=1.400,1.4,True,0,0.000112,328.25007499,328.25007499
7,1,,quantum,precond_pen=1.400,1.4,True,1,0.011397,322.3097444,322.3097444
7,1,,quantum,precond_pen=1.400,1.4,True,2,0.012392,286.82495618,286.82495618
7,1,,quantum,precond_pen=1.500,1.5,True,0,0.000108,328.25007499,328.25007499
7,1,,quantum,precond_pen=1.500,1.5,True,1,0.011648,317.48482782,317.48482782
7,1,,quantum,precond_pen=1.500,1.5,True,2,0.012601,289.41794703,289.41794703
7,1,,quantum,precond_pen=1.500,1.5,True,3,5.262419,287.3989318,287.3989318
7,1,,quantum,precond_pen=1.500,1.5,True,4,5.51224,286.82495618,286.82495618
7,1,,quantum,precond_pen=1.600,1.6,True,0,0.000114,328.25007499,328.25007499
7,1,,quantum,precond_pen=1.600,1.6,True,1,0.011423,326.99382913,326.99382913
7,1,,quantum,precond_pen=1.600,1.6,True,2,0.012374,286.82495618,286.82495618
7,1,,quantum,precond_pen=1.700,1.7,True,0,0.000387,328.25007499,328.25007499
7,1,,quantum,precond_pen=1.700,1.7,True,1,0.011697,328.01023189,328.01023189
7,1,,quantum,precond_pen=1.700,1.7,True,2,0.013059,289.80883955,289.80883955
7,1,,quantum,precond_pen=1.700,1.7,True,3,0.04509,289.4361818,289.4361818
7,1,,quantum,precond_pen=1.700,1.7,True,4,6.338642,288.83310996,288.83310996
7,1,,quantum,precond_pen=1.700,1.7,True,5,22.688462,286.82495618,286.82495618
7,1,,quantum,precond_pen=1.700,1.7,True,6,31.034828,286.82495618,286.82495618
7,1,,quantum,precond_pen=1.800,1.8,True,0,0.00011,328.25007499,328.25007499
7,1,,quantum,precond_pen=1.800,1.8,True,1,0.011541,324.18384391,324.18384391
7,1,,quantum,precond_pen=1.800,1.8,True,2,0.012481,286.82495618,286.82495618
7,1,,quantum,precond_pen=1.900,1.9,True,0,0.000116,328.25007499,328.25007499
7,1,,quantum,precond_pen=1.900,1.9,True,1,0.012645,292.60204256,292.60204256
7,1,,quantum,precond_pen=1.900,1.9,True,2,0.043999,291.13866582,291.13866582
7,1,,quantum,precond_pen=1.900,1.9,True,3,4.246031,288.8141419,288.8141419
7,1,,quantum,precond_pen=1.900,1.9,True,4,5.974604,286.82495618,286.82495618
7,1,,quantum,precond_pen=2.000,2.0,True,0,0.000118,328.25007499,328.25007499
7,1,,quantum,precond_pen=2.000,2.0,True,1,0.011721,327.38091511,327.38091511
7,1,,quantum,precond_pen=2.000,2.0,True,2,0.01268,289.4361818,289.4361818
7,1,,quantum,precond_pen=2.000,2.0,True,3,7.602157,288.83310996,288.83310996
7,1,,quantum,precond_pen=2.000,2.0,True,4,9.497554,287.3989318,287.3989318
7,1,,quantum,precond_pen=2.000,2.0,True,5,9.708866,287.25328961,287.25328961
7,1,,quantum,precond_pen=2.000,2.0,True,6,9.709179,286.82495618,286.82495618
8,1,,quantum,baseline,,True,0,0.000113,325.05491318,325.05491318
8,1,,quantum,baseline,,True,1,0.009176,308.30465837,308.30465837
8,1,,quantum,baseline,,True,2,0.011517,286.64970848,286.64970848
8,1,,quantum,baseline,,True,3,0.081748,282.8012999,282.8012999
8,1,,quantum,baseline,,True,4,0.086324,280.62375214,280.62375214
8,1,,quantum,precond_pen=1.100,1.1,True,0,0.000115,325.05491318,325.05491318
8,1,,quantum,precond_pen=1.100,1.1,True,1,0.011719,310.19962618,310.19962618
8,1,,quantum,precond_pen=1.100,1.1,True,2,0.012424,286.52702193,286.52702193
8,1,,quantum,precond_pen=1.100,1.1,True,3,0.044611,283.31615258,283.31615258
8,1,,quantum,precond_pen=1.100,1.1,True,4,8.861461,283.19414562,283.19414562
8,1,,quantum,precond_pen=1.100,1.1,True,5,8.861782,282.54146717,282.54146717
8,1,,quantum,precond_pen=1.100,1.1,True,6,10.577057,282.24318641,282.24318641
8,1,,quantum,precond_pen=1.100,1.1,True,7,11.091033,280.62375214,280.62375214
8,1,,quantum,precond_pen=1.200,1.2,True,0,0.000112,325.05491318,325.05491318
8,1,,quantum,precond_pen=1.200,1.2,True,1,0.011506,310.19962618,310.19962618
8,1,,quantum,precond_pen=1.200,1.2,True,2,0.012202,286.52702193,286.52702193
8,1,,quantum,precond_pen=1.200,1.2,True,3,0.059828,282.54146717,282.54146717
8,1,,quantum,precond_pen=1.200,1.2,True,4,3.780526,281.95728574,281.95728574
8,1,,quantum,precond_pen=1.200,1.2,True,5,4.898547,281.11261362,281.11261362
8,1,,quantum,precond_pen=1.200,1.2,True,6,31.328216,280.62375214,280.62375214
8,1,,quantum,precond_pen=1.200,1.2,True,7,38.425444,280.62375214,280.62375214
8,1,,quantum,precond_pen=1.300,1.3,True,0,0.000115,325.05491318,325.05491318
8,1,,quantum,precond_pen=1.300,1.3,True,1,0.01143,305.70889538,305.70889538
8,1,,quantum,precond_pen=1.300,1.3,True,2,0.012775,284.71003166,284.71003166
8,1,,quantum,precond_pen=1.300,1.3,True,3,0.057184,283.31615258,283.31615258
8,1,,quantum,precond_pen=1.300,1.3,True,4,6.207982,283.19414562,283.19414562
8,1,,quantum,precond_pen=1.300,1.3,True,5,6.625425,282.8012999,282.8012999
8,1,,quantum,precond_pen=1.300,1.3,True,6,10.250631,282.22326566,282.22326566
8,1,,quantum,precond_pen=1.300,1.3,True,7,10.250896,282.08259505,282.08259505
8,1,,quantum,precond_pen=1.300,1.3,True,8,13.631461,280.62375214,280.62375214
8,1,,quantum,precond_pen=1.400,1.4,True,0,0.000183,325.05491318,325.05491318
8,1,,quantum,precond_pen=1.400,1.4,True,1,0.0134,310.44408443,310.44408443
8,1,,quantum,precond_pen=1.400,1.4,True,2,0.014567,284.69971398,284.69971398
8,1,,quantum,precond_pen=1.400,1.4,True,3,0.047248,283.31615258,283.31615258
8,1,,quantum,precond_pen=1.400,1.4,True,4,6.155615,283.25457211,283.25457211
8,1,,quantum,precond_pen=1.400,1.4,True,5,6.399049,282.49259654,282.49259654
8,1,,quantum,precond_pen=1.400,1.4,True,6,6.399307,281.95728574,281.95728574
8,1,,quantum,precond_pen=1.400,1.4,True,7,7.833399,281.77471549,281.77471549
8,1,,quantum,precond_pen=1.400,1.4,True,8,7.997041,281.73147799,281.73147799
8,1,,quantum,precond_pen=1.400,1.4,True,9,8.923872,281.58200578,281.58200578
8,1,,quantum,precond_pen=1.400,1.4,True,10,11.632193,281.11261362,281.11261362
8,1,,quantum,precond_pen=1.400,1.4,True,11,40.058382,280.62375214,280.62375214
8,1,,quantum,precond_pen=1.500,1.5,True,0,0.00016,325.05491318,325.05491318
8,1,,quantum,precond_pen=1.500,1.5,True,1,0.011599,309.0433038,309.0433038
8,1,,quantum,precond_pen=1.500,1.5,True,2,0.012958,281.95728574,281.95728574
8,1,,quantum,precond_pen=1.500,1.5,True,3,5.79295,281.73147799,281.73147799
8,1,,quantum,precond_pen=1.500,1.5,True,4,6.38229,281.11261362,281.11261362
8,1,,quantum,precond_pen=1.500,1.5,True,5,29.433554,280.62375214,280.62375214
8,1,,quantum,precond_pen=1.500,1.5,True,6,45.122166,280.62375214,280.62375214
8,1,,quantum,precond_pen=1.600,1.6,True,0,0.000112,325.05491318,325.05491318
8,1,,quantum,precond_pen=1.600,1.6,True,1,0.014525,312.81857648,312.81857648
8,1,,quantum,precond_pen=1.600,1.6,True,2,0.015945,284.76860537,284.76860537
8,1,,quantum,precond_pen=1.600,1.6,True,3,2.946215,282.31145411,282.31145411
8,1,,quantum,precond_pen=1.600,1.6,True,4,2.946494,281.73147799,281.73147799
8,1,,quantum,precond_pen=1.600,1.6,True,5,5.630291,281.58200578,281.58200578
8,1,,quantum,precond_pen=1.600,1.6,True,6,6.961554,281.11261362,281.11261362
8,1,,quantum,precond_pen=1.600,1.6,True,7,16.852183,280.62375214,280.62375214
8,1,,quantum,precond_pen=1.600,1.6,True,8,42.593494,280.62375214,280.62375214
8,1,,quantum,precond_pen=1.700,1.7,True,0,0.000115,325.05491318,325.05491318
8,1,,quantum,precond_pen=1.700,1.7,True,1,0.010876,302.83296013,302.83296013
8,1,,quantum,precond_pen=1.700,1.7,True,2,0.01182,284.69971398,284.69971398
8,1,,quantum,precond_pen=1.700,1.7,True,3,3.216724,284.46921836,284.46921836
8,1,,quantum,precond_pen=1.700,1.7,True,4,3.577495,283.11460682,283.11460682
8,1,,quantum,precond_pen=1.700,1.7,True,5,4.141805,282.30431356,282.30431356
8,1,,quantum,precond_pen=1.700,1.7,True,6,9.656167,281.77471549,281.77471549
8,1,,quantum,precond_pen=1.700,1.7,True,7,10.162809,281.73820189,281.73820189
8,1,,quantum,precond_pen=1.700,1.7,True,8,10.480431,281.11261362,281.11261362
8,1,,quantum,precond_pen=1.700,1.7,True,9,25.242492,280.62375214,280.62375214
8,1,,quantum,precond_pen=1.700,1.7,True,10,42.233661,280.62375214,280.62375214
8,1,,quantum,precond_pen=1.800,1.8,True,0,0.000126,325.05491318,325.05491318
8,1,,quantum,precond_pen=1.800,1.8,True,1,0.012262,312.7421288,312.7421288
8,1,,quantum,precond_pen=1.800,1.8,True,2,0.013714,282.30431356,282.30431356
8,1,,quantum,precond_pen=1.800,1.8,True,3,0.047906,280.62375214,280.62375214
8,1,,quantum,precond_pen=1.900,1.9,True,0,0.000106,325.05491318,325.05491318
8,1,,quantum,precond_pen=1.900,1.9,True,1,0.010958,308.69458152,308.69458152
8,1,,quantum,precond_pen=1.900,1.9,True,2,0.011775,287.31376712,287.31376712
8,1,,quantum,precond_pen=1.900,1.9,True,3,3.293352,285.55541756,285.55541756
8,1,,quantum,precond_pen=1.900,1.9,True,4,4.429669,284.92360722,284.92360722
8,1,,quantum,precond_pen=1.900,1.9,True,5,5.09663,282.8012999,282.8012999
8,1,,quantum,precond_pen=1.900,1.9,True,6,10.262992,282.6005075,282.6005075
8,1,,quantum,precond_pen=1.900,1.9,True,7,10.584607,280.62375214,280.62375214
8,1,,quantum,precond_pen=2.000,2.0,True,0,0.000109,325.05491318,325.05491318
8,1,,quantum,precond_pen=2.000,2.0,True,1,0.011194,312.81857648,312.81857648
8,1,,quantum,precond_pen=2.000,2.0,True,2,0.012138,284.76860537,284.76860537
8,1,,quantum,precond_pen=2.000,2.0,True,3,0.046122,281.11261362,281.11261362
8,1,,quantum,precond_pen=2.000,2.0,True,4,44.673678,280.62375214,280.62375214
8,1,,quantum,precond_pen=2.000,2.0,True,5,45.876559,280.62375214,280.62375214
9,1,,quantum,baseline,,True,0,0.000109,329.5095148,329.5095148
9,1,,quantum,baseline,,True,1,0.010087,284.54790388,284.54790388
9,1,,quantum,baseline,,True,2,6.446099,281.47968607,281.47968607
9,1,,quantum,precond_pen=1.100,1.1,True,0,0.000107,329.5095148,329.5095148
9,1,,quantum,precond_pen=1.100,1.1,True,1,0.011815,322.82453646,322.82453646
9,1,,quantum,precond_pen=1.100,1.1,True,2,0.012686,285.33503917,285.33503917
9,1,,quantum,precond_pen=1.100,1.1,True,3,0.04452,281.47968607,281.47968607
9,1,,quantum,precond_pen=1.200,1.2,True,0,0.000112,329.5095148,329.5095148
9,1,,quantum,precond_pen=1.200,1.2,True,1,0.011075,319.45707528,319.45707528
9,1,,quantum,precond_pen=1.200,1.2,True,2,0.012007,285.33503917,285.33503917
9,1,,quantum,precond_pen=1.200,1.2,True,3,0.044158,281.47968607,281.47968607
9,1,,quantum,precond_pen=1.300,1.3,True,0,0.00011,329.5095148,329.5095148
9,1,,quantum,precond_pen=1.300,1.3,True,1,0.011253,317.06582355,317.06582355
9,1,,quantum,precond_pen=1.300,1.3,True,2,0.012107,285.33503917,285.33503917
9,1,,quantum,precond_pen=1.300,1.3,True,3,0.045567,281.47968607,281.47968607
9,1,,quantum,precond_pen=1.400,1.4,True,0,0.000102,329.5095148,329.5095148
9,1,,quantum,precond_pen=1.400,1.4,True,1,0.011665,316.20372684,316.20372684
9,1,,quantum,precond_pen=1.400,1.4,True,2,0.012646,284.54790388,284.54790388
9,1,,quantum,precond_pen=1.400,1.4,True,3,0.045441,281.47968607,281.47968607
9,1,,quantum,precond_pen=1.500,1.5,True,0,0.000103,329.5095148,329.5095148
9,1,,quantum,precond_pen=1.500,1.5,True,1,0.011638,320.17387799,320.17387799
9,1,,quantum,precond_pen=1.500,1.5,True,2,0.012345,291.97263378,291.97263378
9,1,,quantum,precond_pen=1.500,1.5,True,3,0.045989,285.33503917,285.33503917
9,1,,quantum,precond_pen=1.500,1.5,True,4,3.294053,282.0974362,282.0974362
9,1,,quantum,precond_pen=1.500,1.5,True,5,3.294277,281.47968607,281.47968607
9,1,,quantum,precond_pen=1.500,1.5,True,6,12.142496,281.47968607,281.47968607
9,1,,quantum,precond_pen=1.600,1.6,True,0,0.000104,329.5095148,329.5095148
9,1,,quantum,precond_pen=1.600,1.6,True,1,0.011253,319.45707528,319.45707528
9,1,,quantum,precond_pen=1.600,1.6,True,2,0.01211,285.33503917,285.33503917
9,1,,quantum,precond_pen=1.600,1.6,True,3,2.763523,285.0859611,285.0859611
9,1,,quantum,precond_pen=1.600,1.6,True,4,3.638305,281.47968607,281.47968607
9,1,,quantum,precond_pen=1.700,1.7,True,0,0.000109,329.5095148,329.5095148
9,1,,quantum,precond_pen=1.700,1.7,True,1,0.011709,307.22657337,307.22657337
9,1,,quantum,precond_pen=1.700,1.7,True,2,0.012436,285.33503917,285.33503917
9,1,,quantum,precond_pen=1.700,1.7,True,3,6.290366,284.74348133,284.74348133
9,1,,quantum,precond_pen=1.700,1.7,True,4,9.548326,284.54790388,284.54790388
9,1,,quantum,precond_pen=1.700,1.7,True,5,11.013782,281.47968607,281.47968607
9,1,,quantum,precond_pen=1.800,1.8,True,0,0.000115,329.5095148,329.5095148
9,1,,quantum,precond_pen=1.800,1.8,True,1,0.011613,311.44991843,311.44991843
9,1,,quantum,precond_pen=1.800,1.8,True,2,0.012351,290.20904546,290.20904546
9,1,,quantum,precond_pen=1.800,1.8,True,3,0.046997,281.47968607,281.47968607
9,1,,quantum,precond_pen=1.900,1.9,True,0,0.000113,329.5095148,329.5095148
9,1,,quantum,precond_pen=1.900,1.9,True,1,0.011255,318.32468452,318.32468452
9,1,,quantum,precond_pen=1.900,1.9,True,2,0.012254,284.54790388,284.54790388
9,1,,quantum,precond_pen=1.900,1.9,True,3,5.310379,284.13550231,284.13550231
9,1,,quantum,precond_pen=1.900,1.9,True,4,6.879059,282.0974362,282.0974362
9,1,,quantum,precond_pen=1.900,1.9,True,5,7.616244,281.47968607,281.47968607
9,1,,quantum,precond_pen=2.000,2.0,True,0,0.000114,329.5095148,329.5095148
9,1,,quantum,precond_pen=2.000,2.0,True,1,0.011453,318.51598447,318.51598447
9,1,,quantum,precond_pen=2.000,2.0,True,2,0.012347,285.33503917,285.33503917
9,1,,quantum,precond_pen=2.000,2.0,True,3,7.096893,284.7991126,284.7991126
9,1,,quantum,precond_pen=2.000,2.0,True,4,7.756067,284.54790388,284.54790388
9,1,,quantum,precond_pen=2.000,2.0,True,5,9.640774,281.47968607,281.47968607
10,1,,quantum,baseline,,True,0,0.000113,328.97127649,328.97127649
10,1,,quantum,baseline,,True,1,0.009048,324.78590597,324.78590597
10,1,,quantum,baseline,,True,2,0.009551,323.058068,323.058068
10,1,,quantum,baseline,,True,3,0.010009,321.2618456,321.2618456
10,1,,quantum,baseline,,True,4,0.010921,284.28687,284.28687
10,1,,quantum,precond_pen=1.100,1.1,True,0,0.000111,328.97127649,328.97127649
10,1,,quantum,precond_pen=1.100,1.1,True,1,0.011717,309.37560188,309.37560188
10,1,,quantum,precond_pen=1.100,1.1,True,2,0.012427,288.48945732,288.48945732
10,1,,quantum,precond_pen=1.100,1.1,True,3,0.069077,284.28687,284.28687
10,1,,quantum,precond_pen=1.200,1.2,True,0,0.000121,328.97127649,328.97127649
10,1,,quantum,precond_pen=1.200,1.2,True,1,0.011724,303.15787024,303.15787024
10,1,,quantum,precond_pen=1.200,1.2,True,2,0.012678,284.74374637,284.74374637
10,1,,quantum,precond_pen=1.200,1.2,True,3,12.42919,284.65445913,284.65445913
10,1,,quantum,precond_pen=1.200,1.2,True,4,15.911036,284.28687,284.28687
10,1,,quantum,precond_pen=1.200,1.2,True,5,36.595134,284.28687,284.28687
10,1,,quantum,precond_pen=1.300,1.3,True,0,0.000111,328.97127649,328.97127649
10,1,,quantum,precond_pen=1.300,1.3,True,1,0.010494,323.19583206,323.19583206
10,1,,quantum,precond_pen=1.300,1.3,True,2,0.010943,323.058068,323.058068
10,1,,quantum,precond_pen=1.300,1.3,True,3,0.011417,307.52404223,307.52404223
10,1,,quantum,precond_pen=1.300,1.3,True,4,0.012554,288.26658526,288.26658526
10,1,,quantum,precond_pen=1.300,1.3,True,5,0.043839,284.28687,284.28687
10,1,,quantum,precond_pen=1.400,1.4,True,0,0.000113,328.97127649,328.97127649
10,1,,quantum,precond_pen=1.400,1.4,True,1,0.011776,312.53534921,312.53534921
10,1,,quantum,precond_pen=1.400,1.4,True,2,0.012487,288.26658526,288.26658526
10,1,,quantum,precond_pen=1.400,1.4,True,3,0.068647,284.94936655,284.94936655
10,1,,quantum,precond_pen=1.400,1.4,True,4,8.278587,284.78135653,284.78135653
10,1,,quantum,precond_pen=1.400,1.4,True,5,8.278928,284.28687,284.28687
10,1,,quantum,precond_pen=1.500,1.5,True,0,0.000112,328.97127649,328.97127649
10,1,,quantum,precond_pen=1.500,1.5,True,1,0.011426,311.58992733,311.58992733
10,1,,quantum,precond_pen=1.500,1.5,True,2,0.012149,288.26658526,288.26658526
10,1,,quantum,precond_pen=1.500,1.5,True,3,0.043858,284.28687,284.28687
10,1,,quantum,precond_pen=1.600,1.6,True,0,0.000114,328.97127649,328.97127649
10,1,,quantum,precond_pen=1.600,1.6,True,1,0.01095,307.79293499,307.79293499
10,1,,quantum,precond_pen=1.600,1.6,True,2,0.012092,288.26658526,288.26658526
10,1,,quantum,precond_pen=1.600,1.6,True,3,0.04643,284.94936655,284.94936655
10,1,,quantum,precond_pen=1.600,1.6,True,4,5.553778,284.78135653,284.78135653
10,1,,quantum,precond_pen=1.600,1.6,True,5,6.866878,284.74563122,284.74563122
10,1,,quantum,precond_pen=1.600,1.6,True,6,7.121794,284.28687,284.28687
10,1,,quantum,precond_pen=1.700,1.7,True,0,0.000113,328.97127649,328.97127649
10,1,,quantum,precond_pen=1.700,1.7,True,1,0.011209,305.77146532,305.77146532
10,1,,quantum,precond_pen=1.700,1.7,True,2,0.012159,284.28687,284.28687
10,1,,quantum,precond_pen=1.800,1.8,True,0,0.000111,328.97127649,328.97127649
10,1,,quantum,precond_pen=1.800,1.8,True,1,0.010931,306.09281327,306.09281327
10,1,,quantum,precond_pen=1.800,1.8,True,2,0.012107,284.28687,284.28687
10,1,,quantum,precond_pen=1.900,1.9,True,0,0.000116,328.97127649,328.97127649
10,1,,quantum,precond_pen=1.900,1.9,True,1,0.011478,307.05099108,307.05099108
10,1,,quantum,precond_pen=1.900,1.9,True,2,0.012648,284.74374637,284.74374637
10,1,,quantum,precond_pen=1.900,1.9,True,3,12.516368,284.28687,284.28687
10,1,,quantum,precond_pen=1.900,1.9,True,4,47.378917,284.28687,284.28687
10,1,,quantum,precond_pen=2.000,2.0,True,0,0.000107,328.97127649,328.97127649
10,1,,quantum,precond_pen=2.000,2.0,True,1,0.010703,306.39774279,306.39774279
10,1,,quantum,precond_pen=2.000,2.0,True,2,0.011659,284.28687,284.28687
11,1,,quantum,baseline,,True,0,0.000116,313.74431167,313.74431167
11,1,,quantum,baseline,,True,1,0.013637,269.81763802,269.81763802
11,1,,quantum,baseline,,True,2,17.416726,269.34382959,269.34382959
11,1,,quantum,precond_pen=1.100,1.1,True,0,0.000113,313.74431167,313.74431167
11,1,,quantum,precond_pen=1.100,1.1,True,1,0.012553,310.87204023,310.87204023
11,1,,quantum,precond_pen=1.100,1.1,True,2,0.013512,269.34382959,269.34382959
11,1,,quantum,precond_pen=1.200,1.2,True,0,0.000117,313.74431167,313.74431167
11,1,,quantum,precond_pen=1.200,1.2,True,1,0.011698,310.85918851,310.85918851
11,1,,quantum,precond_pen=1.200,1.2,True,2,0.012586,269.81763802,269.81763802
11,1,,quantum,precond_pen=1.200,1.2,True,3,10.160427,269.34382959,269.34382959
11,1,,quantum,precond_pen=1.300,1.3,True,0,0.000114,313.74431167,313.74431167
11,1,,quantum,precond_pen=1.300,1.3,True,1,0.014518,303.93787074,303.93787074
11,1,,quantum,precond_pen=1.300,1.3,True,2,0.015587,279.79435497,279.79435497
11,1,,quantum,precond_pen=1.300,1.3,True,3,2.774224,276.32911292,276.32911292
11,1,,quantum,precond_pen=1.300,1.3,True,4,4.605921,275.03130532,275.03130532
11,1,,quantum,precond_pen=1.300,1.3,True,5,4.606295,274.99645664,274.99645664
11,1,,quantum,precond_pen=1.300,1.3,True,6,4.915394,273.47098112,273.47098112
11,1,,quantum,precond_pen=1.300,1.3,True,7,5.047072,271.43274439,271.43274439
11,1,,quantum,precond_pen=1.300,1.3,True,8,5.04738,271.26464759,271.26464759
11,1,,quantum,precond_pen=1.300,1.3,True,9,5.28251,269.81763802,269.81763802
11,1,,quantum,precond_pen=1.300,1.3,True,10,14.573952,269.34382959,269.34382959
11,1,,quantum,precond_pen=1.400,1.4,True,0,0.000111,313.74431167,313.74431167
11,1,,quantum,precond_pen=1.400,1.4,True,1,0.012395,277.36338316,277.36338316
11,1,,quantum,precond_pen=1.400,1.4,True,2,0.067625,269.81763802,269.81763802
11,1,,quantum,precond_pen=1.400,1.4,True,3,2.695956,269.34382959,269.34382959
11,1,,quantum,precond_pen=1.500,1.5,True,0,0.000112,313.74431167,313.74431167
11,1,,quantum,precond_pen=1.500,1.5,True,1,0.011551,308.00179217,308.00179217
11,1,,quantum,precond_pen=1.500,1.5,True,2,0.012704,269.34382959,269.34382959
11,1,,quantum,precond_pen=1.600,1.6,True,0,0.000113,313.74431167,313.74431167
11,1,,quantum,precond_pen=1.600,1.6,True,1,0.011412,298.55906792,298.55906792
11,1,,quantum,precond_pen=1.600,1.6,True,2,0.012781,269.81763802,269.81763802
11,1,,quantum,precond_pen=1.600,1.6,True,3,7.704684,269.34382959,269.34382959
11,1,,quantum,precond_pen=1.600,1.6,True,4,17.777916,269.34382959,269.34382959
11,1,,quantum,precond_pen=1.700,1.7,True,0,0.000111,313.74431167,313.74431167
11,1,,quantum,precond_pen=1.700,1.7,True,1,0.011908,311.03927438,311.03927438
11,1,,quantum,precond_pen=1.700,1.7,True,2,0.01281,277.36338316,277.36338316
11,1,,quantum,precond_pen=1.700,1.7,True,3,0.044469,269.34382959,269.34382959
11,1,,quantum,precond_pen=1.800,1.8,True,0,0.000113,313.74431167,313.74431167
11,1,,quantum,precond_pen=1.800,1.8,True,1,0.011518,306.55722313,306.55722313
11,1,,quantum,precond_pen=1.800,1.8,True,2,0.012254,279.79435497,279.79435497
11,1,,quantum,precond_pen=1.800,1.8,True,3,0.04371,269.34382959,269.34382959
11,1,,quantum,precond_pen=1.900,1.9,True,0,0.000116,313.74431167,313.74431167
11,1,,quantum,precond_pen=1.900,1.9,True,1,0.011293,308.93689018,308.93689018
11,1,,quantum,precond_pen=1.900,1.9,True,2,0.012418,274.75766405,274.75766405
11,1,,quantum,precond_pen=1.900,1.9,True,3,0.975844,273.75387321,273.75387321
11,1,,quantum,precond_pen=1.900,1.9,True,4,2.839335,273.40254456,273.40254456
11,1,,quantum,precond_pen=1.900,1.9,True,5,5.238389,272.90302786,272.90302786
11,1,,quantum,precond_pen=1.900,1.9,True,6,5.439377,270.13230771,270.13230771
11,1,,quantum,precond_pen=1.900,1.9,True,7,5.86251,269.34382959,269.34382959
11,1,,quantum,precond_pen=2.000,2.0,True,0,0.000117,313.74431167,313.74431167
11,1,,quantum,precond_pen=2.000,2.0,True,1,0.011661,305.36025401,305.36025401
11,1,,quantum,precond_pen=2.000,2.0,True,2,0.012836,269.34382959,269.34382959
12,1,,quantum,baseline,,True,0,0.000116,329.12011443,329.12011443
12,1,,quantum,baseline,,True,1,0.009204,324.92982577,324.92982577
12,1,,quantum,baseline,,True,2,0.009773,323.17244969,323.17244969
12,1,,quantum,baseline,,True,3,0.011039,281.72604566,281.72604566
12,1,,quantum,precond_pen=1.100,1.1,True,0,0.000113,329.12011443,329.12011443
12,1,,quantum,precond_pen=1.100,1.1,True,1,0.014899,314.30663011,314.30663011
12,1,,quantum,precond_pen=1.100,1.1,True,2,0.016425,283.60738058,283.60738058
12,1,,quantum,precond_pen=1.100,1.1,True,3,0.070336,281.72604566,281.72604566
12,1,,quantum,precond_pen=1.200,1.2,True,0,0.000115,329.12011443,329.12011443
12,1,,quantum,precond_pen=1.200,1.2,True,1,0.012403,314.30663011,314.30663011
12,1,,quantum,precond_pen=1.200,1.2,True,2,0.013587,283.60738058,283.60738058
12,1,,quantum,precond_pen=1.200,1.2,True,3,0.068927,281.72604566,281.72604566
12,1,,quantum,precond_pen=1.300,1.3,True,0,0.000115,329.12011443,329.12011443
12,1,,quantum,precond_pen=1.300,1.3,True,1,0.012225,320.20934246,320.20934246
12,1,,quantum,precond_pen=1.300,1.3,True,2,0.013394,281.72604566,281.72604566
12,1,,quantum,precond_pen=1.400,1.4,True,0,0.000114,329.12011443,329.12011443
12,1,,quantum,precond_pen=1.400,1.4,True,1,0.014889,313.69589684,313.69589684
12,1,,quantum,precond_pen=1.400,1.4,True,2,0.017678,281.72604566,281.72604566
12,1,,quantum,precond_pen=1.500,1.5,True,0,0.000122,329.12011443,329.12011443
12,1,,quantum,precond_pen=1.500,1.5,True,1,0.013445,309.59674976,309.59674976
12,1,,quantum,precond_pen=1.500,1.5,True,2,0.014742,281.72604566,281.72604566
12,1,,quantum,precond_pen=1.600,1.6,True,0,0.000104,329.12011443,329.12011443
12,1,,quantum,precond_pen=1.600,1.6,True,1,0.011415,328.94527239,328.94527239
12,1,,quantum,precond_pen=1.600,1.6,True,2,0.011905,317.10271507,317.10271507
12,1,,quantum,precond_pen=1.600,1.6,True,3,0.013105,281.72604566,281.72604566
12,1,,quantum,precond_pen=1.700,1.7,True,0,0.000107,329.12011443,329.12011443
12,1,,quantum,precond_pen=1.700,1.7,True,1,0.01129,314.80003709,314.80003709
12,1,,quantum,precond_pen=1.700,1.7,True,2,0.012411,281.72604566,281.72604566
12,1,,quantum,precond_pen=1.800,1.8,True,0,0.000106,329.12011443,329.12011443
12,1,,quantum,precond_pen=1.800,1.8,True,1,0.011345,320.12774205,320.12774205
12,1,,quantum,precond_pen=1.800,1.8,True,2,0.012282,281.72604566,281.72604566
12,1,,quantum,precond_pen=1.900,1.9,True,0,0.000115,329.12011443,329.12011443
12,1,,quantum,precond_pen=1.900,1.9,True,1,0.012992,312.28102042,312.28102042
12,1,,quantum,precond_pen=1.900,1.9,True,2,0.015037,307.60924251,307.60924251
12,1,,quantum,precond_pen=1.900,1.9,True,3,0.016508,281.72604566,281.72604566
12,1,,quantum,precond_pen=2.000,2.0,True,0,0.00013,329.12011443,329.12011443
12,1,,quantum,precond_pen=2.000,2.0,True,1,0.014507,314.80003709,314.80003709
12,1,,quantum,precond_pen=2.000,2.0,True,2,0.016316,281.72604566,281.72604566
13,1,,quantum,baseline,,True,0,0.000109,313.52132586,313.52132586
13,1,,quantum,baseline,,True,1,0.010073,280.1611718,280.1611718
13,1,,quantum,baseline,,True,2,7.464479,280.13555674,280.13555674
13,1,,quantum,baseline,,True,3,7.584255,279.29307115,279.29307115
13,1,,quantum,precond_pen=1.100,1.1,True,0,0.000118,313.52132586,313.52132586
13,1,,quantum,precond_pen=1.100,1.1,True,1,0.013234,280.1611718,280.1611718
13,1,,quantum,precond_pen=1.100,1.1,True,2,6.769364,279.29307115,279.29307115
13,1,,quantum,precond_pen=1.200,1.2,True,0,0.000109,313.52132586,313.52132586
13,1,,quantum,precond_pen=1.200,1.2,True,1,0.012207,309.4074341,309.4074341
13,1,,quantum,precond_pen=1.200,1.2,True,2,0.013387,279.29307115,279.29307115
13,1,,quantum,precond_pen=1.300,1.3,True,0,0.00011,313.52132586,313.52132586
13,1,,quantum,precond_pen=1.300,1.3,True,1,0.011671,312.31050449,312.31050449
13,1,,quantum,precond_pen=1.300,1.3,True,2,0.012607,281.95539648,281.95539648
13,1,,quantum,precond_pen=1.300,1.3,True,3,0.045802,280.1611718,280.1611718
13,1,,quantum,precond_pen=1.300,1.3,True,4,3.350276,279.89429754,279.89429754
13,1,,quantum,precond_pen=1.300,1.3,True,5,4.805852,279.29307115,279.29307115
13,1,,quantum,precond_pen=1.400,1.4,True,0,0.000105,313.52132586,313.52132586
13,1,,quantum,precond_pen=1.400,1.4,True,1,0.011751,313.47202574,313.47202574
13,1,,quantum,precond_pen=1.400,1.4,True,2,0.012697,279.29307115,279.29307115
13,1,,quantum,precond_pen=1.500,1.5,True,0,0.000115,313.52132586,313.52132586
13,1,,quantum,precond_pen=1.500,1.5,True,1,0.012367,280.1611718,280.1611718
13,1,,quantum,precond_pen=1.500,1.5,True,2,3.475368,279.29307115,279.29307115
13,1,,quantum,precond_pen=1.500,1.5,True,3,39.677917,279.29307115,279.29307115
13,1,,quantum,precond_pen=1.600,1.6,True,0,0.000116,313.52132586,313.52132586
13,1,,quantum,precond_pen=1.600,1.6,True,1,0.012367,280.1611718,280.1611718
13,1,,quantum,precond_pen=1.600,1.6,True,2,8.974175,279.89429754,279.89429754
13,1,,quantum,precond_pen=1.600,1.6,True,3,15.045394,279.29307115,279.29307115
13,1,,quantum,precond_pen=1.700,1.7,True,0,0.000111,313.52132586,313.52132586
13,1,,quantum,precond_pen=1.700,1.7,True,1,0.011672,312.27634091,312.27634091
13,1,,quantum,precond_pen=1.700,1.7,True,2,0.0126,284.71623097,284.71623097
13,1,,quantum,precond_pen=1.700,1.7,True,3,0.044809,280.1611718,280.1611718
13,1,,quantum,precond_pen=1.700,1.7,True,4,6.590664,280.13555674,280.13555674
13,1,,quantum,precond_pen=1.700,1.7,True,5,8.884175,279.29307115,279.29307115
13,1,,quantum,precond_pen=1.800,1.8,True,0,0.000113,313.52132586,313.52132586
13,1,,quantum,precond_pen=1.800,1.8,True,1,0.011096,311.54332962,311.54332962
13,1,,quantum,precond_pen=1.800,1.8,True,2,0.012075,279.29307115,279.29307115
13,1,,quantum,precond_pen=1.900,1.9,True,0,0.000116,313.52132586,313.52132586
13,1,,quantum,precond_pen=1.900,1.9,True,1,0.012599,280.1611718,280.1611718
13,1,,quantum,precond_pen=1.900,1.9,True,2,5.206564,280.13555674,280.13555674
13,1,,quantum,precond_pen=1.900,1.9,True,3,5.383852,279.29307115,279.29307115
13,1,,quantum,precond_pen=2.000,2.0,True,0,0.000127,313.52132586,313.52132586
13,1,,quantum,precond_pen=2.000,2.0,True,1,0.012348,280.1611718,280.1611718
13,1,,quantum,precond_pen=2.000,2.0,True,2,3.60295,280.13555674,280.13555674
13,1,,quantum,precond_pen=2.000,2.0,True,3,12.651516,279.95550943,279.95550943
13,1,,quantum,precond_pen=2.000,2.0,True,4,13.046526,279.89429754,279.89429754
13,1,,quantum,precond_pen=2.000,2.0,True,5,16.935719,279.29307115,279.29307115
14,1,,quantum,baseline,,True,0,0.000125,312.72915267,312.72915267
14,1,,quantum,baseline,,True,1,0.010488,284.71079891,284.71079891
14,1,,quantum,baseline,,True,2,22.24545,284.26304556,284.26304556
14,1,,quantum,baseline,,True,3,25.990319,284.26304556,284.26304556
14,1,,quantum,precond_pen=1.100,1.1,True,0,0.000126,312.72915267,312.72915267
14,1,,quantum,precond_pen=1.100,1.1,True,1,0.012075,303.61291333,303.61291333
14,1,,quantum,precond_pen=1.100,1.1,True,2,0.012848,284.26304556,284.26304556
14,1,,quantum,precond_pen=1.200,1.2,True,0,0.000112,312.72915267,312.72915267
14,1,,quantum,precond_pen=1.200,1.2,True,1,0.012857,307.51329029,307.51329029
14,1,,quantum,precond_pen=1.200,1.2,True,2,0.013986,284.26304556,284.26304556
14,1,,quantum,precond_pen=1.300,1.3,True,0,0.000108,312.72915267,312.72915267
14,1,,quantum,precond_pen=1.300,1.3,True,1,0.013924,307.51329029,307.51329029
14,1,,quantum,precond_pen=1.300,1.3,True,2,0.014697,284.26304556,284.26304556
14,1,,quantum,precond_pen=1.400,1.4,True,0,0.000114,312.72915267,312.72915267
14,1,,quantum,precond_pen=1.400,1.4,True,1,0.011462,308.20257047,308.20257047
14,1,,quantum,precond_pen=1.400,1.4,True,2,0.012206,285.31480617,285.31480617
14,1,,quantum,precond_pen=1.400,1.4,True,3,0.045662,284.71079891,284.71079891
14,1,,quantum,precond_pen=1.400,1.4,True,4,19.463639,284.26304556,284.26304556
14,1,,quantum,precond_pen=1.400,1.4,True,5,27.176449,284.26304556,284.26304556
14,1,,quantum,precond_pen=1.500,1.5,True,0,0.000112,312.72915267,312.72915267
14,1,,quantum,precond_pen=1.500,1.5,True,1,0.011077,303.04614042,303.04614042
14,1,,quantum,precond_pen=1.500,1.5,True,2,0.012038,285.31480617,285.31480617
14,1,,quantum,precond_pen=1.500,1.5,True,3,0.044217,284.71079891,284.71079891
14,1,,quantum,precond_pen=1.500,1.5,True,4,14.911765,284.26304556,284.26304556
14,1,,quantum,precond_pen=1.500,1.5,True,5,28.661753,284.26304556,284.26304556
14,1,,quantum,precond_pen=1.600,1.6,True,0,0.000126,312.72915267,312.72915267
14,1,,quantum,precond_pen=1.600,1.6,True,1,0.01117,310.82213459,310.82213459
14,1,,quantum,precond_pen=1.600,1.6,True,2,0.012078,285.87166906,285.87166906
14,1,,quantum,precond_pen=1.600,1.6,True,3,0.043892,284.71079891,284.71079891
14,1,,quantum,precond_pen=1.600,1.6,True,4,13.653217,284.26304556,284.26304556
14,1,,quantum,precond_pen=1.600,1.6,True,5,27.225156,284.26304556,284.26304556
14,1,,quantum,precond_pen=1.700,1.7,True,0,0.000105,312.72915267,312.72915267
14,1,,quantum,precond_pen=1.700,1.7,True,1,0.012549,284.71079891,284.71079891
14,1,,quantum,precond_pen=1.700,1.7,True,2,14.511299,284.26304556,284.26304556
14,1,,quantum,precond_pen=1.800,1.8,True,0,0.00011,312.72915267,312.72915267
14,1,,quantum,precond_pen=1.800,1.8,True,1,0.011273,303.61291333,303.61291333
14,1,,quantum,precond_pen=1.800,1.8,True,2,0.012035,284.26304556,284.26304556
14,1,,quantum,precond_pen=1.900,1.9,True,0,0.000114,312.72915267,312.72915267
14,1,,quantum,precond_pen=1.900,1.9,True,1,0.011236,306.58014111,306.58014111
14,1,,quantum,precond_pen=1.900,1.9,True,2,0.012436,291.58613644,291.58613644
14,1,,quantum,precond_pen=1.900,1.9,True,3,0.044633,284.71079891,284.71079891
14,1,,quantum,precond_pen=1.900,1.9,True,4,7.448875,284.26304556,284.26304556
14,1,,quantum,precond_pen=1.900,1.9,True,5,24.439804,284.26304556,284.26304556
14,1,,quantum,precond_pen=2.000,2.0,True,0,0.00012,312.72915267,312.72915267
14,1,,quantum,precond_pen=2.000,2.0,True,1,0.01131,309.27779489,309.27779489
14,1,,quantum,precond_pen=2.000,2.0,True,2,0.012484,291.58613644,291.58613644
14,1,,quantum,precond_pen=2.000,2.0,True,3,0.045625,284.71079891,284.71079891
14,1,,quantum,precond_pen=2.000,2.0,True,4,4.93454,284.26304556,284.26304556
14,1,,quantum,precond_pen=2.000,2.0,True,5,24.57606,284.26304556,284.26304556
15,1,,quantum,baseline,,True,0,0.000114,332.26352535,332.26352535
15,1,,quantum,baseline,,True,1,0.008652,330.38259753,330.38259753
15,1,,quantum,baseline,,True,2,0.009872,327.92735063,327.92735063
15,1,,quantum,baseline,,True,3,0.011092,284.41411059,284.41411059
15,1,,quantum,baseline,,True,4,8.966339,284.14409956,284.14409956
15,1,,quantum,baseline,,True,5,14.305084,284.14409956,284.14409956
15,1,,quantum,precond_pen=1.100,1.1,True,0,0.000114,332.26352535,332.26352535
15,1,,quantum,precond_pen=1.100,1.1,True,1,0.01179,318.9418344,318.9418344
15,1,,quantum,precond_pen=1.100,1.1,True,2,0.012508,290.39511116,290.39511116
15,1,,quantum,precond_pen=1.100,1.1,True,3,3.487942,285.77522541,285.77522541
15,1,,quantum,precond_pen=1.100,1.1,True,4,4.017541,284.55351808,284.55351808
15,1,,quantum,precond_pen=1.100,1.1,True,5,4.700258,284.41411059,284.41411059
15,1,,quantum,precond_pen=1.100,1.1,True,6,8.322575,284.14409956,284.14409956
15,1,,quantum,precond_pen=1.200,1.2,True,0,0.000112,332.26352535,332.26352535
15,1,,quantum,precond_pen=1.200,1.2,True,1,0.015042,324.83529868,324.83529868
15,1,,quantum,precond_pen=1.200,1.2,True,2,0.016442,284.41411059,284.41411059
15,1,,quantum,precond_pen=1.200,1.2,True,3,6.29637,284.14409956,284.14409956
15,1,,quantum,precond_pen=1.300,1.3,True,0,0.000119,332.26352535,332.26352535
15,1,,quantum,precond_pen=1.300,1.3,True,1,0.015679,327.53053624,327.53053624
15,1,,quantum,precond_pen=1.300,1.3,True,2,0.017446,289.15661697,289.15661697
15,1,,quantum,precond_pen=1.300,1.3,True,3,0.073719,284.41411059,284.41411059
15,1,,quantum,precond_pen=1.300,1.3,True,4,4.078388,284.14409956,284.14409956
15,1,,quantum,precond_pen=1.400,1.4,True,0,0.00011,332.26352535,332.26352535
15,1,,quantum,precond_pen=1.400,1.4,True,1,0.011517,325.38044593,325.38044593
15,1,,quantum,precond_pen=1.400,1.4,True,2,0.012674,289.15661697,289.15661697
15,1,,quantum,precond_pen=1.400,1.4,True,3,4.600038,288.9349206,288.9349206
15,1,,quantum,precond_pen=1.400,1.4,True,4,5.219689,284.55351808,284.55351808
15,1,,quantum,precond_pen=1.400,1.4,True,5,6.038903,284.14409956,284.14409956
15,1,,quantum,precond_pen=1.500,1.5,True,0,0.000111,332.26352535,332.26352535
15,1,,quantum,precond_pen=1.500,1.5,True,1,0.012871,319.69280904,319.69280904
15,1,,quantum,precond_pen=1.500,1.5,True,2,0.014098,286.57966088,286.57966088
15,1,,quantum,precond_pen=1.500,1.5,True,3,0.060655,284.41411059,284.41411059
15,1,,quantum,precond_pen=1.500,1.5,True,4,5.189967,284.14409956,284.14409956
15,1,,quantum,precond_pen=1.600,1.6,True,0,0.000117,332.26352535,332.26352535
15,1,,quantum,precond_pen=1.600,1.6,True,1,0.012411,324.09010068,324.09010068
15,1,,quantum,precond_pen=1.600,1.6,True,2,0.013522,284.41411059,284.41411059
15,1,,quantum,precond_pen=1.600,1.6,True,3,7.520258,284.14409956,284.14409956
15,1,,quantum,precond_pen=1.700,1.7,True,0,0.000112,332.26352535,332.26352535
15,1,,quantum,precond_pen=1.700,1.7,True,1,0.014362,321.79439446,321.79439446
15,1,,quantum,precond_pen=1.700,1.7,True,2,0.01572,284.41411059,284.41411059
15,1,,quantum,precond_pen=1.700,1.7,True,3,3.86467,284.14409956,284.14409956
15,1,,quantum,precond_pen=1.700,1.7,True,4,17.875331,284.14409956,284.14409956
15,1,,quantum,precond_pen=1.800,1.8,True,0,0.000112,332.26352535,332.26352535
15,1,,quantum,precond_pen=1.800,1.8,True,1,0.011655,317.30984324,317.30984324
15,1,,quantum,precond_pen=1.800,1.8,True,2,0.013052,290.91676788,290.91676788
15,1,,quantum,precond_pen=1.800,1.8,True,3,0.061043,284.41411059,284.41411059
15,1,,quantum,precond_pen=1.800,1.8,True,4,10.882595,284.14409956,284.14409956
15,1,,quantum,precond_pen=1.800,1.8,True,5,20.941512,284.14409956,284.14409956
15,1,,quantum,precond_pen=1.900,1.9,True,0,0.000132,332.26352535,332.26352535
15,1,,quantum,precond_pen=1.900,1.9,True,1,0.01141,327.98914083,327.98914083
15,1,,quantum,precond_pen=1.900,1.9,True,2,0.012332,290.59767052,290.59767052
15,1,,quantum,precond_pen=1.900,1.9,True,3,0.050057,284.41411059,284.41411059
15,1,,quantum,precond_pen=1.900,1.9,True,4,8.065106,284.14409956,284.14409956
15,1,,quantum,precond_pen=1.900,1.9,True,5,19.995855,284.14409956,284.14409956
15,1,,quantum,precond_pen=2.000,2.0,True,0,0.000122,332.26352535,332.26352535
15,1,,quantum,precond_pen=2.000,2.0,True,1,0.011858,318.23036961,318.23036961
15,1,,quantum,precond_pen=2.000,2.0,True,2,0.013047,284.14409956,284.14409956
16,1,,quantum,baseline,,True,0,0.000112,327.92430095,327.92430095
16,1,,quantum,baseline,,True,1,0.009888,325.35099165,325.35099165
16,1,,quantum,baseline,,True,2,0.01065,290.85131069,290.85131069
16,1,,quantum,baseline,,True,3,0.082347,286.52542961,286.52542961
16,1,,quantum,baseline,,True,4,22.341417,285.90021453,285.90021453
16,1,,quantum,precond_pen=1.100,1.1,True,0,0.000112,327.92430095,327.92430095
16,1,,quantum,precond_pen=1.100,1.1,True,1,0.013113,314.7590406,314.7590406
16,1,,quantum,precond_pen=1.100,1.1,True,2,0.013835,286.80609358,286.80609358
16,1,,quantum,precond_pen=1.100,1.1,True,3,6.169752,286.13393554,286.13393554
16,1,,quantum,precond_pen=1.100,1.1,True,4,6.170015,285.90021453,285.90021453
16,1,,quantum,precond_pen=1.100,1.1,True,5,42.008936,285.90021453,285.90021453
16,1,,quantum,precond_pen=1.200,1.2,True,0,0.000115,327.92430095,327.92430095
16,1,,quantum,precond_pen=1.200,1.2,True,1,0.01288,309.64317625,309.64317625
16,1,,quantum,precond_pen=1.200,1.2,True,2,0.014064,286.80801775,286.80801775
16,1,,quantum,precond_pen=1.200,1.2,True,3,0.068871,286.52542961,286.52542961
16,1,,quantum,precond_pen=1.200,1.2,True,4,8.387415,286.13393554,286.13393554
16,1,,quantum,precond_pen=1.200,1.2,True,5,8.695982,285.90021453,285.90021453
16,1,,quantum,precond_pen=1.300,1.3,True,0,0.000137,327.92430095,327.92430095
16,1,,quantum,precond_pen=1.300,1.3,True,1,0.01243,305.82991067,305.82991067
16,1,,quantum,precond_pen=1.300,1.3,True,2,0.013575,285.90021453,285.90021453
16,1,,quantum,precond_pen=1.400,1.4,True,0,0.000115,327.92430095,327.92430095
16,1,,quantum,precond_pen=1.400,1.4,True,1,0.013274,314.70217924,314.70217924
16,1,,quantum,precond_pen=1.400,1.4,True,2,0.014596,286.80801775,286.80801775
16,1,,quantum,precond_pen=1.400,1.4,True,3,0.060949,286.52542961,286.52542961
16,1,,quantum,precond_pen=1.400,1.4,True,4,6.110839,286.13393554,286.13393554
16,1,,quantum,precond_pen=1.400,1.4,True,5,6.255177,285.90021453,285.90021453
16,1,,quantum,precond_pen=1.400,1.4,True,6,43.327522,285.90021453,285.90021453
16,1,,quantum,precond_pen=1.500,1.5,True,0,0.000124,327.92430095,327.92430095
16,1,,quantum,precond_pen=1.500,1.5,True,1,0.012423,312.88957169,312.88957169
16,1,,quantum,precond_pen=1.500,1.5,True,2,0.013373,285.90021453,285.90021453
16,1,,quantum,precond_pen=1.600,1.6,True,0,0.000117,327.92430095,327.92430095
16,1,,quantum,precond_pen=1.600,1.6,True,1,0.016115,314.70217924,314.70217924
16,1,,quantum,precond_pen=1.600,1.6,True,2,0.017299,286.80801775,286.80801775
16,1,,quantum,precond_pen=1.600,1.6,True,3,0.058286,286.52542961,286.52542961
16,1,,quantum,precond_pen=1.600,1.6,True,4,21.230003,285.90021453,285.90021453
16,1,,quantum,precond_pen=1.600,1.6,True,5,41.54171,285.90021453,285.90021453
16,1,,quantum,precond_pen=1.700,1.7,True,0,0.00011,327.92430095,327.92430095
16,1,,quantum,precond_pen=1.700,1.7,True,1,0.011696,313.14847345,313.14847345
16,1,,quantum,precond_pen=1.700,1.7,True,2,0.012655,286.80609358,286.80609358
16,1,,quantum,precond_pen=1.700,1.7,True,3,0.046766,286.52542961,286.52542961
16,1,,quantum,precond_pen=1.700,1.7,True,4,13.009275,285.90021453,285.90021453
16,1,,quantum,precond_pen=1.700,1.7,True,5,43.328188,285.90021453,285.90021453
16,1,,quantum,precond_pen=1.800,1.8,True,0,0.00013,327.92430095,327.92430095
16,1,,quantum,precond_pen=1.800,1.8,True,1,0.011612,313.14847345,313.14847345
16,1,,quantum,precond_pen=1.800,1.8,True,2,0.01255,286.80609358,286.80609358
16,1,,quantum,precond_pen=1.800,1.8,True,3,0.045432,286.52542961,286.52542961
16,1,,quantum,precond_pen=1.800,1.8,True,4,33.899335,285.90021453,285.90021453
16,1,,quantum,precond_pen=1.800,1.8,True,5,50.142013,285.90021453,285.90021453
16,1,,quantum,precond_pen=1.900,1.9,True,0,0.000113,327.92430095,327.92430095
16,1,,quantum,precond_pen=1.900,1.9,True,1,0.01492,313.14847345,313.14847345
16,1,,quantum,precond_pen=1.900,1.9,True,2,0.016307,286.80609358,286.80609358
16,1,,quantum,precond_pen=1.900,1.9,True,3,0.073014,286.52542961,286.52542961
16,1,,quantum,precond_pen=1.900,1.9,True,4,6.235904,285.90021453,285.90021453
16,1,,quantum,precond_pen=1.900,1.9,True,5,48.408119,285.90021453,285.90021453
16,1,,quantum,precond_pen=2.000,2.0,True,0,0.000107,327.92430095,327.92430095
16,1,,quantum,precond_pen=2.000,2.0,True,1,0.011835,313.14847345,313.14847345
16,1,,quantum,precond_pen=2.000,2.0,True,2,0.012774,286.80609358,286.80609358
16,1,,quantum,precond_pen=2.000,2.0,True,3,0.047501,286.52542961,286.52542961
16,1,,quantum,precond_pen=2.000,2.0,True,4,29.512741,285.90021453,285.90021453
16,1,,quantum,precond_pen=2.000,2.0,True,5,48.431612,285.90021453,285.90021453
17,1,,quantum,baseline,,True,0,0.000111,313.10779843,313.10779843
17,1,,quantum,baseline,,True,1,0.013525,278.66612941,278.66612941
17,1,,quantum,baseline,,True,2,1.47617,278.2103968,278.2103968
17,1,,quantum,baseline,,True,3,1.521233,274.95509502,274.95509502
17,1,,quantum,precond_pen=1.100,1.1,True,0,0.000114,313.10779843,313.10779843
17,1,,quantum,precond_pen=1.100,1.1,True,1,0.013454,311.65355625,311.65355625
17,1,,quantum,precond_pen=1.100,1.1,True,2,0.014609,274.95509502,274.95509502
17,1,,quantum,precond_pen=1.200,1.2,True,0,0.000133,313.10779843,313.10779843
17,1,,quantum,precond_pen=1.200,1.2,True,1,0.012208,312.07116824,312.07116824
17,1,,quantum,precond_pen=1.200,1.2,True,2,0.013333,274.95509502,274.95509502
17,1,,quantum,precond_pen=1.300,1.3,True,0,0.000111,313.10779843,313.10779843
17,1,,quantum,precond_pen=1.300,1.3,True,1,0.011963,308.93002959,308.93002959
17,1,,quantum,precond_pen=1.300,1.3,True,2,0.013108,274.95509502,274.95509502
17,1,,quantum,precond_pen=1.400,1.4,True,0,0.000157,313.10779843,313.10779843
17,1,,quantum,precond_pen=1.400,1.4,True,1,0.015204,311.30544835,311.30544835
17,1,,quantum,precond_pen=1.400,1.4,True,2,0.016157,274.95509502,274.95509502
17,1,,quantum,precond_pen=1.500,1.5,True,0,0.00011,313.10779843,313.10779843
17,1,,quantum,precond_pen=1.500,1.5,True,1,0.0144,310.15084768,310.15084768
17,1,,quantum,precond_pen=1.500,1.5,True,2,0.015539,274.95509502,274.95509502
17,1,,quantum,precond_pen=1.600,1.6,True,0,0.000114,313.10779843,313.10779843
17,1,,quantum,precond_pen=1.600,1.6,True,1,0.014102,309.79491173,309.79491173
17,1,,quantum,precond_pen=1.600,1.6,True,2,0.014751,283.94679584,283.94679584
17,1,,quantum,precond_pen=1.600,1.6,True,3,0.059832,278.66612941,278.66612941
17,1,,quantum,precond_pen=1.600,1.6,True,4,3.978499,274.95509502,274.95509502
17,1,,quantum,precond_pen=1.700,1.7,True,0,0.000112,313.10779843,313.10779843
17,1,,quantum,precond_pen=1.700,1.7,True,1,0.014243,307.75702283,307.75702283
17,1,,quantum,precond_pen=1.700,1.7,True,2,0.015735,274.95509502,274.95509502
17,1,,quantum,precond_pen=1.800,1.8,True,0,0.000115,313.10779843,313.10779843
17,1,,quantum,precond_pen=1.800,1.8,True,1,0.014402,312.22745197,312.22745197
17,1,,quantum,precond_pen=1.800,1.8,True,2,0.015937,274.95509502,274.95509502
17,1,,quantum,precond_pen=1.900,1.9,True,0,0.000118,313.10779843,313.10779843
17,1,,quantum,precond_pen=1.900,1.9,True,1,0.014857,312.47286093,312.47286093
17,1,,quantum,precond_pen=1.900,1.9,True,2,0.016161,278.79351474,278.79351474
17,1,,quantum,precond_pen=1.900,1.9,True,3,0.074887,278.66612941,278.66612941
17,1,,quantum,precond_pen=1.900,1.9,True,4,5.950047,276.4161634,276.4161634
17,1,,quantum,precond_pen=1.900,1.9,True,5,6.606414,274.95509502,274.95509502
17,1,,quantum,precond_pen=1.900,1.9,True,6,19.255685,274.95509502,274.95509502
17,1,,quantum,precond_pen=2.000,2.0,True,0,0.000112,313.10779843,313.10779843
17,1,,quantum,precond_pen=2.000,2.0,True,1,0.014932,306.14269636,306.14269636
17,1,,quantum,precond_pen=2.000,2.0,True,2,0.016774,274.95509502,274.95509502
18,1,,quantum,baseline,,True,0,0.000118,320.82873099,320.82873099
18,1,,quantum,baseline,,True,1,0.009896,317.57708565,317.57708565
18,1,,quantum,baseline,,True,2,0.010834,316.68153979,316.68153979
18,1,,quantum,baseline,,True,3,0.011987,282.4303363,282.4303363
18,1,,quantum,baseline,,True,4,0.148394,279.48340209,279.48340209
18,1,,quantum,precond_pen=1.100,1.1,True,0,0.000123,320.82873099,320.82873099
18,1,,quantum,precond_pen=1.100,1.1,True,1,0.016443,314.31379281,314.31379281
18,1,,quantum,precond_pen=1.100,1.1,True,2,0.017604,279.48340209,279.48340209
18,1,,quantum,precond_pen=1.200,1.2,True,0,0.000113,320.82873099,320.82873099
18,1,,quantum,precond_pen=1.200,1.2,True,1,0.011837,310.86018259,310.86018259
18,1,,quantum,precond_pen=1.200,1.2,True,2,0.013013,279.48340209,279.48340209
18,1,,quantum,precond_pen=1.300,1.3,True,0,0.000118,320.82873099,320.82873099
18,1,,quantum,precond_pen=1.300,1.3,True,1,0.014809,311.05282751,311.05282751
18,1,,quantum,precond_pen=1.300,1.3,True,2,0.016631,279.48340209,279.48340209
18,1,,quantum,precond_pen=1.400,1.4,True,0,0.000112,320.82873099,320.82873099
18,1,,quantum,precond_pen=1.400,1.4,True,1,0.013714,316.08060402,316.08060402
18,1,,quantum,precond_pen=1.400,1.4,True,2,0.015494,279.48340209,279.48340209
18,1,,quantum,precond_pen=1.500,1.5,True,0,0.000111,320.82873099,320.82873099
18,1,,quantum,precond_pen=1.500,1.5,True,1,0.014837,317.20447179,317.20447179
18,1,,quantum,precond_pen=1.500,1.5,True,2,0.016122,285.49866691,285.49866691
18,1,,quantum,precond_pen=1.500,1.5,True,3,0.06236,279.48340209,279.48340209
18,1,,quantum,precond_pen=1.600,1.6,True,0,0.000138,320.82873099,320.82873099
18,1,,quantum,precond_pen=1.600,1.6,True,1,0.014746,318.27238199,318.27238199
18,1,,quantum,precond_pen=1.600,1.6,True,2,0.015642,285.86895583,285.86895583
18,1,,quantum,precond_pen=1.600,1.6,True,3,0.073052,279.48340209,279.48340209
18,1,,quantum,precond_pen=1.700,1.7,True,0,0.000116,320.82873099,320.82873099
18,1,,quantum,precond_pen=1.700,1.7,True,1,0.011563,310.86018259,310.86018259
18,1,,quantum,precond_pen=1.700,1.7,True,2,0.012782,279.48340209,279.48340209
18,1,,quantum,precond_pen=1.800,1.8,True,0,0.000116,320.82873099,320.82873099
18,1,,quantum,precond_pen=1.800,1.8,True,1,0.012235,310.55962117,310.55962117
18,1,,quantum,precond_pen=1.800,1.8,True,2,0.013414,279.48340209,279.48340209
18,1,,quantum,precond_pen=1.900,1.9,True,0,0.000114,320.82873099,320.82873099
18,1,,quantum,precond_pen=1.900,1.9,True,1,0.012028,306.81962874,306.81962874
18,1,,quantum,precond_pen=1.900,1.9,True,2,0.013043,279.48340209,279.48340209
18,1,,quantum,precond_pen=2.000,2.0,True,0,0.000116,320.82873099,320.82873099
18,1,,quantum,precond_pen=2.000,2.0,True,1,0.011704,317.00550024,317.00550024
18,1,,quantum,precond_pen=2.000,2.0,True,2,0.01287,279.48340209,279.48340209
19,1,,quantum,baseline,,True,0,0.000116,333.35219685,333.35219685
19,1,,quantum,baseline,,True,1,0.011226,324.94839027,324.94839027
19,1,,quantum,baseline,,True,2,0.012512,323.65859214,323.65859214
19,1,,quantum,baseline,,True,3,0.014018,297.38035089,297.38035089
19,1,,quantum,baseline,,True,4,0.090498,289.94326655,289.94326655
19,1,,quantum,precond_pen=1.100,1.1,True,0,0.000134,333.35219685,333.35219685
19,1,,quantum,precond_pen=1.100,1.1,True,1,0.0152,322.54955282,322.54955282
19,1,,quantum,precond_pen=1.100,1.1,True,2,0.016492,296.46847641,296.46847641
19,1,,quantum,precond_pen=1.100,1.1,True,3,0.073498,296.07940544,296.07940544
19,1,,quantum,precond_pen=1.100,1.1,True,4,3.326272,295.84459922,295.84459922
19,1,,quantum,precond_pen=1.100,1.1,True,5,4.586679,294.41467944,294.41467944
19,1,,quantum,precond_pen=1.100,1.1,True,6,4.953907,294.09693564,294.09693564
19,1,,quantum,precond_pen=1.100,1.1,True,7,5.175367,291.93910662,291.93910662
19,1,,quantum,precond_pen=1.100,1.1,True,8,5.381869,291.41970257,291.41970257
19,1,,quantum,precond_pen=1.100,1.1,True,9,5.687474,289.94326655,289.94326655
19,1,,quantum,precond_pen=1.200,1.2,True,0,0.000118,333.35219685,333.35219685
19,1,,quantum,precond_pen=1.200,1.2,True,1,0.015096,317.89390111,317.89390111
19,1,,quantum,precond_pen=1.200,1.2,True,2,0.016988,291.56616546,291.56616546
19,1,,quantum,precond_pen=1.200,1.2,True,3,0.072541,289.94326655,289.94326655
19,1,,quantum,precond_pen=1.300,1.3,True,0,0.000127,333.35219685,333.35219685
19,1,,quantum,precond_pen=1.300,1.3,True,1,0.012845,321.08934692,321.08934692
19,1,,quantum,precond_pen=1.300,1.3,True,2,0.014119,292.371918,292.371918
19,1,,quantum,precond_pen=1.300,1.3,True,3,0.049108,289.94326655,289.94326655
19,1,,quantum,precond_pen=1.400,1.4,True,0,0.000112,333.35219685,333.35219685
19,1,,quantum,precond_pen=1.400,1.4,True,1,0.012132,324.40870643,324.40870643
19,1,,quantum,precond_pen=1.400,1.4,True,2,0.013273,292.371918,292.371918
19,1,,quantum,precond_pen=1.400,1.4,True,3,6.978466,292.14616339,292.14616339
19,1,,quantum,precond_pen=1.400,1.4,True,4,7.185796,289.94326655,289.94326655
19,1,,quantum,precond_pen=1.500,1.5,True,0,0.000113,333.35219685,333.35219685
19,1,,quantum,precond_pen=1.500,1.5,True,1,0.012298,317.89390111,317.89390111
19,1,,quantum,precond_pen=1.500,1.5,True,2,0.013455,291.56616546,291.56616546
19,1,,quantum,precond_pen=1.500,1.5,True,3,0.072286,289.94326655,289.94326655
19,1,,quantum,precond_pen=1.600,1.6,True,0,0.00012,333.35219685,333.35219685
19,1,,quantum,precond_pen=1.600,1.6,True,1,0.01185,320.97249353,320.97249353
19,1,,quantum,precond_pen=1.600,1.6,True,2,0.012603,298.4308547,298.4308547
19,1,,quantum,precond_pen=1.600,1.6,True,3,0.070978,292.371918,292.371918
19,1,,quantum,precond_pen=1.600,1.6,True,4,43.81897,291.93910662,291.93910662
19,1,,quantum,precond_pen=1.600,1.6,True,5,44.81164,289.94326655,289.94326655
19,1,,quantum,precond_pen=1.600,1.6,True,6,45.532193,289.94326655,289.94326655
19,1,,quantum,precond_pen=1.700,1.7,True,0,0.000115,333.35219685,333.35219685
19,1,,quantum,precond_pen=1.700,1.7,True,1,0.011781,322.64091318,322.64091318
19,1,,quantum,precond_pen=1.700,1.7,True,2,0.012727,295.72594536,295.72594536
19,1,,quantum,precond_pen=1.700,1.7,True,3,0.060951,292.371918,292.371918
19,1,,quantum,precond_pen=1.700,1.7,True,4,12.103104,292.14616339,292.14616339
19,1,,quantum,precond_pen=1.700,1.7,True,5,14.079781,289.94326655,289.94326655
19,1,,quantum,precond_pen=1.800,1.8,True,0,0.000128,333.35219685,333.35219685
19,1,,quantum,precond_pen=1.800,1.8,True,1,0.012149,320.97249353,320.97249353
19,1,,quantum,precond_pen=1.800,1.8,True,2,0.012892,298.4308547,298.4308547
19,1,,quantum,precond_pen=1.800,1.8,True,3,0.047394,293.78881943,293.78881943
19,1,,quantum,precond_pen=1.800,1.8,True,4,5.896405,292.72960924,292.72960924
19,1,,quantum,precond_pen=1.800,1.8,True,5,5.896982,292.14616339,292.14616339
19,1,,quantum,precond_pen=1.800,1.8,True,6,6.077016,291.41970257,291.41970257
19,1,,quantum,precond_pen=1.800,1.8,True,7,6.779921,289.94326655,289.94326655
19,1,,quantum,precond_pen=1.900,1.9,True,0,0.000115,333.35219685,333.35219685
19,1,,quantum,precond_pen=1.900,1.9,True,1,0.011993,323.78863432,323.78863432
19,1,,quantum,precond_pen=1.900,1.9,True,2,0.013154,292.371918,292.371918
19,1,,quantum,precond_pen=1.900,1.9,True,3,7.88543,291.41970257,291.41970257
19,1,,quantum,precond_pen=1.900,1.9,True,4,8.342711,289.94326655,289.94326655
19,1,,quantum,precond_pen=2.000,2.0,True,0,0.000129,333.35219685,333.35219685
19,1,,quantum,precond_pen=2.000,2.0,True,1,0.014252,322.64091318,322.64091318
19,1,,quantum,precond_pen=2.000,2.0,True,2,0.015506,295.72594536,295.72594536
19,1,,quantum,precond_pen=2.000,2.0,True,3,0.079742,292.371918,292.371918
19,1,,quantum,precond_pen=2.000,2.0,True,4,11.026373,291.56616546,291.56616546
19,1,,quantum,precond_pen=2.000,2.0,True,5,11.462159,289.94326655,289.94326655
20,1,,quantum,baseline,,True,0,0.000112,320.90124598,320.90124598
20,1,,quantum,baseline,,True,1,0.008942,320.4553159,320.4553159
20,1,,quantum,baseline,,True,2,0.009641,318.45811751,318.45811751
20,1,,quantum,baseline,,True,3,0.010071,318.4302558,318.4302558
20,1,,quantum,baseline,,True,4,0.010773,271.36404859,271.36404859
20,1,,quantum,baseline,,True,5,0.124047,270.97817317,270.97817317
20,1,,quantum,baseline,,True,6,0.124318,270.75340627,270.75340627
20,1,,quantum,baseline,,True,7,1.22324,270.62932606,270.62932606
20,1,,quantum,precond_pen=1.100,1.1,True,0,0.000108,320.90124598,320.90124598
20,1,,quantum,precond_pen=1.100,1.1,True,1,0.013482,316.09954442,316.09954442
20,1,,quantum,precond_pen=1.100,1.1,True,2,0.014537,271.03664299,271.03664299
20,1,,quantum,precond_pen=1.100,1.1,True,3,6.102891,270.75340627,270.75340627
20,1,,quantum,precond_pen=1.100,1.1,True,4,6.469705,270.62932606,270.62932606
20,1,,quantum,precond_pen=1.200,1.2,True,0,0.000113,320.90124598,320.90124598
20,1,,quantum,precond_pen=1.200,1.2,True,1,0.012944,314.48925614,314.48925614
20,1,,quantum,precond_pen=1.200,1.2,True,2,0.013664,270.97817317,270.97817317
20,1,,quantum,precond_pen=1.200,1.2,True,3,0.071737,271.03664299,270.97817317
20,1,,quantum,precond_pen=1.200,1.2,True,4,8.166175,270.69075985,270.69075985
20,1,,quantum,precond_pen=1.200,1.2,True,5,8.601925,270.62932606,270.62932606
20,1,,quantum,precond_pen=1.300,1.3,True,0,0.000116,320.90124598,320.90124598
20,1,,quantum,precond_pen=1.300,1.3,True,1,0.012145,313.20134454,313.20134454
20,1,,quantum,precond_pen=1.300,1.3,True,2,0.013906,270.75340627,270.75340627
20,1,,quantum,precond_pen=1.300,1.3,True,3,7.261216,270.62932606,270.62932606
20,1,,quantum,precond_pen=1.400,1.4,True,0,0.000117,320.90124598,320.90124598
20,1,,quantum,precond_pen=1.400,1.4,True,1,0.013872,302.0155356,302.0155356
20,1,,quantum,precond_pen=1.400,1.4,True,2,0.014829,271.03664299,271.03664299
20,1,,quantum,precond_pen=1.400,1.4,True,3,6.546207,270.62932606,270.62932606
20,1,,quantum,precond_pen=1.500,1.5,True,0,0.000114,320.90124598,320.90124598
20,1,,quantum,precond_pen=1.500,1.5,True,1,0.012787,317.58852124,317.58852124
20,1,,quantum,precond_pen=1.500,1.5,True,2,0.013735,271.03664299,271.03664299
20,1,,quantum,precond_pen=1.500,1.5,True,3,4.959359,270.62932606,270.62932606
20,1,,quantum,precond_pen=1.600,1.6,True,0,0.000111,320.90124598,320.90124598
20,1,,quantum,precond_pen=1.600,1.6,True,1,0.012405,310.63145256,310.63145256
20,1,,quantum,precond_pen=1.600,1.6,True,2,0.013308,270.97817317,270.97817317
20,1,,quantum,precond_pen=1.600,1.6,True,3,0.073371,271.03664299,270.97817317
20,1,,quantum,precond_pen=1.600,1.6,True,4,4.724757,270.75340627,270.75340627
20,1,,quantum,precond_pen=1.600,1.6,True,5,10.729639,270.62932606,270.62932606
20,1,,quantum,precond_pen=1.600,1.6,True,6,24.979874,270.62932606,270.62932606
20,1,,quantum,precond_pen=1.700,1.7,True,0,0.000118,320.90124598,320.90124598
20,1,,quantum,precond_pen=1.700,1.7,True,1,0.012143,314.48925614,314.48925614
20,1,,quantum,precond_pen=1.700,1.7,True,2,0.01288,270.97817317,270.97817317
20,1,,quantum,precond_pen=1.700,1.7,True,3,8.951167,271.03664299,270.97817317
20,1,,quantum,precond_pen=1.700,1.7,True,4,8.951565,270.69075985,270.69075985
20,1,,quantum,precond_pen=1.700,1.7,True,5,10.940295,270.62932606,270.62932606
20,1,,quantum,precond_pen=1.800,1.8,True,0,0.000115,320.90124598,320.90124598
20,1,,quantum,precond_pen=1.800,1.8,True,1,0.012054,309.63461542,309.63461542
20,1,,quantum,precond_pen=1.800,1.8,True,2,0.013032,272.32278864,272.32278864
20,1,,quantum,precond_pen=1.800,1.8,True,3,0.073215,271.03664299,271.03664299
20,1,,quantum,precond_pen=1.800,1.8,True,4,5.692104,270.69075985,270.69075985
20,1,,quantum,precond_pen=1.800,1.8,True,5,5.692467,270.62932606,270.62932606
20,1,,quantum,precond_pen=1.900,1.9,True,0,0.000118,320.90124598,320.90124598
20,1,,quantum,precond_pen=1.900,1.9,True,1,0.011598,309.92792858,309.92792858
20,1,,quantum,precond_pen=1.900,1.9,True,2,0.012516,270.97817317,270.97817317
20,1,,quantum,precond_pen=1.900,1.9,True,3,0.060608,271.03664299,270.97817317
20,1,,quantum,precond_pen=1.900,1.9,True,4,5.984796,270.62932606,270.62932606
20,1,,quantum,precond_pen=2.000,2.0,True,0,0.000115,320.90124598,320.90124598
20,1,,quantum,precond_pen=2.000,2.0,True,1,0.011489,312.42309443,312.42309443
20,1,,quantum,precond_pen=2.000,2.0,True,2,0.012415,270.97817317,270.97817317
20,1,,quantum,precond_pen=2.000,2.0,True,3,0.071364,271.03664299,270.97817317
20,1,,quantum,precond_pen=2.000,2.0,True,4,3.261788,270.75340627,270.75340627
20,1,,quantum,precond_pen=2.000,2.0,True,5,3.262075,270.62932606,270.62932606
20,1,,quantum,precond_pen=2.000,2.0,True,6,23.974276,270.62932606,270.62932606
21,1,,quantum,baseline,,True,0,0.000112,326.96756982,326.96756982
21,1,,quantum,baseline,,True,1,0.00926,320.66703601,320.66703601
21,1,,quantum,baseline,,True,2,0.010404,319.20466816,319.20466816
21,1,,quantum,baseline,,True,3,0.01222,274.35388571,274.35388571
21,1,,quantum,precond_pen=1.100,1.1,True,0,0.000114,326.96756982,326.96756982
21,1,,quantum,precond_pen=1.100,1.1,True,1,0.015459,306.39068229,306.39068229
21,1,,quantum,precond_pen=1.100,1.1,True,2,0.01697,278.74356504,278.74356504
21,1,,quantum,precond_pen=1.100,1.1,True,3,0.070888,276.53500694,276.53500694
21,1,,quantum,precond_pen=1.100,1.1,True,4,5.139913,275.48732205,275.48732205
21,1,,quantum,precond_pen=1.100,1.1,True,5,6.501181,274.41724675,274.41724675
21,1,,quantum,precond_pen=1.100,1.1,True,6,6.845268,274.35388571,274.35388571
21,1,,quantum,precond_pen=1.200,1.2,True,0,0.00011,326.96756982,326.96756982
21,1,,quantum,precond_pen=1.200,1.2,True,1,0.012377,311.81470244,311.81470244
21,1,,quantum,precond_pen=1.200,1.2,True,2,0.013096,276.6551618,276.6551618
21,1,,quantum,precond_pen=1.200,1.2,True,3,4.188144,274.41724675,274.41724675
21,1,,quantum,precond_pen=1.200,1.2,True,4,4.690358,274.35388571,274.35388571
21,1,,quantum,precond_pen=1.300,1.3,True,0,0.000113,326.96756982,326.96756982
21,1,,quantum,precond_pen=1.300,1.3,True,1,0.012347,318.48577857,318.48577857
21,1,,quantum,precond_pen=1.300,1.3,True,2,0.013512,274.35388571,274.35388571
21,1,,quantum,precond_pen=1.400,1.4,True,0,0.000113,326.96756982,326.96756982
21,1,,quantum,precond_pen=1.400,1.4,True,1,0.014907,310.51372744,310.51372744
21,1,,quantum,precond_pen=1.400,1.4,True,2,0.016374,274.35388571,274.35388571
21,1,,quantum,precond_pen=1.500,1.5,True,0,0.000118,326.96756982,326.96756982
21,1,,quantum,precond_pen=1.500,1.5,True,1,0.014856,308.68851173,308.68851173
21,1,,quantum,precond_pen=1.500,1.5,True,2,0.016738,276.53500694,276.53500694
21,1,,quantum,precond_pen=1.500,1.5,True,3,6.063591,274.41724675,274.41724675
21,1,,quantum,precond_pen=1.500,1.5,True,4,6.478905,274.35388571,274.35388571
21,1,,quantum,precond_pen=1.600,1.6,True,0,0.000113,326.96756982,326.96756982
21,1,,quantum,precond_pen=1.600,1.6,True,1,0.014111,310.04236441,310.04236441
21,1,,quantum,precond_pen=1.600,1.6,True,2,0.015626,274.35388571,274.35388571
21,1,,quantum,precond_pen=1.700,1.7,True,0,0.000113,326.96756982,326.96756982
21,1,,quantum,precond_pen=1.700,1.7,True,1,0.01405,299.46900967,299.46900967
21,1,,quantum,precond_pen=1.700,1.7,True,2,0.015046,276.6551618,276.6551618
21,1,,quantum,precond_pen=1.700,1.7,True,3,5.540695,275.89539062,275.89539062
21,1,,quantum,precond_pen=1.700,1.7,True,4,5.541052,275.48732205,275.48732205
21,1,,quantum,precond_pen=1.700,1.7,True,5,6.093611,274.41724675,274.41724675
21,1,,quantum,precond_pen=1.700,1.7,True,6,7.422659,274.35388571,274.35388571
21,1,,quantum,precond_pen=1.800,1.8,True,0,0.000116,326.96756982,326.96756982
21,1,,quantum,precond_pen=1.800,1.8,True,1,0.013813,318.06721039,318.06721039
21,1,,quantum,precond_pen=1.800,1.8,True,2,0.015041,299.46900967,299.46900967
21,1,,quantum,precond_pen=1.800,1.8,True,3,0.015815,276.6551618,276.6551618
21,1,,quantum,precond_pen=1.800,1.8,True,4,0.07661,274.35388571,274.35388571
21,1,,quantum,precond_pen=1.900,1.9,True,0,0.000119,326.96756982,326.96756982
21,1,,quantum,precond_pen=1.900,1.9,True,1,0.011646,297.46288382,297.46288382
21,1,,quantum,precond_pen=1.900,1.9,True,2,0.012416,276.6551618,276.6551618
21,1,,quantum,precond_pen=1.900,1.9,True,3,5.857448,274.35388571,274.35388571
21,1,,quantum,precond_pen=2.000,2.0,True,0,0.000115,326.96756982,326.96756982
21,1,,quantum,precond_pen=2.000,2.0,True,1,0.01198,300.02844314,300.02844314
21,1,,quantum,precond_pen=2.000,2.0,True,2,0.012741,276.6551618,276.6551618
21,1,,quantum,precond_pen=2.000,2.0,True,3,0.072608,274.35388571,274.35388571
22,1,,quantum,baseline,,True,0,0.000119,313.43311338,313.43311338
22,1,,quantum,baseline,,True,1,0.009982,312.49135368,312.49135368
22,1,,quantum,baseline,,True,2,0.010767,310.20337188,310.20337188
22,1,,quantum,baseline,,True,3,0.011423,308.81521548,308.81521548
22,1,,quantum,baseline,,True,4,0.013472,274.63489709,274.63489709
22,1,,quantum,baseline,,True,5,1.171851,274.2353497,274.2353497
22,1,,quantum,baseline,,True,6,9.447469,273.35403121,273.35403121
22,1,,quantum,precond_pen=1.100,1.1,True,0,0.00011,313.43311338,313.43311338
22,1,,quantum,precond_pen=1.100,1.1,True,1,0.014395,308.65845782,308.65845782
22,1,,quantum,precond_pen=1.100,1.1,True,2,0.016225,274.25085946,274.25085946
22,1,,quantum,precond_pen=1.100,1.1,True,3,0.071796,273.87667556,273.87667556
22,1,,quantum,precond_pen=1.100,1.1,True,4,14.251302,273.35403121,273.35403121
22,1,,quantum,precond_pen=1.100,1.1,True,5,30.997468,273.35403121,273.35403121
22,1,,quantum,precond_pen=1.200,1.2,True,0,0.000119,313.43311338,313.43311338
22,1,,quantum,precond_pen=1.200,1.2,True,1,0.013921,311.98664274,311.98664274
22,1,,quantum,precond_pen=1.200,1.2,True,2,0.014819,276.3398931,276.3398931
22,1,,quantum,precond_pen=1.200,1.2,True,3,0.065385,275.35687262,275.35687262
22,1,,quantum,precond_pen=1.200,1.2,True,4,6.950285,274.25085946,274.25085946
22,1,,quantum,precond_pen=1.200,1.2,True,5,7.54804,273.35403121,273.35403121
22,1,,quantum,precond_pen=1.300,1.3,True,0,0.000126,313.43311338,313.43311338
22,1,,quantum,precond_pen=1.300,1.3,True,1,0.014507,298.60817439,298.60817439
22,1,,quantum,precond_pen=1.300,1.3,True,2,0.01554,276.3398931,276.3398931
22,1,,quantum,precond_pen=1.300,1.3,True,3,0.068396,275.34772293,275.34772293
22,1,,quantum,precond_pen=1.300,1.3,True,4,3.019528,274.25085946,274.25085946
22,1,,quantum,precond_pen=1.300,1.3,True,5,5.073941,273.35403121,273.35403121
22,1,,quantum,precond_pen=1.400,1.4,True,0,0.000107,313.43311338,313.43311338
22,1,,quantum,precond_pen=1.400,1.4,True,1,0.011694,298.60817439,298.60817439
22,1,,quantum,precond_pen=1.400,1.4,True,2,0.012434,276.3398931,276.3398931
22,1,,quantum,precond_pen=1.400,1.4,True,3,0.069541,275.35687262,275.35687262
22,1,,quantum,precond_pen=1.400,1.4,True,4,4.571705,275.1367297,275.1367297
22,1,,quantum,precond_pen=1.400,1.4,True,5,6.492452,274.63489709,274.63489709
22,1,,quantum,precond_pen=1.400,1.4,True,6,6.492864,273.35403121,273.35403121
22,1,,quantum,precond_pen=1.400,1.4,True,7,26.187651,273.35403121,273.35403121
22,1,,quantum,precond_pen=1.500,1.5,True,0,0.000109,313.43311338,313.43311338
22,1,,quantum,precond_pen=1.500,1.5,True,1,0.014124,298.60817439,298.60817439
22,1,,quantum,precond_pen=1.500,1.5,True,2,0.015201,276.3398931,276.3398931
22,1,,quantum,precond_pen=1.500,1.5,True,3,0.067253,274.63489709,274.63489709
22,1,,quantum,precond_pen=1.500,1.5,True,4,9.396023,274.25085946,274.25085946
22,1,,quantum,precond_pen=1.500,1.5,True,5,12.047306,273.35403121,273.35403121
22,1,,quantum,precond_pen=1.600,1.6,True,0,0.0001,313.43311338,313.43311338
22,1,,quantum,precond_pen=1.600,1.6,True,1,0.012617,298.60817439,298.60817439
22,1,,quantum,precond_pen=1.600,1.6,True,2,0.013654,276.3398931,276.3398931
22,1,,quantum,precond_pen=1.600,1.6,True,3,0.069368,275.18318529,275.18318529
22,1,,quantum,precond_pen=1.600,1.6,True,4,6.56762,274.24495021,274.24495021
22,1,,quantum,precond_pen=1.600,1.6,True,5,6.894902,273.35403121,273.35403121
22,1,,quantum,precond_pen=1.700,1.7,True,0,0.000108,313.43311338,313.43311338
22,1,,quantum,precond_pen=1.700,1.7,True,1,0.011908,307.23738471,307.23738471
22,1,,quantum,precond_pen=1.700,1.7,True,2,0.012618,276.3398931,276.3398931
22,1,,quantum,precond_pen=1.700,1.7,True,3,5.739173,275.66729805,275.66729805
22,1,,quantum,precond_pen=1.700,1.7,True,4,6.029187,273.35403121,273.35403121
22,1,,quantum,precond_pen=1.800,1.8,True,0,0.000121,313.43311338,313.43311338
22,1,,quantum,precond_pen=1.800,1.8,True,1,0.014051,308.97016856,308.97016856
22,1,,quantum,precond_pen=1.800,1.8,True,2,0.015758,274.63489709,274.63489709
22,1,,quantum,precond_pen=1.800,1.8,True,3,7.980525,274.25085946,274.25085946
22,1,,quantum,precond_pen=1.800,1.8,True,4,12.958437,273.87667556,273.87667556
22,1,,quantum,precond_pen=1.800,1.8,True,5,14.607629,273.35403121,273.35403121
22,1,,quantum,precond_pen=1.800,1.8,True,6,34.999291,273.35403121,273.35403121
22,1,,quantum,precond_pen=1.900,1.9,True,0,0.000115,313.43311338,313.43311338
22,1,,quantum,precond_pen=1.900,1.9,True,1,0.011611,305.75393756,305.75393756
22,1,,quantum,precond_pen=1.900,1.9,True,2,0.012548,275.18318529,275.18318529
22,1,,quantum,precond_pen=1.900,1.9,True,3,6.49261,275.11895069,275.11895069
22,1,,quantum,precond_pen=1.900,1.9,True,4,9.087603,274.90145153,274.90145153
22,1,,quantum,precond_pen=1.900,1.9,True,5,9.605087,273.35403121,273.35403121
22,1,,quantum,precond_pen=2.000,2.0,True,0,0.000117,313.43311338,313.43311338
22,1,,quantum,precond_pen=2.000,2.0,True,1,0.013721,309.56191698,309.56191698
22,1,,quantum,precond_pen=2.000,2.0,True,2,0.015461,274.63489709,274.63489709
22,1,,quantum,precond_pen=2.000,2.0,True,3,6.021689,274.2353497,274.2353497
22,1,,quantum,precond_pen=2.000,2.0,True,4,7.576335,274.25085946,274.2353497
22,1,,quantum,precond_pen=2.000,2.0,True,5,11.803281,273.35403121,273.35403121
23,1,,quantum,baseline,,True,0,0.000126,339.87588579,339.87588579
23,1,,quantum,baseline,,True,1,0.011125,338.79415062,338.79415062
23,1,,quantum,baseline,,True,2,0.012449,338.09136418,338.09136418
23,1,,quantum,baseline,,True,3,0.013887,301.27043256,301.27043256
23,1,,quantum,baseline,,True,4,0.136464,290.95301299,290.95301299
23,1,,quantum,baseline,,True,5,0.139644,287.26676712,287.26676712
23,1,,quantum,precond_pen=1.100,1.1,True,0,0.000108,339.87588579,339.87588579
23,1,,quantum,precond_pen=1.100,1.1,True,1,0.012868,330.66208372,330.66208372
23,1,,quantum,precond_pen=1.100,1.1,True,2,0.014205,290.95301299,290.95301299
23,1,,quantum,precond_pen=1.100,1.1,True,3,0.0478,287.26676712,287.26676712
23,1,,quantum,precond_pen=1.200,1.2,True,0,0.000109,339.87588579,339.87588579
23,1,,quantum,precond_pen=1.200,1.2,True,1,0.01247,325.84033377,325.84033377
23,1,,quantum,precond_pen=1.200,1.2,True,2,0.013781,290.95301299,290.95301299
23,1,,quantum,precond_pen=1.200,1.2,True,3,3.257379,288.72556055,288.72556055
23,1,,quantum,precond_pen=1.200,1.2,True,4,4.5934,288.07047862,288.07047862
23,1,,quantum,precond_pen=1.200,1.2,True,5,5.464995,287.26676712,287.26676712
23,1,,quantum,precond_pen=1.300,1.3,True,0,0.000111,339.87588579,339.87588579
23,1,,quantum,precond_pen=1.300,1.3,True,1,0.012471,330.79232845,330.79232845
23,1,,quantum,precond_pen=1.300,1.3,True,2,0.013605,287.26676712,287.26676712
23,1,,quantum,precond_pen=1.400,1.4,True,0,0.000116,339.87588579,339.87588579
23,1,,quantum,precond_pen=1.400,1.4,True,1,0.011991,328.15158927,328.15158927
23,1,,quantum,precond_pen=1.400,1.4,True,2,0.01307,290.95301299,290.95301299
23,1,,quantum,precond_pen=1.400,1.4,True,3,0.05827,288.55784338,288.55784338
23,1,,quantum,precond_pen=1.400,1.4,True,4,5.174578,288.00936578,288.00936578
23,1,,quantum,precond_pen=1.400,1.4,True,5,5.556584,287.26676712,287.26676712
23,1,,quantum,precond_pen=1.500,1.5,True,0,0.000117,339.87588579,339.87588579
23,1,,quantum,precond_pen=1.500,1.5,True,1,0.014913,331.3432939,331.3432939
23,1,,quantum,precond_pen=1.500,1.5,True,2,0.016249,290.95301299,290.95301299
23,1,,quantum,precond_pen=1.500,1.5,True,3,4.723755,290.94944035,290.94944035
23,1,,quantum,precond_pen=1.500,1.5,True,4,4.82544,289.80561061,289.80561061
23,1,,quantum,precond_pen=1.500,1.5,True,5,4.825675,288.00936578,288.00936578
23,1,,quantum,precond_pen=1.500,1.5,True,6,5.110983,287.26676712,287.26676712
23,1,,quantum,precond_pen=1.600,1.6,True,0,0.000119,339.87588579,339.87588579
23,1,,quantum,precond_pen=1.600,1.6,True,1,0.012444,329.18659536,329.18659536
23,1,,quantum,precond_pen=1.600,1.6,True,2,0.013379,287.26676712,287.26676712
23,1,,quantum,precond_pen=1.700,1.7,True,0,0.000115,339.87588579,339.87588579
23,1,,quantum,precond_pen=1.700,1.7,True,1,0.012438,323.58033707,323.58033707
23,1,,quantum,precond_pen=1.700,1.7,True,2,0.013626,287.26676712,287.26676712
23,1,,quantum,precond_pen=1.800,1.8,True,0,0.000134,339.87588579,339.87588579
23,1,,quantum,precond_pen=1.800,1.8,True,1,0.015333,323.36303633,323.36303633
23,1,,quantum,precond_pen=1.800,1.8,True,2,0.016882,287.26676712,287.26676712
23,1,,quantum,precond_pen=1.900,1.9,True,0,0.000114,339.87588579,339.87588579
23,1,,quantum,precond_pen=1.900,1.9,True,1,0.012441,321.85947475,321.85947475
23,1,,quantum,precond_pen=1.900,1.9,True,2,0.013434,291.93286223,291.93286223
23,1,,quantum,precond_pen=1.900,1.9,True,3,0.047928,290.95301299,290.95301299
23,1,,quantum,precond_pen=1.900,1.9,True,4,5.211348,290.92161286,290.92161286
23,1,,quantum,precond_pen=1.900,1.9,True,5,5.856733,288.55784338,288.55784338
23,1,,quantum,precond_pen=1.900,1.9,True,6,6.400224,287.26676712,287.26676712
23,1,,quantum,precond_pen=2.000,2.0,True,0,0.000123,339.87588579,339.87588579
23,1,,quantum,precond_pen=2.000,2.0,True,1,0.012248,324.81022726,324.81022726
23,1,,quantum,precond_pen=2.000,2.0,True,2,0.013162,287.26676712,287.26676712
24,1,,quantum,baseline,,True,0,0.000122,316.94153404,316.94153404
24,1,,quantum,baseline,,True,1,0.011969,314.64218491,314.64218491
24,1,,quantum,baseline,,True,2,0.012935,306.3347219,306.3347219
24,1,,quantum,baseline,,True,3,0.014034,278.28791435,278.28791435
24,1,,quantum,baseline,,True,4,14.363045,278.25124719,278.25124719
24,1,,quantum,baseline,,True,5,16.429806,277.72630755,277.72630755
24,1,,quantum,baseline,,True,6,20.217111,277.5544826,277.5544826
24,1,,quantum,baseline,,True,7,22.705184,277.16044902,277.16044902
24,1,,quantum,precond_pen=1.100,1.1,True,0,0.000112,316.94153404,316.94153404
24,1,,quantum,precond_pen=1.100,1.1,True,1,0.011681,306.05855965,306.05855965
24,1,,quantum,precond_pen=1.100,1.1,True,2,0.012495,280.279609,280.279609
24,1,,quantum,precond_pen=1.100,1.1,True,3,0.06869,277.16044902,277.16044902
24,1,,quantum,precond_pen=1.200,1.2,True,0,0.00011,316.94153404,316.94153404
24,1,,quantum,precond_pen=1.200,1.2,True,1,0.011428,298.80002094,298.80002094
24,1,,quantum,precond_pen=1.200,1.2,True,2,0.012178,278.57630766,278.57630766
24,1,,quantum,precond_pen=1.200,1.2,True,3,0.043197,277.72630755,277.72630755
24,1,,quantum,precond_pen=1.200,1.2,True,4,3.223128,277.16044902,277.16044902
24,1,,quantum,precond_pen=1.300,1.3,True,0,0.000115,316.94153404,316.94153404
24,1,,quantum,precond_pen=1.300,1.3,True,1,0.014546,307.04244417,307.04244417
24,1,,quantum,precond_pen=1.300,1.3,True,2,0.015515,280.6173309,280.6173309
24,1,,quantum,precond_pen=1.300,1.3,True,3,0.072086,280.11310927,280.11310927
24,1,,quantum,precond_pen=1.300,1.3,True,4,5.646639,279.35576985,279.35576985
24,1,,quantum,precond_pen=1.300,1.3,True,5,6.12884,278.57630766,278.57630766
24,1,,quantum,precond_pen=1.300,1.3,True,6,6.308139,278.28791435,278.28791435
24,1,,quantum,precond_pen=1.300,1.3,True,7,7.46898,277.16044902,277.16044902
24,1,,quantum,precond_pen=1.400,1.4,True,0,0.00012,316.94153404,316.94153404
24,1,,quantum,precond_pen=1.400,1.4,True,1,0.014554,312.15514248,312.15514248
24,1,,quantum,precond_pen=1.400,1.4,True,2,0.01586,280.279609,280.279609
24,1,,quantum,precond_pen=1.400,1.4,True,3,0.075297,277.72630755,277.72630755
24,1,,quantum,precond_pen=1.400,1.4,True,4,6.819903,277.16044902,277.16044902
24,1,,quantum,precond_pen=1.500,1.5,True,0,0.00011,316.94153404,316.94153404
24,1,,quantum,precond_pen=1.500,1.5,True,1,0.011705,296.37263456,296.37263456
24,1,,quantum,precond_pen=1.500,1.5,True,2,0.012884,278.57630766,278.57630766
24,1,,quantum,precond_pen=1.500,1.5,True,3,5.709815,278.28791435,278.28791435
24,1,,quantum,precond_pen=1.500,1.5,True,4,8.786933,277.72630755,277.72630755
24,1,,quantum,precond_pen=1.500,1.5,True,5,9.217666,277.16044902,277.16044902
24,1,,quantum,precond_pen=1.600,1.6,True,0,0.000118,316.94153404,316.94153404
24,1,,quantum,precond_pen=1.600,1.6,True,1,0.015284,293.75235697,293.75235697
24,1,,quantum,precond_pen=1.600,1.6,True,2,0.01647,282.57091218,282.57091218
24,1,,quantum,precond_pen=1.600,1.6,True,3,2.896486,282.30577727,282.30577727
24,1,,quantum,precond_pen=1.600,1.6,True,4,4.443052,281.90018839,281.90018839
24,1,,quantum,precond_pen=1.600,1.6,True,5,4.805054,280.413899,280.413899
24,1,,quantum,precond_pen=1.600,1.6,True,6,5.104885,279.8599936,279.8599936
24,1,,quantum,precond_pen=1.600,1.6,True,7,6.410516,278.53545943,278.53545943
24,1,,quantum,precond_pen=1.600,1.6,True,8,7.067516,278.28791435,278.28791435
24,1,,quantum,precond_pen=1.600,1.6,True,9,9.486735,277.16044902,277.16044902
24,1,,quantum,precond_pen=1.700,1.7,True,0,0.000117,316.94153404,316.94153404
24,1,,quantum,precond_pen=1.700,1.7,True,1,0.011849,309.47557154,309.47557154
24,1,,quantum,precond_pen=1.700,1.7,True,2,0.012638,278.57630766,278.57630766
24,1,,quantum,precond_pen=1.700,1.7,True,3,6.526417,278.53545943,278.53545943
24,1,,quantum,precond_pen=1.700,1.7,True,4,6.807234,278.35204623,278.35204623
24,1,,quantum,precond_pen=1.700,1.7,True,5,6.807606,278.28791435,278.28791435
24,1,,quantum,precond_pen=1.700,1.7,True,6,7.049774,277.16044902,277.16044902
24,1,,quantum,precond_pen=1.800,1.8,True,0,0.000106,316.94153404,316.94153404
24,1,,quantum,precond_pen=1.800,1.8,True,1,0.012318,307.4396339,307.4396339
24,1,,quantum,precond_pen=1.800,1.8,True,2,0.01309,278.57630766,278.57630766
24,1,,quantum,precond_pen=1.800,1.8,True,3,4.357107,278.28791435,278.28791435
24,1,,quantum,precond_pen=1.800,1.8,True,4,12.53608,277.99756587,277.99756587
24,1,,quantum,precond_pen=1.800,1.8,True,5,13.012911,277.16044902,277.16044902
24,1,,quantum,precond_pen=1.900,1.9,True,0,0.00012,316.94153404,316.94153404
24,1,,quantum,precond_pen=1.900,1.9,True,1,0.013978,316.14409661,316.14409661
24,1,,quantum,precond_pen=1.900,1.9,True,2,0.01522,280.279609,280.279609
24,1,,quantum,precond_pen=1.900,1.9,True,3,2.660381,279.35576985,279.35576985
24,1,,quantum,precond_pen=1.900,1.9,True,4,3.77264,278.57630766,278.57630766
24,1,,quantum,precond_pen=1.900,1.9,True,5,5.100655,278.53545943,278.53545943
24,1,,quantum,precond_pen=1.900,1.9,True,6,5.55008,278.28791435,278.28791435
24,1,,quantum,precond_pen=1.900,1.9,True,7,6.69286,277.5544826,277.5544826
24,1,,quantum,precond_pen=1.900,1.9,True,8,6.69318,277.16044902,277.16044902
24,1,,quantum,precond_pen=1.900,1.9,True,9,26.151559,277.16044902,277.16044902
24,1,,quantum,precond_pen=2.000,2.0,True,0,0.00011,316.94153404,316.94153404
24,1,,quantum,precond_pen=2.000,2.0,True,1,0.013945,300.1142192,300.1142192
24,1,,quantum,precond_pen=2.000,2.0,True,2,0.014967,281.66846109,281.66846109
24,1,,quantum,precond_pen=2.000,2.0,True,3,0.071153,281.72490279,281.66846109
24,1,,quantum,precond_pen=2.000,2.0,True,4,3.090045,281.50198547,281.50198547
24,1,,quantum,precond_pen=2.000,2.0,True,5,4.773003,281.34183595,281.34183595
24,1,,quantum,precond_pen=2.000,2.0,True,6,5.389997,280.82239787,280.82239787
24,1,,quantum,precond_pen=2.000,2.0,True,7,5.589415,280.6173309,280.6173309
24,1,,quantum,precond_pen=2.000,2.0,True,8,10.315967,280.54696135,280.54696135
24,1,,quantum,precond_pen=2.000,2.0,True,9,10.31639,280.11310927,280.11310927
24,1,,quantum,precond_pen=2.000,2.0,True,10,11.669223,277.83751277,277.83751277
24,1,,quantum,precond_pen=2.000,2.0,True,11,11.993821,277.16044902,277.16044902
25,1,,quantum,baseline,,True,0,0.00011,334.82299668,334.82299668
25,1,,quantum,baseline,,True,1,0.010427,327.93699989,327.93699989
25,1,,quantum,baseline,,True,2,0.01185,325.96825734,325.96825734
25,1,,quantum,baseline,,True,3,0.013855,297.90689644,297.90689644
25,1,,quantum,baseline,,True,4,12.160907,296.03906016,296.03906016
25,1,,quantum,baseline,,True,5,34.000026,296.03906016,296.03906016
25,1,,quantum,precond_pen=1.100,1.1,True,0,0.000113,334.82299668,334.82299668
25,1,,quantum,precond_pen=1.100,1.1,True,1,0.01507,318.96377302,318.96377302
25,1,,quantum,precond_pen=1.100,1.1,True,2,0.016567,300.18703573,300.18703573
25,1,,quantum,precond_pen=1.100,1.1,True,3,0.070173,298.06932742,298.06932742
25,1,,quantum,precond_pen=1.100,1.1,True,4,4.525885,298.00350382,298.00350382
25,1,,quantum,precond_pen=1.100,1.1,True,5,5.808161,296.03906016,296.03906016
25,1,,quantum,precond_pen=1.200,1.2,True,0,0.000112,334.82299668,334.82299668
25,1,,quantum,precond_pen=1.200,1.2,True,1,0.011746,317.87707011,317.87707011
25,1,,quantum,precond_pen=1.200,1.2,True,2,0.012908,297.90689644,297.90689644
25,1,,quantum,precond_pen=1.200,1.2,True,3,3.793755,297.94497427,297.90689644
25,1,,quantum,precond_pen=1.200,1.2,True,4,7.805418,296.03906016,296.03906016
25,1,,quantum,precond_pen=1.300,1.3,True,0,0.000114,334.82299668,334.82299668
25,1,,quantum,precond_pen=1.300,1.3,True,1,0.016566,317.05415676,317.05415676
25,1,,quantum,precond_pen=1.300,1.3,True,2,0.017812,299.42998715,299.42998715
25,1,,quantum,precond_pen=1.300,1.3,True,3,0.075575,296.03906016,296.03906016
25,1,,quantum,precond_pen=1.400,1.4,True,0,0.000123,334.82299668,334.82299668
25,1,,quantum,precond_pen=1.400,1.4,True,1,0.012045,319.14259605,319.14259605
25,1,,quantum,precond_pen=1.400,1.4,True,2,0.013095,299.42998715,299.42998715
25,1,,quantum,precond_pen=1.400,1.4,True,3,0.076069,297.90689644,297.90689644
25,1,,quantum,precond_pen=1.400,1.4,True,4,6.149712,297.94497427,297.90689644
25,1,,quantum,precond_pen=1.400,1.4,True,5,7.240329,296.03906016,296.03906016
25,1,,quantum,precond_pen=1.500,1.5,True,0,0.000113,334.82299668,334.82299668
25,1,,quantum,precond_pen=1.500,1.5,True,1,0.011641,327.51687907,327.51687907
25,1,,quantum,precond_pen=1.500,1.5,True,2,0.012631,298.06932742,298.06932742
25,1,,quantum,precond_pen=1.500,1.5,True,3,7.375073,298.05673231,298.05673231
25,1,,quantum,precond_pen=1.500,1.5,True,4,7.800605,297.28668233,297.28668233
25,1,,quantum,precond_pen=1.500,1.5,True,5,13.470557,296.03906016,296.03906016
25,1,,quantum,precond_pen=1.500,1.5,True,6,41.372554,296.03906016,296.03906016
25,1,,quantum,precond_pen=1.600,1.6,True,0,0.000114,334.82299668,334.82299668
25,1,,quantum,precond_pen=1.600,1.6,True,1,0.011767,327.51687907,327.51687907
25,1,,quantum,precond_pen=1.600,1.6,True,2,0.012795,298.06932742,298.06932742
25,1,,quantum,precond_pen=1.600,1.6,True,3,5.777064,298.05152505,298.05152505
25,1,,quantum,precond_pen=1.600,1.6,True,4,5.974183,297.28668233,297.28668233
25,1,,quantum,precond_pen=1.600,1.6,True,5,46.464591,296.03906016,296.03906016
25,1,,quantum,precond_pen=1.600,1.6,True,6,47.37053,296.03906016,296.03906016
25,1,,quantum,precond_pen=1.700,1.7,True,0,0.000115,334.82299668,334.82299668
25,1,,quantum,precond_pen=1.700,1.7,True,1,0.012227,319.67478213,319.67478213
25,1,,quantum,precond_pen=1.700,1.7,True,2,0.013221,300.18703573,300.18703573
25,1,,quantum,precond_pen=1.700,1.7,True,3,0.049241,298.06932742,298.06932742
25,1,,quantum,precond_pen=1.700,1.7,True,4,6.186839,298.05152505,298.05152505
25,1,,quantum,precond_pen=1.700,1.7,True,5,6.533275,297.28668233,297.28668233
25,1,,quantum,precond_pen=1.700,1.7,True,6,6.783541,296.03906016,296.03906016
25,1,,quantum,precond_pen=1.700,1.7,True,7,41.225369,296.03906016,296.03906016
25,1,,quantum,precond_pen=1.800,1.8,True,0,0.00011,334.82299668,334.82299668
25,1,,quantum,precond_pen=1.800,1.8,True,1,0.012344,326.54388663,326.54388663
25,1,,quantum,precond_pen=1.800,1.8,True,2,0.013108,299.59741535,299.59741535
25,1,,quantum,precond_pen=1.800,1.8,True,3,0.045238,298.06932742,298.06932742
25,1,,quantum,precond_pen=1.800,1.8,True,4,3.112133,297.31072638,297.31072638
25,1,,quantum,precond_pen=1.800,1.8,True,5,4.351825,297.28668233,297.28668233
25,1,,quantum,precond_pen=1.800,1.8,True,6,34.275034,296.03906016,296.03906016
25,1,,quantum,precond_pen=1.900,1.9,True,0,0.000116,334.82299668,334.82299668
25,1,,quantum,precond_pen=1.900,1.9,True,1,0.01134,323.98138903,323.98138903
25,1,,quantum,precond_pen=1.900,1.9,True,2,0.012575,298.06932742,298.06932742
25,1,,quantum,precond_pen=1.900,1.9,True,3,5.886068,298.05152505,298.05152505
25,1,,quantum,precond_pen=1.900,1.9,True,4,6.213125,297.28668233,297.28668233
25,1,,quantum,precond_pen=1.900,1.9,True,5,41.863455,296.03906016,296.03906016
25,1,,quantum,precond_pen=1.900,1.9,True,6,45.167491,296.03906016,296.03906016
25,1,,quantum,precond_pen=2.000,2.0,True,0,0.000111,334.82299668,334.82299668
25,1,,quantum,precond_pen=2.000,2.0,True,1,0.013748,313.83906711,313.83906711
25,1,,quantum,precond_pen=2.000,2.0,True,2,0.015754,299.42998715,299.42998715
25,1,,quantum,precond_pen=2.000,2.0,True,3,0.068053,296.03906016,296.03906016
26,1,,quantum,baseline,,True,0,0.000121,349.06935709,349.06935709
26,1,,quantum,baseline,,True,1,0.009606,347.63474612,347.63474612
26,1,,quantum,baseline,,True,2,0.010967,289.79070338,289.79070338
26,1,,quantum,precond_pen=1.100,1.1,True,0,0.000158,349.06935709,349.06935709
26,1,,quantum,precond_pen=1.100,1.1,True,1,0.012645,326.21878405,326.21878405
26,1,,quantum,precond_pen=1.100,1.1,True,2,0.013828,290.9188596,290.9188596
26,1,,quantum,precond_pen=1.100,1.1,True,3,3.623303,290.61321196,290.61321196
26,1,,quantum,precond_pen=1.100,1.1,True,4,4.701483,290.1670269,290.1670269
26,1,,quantum,precond_pen=1.100,1.1,True,5,4.800973,289.79070338,289.79070338
26,1,,quantum,precond_pen=1.200,1.2,True,0,0.000154,349.06935709,349.06935709
26,1,,quantum,precond_pen=1.200,1.2,True,1,0.01164,316.85480392,316.85480392
26,1,,quantum,precond_pen=1.200,1.2,True,2,0.012663,290.9188596,290.9188596
26,1,,quantum,precond_pen=1.200,1.2,True,3,17.379709,289.79070338,289.79070338
26,1,,quantum,precond_pen=1.200,1.2,True,4,34.28465,289.79070338,289.79070338
26,1,,quantum,precond_pen=1.300,1.3,True,0,0.000129,349.06935709,349.06935709
26,1,,quantum,precond_pen=1.300,1.3,True,1,0.014029,316.85480392,316.85480392
26,1,,quantum,precond_pen=1.300,1.3,True,2,0.015318,290.9188596,290.9188596
26,1,,quantum,precond_pen=1.300,1.3,True,3,0.059311,289.79070338,289.79070338
26,1,,quantum,precond_pen=1.400,1.4,True,0,0.000119,349.06935709,349.06935709
26,1,,quantum,precond_pen=1.400,1.4,True,1,0.011553,317.44536477,317.44536477
26,1,,quantum,precond_pen=1.400,1.4,True,2,0.012559,289.79070338,289.79070338
26,1,,quantum,precond_pen=1.500,1.5,True,0,0.000112,349.06935709,349.06935709
26,1,,quantum,precond_pen=1.500,1.5,True,1,0.012074,316.85480392,316.85480392
26,1,,quantum,precond_pen=1.500,1.5,True,2,0.013044,290.9188596,290.9188596
26,1,,quantum,precond_pen=1.500,1.5,True,3,6.921242,289.86866573,289.86866573
26,1,,quantum,precond_pen=1.500,1.5,True,4,7.202757,289.79070338,289.79070338
26,1,,quantum,precond_pen=1.600,1.6,True,0,0.000122,349.06935709,349.06935709
26,1,,quantum,precond_pen=1.600,1.6,True,1,0.011956,322.88004393,322.88004393
26,1,,quantum,precond_pen=1.600,1.6,True,2,0.012898,290.9188596,290.9188596
26,1,,quantum,precond_pen=1.600,1.6,True,3,8.063778,290.61321196,290.61321196
26,1,,quantum,precond_pen=1.600,1.6,True,4,8.320083,289.79070338,289.79070338
26,1,,quantum,precond_pen=1.700,1.7,True,0,0.000124,349.06935709,349.06935709
26,1,,quantum,precond_pen=1.700,1.7,True,1,0.01458,322.6833817,322.6833817
26,1,,quantum,precond_pen=1.700,1.7,True,2,0.015605,292.23492073,292.23492073
26,1,,quantum,precond_pen=1.700,1.7,True,3,0.071724,290.9188596,290.9188596
26,1,,quantum,precond_pen=1.700,1.7,True,4,7.229268,290.78991241,290.78991241
26,1,,quantum,precond_pen=1.700,1.7,True,5,7.479076,289.79070338,289.79070338
26,1,,quantum,precond_pen=1.800,1.8,True,0,0.000114,349.06935709,349.06935709
26,1,,quantum,precond_pen=1.800,1.8,True,1,0.011694,316.44120295,316.44120295
26,1,,quantum,precond_pen=1.800,1.8,True,2,0.01268,289.79070338,289.79070338
26,1,,quantum,precond_pen=1.900,1.9,True,0,0.00013,349.06935709,349.06935709
26,1,,quantum,precond_pen=1.900,1.9,True,1,0.011508,324.23927781,324.23927781
26,1,,quantum,precond_pen=1.900,1.9,True,2,0.0129,293.63660634,293.63660634
26,1,,quantum,precond_pen=1.900,1.9,True,3,0.07316,290.9188596,290.9188596
26,1,,quantum,precond_pen=1.900,1.9,True,4,7.35921,290.61321196,290.61321196
26,1,,quantum,precond_pen=1.900,1.9,True,5,7.562206,289.86866573,289.86866573
26,1,,quantum,precond_pen=1.900,1.9,True,6,7.733792,289.79070338,289.79070338
26,1,,quantum,precond_pen=2.000,2.0,True,0,0.000111,349.06935709,349.06935709
26,1,,quantum,precond_pen=2.000,2.0,True,1,0.014087,328.17539975,328.17539975
26,1,,quantum,precond_pen=2.000,2.0,True,2,0.015504,292.85302353,292.85302353
26,1,,quantum,precond_pen=2.000,2.0,True,3,0.067839,290.9188596,290.9188596
26,1,,quantum,precond_pen=2.000,2.0,True,4,18.278359,289.79070338,289.79070338
26,1,,quantum,precond_pen=2.000,2.0,True,5,31.08444,289.79070338,289.79070338
27,1,,quantum,baseline,,True,0,0.000109,341.49430644,341.49430644
27,1,,quantum,baseline,,True,1,0.011713,335.71071962,335.71071962
27,1,,quantum,baseline,,True,2,0.013053,335.21057371,335.21057371
27,1,,quantum,baseline,,True,3,0.014901,302.89817506,302.89817506
27,1,,quantum,baseline,,True,4,1.580218,302.62557932,302.62557932
27,1,,quantum,baseline,,True,5,8.308156,302.32157059,302.32157059
27,1,,quantum,baseline,,True,6,8.713466,302.2493301,302.2493301
27,1,,quantum,baseline,,True,7,9.284806,300.43123457,300.43123457
27,1,,quantum,precond_pen=1.100,1.1,True,0,0.00011,341.49430644,341.49430644
27,1,,quantum,precond_pen=1.100,1.1,True,1,0.013824,326.25337232,326.25337232
27,1,,quantum,precond_pen=1.100,1.1,True,2,0.015404,303.68672967,303.68672967
27,1,,quantum,precond_pen=1.100,1.1,True,3,0.058944,302.32157059,302.32157059
27,1,,quantum,precond_pen=1.100,1.1,True,4,6.105829,300.43123457,300.43123457
27,1,,quantum,precond_pen=1.100,1.1,True,5,20.719241,300.43123457,300.43123457
27,1,,quantum,precond_pen=1.200,1.2,True,0,0.000113,341.49430644,341.49430644
27,1,,quantum,precond_pen=1.200,1.2,True,1,0.012186,326.21529966,326.21529966
27,1,,quantum,precond_pen=1.200,1.2,True,2,0.013345,303.68672967,303.68672967
27,1,,quantum,precond_pen=1.200,1.2,True,3,0.046941,300.43123457,300.43123457
27,1,,quantum,precond_pen=1.300,1.3,True,0,0.000115,341.49430644,341.49430644
27,1,,quantum,precond_pen=1.300,1.3,True,1,0.012192,332.1568766,332.1568766
27,1,,quantum,precond_pen=1.300,1.3,True,2,0.013312,302.62557932,302.62557932
27,1,,quantum,precond_pen=1.300,1.3,True,3,4.577207,302.54713504,302.54713504
27,1,,quantum,precond_pen=1.300,1.3,True,4,4.733328,302.32157059,302.32157059
27,1,,quantum,precond_pen=1.300,1.3,True,5,6.443904,300.43123457,300.43123457
27,1,,quantum,precond_pen=1.400,1.4,True,0,0.000113,341.49430644,341.49430644
27,1,,quantum,precond_pen=1.400,1.4,True,1,0.014384,332.32145987,332.32145987
27,1,,quantum,precond_pen=1.400,1.4,True,2,0.016772,302.62557932,302.62557932
27,1,,quantum,precond_pen=1.400,1.4,True,3,8.719747,302.32157059,302.32157059
27,1,,quantum,precond_pen=1.400,1.4,True,4,11.238421,301.58297574,301.58297574
27,1,,quantum,precond_pen=1.400,1.4,True,5,11.238733,300.43123457,300.43123457
27,1,,quantum,precond_pen=1.400,1.4,True,6,20.190537,300.43123457,300.43123457
27,1,,quantum,precond_pen=1.500,1.5,True,0,0.000122,341.49430644,341.49430644
27,1,,quantum,precond_pen=1.500,1.5,True,1,0.011785,334.86590622,334.86590622
27,1,,quantum,precond_pen=1.500,1.5,True,2,0.0129,302.62557932,302.62557932
27,1,,quantum,precond_pen=1.500,1.5,True,3,0.060392,300.43123457,300.43123457
27,1,,quantum,precond_pen=1.600,1.6,True,0,0.000115,341.49430644,341.49430644
27,1,,quantum,precond_pen=1.600,1.6,True,1,0.011838,332.1568766,332.1568766
27,1,,quantum,precond_pen=1.600,1.6,True,2,0.012973,302.62557932,302.62557932
27,1,,quantum,precond_pen=1.600,1.6,True,3,2.377967,302.32157059,302.32157059
27,1,,quantum,precond_pen=1.600,1.6,True,4,11.602507,300.43123457,300.43123457
27,1,,quantum,precond_pen=1.600,1.6,True,5,26.815545,300.43123457,300.43123457
27,1,,quantum,precond_pen=1.700,1.7,True,0,0.000111,341.49430644,341.49430644
27,1,,quantum,precond_pen=1.700,1.7,True,1,0.013957,326.14840967,326.14840967
27,1,,quantum,precond_pen=1.700,1.7,True,2,0.015126,303.68672967,303.68672967
27,1,,quantum,precond_pen=1.700,1.7,True,3,0.06988,300.43123457,300.43123457
27,1,,quantum,precond_pen=1.800,1.8,True,0,0.000113,341.49430644,341.49430644
27,1,,quantum,precond_pen=1.800,1.8,True,1,0.011876,330.09036114,330.09036114
27,1,,quantum,precond_pen=1.800,1.8,True,2,0.013012,302.62557932,302.62557932
27,1,,quantum,precond_pen=1.800,1.8,True,3,0.058315,302.32157059,302.32157059
27,1,,quantum,precond_pen=1.800,1.8,True,4,3.218112,302.2493301,302.2493301
27,1,,quantum,precond_pen=1.800,1.8,True,5,4.29829,300.43123457,300.43123457
27,1,,quantum,precond_pen=1.900,1.9,True,0,0.000111,341.49430644,341.49430644
27,1,,quantum,precond_pen=1.900,1.9,True,1,0.011078,337.83344117,337.83344117
27,1,,quantum,precond_pen=1.900,1.9,True,2,0.012195,302.62557932,302.62557932
27,1,,quantum,precond_pen=1.900,1.9,True,3,0.04466,302.32157059,302.32157059
27,1,,quantum,precond_pen=1.900,1.9,True,4,7.96042,301.58297574,301.58297574
27,1,,quantum,precond_pen=1.900,1.9,True,5,8.40059,300.43123457,300.43123457
27,1,,quantum,precond_pen=2.000,2.0,True,0,0.000113,341.49430644,341.49430644
27,1,,quantum,precond_pen=2.000,2.0,True,1,0.013994,330.09036114,330.09036114
27,1,,quantum,precond_pen=2.000,2.0,True,2,0.015476,302.62557932,302.62557932
27,1,,quantum,precond_pen=2.000,2.0,True,3,0.05965,302.32157059,302.32157059
27,1,,quantum,precond_pen=2.000,2.0,True,4,9.235754,302.0655634,302.0655634
27,1,,quantum,precond_pen=2.000,2.0,True,5,10.268754,300.43123457,300.43123457
28,1,,quantum,baseline,,True,0,0.000116,340.32630833,340.32630833
28,1,,quantum,baseline,,True,1,0.008702,333.98083378,333.98083378
28,1,,quantum,baseline,,True,2,0.011528,309.2263718,309.2263718
28,1,,quantum,baseline,,True,3,0.136584,305.86272299,305.86272299
28,1,,quantum,precond_pen=1.100,1.1,True,0,0.000113,340.32630833,340.32630833
28,1,,quantum,precond_pen=1.100,1.1,True,1,0.012193,339.06936814,339.06936814
28,1,,quantum,precond_pen=1.100,1.1,True,2,0.013338,306.22469987,306.22469987
28,1,,quantum,precond_pen=1.100,1.1,True,3,7.197539,306.04515794,306.04515794
28,1,,quantum,precond_pen=1.100,1.1,True,4,7.399659,305.86272299,305.86272299
28,1,,quantum,precond_pen=1.200,1.2,True,0,0.000112,340.32630833,340.32630833
28,1,,quantum,precond_pen=1.200,1.2,True,1,0.015236,340.15603859,340.15603859
28,1,,quantum,precond_pen=1.200,1.2,True,2,0.016677,305.86272299,305.86272299
28,1,,quantum,precond_pen=1.300,1.3,True,0,0.000124,340.32630833,340.32630833
28,1,,quantum,precond_pen=1.300,1.3,True,1,0.012299,337.97951099,337.97951099
28,1,,quantum,precond_pen=1.300,1.3,True,2,0.01306,310.59700369,310.59700369
28,1,,quantum,precond_pen=1.300,1.3,True,3,0.047052,305.86272299,305.86272299
28,1,,quantum,precond_pen=1.400,1.4,True,0,0.000111,340.32630833,340.32630833
28,1,,quantum,precond_pen=1.400,1.4,True,1,0.017718,305.86272299,305.86272299
28,1,,quantum,precond_pen=1.500,1.5,True,0,0.000116,340.32630833,340.32630833
28,1,,quantum,precond_pen=1.500,1.5,True,1,0.011055,338.99530843,338.99530843
28,1,,quantum,precond_pen=1.500,1.5,True,2,0.01267,338.70343586,338.70343586
28,1,,quantum,precond_pen=1.500,1.5,True,3,0.013737,307.65638207,307.65638207
28,1,,quantum,precond_pen=1.500,1.5,True,4,0.050221,305.86272299,305.86272299
28,1,,quantum,precond_pen=1.600,1.6,True,0,0.00011,340.32630833,340.32630833
28,1,,quantum,precond_pen=1.600,1.6,True,1,0.011424,337.27936026,337.27936026
28,1,,quantum,precond_pen=1.600,1.6,True,2,0.01278,305.86272299,305.86272299
28,1,,quantum,precond_pen=1.700,1.7,True,0,0.000115,340.32630833,340.32630833
28,1,,quantum,precond_pen=1.700,1.7,True,1,0.012998,305.86272299,305.86272299
28,1,,quantum,precond_pen=1.800,1.8,True,0,0.000117,340.32630833,340.32630833
28,1,,quantum,precond_pen=1.800,1.8,True,1,0.016756,305.86272299,305.86272299
28,1,,quantum,precond_pen=1.900,1.9,True,0,0.000113,340.32630833,340.32630833
28,1,,quantum,precond_pen=1.900,1.9,True,1,0.013226,305.86272299,305.86272299
28,1,,quantum,precond_pen=2.000,2.0,True,0,0.000115,340.32630833,340.32630833
28,1,,quantum,precond_pen=2.000,2.0,True,1,0.011874,340.25799691,340.25799691
28,1,,quantum,precond_pen=2.000,2.0,True,2,0.012631,311.55613088,311.55613088
28,1,,quantum,precond_pen=2.000,2.0,True,3,0.060593,305.86272299,305.86272299
29,1,,quantum,baseline,,True,0,0.000114,322.8211846,322.8211846
29,1,,quantum,baseline,,True,1,0.009135,316.94881803,316.94881803
29,1,,quantum,baseline,,True,2,0.009859,316.63135712,316.63135712
29,1,,quantum,baseline,,True,3,0.011252,286.51806482,286.51806482
29,1,,quantum,baseline,,True,4,0.134451,285.13281303,285.13281303
29,1,,quantum,baseline,,True,5,10.157989,284.96229473,284.96229473
29,1,,quantum,baseline,,True,6,10.392783,284.73704686,284.73704686
29,1,,quantum,precond_pen=1.100,1.1,True,0,0.000108,322.8211846,322.8211846
29,1,,quantum,precond_pen=1.100,1.1,True,1,0.014816,313.53237554,313.53237554
29,1,,quantum,precond_pen=1.100,1.1,True,2,0.016045,284.96229473,284.96229473
29,1,,quantum,precond_pen=1.100,1.1,True,3,7.48514,284.83504578,284.83504578
29,1,,quantum,precond_pen=1.100,1.1,True,4,31.349052,284.73704686,284.73704686
29,1,,quantum,precond_pen=1.100,1.1,True,5,38.144604,284.73704686,284.73704686
29,1,,quantum,precond_pen=1.200,1.2,True,0,0.00011,322.8211846,322.8211846
29,1,,quantum,precond_pen=1.200,1.2,True,1,0.014819,316.41693363,316.41693363
29,1,,quantum,precond_pen=1.200,1.2,True,2,0.016498,285.246091,285.246091
29,1,,quantum,precond_pen=1.200,1.2,True,3,12.922576,284.99970888,284.99970888
29,1,,quantum,precond_pen=1.200,1.2,True,4,15.21743,284.73704686,284.73704686
29,1,,quantum,precond_pen=1.300,1.3,True,0,0.000111,322.8211846,322.8211846
29,1,,quantum,precond_pen=1.300,1.3,True,1,0.01472,310.69032631,310.69032631
29,1,,quantum,precond_pen=1.300,1.3,True,2,0.01656,286.7908692,286.7908692
29,1,,quantum,precond_pen=1.300,1.3,True,3,0.069042,286.65620518,286.65620518
29,1,,quantum,precond_pen=1.300,1.3,True,4,3.236943,286.232405,286.232405
29,1,,quantum,precond_pen=1.300,1.3,True,5,3.745263,284.99970888,284.99970888
29,1,,quantum,precond_pen=1.300,1.3,True,6,7.300848,284.73704686,284.73704686
29,1,,quantum,precond_pen=1.400,1.4,True,0,0.000113,322.8211846,322.8211846
29,1,,quantum,precond_pen=1.400,1.4,True,1,0.015153,314.41244252,314.41244252
29,1,,quantum,precond_pen=1.400,1.4,True,2,0.016699,285.246091,285.246091
29,1,,quantum,precond_pen=1.400,1.4,True,3,36.224417,285.13281303,285.13281303
29,1,,quantum,precond_pen=1.400,1.4,True,4,36.510567,284.99970888,284.99970888
29,1,,quantum,precond_pen=1.400,1.4,True,5,37.12033,284.73704686,284.73704686
29,1,,quantum,precond_pen=1.500,1.5,True,0,0.000117,322.8211846,322.8211846
29,1,,quantum,precond_pen=1.500,1.5,True,1,0.011725,310.7226119,310.7226119
29,1,,quantum,precond_pen=1.500,1.5,True,2,0.012479,284.96229473,284.96229473
29,1,,quantum,precond_pen=1.500,1.5,True,3,5.956415,284.73704686,284.73704686
29,1,,quantum,precond_pen=1.600,1.6,True,0,0.000107,322.8211846,322.8211846
29,1,,quantum,precond_pen=1.600,1.6,True,1,0.011794,315.868175,315.868175
29,1,,quantum,precond_pen=1.600,1.6,True,2,0.012916,284.99970888,284.99970888
29,1,,quantum,precond_pen=1.600,1.6,True,3,4.946941,284.73704686,284.73704686
29,1,,quantum,precond_pen=1.700,1.7,True,0,0.000103,322.8211846,322.8211846
29,1,,quantum,precond_pen=1.700,1.7,True,1,0.013994,318.17945315,318.17945315
29,1,,quantum,precond_pen=1.700,1.7,True,2,0.015589,286.00172025,286.00172025
29,1,,quantum,precond_pen=1.700,1.7,True,3,0.068524,285.13281303,285.13281303
29,1,,quantum,precond_pen=1.700,1.7,True,4,6.954813,284.96229473,284.96229473
29,1,,quantum,precond_pen=1.700,1.7,True,5,13.754907,284.73704686,284.73704686
29,1,,quantum,precond_pen=1.800,1.8,True,0,0.000114,322.8211846,322.8211846
29,1,,quantum,precond_pen=1.800,1.8,True,1,0.01133,309.02424936,309.02424936
29,1,,quantum,precond_pen=1.800,1.8,True,2,0.012143,289.12501629,289.12501629
29,1,,quantum,precond_pen=1.800,1.8,True,3,0.045804,285.13281303,285.13281303
29,1,,quantum,precond_pen=1.800,1.8,True,4,9.839958,284.73704686,284.73704686
29,1,,quantum,precond_pen=1.900,1.9,True,0,0.000114,322.8211846,322.8211846
29,1,,quantum,precond_pen=1.900,1.9,True,1,0.014263,310.24852722,310.24852722
29,1,,quantum,precond_pen=1.900,1.9,True,2,0.016125,285.246091,285.246091
29,1,,quantum,precond_pen=1.900,1.9,True,3,0.06898,285.13281303,285.13281303
29,1,,quantum,precond_pen=1.900,1.9,True,4,14.204068,284.83504578,284.83504578
29,1,,quantum,precond_pen=1.900,1.9,True,5,49.979756,284.73704686,284.73704686
29,1,,quantum,precond_pen=1.900,1.9,True,6,53.073417,284.73704686,284.73704686
29,1,,quantum,precond_pen=2.000,2.0,True,0,0.000108,322.8211846,322.8211846
29,1,,quantum,precond_pen=2.000,2.0,True,1,0.011439,319.22997783,319.22997783
29,1,,quantum,precond_pen=2.000,2.0,True,2,0.012512,286.00172025,286.00172025
29,1,,quantum,precond_pen=2.000,2.0,True,3,0.064716,285.13281303,285.13281303
29,1,,quantum,precond_pen=2.000,2.0,True,4,9.276975,284.99970888,284.99970888
29,1,,quantum,precond_pen=2.000,2.0,True,5,9.78469,284.73704686,284.73704686
30,1,,quantum,baseline,,True,0,0.000106,331.22564552,331.22564552
30,1,,quantum,baseline,,True,1,0.012284,323.49603592,323.49603592
30,1,,quantum,baseline,,True,2,0.016582,297.52102797,297.52102797
30,1,,quantum,baseline,,True,3,0.107718,293.48288435,293.48288435
30,1,,quantum,precond_pen=1.100,1.1,True,0,0.000107,331.22564552,331.22564552
30,1,,quantum,precond_pen=1.100,1.1,True,1,0.011971,328.40664928,328.40664928
30,1,,quantum,precond_pen=1.100,1.1,True,2,0.012965,297.66571511,297.66571511
30,1,,quantum,precond_pen=1.100,1.1,True,3,0.044331,293.48288435,293.48288435
30,1,,quantum,precond_pen=1.200,1.2,True,0,0.00011,331.22564552,331.22564552
30,1,,quantum,precond_pen=1.200,1.2,True,1,0.012138,328.4141298,328.4141298
30,1,,quantum,precond_pen=1.200,1.2,True,2,0.013723,296.06780784,296.06780784
30,1,,quantum,precond_pen=1.200,1.2,True,3,0.931446,295.67977207,295.67977207
30,1,,quantum,precond_pen=1.200,1.2,True,4,0.931729,293.64841459,293.64841459
30,1,,quantum,precond_pen=1.200,1.2,True,5,6.844233,293.48288435,293.48288435
30,1,,quantum,precond_pen=1.300,1.3,True,0,0.000443,331.22564552,331.22564552
30,1,,quantum,precond_pen=1.300,1.3,True,1,0.01329,293.48288435,293.48288435
30,1,,quantum,precond_pen=1.400,1.4,True,0,0.00011,331.22564552,331.22564552
30,1,,quantum,precond_pen=1.400,1.4,True,1,0.013186,293.48288435,293.48288435
30,1,,quantum,precond_pen=1.500,1.5,True,0,0.000111,331.22564552,331.22564552
30,1,,quantum,precond_pen=1.500,1.5,True,1,0.015795,293.48288435,293.48288435
30,1,,quantum,precond_pen=1.600,1.6,True,0,0.000109,331.22564552,331.22564552
30,1,,quantum,precond_pen=1.600,1.6,True,1,0.011463,329.12597237,329.12597237
30,1,,quantum,precond_pen=1.600,1.6,True,2,0.012318,298.84348345,298.84348345
30,1,,quantum,precond_pen=1.600,1.6,True,3,0.05742,293.48288435,293.48288435
30,1,,quantum,precond_pen=1.700,1.7,True,0,0.000112,331.22564552,331.22564552
30,1,,quantum,precond_pen=1.700,1.7,True,1,0.014157,330.95195846,330.95195846
30,1,,quantum,precond_pen=1.700,1.7,True,2,0.015653,296.06780784,296.06780784
30,1,,quantum,precond_pen=1.700,1.7,True,3,5.46198,293.48288435,293.48288435
30,1,,quantum,precond_pen=1.800,1.8,True,0,0.000111,331.22564552,331.22564552
30,1,,quantum,precond_pen=1.800,1.8,True,1,0.015602,293.48288435,293.48288435
30,1,,quantum,precond_pen=1.900,1.9,True,0,0.000112,331.22564552,331.22564552
30,1,,quantum,precond_pen=1.900,1.9,True,1,0.010852,324.04493612,324.04493612
30,1,,quantum,precond_pen=1.900,1.9,True,2,0.011842,300.13655889,300.13655889
30,1,,quantum,precond_pen=1.900,1.9,True,3,2.881061,300.05793272,300.05793272
30,1,,quantum,precond_pen=1.900,1.9,True,4,2.881334,299.36365365,299.36365365
30,1,,quantum,precond_pen=1.900,1.9,True,5,4.430205,295.51465456,295.51465456
30,1,,quantum,precond_pen=1.900,1.9,True,6,4.430486,295.34332213,295.34332213
30,1,,quantum,precond_pen=1.900,1.9,True,7,4.739605,293.48288435,293.48288435
30,1,,quantum,precond_pen=2.000,2.0,True,0,0.000113,331.22564552,331.22564552
30,1,,quantum,precond_pen=2.000,2.0,True,1,0.012831,293.48288435,293.48288435
31,1,,quantum,baseline,,True,0,0.000116,333.62638049,333.62638049
31,1,,quantum,baseline,,True,1,0.011129,330.20252439,330.20252439
31,1,,quantum,baseline,,True,2,0.013678,328.20755979,328.20755979
31,1,,quantum,baseline,,True,3,0.015225,288.12010459,288.12010459
31,1,,quantum,precond_pen=1.100,1.1,True,0,0.000114,333.62638049,333.62638049
31,1,,quantum,precond_pen=1.100,1.1,True,1,0.015079,323.60396332,323.60396332
31,1,,quantum,precond_pen=1.100,1.1,True,2,0.016563,288.12010459,288.12010459
31,1,,quantum,precond_pen=1.200,1.2,True,0,0.00011,333.62638049,333.62638049
31,1,,quantum,precond_pen=1.200,1.2,True,1,0.011435,317.59303045,317.59303045
31,1,,quantum,precond_pen=1.200,1.2,True,2,0.012349,288.12010459,288.12010459
31,1,,quantum,precond_pen=1.300,1.3,True,0,0.000116,333.62638049,333.62638049
31,1,,quantum,precond_pen=1.300,1.3,True,1,0.011921,323.53348937,323.53348937
31,1,,quantum,precond_pen=1.300,1.3,True,2,0.012638,292.2514197,292.2514197
31,1,,quantum,precond_pen=1.300,1.3,True,3,0.044428,291.08767963,291.08767963
31,1,,quantum,precond_pen=1.300,1.3,True,4,6.086918,290.71143549,290.71143549
31,1,,quantum,precond_pen=1.300,1.3,True,5,6.973797,290.72281912,290.71143549
31,1,,quantum,precond_pen=1.300,1.3,True,6,7.238992,289.58938321,289.58938321
31,1,,quantum,precond_pen=1.300,1.3,True,7,7.4047,288.12010459,288.12010459
31,1,,quantum,precond_pen=1.400,1.4,True,0,0.00011,333.62638049,333.62638049
31,1,,quantum,precond_pen=1.400,1.4,True,1,0.010825,317.59303045,317.59303045
31,1,,quantum,precond_pen=1.400,1.4,True,2,0.011737,288.12010459,288.12010459
31,1,,quantum,precond_pen=1.500,1.5,True,0,0.00011,333.62638049,333.62638049
31,1,,quantum,precond_pen=1.500,1.5,True,1,0.013277,320.45135126,320.45135126
31,1,,quantum,precond_pen=1.500,1.5,True,2,0.014246,290.21962896,290.21962896
31,1,,quantum,precond_pen=1.500,1.5,True,3,0.63015,289.58938321,289.58938321
31,1,,quantum,precond_pen=1.500,1.5,True,4,1.243095,288.12010459,288.12010459
31,1,,quantum,precond_pen=1.600,1.6,True,0,0.000116,333.62638049,333.62638049
31,1,,quantum,precond_pen=1.600,1.6,True,1,0.011319,317.59303045,317.59303045
31,1,,quantum,precond_pen=1.600,1.6,True,2,0.012222,288.12010459,288.12010459
31,1,,quantum,precond_pen=1.700,1.7,True,0,0.000116,333.62638049,333.62638049
31,1,,quantum,precond_pen=1.700,1.7,True,1,0.011449,317.59303045,317.59303045
31,1,,quantum,precond_pen=1.700,1.7,True,2,0.01236,288.12010459,288.12010459
31,1,,quantum,precond_pen=1.800,1.8,True,0,0.000111,333.62638049,333.62638049
31,1,,quantum,precond_pen=1.800,1.8,True,1,0.010966,320.54303031,320.54303031
31,1,,quantum,precond_pen=1.800,1.8,True,2,0.011939,295.54994342,295.54994342
31,1,,quantum,precond_pen=1.800,1.8,True,3,0.043583,290.71143549,290.71143549
31,1,,quantum,precond_pen=1.800,1.8,True,4,1.26459,289.48924064,289.48924064
31,1,,quantum,precond_pen=1.800,1.8,True,5,8.062597,289.29433672,289.29433672
31,1,,quantum,precond_pen=1.800,1.8,True,6,8.299085,289.03287703,289.03287703
31,1,,quantum,precond_pen=1.800,1.8,True,7,8.755125,288.12010459,288.12010459
31,1,,quantum,precond_pen=1.900,1.9,True,0,0.000112,333.62638049,333.62638049
31,1,,quantum,precond_pen=1.900,1.9,True,1,0.011266,320.54303031,320.54303031
31,1,,quantum,precond_pen=1.900,1.9,True,2,0.012244,295.54994342,295.54994342
31,1,,quantum,precond_pen=1.900,1.9,True,3,0.045,292.13570982,292.13570982
31,1,,quantum,precond_pen=1.900,1.9,True,4,1.147932,289.48924064,289.48924064
31,1,,quantum,precond_pen=1.900,1.9,True,5,5.197188,289.29433672,289.29433672
31,1,,quantum,precond_pen=1.900,1.9,True,6,5.536548,289.03287703,289.03287703
31,1,,quantum,precond_pen=1.900,1.9,True,7,5.724351,288.12010459,288.12010459
31,1,,quantum,precond_pen=2.000,2.0,True,0,0.000111,333.62638049,333.62638049
31,1,,quantum,precond_pen=2.000,2.0,True,1,0.011465,317.59303045,317.59303045
31,1,,quantum,precond_pen=2.000,2.0,True,2,0.012394,288.12010459,288.12010459
32,1,,quantum,baseline,,True,0,0.000116,316.83420285,316.83420285
32,1,,quantum,baseline,,True,1,0.009469,313.32738643,313.32738643
32,1,,quantum,baseline,,True,2,0.010635,311.8666885,311.8666885
32,1,,quantum,baseline,,True,3,0.011935,285.61308974,285.61308974
32,1,,quantum,baseline,,True,4,0.082357,284.83632349,284.83632349
32,1,,quantum,baseline,,True,5,12.820026,284.34479053,284.34479053
32,1,,quantum,baseline,,True,6,13.061032,283.14028079,283.14028079
32,1,,quantum,baseline,,True,7,16.115452,282.09114371,282.09114371
32,1,,quantum,baseline,,True,8,27.175202,282.09114371,282.09114371
32,1,,quantum,precond_pen=1.100,1.1,True,0,0.000111,316.83420285,316.83420285
32,1,,quantum,precond_pen=1.100,1.1,True,1,0.01159,303.9450374,303.9450374
32,1,,quantum,precond_pen=1.100,1.1,True,2,0.012339,286.19950755,286.19950755
32,1,,quantum,precond_pen=1.100,1.1,True,3,0.043687,285.06795441,285.06795441
32,1,,quantum,precond_pen=1.100,1.1,True,4,6.549199,285.25432189,285.06795441
32,1,,quantum,precond_pen=1.100,1.1,True,5,6.900839,284.69555481,284.69555481
32,1,,quantum,precond_pen=1.100,1.1,True,6,6.901128,282.88745145,282.88745145
32,1,,quantum,precond_pen=1.100,1.1,True,7,14.452707,282.09114371,282.09114371
32,1,,quantum,precond_pen=1.100,1.1,True,8,33.187074,282.09114371,282.09114371
32,1,,quantum,precond_pen=1.200,1.2,True,0,0.000119,316.83420285,316.83420285
32,1,,quantum,precond_pen=1.200,1.2,True,1,0.012556,306.36391339,306.36391339
32,1,,quantum,precond_pen=1.200,1.2,True,2,0.0133,284.41752305,284.41752305
32,1,,quantum,precond_pen=1.200,1.2,True,3,0.058374,283.69620836,283.69620836
32,1,,quantum,precond_pen=1.200,1.2,True,4,6.610343,282.09114371,282.09114371
32,1,,quantum,precond_pen=1.300,1.3,True,0,0.000115,316.83420285,316.83420285
32,1,,quantum,precond_pen=1.300,1.3,True,1,0.011616,296.40615529,296.40615529
32,1,,quantum,precond_pen=1.300,1.3,True,2,0.01244,285.06795441,285.06795441
32,1,,quantum,precond_pen=1.300,1.3,True,3,5.650206,283.14028079,283.14028079
32,1,,quantum,precond_pen=1.300,1.3,True,4,5.941094,282.09114371,282.09114371
32,1,,quantum,precond_pen=1.400,1.4,True,0,0.000114,316.83420285,316.83420285
32,1,,quantum,precond_pen=1.400,1.4,True,1,0.011976,290.3205361,290.3205361
32,1,,quantum,precond_pen=1.400,1.4,True,2,0.012765,285.06795441,285.06795441
32,1,,quantum,precond_pen=1.400,1.4,True,3,2.690852,282.88745145,282.88745145
32,1,,quantum,precond_pen=1.400,1.4,True,4,18.34967,282.09114371,282.09114371
32,1,,quantum,precond_pen=1.400,1.4,True,5,30.794244,282.09114371,282.09114371
32,1,,quantum,precond_pen=1.500,1.5,True,0,0.000117,316.83420285,316.83420285
32,1,,quantum,precond_pen=1.500,1.5,True,1,0.014258,303.23752805,303.23752805
32,1,,quantum,precond_pen=1.500,1.5,True,2,0.015073,285.06795441,285.06795441
32,1,,quantum,precond_pen=1.500,1.5,True,3,0.048316,283.93965727,283.93965727
32,1,,quantum,precond_pen=1.500,1.5,True,4,10.153852,283.69620836,283.69620836
32,1,,quantum,precond_pen=1.500,1.5,True,5,29.867978,282.09114371,282.09114371
32,1,,quantum,precond_pen=1.500,1.5,True,6,37.754004,282.09114371,282.09114371
32,1,,quantum,precond_pen=1.600,1.6,True,0,0.000127,316.83420285,316.83420285
32,1,,quantum,precond_pen=1.600,1.6,True,1,0.011845,304.38248628,304.38248628
32,1,,quantum,precond_pen=1.600,1.6,True,2,0.012627,286.19950755,286.19950755
32,1,,quantum,precond_pen=1.600,1.6,True,3,0.045383,283.93965727,283.93965727
32,1,,quantum,precond_pen=1.600,1.6,True,4,8.298064,283.69620836,283.69620836
32,1,,quantum,precond_pen=1.600,1.6,True,5,37.727908,283.34927202,283.34927202
32,1,,quantum,precond_pen=1.600,1.6,True,6,38.707238,282.09114371,282.09114371
32,1,,quantum,precond_pen=1.700,1.7,True,0,0.000111,316.83420285,316.83420285
32,1,,quantum,precond_pen=1.700,1.7,True,1,0.013787,301.88232953,301.88232953
32,1,,quantum,precond_pen=1.700,1.7,True,2,0.014791,284.41752305,284.41752305
32,1,,quantum,precond_pen=1.700,1.7,True,3,0.05865,283.93965727,283.93965727
32,1,,quantum,precond_pen=1.700,1.7,True,4,8.561468,283.14028079,283.14028079
32,1,,quantum,precond_pen=1.700,1.7,True,5,8.901696,282.09114371,282.09114371
32,1,,quantum,precond_pen=1.800,1.8,True,0,0.000113,316.83420285,316.83420285
32,1,,quantum,precond_pen=1.800,1.8,True,1,0.011099,293.69526898,293.69526898
32,1,,quantum,precond_pen=1.800,1.8,True,2,0.011896,285.06795441,285.06795441
32,1,,quantum,precond_pen=1.800,1.8,True,3,0.058627,283.93965727,283.93965727
32,1,,quantum,precond_pen=1.800,1.8,True,4,16.557132,282.09114371,282.09114371
32,1,,quantum,precond_pen=1.900,1.9,True,0,0.000108,316.83420285,316.83420285
32,1,,quantum,precond_pen=1.900,1.9,True,1,0.011166,302.86823397,302.86823397
32,1,,quantum,precond_pen=1.900,1.9,True,2,0.011911,286.19950755,286.19950755
32,1,,quantum,precond_pen=1.900,1.9,True,3,0.065811,282.09114371,282.09114371
32,1,,quantum,precond_pen=2.000,2.0,True,0,0.000114,316.83420285,316.83420285
32,1,,quantum,precond_pen=2.000,2.0,True,1,0.011755,302.69551026,302.69551026
32,1,,quantum,precond_pen=2.000,2.0,True,2,0.012499,286.19950755,286.19950755
32,1,,quantum,precond_pen=2.000,2.0,True,3,0.056306,285.06795441,285.06795441
32,1,,quantum,precond_pen=2.000,2.0,True,4,2.88538,284.93554219,284.93554219
32,1,,quantum,precond_pen=2.000,2.0,True,5,3.117286,282.88745145,282.88745145
32,1,,quantum,precond_pen=2.000,2.0,True,6,28.756679,282.09114371,282.09114371
32,1,,quantum,precond_pen=2.000,2.0,True,7,35.788164,282.09114371,282.09114371
33,1,,quantum,baseline,,True,0,0.000111,306.9643523,306.9643523
33,1,,quantum,baseline,,True,1,0.009089,304.72919743,304.72919743
33,1,,quantum,baseline,,True,2,0.011561,274.65438706,274.65438706
33,1,,quantum,precond_pen=1.100,1.1,True,0,0.000119,306.9643523,306.9643523
33,1,,quantum,precond_pen=1.100,1.1,True,1,0.011517,302.47255615,302.47255615
33,1,,quantum,precond_pen=1.100,1.1,True,2,0.012718,278.82567567,278.82567567
33,1,,quantum,precond_pen=1.100,1.1,True,3,0.045816,274.65438706,274.65438706
33,1,,quantum,precond_pen=1.200,1.2,True,0,0.000114,306.9643523,306.9643523
33,1,,quantum,precond_pen=1.200,1.2,True,1,0.011535,305.84508387,305.84508387
33,1,,quantum,precond_pen=1.200,1.2,True,2,0.012694,278.82567567,278.82567567
33,1,,quantum,precond_pen=1.200,1.2,True,3,0.044509,274.65438706,274.65438706
33,1,,quantum,precond_pen=1.300,1.3,True,0,0.000111,306.9643523,306.9643523
33,1,,quantum,precond_pen=1.300,1.3,True,1,0.012164,306.65011057,306.65011057
33,1,,quantum,precond_pen=1.300,1.3,True,2,0.013113,274.65438706,274.65438706
33,1,,quantum,precond_pen=1.400,1.4,True,0,0.000114,306.9643523,306.9643523
33,1,,quantum,precond_pen=1.400,1.4,True,1,0.011317,306.21111794,306.21111794
33,1,,quantum,precond_pen=1.400,1.4,True,2,0.012244,274.65438706,274.65438706
33,1,,quantum,precond_pen=1.500,1.5,True,0,0.000124,306.9643523,306.9643523
33,1,,quantum,precond_pen=1.500,1.5,True,1,0.016188,274.65438706,274.65438706
33,1,,quantum,precond_pen=1.600,1.6,True,0,0.000109,306.9643523,306.9643523
33,1,,quantum,precond_pen=1.600,1.6,True,1,0.012724,274.65438706,274.65438706
33,1,,quantum,precond_pen=1.700,1.7,True,0,0.000117,306.9643523,306.9643523
33,1,,quantum,precond_pen=1.700,1.7,True,1,0.012475,274.65438706,274.65438706
33,1,,quantum,precond_pen=1.800,1.8,True,0,0.00011,306.9643523,306.9643523
33,1,,quantum,precond_pen=1.800,1.8,True,1,0.011967,274.65438706,274.65438706
33,1,,quantum,precond_pen=1.900,1.9,True,0,0.000112,306.9643523,306.9643523
33,1,,quantum,precond_pen=1.900,1.9,True,1,0.010645,306.41383557,306.41383557
33,1,,quantum,precond_pen=1.900,1.9,True,2,0.011586,274.65438706,274.65438706
33,1,,quantum,precond_pen=2.000,2.0,True,0,0.000109,306.9643523,306.9643523
33,1,,quantum,precond_pen=2.000,2.0,True,1,0.011078,304.72028942,304.72028942
33,1,,quantum,precond_pen=2.000,2.0,True,2,0.011831,282.02791333,282.02791333
33,1,,quantum,precond_pen=2.000,2.0,True,3,0.04364,274.65438706,274.65438706
34,1,,quantum,baseline,,True,0,0.00016,316.40157626,316.40157626
34,1,,quantum,baseline,,True,1,0.008765,315.93168346,315.93168346
34,1,,quantum,baseline,,True,2,0.009897,312.95097948,312.95097948
34,1,,quantum,baseline,,True,3,0.011197,290.75224676,290.75224676
34,1,,quantum,baseline,,True,4,0.082285,286.08238272,286.08238272
34,1,,quantum,precond_pen=1.100,1.1,True,0,0.000159,316.40157626,316.40157626
34,1,,quantum,precond_pen=1.100,1.1,True,1,0.015709,314.61997186,314.61997186
34,1,,quantum,precond_pen=1.100,1.1,True,2,0.017472,290.8926629,290.8926629
34,1,,quantum,precond_pen=1.100,1.1,True,3,0.070253,289.88985304,289.88985304
34,1,,quantum,precond_pen=1.100,1.1,True,4,3.470158,286.08238272,286.08238272
34,1,,quantum,precond_pen=1.100,1.1,True,5,16.780224,286.08238272,286.08238272
34,1,,quantum,precond_pen=1.200,1.2,True,0,0.000103,316.40157626,316.40157626
34,1,,quantum,precond_pen=1.200,1.2,True,1,0.013147,286.08238272,286.08238272
34,1,,quantum,precond_pen=1.300,1.3,True,0,0.000179,316.40157626,316.40157626
34,1,,quantum,precond_pen=1.300,1.3,True,1,0.012884,314.61997186,314.61997186
34,1,,quantum,precond_pen=1.300,1.3,True,2,0.014017,290.8926629,290.8926629
34,1,,quantum,precond_pen=1.300,1.3,True,3,0.070627,286.08238272,286.08238272
34,1,,quantum,precond_pen=1.400,1.4,True,0,0.000129,316.40157626,316.40157626
34,1,,quantum,precond_pen=1.400,1.4,True,1,0.015452,314.99872014,314.99872014
34,1,,quantum,precond_pen=1.400,1.4,True,2,0.016934,294.02689453,294.02689453
34,1,,quantum,precond_pen=1.400,1.4,True,3,0.070514,290.52381718,290.52381718
34,1,,quantum,precond_pen=1.400,1.4,True,4,3.684651,288.13757899,288.13757899
34,1,,quantum,precond_pen=1.400,1.4,True,5,4.572211,287.50764812,287.50764812
34,1,,quantum,precond_pen=1.400,1.4,True,6,5.417439,286.08238272,286.08238272
34,1,,quantum,precond_pen=1.500,1.5,True,0,0.000114,316.40157626,316.40157626
34,1,,quantum,precond_pen=1.500,1.5,True,1,0.011704,314.61997186,314.61997186
34,1,,quantum,precond_pen=1.500,1.5,True,2,0.012829,290.8926629,290.8926629
34,1,,quantum,precond_pen=1.500,1.5,True,3,0.065943,290.52381718,290.52381718
34,1,,quantum,precond_pen=1.500,1.5,True,4,3.606972,289.88985304,289.88985304
34,1,,quantum,precond_pen=1.500,1.5,True,5,5.759279,288.89223691,288.89223691
34,1,,quantum,precond_pen=1.500,1.5,True,6,5.881871,288.13757899,288.13757899
34,1,,quantum,precond_pen=1.500,1.5,True,7,6.957543,286.08238272,286.08238272
34,1,,quantum,precond_pen=1.600,1.6,True,0,0.000108,316.40157626,316.40157626
34,1,,quantum,precond_pen=1.600,1.6,True,1,0.013846,314.61997186,314.61997186
34,1,,quantum,precond_pen=1.600,1.6,True,2,0.015005,290.8926629,290.8926629
34,1,,quantum,precond_pen=1.600,1.6,True,3,0.047475,286.08238272,286.08238272
34,1,,quantum,precond_pen=1.700,1.7,True,0,0.000118,316.40157626,316.40157626
34,1,,quantum,precond_pen=1.700,1.7,True,1,0.011733,314.61997186,314.61997186
34,1,,quantum,precond_pen=1.700,1.7,True,2,0.01289,290.8926629,290.8926629
34,1,,quantum,precond_pen=1.700,1.7,True,3,0.066217,286.08238272,286.08238272
34,1,,quantum,precond_pen=1.800,1.8,True,0,0.000113,316.40157626,316.40157626
34,1,,quantum,precond_pen=1.800,1.8,True,1,0.01146,313.8924077,313.8924077
34,1,,quantum,precond_pen=1.800,1.8,True,2,0.012165,286.08238272,286.08238272
34,1,,quantum,precond_pen=1.900,1.9,True,0,0.000113,316.40157626,316.40157626
34,1,,quantum,precond_pen=1.900,1.9,True,1,0.012428,314.61997186,314.61997186
34,1,,quantum,precond_pen=1.900,1.9,True,2,0.013568,290.8926629,290.8926629
34,1,,quantum,precond_pen=1.900,1.9,True,3,0.071726,286.08238272,286.08238272
34,1,,quantum,precond_pen=2.000,2.0,True,0,0.000118,316.40157626,316.40157626
34,1,,quantum,precond_pen=2.000,2.0,True,1,0.011717,315.1653993,315.1653993
34,1,,quantum,precond_pen=2.000,2.0,True,2,0.012991,294.02689453,294.02689453
34,1,,quantum,precond_pen=2.000,2.0,True,3,0.06823,286.08238272,286.08238272
35,1,,quantum,baseline,,True,0,0.000116,313.83839743,313.83839743
35,1,,quantum,baseline,,True,1,0.009632,311.69751123,311.69751123
35,1,,quantum,baseline,,True,2,0.010371,277.93001911,277.93001911
35,1,,quantum,baseline,,True,3,1.642057,277.4793589,277.4793589
35,1,,quantum,baseline,,True,4,1.688129,275.3094813,275.3094813
35,1,,quantum,precond_pen=1.100,1.1,True,0,0.000159,313.83839743,313.83839743
35,1,,quantum,precond_pen=1.100,1.1,True,1,0.012861,303.02819558,303.02819558
35,1,,quantum,precond_pen=1.100,1.1,True,2,0.014037,278.46219593,278.46219593
35,1,,quantum,precond_pen=1.100,1.1,True,3,5.026528,278.13525982,278.13525982
35,1,,quantum,precond_pen=1.100,1.1,True,4,6.149077,275.3094813,275.3094813
35,1,,quantum,precond_pen=1.200,1.2,True,0,0.000114,313.83839743,313.83839743
35,1,,quantum,precond_pen=1.200,1.2,True,1,0.01461,308.38839965,308.38839965
35,1,,quantum,precond_pen=1.200,1.2,True,2,0.016051,280.17669816,280.17669816
35,1,,quantum,precond_pen=1.200,1.2,True,3,0.06916,278.28476656,278.28476656
35,1,,quantum,precond_pen=1.200,1.2,True,4,4.115119,277.4793589,277.4793589
35,1,,quantum,precond_pen=1.200,1.2,True,5,4.751255,275.3094813,275.3094813
35,1,,quantum,precond_pen=1.300,1.3,True,0,0.000108,313.83839743,313.83839743
35,1,,quantum,precond_pen=1.300,1.3,True,1,0.011205,304.67076205,304.67076205
35,1,,quantum,precond_pen=1.300,1.3,True,2,0.011908,282.51601596,282.51601596
35,1,,quantum,precond_pen=1.300,1.3,True,3,0.045733,278.28476656,278.28476656
35,1,,quantum,precond_pen=1.300,1.3,True,4,3.790599,277.93001911,277.93001911
35,1,,quantum,precond_pen=1.300,1.3,True,5,6.84871,277.4793589,277.4793589
35,1,,quantum,precond_pen=1.300,1.3,True,6,7.213994,275.3094813,275.3094813
35,1,,quantum,precond_pen=1.400,1.4,True,0,0.000117,313.83839743,313.83839743
35,1,,quantum,precond_pen=1.400,1.4,True,1,0.012698,278.28476656,278.28476656
35,1,,quantum,precond_pen=1.400,1.4,True,2,8.180681,275.3094813,275.3094813
35,1,,quantum,precond_pen=1.500,1.5,True,0,0.000111,313.83839743,313.83839743
35,1,,quantum,precond_pen=1.500,1.5,True,1,0.011045,310.11903663,310.11903663
35,1,,quantum,precond_pen=1.500,1.5,True,2,0.011707,282.51601596,282.51601596
35,1,,quantum,precond_pen=1.500,1.5,True,3,0.055005,278.28476656,278.28476656
35,1,,quantum,precond_pen=1.500,1.5,True,4,4.655561,277.93001911,277.93001911
35,1,,quantum,precond_pen=1.500,1.5,True,5,7.461756,277.4793589,277.4793589
35,1,,quantum,precond_pen=1.500,1.5,True,6,7.772436,275.3094813,275.3094813
35,1,,quantum,precond_pen=1.600,1.6,True,0,0.000126,313.83839743,313.83839743
35,1,,quantum,precond_pen=1.600,1.6,True,1,0.012382,278.28476656,278.28476656
35,1,,quantum,precond_pen=1.600,1.6,True,2,5.306171,275.3094813,275.3094813
35,1,,quantum,precond_pen=1.600,1.6,True,3,32.274912,275.3094813,275.3094813
35,1,,quantum,precond_pen=1.700,1.7,True,0,0.000109,313.83839743,313.83839743
35,1,,quantum,precond_pen=1.700,1.7,True,1,0.011268,310.5451352,310.5451352
35,1,,quantum,precond_pen=1.700,1.7,True,2,0.012163,280.52423424,280.52423424
35,1,,quantum,precond_pen=1.700,1.7,True,3,0.069007,277.65855825,277.65855825
35,1,,quantum,precond_pen=1.700,1.7,True,4,32.301091,277.47655197,277.47655197
35,1,,quantum,precond_pen=1.700,1.7,True,5,32.399302,275.3094813,275.3094813
35,1,,quantum,precond_pen=1.700,1.7,True,6,48.026082,275.3094813,275.3094813
35,1,,quantum,precond_pen=1.800,1.8,True,0,0.000118,313.83839743,313.83839743
35,1,,quantum,precond_pen=1.800,1.8,True,1,0.011932,278.28476656,278.28476656
35,1,,quantum,precond_pen=1.800,1.8,True,2,0.056174,278.13525982,278.13525982
35,1,,quantum,precond_pen=1.800,1.8,True,3,8.153498,277.65855825,277.65855825
35,1,,quantum,precond_pen=1.800,1.8,True,4,14.776718,275.3094813,275.3094813
35,1,,quantum,precond_pen=1.900,1.9,True,0,0.000116,313.83839743,313.83839743
35,1,,quantum,precond_pen=1.900,1.9,True,1,0.012481,278.28476656,278.28476656
35,1,,quantum,precond_pen=1.900,1.9,True,2,0.068974,278.13525982,278.13525982
35,1,,quantum,precond_pen=1.900,1.9,True,3,11.869596,275.3094813,275.3094813
35,1,,quantum,precond_pen=2.000,2.0,True,0,0.000112,313.83839743,313.83839743
35,1,,quantum,precond_pen=2.000,2.0,True,1,0.012755,309.8098753,309.8098753
35,1,,quantum,precond_pen=2.000,2.0,True,2,0.013495,282.51601596,282.51601596
35,1,,quantum,precond_pen=2.000,2.0,True,3,0.057887,278.13525982,278.13525982
35,1,,quantum,precond_pen=2.000,2.0,True,4,5.469127,275.3094813,275.3094813
36,1,,quantum,baseline,,True,0,0.000113,315.02154407,315.02154407
36,1,,quantum,baseline,,True,1,0.008861,311.1923939,311.1923939
36,1,,quantum,baseline,,True,2,0.009412,310.08060044,310.08060044
36,1,,quantum,baseline,,True,3,0.010378,292.7974092,292.7974092
36,1,,quantum,baseline,,True,4,0.081075,282.85656313,282.85656313
36,1,,quantum,precond_pen=1.100,1.1,True,0,0.000161,315.02154407,315.02154407
36,1,,quantum,precond_pen=1.100,1.1,True,1,0.016744,289.13011855,289.13011855
36,1,,quantum,precond_pen=1.100,1.1,True,2,4.205042,286.8703166,286.8703166
36,1,,quantum,precond_pen=1.100,1.1,True,3,5.319713,286.88122537,286.8703166
36,1,,quantum,precond_pen=1.100,1.1,True,4,5.320034,284.70546531,284.70546531
36,1,,quantum,precond_pen=1.100,1.1,True,5,11.132686,282.85656313,282.85656313
36,1,,quantum,precond_pen=1.100,1.1,True,6,22.257031,282.85656313,282.85656313
36,1,,quantum,precond_pen=1.200,1.2,True,0,0.000116,315.02154407,315.02154407
36,1,,quantum,precond_pen=1.200,1.2,True,1,0.01312,312.71031305,312.71031305
36,1,,quantum,precond_pen=1.200,1.2,True,2,0.014668,282.85656313,282.85656313
36,1,,quantum,precond_pen=1.300,1.3,True,0,0.000162,315.02154407,315.02154407
36,1,,quantum,precond_pen=1.300,1.3,True,1,0.013467,289.13011855,289.13011855
36,1,,quantum,precond_pen=1.300,1.3,True,2,3.186775,289.01211176,289.01211176
36,1,,quantum,precond_pen=1.300,1.3,True,3,3.187226,288.10373299,288.10373299
36,1,,quantum,precond_pen=1.300,1.3,True,4,3.410477,287.87611519,287.87611519
36,1,,quantum,precond_pen=1.300,1.3,True,5,5.086578,286.99873305,286.99873305
36,1,,quantum,precond_pen=1.300,1.3,True,6,5.410245,285.73280602,285.73280602
36,1,,quantum,precond_pen=1.300,1.3,True,7,5.729119,282.85656313,282.85656313
36,1,,quantum,precond_pen=1.400,1.4,True,0,0.000115,315.02154407,315.02154407
36,1,,quantum,precond_pen=1.400,1.4,True,1,0.012703,289.13011855,289.13011855
36,1,,quantum,precond_pen=1.400,1.4,True,2,2.799361,286.8350364,286.8350364
36,1,,quantum,precond_pen=1.400,1.4,True,3,3.751404,286.17885402,286.17885402
36,1,,quantum,precond_pen=1.400,1.4,True,4,4.339137,285.40998488,285.40998488
36,1,,quantum,precond_pen=1.400,1.4,True,5,4.738225,282.85656313,282.85656313
36,1,,quantum,precond_pen=1.500,1.5,True,0,0.000116,315.02154407,315.02154407
36,1,,quantum,precond_pen=1.500,1.5,True,1,0.013491,285.35835056,285.35835056
36,1,,quantum,precond_pen=1.500,1.5,True,2,3.774151,285.29428722,285.29428722
36,1,,quantum,precond_pen=1.500,1.5,True,3,3.938312,284.84671375,284.84671375
36,1,,quantum,precond_pen=1.500,1.5,True,4,4.752593,284.68025221,284.68025221
36,1,,quantum,precond_pen=1.500,1.5,True,5,10.497858,282.85656313,282.85656313
36,1,,quantum,precond_pen=1.500,1.5,True,6,27.514137,282.85656313,282.85656313
36,1,,quantum,precond_pen=1.600,1.6,True,0,0.000122,315.02154407,315.02154407
36,1,,quantum,precond_pen=1.600,1.6,True,1,0.013448,285.35835056,285.35835056
36,1,,quantum,precond_pen=1.600,1.6,True,2,3.117143,282.85656313,282.85656313
36,1,,quantum,precond_pen=1.700,1.7,True,0,0.000114,315.02154407,315.02154407
36,1,,quantum,precond_pen=1.700,1.7,True,1,0.013468,285.35835056,285.35835056
36,1,,quantum,precond_pen=1.700,1.7,True,2,4.620543,285.29428722,285.29428722
36,1,,quantum,precond_pen=1.700,1.7,True,3,4.719665,282.85656313,282.85656313
36,1,,quantum,precond_pen=1.700,1.7,True,4,17.382614,282.85656313,282.85656313
36,1,,quantum,precond_pen=1.800,1.8,True,0,0.000112,315.02154407,315.02154407
36,1,,quantum,precond_pen=1.800,1.8,True,1,0.013079,285.35835056,285.35835056
36,1,,quantum,precond_pen=1.800,1.8,True,2,3.752979,282.85656313,282.85656313
36,1,,quantum,precond_pen=1.900,1.9,True,0,0.000111,315.02154407,315.02154407
36,1,,quantum,precond_pen=1.900,1.9,True,1,0.012785,285.35835056,285.35835056
36,1,,quantum,precond_pen=1.900,1.9,True,2,5.456875,282.85656313,282.85656313
36,1,,quantum,precond_pen=2.000,2.0,True,0,0.000112,315.02154407,315.02154407
36,1,,quantum,precond_pen=2.000,2.0,True,1,0.011608,310.81061789,310.81061789
36,1,,quantum,precond_pen=2.000,2.0,True,2,0.012587,295.00358363,295.00358363
36,1,,quantum,precond_pen=2.000,2.0,True,3,0.058749,285.35835056,285.35835056
36,1,,quantum,precond_pen=2.000,2.0,True,4,6.653996,282.85656313,282.85656313
37,1,,quantum,baseline,,True,0,0.000111,311.0704427,311.0704427
37,1,,quantum,baseline,,True,1,0.00906,307.41398624,307.41398624
37,1,,quantum,baseline,,True,2,0.009781,305.53006704,305.53006704
37,1,,quantum,baseline,,True,3,0.01025,305.20607062,305.20607062
37,1,,quantum,baseline,,True,4,0.011443,278.88709907,278.88709907
37,1,,quantum,baseline,,True,5,0.138231,274.83783795,274.83783795
37,1,,quantum,baseline,,True,6,9.044698,273.67397124,273.67397124
37,1,,quantum,baseline,,True,7,9.223034,273.11853927,273.11853927
37,1,,quantum,precond_pen=1.100,1.1,True,0,0.00011,311.0704427,311.0704427
37,1,,quantum,precond_pen=1.100,1.1,True,1,0.015691,309.0678434,309.0678434
37,1,,quantum,precond_pen=1.100,1.1,True,2,0.017145,275.99375929,275.99375929
37,1,,quantum,precond_pen=1.100,1.1,True,3,0.069798,273.11853927,273.11853927
37,1,,quantum,precond_pen=1.200,1.2,True,0,0.000112,311.0704427,311.0704427
37,1,,quantum,precond_pen=1.200,1.2,True,1,0.012588,308.91747512,308.91747512
37,1,,quantum,precond_pen=1.200,1.2,True,2,0.013374,275.99375929,275.99375929
37,1,,quantum,precond_pen=1.200,1.2,True,3,0.043921,273.11853927,273.11853927
37,1,,quantum,precond_pen=1.300,1.3,True,0,0.000111,311.0704427,311.0704427
37,1,,quantum,precond_pen=1.300,1.3,True,1,0.012226,295.89006103,295.89006103
37,1,,quantum,precond_pen=1.300,1.3,True,2,0.013183,279.54745016,279.54745016
37,1,,quantum,precond_pen=1.300,1.3,True,3,0.045598,273.11853927,273.11853927
37,1,,quantum,precond_pen=1.400,1.4,True,0,0.000113,311.0704427,311.0704427
37,1,,quantum,precond_pen=1.400,1.4,True,1,0.014758,310.36636688,310.36636688
37,1,,quantum,precond_pen=1.400,1.4,True,2,0.016512,273.11853927,273.11853927
37,1,,quantum,precond_pen=1.500,1.5,True,0,0.00016,311.0704427,311.0704427
37,1,,quantum,precond_pen=1.500,1.5,True,1,0.014115,307.70144484,307.70144484
37,1,,quantum,precond_pen=1.500,1.5,True,2,0.015193,277.3297966,277.3297966
37,1,,quantum,precond_pen=1.500,1.5,True,3,0.059569,273.11853927,273.11853927
37,1,,quantum,precond_pen=1.600,1.6,True,0,0.000119,311.0704427,311.0704427
37,1,,quantum,precond_pen=1.600,1.6,True,1,0.011602,305.66242577,305.66242577
37,1,,quantum,precond_pen=1.600,1.6,True,2,0.012892,275.99375929,275.99375929
37,1,,quantum,precond_pen=1.600,1.6,True,3,0.04433,273.11853927,273.11853927
37,1,,quantum,precond_pen=1.700,1.7,True,0,0.000111,311.0704427,311.0704427
37,1,,quantum,precond_pen=1.700,1.7,True,1,0.013899,306.11978109,306.11978109
37,1,,quantum,precond_pen=1.700,1.7,True,2,0.014911,279.54745016,279.54745016
37,1,,quantum,precond_pen=1.700,1.7,True,3,0.071425,277.2601075,277.2601075
37,1,,quantum,precond_pen=1.700,1.7,True,4,3.153127,277.17015802,277.17015802
37,1,,quantum,precond_pen=1.700,1.7,True,5,4.060389,276.2852318,276.2852318
37,1,,quantum,precond_pen=1.700,1.7,True,6,4.060665,274.91762796,274.91762796
37,1,,quantum,precond_pen=1.700,1.7,True,7,4.812903,274.71941519,274.71941519
37,1,,quantum,precond_pen=1.700,1.7,True,8,9.943783,273.67397124,273.67397124
37,1,,quantum,precond_pen=1.700,1.7,True,9,10.263016,273.11853927,273.11853927
37,1,,quantum,precond_pen=1.800,1.8,True,0,0.000109,311.0704427,311.0704427
37,1,,quantum,precond_pen=1.800,1.8,True,1,0.014436,310.16682464,310.16682464
37,1,,quantum,precond_pen=1.800,1.8,True,2,0.015381,278.86574367,278.86574367
37,1,,quantum,precond_pen=1.800,1.8,True,3,0.059501,273.11853927,273.11853927
37,1,,quantum,precond_pen=1.900,1.9,True,0,0.000121,311.0704427,311.0704427
37,1,,quantum,precond_pen=1.900,1.9,True,1,0.011121,306.11978109,306.11978109
37,1,,quantum,precond_pen=1.900,1.9,True,2,0.012084,279.54745016,279.54745016
37,1,,quantum,precond_pen=1.900,1.9,True,3,0.04453,273.11853927,273.11853927
37,1,,quantum,precond_pen=2.000,2.0,True,0,0.000108,311.0704427,311.0704427
37,1,,quantum,precond_pen=2.000,2.0,True,1,0.011245,310.36636688,310.36636688
37,1,,quantum,precond_pen=2.000,2.0,True,2,0.012384,273.11853927,273.11853927
38,1,,quantum,baseline,,True,0,0.000116,314.74364232,314.74364232
38,1,,quantum,baseline,,True,1,0.011978,314.40686211,314.40686211
38,1,,quantum,baseline,,True,2,0.013109,276.99792587,276.99792587
38,1,,quantum,precond_pen=1.100,1.1,True,0,0.000106,314.74364232,314.74364232
38,1,,quantum,precond_pen=1.100,1.1,True,1,0.012116,309.93386328,309.93386328
38,1,,quantum,precond_pen=1.100,1.1,True,2,0.012929,277.41495131,277.41495131
38,1,,quantum,precond_pen=1.100,1.1,True,3,0.045065,276.99792587,276.99792587
38,1,,quantum,precond_pen=1.200,1.2,True,0,0.000115,314.74364232,314.74364232
38,1,,quantum,precond_pen=1.200,1.2,True,1,0.015012,304.03924154,304.03924154
38,1,,quantum,precond_pen=1.200,1.2,True,2,0.016534,277.59562909,277.59562909
38,1,,quantum,precond_pen=1.200,1.2,True,3,7.074683,277.41495131,277.41495131
38,1,,quantum,precond_pen=1.200,1.2,True,4,10.254313,276.99792587,276.99792587
38,1,,quantum,precond_pen=1.300,1.3,True,0,0.000124,314.74364232,314.74364232
38,1,,quantum,precond_pen=1.300,1.3,True,1,0.014388,307.20339736,307.20339736
38,1,,quantum,precond_pen=1.300,1.3,True,2,0.016087,277.41495131,277.41495131
38,1,,quantum,precond_pen=1.300,1.3,True,3,6.378018,276.99792587,276.99792587
38,1,,quantum,precond_pen=1.400,1.4,True,0,0.000112,314.74364232,314.74364232
38,1,,quantum,precond_pen=1.400,1.4,True,1,0.01164,313.2135963,313.2135963
38,1,,quantum,precond_pen=1.400,1.4,True,2,0.012607,276.99792587,276.99792587
38,1,,quantum,precond_pen=1.500,1.5,True,0,0.000115,314.74364232,314.74364232
38,1,,quantum,precond_pen=1.500,1.5,True,1,0.011239,306.06589683,306.06589683
38,1,,quantum,precond_pen=1.500,1.5,True,2,0.012183,276.99792587,276.99792587
38,1,,quantum,precond_pen=1.600,1.6,True,0,0.000116,314.74364232,314.74364232
38,1,,quantum,precond_pen=1.600,1.6,True,1,0.011209,311.27961358,311.27961358
38,1,,quantum,precond_pen=1.600,1.6,True,2,0.012339,276.99792587,276.99792587
38,1,,quantum,precond_pen=1.700,1.7,True,0,0.000115,314.74364232,314.74364232
38,1,,quantum,precond_pen=1.700,1.7,True,1,0.01154,312.84628761,312.84628761
38,1,,quantum,precond_pen=1.700,1.7,True,2,0.012859,280.27803644,280.27803644
38,1,,quantum,precond_pen=1.700,1.7,True,3,0.06706,277.36631346,277.36631346
38,1,,quantum,precond_pen=1.700,1.7,True,4,7.788971,276.99792587,276.99792587
38,1,,quantum,precond_pen=1.800,1.8,True,0,0.000109,314.74364232,314.74364232
38,1,,quantum,precond_pen=1.800,1.8,True,1,0.011245,309.83193055,309.83193055
38,1,,quantum,precond_pen=1.800,1.8,True,2,0.012197,280.27803644,280.27803644
38,1,,quantum,precond_pen=1.800,1.8,True,3,0.066343,277.36631346,277.36631346
38,1,,quantum,precond_pen=1.800,1.8,True,4,4.96713,276.99792587,276.99792587
38,1,,quantum,precond_pen=1.900,1.9,True,0,0.000111,314.74364232,314.74364232
38,1,,quantum,precond_pen=1.900,1.9,True,1,0.011505,305.78410894,305.78410894
38,1,,quantum,precond_pen=1.900,1.9,True,2,0.012467,277.41495131,277.41495131
38,1,,quantum,precond_pen=1.900,1.9,True,3,0.044926,277.36631346,277.36631346
38,1,,quantum,precond_pen=1.900,1.9,True,4,4.899126,276.99792587,276.99792587
38,1,,quantum,precond_pen=2.000,2.0,True,0,0.000123,314.74364232,314.74364232
38,1,,quantum,precond_pen=2.000,2.0,True,1,0.011961,305.35906749,305.35906749
38,1,,quantum,precond_pen=2.000,2.0,True,2,0.013567,280.27803644,280.27803644
38,1,,quantum,precond_pen=2.000,2.0,True,3,0.045389,277.36631346,277.36631346
38,1,,quantum,precond_pen=2.000,2.0,True,4,9.547814,276.99792587,276.99792587
39,1,,quantum,baseline,,True,0,0.000106,325.23533325,325.23533325
39,1,,quantum,baseline,,True,1,0.009361,324.1773731,324.1773731
39,1,,quantum,baseline,,True,2,0.010274,279.14198463,279.14198463
39,1,,quantum,baseline,,True,3,0.08492,278.4049792,278.4049792
39,1,,quantum,baseline,,True,4,0.4786,278.30661278,278.30661278
39,1,,quantum,baseline,,True,5,21.32275,278.30661278,278.30661278
39,1,,quantum,precond_pen=1.100,1.1,True,0,0.000105,325.23533325,325.23533325
39,1,,quantum,precond_pen=1.100,1.1,True,1,0.014117,315.85125367,315.85125367
39,1,,quantum,precond_pen=1.100,1.1,True,2,0.01523,278.4049792,278.4049792
39,1,,quantum,precond_pen=1.100,1.1,True,3,6.847265,278.30661278,278.30661278
39,1,,quantum,precond_pen=1.200,1.2,True,0,0.000105,325.23533325,325.23533325
39,1,,quantum,precond_pen=1.200,1.2,True,1,0.011411,319.58395408,319.58395408
39,1,,quantum,precond_pen=1.200,1.2,True,2,0.01278,278.4049792,278.4049792
39,1,,quantum,precond_pen=1.200,1.2,True,3,6.560363,278.30661278,278.30661278
39,1,,quantum,precond_pen=1.300,1.3,True,0,0.000119,325.23533325,325.23533325
39,1,,quantum,precond_pen=1.300,1.3,True,1,0.011288,313.49463251,313.49463251
39,1,,quantum,precond_pen=1.300,1.3,True,2,0.012644,278.4049792,278.4049792
39,1,,quantum,precond_pen=1.300,1.3,True,3,0.044177,278.30661278,278.30661278
39,1,,quantum,precond_pen=1.400,1.4,True,0,0.000114,325.23533325,325.23533325
39,1,,quantum,precond_pen=1.400,1.4,True,1,0.011595,313.49463251,313.49463251
39,1,,quantum,precond_pen=1.400,1.4,True,2,0.012942,278.4049792,278.4049792
39,1,,quantum,precond_pen=1.400,1.4,True,3,5.95344,278.30661278,278.30661278
39,1,,quantum,precond_pen=1.500,1.5,True,0,0.000116,325.23533325,325.23533325
39,1,,quantum,precond_pen=1.500,1.5,True,1,0.011263,305.39405934,305.39405934
39,1,,quantum,precond_pen=1.500,1.5,True,2,0.012443,284.00432399,284.00432399
39,1,,quantum,precond_pen=1.500,1.5,True,3,0.045569,283.95080479,283.95080479
39,1,,quantum,precond_pen=1.500,1.5,True,4,3.231815,282.40525156,282.40525156
39,1,,quantum,precond_pen=1.500,1.5,True,5,4.1135,281.21881731,281.21881731
39,1,,quantum,precond_pen=1.500,1.5,True,6,4.113859,280.72653444,280.72653444
39,1,,quantum,precond_pen=1.500,1.5,True,7,5.25312,278.30661278,278.30661278
39,1,,quantum,precond_pen=1.600,1.6,True,0,0.000114,325.23533325,325.23533325
39,1,,quantum,precond_pen=1.600,1.6,True,1,0.01126,319.58395408,319.58395408
39,1,,quantum,precond_pen=1.600,1.6,True,2,0.01275,278.4049792,278.4049792
39,1,,quantum,precond_pen=1.600,1.6,True,3,5.041636,278.30661278,278.30661278
39,1,,quantum,precond_pen=1.700,1.7,True,0,0.000119,325.23533325,325.23533325
39,1,,quantum,precond_pen=1.700,1.7,True,1,0.011053,305.39405934,305.39405934
39,1,,quantum,precond_pen=1.700,1.7,True,2,0.012216,284.00432399,284.00432399
39,1,,quantum,precond_pen=1.700,1.7,True,3,0.045992,279.14198463,279.14198463
39,1,,quantum,precond_pen=1.700,1.7,True,4,5.962031,279.10638708,279.10638708
39,1,,quantum,precond_pen=1.700,1.7,True,5,6.320722,279.03093205,279.03093205
39,1,,quantum,precond_pen=1.700,1.7,True,6,6.501139,278.56031722,278.56031722
39,1,,quantum,precond_pen=1.700,1.7,True,7,6.688445,278.4049792,278.4049792
39,1,,quantum,precond_pen=1.700,1.7,True,8,14.863841,278.30661278,278.30661278
39,1,,quantum,precond_pen=1.800,1.8,True,0,0.000117,325.23533325,325.23533325
39,1,,quantum,precond_pen=1.800,1.8,True,1,0.014223,313.49463251,313.49463251
39,1,,quantum,precond_pen=1.800,1.8,True,2,0.01636,278.4049792,278.4049792
39,1,,quantum,precond_pen=1.800,1.8,True,3,18.061961,278.30661278,278.30661278
39,1,,quantum,precond_pen=1.900,1.9,True,0,0.000112,325.23533325,325.23533325
39,1,,quantum,precond_pen=1.900,1.9,True,1,0.013311,306.99824432,306.99824432
39,1,,quantum,precond_pen=1.900,1.9,True,2,0.014484,278.4049792,278.4049792
39,1,,quantum,precond_pen=1.900,1.9,True,3,8.037711,278.30661278,278.30661278
39,1,,quantum,precond_pen=1.900,1.9,True,4,23.451574,278.30661278,278.30661278
39,1,,quantum,precond_pen=2.000,2.0,True,0,0.000109,325.23533325,325.23533325
39,1,,quantum,precond_pen=2.000,2.0,True,1,0.011313,311.41736179,311.41736179
39,1,,quantum,precond_pen=2.000,2.0,True,2,0.012462,284.00432399,284.00432399
39,1,,quantum,precond_pen=2.000,2.0,True,3,0.068973,278.4049792,278.4049792
39,1,,quantum,precond_pen=2.000,2.0,True,4,5.947565,278.30661278,278.30661278
40,1,,quantum,baseline,,True,0,0.000119,317.40204258,317.40204258
40,1,,quantum,baseline,,True,1,0.014325,279.79084128,279.79084128
40,1,,quantum,precond_pen=1.100,1.1,True,0,0.000112,317.40204258,317.40204258
40,1,,quantum,precond_pen=1.100,1.1,True,1,0.011572,305.13630022,305.13630022
40,1,,quantum,precond_pen=1.100,1.1,True,2,0.012301,282.75487642,282.75487642
40,1,,quantum,precond_pen=1.100,1.1,True,3,0.043977,279.79084128,279.79084128
40,1,,quantum,precond_pen=1.200,1.2,True,0,0.000115,317.40204258,317.40204258
40,1,,quantum,precond_pen=1.200,1.2,True,1,0.012209,310.0374829,310.0374829
40,1,,quantum,precond_pen=1.200,1.2,True,2,0.013241,282.67470255,282.67470255
40,1,,quantum,precond_pen=1.200,1.2,True,3,3.790017,282.065609,282.065609
40,1,,quantum,precond_pen=1.200,1.2,True,4,4.182648,281.28177571,281.28177571
40,1,,quantum,precond_pen=1.200,1.2,True,5,5.065455,279.79084128,279.79084128
40,1,,quantum,precond_pen=1.300,1.3,True,0,0.000113,317.40204258,317.40204258
40,1,,quantum,precond_pen=1.300,1.3,True,1,0.011366,305.48690551,305.48690551
40,1,,quantum,precond_pen=1.300,1.3,True,2,0.012319,283.56192886,283.56192886
40,1,,quantum,precond_pen=1.300,1.3,True,3,3.979962,283.3441367,283.3441367
40,1,,quantum,precond_pen=1.300,1.3,True,4,5.020604,282.23549962,282.23549962
40,1,,quantum,precond_pen=1.300,1.3,True,5,7.334808,280.18735981,280.18735981
40,1,,quantum,precond_pen=1.300,1.3,True,6,7.72041,279.79084128,279.79084128
40,1,,quantum,precond_pen=1.400,1.4,True,0,0.000121,317.40204258,317.40204258
40,1,,quantum,precond_pen=1.400,1.4,True,1,0.012807,279.79084128,279.79084128
40,1,,quantum,precond_pen=1.500,1.5,True,0,0.000114,317.40204258,317.40204258
40,1,,quantum,precond_pen=1.500,1.5,True,1,0.014374,308.68143581,308.68143581
40,1,,quantum,precond_pen=1.500,1.5,True,2,0.016201,279.79084128,279.79084128
40,1,,quantum,precond_pen=1.600,1.6,True,0,0.000112,317.40204258,317.40204258
40,1,,quantum,precond_pen=1.600,1.6,True,1,0.011424,302.0360806,302.0360806
40,1,,quantum,precond_pen=1.600,1.6,True,2,0.01282,279.79084128,279.79084128
40,1,,quantum,precond_pen=1.700,1.7,True,0,0.000115,317.40204258,317.40204258
40,1,,quantum,precond_pen=1.700,1.7,True,1,0.011362,312.02008437,312.02008437
40,1,,quantum,precond_pen=1.700,1.7,True,2,0.012539,279.79084128,279.79084128
40,1,,quantum,precond_pen=1.800,1.8,True,0,0.000113,317.40204258,317.40204258
40,1,,quantum,precond_pen=1.800,1.8,True,1,0.01458,315.62190713,315.62190713
40,1,,quantum,precond_pen=1.800,1.8,True,2,0.016289,279.79084128,279.79084128
40,1,,quantum,precond_pen=1.900,1.9,True,0,0.000109,317.40204258,317.40204258
40,1,,quantum,precond_pen=1.900,1.9,True,1,0.01081,315.62190713,315.62190713
40,1,,quantum,precond_pen=1.900,1.9,True,2,0.011964,279.79084128,279.79084128
40,1,,quantum,precond_pen=2.000,2.0,True,0,0.000111,317.40204258,317.40204258
40,1,,quantum,precond_pen=2.000,2.0,True,1,0.016332,279.79084128,279.79084128
41,1,,quantum,baseline,,True,0,0.000128,327.14105907,327.14105907
41,1,,quantum,baseline,,True,1,0.008628,327.11193573,327.11193573
41,1,,quantum,baseline,,True,2,0.009568,325.31335179,325.31335179
41,1,,quantum,baseline,,True,3,0.010851,294.34509718,294.34509718
41,1,,quantum,baseline,,True,4,0.085502,291.52603544,291.52603544
41,1,,quantum,baseline,,True,5,1.065402,289.7931551,289.7931551
41,1,,quantum,precond_pen=1.100,1.1,True,0,0.000125,327.14105907,327.14105907
41,1,,quantum,precond_pen=1.100,1.1,True,1,0.012255,321.94852397,321.94852397
41,1,,quantum,precond_pen=1.100,1.1,True,2,0.013201,294.34509718,294.34509718
41,1,,quantum,precond_pen=1.100,1.1,True,3,0.045214,289.7931551,289.7931551
41,1,,quantum,precond_pen=1.200,1.2,True,0,0.000114,327.14105907,327.14105907
41,1,,quantum,precond_pen=1.200,1.2,True,1,0.012338,322.94047872,322.94047872
41,1,,quantum,precond_pen=1.200,1.2,True,2,0.013501,294.34509718,294.34509718
41,1,,quantum,precond_pen=1.200,1.2,True,3,0.057561,289.7931551,289.7931551
41,1,,quantum,precond_pen=1.300,1.3,True,0,0.000119,327.14105907,327.14105907
41,1,,quantum,precond_pen=1.300,1.3,True,1,0.013027,289.7931551,289.7931551
41,1,,quantum,precond_pen=1.400,1.4,True,0,0.00012,327.14105907,327.14105907
41,1,,quantum,precond_pen=1.400,1.4,True,1,0.012127,326.36134778,326.36134778
41,1,,quantum,precond_pen=1.400,1.4,True,2,0.013143,300.43598535,300.43598535
41,1,,quantum,precond_pen=1.400,1.4,True,3,0.061836,293.26941474,293.26941474
41,1,,quantum,precond_pen=1.400,1.4,True,4,5.18144,289.7931551,289.7931551
41,1,,quantum,precond_pen=1.500,1.5,True,0,0.000117,327.14105907,327.14105907
41,1,,quantum,precond_pen=1.500,1.5,True,1,0.012186,318.27439385,318.27439385
41,1,,quantum,precond_pen=1.500,1.5,True,2,0.013156,298.22033208,298.22033208
41,1,,quantum,precond_pen=1.500,1.5,True,3,0.047706,289.7931551,289.7931551
41,1,,quantum,precond_pen=1.600,1.6,True,0,0.000117,327.14105907,327.14105907
41,1,,quantum,precond_pen=1.600,1.6,True,1,0.011711,324.24585995,324.24585995
41,1,,quantum,precond_pen=1.600,1.6,True,2,0.013702,289.7931551,289.7931551
41,1,,quantum,precond_pen=1.700,1.7,True,0,0.000119,327.14105907,327.14105907
41,1,,quantum,precond_pen=1.700,1.7,True,1,0.011512,324.24585995,324.24585995
41,1,,quantum,precond_pen=1.700,1.7,True,2,0.013491,289.7931551,289.7931551
41,1,,quantum,precond_pen=1.800,1.8,True,0,0.000115,327.14105907,327.14105907
41,1,,quantum,precond_pen=1.800,1.8,True,1,0.011247,320.72126335,320.72126335
41,1,,quantum,precond_pen=1.800,1.8,True,2,0.012178,289.7931551,289.7931551
41,1,,quantum,precond_pen=1.900,1.9,True,0,0.000118,327.14105907,327.14105907
41,1,,quantum,precond_pen=1.900,1.9,True,1,0.01136,325.86799513,325.86799513
41,1,,quantum,precond_pen=1.900,1.9,True,2,0.012397,294.34509718,294.34509718
41,1,,quantum,precond_pen=1.900,1.9,True,3,0.045176,289.7931551,289.7931551
41,1,,quantum,precond_pen=2.000,2.0,True,0,0.000127,327.14105907,327.14105907
41,1,,quantum,precond_pen=2.000,2.0,True,1,0.011469,325.53408331,325.53408331
41,1,,quantum,precond_pen=2.000,2.0,True,2,0.012607,289.7931551,289.7931551
42,1,,quantum,baseline,,True,0,0.000129,326.80377417,326.80377417
42,1,,quantum,baseline,,True,1,0.009119,326.52723954,326.52723954
42,1,,quantum,baseline,,True,2,0.009717,326.01194019,326.01194019
42,1,,quantum,baseline,,True,3,0.011118,286.11319045,286.11319045
42,1,,quantum,baseline,,True,4,0.084535,280.57020895,280.57020895
42,1,,quantum,precond_pen=1.100,1.1,True,0,0.00012,326.80377417,326.80377417
42,1,,quantum,precond_pen=1.100,1.1,True,1,0.012058,318.4228815,318.4228815
42,1,,quantum,precond_pen=1.100,1.1,True,2,0.013174,288.03009341,288.03009341
42,1,,quantum,precond_pen=1.100,1.1,True,3,3.37814,282.76263331,282.76263331
42,1,,quantum,precond_pen=1.100,1.1,True,4,3.378422,281.68438398,281.68438398
42,1,,quantum,precond_pen=1.100,1.1,True,5,3.378584,281.52997857,281.52997857
42,1,,quantum,precond_pen=1.100,1.1,True,6,3.378714,280.57020895,280.57020895
42,1,,quantum,precond_pen=1.100,1.1,True,7,18.033037,280.57020895,280.57020895
42,1,,quantum,precond_pen=1.200,1.2,True,0,0.000115,326.80377417,326.80377417
42,1,,quantum,precond_pen=1.200,1.2,True,1,0.011768,316.94621039,316.94621039
42,1,,quantum,precond_pen=1.200,1.2,True,2,0.012459,289.58658163,289.58658163
42,1,,quantum,precond_pen=1.200,1.2,True,3,0.044989,286.19364852,286.19364852
42,1,,quantum,precond_pen=1.200,1.2,True,4,3.45926,284.3938968,284.3938968
42,1,,quantum,precond_pen=1.200,1.2,True,5,4.210089,283.47385199,283.47385199
42,1,,quantum,precond_pen=1.200,1.2,True,6,5.094956,282.4996045,282.4996045
42,1,,quantum,precond_pen=1.200,1.2,True,7,5.095206,282.3906112,282.3906112
42,1,,quantum,precond_pen=1.200,1.2,True,8,6.066272,280.57020895,280.57020895
42,1,,quantum,precond_pen=1.300,1.3,True,0,0.000122,326.80377417,326.80377417
42,1,,quantum,precond_pen=1.300,1.3,True,1,0.011842,319.52229816,319.52229816
42,1,,quantum,precond_pen=1.300,1.3,True,2,0.013199,280.57020895,280.57020895
42,1,,quantum,precond_pen=1.400,1.4,True,0,0.000115,326.80377417,326.80377417
42,1,,quantum,precond_pen=1.400,1.4,True,1,0.011856,325.82404669,325.82404669
42,1,,quantum,precond_pen=1.400,1.4,True,2,0.013143,280.57020895,280.57020895
42,1,,quantum,precond_pen=1.500,1.5,True,0,0.000106,326.80377417,326.80377417
42,1,,quantum,precond_pen=1.500,1.5,True,1,0.011683,317.44101394,317.44101394
42,1,,quantum,precond_pen=1.500,1.5,True,2,0.012612,288.03009341,288.03009341
42,1,,quantum,precond_pen=1.500,1.5,True,3,0.047145,280.57020895,280.57020895
42,1,,quantum,precond_pen=1.600,1.6,True,0,0.000104,326.80377417,326.80377417
42,1,,quantum,precond_pen=1.600,1.6,True,1,0.011282,315.77231957,315.77231957
42,1,,quantum,precond_pen=1.600,1.6,True,2,0.012206,292.37308056,292.37308056
42,1,,quantum,precond_pen=1.600,1.6,True,3,0.043404,280.57020895,280.57020895
42,1,,quantum,precond_pen=1.700,1.7,True,0,0.000102,326.80377417,326.80377417
42,1,,quantum,precond_pen=1.700,1.7,True,1,0.011511,321.82177498,321.82177498
42,1,,quantum,precond_pen=1.700,1.7,True,2,0.012501,288.03009341,288.03009341
42,1,,quantum,precond_pen=1.700,1.7,True,3,0.044444,286.11319045,286.11319045
42,1,,quantum,precond_pen=1.700,1.7,True,4,3.723626,281.85124007,281.85124007
42,1,,quantum,precond_pen=1.700,1.7,True,5,3.723939,280.57020895,280.57020895
42,1,,quantum,precond_pen=1.700,1.7,True,6,16.549896,280.57020895,280.57020895
42,1,,quantum,precond_pen=1.800,1.8,True,0,0.000116,326.80377417,326.80377417
42,1,,quantum,precond_pen=1.800,1.8,True,1,0.011197,319.20227016,319.20227016
42,1,,quantum,precond_pen=1.800,1.8,True,2,0.01229,287.54082281,287.54082281
42,1,,quantum,precond_pen=1.800,1.8,True,3,0.042736,286.11319045,286.11319045
42,1,,quantum,precond_pen=1.800,1.8,True,4,2.938906,284.31597958,284.31597958
42,1,,quantum,precond_pen=1.800,1.8,True,5,3.149851,283.47385199,283.47385199
42,1,,quantum,precond_pen=1.800,1.8,True,6,3.37709,281.85124007,281.85124007
42,1,,quantum,precond_pen=1.800,1.8,True,7,3.95243,280.57020895,280.57020895
42,1,,quantum,precond_pen=1.900,1.9,True,0,0.000119,326.80377417,326.80377417
42,1,,quantum,precond_pen=1.900,1.9,True,1,0.011219,319.20227016,319.20227016
42,1,,quantum,precond_pen=1.900,1.9,True,2,0.012307,287.54082281,287.54082281
42,1,,quantum,precond_pen=1.900,1.9,True,3,0.045768,286.11319045,286.11319045
42,1,,quantum,precond_pen=1.900,1.9,True,4,2.978782,285.09473146,285.09473146
42,1,,quantum,precond_pen=1.900,1.9,True,5,4.52923,282.29360492,282.29360492
42,1,,quantum,precond_pen=1.900,1.9,True,6,5.413957,280.57020895,280.57020895
42,1,,quantum,precond_pen=2.000,2.0,True,0,0.000115,326.80377417,326.80377417
42,1,,quantum,precond_pen=2.000,2.0,True,1,0.011544,319.04714049,319.04714049
42,1,,quantum,precond_pen=2.000,2.0,True,2,0.013659,280.57020895,280.57020895
43,1,,quantum,baseline,,True,0,0.000117,327.77691603,327.77691603
43,1,,quantum,baseline,,True,1,0.008788,326.21453557,326.21453557
43,1,,quantum,baseline,,True,2,0.009235,324.78076207,324.78076207
43,1,,quantum,baseline,,True,3,0.009751,324.39908699,324.39908699
43,1,,quantum,baseline,,True,4,0.011176,284.9579253,284.9579253
43,1,,quantum,baseline,,True,5,27.409209,283.97475927,283.97475927
43,1,,quantum,baseline,,True,6,34.560905,283.97475927,283.97475927
43,1,,quantum,precond_pen=1.100,1.1,True,0,0.000113,327.77691603,327.77691603
43,1,,quantum,precond_pen=1.100,1.1,True,1,0.012568,318.27516691,318.27516691
43,1,,quantum,precond_pen=1.100,1.1,True,2,0.013656,283.97475927,283.97475927
43,1,,quantum,precond_pen=1.200,1.2,True,0,0.000116,327.77691603,327.77691603
43,1,,quantum,precond_pen=1.200,1.2,True,1,0.011901,317.90243209,317.90243209
43,1,,quantum,precond_pen=1.200,1.2,True,2,0.012681,286.06635515,286.06635515
43,1,,quantum,precond_pen=1.200,1.2,True,3,5.772527,285.69096769,285.69096769
43,1,,quantum,precond_pen=1.200,1.2,True,4,6.944072,285.29365606,285.29365606
43,1,,quantum,precond_pen=1.200,1.2,True,5,8.888828,283.97475927,283.97475927
43,1,,quantum,precond_pen=1.300,1.3,True,0,0.000115,327.77691603,327.77691603
43,1,,quantum,precond_pen=1.300,1.3,True,1,0.011798,317.9589178,317.9589178
43,1,,quantum,precond_pen=1.300,1.3,True,2,0.012724,284.9579253,284.9579253
43,1,,quantum,precond_pen=1.300,1.3,True,3,0.046169,283.97475927,283.97475927
43,1,,quantum,precond_pen=1.400,1.4,True,0,0.000125,327.77691603,327.77691603
43,1,,quantum,precond_pen=1.400,1.4,True,1,0.014121,322.33134887,322.33134887
43,1,,quantum,precond_pen=1.400,1.4,True,2,0.015524,283.97475927,283.97475927
43,1,,quantum,precond_pen=1.500,1.5,True,0,0.000115,327.77691603,327.77691603
43,1,,quantum,precond_pen=1.500,1.5,True,1,0.011546,325.64575422,325.64575422
43,1,,quantum,precond_pen=1.500,1.5,True,2,0.012436,285.29365606,285.29365606
43,1,,quantum,precond_pen=1.500,1.5,True,3,5.97733,284.9579253,284.9579253
43,1,,quantum,precond_pen=1.500,1.5,True,4,31.799013,283.97475927,283.97475927
43,1,,quantum,precond_pen=1.500,1.5,True,5,35.894924,283.97475927,283.97475927
43,1,,quantum,precond_pen=1.600,1.6,True,0,0.000104,327.77691603,327.77691603
43,1,,quantum,precond_pen=1.600,1.6,True,1,0.011322,320.05949042,320.05949042
43,1,,quantum,precond_pen=1.600,1.6,True,2,0.012616,284.9579253,284.9579253
43,1,,quantum,precond_pen=1.600,1.6,True,3,13.230977,283.97475927,283.97475927
43,1,,quantum,precond_pen=1.600,1.6,True,4,37.206656,283.97475927,283.97475927
43,1,,quantum,precond_pen=1.700,1.7,True,0,0.000105,327.77691603,327.77691603
43,1,,quantum,precond_pen=1.700,1.7,True,1,0.011284,322.33134887,322.33134887
43,1,,quantum,precond_pen=1.700,1.7,True,2,0.012192,283.97475927,283.97475927
43,1,,quantum,precond_pen=1.800,1.8,True,0,0.000105,327.77691603,327.77691603
43,1,,quantum,precond_pen=1.800,1.8,True,1,0.01152,320.4844937,320.4844937
43,1,,quantum,precond_pen=1.800,1.8,True,2,0.012316,285.29365606,285.29365606
43,1,,quantum,precond_pen=1.800,1.8,True,3,6.57865,283.97475927,283.97475927
43,1,,quantum,precond_pen=1.900,1.9,True,0,0.000106,327.77691603,327.77691603
43,1,,quantum,precond_pen=1.900,1.9,True,1,0.01113,321.47821664,321.47821664
43,1,,quantum,precond_pen=1.900,1.9,True,2,0.012039,283.97475927,283.97475927
43,1,,quantum,precond_pen=2.000,2.0,True,0,0.000114,327.77691603,327.77691603
43,1,,quantum,precond_pen=2.000,2.0,True,1,0.010881,322.33134887,322.33134887
43,1,,quantum,precond_pen=2.000,2.0,True,2,0.011805,283.97475927,283.97475927
44,1,,quantum,baseline,,True,0,0.000109,307.9365777,307.9365777
44,1,,quantum,baseline,,True,1,0.011088,269.60367688,269.60367688
44,1,,quantum,baseline,,True,2,7.718557,268.15402255,268.15402255
44,1,,quantum,precond_pen=1.100,1.1,True,0,0.000119,307.9365777,307.9365777
44,1,,quantum,precond_pen=1.100,1.1,True,1,0.012793,269.60367688,269.60367688
44,1,,quantum,precond_pen=1.100,1.1,True,2,0.045703,268.15402255,268.15402255
44,1,,quantum,precond_pen=1.200,1.2,True,0,0.000112,307.9365777,307.9365777
44,1,,quantum,precond_pen=1.200,1.2,True,1,0.012023,301.79682162,301.79682162
44,1,,quantum,precond_pen=1.200,1.2,True,2,0.012754,276.22353976,276.22353976
44,1,,quantum,precond_pen=1.200,1.2,True,3,0.045529,269.60367688,269.60367688
44,1,,quantum,precond_pen=1.200,1.2,True,4,3.266101,268.9627732,268.9627732
44,1,,quantum,precond_pen=1.200,1.2,True,5,3.940499,268.15402255,268.15402255
44,1,,quantum,precond_pen=1.300,1.3,True,0,0.000112,307.9365777,307.9365777
44,1,,quantum,precond_pen=1.300,1.3,True,1,0.011493,305.8940582,305.8940582
44,1,,quantum,precond_pen=1.300,1.3,True,2,0.013022,268.15402255,268.15402255
44,1,,quantum,precond_pen=1.400,1.4,True,0,0.00011,307.9365777,307.9365777
44,1,,quantum,precond_pen=1.400,1.4,True,1,0.011152,300.63550376,300.63550376
44,1,,quantum,precond_pen=1.400,1.4,True,2,0.011898,276.22353976,276.22353976
44,1,,quantum,precond_pen=1.400,1.4,True,3,0.067469,273.37826088,273.37826088
44,1,,quantum,precond_pen=1.400,1.4,True,4,3.490825,272.1457196,272.1457196
44,1,,quantum,precond_pen=1.400,1.4,True,5,3.719759,271.58522344,271.58522344
44,1,,quantum,precond_pen=1.400,1.4,True,6,3.720021,271.11518221,271.11518221
44,1,,quantum,precond_pen=1.400,1.4,True,7,3.720206,269.43194281,269.43194281
44,1,,quantum,precond_pen=1.400,1.4,True,8,5.880003,268.15402255,268.15402255
44,1,,quantum,precond_pen=1.500,1.5,True,0,0.00012,307.9365777,307.9365777
44,1,,quantum,precond_pen=1.500,1.5,True,1,0.0111,307.32387032,307.32387032
44,1,,quantum,precond_pen=1.500,1.5,True,2,0.012067,275.30000693,275.30000693
44,1,,quantum,precond_pen=1.500,1.5,True,3,0.045064,273.37826088,273.37826088
44,1,,quantum,precond_pen=1.500,1.5,True,4,3.237548,268.15402255,268.15402255
44,1,,quantum,precond_pen=1.500,1.5,True,5,16.102867,268.15402255,268.15402255
44,1,,quantum,precond_pen=1.600,1.6,True,0,0.000111,307.9365777,307.9365777
44,1,,quantum,precond_pen=1.600,1.6,True,1,0.011456,306.21903962,306.21903962
44,1,,quantum,precond_pen=1.600,1.6,True,2,0.012396,279.31416526,279.31416526
44,1,,quantum,precond_pen=1.600,1.6,True,3,0.045774,268.15402255,268.15402255
44,1,,quantum,precond_pen=1.700,1.7,True,0,0.000114,307.9365777,307.9365777
44,1,,quantum,precond_pen=1.700,1.7,True,1,0.011943,307.8111972,307.8111972
44,1,,quantum,precond_pen=1.700,1.7,True,2,0.013087,268.15402255,268.15402255
44,1,,quantum,precond_pen=1.800,1.8,True,0,0.000116,307.9365777,307.9365777
44,1,,quantum,precond_pen=1.800,1.8,True,1,0.011563,307.11241439,307.11241439
44,1,,quantum,precond_pen=1.800,1.8,True,2,0.012303,268.15402255,268.15402255
44,1,,quantum,precond_pen=1.900,1.9,True,0,0.000115,307.9365777,307.9365777
44,1,,quantum,precond_pen=1.900,1.9,True,1,0.011548,306.90394445,306.90394445
44,1,,quantum,precond_pen=1.900,1.9,True,2,0.012505,268.15402255,268.15402255
44,1,,quantum,precond_pen=2.000,2.0,True,0,0.00011,307.9365777,307.9365777
44,1,,quantum,precond_pen=2.000,2.0,True,1,0.011239,307.92389363,307.92389363
44,1,,quantum,precond_pen=2.000,2.0,True,2,0.012201,279.31416526,279.31416526
44,1,,quantum,precond_pen=2.000,2.0,True,3,0.04536,268.15402255,268.15402255
45,1,,quantum,baseline,,True,0,0.000113,332.16074018,332.16074018
45,1,,quantum,baseline,,True,1,0.00908,328.60467026,328.60467026
45,1,,quantum,baseline,,True,2,0.009607,325.76174868,325.76174868
45,1,,quantum,baseline,,True,3,0.011165,286.34838507,286.34838507
45,1,,quantum,precond_pen=1.100,1.1,True,0,0.000119,332.16074018,332.16074018
45,1,,quantum,precond_pen=1.100,1.1,True,1,0.012444,325.45320479,325.45320479
45,1,,quantum,precond_pen=1.100,1.1,True,2,0.013414,286.34838507,286.34838507
45,1,,quantum,precond_pen=1.200,1.2,True,0,0.000113,332.16074018,332.16074018
45,1,,quantum,precond_pen=1.200,1.2,True,1,0.012629,320.1034329,320.1034329
45,1,,quantum,precond_pen=1.200,1.2,True,2,0.014003,286.34838507,286.34838507
45,1,,quantum,precond_pen=1.300,1.3,True,0,0.000111,332.16074018,332.16074018
45,1,,quantum,precond_pen=1.300,1.3,True,1,0.012384,323.02901335,323.02901335
45,1,,quantum,precond_pen=1.300,1.3,True,2,0.013517,286.34838507,286.34838507
45,1,,quantum,precond_pen=1.400,1.4,True,0,0.000109,332.16074018,332.16074018
45,1,,quantum,precond_pen=1.400,1.4,True,1,0.011413,325.57028241,325.57028241
45,1,,quantum,precond_pen=1.400,1.4,True,2,0.012369,286.34838507,286.34838507
45,1,,quantum,precond_pen=1.500,1.5,True,0,0.000116,332.16074018,332.16074018
45,1,,quantum,precond_pen=1.500,1.5,True,1,0.012946,324.48774414,324.48774414
45,1,,quantum,precond_pen=1.500,1.5,True,2,0.013927,286.34838507,286.34838507
45,1,,quantum,precond_pen=1.600,1.6,True,0,0.000113,332.16074018,332.16074018
45,1,,quantum,precond_pen=1.600,1.6,True,1,0.011797,323.40680784,323.40680784
45,1,,quantum,precond_pen=1.600,1.6,True,2,0.0129,295.1482079,295.1482079
45,1,,quantum,precond_pen=1.600,1.6,True,3,0.045316,286.34838507,286.34838507
45,1,,quantum,precond_pen=1.700,1.7,True,0,0.000117,332.16074018,332.16074018
45,1,,quantum,precond_pen=1.700,1.7,True,1,0.012191,316.76820407,316.76820407
45,1,,quantum,precond_pen=1.700,1.7,True,2,0.01316,286.34838507,286.34838507
45,1,,quantum,precond_pen=1.800,1.8,True,0,0.00011,332.16074018,332.16074018
45,1,,quantum,precond_pen=1.800,1.8,True,1,0.011868,318.95497361,318.95497361
45,1,,quantum,precond_pen=1.800,1.8,True,2,0.013023,286.34838507,286.34838507
45,1,,quantum,precond_pen=1.900,1.9,True,0,0.000114,332.16074018,332.16074018
45,1,,quantum,precond_pen=1.900,1.9,True,1,0.011866,324.73965843,324.73965843
45,1,,quantum,precond_pen=1.900,1.9,True,2,0.012864,286.34838507,286.34838507
45,1,,quantum,precond_pen=2.000,2.0,True,0,0.000114,332.16074018,332.16074018
45,1,,quantum,precond_pen=2.000,2.0,True,1,0.014632,316.76820407,316.76820407
45,1,,quantum,precond_pen=2.000,2.0,True,2,0.016131,286.34838507,286.34838507
46,1,,quantum,baseline,,True,0,0.000111,325.38102758,325.38102758
46,1,,quantum,baseline,,True,1,0.008522,322.2105584,322.2105584
46,1,,quantum,baseline,,True,2,0.009493,320.13448017,320.13448017
46,1,,quantum,baseline,,True,3,0.010485,284.59110167,284.59110167
46,1,,quantum,baseline,,True,4,0.081287,274.63641281,274.63641281
46,1,,quantum,precond_pen=1.100,1.1,True,0,0.000123,325.38102758,325.38102758
46,1,,quantum,precond_pen=1.100,1.1,True,1,0.012121,315.06308997,315.06308997
46,1,,quantum,precond_pen=1.100,1.1,True,2,0.013002,280.65894666,280.65894666
46,1,,quantum,precond_pen=1.100,1.1,True,3,0.045435,275.0199746,275.0199746
46,1,,quantum,precond_pen=1.100,1.1,True,4,8.373465,274.98073684,274.98073684
46,1,,quantum,precond_pen=1.100,1.1,True,5,9.145553,274.63641281,274.63641281
46,1,,quantum,precond_pen=1.200,1.2,True,0,0.000121,325.38102758,325.38102758
46,1,,quantum,precond_pen=1.200,1.2,True,1,0.011584,318.88974101,318.88974101
46,1,,quantum,precond_pen=1.200,1.2,True,2,0.012693,276.68734839,276.68734839
46,1,,quantum,precond_pen=1.200,1.2,True,3,3.613754,275.0199746,275.0199746
46,1,,quantum,precond_pen=1.200,1.2,True,4,6.599962,274.98073684,274.98073684
46,1,,quantum,precond_pen=1.200,1.2,True,5,6.838241,274.63641281,274.63641281
46,1,,quantum,precond_pen=1.300,1.3,True,0,0.000109,325.38102758,325.38102758
46,1,,quantum,precond_pen=1.300,1.3,True,1,0.012148,322.4072214,322.4072214
46,1,,quantum,precond_pen=1.300,1.3,True,2,0.013212,276.68734839,276.68734839
46,1,,quantum,precond_pen=1.300,1.3,True,3,2.611522,275.68006321,275.68006321
46,1,,quantum,precond_pen=1.300,1.3,True,4,2.611831,274.98073684,274.98073684
46,1,,quantum,precond_pen=1.300,1.3,True,5,6.015424,274.63641281,274.63641281
46,1,,quantum,precond_pen=1.400,1.4,True,0,0.000113,325.38102758,325.38102758
46,1,,quantum,precond_pen=1.400,1.4,True,1,0.011432,322.51998845,322.51998845
46,1,,quantum,precond_pen=1.400,1.4,True,2,0.01253,276.68734839,276.68734839
46,1,,quantum,precond_pen=1.400,1.4,True,3,5.817825,275.68006321,275.68006321
46,1,,quantum,precond_pen=1.400,1.4,True,4,8.297776,274.63641281,274.63641281
46,1,,quantum,precond_pen=1.500,1.5,True,0,0.000115,325.38102758,325.38102758
46,1,,quantum,precond_pen=1.500,1.5,True,1,0.012657,319.14365352,319.14365352
46,1,,quantum,precond_pen=1.500,1.5,True,2,0.013599,279.04356151,279.04356151
46,1,,quantum,precond_pen=1.500,1.5,True,3,0.074148,275.0199746,275.0199746
46,1,,quantum,precond_pen=1.500,1.5,True,4,0.075066,274.98073684,274.98073684
46,1,,quantum,precond_pen=1.500,1.5,True,5,7.407745,274.63641281,274.63641281
46,1,,quantum,precond_pen=1.600,1.6,True,0,0.000112,325.38102758,325.38102758
46,1,,quantum,precond_pen=1.600,1.6,True,1,0.011389,324.01354924,324.01354924
46,1,,quantum,precond_pen=1.600,1.6,True,2,0.012455,277.02836098,277.02836098
46,1,,quantum,precond_pen=1.600,1.6,True,3,5.278315,276.674532,276.674532
46,1,,quantum,precond_pen=1.600,1.6,True,4,5.654014,274.63641281,274.63641281
46,1,,quantum,precond_pen=1.700,1.7,True,0,0.000111,325.38102758,325.38102758
46,1,,quantum,precond_pen=1.700,1.7,True,1,0.010881,324.01354924,324.01354924
46,1,,quantum,precond_pen=1.700,1.7,True,2,0.011964,277.02836098,277.02836098
46,1,,quantum,precond_pen=1.700,1.7,True,3,0.04777,276.68734839,276.68734839
46,1,,quantum,precond_pen=1.700,1.7,True,4,3.271622,276.20473799,276.20473799
46,1,,quantum,precond_pen=1.700,1.7,True,5,6.213979,275.0199746,275.0199746
46,1,,quantum,precond_pen=1.700,1.7,True,6,16.149974,274.98073684,274.98073684
46,1,,quantum,precond_pen=1.700,1.7,True,7,20.502995,274.63641281,274.63641281
46,1,,quantum,precond_pen=1.800,1.8,True,0,0.000123,325.38102758,325.38102758
46,1,,quantum,precond_pen=1.800,1.8,True,1,0.010524,324.01354924,324.01354924
46,1,,quantum,precond_pen=1.800,1.8,True,2,0.011568,277.02836098,277.02836098
46,1,,quantum,precond_pen=1.800,1.8,True,3,0.047917,275.0199746,275.0199746
46,1,,quantum,precond_pen=1.800,1.8,True,4,0.623479,274.98073684,274.98073684
46,1,,quantum,precond_pen=1.800,1.8,True,5,15.477911,274.63641281,274.63641281
46,1,,quantum,precond_pen=1.900,1.9,True,0,0.00012,325.38102758,325.38102758
46,1,,quantum,precond_pen=1.900,1.9,True,1,0.011291,324.81957999,324.81957999
46,1,,quantum,precond_pen=1.900,1.9,True,2,0.011952,276.53962968,276.53962968
46,1,,quantum,precond_pen=1.900,1.9,True,3,0.042636,275.0199746,275.0199746
46,1,,quantum,precond_pen=1.900,1.9,True,4,4.485871,274.98073684,274.98073684
46,1,,quantum,precond_pen=1.900,1.9,True,5,7.352681,274.63641281,274.63641281
46,1,,quantum,precond_pen=2.000,2.0,True,0,0.000114,325.38102758,325.38102758
46,1,,quantum,precond_pen=2.000,2.0,True,1,0.011021,322.4072214,322.4072214
46,1,,quantum,precond_pen=2.000,2.0,True,2,0.011889,280.65894666,280.65894666
46,1,,quantum,precond_pen=2.000,2.0,True,3,0.044744,276.68734839,276.68734839
46,1,,quantum,precond_pen=2.000,2.0,True,4,6.135713,275.68006321,275.68006321
46,1,,quantum,precond_pen=2.000,2.0,True,5,8.126448,274.98073684,274.98073684
46,1,,quantum,precond_pen=2.000,2.0,True,6,14.288361,274.63641281,274.63641281
47,1,,quantum,baseline,,True,0,0.000114,330.96035488,330.96035488
47,1,,quantum,baseline,,True,1,0.010825,293.30928042,293.30928042
47,1,,quantum,baseline,,True,2,0.476472,292.21073706,292.21073706
47,1,,quantum,baseline,,True,3,0.629753,291.71409437,291.71409437
47,1,,quantum,baseline,,True,4,0.69176,287.63880656,287.63880656
47,1,,quantum,baseline,,True,5,0.825669,286.542507,286.542507
47,1,,quantum,baseline,,True,6,0.942892,286.22834003,286.22834003
47,1,,quantum,baseline,,True,7,1.048916,285.2831582,285.2831582
47,1,,quantum,baseline,,True,8,1.308241,284.53350216,284.53350216
47,1,,quantum,baseline,,True,9,2.004001,283.52419492,283.52419492
47,1,,quantum,baseline,,True,10,2.068762,283.40989016,283.40989016
47,1,,quantum,precond_pen=1.100,1.1,True,0,0.000122,330.96035488,330.96035488
47,1,,quantum,precond_pen=1.100,1.1,True,1,0.01184,318.95221537,318.95221537
47,1,,quantum,precond_pen=1.100,1.1,True,2,0.012575,283.40989016,283.40989016
47,1,,quantum,precond_pen=1.200,1.2,True,0,0.000123,330.96035488,330.96035488
47,1,,quantum,precond_pen=1.200,1.2,True,1,0.012003,318.59059878,318.59059878
47,1,,quantum,precond_pen=1.200,1.2,True,2,0.012915,283.40989016,283.40989016
47,1,,quantum,precond_pen=1.300,1.3,True,0,0.000114,330.96035488,330.96035488
47,1,,quantum,precond_pen=1.300,1.3,True,1,0.012079,318.2546533,318.2546533
47,1,,quantum,precond_pen=1.300,1.3,True,2,0.013197,283.40989016,283.40989016
47,1,,quantum,precond_pen=1.400,1.4,True,0,0.000113,330.96035488,330.96035488
47,1,,quantum,precond_pen=1.400,1.4,True,1,0.011032,318.57988685,318.57988685
47,1,,quantum,precond_pen=1.400,1.4,True,2,0.011959,284.53350216,284.53350216
47,1,,quantum,precond_pen=1.400,1.4,True,3,0.043854,283.40989016,283.40989016
47,1,,quantum,precond_pen=1.500,1.5,True,0,0.000115,330.96035488,330.96035488
47,1,,quantum,precond_pen=1.500,1.5,True,1,0.011218,321.66526539,321.66526539
47,1,,quantum,precond_pen=1.500,1.5,True,2,0.012138,284.53350216,284.53350216
47,1,,quantum,precond_pen=1.500,1.5,True,3,0.043789,283.40989016,283.40989016
47,1,,quantum,precond_pen=1.600,1.6,True,0,0.000129,330.96035488,330.96035488
47,1,,quantum,precond_pen=1.600,1.6,True,1,0.011242,316.89759545,316.89759545
47,1,,quantum,precond_pen=1.600,1.6,True,2,0.012208,284.53350216,284.53350216
47,1,,quantum,precond_pen=1.600,1.6,True,3,0.043365,283.40989016,283.40989016
47,1,,quantum,precond_pen=1.700,1.7,True,0,0.000113,330.96035488,330.96035488
47,1,,quantum,precond_pen=1.700,1.7,True,1,0.011227,310.18983815,310.18983815
47,1,,quantum,precond_pen=1.700,1.7,True,2,0.012384,283.40989016,283.40989016
47,1,,quantum,precond_pen=1.800,1.8,True,0,0.000111,330.96035488,330.96035488
47,1,,quantum,precond_pen=1.800,1.8,True,1,0.010996,319.98019642,319.98019642
47,1,,quantum,precond_pen=1.800,1.8,True,2,0.012145,283.40989016,283.40989016
47,1,,quantum,precond_pen=1.900,1.9,True,0,0.00011,330.96035488,330.96035488
47,1,,quantum,precond_pen=1.900,1.9,True,1,0.013293,318.52866842,318.52866842
47,1,,quantum,precond_pen=1.900,1.9,True,2,0.014227,283.40989016,283.40989016
47,1,,quantum,precond_pen=2.000,2.0,True,0,0.000112,330.96035488,330.96035488
47,1,,quantum,precond_pen=2.000,2.0,True,1,0.011137,321.26928636,321.26928636
47,1,,quantum,precond_pen=2.000,2.0,True,2,0.012052,283.40989016,283.40989016
48,1,,quantum,baseline,,True,0,0.000111,327.14566948,327.14566948
48,1,,quantum,baseline,,True,1,0.009745,276.62067882,276.62067882
48,1,,quantum,precond_pen=1.100,1.1,True,0,0.00011,327.14566948,327.14566948
48,1,,quantum,precond_pen=1.100,1.1,True,1,0.011931,313.13127036,313.13127036
48,1,,quantum,precond_pen=1.100,1.1,True,2,0.012664,279.63520428,279.63520428
48,1,,quantum,precond_pen=1.100,1.1,True,3,0.043159,276.62067882,276.62067882
48,1,,quantum,precond_pen=1.200,1.2,True,0,0.000109,327.14566948,327.14566948
48,1,,quantum,precond_pen=1.200,1.2,True,1,0.012413,320.14340534,320.14340534
48,1,,quantum,precond_pen=1.200,1.2,True,2,0.013239,276.62067882,276.62067882
48,1,,quantum,precond_pen=1.300,1.3,True,0,0.000108,327.14566948,327.14566948
48,1,,quantum,precond_pen=1.300,1.3,True,1,0.012018,317.46506373,317.46506373
48,1,,quantum,precond_pen=1.300,1.3,True,2,0.013399,276.62067882,276.62067882
48,1,,quantum,precond_pen=1.400,1.4,True,0,0.000108,327.14566948,327.14566948
48,1,,quantum,precond_pen=1.400,1.4,True,1,0.011456,322.03250787,322.03250787
48,1,,quantum,precond_pen=1.400,1.4,True,2,0.012822,276.62067882,276.62067882
48,1,,quantum,precond_pen=1.500,1.5,True,0,0.00012,327.14566948,327.14566948
48,1,,quantum,precond_pen=1.500,1.5,True,1,0.011302,307.81975038,307.81975038
48,1,,quantum,precond_pen=1.500,1.5,True,2,0.012606,276.62067882,276.62067882
48,1,,quantum,precond_pen=1.600,1.6,True,0,0.000115,327.14566948,327.14566948
48,1,,quantum,precond_pen=1.600,1.6,True,1,0.01153,320.93187032,320.93187032
48,1,,quantum,precond_pen=1.600,1.6,True,2,0.012647,279.13894385,279.13894385
48,1,,quantum,precond_pen=1.600,1.6,True,3,3.693109,278.80005268,278.80005268
48,1,,quantum,precond_pen=1.600,1.6,True,4,4.963056,276.62067882,276.62067882
48,1,,quantum,precond_pen=1.700,1.7,True,0,0.000108,327.14566948,327.14566948
48,1,,quantum,precond_pen=1.700,1.7,True,1,0.011012,310.6664812,310.6664812
48,1,,quantum,precond_pen=1.700,1.7,True,2,0.011948,276.62067882,276.62067882
48,1,,quantum,precond_pen=1.800,1.8,True,0,0.000167,327.14566948,327.14566948
48,1,,quantum,precond_pen=1.800,1.8,True,1,0.011631,316.42703557,316.42703557
48,1,,quantum,precond_pen=1.800,1.8,True,2,0.012526,276.62067882,276.62067882
48,1,,quantum,precond_pen=1.900,1.9,True,0,0.000111,327.14566948,327.14566948
48,1,,quantum,precond_pen=1.900,1.9,True,1,0.011876,312.79129072,312.79129072
48,1,,quantum,precond_pen=1.900,1.9,True,2,0.012855,279.13894385,279.13894385
48,1,,quantum,precond_pen=1.900,1.9,True,3,0.044856,276.62067882,276.62067882
48,1,,quantum,precond_pen=2.000,2.0,True,0,0.000119,327.14566948,327.14566948
48,1,,quantum,precond_pen=2.000,2.0,True,1,0.010986,319.96960342,319.96960342
48,1,,quantum,precond_pen=2.000,2.0,True,2,0.01207,280.54459053,280.54459053
48,1,,quantum,precond_pen=2.000,2.0,True,3,0.044612,276.62067882,276.62067882
49,1,,quantum,baseline,,True,0,0.00011,315.28487004,315.28487004
49,1,,quantum,baseline,,True,1,0.010334,280.98560201,280.98560201
49,1,,quantum,baseline,,True,2,0.08658,278.43301897,278.43301897
49,1,,quantum,baseline,,True,3,1.132771,276.78558849,276.78558849
49,1,,quantum,baseline,,True,4,6.817935,276.42619232,276.42619232
49,1,,quantum,baseline,,True,5,6.818224,276.04215086,276.04215086
49,1,,quantum,baseline,,True,6,6.818396,274.95554275,274.95554275
49,1,,quantum,baseline,,True,7,16.514024,274.95554275,274.95554275
49,1,,quantum,precond_pen=1.100,1.1,True,0,0.000125,315.28487004,315.28487004
49,1,,quantum,precond_pen=1.100,1.1,True,1,0.011965,313.56875042,313.56875042
49,1,,quantum,precond_pen=1.100,1.1,True,2,0.012922,274.95554275,274.95554275
49,1,,quantum,precond_pen=1.200,1.2,True,0,0.000117,315.28487004,315.28487004
49,1,,quantum,precond_pen=1.200,1.2,True,1,0.011877,313.97502641,313.97502641
49,1,,quantum,precond_pen=1.200,1.2,True,2,0.012608,276.26722566,276.26722566
49,1,,quantum,precond_pen=1.200,1.2,True,3,4.69183,275.29944914,275.29944914
49,1,,quantum,precond_pen=1.200,1.2,True,4,4.988276,275.06890307,275.06890307
49,1,,quantum,precond_pen=1.200,1.2,True,5,6.89018,274.95554275,274.95554275
49,1,,quantum,precond_pen=1.200,1.2,True,6,18.601867,274.95554275,274.95554275
49,1,,quantum,precond_pen=1.300,1.3,True,0,0.000113,315.28487004,315.28487004
49,1,,quantum,precond_pen=1.300,1.3,True,1,0.011302,313.4613649,313.4613649
49,1,,quantum,precond_pen=1.300,1.3,True,2,0.01201,276.26722566,276.26722566
49,1,,quantum,precond_pen=1.300,1.3,True,3,0.043666,275.06890307,275.06890307
49,1,,quantum,precond_pen=1.300,1.3,True,4,7.740258,274.95554275,274.95554275
49,1,,quantum,precond_pen=1.300,1.3,True,5,15.889049,274.95554275,274.95554275
49,1,,quantum,precond_pen=1.400,1.4,True,0,0.000124,315.28487004,315.28487004
49,1,,quantum,precond_pen=1.400,1.4,True,1,0.011073,313.97502641,313.97502641
49,1,,quantum,precond_pen=1.400,1.4,True,2,0.011789,276.26722566,276.26722566
49,1,,quantum,precond_pen=1.400,1.4,True,3,0.04284,275.06890307,275.06890307
49,1,,quantum,precond_pen=1.400,1.4,True,4,11.564035,274.95554275,274.95554275
49,1,,quantum,precond_pen=1.400,1.4,True,5,17.34276,274.95554275,274.95554275
49,1,,quantum,precond_pen=1.500,1.5,True,0,0.00013,315.28487004,315.28487004
49,1,,quantum,precond_pen=1.500,1.5,True,1,0.011306,315.16310988,315.16310988
49,1,,quantum,precond_pen=1.500,1.5,True,2,0.01203,276.26722566,276.26722566
49,1,,quantum,precond_pen=1.500,1.5,True,3,6.643474,275.5815906,275.5815906
49,1,,quantum,precond_pen=1.500,1.5,True,4,7.117018,274.95554275,274.95554275
49,1,,quantum,precond_pen=1.600,1.6,True,0,0.000109,315.28487004,315.28487004
49,1,,quantum,precond_pen=1.600,1.6,True,1,0.010639,307.54246461,307.54246461
49,1,,quantum,precond_pen=1.600,1.6,True,2,0.011411,277.66633579,277.66633579
49,1,,quantum,precond_pen=1.600,1.6,True,3,0.045075,276.78558849,276.78558849
49,1,,quantum,precond_pen=1.600,1.6,True,4,3.245026,276.51316275,276.51316275
49,1,,quantum,precond_pen=1.600,1.6,True,5,4.820512,276.15270676,276.15270676
49,1,,quantum,precond_pen=1.600,1.6,True,6,4.820823,276.04215086,276.04215086
49,1,,quantum,precond_pen=1.600,1.6,True,7,4.995084,274.95554275,274.95554275
49,1,,quantum,precond_pen=1.700,1.7,True,0,0.000124,315.28487004,315.28487004
49,1,,quantum,precond_pen=1.700,1.7,True,1,0.01125,313.75530785,313.75530785
49,1,,quantum,precond_pen=1.700,1.7,True,2,0.012218,274.95554275,274.95554275
49,1,,quantum,precond_pen=1.800,1.8,True,0,0.000113,315.28487004,315.28487004
49,1,,quantum,precond_pen=1.800,1.8,True,1,0.011013,315.16310988,315.16310988
49,1,,quantum,precond_pen=1.800,1.8,True,2,0.011738,276.26722566,276.26722566
49,1,,quantum,precond_pen=1.800,1.8,True,3,4.55406,275.06890307,275.06890307
49,1,,quantum,precond_pen=1.800,1.8,True,4,19.276501,274.95554275,274.95554275
49,1,,quantum,precond_pen=1.800,1.8,True,5,25.520303,274.95554275,274.95554275
49,1,,quantum,precond_pen=1.900,1.9,True,0,0.000119,315.28487004,315.28487004
49,1,,quantum,precond_pen=1.900,1.9,True,1,0.010979,309.22346741,309.22346741
49,1,,quantum,precond_pen=1.900,1.9,True,2,0.011702,276.26722566,276.26722566
49,1,,quantum,precond_pen=1.900,1.9,True,3,0.042896,274.95554275,274.95554275
49,1,,quantum,precond_pen=2.000,2.0,True,0,0.000113,315.28487004,315.28487004
49,1,,quantum,precond_pen=2.000,2.0,True,1,0.011758,280.98560201,280.98560201
49,1,,quantum,precond_pen=2.000,2.0,True,2,0.043437,274.95554275,274.95554275
