name,n,objective_model,objective_baseline,penalty,mip_status,runtime_sec,time_to_best_sec,mip_gap,x_bits,z_bits,sum_z,presolve,trajectory,seed,preconditioner_family,layers,sweeps
baseline,40,368.63177324372435,368.63177324372424,,2,149.293231010437,0.0247189998626709,0.0,0011101000011110100011111101010010010001,--+++-+----++++-+---++++++-+-+--+--+---+,0,True,"[[0.000224, 425.7866819], [0.024719, 368.63177324], [149.287901, 368.63177324]]",0,quantum,1,
precond_pen=1.100,40,-2.054635147343994,368.63177324372424,1.1,2,97.124263048172,69.85358500480652,0.0,1100010111100001011100000010101101101110,++---+-++++----+-+++------+-+-++-++-+++-,0,True,"[[0.000206, 425.7866819], [0.023051, 398.97291074], [0.024365, 378.20466024], [0.12477, 377.43604677], [5.079681, 372.69093447], [5.345594, 372.24021329], [5.346487, 371.86673033], [5.542072, 371.64019276], [7.292, 369.78736759], [8.993104, 369.78283142], [69.853585, 368.63177324]]",0,quantum,1,
precond_pen=1.200,40,-1.8721424665719901,368.63177324372424,1.2,2,87.60356402397156,62.75058913230896,0.0,0011101000011110100011111101010010010001,--+++-+----++++-+---++++++-+-+--+--+---+,0,True,"[[0.00018, 425.7866819], [0.022019, 407.06515555], [0.023831, 369.78283142], [10.856792, 369.20214205], [62.019511, 369.01132703], [62.750589, 368.63177324], [87.601156, 368.63177324]]",0,quantum,1,
precond_pen=1.300,40,-1.7264256050910038,368.63177324372424,1.3,2,94.870432138443,73.10989880561829,0.0,0011101000011110100011111101010010010001,--+++-+----++++-+---++++++-+-+--+--+---+,0,True,"[[0.000153, 425.7866819], [0.019397, 410.95759445], [0.020511, 369.78736759], [0.120577, 369.20214205], [71.245608, 369.15975531], [71.246278, 369.01132703], [73.109899, 368.63177324]]",0,quantum,1,
precond_pen=1.400,40,-1.607325257016008,368.63177324372424,1.4,2,112.31242680549622,101.71437287330627,0.0,1100010111100001011100000010101101101110,++---+-++++----+-+++------+-+-++-++-+++-,0,True,"[[0.000189, 425.7866819], [0.023732, 404.55231461], [0.0253, 376.3873807], [0.13742, 369.20214205], [101.237131, 369.15975531], [101.714373, 368.63177324]]",0,quantum,1,
precond_pen=1.500,40,-1.5081223644980017,368.63177324372424,1.5,2,120.1534149646759,105.05764603614807,0.0,0011101000011110100011111101010010010001,--+++-+----++++-+---++++++-+-+--+--+---+,0,True,"[[0.000176, 425.7866819], [0.020586, 396.39540486], [0.022101, 372.48470004], [0.234066, 369.20214205], [105.057646, 368.63177324]]",0,quantum,1,
precond_pen=1.600,40,-1.424191784154008,368.63177324372424,1.6,2,110.95461106300354,82.28979706764221,0.0,0011101000011110100011111101010010010001,--+++-+----++++-+---++++++-+-+--+--+---+,0,True,"[[0.000169, 425.7866819], [0.019246, 396.39540486], [0.020725, 372.48470004], [0.207841, 369.20214205], [82.289797, 368.63177324]]",0,quantum,1,
precond_pen=1.700,40,-1.3522440540779996,368.63177324372424,1.7,2,108.231027841568,91.82611894607544,0.0,1100010111100001011100000010101101101110,++---+-++++----+-+++------+-+-++-++-+++-,0,True,"[[0.000177, 425.7866819], [0.020425, 395.9631242], [0.022686, 369.20214205], [91.005296, 369.15975531], [91.826119, 368.63177324]]",0,quantum,1,
precond_pen=1.800,40,-1.2898739915759947,368.63177324372424,1.8,2,100.93708896636963,0.023859024047851562,0.0,1100010111100001011100000010101101101110,++---+-++++----+-+++------+-+-++-++-+++-,0,True,"[[0.000235, 425.7866819], [0.022273, 398.84441142], [0.023859, 368.63177324]]",0,quantum,1,
precond_pen=1.900,40,-1.2352817029510028,368.63177324372424,1.9,2,106.00485801696777,15.16185188293457,0.0,1100010111100001011100000010101101101110,++---+-++++----+-+++------+-+-++-++-+++-,0,True,"[[0.000922, 425.7866819], [0.023133, 406.03779064], [0.025964, 395.9631242], [0.029165, 369.20214205], [15.161852, 368.63177324], [106.002603, 368.63177324]]",0,quantum,1,
precond_pen=2.000,40,-1.1870930766769785,368.63177324372424,2.0,2,126.70418095588684,107.16492581367493,0.0,1100010111100001011100000010101101101110,++---+-++++----+-+++------+-+-++-++-+++-,0,True,"[[0.000173, 425.7866819], [0.023041, 395.9631242], [0.025877, 369.20214205], [107.164926, 368.63177324]]",0,quantum,1,
baseline,40,350.3507169280868,350.35071692808685,,2,81.37272596359253,3.1772351264953613,0.0,1010010101111011110000010000111100101001,+-+--+-+-++++-++++-----+----++++--+-+--+,0,True,"[[0.000148, 408.15752692], [0.015976, 404.83630669], [0.016687, 394.31387368], [0.019761, 356.64242362], [0.191734, 353.57071597], [2.766972, 352.66694076], [3.177235, 350.35071693]]",1,quantum,1,
precond_pen=1.100,40,-2.1940597898890104,350.35071692808685,1.1,2,72.00616502761841,67.20909214019775,0.0,1010010101111011110000010000111100101001,+-+--+-+-++++-++++-----+----++++--+-+--+,0,True,"[[0.000165, 408.15752692], [0.019052, 384.16921396], [0.020515, 350.96648031], [65.253384, 350.78488556], [67.209092, 350.35071693]]",1,quantum,1,
precond_pen=1.200,40,-1.998908862381004,350.35071692808685,1.2,2,79.8976218700409,14.863992929458618,0.0,0101101010000100001111101111000011010110,-+-++-+-+----+----+++++-++++----++-+-++-,0,True,"[[0.000177, 408.15752692], [0.027794, 381.94915116], [0.029761, 362.505019], [0.146867, 350.96648031], [14.863993, 350.35071693], [79.895467, 350.35071693]]",1,quantum,1,
precond_pen=1.300,40,-1.8425070694929904,350.35071692808685,1.3,2,71.69658398628235,52.33487010002136,0.0,0101101010000100001111101111000011010110,-+-++-+-+----+----+++++-++++----++-+-++-,0,True,"[[0.000156, 408.15752692], [0.015288, 398.91514609], [0.015931, 394.31387368], [0.016547, 393.34248929], [0.019075, 356.70236718], [0.104211, 351.59672026], [8.264562, 351.04797749], [8.265211, 350.96648031], [52.33487, 350.35071693], [71.694168, 350.35071693]]",1,quantum,1,
precond_pen=1.400,40,-1.7143056704210036,350.35071692808685,1.4,2,77.01086091995239,10.616130828857422,0.0,0101101010000100001111101111000011010110,-+-++-+-+----+----+++++-++++----++-+-++-,0,True,"[[0.000193, 408.15752692], [0.020475, 384.21351213], [0.022304, 350.96648031], [9.498296, 350.78488556], [10.616131, 350.35071693]]",1,quantum,1,
precond_pen=1.500,40,-1.607277674082983,350.35071692808685,1.5,2,96.47179698944092,89.38671779632568,0.0,0101101010000100001111101111000011010110,-+-++-+-+----+----+++++-++++----++-+-++-,0,True,"[[0.000184, 408.15752692], [0.021767, 395.76510638], [0.023452, 350.96648031], [89.386718, 350.35071693]]",1,quantum,1,
precond_pen=1.600,40,-1.5165586965239974,350.35071692808685,1.6,2,83.24083209037781,16.73285698890686,0.0,1010010101111011110000010000111100101001,+-+--+-+-++++-++++-----+----++++--+-+--+,0,True,"[[0.000185, 408.15752692], [0.027668, 391.0817009], [0.029664, 367.8137657], [0.215811, 356.59212111], [8.498663, 353.27144027], [9.093046, 352.99852387], [9.093728, 351.28003689], [11.777532, 350.96648031], [13.626501, 350.78488556], [16.732857, 350.35071693], [83.238673, 350.35071693]]",1,quantum,1,
precond_pen=1.700,40,-1.4386724411589906,350.35071692808685,1.7,2,91.24693584442139,55.907145977020264,0.0,0101101010000100001111101111000011010110,-+-++-+-+----+----+++++-++++----++-+-++-,0,True,"[[0.000153, 408.15752692], [0.018244, 403.04394118], [0.019604, 354.92031685], [7.366649, 352.8248188], [9.960141, 352.74103057], [12.701697, 350.96648031], [55.510061, 350.78488556], [55.907146, 350.35071693]]",1,quantum,1,
precond_pen=1.800,40,-1.3710677128899889,350.35071692808685,1.8,2,94.64221906661987,87.48658490180969,0.0,0101101010000100001111101111000011010110,-+-++-+-+----+----+++++-++++----++-+-++-,0,True,"[[0.000162, 408.15752692], [0.023044, 390.08787854], [0.024673, 357.50057865], [0.138948, 351.59672026], [8.763799, 351.28003689], [9.270995, 350.96648031], [87.486585, 350.35071693]]",1,quantum,1,
precond_pen=1.900,40,-1.311829164917004,350.35071692808685,1.9,2,83.32852411270142,0.025444984436035156,0.0,0101101010000100001111101111000011010110,-+-++-+-+----+----+++++-++++----++-+-++-,0,True,"[[0.00023, 408.15752692], [0.023428, 389.45875328], [0.025445, 350.35071693]]",1,quantum,1,
precond_pen=2.000,40,-1.2594904056120146,350.35071692808685,2.0,2,92.50477504730225,0.029831886291503906,0.0,0101101010000100001111101111000011010110,-+-++-+-+----+----+++++-++++----++-+-++-,0,True,"[[0.000192, 408.15752692], [0.026923, 389.45875328], [0.029832, 350.35071693]]",1,quantum,1,
baseline,40,347.76738516673953,347.7673851667394,,2,143.62388396263123,95.534912109375,0.0,0111000110000001111110101101001101000101,-+++---++------++++++-+-++-+--++-+---+-+,0,True,"[[0.000188, 397.49754535], [0.024824, 353.55955384], [0.216221, 348.36795203], [31.860115, 348.19209686], [95.534912, 347.76738517], [143.621474, 347.76738517]]",2,quantum,1,
precond_pen=1.100,40,-2.1421976460320167,347.7673851667394,1.1,2,75.03783893585205,0.022504091262817383,0.0,0111000110000001111110101101001101000101,-+++---++------++++++-+-++-+--++-+---+-+,0,True,"[[0.000186, 397.49754535], [0.020815, 390.89822602], [0.022504, 347.76738517]]",2,quantum,1,
precond_pen=1.200,40,-1.9528225644719974,347.7673851667394,1.2,2,80.35756611824036,11.834384202957153,0.0,1000111001111110000001010010110010111010,+---+++--++++++------+-+--+-++--+-+++-+-,0,True,"[[0.000171, 397.49754535], [0.019811, 396.85996367], [0.021248, 348.36795203], [8.570912, 348.19209686], [11.834384, 347.76738517]]",2,quantum,1,
precond_pen=1.300,40,-1.801075445872982,347.7673851667394,1.3,2,76.47701787948608,0.021559953689575195,0.0,0111000110000001111110101101001101000101,-+++---++------++++++-+-++-+--++-+---+-+,0,True,"[[0.000169, 397.49754535], [0.019847, 396.1416658], [0.02156, 347.76738517]]",2,quantum,1,
precond_pen=1.400,40,-1.6766991671490121,347.7673851667394,1.4,2,84.1804769039154,0.0243070125579834,0.0,0111000110000001111110101101001101000101,-+++---++------++++++-+-++-+--++-+---+-+,0,True,"[[0.000151, 397.49754535], [0.022111, 391.65178702], [0.024307, 347.76738517]]",2,quantum,1,
precond_pen=1.500,40,-1.5728667914469927,347.7673851667394,1.5,2,83.45607399940491,8.730895042419434,0.0,0111000110000001111110101101001101000101,-+++---++------++++++-+-++-+--++-+---+-+,0,True,"[[0.000197, 397.49754535], [0.020409, 392.5105703], [0.022307, 352.41554179], [5.048209, 352.16792637], [7.766814, 350.09114011], [8.729851, 349.20987785], [8.730895, 347.76738517]]",2,quantum,1,
precond_pen=1.600,40,-1.4848547086329962,347.7673851667394,1.6,2,100.75044703483582,86.4595398902893,0.0,1000111001111110000001010010110010111010,+---+++--++++++------+-+--+-++--+-+++-+-,0,True,"[[0.000167, 397.49754535], [0.021696, 390.7888012], [0.023745, 348.36795203], [84.422285, 348.19209686], [86.45954, 347.76738517], [100.748086, 347.76738517]]",2,quantum,1,
precond_pen=1.700,40,-1.4092893829030082,347.7673851667394,1.7,2,109.31953001022339,0.02295398712158203,0.0,0111000110000001111110101101001101000101,-+++---++------++++++-+-++-+--++-+---+-+,0,True,"[[0.000164, 397.49754535], [0.021169, 390.89822602], [0.022954, 347.76738517]]",2,quantum,1,
precond_pen=1.800,40,-1.343695372365982,347.7673851667394,1.8,2,112.8722448348999,15.772921085357666,0.0,1000111001111110000001010010110010111010,+---+++--++++++------+-+--+-++--+-+++-+-,0,True,"[[0.000178, 397.49754535], [0.026905, 394.55045978], [0.0292, 353.58302545], [0.301995, 348.19209686], [15.772921, 347.76738517], [112.869458, 347.76738517]]",2,quantum,1,
precond_pen=1.900,40,-1.2862146105010126,347.7673851667394,1.9,2,125.1297869682312,87.02531504631042,0.0,1000111001111110000001010010110010111010,+---+++--++++++------+-+--+-++--+-+++-+-,0,True,"[[0.000158, 397.49754535], [0.023392, 393.09164779], [0.025692, 355.31548623], [0.178087, 348.19209686], [87.025315, 347.76738517]]",2,quantum,1,
precond_pen=2.000,40,-1.2354251938769814,347.7673851667394,2.0,2,97.97361898422241,88.54435610771179,0.0,0111000110000001111110101101001101000101,-+++---++------++++++-+-++-+--++-+---+-+,0,True,"[[0.000147, 397.49754535], [0.019463, 392.85411058], [0.021024, 348.36795203], [0.314361, 348.19209686], [88.544356, 347.76738517], [97.970911, 347.76738517]]",2,quantum,1,
baseline,40,341.70640443785766,341.70640443785715,,2,104.65271878242493,3.1937098503112793,0.0,0111100001110100010110010010010101111010,-++++----+++-+---+-++--+--+--+-+-++++-+-,0,True,"[[0.000213, 394.72736421], [0.020483, 394.20906072], [0.021336, 386.30334145], [0.022996, 345.48186673], [0.221846, 343.98311698], [2.434316, 343.94104853], [2.43522, 343.46113743], [3.19371, 341.70640444]]",3,quantum,1,
precond_pen=1.100,40,-2.157655358426995,341.70640443785715,1.1,2,64.31291198730469,9.402742862701416,0.0,1000011110001011101001101101101010000101,+----++++---+-+++-+--++-++-++-+-+----+-+,0,True,"[[0.00019, 394.72736421], [0.021976, 391.43494638], [0.024084, 348.2409345], [4.955911, 345.24739628], [8.320234, 343.33429622], [8.830654, 343.15040816], [9.401731, 342.96596166], [9.402743, 341.70640444]]",3,quantum,1,
precond_pen=1.200,40,-1.9676183203410087,341.70640443785715,1.2,2,76.84786105155945,9.13026213645935,0.0,1000011110001011101001101101101010000101,+----++++---+-+++-+--++-++-++-+-+----+-+,0,True,"[[0.000192, 394.72736421], [0.019903, 392.47495865], [0.021882, 344.4450992], [8.49032, 343.98745138], [9.130262, 341.70640444]]",3,quantum,1,
precond_pen=1.300,40,-1.8150937193419932,341.70640443785715,1.3,2,102.72799491882324,0.028186798095703125,0.0,1000011110001011101001101101101010000101,+----++++---+-+++-+--++-++-++-+-+----+-+,0,True,"[[0.000222, 394.72736421], [0.023286, 383.94691603], [0.024498, 383.5828451], [0.028187, 341.70640444]]",3,quantum,1,
precond_pen=1.400,40,-1.689927199256994,341.70640443785715,1.4,2,84.60212802886963,0.02802300453186035,0.0,1000011110001011101001101101101010000101,+----++++---+-+++-+--++-++-++-+-+----+-+,0,True,"[[0.000162, 394.72736421], [0.025257, 390.38388893], [0.028023, 341.70640444]]",3,quantum,1,
precond_pen=1.500,40,-1.585336603959984,341.70640443785715,1.5,2,84.88856196403503,0.02344799041748047,0.0,1000011110001011101001101101101010000101,+----++++---+-+++-+--++-++-++-+-+----+-+,0,True,"[[0.000229, 394.72736421], [0.019528, 384.78786565], [0.020625, 383.5828451], [0.023448, 341.70640444]]",3,quantum,1,
precond_pen=1.600,40,-1.496616453655017,341.70640443785715,1.6,2,89.56084895133972,13.481446027755737,0.0,0111100001110100010110010010010101111010,-++++----+++-+---+-++--+--+--+-+-++++-+-,0,True,"[[0.000182, 394.72736421], [0.025122, 384.64651553], [0.027723, 343.15040816], [13.06471, 342.96596166], [13.481446, 341.70640444]]",3,quantum,1,
precond_pen=1.700,40,-1.42039826899601,341.70640443785715,1.7,2,131.37014198303223,10.843471050262451,0.0,1000011110001011101001101101101010000101,+----++++---+-+++-+--++-++-++-+-+----+-+,0,True,"[[0.000201, 394.72736421], [0.02595, 389.37009287], [0.028075, 345.84582769], [0.220316, 343.15040816], [10.843471, 341.70640444], [131.367967, 341.70640444]]",3,quantum,1,
precond_pen=1.800,40,-1.3542058983090115,341.70640443785715,1.8,2,115.15901803970337,0.24656915664672852,0.0,0111100001110100010110010010010101111010,-++++----+++-+---+-++--+--+--+-+-++++-+-,0,True,"[[0.000165, 394.72736421], [0.022589, 391.04488576], [0.024472, 343.15040816], [0.246569, 341.70640444]]",3,quantum,1,
precond_pen=1.900,40,-1.296178471261003,341.70640443785715,1.9,2,122.03840184211731,0.20673489570617676,0.0,0111100001110100010110010010010101111010,-++++----+++-+---+-++--+--+--+-+-++++-+-,0,True,"[[0.000169, 394.72736421], [0.023493, 391.86556323], [0.025023, 348.46103805], [0.206735, 341.70640444]]",3,quantum,1,
precond_pen=2.000,40,-1.2448892597900052,341.70640443785715,2.0,2,108.01252698898315,0.1977100372314453,0.0,0111100001110100010110010010010101111010,-++++----+++-+---+-++--+--+--+-+-++++-+-,0,True,"[[0.000179, 394.72736421], [0.026369, 391.86556323], [0.028212, 348.46103805], [0.19771, 341.70640444]]",3,quantum,1,
baseline,40,361.1915394130157,361.1915394130158,,2,49.70835614204407,0.11407208442687988,0.0,0000101111010110111100000011010101100101,----+-++++-+-++-++++------++-+-+-++--+-+,0,True,"[[0.00017, 423.06382331], [0.018135, 420.67152924], [0.019582, 366.02548302], [0.114072, 361.19153941]]",4,quantum,1,
precond_pen=1.100,40,-2.3266098122419994,361.1915394130158,1.1,2,63.22448110580444,12.013725996017456,0.0,1111010000101001000011111100101010011010,++++-+----+-+--+----++++++--+-+-+--++-+-,0,True,"[[0.000196, 423.06382331], [0.022174, 406.83513487], [0.023453, 362.73343834], [12.013726, 361.19153941]]",4,quantum,1,
precond_pen=1.200,40,-2.1136913874330165,361.1915394130158,1.2,2,60.1461341381073,10.60331916809082,0.0,1111010000101001000011111100101010011010,++++-+----+-+--+----++++++--+-+-+--++-+-,0,True,"[[0.00018, 423.06382331], [0.018617, 416.98285489], [0.019682, 415.49129319], [0.020479, 404.90725529], [0.022051, 365.15042345], [8.858989, 365.00629385], [9.022769, 364.03837322], [9.388461, 363.99254096], [10.603319, 361.19153941]]",4,quantum,1,
precond_pen=1.300,40,-1.9436388052000009,361.1915394130158,1.3,2,69.475261926651,0.16896700859069824,0.0,1111010000101001000011111100101010011010,++++-+----+-+--+----++++++--+-+-+--++-+-,0,True,"[[0.0002, 423.06382331], [0.027327, 416.98285489], [0.029203, 415.49129319], [0.030695, 404.90725529], [0.033451, 365.15042345], [0.168967, 361.19153941]]",4,quantum,1,
precond_pen=1.400,40,-1.8046361365390098,361.1915394130158,1.4,2,56.12178611755371,17.912567138671875,0.0,0000101111010110111100000011010101100101,----+-++++-+-++-++++------++-+-+-++--+-+,0,True,"[[0.00017, 423.06382331], [0.022934, 404.90725529], [0.025342, 365.15042345], [0.141179, 362.73343834], [14.557225, 362.18858627], [17.912567, 361.19153941]]",4,quantum,1,
precond_pen=1.500,40,-1.6888575886259893,361.1915394130158,1.5,2,53.463727951049805,6.525547027587891,0.0,0000101111010110111100000011010101100101,----+-++++-+-++-++++------++-+-+-++--+-+,0,True,"[[0.000184, 423.06382331], [0.021845, 402.47052106], [0.023047, 366.02548302], [5.959793, 364.09609693], [5.960467, 364.04553595], [6.524699, 363.62484488], [6.525547, 361.19153941]]",4,quantum,1,
precond_pen=1.600,40,-1.5909107016569752,361.1915394130158,1.6,2,79.76143407821655,78.47584700584412,0.0,0000101111010110111100000011010101100101,----+-++++-+-++-++++------++-+-+-++--+-+,0,True,"[[0.000189, 423.06382331], [0.024555, 406.83513487], [0.02605, 362.73343834], [16.074092, 362.18858627], [78.475847, 361.19153941], [79.759016, 361.19153941]]",4,quantum,1,
precond_pen=1.700,40,-1.5069571225759937,361.1915394130158,1.7,2,62.019205808639526,4.539750814437866,0.0,0000101111010110111100000011010101100101,----+-++++-+-++-++++------++-+-+-++--+-+,0,True,"[[0.000174, 423.06382331], [0.019816, 406.96268609], [0.021558, 367.0332419], [0.130685, 365.9366708], [4.539751, 361.19153941]]",4,quantum,1,
precond_pen=1.800,40,-1.4341891889439928,361.1915394130158,1.8,2,58.43411207199097,11.432246923446655,0.0,0000101111010110111100000011010101100101,----+-++++-+-++-++++------++-+-+-++--+-+,0,True,"[[0.000193, 423.06382331], [0.0206, 402.37299009], [0.022481, 372.11882596], [0.116947, 364.96790908], [11.432247, 361.19153941], [58.431625, 361.19153941]]",4,quantum,1,
precond_pen=1.900,40,-1.3705049409089973,361.1915394130158,1.9,2,73.13519215583801,66.14587116241455,0.0,1111010000101001000011111100101010011010,++++-+----+-+--+----++++++--+-+-+--++-+-,0,True,"[[0.000171, 423.06382331], [0.020858, 406.09813027], [0.022384, 362.18858627], [66.145871, 361.19153941], [73.132916, 361.19153941]]",4,quantum,1,
precond_pen=2.000,40,-1.314299288352995,361.1915394130158,2.0,2,61.49702596664429,9.871531963348389,0.0,1111010000101001000011111100101010011010,++++-+----+-+--+----++++++--+-+-+--++-+-,0,True,"[[0.000167, 423.06382331], [0.019418, 400.54382758], [0.021144, 366.02548302], [7.979775, 364.96379646], [8.738714, 364.55825848], [9.646048, 363.19409315], [9.871532, 361.19153941]]",4,quantum,1,
baseline,40,338.3808079459343,338.3808079459339,,2,105.57980704307556,16.70630693435669,0.0,0000010011010011010111111100001000111011,-----+--++-+--++-+-+++++++----+---+++-++,0,True,"[[0.000177, 368.57793674], [0.022175, 342.57993042], [14.036209, 340.69412947], [14.67297, 339.02669985], [16.706307, 338.38080795]]",5,quantum,1,
precond_pen=1.100,40,-2.036522184043001,338.3808079459339,1.1,2,89.52680492401123,9.22351884841919,0.0,1111101100101100101000000011110111000100,+++++-++--+-++--+-+-------++++-+++---+--,0,True,"[[0.000175, 368.57793674], [0.027093, 342.57993042], [5.970601, 342.40643514], [6.124459, 339.55459509], [6.670339, 339.20394563], [8.581595, 339.02669985], [9.223519, 338.38080795]]",5,quantum,1,
precond_pen=1.200,40,-1.8607789373750165,338.3808079459339,1.2,2,99.44848704338074,84.301185131073,0.0,1111101100101100101000000011110111000100,+++++-++--+-++--+-+-------++++-+++---+--,0,True,"[[0.00019, 368.57793674], [0.028386, 342.57993042], [5.082267, 341.87107163], [7.717519, 341.6789463], [11.09365, 341.61752024], [11.684017, 340.76676155], [11.684852, 338.77231184], [84.301185, 338.38080795]]",5,quantum,1,
precond_pen=1.300,40,-1.719563697406004,338.3808079459339,1.3,2,92.76157712936401,77.29615616798401,0.0,1111101100101100101000000011110111000100,+++++-++--+-++--+-+-------++++-+++---+--,0,True,"[[0.000178, 368.57793674], [0.026787, 342.57993042], [9.208994, 342.63088088], [9.888863, 340.93733582], [10.140007, 340.65111004], [10.140628, 340.12047213], [10.532468, 338.77231184], [77.296156, 338.38080795]]",5,quantum,1,
precond_pen=1.400,40,-1.603563662391025,338.3808079459339,1.4,2,109.93262219429016,91.86603212356567,0.0,1111101100101100101000000011110111000100,+++++-++--+-++--+-+-------++++-+++---+--,0,True,"[[0.00016, 368.57793674], [0.02679, 342.57993042], [5.606795, 338.77231184], [91.866032, 338.38080795]]",5,quantum,1,
precond_pen=1.500,40,-1.5065498359249876,338.3808079459339,1.5,2,108.17032885551453,93.02649092674255,0.0,0000010011010011010111111100001000111011,-----+--++-+--++-+-+++++++----+---+++-++,0,True,"[[0.000228, 368.57793674], [0.025962, 342.57993042], [4.965849, 338.77231184], [93.026491, 338.38080795]]",5,quantum,1,
precond_pen=1.600,40,-1.4241951999829965,338.3808079459339,1.6,2,106.52394008636475,93.61457395553589,0.0,1111101100101100101000000011110111000100,+++++-++--+-++--+-+-------++++-+++---+--,0,True,"[[0.000168, 368.57793674], [0.026466, 342.57993042], [12.077751, 342.27854163], [12.744966, 342.02271766], [12.745977, 341.92463526], [12.74635, 338.77231184], [93.614574, 338.38080795]]",5,quantum,1,
precond_pen=1.700,40,-1.3533985913150097,338.3808079459339,1.7,2,103.73759913444519,87.80132794380188,0.0,1111101100101100101000000011110111000100,+++++-++--+-++--+-+-------++++-+++---+--,0,True,"[[0.000161, 368.57793674], [0.023561, 342.57993042], [9.910258, 340.95355942], [10.126362, 340.55970785], [10.35761, 338.77231184], [87.801328, 338.38080795]]",5,quantum,1,
precond_pen=1.800,40,-1.2918785733429825,338.3808079459339,1.8,2,114.6828761100769,85.5108060836792,0.0,0000010011010011010111111100001000111011,-----+--++-+--++-+-+++++++----+---+++-++,0,True,"[[0.000197, 368.57793674], [0.023833, 342.57993042], [7.260457, 340.81195489], [9.243034, 340.21079779], [84.349971, 339.20394563], [85.510806, 338.38080795]]",5,quantum,1,
precond_pen=1.900,40,-1.23791852226298,338.3808079459339,1.9,2,116.34306716918945,90.8370931148529,0.0,0000010011010011010111111100001000111011,-----+--++-+--++-+-+++++++----+---+++-++,0,True,"[[0.000206, 368.57793674], [0.02734, 342.57993042], [5.64137, 342.36347155], [11.140938, 342.34449249], [11.719932, 340.55640107], [13.954664, 340.20893595], [13.955274, 340.04706931], [18.585331, 338.77231184], [90.837093, 338.38080795]]",5,quantum,1,
precond_pen=2.000,40,-1.190201722983998,338.3808079459339,2.0,2,113.76915717124939,98.93531799316406,0.0,1111101100101100101000000011110111000100,+++++-++--+-++--+-+-------++++-+++---+--,0,True,"[[0.000215, 368.57793674], [0.023377, 342.57993042], [6.863613, 342.49182351], [7.837528, 341.30353103], [8.93941, 340.21079779], [51.567686, 340.12047213], [89.633414, 339.71561076], [98.935318, 338.38080795], [113.766904, 338.38080795]]",5,quantum,1,
baseline,40,357.41719624824015,357.41719624823963,,2,205.75729203224182,88.82486605644226,0.0,0010111100101100011011000110010101101010,--+-++++--+-++---++-++---++--+-+-++-+-+-,0,True,"[[0.000161, 406.99585347], [0.016738, 401.02239802], [0.01918, 401.01863914], [0.020794, 358.61570913], [0.135104, 358.59362652], [88.824866, 357.41719625], [205.755307, 357.41719625]]",6,quantum,1,
precond_pen=1.100,40,-2.069377031024999,357.41719624823963,1.1,2,103.37876391410828,74.35619497299194,0.0,0010111100101100011011000110010101101010,--+-++++--+-++---++-++---++--+-+-++-+-+-,0,True,"[[0.000135, 406.99585347], [0.021076, 391.09876041], [0.023977, 358.97691171], [0.142786, 358.97795875], [10.363423, 358.69357899], [11.83299, 358.59362652], [74.356195, 357.41719625]]",6,quantum,1,
precond_pen=1.200,40,-1.8861044544210106,357.41719624823963,1.2,2,117.34163403511047,9.421505212783813,0.0,1101000011010011100100111001101010010101,++-+----++-+--+++--+--+++--++-+-+--+-+-+,0,True,"[[0.000159, 406.99585347], [0.016884, 392.80346904], [0.018799, 358.97691171], [0.140894, 358.61570913], [8.164027, 358.20517569], [9.421505, 357.41719625]]",6,quantum,1,
precond_pen=1.300,40,-1.7395997784989952,357.41719624823963,1.3,2,118.0914261341095,0.12974214553833008,0.0,0010111100101100011011000110010101101010,--+-++++--+-++---++-++---++--+-+-++-+-+-,0,True,"[[0.000179, 406.99585347], [0.019852, 399.83560338], [0.021568, 358.97691171], [0.129742, 357.41719625]]",6,quantum,1,
precond_pen=1.400,40,-1.6197491082749949,357.41719624823963,1.4,2,103.97655200958252,50.905479192733765,0.0,0010111100101100011011000110010101101010,--+-++++--+-++---++-++---++--+-+-++-+-+-,0,True,"[[0.000203, 406.99585347], [0.021611, 386.63498249], [0.023217, 364.9341002], [0.237309, 361.50217011], [4.958031, 358.59362652], [50.905479, 357.41719625], [103.974031, 357.41719625]]",6,quantum,1,
precond_pen=1.500,40,-1.5198496395800039,357.41719624823963,1.5,2,108.88965606689453,73.08904910087585,0.0,1101000011010011100100111001101010010101,++-+----++-+--+++--+--+++--++-+-+--+-+-+,0,True,"[[0.000184, 406.99585347], [0.023253, 392.93658361], [0.025904, 359.25755267], [0.309908, 358.69357899], [73.088055, 358.20517569], [73.088809, 357.42194302], [73.089049, 357.41719625]]",6,quantum,1,
precond_pen=1.600,40,-1.4352799821149986,357.41719624823963,1.6,2,110.71931600570679,92.17938113212585,0.0,1101000011010011100100111001101010010101,++-+----++-+--+++--+--+++--++-+-+--+-+-+,0,True,"[[0.00015, 406.99585347], [0.022276, 387.52568999], [0.024313, 359.25755267], [6.036388, 358.69357899], [91.789785, 358.61570913], [92.179381, 357.41719625]]",6,quantum,1,
precond_pen=1.700,40,-1.3627484100890115,357.41719624823963,1.7,2,100.77147483825684,78.61306190490723,0.0,0010111100101100011011000110010101101010,--+-++++--+-++---++-++---++--+-+-++-+-+-,0,True,"[[0.000162, 406.99585347], [0.01879, 387.06921647], [0.020597, 362.56446408], [15.99961, 362.06451932], [17.838739, 361.98005265], [19.395274, 361.40141447], [19.396169, 359.08800415], [76.35784, 358.59362652], [78.613062, 357.41719625]]",6,quantum,1,
precond_pen=1.800,40,-1.299845834139008,357.41719624823963,1.8,2,85.96483302116394,0.022958993911743164,0.0,1101000011010011100100111001101010010101,++-+----++-+--+++--+--+++--++-+-+--+-+-+,0,True,"[[0.000174, 406.99585347], [0.020758, 387.70557458], [0.022959, 357.41719625]]",6,quantum,1,
precond_pen=1.900,40,-1.2447675459669831,357.41719624823963,1.9,2,90.4912919998169,18.012213945388794,0.0,0010111100101100011011000110010101101010,--+-++++--+-++---++-++---++--+-+-++-+-+-,0,True,"[[0.000111, 406.99585347], [0.013838, 387.10651652], [0.015089, 363.52940257], [0.092528, 362.21537675], [4.763529, 362.07588998], [5.244619, 358.61570913], [17.114639, 358.20517569], [18.01165, 357.42194302], [18.012214, 357.41719625]]",6,quantum,1,
precond_pen=2.000,40,-1.1961346354409894,357.41719624823963,2.0,2,81.28860116004944,15.4167799949646,0.0,1101000011010011100100111001101010010101,++-+----++-+--+++--+--+++--++-+-+--+-+-+,0,True,"[[0.000165, 406.99585347], [0.013644, 387.06921647], [0.0152, 362.56446408], [4.328963, 362.31694765], [4.578151, 360.40889893], [6.322233, 360.36808343], [13.851351, 360.07658931], [14.638511, 359.32230492], [15.042084, 359.00975644], [15.41678, 357.41719625]]",6,quantum,1,
baseline,40,347.84140469864803,347.84140469864894,,2,69.07326316833496,0.015197992324829102,0.0,1101011010001010111011011000010110110000,++-+-++-+---+-+-+++-++-++----+-++-++----,0,True,"[[0.000121, 411.24819091], [0.012584, 408.91450976], [0.013392, 407.10957602], [0.015198, 347.8414047]]",7,quantum,1,
precond_pen=1.100,40,-2.1832688287600046,347.84140469864894,1.1,2,53.43166494369507,0.016093015670776367,0.0,0010100101110101000100100111101001001111,--+-+--+-+++-+-+---+--+--++++-+--+--++++,0,True,"[[0.000115, 411.24819091], [0.014512, 387.8160034], [0.016093, 347.8414047]]",7,quantum,1,
precond_pen=1.200,40,-1.9890677311850187,347.84140469864894,1.2,2,59.35676312446594,0.016559123992919922,0.0,0010100101110101000100100111101001001111,--+-+--+-+++-+-+---+--+--++++-+--+--++++,0,True,"[[0.000117, 411.24819091], [0.01352, 394.61994097], [0.015004, 389.76543853], [0.016559, 347.8414047]]",7,quantum,1,
precond_pen=1.300,40,-1.8335127983989974,347.84140469864894,1.3,2,58.01137685775757,0.015391826629638672,0.0,0010100101110101000100100111101001001111,--+-+--+-+++-+-+---+--+--++++-+--+--++++,0,True,"[[0.000119, 411.24819091], [0.013889, 390.44760073], [0.015392, 347.8414047]]",7,quantum,1,
precond_pen=1.400,40,-1.7060540591929811,347.84140469864894,1.4,2,59.159245014190674,0.016477108001708984,0.0,0010100101110101000100100111101001001111,--+-+--+-+++-+-+---+--+--++++-+--+--++++,0,True,"[[0.000116, 411.24819091], [0.014989, 388.35110516], [0.016477, 347.8414047]]",7,quantum,1,
precond_pen=1.500,40,-1.5996748137419985,347.84140469864894,1.5,2,56.566909074783325,7.946882963180542,0.0,1101011010001010111011011000010110110000,++-+-++-+---+-+-+++-++-++----+-++-++----,0,True,"[[0.000115, 411.24819091], [0.014689, 396.22570504], [0.015886, 351.80701711], [4.39667, 351.75330993], [5.39221, 349.20477561], [5.521344, 347.99707857], [7.946883, 347.8414047]]",7,quantum,1,
precond_pen=1.600,40,-1.5095228459470018,347.84140469864894,1.6,2,64.5620801448822,10.462562084197998,0.0,0010100101110101000100100111101001001111,--+-+--+-+++-+-+---+--+--++++-+--+--++++,0,True,"[[0.000112, 411.24819091], [0.014455, 379.2967938], [0.015423, 348.50494852], [9.844353, 348.25626115], [10.462562, 347.8414047]]",7,quantum,1,
precond_pen=1.700,40,-1.4321337971110069,347.84140469864894,1.7,2,68.67882108688354,0.016659975051879883,0.0,0010100101110101000100100111101001001111,--+-+--+-+++-+-+---+--+--++++-+--+--++++,0,True,"[[0.000113, 411.24819091], [0.013712, 394.61994097], [0.015172, 390.9319984], [0.01666, 347.8414047]]",7,quantum,1,
precond_pen=1.800,40,-1.3649671250389872,347.84140469864894,1.8,2,72.95393109321594,0.05777692794799805,0.0,1101011010001010111011011000010110110000,++-+-++-+---+-+-+++-++-++----+-++-++----,0,True,"[[0.000114, 411.24819091], [0.014168, 393.12992158], [0.015362, 351.80701711], [0.057777, 347.8414047]]",7,quantum,1,
precond_pen=1.900,40,-1.3061161709870017,347.84140469864894,1.9,2,73.39565396308899,0.015558004379272461,0.0,0010100101110101000100100111101001001111,--+-+--+-+++-+-+---+--+--++++-+--+--++++,0,True,"[[0.000108, 411.24819091], [0.014075, 390.44760073], [0.015558, 347.8414047]]",7,quantum,1,
precond_pen=2.000,40,-1.2541222963869973,347.84140469864894,2.0,2,71.93856692314148,0.01587390899658203,0.0,0010100101110101000100100111101001001111,--+-+--+-+++-+-+---+--+--++++-+--+--++++,0,True,"[[0.000105, 411.24819091], [0.014384, 390.44760073], [0.015874, 347.8414047]]",7,quantum,1,
baseline,40,344.0738803874753,344.0738803874768,,2,53.98610997200012,18.170373916625977,0.0,1101110000001110110011000100011110100011,++-+++------+++-++--++---+---++++-+---++,0,True,"[[0.000107, 382.12777273], [0.012546, 379.17258227], [0.013136, 378.57521791], [0.014505, 353.96238852], [0.102751, 349.9966895], [1.582504, 349.84155341], [2.095233, 349.73316166], [14.520133, 349.62292157], [14.520411, 348.81662322], [15.011898, 347.8680672], [15.528803, 347.42312881], [16.188622, 347.39005312], [18.170022, 345.55083027], [18.170374, 344.07388039], [53.985159, 344.07388039]]",8,quantum,1,
precond_pen=1.100,40,-2.153838170182013,344.0738803874768,1.1,2,49.4020881652832,0.016360998153686523,0.0,1101110000001110110011000100011110100011,++-+++------+++-++--++---+---++++-+---++,0,True,"[[0.000105, 382.12777273], [0.016361, 344.07388039]]",8,quantum,1,
precond_pen=1.200,40,-1.964849974174987,344.0738803874768,1.2,2,69.70949697494507,0.016088008880615234,0.0,1101110000001110110011000100011110100011,++-+++------+++-++--++---+---++++-+---++,0,True,"[[0.000106, 382.12777273], [0.014895, 376.4188918], [0.016088, 344.07388039]]",8,quantum,1,
precond_pen=1.300,40,-1.8130638184809804,344.0738803874768,1.3,2,62.77380394935608,0.01594400405883789,0.0,1101110000001110110011000100011110100011,++-+++------+++-++--++---+---++++-+---++,0,True,"[[0.000106, 382.12777273], [0.015944, 344.07388039]]",8,quantum,1,
precond_pen=1.400,40,-1.688433855236001,344.0738803874768,1.4,2,56.304287910461426,0.01512598991394043,0.0,1101110000001110110011000100011110100011,++-+++------+++-++--++---+---++++-+---++,0,True,"[[0.000126, 382.12777273], [0.013907, 381.64452267], [0.015126, 344.07388039]]",8,quantum,1,
precond_pen=1.500,40,-1.5842425528009763,344.0738803874768,1.5,2,60.59512400627136,0.016381025314331055,0.0,1101110000001110110011000100011110100011,++-+++------+++-++--++---+---++++-+---++,0,True,"[[0.000121, 382.12777273], [0.014843, 380.46827991], [0.016381, 344.07388039]]",8,quantum,1,
precond_pen=1.600,40,-1.49582578049902,344.0738803874768,1.6,2,68.08111906051636,0.016557931900024414,0.0,1101110000001110110011000100011110100011,++-+++------+++-++--++---+---++++-+---++,0,True,"[[0.000111, 382.12777273], [0.015087, 380.94440956], [0.016558, 344.07388039]]",8,quantum,1,
precond_pen=1.700,40,-1.419841784735004,344.0738803874768,1.7,2,59.788007974624634,0.015602827072143555,0.0,1101110000001110110011000100011110100011,++-+++------+++-++--++---+---++++-+---++,0,True,"[[0.000111, 382.12777273], [0.014658, 378.80476723], [0.015603, 344.07388039]]",8,quantum,1,
precond_pen=1.800,40,-1.3538328663500003,344.0738803874768,1.8,2,54.33078098297119,0.015877962112426758,0.0,1101110000001110110011000100011110100011,++-+++------+++-++--++---+---++++-+---++,0,True,"[[0.000112, 382.12777273], [0.014659, 380.24872209], [0.015878, 344.07388039]]",8,quantum,1,
precond_pen=1.900,40,-1.2959505541070087,344.0738803874768,1.9,2,60.91868305206299,0.015005111694335938,0.0,1101110000001110110011000100011110100011,++-+++------+++-++--++---+---++++-+---++,0,True,"[[0.000124, 382.12777273], [0.013813, 379.89067788], [0.015005, 344.07388039]]",8,quantum,1,
precond_pen=2.000,40,-1.244777431330002,344.0738803874768,2.0,2,68.09530687332153,0.015604972839355469,0.0,1101110000001110110011000100011110100011,++-+++------+++-++--++---+---++++-+---++,0,True,"[[0.000109, 382.12777273], [0.014645, 378.80476723], [0.015605, 344.07388039]]",8,quantum,1,
baseline,40,351.66725716780104,351.6672571678007,,2,138.0957441329956,13.954596996307373,0.0,0011100001111100011110000010000101011111,--+++----+++++---++++-----+----+-+-+++++,0,True,"[[0.000123, 397.23338564], [0.012731, 392.90295011], [0.013972, 384.8853936], [0.015295, 354.73252399], [13.076456, 354.52740235], [13.377249, 354.00524475], [13.772496, 353.48187105], [13.772819, 353.19275883], [13.954597, 351.66725717], [138.09469, 351.66725717]]",9,quantum,1,
precond_pen=1.100,40,-2.0016168869609903,351.6672571678007,1.1,2,70.84495496749878,0.5647289752960205,0.0,0011100001111100011110000010000101011111,--+++----+++++---++++-----+----+-+-+++++,0,True,"[[0.000115, 397.23338564], [0.015094, 376.72724548], [0.015987, 352.94313462], [0.564729, 351.66725717]]",9,quantum,1,
precond_pen=1.200,40,-1.827751997367006,351.6672571678007,1.2,2,72.98168611526489,22.871671199798584,0.0,0011100001111100011110000010000101011111,--+++----+++++---++++-----+----+-+-+++++,0,True,"[[0.000115, 397.23338564], [0.014685, 374.58883043], [0.01596, 352.56787868], [22.258961, 351.70877272], [22.871671, 351.66725717]]",9,quantum,1,
precond_pen=1.300,40,-1.6883665942409944,351.6672571678007,1.3,2,76.29332280158997,49.301044940948486,0.0,1100011110000011100001111101111010100000,++---++++-----+++----+++++-++++-+-+-----,0,True,"[[0.000117, 397.23338564], [0.015463, 371.20562079], [0.016759, 352.56787868], [49.301045, 351.66725717]]",9,quantum,1,
precond_pen=1.400,40,-1.5740845608459928,351.6672571678007,1.4,2,70.4496169090271,8.760653972625732,0.0,1100011110000011100001111101111010100000,++---++++-----+++----+++++-++++-+-+-----,0,True,"[[0.000109, 397.23338564], [0.015841, 383.34957774], [0.017138, 355.01138276], [7.674402, 354.97798842], [8.319817, 353.19275883], [8.598073, 351.70877272], [8.760654, 351.66725717]]",9,quantum,1,
precond_pen=1.500,40,-1.4786570886390091,351.6672571678007,1.5,2,80.60262107849121,14.340795040130615,0.0,0011100001111100011110000010000101011111,--+++----+++++---++++-----+----+-+-+++++,0,True,"[[0.000106, 397.23338564], [0.014808, 373.29769753], [0.016029, 352.56787868], [12.388157, 352.31561579], [14.340795, 351.66725717]]",9,quantum,1,
precond_pen=1.600,40,-1.3977570516789903,351.6672571678007,1.6,2,80.43663001060486,46.77423286437988,0.0,0011100001111100011110000010000101011111,--+++----+++++---++++-----+----+-+-+++++,0,True,"[[0.000107, 397.23338564], [0.014655, 383.94435639], [0.0159, 352.56787868], [39.22761, 352.31561579], [46.774233, 351.66725717], [80.435743, 351.66725717]]",9,quantum,1,
precond_pen=1.700,40,-1.3282906817059903,351.6672571678007,1.7,2,77.666836977005,0.015730857849121094,0.0,0011100001111100011110000010000101011111,--+++----+++++---++++-----+----+-+-+++++,0,True,"[[0.000104, 397.23338564], [0.014569, 392.11304739], [0.015731, 351.66725717]]",9,quantum,1,
precond_pen=1.800,40,-1.2679868413829904,351.6672571678007,1.8,2,76.51636910438538,13.613367080688477,0.0,0011100001111100011110000010000101011111,--+++----+++++---++++-----+----+-+-+++++,0,True,"[[0.000114, 397.23338564], [0.014114, 375.17738891], [0.015078, 352.56787868], [6.350286, 352.31561579], [13.613367, 351.66725717]]",9,quantum,1,
precond_pen=1.900,40,-1.2151399652139752,351.6672571678007,1.9,2,78.59731006622314,62.2442569732666,0.0,1100011110000011100001111101111010100000,++---++++-----+++----+++++-++++-+-+-----,0,True,"[[0.000109, 397.23338564], [0.014079, 375.17738891], [0.015048, 352.56787868], [62.243996, 351.70877272], [62.244257, 351.66725717], [78.59633, 351.66725717]]",9,quantum,1,
precond_pen=2.000,40,-1.1684440345430076,351.6672571678007,2.0,2,78.0042519569397,49.17770290374756,0.0,0011100001111100011110000010000101011111,--+++----+++++---++++-----+----+-+-+++++,0,True,"[[0.000114, 397.23338564], [0.01388, 375.17738891], [0.014865, 352.56787868], [49.177703, 351.66725717]]",9,quantum,1,
baseline,40,356.3456683955865,356.3456683955856,,2,138.045068025589,22.422723054885864,0.0,1001011100011001011010111100101001001001,+--+-+++---++--+-++-+-++++--+-+--+--+--+,0,True,"[[0.000118, 403.54286436], [0.01258, 395.87115752], [0.016505, 357.83044732], [22.422723, 356.3456684], [138.04402, 356.3456684]]",10,quantum,1,
precond_pen=1.100,40,-2.080218054271013,356.3456683955856,1.1,2,69.4272038936615,51.64513087272644,0.0,0110100011100110100101000011010110110110,-++-+---+++--++-+--+-+----++-+-++-++-++-,0,True,"[[0.000115, 403.54286436], [0.015542, 400.53028202], [0.016985, 361.02160718], [0.059852, 358.12114399], [17.729999, 357.83044732], [46.823545, 357.81767474], [46.823849, 357.49534831], [51.643889, 357.0236769], [51.645131, 356.3456684]]",10,quantum,1,
precond_pen=1.200,40,-1.8982383254600084,356.3456683955856,1.2,2,71.0097758769989,58.28805899620056,0.0,0110100011100110100101000011010110110110,-++-+---+++--++-+--+-+----++-+-++-++-++-,0,True,"[[0.000115, 403.54286436], [0.014097, 399.49402891], [0.014692, 395.99901269], [0.015219, 395.43111428], [0.016402, 359.77656507], [6.239436, 359.67353216], [6.381513, 357.52337534], [55.704911, 357.0236769], [58.288059, 356.3456684]]",10,quantum,1,
precond_pen=1.300,40,-1.7522786800759835,356.3456683955856,1.3,2,68.6480700969696,18.390706062316895,0.0,1001011100011001011010111100101001001001,+--+-+++---++--+-++-+-++++--+-+--+--+--+,0,True,"[[0.000114, 403.54286436], [0.015654, 394.98525802], [0.016873, 361.02160718], [0.060416, 358.12114399], [10.86936, 357.83044732], [16.293823, 357.81767474], [16.71821, 357.49534831], [16.718576, 357.0236769], [18.390706, 356.3456684]]",10,quantum,1,
precond_pen=1.400,40,-1.6325586995989756,356.3456683955856,1.4,2,82.8812530040741,69.81067705154419,0.0,1001011100011001011010111100101001001001,+--+-+++---++--+-++-+-++++--+-+--+--+--+,0,True,"[[0.000116, 403.54286436], [0.015979, 400.92523198], [0.016903, 361.85248547], [0.059595, 357.83044732], [38.499468, 357.64174828], [69.810677, 356.3456684]]",10,quantum,1,
precond_pen=1.500,40,-1.5325563764060242,356.3456683955856,1.5,2,75.75546407699585,47.91188597679138,0.0,1001011100011001011010111100101001001001,+--+-+++---++--+-++-+-++++--+-+--+--+--+,0,True,"[[0.000115, 403.54286436], [0.016003, 397.81266937], [0.017808, 357.52337534], [47.911886, 356.3456684]]",10,quantum,1,
precond_pen=1.600,40,-1.4477522398199927,356.3456683955856,1.6,2,77.26585698127747,14.112051963806152,0.0,1001011100011001011010111100101001001001,+--+-+++---++--+-++-+-++++--+-+--+--+--+,0,True,"[[0.000109, 403.54286436], [0.015172, 397.0548196], [0.016615, 359.77656507], [0.063437, 358.12114399], [1.668841, 357.79213664], [8.269471, 357.52337534], [14.111718, 357.0236769], [14.112052, 356.3456684], [77.26484, 356.3456684]]",10,quantum,1,
precond_pen=1.700,40,-1.3749140271219762,356.3456683955856,1.7,2,76.05527997016907,56.85540795326233,0.0,1001011100011001011010111100101001001001,+--+-+++---++--+-++-+-++++--+-+--+--+--+,0,True,"[[0.000108, 403.54286436], [0.014921, 403.03524253], [0.016407, 357.52337534], [56.855408, 356.3456684]]",10,quantum,1,
precond_pen=1.800,40,-1.3116681411719977,356.3456683955856,1.8,2,91.90576505661011,19.977385997772217,0.0,1001011100011001011010111100101001001001,+--+-+++---++--+-++-+-++++--+-+--+--+--+,0,True,"[[0.000121, 403.54286436], [0.014445, 396.81715489], [0.015027, 395.99901269], [0.016832, 358.12114399], [0.058582, 357.79213664], [10.049904, 357.52337534], [19.977052, 357.0236769], [19.977386, 356.3456684], [91.904734, 356.3456684]]",10,quantum,1,
precond_pen=1.900,40,-1.2562311977389928,356.3456683955856,1.9,2,76.9916319847107,16.522719860076904,0.0,1001011100011001011010111100101001001001,+--+-+++---++--+-++-+-++++--+-+--+--+--+,0,True,"[[0.000115, 403.54286436], [0.015347, 397.30659636], [0.01661, 357.52337534], [16.52272, 356.3456684]]",10,quantum,1,
precond_pen=2.000,40,-1.2072371204269832,356.3456683955856,2.0,2,85.6523289680481,16.698559045791626,0.0,0110100011100110100101000011010110110110,-++-+---+++--++-+--+-+----++-+-++-++-++-,0,True,"[[0.00012, 403.54286436], [0.014974, 398.84457462], [0.016208, 359.77656507], [0.07749, 358.12114399], [16.698559, 356.3456684], [85.651347, 356.3456684]]",10,quantum,1,
baseline,40,338.43768671412295,338.4376867141241,,2,110.9231219291687,10.712610006332397,0.0,1011000000101001100100011011110000111111,+-++------+-+--++--+---++-++++----++++++,0,True,"[[0.000111, 401.01048938], [0.01276, 389.66287299], [0.013396, 388.39155409], [0.015998, 340.74443866], [10.71261, 338.43768671], [110.922087, 338.43768671]]",11,quantum,1,
precond_pen=1.100,40,-2.090482312655018,338.4376867141241,1.1,2,69.31323003768921,0.08353805541992188,0.0,1011000000101001100100011011110000111111,+-++------+-+--++--+---++-++++----++++++,0,True,"[[0.000113, 401.01048938], [0.015067, 399.03943926], [0.016219, 345.50152945], [0.083538, 338.43768671]]",11,quantum,1,
precond_pen=1.200,40,-1.9096574409499993,338.4376867141241,1.2,2,64.73445200920105,0.017466068267822266,0.0,1011000000101001100100011011110000111111,+-++------+-+--++--+---++-++++----++++++,0,True,"[[0.000135, 401.01048938], [0.015454, 377.66096454], [0.017466, 338.43768671]]",11,quantum,1,
precond_pen=1.300,40,-1.7642226322600099,338.4376867141241,1.3,2,66.53347897529602,16.999990940093994,0.0,1011000000101001100100011011110000111111,+-++------+-+--++--+---++-++++----++++++,0,True,"[[0.000116, 401.01048938], [0.013395, 392.32021376], [0.013905, 388.39155409], [0.014534, 387.42253691], [0.015743, 345.50152945], [0.057232, 341.21015883], [0.058673, 340.74443866], [16.41271, 340.64711712], [16.999446, 339.30602636], [16.999759, 339.1511244], [16.999991, 338.43768671]]",11,quantum,1,
precond_pen=1.400,40,-1.644668015192007,338.4376867141241,1.4,2,68.4983320236206,0.016659021377563477,0.0,0100111111010110011011100100001111000000,-+--++++++-+-++--++-+++--+----++++------,0,True,"[[0.00013, 401.01048938], [0.014752, 386.46707732], [0.016659, 338.43768671]]",11,quantum,1,
precond_pen=1.500,40,-1.5446208678879838,338.4376867141241,1.5,2,64.5901780128479,52.41153407096863,0.0,0100111111010110011011100100001111000000,-+--++++++-+-++--++-+++--+----++++------,0,True,"[[0.000118, 401.01048938], [0.014754, 385.32858972], [0.016761, 340.74443866], [52.411534, 338.43768671]]",11,quantum,1,
precond_pen=1.600,40,-1.4596485204960228,338.4376867141241,1.6,2,68.65482091903687,34.58955097198486,0.0,0100111111010110011011100100001111000000,-+--++++++-+-++--++-+++--+----++++------,0,True,"[[0.000113, 401.01048938], [0.014463, 388.32893171], [0.016457, 340.74443866], [34.589262, 339.02543908], [34.589551, 338.43768671], [68.65371, 338.43768671]]",11,quantum,1,
precond_pen=1.700,40,-1.3865703419799988,338.4376867141241,1.7,2,68.11995911598206,60.70736002922058,0.0,0100111111010110011011100100001111000000,-+--++++++-+-++--++-+++--+----++++------,0,True,"[[0.000124, 401.01048938], [0.013046, 391.1797242], [0.013549, 388.39155409], [0.016806, 340.74443866], [55.625581, 338.94198621], [60.70736, 338.43768671]]",11,quantum,1,
precond_pen=1.800,40,-1.3230444008340072,338.4376867141241,1.8,2,70.65361404418945,9.650984048843384,0.0,0100111111010110011011100100001111000000,-+--++++++-+-++--++-+++--+----++++------,0,True,"[[0.000117, 401.01048938], [0.013965, 391.81022027], [0.01512, 344.35924239], [0.061129, 343.51751393], [8.562355, 342.20818074], [8.836784, 341.37025133], [9.650597, 340.31659232], [9.650984, 338.43768671]]",11,quantum,1,
precond_pen=1.900,40,-1.267306908747008,338.4376867141241,1.9,2,80.60357284545898,0.06249189376831055,0.0,0100111111010110011011100100001111000000,-+--++++++-+-++--++-+++--+----++++------,0,True,"[[0.00011, 401.01048938], [0.015186, 391.91589101], [0.016631, 343.17662653], [0.062492, 338.43768671]]",11,quantum,1,
precond_pen=2.000,40,-1.2180046677619742,338.4376867141241,2.0,2,74.12203884124756,8.937932014465332,0.0,0100111111010110011011100100001111000000,-+--++++++-+-++--++-+++--+----++++------,0,True,"[[0.000175, 401.01048938], [0.013938, 386.06481307], [0.015134, 344.35924239], [0.07666, 343.51751393], [4.212627, 341.62399534], [4.708517, 341.12187975], [6.206009, 340.03727039], [6.640448, 339.79943527], [6.901939, 338.94198621], [8.937932, 338.43768671]]",11,quantum,1,
baseline,40,349.56467005058073,349.5646700505817,,2,82.43833518028259,49.705069065093994,0.0,1000010101100010101110001011111011001100,+----+-+-++---+-+-+++---+-+++++-++--++--,0,True,"[[0.000103, 405.9911877], [0.011994, 405.34780862], [0.012531, 402.72882965], [0.014079, 350.64935966], [29.378078, 350.57559809], [49.705069, 349.56467005], [82.437295, 349.56467005]]",12,quantum,1,
precond_pen=1.100,40,-2.2214824016930184,349.5646700505817,1.1,2,67.20252704620361,17.144543886184692,0.0,1000010101100010101110001011111011001100,+----+-+-++---+-+-+++---+-+++++-++--++--,0,True,"[[0.000109, 405.9911877], [0.01497, 396.47351702], [0.016503, 352.19648717], [5.89468, 351.79571209], [6.340163, 351.3367934], [12.801599, 351.12864315], [17.144544, 349.56467005], [67.2016, 349.56467005]]",12,quantum,1,
precond_pen=1.200,40,-2.0243934658070017,349.5646700505817,1.2,2,65.72571516036987,44.73865103721619,0.0,0111101010011101010001110100000100110011,-++++-+-+--+++-+-+---+++-+-----+--++--++,0,True,"[[0.000107, 405.9911877], [0.015154, 397.27081272], [0.016356, 356.35323862], [0.081004, 350.64935966], [17.949556, 350.57559809], [44.738651, 349.56467005]]",12,quantum,1,
precond_pen=1.300,40,-1.8662958457259968,349.5646700505817,1.3,2,57.9256010055542,7.074610948562622,0.0,1000010101100010101110001011111011001100,+----+-+-++---+-+-+++---+-+++++-++--++--,0,True,"[[0.000111, 405.9911877], [0.015159, 397.98706123], [0.016429, 350.64935966], [5.410678, 349.64884745], [7.074611, 349.56467005]]",12,quantum,1,
precond_pen=1.400,40,-1.7366024879949968,349.5646700505817,1.4,2,61.37449789047241,16.177735805511475,0.0,1000010101100010101110001011111011001100,+----+-+-++---+-+-+++---+-+++++-++--++--,0,True,"[[0.000127, 405.9911877], [0.015217, 402.13302139], [0.016458, 354.95035971], [4.660281, 354.86699296], [6.938751, 353.63511867], [7.342737, 352.87029618], [8.643657, 351.48754205], [9.153676, 350.57559809], [16.177736, 349.56467005], [61.373413, 349.56467005]]",12,quantum,1,
precond_pen=1.500,40,-1.6282534602660057,349.5646700505817,1.5,2,72.72607111930847,0.060842037200927734,0.0,0111101010011101010001110100000100110011,-++++-+-+--+++-+-+---+++-+-----+--++--++,0,True,"[[0.000115, 405.9911877], [0.014407, 386.41379987], [0.016239, 350.57559809], [0.060842, 349.56467005]]",12,quantum,1,
precond_pen=1.600,40,-1.5363578409609993,349.5646700505817,1.6,2,79.23493099212646,0.05767011642456055,0.0,0111101010011101010001110100000100110011,-++++-+-+--+++-+-+---+++-+-----+--++--++,0,True,"[[0.000129, 405.9911877], [0.014325, 398.12323816], [0.015294, 356.93420177], [0.05767, 349.56467005]]",12,quantum,1,
precond_pen=1.700,40,-1.4574177572790106,349.5646700505817,1.7,2,74.98317193984985,0.059274911880493164,0.0,0111101010011101010001110100000100110011,-++++-+-+--+++-+-+---+++-+-----+--++--++,0,True,"[[0.000116, 405.9911877], [0.013956, 399.16504194], [0.015197, 354.95035971], [0.059275, 349.56467005]]",12,quantum,1,
precond_pen=1.800,40,-1.3888639529619926,349.5646700505817,1.8,2,71.09234690666199,0.06262898445129395,0.0,0111101010011101010001110100000100110011,-++++-+-+--+++-+-+---+++-+-----+--++--++,0,True,"[[0.000117, 405.9911877], [0.013866, 392.3829869], [0.015146, 356.32617676], [0.062629, 349.56467005]]",12,quantum,1,
precond_pen=1.900,40,-1.3287663899059776,349.5646700505817,1.9,2,79.38575601577759,0.0601658821105957,0.0,0111101010011101010001110100000100110011,-++++-+-+--+++-+-+---+++-+-----+--++--++,0,True,"[[0.000122, 405.9911877], [0.013927, 393.46577443], [0.015221, 356.32617676], [0.060166, 349.56467005]]",12,quantum,1,
precond_pen=2.000,40,-1.275646749429006,349.5646700505817,2.0,2,78.10187196731567,0.05981612205505371,0.0,0111101010011101010001110100000100110011,-++++-+-+--+++-+-+---+++-+-----+--++--++,0,True,"[[0.000134, 405.9911877], [0.014312, 389.87044764], [0.015635, 356.32617676], [0.059816, 349.56467005]]",12,quantum,1,
baseline,40,348.1607259773518,348.16072597735143,,2,118.31496787071228,31.508180856704712,0.0,0000011110011001111000100011101011011010,-----++++--++--++++---+---+++-+-++-++-+-,0,True,"[[0.000116, 384.82578282], [0.01423, 353.36079256], [0.102981, 352.34082616], [0.106631, 349.17900658], [29.928069, 349.08289076], [30.663638, 348.39638276], [31.508181, 348.16072598], [118.31388, 348.16072598]]",13,quantum,1,
precond_pen=1.100,40,-2.0057780246890022,348.16072597735143,1.1,2,78.04928803443909,63.787434101104736,0.0,0000011110011001111000100011101011011010,-----++++--++--++++---+---+++-+-++-++-+-,0,True,"[[0.000122, 384.82578282], [0.015767, 382.07636693], [0.016749, 350.55415721], [5.966543, 349.63887045], [7.769132, 349.47500763], [8.058411, 348.32697428], [63.787434, 348.16072598]]",13,quantum,1,
precond_pen=1.200,40,-1.8316069599740121,348.16072597735143,1.2,2,77.08055400848389,52.47853899002075,0.0,1111100001100110000111011100010100100101,+++++----++--++----+++-+++---+-+--+--+-+,0,True,"[[0.000116, 384.82578282], [0.01555, 353.36079256], [0.058002, 349.17900658], [8.069736, 348.32697428], [52.478539, 348.16072598]]",13,quantum,1,
precond_pen=1.300,40,-1.6919687745300287,348.16072597735143,1.3,2,69.9063470363617,14.499528884887695,0.0,1111100001100110000111011100010100100101,+++++----++--++----+++-+++---+-+--+--+-+,0,True,"[[0.000121, 384.82578282], [0.01608, 353.36079256], [5.853227, 351.16663103], [6.555255, 350.32976209], [7.374366, 349.00896364], [7.612296, 349.02968562], [7.612613, 348.67246897], [14.499529, 348.16072598]]",13,quantum,1,
precond_pen=1.400,40,-1.577471530343999,348.16072597735143,1.4,2,85.85751104354858,8.47351884841919,0.0,1111100001100110000111011100010100100101,+++++----++--++----+++-+++---+-+--+--+-+,0,True,"[[0.000121, 384.82578282], [0.014856, 381.12764361], [0.016083, 349.79000468], [4.690486, 349.08289076], [8.473519, 348.16072598]]",13,quantum,1,
precond_pen=1.500,40,-1.4818570023820001,348.16072597735143,1.5,2,79.32282185554504,60.522148847579956,0.0,0000011110011001111000100011101011011010,-----++++--++--++++---+---+++-+-++-++-+-,0,True,"[[0.000125, 384.82578282], [0.0154, 383.47714729], [0.016691, 350.27575461], [0.059556, 348.32697428], [60.522149, 348.16072598]]",13,quantum,1,
precond_pen=1.600,40,-1.4007915569150047,348.16072597735143,1.6,2,74.22540283203125,9.673386812210083,0.0,1111100001100110000111011100010100100101,+++++----++--++----+++-+++---+-+--+--+-+,0,True,"[[0.000116, 384.82578282], [0.01638, 353.36079256], [5.201413, 352.77230748], [5.201672, 351.89696737], [6.850961, 349.17900658], [8.370106, 348.32697428], [8.663894, 348.1975189], [9.673387, 348.16072598]]",13,quantum,1,
precond_pen=1.700,40,-1.3311772857769881,348.16072597735143,1.7,2,83.64340496063232,63.75497484207153,0.0,0000011110011001111000100011101011011010,-----++++--++--++++---+---+++-+-++-++-+-,0,True,"[[0.000116, 384.82578282], [0.014264, 382.41954019], [0.015188, 349.79000468], [0.058408, 348.32697428], [63.754975, 348.16072598]]",13,quantum,1,
precond_pen=1.800,40,-1.2707400118659855,348.16072597735143,1.8,2,85.70002603530884,59.35248303413391,0.0,1111100001100110000111011100010100100101,+++++----++--++----+++-+++---+-+--+--+-+,0,True,"[[0.000111, 384.82578282], [0.013849, 383.88264938], [0.014806, 349.79000468], [16.376479, 349.63887045], [21.855892, 348.24098438], [55.545456, 348.16732702], [59.352483, 348.16072598]]",13,quantum,1,
precond_pen=1.900,40,-1.2177719974290095,348.16072597735143,1.9,2,81.25321507453918,0.015547037124633789,0.0,0000011110011001111000100011101011011010,-----++++--++--++++---+---+++-+-++-++-+-,0,True,"[[0.000119, 384.82578282], [0.014283, 383.17250783], [0.015547, 348.16072598]]",13,quantum,1,
precond_pen=2.000,40,-1.1709652613999744,348.16072597735143,2.0,2,80.65594983100891,12.101271867752075,0.0,0000011110011001111000100011101011011010,-----++++--++--++++---+---+++-+-++-++-+-,0,True,"[[0.000117, 384.82578282], [0.015786, 353.36079256], [4.333007, 353.40913717], [4.602935, 352.44009429], [7.039072, 349.63887045], [10.500231, 349.30024308], [11.100322, 348.39638276], [12.100775, 348.16732702], [12.101272, 348.16072598]]",13,quantum,1,
baseline,40,358.171643378635,358.1716433786347,,2,58.523293018341064,0.10447001457214355,0.0,1110100110011100001010000101100110101101,+++-+--++--+++----+-+----+-++--++-+-++-+,0,True,"[[0.000123, 404.2656196], [0.013924, 363.40347313], [0.10447, 358.17164338]]",14,quantum,1,
precond_pen=1.100,40,-2.2193945300250064,358.1716433786347,1.1,2,59.23653602600098,0.016206026077270508,0.0,1110100110011100001010000101100110101101,+++-+--++--+++----+-+----+-++--++-+-++-+,0,True,"[[0.000112, 404.2656196], [0.014167, 389.39260932], [0.016206, 358.17164338]]",14,quantum,1,
precond_pen=1.200,40,-2.021501183650974,358.1716433786347,1.2,2,68.75893783569336,0.01635003089904785,0.0,1110100110011100001010000101100110101101,+++-+--++--+++----+-+----+-++--++-+-++-+,0,True,"[[0.00011, 404.2656196], [0.014259, 389.39260932], [0.01635, 358.17164338]]",14,quantum,1,
precond_pen=1.300,40,-1.8629027539320209,358.1716433786347,1.3,2,60.231281995773315,8.512777090072632,0.0,0001011001100011110101111010011001010010,---+-++--++---++++-+-++++-+--++--+-+--+-,0,True,"[[0.000109, 404.2656196], [0.014494, 388.04818522], [0.015449, 371.38114716], [0.079746, 363.40347313], [8.058746, 358.25795166], [8.512777, 358.17164338]]",14,quantum,1,
precond_pen=1.400,40,-1.7329026913420105,358.1716433786347,1.4,2,70.9639060497284,0.016476154327392578,0.0,0001011001100011110101111010011001010010,---+-++--++---++++-+-++++-+--++--+-+--+-,0,True,"[[0.000128, 404.2656196], [0.01463, 389.9740645], [0.016476, 358.17164338]]",14,quantum,1,
precond_pen=1.500,40,-1.6243744616959859,358.1716433786347,1.5,2,65.69277095794678,0.07644009590148926,0.0,1110100110011100001010000101100110101101,+++-+--++--+++----+-+----+-++--++-+-++-+,0,True,"[[0.000114, 404.2656196], [0.01502, 388.04818522], [0.01599, 371.38114716], [0.07644, 358.17164338]]",14,quantum,1,
precond_pen=1.600,40,-1.5323844991100142,358.1716433786347,1.6,2,64.6024899482727,0.015556812286376953,0.0,0001011001100011110101111010011001010010,---+-++--++---++++-+-++++-+--++--+-+--+-,0,True,"[[0.000109, 404.2656196], [0.013814, 397.90566694], [0.015557, 358.17164338]]",14,quantum,1,
precond_pen=1.700,40,-1.4534071684320065,358.1716433786347,1.7,2,55.959025859832764,0.016066789627075195,0.0,0001011001100011110101111010011001010010,---+-++--++---++++-+-++++-+--++--+-+--+-,0,True,"[[0.000116, 404.2656196], [0.01432, 397.90566694], [0.016067, 358.17164338]]",14,quantum,1,
precond_pen=1.800,40,-1.3848552386539996,358.1716433786347,1.8,2,56.77110195159912,0.015446901321411133,0.0,1110100110011100001010000101100110101101,+++-+--++--+++----+-+----+-++--++-+-++-+,0,True,"[[0.000115, 404.2656196], [0.013679, 394.23141285], [0.015447, 358.17164338]]",14,quantum,1,
precond_pen=1.900,40,-1.3247863217659877,358.1716433786347,1.9,2,54.8228600025177,7.121495008468628,0.0,0001011001100011110101111010011001010010,---+-++--++---++++-+-++++-+--++--+-+--+-,0,True,"[[0.000117, 404.2656196], [0.01442, 388.04818522], [0.015379, 371.38114716], [0.078196, 367.24114139], [4.71988, 364.39795125], [5.158291, 363.70453814], [5.911146, 363.44572859], [6.273599, 361.7538597], [6.273954, 361.55345185], [6.524042, 360.45887277], [6.76322, 358.26204701], [7.121109, 358.25795166], [7.121495, 358.17164338]]",14,quantum,1,
precond_pen=2.000,40,-1.2717132285269983,358.1716433786347,2.0,2,66.66727089881897,0.056359052658081055,0.0,0001011001100011110101111010011001010010,---+-++--++---++++-+-++++-+--++--+-+--+-,0,True,"[[0.000118, 404.2656196], [0.014056, 394.64582825], [0.015286, 363.11427345], [0.056359, 358.17164338]]",14,quantum,1,
baseline,40,350.5624382795224,350.56243827952375,,2,46.177762031555176,17.467209100723267,0.0,1110000100111110011010101100001001011100,+++----+--+++++--++-+-+-++----+--+-+++--,0,True,"[[0.000117, 393.58532568], [0.015794, 352.82901041], [15.169281, 352.4603935], [15.398621, 352.2091327], [17.467209, 350.56243828]]",15,quantum,1,
precond_pen=1.100,40,-2.2077180953230027,350.56243827952375,1.1,2,51.84860181808472,46.715248823165894,0.0,1110000100111110011010101100001001011100,+++----+--+++++--++-+-+-++----+--+-+++--,0,True,"[[0.000116, 393.58532568], [0.016284, 385.53376777], [0.018184, 355.08876909], [7.606001, 353.83164181], [7.757713, 353.54871936], [8.061383, 353.16375439], [8.793524, 352.93589273], [45.778297, 352.2091327], [46.325285, 352.32194211], [46.715249, 350.56243828], [51.847586, 350.56243828]]",15,quantum,1,
precond_pen=1.200,40,-2.0107207566289844,350.56243827952375,1.2,2,56.14716911315918,28.613672018051147,0.0,1110000100111110011010101100001001011100,+++----+--+++++--++-+-+-++----+--+-+++--,0,True,"[[0.000115, 393.58532568], [0.015309, 387.65683006], [0.016522, 351.97185866], [28.613672, 350.56243828], [56.146194, 350.56243828]]",15,quantum,1,
precond_pen=1.300,40,-1.8529091117149807,350.56243827952375,1.3,2,64.00928997993469,18.414567947387695,0.0,0001111011000001100101010011110110100011,---++++-++-----++--+-+-+--++++-++-+---++,0,True,"[[0.000127, 393.58532568], [0.015072, 387.42345111], [0.016888, 353.28077557], [0.060421, 352.93589273], [7.64639, 352.78694736], [8.165435, 352.44070529], [8.420542, 352.2091327], [8.686393, 352.32194211], [9.572968, 351.97185866], [12.236052, 351.55895789], [18.414568, 350.56243828]]",15,quantum,1,
precond_pen=1.400,40,-1.7235968569929785,350.56243827952375,1.4,2,76.03248119354248,0.01593613624572754,0.0,1110000100111110011010101100001001011100,+++----+--+++++--++-+-+-++----+--+-+++--,0,True,"[[0.000113, 393.58532568], [0.014768, 390.63745323], [0.015936, 350.56243828]]",15,quantum,1,
precond_pen=1.500,40,-1.6156719418580199,350.56243827952375,1.5,2,58.06889891624451,9.025912046432495,0.0,1110000100111110011010101100001001011100,+++----+--+++++--++-+-+-++----+--+-+++--,0,True,"[[0.000113, 393.58532568], [0.014798, 391.71808031], [0.016527, 351.97185866], [8.015066, 351.55895789], [9.025912, 350.56243828]]",15,quantum,1,
precond_pen=1.600,40,-1.524213783160004,350.56243827952375,1.6,2,67.74212980270386,9.860325813293457,0.0,0001111011000001100101010011110110100011,---++++-++-----++--+-+-+--++++-++-+---++,0,True,"[[0.000111, 393.58532568], [0.01497, 383.28821569], [0.01677, 353.28077557], [0.057548, 351.97185866], [9.860326, 350.56243828]]",15,quantum,1,
precond_pen=1.700,40,-1.4603754496129984,350.56243827952375,1.7,2,59.174164056777954,6.2467780113220215,0.0,1110000100111110011010101100001001011100,+++----+--+++++--++-+-+-++----+--+-+++--,0,True,"[[0.000115, 393.58532568], [0.015474, 393.16661206], [0.016682, 352.93589273], [6.246778, 350.56243828], [59.173226, 350.56243828]]",15,quantum,1,
precond_pen=1.800,40,-1.377576613957018,350.56243827952375,1.8,2,63.07499289512634,12.1199049949646,0.0,0001111011000001100101010011110110100011,---++++-++-----++--+-+-+--++++-++-+---++,0,True,"[[0.000117, 393.58532568], [0.014316, 392.04026959], [0.015541, 351.97185866], [12.119905, 350.56243828]]",15,quantum,1,
precond_pen=1.900,40,-1.3178848802179939,350.56243827952375,1.9,2,64.10788106918335,54.59649395942688,0.0,1110000100111110011010101100001001011100,+++----+--+++++--++-+-+-++----+--+-+++--,0,True,"[[0.000114, 393.58532568], [0.014542, 391.57991356], [0.016336, 351.55895789], [54.596494, 350.56243828]]",15,quantum,1,
precond_pen=2.000,40,-1.2651518594429891,350.56243827952375,2.0,2,56.84223294258118,43.94445586204529,0.0,1110000100111110011010101100001001011100,+++----+--+++++--++-+-+-++----+--+-+++--,0,True,"[[0.000118, 393.58532568], [0.013801, 391.28660243], [0.015336, 351.55895789], [43.944456, 350.56243828]]",15,quantum,1,
baseline,40,357.6324383023523,357.6324383023527,,2,60.41753911972046,31.107524156570435,0.0,0001001101011001011110011100011011011000,---+--++-+-++--+-++++--+++---++-++-++---,0,True,"[[0.000125, 400.8710086], [0.014074, 362.85717422], [1.795802, 361.94867112], [2.158812, 357.71862316], [31.107524, 357.6324383], [60.416596, 357.6324383]]",16,quantum,1,
precond_pen=1.100,40,-2.1780426611220047,357.6324383023527,1.1,2,49.851542949676514,0.015475988388061523,0.0,1110110010100110100001100011100100100111,+++-++--+-+--++-+----++---+++--+--+--+++,0,True,"[[0.000111, 400.8710086], [0.014284, 396.56488462], [0.015476, 357.6324383]]",16,quantum,1,
precond_pen=1.200,40,-1.9849509904919955,357.6324383023527,1.2,2,62.06104111671448,13.379235982894897,0.0,1110110010100110100001100011100100100111,+++-++--+-+--++-+----++---+++--+--+--+++,0,True,"[[0.000111, 400.8710086], [0.015632, 362.85717422], [11.604177, 359.054903], [11.921202, 357.71862316], [13.379236, 357.6324383], [62.060082, 357.6324383]]",16,quantum,1,
precond_pen=1.300,40,-1.8301523817550045,357.6324383023527,1.3,2,57.92765784263611,52.735214948654175,0.0,1110110010100110100001100011100100100111,+++-++--+-+--++-+----++---+++--+--+--+++,0,True,"[[0.000113, 400.8710086], [0.014185, 392.7120854], [0.015405, 358.59039211], [7.466269, 358.22141513], [8.931812, 358.02922339], [9.855724, 357.98504908], [20.514972, 357.71862316], [52.735215, 357.6324383], [57.92672, 357.6324383]]",16,quantum,1,
precond_pen=1.400,40,-1.7032338595789724,357.6324383023527,1.4,2,64.92551517486572,0.07499313354492188,0.0,1110110010100110100001100011100100100111,+++-++--+-+--++-+----++---+++--+--+--+++,0,True,"[[0.000112, 400.8710086], [0.014403, 397.111113], [0.015899, 358.59039211], [0.074993, 357.6324383]]",16,quantum,1,
precond_pen=1.500,40,-1.597254968567011,357.6324383023527,1.5,2,72.48753190040588,0.08056998252868652,0.0,1110110010100110100001100011100100100111,+++-++--+-+--++-+----++---+++--+--+--+++,0,True,"[[0.000121, 400.8710086], [0.013935, 397.77221061], [0.015414, 358.59039211], [0.08057, 357.6324383]]",16,quantum,1,
precond_pen=1.600,40,-1.507409179748004,357.6324383023527,1.6,2,60.927939891815186,0.01505899429321289,0.0,1110110010100110100001100011100100100111,+++-++--+-+--++-+----++---+++--+--+--+++,0,True,"[[0.000118, 400.8710086], [0.013829, 398.82266092], [0.015059, 357.6324383]]",16,quantum,1,
precond_pen=1.700,40,-1.4302604939379897,357.6324383023527,1.7,2,65.98078513145447,5.739784002304077,0.0,0001001101011001011110011100011011011000,---+--++-+-++--+-++++--+++---++-++-++---,0,True,"[[0.000113, 400.8710086], [0.013523, 398.05414532], [0.014734, 358.59039211], [5.739784, 357.6324383]]",16,quantum,1,
precond_pen=1.800,40,-1.3632866985309953,357.6324383023527,1.8,2,71.66653394699097,0.0754251480102539,0.0,1110110010100110100001100011100100100111,+++-++--+-+--++-+----++---+++--+--+--+++,0,True,"[[0.000112, 400.8710086], [0.014086, 400.23301456], [0.015551, 363.70939208], [0.075425, 357.6324383]]",16,quantum,1,
precond_pen=1.900,40,-1.304593402638023,357.6324383023527,1.9,2,78.32941889762878,0.05672883987426758,0.0,1110110010100110100001100011100100100111,+++-++--+-+--++-+----++---+++--+--+--+++,0,True,"[[0.000111, 400.8710086], [0.013993, 399.84200402], [0.015134, 358.59039211], [0.056729, 357.6324383]]",16,quantum,1,
precond_pen=2.000,40,-1.2527305310199885,357.6324383023527,2.0,2,68.26061701774597,8.477518081665039,0.0,1110110010100110100001100011100100100111,+++-++--+-+--++-+----++---+++--+--+--+++,0,True,"[[0.000105, 400.8710086], [0.013807, 397.81246033], [0.015004, 358.59039211], [4.296254, 358.16888813], [4.448487, 358.02922339], [8.477518, 357.6324383]]",16,quantum,1,
baseline,40,345.25243855924464,345.25243855924384,,2,67.71476888656616,15.288013935089111,0.0,1101011010001011011010010100010001111100,++-+-++-+---+-++-++-+--+-+---+---+++++--,0,True,"[[0.000108, 401.17433681], [0.012866, 396.45734957], [0.013518, 396.25203347], [0.014872, 354.85405839], [0.102542, 348.69666565], [9.688935, 348.22898545], [9.834228, 347.76119438], [10.039949, 347.69747011], [14.118934, 346.19118694], [15.288014, 345.25243856], [67.713705, 345.25243856]]",17,quantum,1,
precond_pen=1.100,40,-2.1775568809090053,345.25243855924384,1.1,2,68.86899995803833,11.742913007736206,0.0,0010100101110100100101101011101110000011,--+-+--+-+++-+--+--+-++-+-+++-+++-----++,0,True,"[[0.000105, 401.17433681], [0.014969, 378.26432278], [0.015926, 353.47670245], [0.087247, 348.69666565], [10.141317, 348.42629902], [10.633571, 347.69747011], [11.371282, 347.69550758], [11.742913, 345.25243856]]",17,quantum,1,
precond_pen=1.200,40,-1.9861025238549868,345.25243855924384,1.2,2,61.86101007461548,15.833187103271484,0.0,1101011010001011011010010100010001111100,++-+-++-+---+-++-++-+--+-+---+---+++++--,0,True,"[[0.000119, 401.17433681], [0.014627, 383.19969833], [0.015996, 350.88124684], [0.075819, 347.69747011], [14.08558, 347.33842048], [14.499674, 346.065557], [15.832898, 346.00073025], [15.833187, 345.25243856]]",17,quantum,1,
precond_pen=1.300,40,-1.8323000611220053,345.25243855924384,1.3,2,102.9953670501709,0.016033172607421875,0.0,0010100101110100100101101011101110000011,--+-+--+-+++-+--+--+-++-+-+++-+++-----++,0,True,"[[0.000116, 401.17433681], [0.014496, 380.70521557], [0.016033, 345.25243856]]",17,quantum,1,
precond_pen=1.400,40,-1.7059944734989756,345.25243855924384,1.4,2,235.66731715202332,43.08159422874451,0.0,1101011010001011011010010100010001111100,++-+-++-+---+-++-++-+--+-+---+---+++++--,0,True,"[[0.000148, 401.17433681], [0.123361, 385.42591723], [0.127789, 350.40140344], [0.431957, 347.69747011], [36.752265, 346.89928952], [40.038219, 346.00073025], [40.03868, 345.28451063], [43.081594, 345.25243856]]",17,quantum,1,
precond_pen=1.500,40,-1.6003907855810215,345.25243855924384,1.5,2,189.64960885047913,0.28525781631469727,0.0,1101011010001011011010010100010001111100,++-+-++-+---+-++-++-+--+-+---+---+++++--,0,True,"[[0.000389, 401.17433681], [0.283595, 383.44568964], [0.285258, 345.25243856]]",17,quantum,1,
precond_pen=1.600,40,-1.5107681809229696,345.25243855924384,1.6,2,207.61325812339783,0.026576995849609375,0.0,1101011010001011011010010100010001111100,++-+-++-+---+-++-++-+--+-+---+---+++++--,0,True,"[[0.000151, 401.17433681], [0.023019, 386.48911009], [0.024984, 383.29868293], [0.026577, 345.25243856]]",17,quantum,1,
precond_pen=1.700,40,-1.4337435728029888,345.25243855924384,1.7,2,135.95009899139404,22.68467903137207,0.0,1101011010001011011010010100010001111100,++-+-++-+---+-++-++-+--+-+---+---+++++--,0,True,"[[0.000154, 401.17433681], [0.095762, 379.67836584], [0.09698, 353.47670245], [0.306242, 351.11705211], [16.49616, 348.89508591], [16.943659, 346.065557], [16.944113, 346.00073025], [22.684679, 345.25243856]]",17,quantum,1,
precond_pen=1.800,40,-1.3668277587819837,345.25243855924384,1.8,2,56.28106689453125,0.015230894088745117,0.0,1101011010001011011010010100010001111100,++-+-++-+---+-++-++-+--+-+---+---+++++--,0,True,"[[0.000123, 401.17433681], [0.013989, 385.31668171], [0.015231, 345.25243856]]",17,quantum,1,
precond_pen=1.900,40,-1.3081484141179924,345.25243855924384,1.9,2,61.95582699775696,0.014979124069213867,0.0,1101011010001011011010010100010001111100,++-+-++-+---+-++-++-+--+-+---+---+++++--,0,True,"[[0.000107, 401.17433681], [0.013677, 383.44568964], [0.014979, 345.25243856]]",17,quantum,1,
precond_pen=2.000,40,-1.2562695422719816,345.25243855924384,2.0,2,63.50508213043213,16.929582118988037,0.0,1101011010001011011010010100010001111100,++-+-++-+---+-++-++-+--+-+---+---+++++--,0,True,"[[0.000118, 401.17433681], [0.013878, 382.60321184], [0.01536, 348.69666565], [9.145909, 347.69747011], [16.485714, 346.00073025], [16.929582, 345.25243856]]",17,quantum,1,
baseline,40,355.59464142917534,355.5946414291747,,2,119.04323196411133,25.137626886367798,0.0,0011110001011010001010011110110001011001,--++++---+-++-+---+-+--++++-++---+-++--+,0,True,"[[0.000112, 402.12414874], [0.01386, 359.58445291], [0.149765, 358.70832139], [13.459138, 357.75592712], [13.588842, 356.50670813], [25.137386, 355.8057854], [25.137627, 355.59464143], [119.042256, 355.59464143]]",18,quantum,1,
precond_pen=1.100,40,-2.0961248126470107,355.5946414291747,1.1,2,78.94227814674377,62.281249046325684,0.0,1100001110100101110101100001001110100110,++----+++-+--+-+++-+-++----+--+++-+--++-,0,True,"[[0.000104, 402.12414874], [0.014589, 397.87903121], [0.015732, 357.19430957], [0.057556, 356.13983961], [62.281249, 355.59464143]]",18,quantum,1,
precond_pen=1.200,40,-1.9127712315140073,355.5946414291747,1.2,2,68.2842230796814,34.64767098426819,0.0,1100001110100101110101100001001110100110,++----+++-+--+-+++-+-++----+--+++-+--++-,0,True,"[[0.00011, 402.12414874], [0.014968, 399.90896578], [0.016145, 359.48135836], [5.12684, 359.59371149], [5.299423, 357.82992019], [5.29964, 357.50122503], [5.431036, 356.31548865], [33.448455, 355.8057854], [34.647671, 355.59464143], [68.283303, 355.59464143]]",18,quantum,1,
precond_pen=1.300,40,-1.7656624977879787,355.5946414291747,1.3,2,70.39506697654724,18.026237964630127,0.0,0011110001011010001010011110110001011001,--++++---+-++-+---+-+--++++-++---+-++--+,0,True,"[[0.000114, 402.12414874], [0.014012, 396.75451793], [0.015295, 356.50670813], [16.103801, 355.8057854], [18.026238, 355.59464143]]",18,quantum,1,
precond_pen=1.400,40,-1.6449671210909962,355.5946414291747,1.4,2,72.74803185462952,54.71802091598511,0.0,1100001110100101110101100001001110100110,++----+++-+--+-+++-+-++----+--+++-+--++-,0,True,"[[0.000162, 402.12414874], [0.013552, 400.84823987], [0.014751, 358.74238226], [5.936936, 357.12915879], [6.161063, 356.93192028], [7.27574, 356.31548865], [54.718021, 355.59464143]]",18,quantum,1,
precond_pen=1.500,40,-1.5441257337219945,355.5946414291747,1.5,2,74.56920504570007,56.331613063812256,0.0,0011110001011010001010011110110001011001,--++++---+-++-+---+-+--++++-++---+-++--+,0,True,"[[0.000116, 402.12414874], [0.013957, 401.15301498], [0.015393, 357.42665298], [0.057874, 356.72039256], [10.620689, 356.58087968], [56.331613, 355.59464143], [74.568271, 355.59464143]]",18,quantum,1,
precond_pen=1.600,40,-1.458591903869987,355.5946414291747,1.6,2,81.05818605422974,71.55119109153748,0.0,1100001110100101110101100001001110100110,++----+++-+--+-+++-+-++----+--+++-+--++-,0,True,"[[0.000118, 402.12414874], [0.014095, 400.84823987], [0.015266, 358.74238226], [0.056697, 357.27146176], [35.011171, 356.54951217], [41.418756, 356.31548865], [70.972823, 356.13983961], [71.550892, 355.8057854], [71.551191, 355.59464143], [81.057185, 355.59464143]]",18,quantum,1,
precond_pen=1.700,40,-1.3851126950669794,355.5946414291747,1.7,2,73.32022309303284,53.574559926986694,0.0,0011110001011010001010011110110001011001,--++++---+-++-+---+-+--++++-++---+-++--+,0,True,"[[0.000116, 402.12414874], [0.01533, 359.58445291], [8.279182, 358.8765385], [8.279477, 356.93192028], [8.444524, 356.31548865], [45.286767, 356.13983961], [53.229273, 355.8057854], [53.57456, 355.59464143]]",18,quantum,1,
precond_pen=1.800,40,-1.3212988681409943,355.5946414291747,1.8,2,74.3923830986023,17.780987977981567,0.0,0011110001011010001010011110110001011001,--++++---+-++-+---+-+--++++-++---+-++--+,0,True,"[[0.000114, 402.12414874], [0.013906, 394.07393251], [0.014823, 358.70832139], [5.038622, 358.04605138], [5.887628, 357.82992019], [7.537405, 357.42665298], [8.115772, 356.31548865], [17.780988, 355.59464143], [74.391394, 355.59464143]]",18,quantum,1,
precond_pen=1.900,40,-1.2653551849420062,355.5946414291747,1.9,2,80.36523199081421,14.666881799697876,0.0,0011110001011010001010011110110001011001,--++++---+-++-+---+-+--++++-++---+-++--+,0,True,"[[0.000113, 402.12414874], [0.013777, 402.00556975], [0.014773, 359.70694649], [0.055417, 359.58445291], [4.376153, 359.40671232], [4.666264, 357.19430957], [9.42674, 356.66554055], [10.161349, 356.50670813], [14.666882, 355.59464143]]",18,quantum,1,
precond_pen=2.000,40,-1.2159057781449878,355.5946414291747,2.0,2,75.88817811012268,14.270281076431274,0.0,1100001110100101110101100001001110100110,++----+++-+--+-+++-+-++----+--+++-+--++-,0,True,"[[0.000126, 402.12414874], [0.015024, 359.58445291], [4.233488, 357.17886717], [8.933239, 356.58087968], [13.909276, 355.8057854], [14.270281, 355.59464143]]",18,quantum,1,
baseline,40,350.87237088388656,350.8723708838865,,2,46.61802315711975,10.724117994308472,0.0,1110101000100001101010001111100010101011,+++-+-+---+----++-+-+---+++++---+-+-+-++,0,True,"[[0.000109, 396.31755452], [0.014148, 355.69402943], [0.104286, 354.16734829], [10.724118, 350.87237088]]",19,quantum,1,
precond_pen=1.100,40,-2.2852966920100055,350.8723708838865,1.1,2,52.90533709526062,6.385416030883789,0.0,1110101000100001101010001111100010101011,+++-+-+---+----++-+-+---+++++---+-+-+-++,0,True,"[[0.000118, 396.31755452], [0.014991, 382.43369053], [0.016272, 354.16734829], [0.057766, 352.76017144], [6.177925, 351.31496726], [6.385416, 350.87237088], [52.904443, 350.87237088]]",19,quantum,1,
precond_pen=1.200,40,-2.0806285022260003,350.8723708838865,1.2,2,46.35048818588257,6.593065023422241,0.0,1110101000100001101010001111100010101011,+++-+-+---+----++-+-+---+++++---+-+-+-++,0,True,"[[0.000111, 396.31755452], [0.014044, 390.18004509], [0.015502, 352.76017144], [3.553397, 351.31496726], [6.593065, 350.87237088]]",19,quantum,1,
precond_pen=1.300,40,-1.9165051870990055,350.8723708838865,1.3,2,65.54629898071289,8.635329961776733,0.0,1110101000100001101010001111100010101011,+++-+-+---+----++-+-+---+++++---+-+-+-++,0,True,"[[0.000119, 396.31755452], [0.014071, 384.79130328], [0.015827, 353.63949874], [8.63533, 350.87237088]]",19,quantum,1,
precond_pen=1.400,40,-1.7819156109669976,350.8723708838865,1.4,2,58.39720106124878,0.015491962432861328,0.0,1110101000100001101010001111100010101011,+++-+-+---+----++-+-+---+++++---+-+-+-++,0,True,"[[0.000116, 396.31755452], [0.014079, 390.77924945], [0.015492, 350.87237088]]",19,quantum,1,
precond_pen=1.500,40,-1.669515862076004,350.8723708838865,1.5,2,66.15008687973022,0.01558995246887207,0.0,1110101000100001101010001111100010101011,+++-+-+---+----++-+-+---+++++---+-+-+-++,0,True,"[[0.000114, 396.31755452], [0.014351, 394.61825552], [0.01559, 350.87237088]]",19,quantum,1,
precond_pen=1.600,40,-1.5742170771449882,350.8723708838865,1.6,2,59.11979603767395,0.015377044677734375,0.0,1110101000100001101010001111100010101011,+++-+-+---+----++-+-+---+++++---+-+-+-++,0,True,"[[0.000111, 396.31755452], [0.014169, 388.77507373], [0.015377, 350.87237088]]",19,quantum,1,
precond_pen=1.700,40,-1.4923799724689903,350.8723708838865,1.7,2,57.75696086883545,12.17051100730896,0.0,1110101000100001101010001111100010101011,+++-+-+---+----++-+-+---+++++---+-+-+-++,0,True,"[[0.00011, 396.31755452], [0.01425, 394.0082919], [0.016006, 353.63949874], [7.19663, 352.76017144], [11.866468, 352.32309785], [12.170511, 350.87237088]]",19,quantum,1,
precond_pen=1.800,40,-1.4213319841440146,350.8723708838865,1.8,2,51.588366985321045,0.015419960021972656,0.0,1110101000100001101010001111100010101011,+++-+-+---+----++-+-+---+++++---+-+-+-++,0,True,"[[0.000114, 396.31755452], [0.014179, 394.73013829], [0.01542, 350.87237088]]",19,quantum,1,
precond_pen=1.900,40,-1.3590658909590125,350.8723708838865,1.9,2,49.71542692184448,0.014483928680419922,0.0,1110101000100001101010001111100010101011,+++-+-+---+----++-+-+---+++++---+-+-+-++,0,True,"[[0.000108, 396.31755452], [0.013182, 388.77507373], [0.014484, 350.87237088]]",19,quantum,1,
precond_pen=2.000,40,-1.3040441900019886,350.8723708838865,2.0,2,55.84637403488159,0.015197038650512695,0.0,1110101000100001101010001111100010101011,+++-+-+---+----++-+-+---+++++---+-+-+-++,0,True,"[[0.000109, 396.31755452], [0.013993, 387.63237075], [0.015197, 350.87237088]]",19,quantum,1,
baseline,40,337.94342047986964,337.9434204798705,,2,68.57019805908203,20.419306993484497,0.0,0011111100000101101111111001000101000001,--++++++-----+-++-+++++++--+---+-+-----+,0,True,"[[0.000119, 390.33842404], [0.012591, 388.51445352], [0.013846, 386.2100302], [0.0152, 347.16335461], [0.102033, 342.46292324], [10.654864, 341.52669388], [10.919815, 341.36904501], [20.419307, 337.94342048], [68.569213, 337.94342048]]",20,quantum,1,
precond_pen=1.100,40,-2.1943769245889975,337.9434204798705,1.1,2,52.506102085113525,7.930594205856323,0.0,1100000011111010010000000110111010111110,++------+++++-+--+-------++-+++-+-+++++-,0,True,"[[0.000373, 390.33842404], [0.015247, 383.47910762], [0.016148, 342.16796328], [7.92944, 341.8694916], [7.930594, 337.94342048]]",20,quantum,1,
precond_pen=1.200,40,-2.0020351758110095,337.9434204798705,1.2,2,56.44103693962097,49.48379302024841,0.0,1100000011111010010000000110111010111110,++------+++++-+--+-------++-+++-+-+++++-,0,True,"[[0.000114, 390.33842404], [0.014824, 385.92815999], [0.016591, 340.26524209], [49.483793, 337.94342048]]",20,quantum,1,
precond_pen=1.300,40,-1.8473765895850018,337.9434204798705,1.3,2,66.37732005119324,0.016607999801635742,0.0,1100000011111010010000000110111010111110,++------+++++-+--+-------++-+++-+-+++++-,0,True,"[[0.000115, 390.33842404], [0.014853, 388.71944471], [0.016608, 337.94342048]]",20,quantum,1,
precond_pen=1.400,40,-1.7202687985130023,337.9434204798705,1.4,2,71.28662514686584,57.006856203079224,0.0,1100000011111010010000000110111010111110,++------+++++-+--+-------++-+++-+-+++++-,0,True,"[[0.000151, 390.33842404], [0.142026, 342.46292324], [0.406568, 340.26524209], [56.782209, 340.01780402], [57.0066, 339.93206899], [57.006856, 337.94342048], [71.285638, 337.94342048]]",20,quantum,1,
precond_pen=1.500,40,-1.6139232716739755,337.9434204798705,1.5,2,65.79341983795166,0.07770299911499023,0.0,1100000011111010010000000110111010111110,++------+++++-+--+-------++-+++-+-+++++-,0,True,"[[0.000113, 390.33842404], [0.016053, 342.46292324], [0.077703, 337.94342048]]",20,quantum,1,
precond_pen=1.600,40,-1.5236190714139983,337.9434204798705,1.6,2,76.10696697235107,0.058038949966430664,0.0,1100000011111010010000000110111010111110,++------+++++-+--+-------++-+++-+-+++++-,0,True,"[[0.000114, 390.33842404], [0.015001, 389.69358567], [0.016249, 341.08223484], [0.058039, 337.94342048]]",20,quantum,1,
precond_pen=1.700,40,-1.4459691838339772,337.9434204798705,1.7,2,66.05950903892517,9.730333089828491,0.0,1100000011111010010000000110111010111110,++------+++++-+--+-------++-+++-+-+++++-,0,True,"[[0.000109, 390.33842404], [0.015925, 342.46292324], [0.057338, 342.16796328], [9.120685, 341.8694916], [9.432001, 339.55524271], [9.730333, 337.94342048]]",20,quantum,1,
precond_pen=1.800,40,-1.3784801710770118,337.9434204798705,1.8,2,72.85286521911621,18.662811994552612,0.0,1100000011111010010000000110111010111110,++------+++++-+--+-------++-+++-+-+++++-,0,True,"[[0.000117, 390.33842404], [0.015976, 342.46292324], [0.075166, 341.01433017], [10.287964, 340.83886768], [10.939693, 340.26524209], [16.908122, 340.23688461], [18.08126, 340.01780402], [18.662812, 337.94342048]]",20,quantum,1,
precond_pen=1.900,40,-1.3192744685190156,337.9434204798705,1.9,2,70.50876808166504,9.054959058761597,0.0,1100000011111010010000000110111010111110,++------+++++-+--+-------++-+++-+-+++++-,0,True,"[[0.000116, 390.33842404], [0.014284, 386.38685569], [0.015503, 342.71963318], [0.058228, 342.57411478], [1.58487, 342.10271694], [3.929676, 340.75316036], [9.054959, 337.94342048]]",20,quantum,1,
precond_pen=2.000,40,-1.2669116571079932,337.9434204798705,2.0,2,78.66774392127991,62.81674003601074,0.0,0011111100000101101111111001000101000001,--++++++-----+-++-+++++++--+---+-+-----+,0,True,"[[0.000112, 390.33842404], [0.014378, 389.64287768], [0.015577, 342.71963318], [0.059298, 342.57411478], [4.207154, 341.01433017], [8.464363, 340.26524209], [62.816447, 340.12092497], [62.81674, 337.94342048], [78.666833, 337.94342048]]",20,quantum,1,
baseline,40,345.66324590419794,345.6632459041979,,2,100.04902195930481,0.016807079315185547,0.0,1011100101101100101010100101111001100000,+-+++--+-++-++--+-+-+-+--+-++++--++-----,0,True,"[[0.000116, 373.94676238], [0.012967, 372.58443039], [0.016807, 345.6632459]]",21,quantum,1,
precond_pen=1.100,40,-2.199720468724026,345.6632459041979,1.1,2,57.162111043930054,10.463706016540527,0.0,1011100101101100101010100101111001100000,+-+++--+-++-++--+-+-+-+--+-++++--++-----,0,True,"[[0.000113, 373.94676238], [0.015718, 350.24548263], [8.505991, 348.94070024], [8.976448, 346.06134582], [10.137754, 345.76774314], [10.463706, 345.6632459]]",21,quantum,1,
precond_pen=1.200,40,-2.004170144173999,345.6632459041979,1.2,2,56.82354784011841,7.1628429889678955,0.0,1011100101101100101010100101111001100000,+-+++--+-++-++--+-+-+-+--+-++++--++-----,0,True,"[[0.000112, 373.94676238], [0.015003, 350.24548263], [3.855023, 349.45383646], [4.225725, 348.90949953], [4.397899, 348.85248276], [5.821469, 348.60683644], [5.822376, 346.06134582], [7.162843, 345.6632459]]",21,quantum,1,
precond_pen=1.300,40,-1.8474578855629993,345.6632459041979,1.3,2,60.253039836883545,7.411300897598267,0.0,1011100101101100101010100101111001100000,+-+++--+-++-++--+-+-+-+--+-++++--++-----,0,True,"[[0.000116, 373.94676238], [0.015768, 350.24548263], [4.588816, 345.82639483], [7.411301, 345.6632459]]",21,quantum,1,
precond_pen=1.400,40,-1.7189998705360061,345.6632459041979,1.4,2,54.741361141204834,9.861896991729736,0.0,1011100101101100101010100101111001100000,+-+++--+-++-++--+-+-+-+--+-++++--++-----,0,True,"[[0.000119, 373.94676238], [0.015851, 350.24548263], [9.532356, 346.58738093], [9.861897, 345.6632459]]",21,quantum,1,
precond_pen=1.500,40,-1.6117512036550128,345.6632459041979,1.5,2,53.16822385787964,9.444013833999634,0.0,1011100101101100101010100101111001100000,+-+++--+-++-++--+-+-+-+--+-++++--++-----,0,True,"[[0.000116, 373.94676238], [0.015586, 350.24548263], [9.443511, 346.58738093], [9.443832, 345.76774314], [9.444014, 345.6632459], [53.167204, 345.6632459]]",21,quantum,1,
precond_pen=1.600,40,-1.5208370628870007,345.6632459041979,1.6,2,60.19643998146057,8.78511118888855,0.0,1011100101101100101010100101111001100000,+-+++--+-++-++--+-+-+-+--+-++++--++-----,0,True,"[[0.000114, 373.94676238], [0.01495, 350.24548263], [6.472628, 349.96032246], [8.785111, 345.6632459]]",21,quantum,1,
precond_pen=1.700,40,-1.4427749158529881,345.6632459041979,1.7,2,61.09392809867859,10.44392204284668,0.0,1011100101101100101010100101111001100000,+-+++--+-++-++--+-+-+-+--+-++++--++-----,0,True,"[[0.000116, 373.94676238], [0.015081, 350.24548263], [9.052088, 347.59394103], [10.126452, 345.76774314], [10.443922, 345.6632459]]",21,quantum,1,
precond_pen=1.800,40,-1.375009843247998,345.6632459041979,1.8,2,69.21403217315674,7.395895004272461,0.0,1011100101101100101010100101111001100000,+-+++--+-++-++--+-+-+-+--+-++++--++-----,0,True,"[[0.000114, 373.94676238], [0.015447, 350.24548263], [4.239491, 348.38376785], [6.821238, 347.94482357], [7.081364, 346.99963521], [7.081648, 345.76774314], [7.395895, 345.6632459]]",21,quantum,1,
precond_pen=1.900,40,-1.315623673036022,345.6632459041979,1.9,2,67.87176990509033,6.405019998550415,0.0,0100011010010011010101011010000110011111,-+---++-+--+--++-+-+-+-++-+----++--+++++,0,True,"[[0.000113, 373.94676238], [0.015161, 350.24548263], [4.396458, 345.76774314], [6.40502, 345.6632459]]",21,quantum,1,
precond_pen=2.000,40,-1.2631482934509766,345.6632459041979,2.0,2,62.45619082450867,14.439888000488281,0.0,0100011010010011010101011010000110011111,-+---++-+--+--++-+-+-+-++-+----++--+++++,0,True,"[[0.000119, 373.94676238], [0.015525, 350.24548263], [5.727386, 349.13250742], [5.990866, 347.98393318], [6.227572, 347.44529313], [12.861862, 345.82639483], [14.439888, 345.6632459]]",21,quantum,1,
baseline,40,337.59296267926766,337.5929626792671,,2,77.3210289478302,12.57030177116394,0.0,1001001100011100110111110011001100011000,+--+--++---+++--++-+++++--++--++---++---,0,True,"[[0.000113, 388.04397372], [0.012695, 374.3771227], [0.013268, 373.21216557], [0.015248, 337.96248113], [12.570302, 337.59296268], [77.319979, 337.59296268]]",22,quantum,1,
precond_pen=1.100,40,-2.168030072348989,337.5929626792671,1.1,2,61.34157705307007,0.05878710746765137,0.0,0110110011100011001000001100110011100111,-++-++--+++---++--+-----++--++--+++--+++,0,True,"[[0.000112, 388.04397372], [0.015247, 384.55025028], [0.016839, 337.96248113], [0.058787, 337.59296268]]",22,quantum,1,
precond_pen=1.200,40,-1.9771668994149945,337.5929626792671,1.2,2,59.788604974746704,54.53984308242798,0.0,1001001100011100110111110011001100011000,+--+--++---+++--++-+++++--++--++---++---,0,True,"[[0.000109, 388.04397372], [0.01468, 384.24727548], [0.015886, 338.3835795], [51.295421, 338.26958602], [51.295725, 337.96248113], [54.539843, 337.59296268]]",22,quantum,1,
precond_pen=1.300,40,-1.8239701662060064,337.5929626792671,1.3,2,64.61708188056946,0.057823896408081055,0.0,0110110011100011001000001100110011100111,-++-++--+++---++--+-----++--++--+++--+++,0,True,"[[0.00012, 388.04397372], [0.014665, 381.9020954], [0.01628, 337.96248113], [0.057824, 337.59296268]]",22,quantum,1,
precond_pen=1.400,40,-1.6982391019219847,337.5929626792671,1.4,2,62.438435077667236,57.92763710021973,0.0,1001001100011100110111110011001100011000,+--+--++---+++--++-+++++--++--++---++---,0,True,"[[0.000347, 388.04397372], [0.015643, 386.3498374], [0.017106, 337.96248113], [57.927637, 337.59296268], [62.43742, 337.59296268]]",22,quantum,1,
precond_pen=1.500,40,-1.5931631268999897,337.5929626792671,1.5,2,69.39952301979065,0.07650303840637207,0.0,0110110011100011001000001100110011100111,-++-++--+++---++--+-----++--++--+++--+++,0,True,"[[0.000115, 388.04397372], [0.015221, 386.70722887], [0.016671, 337.96248113], [0.076503, 337.59296268]]",22,quantum,1,
precond_pen=1.600,40,-1.504018263288975,337.5929626792671,1.6,2,56.38842010498047,0.059710025787353516,0.0,0110110011100011001000001100110011100111,-++-++--+++---++--+-----++--++--+++--+++,0,True,"[[0.000115, 388.04397372], [0.015138, 385.516331], [0.016804, 337.96248113], [0.05971, 337.59296268]]",22,quantum,1,
precond_pen=1.700,40,-1.4274236799649866,337.5929626792671,1.7,2,82.00110101699829,0.06088590621948242,0.0,0110110011100011001000001100110011100111,-++-++--+++---++--+-----++--++--+++--+++,0,True,"[[0.00013, 388.04397372], [0.015914, 387.34240122], [0.016948, 342.19969468], [0.060886, 337.59296268]]",22,quantum,1,
precond_pen=1.800,40,-1.3608941995869994,337.5929626792671,1.8,2,65.26714992523193,0.06013083457946777,0.0,0110110011100011001000001100110011100111,-++-++--+++---++--+-----++--++--+++--+++,0,True,"[[0.000111, 388.04397372], [0.013954, 387.34240122], [0.01483, 342.19969468], [0.060131, 337.59296268]]",22,quantum,1,
precond_pen=1.900,40,-1.3025623970730127,337.5929626792671,1.9,2,82.48996686935425,0.07417583465576172,0.0,0110110011100011001000001100110011100111,-++-++--+++---++--+-----++--++--+++--+++,0,True,"[[0.00011, 388.04397372], [0.013628, 387.61083483], [0.015392, 337.96248113], [0.074176, 337.59296268]]",22,quantum,1,
precond_pen=2.000,40,-1.2509970132930892,337.5929626792671,2.0,2,72.70859599113464,0.056288957595825195,0.0,0110110011100011001000001100110011100111,-++-++--+++---++--+-----++--++--+++--+++,0,True,"[[0.000124, 388.04397372], [0.014189, 387.34240122], [0.015103, 342.19969468], [0.056289, 337.59296268], [70.312346, 337.59296268], [72.707543, 337.59296268]]",22,quantum,1,
baseline,40,354.73965001072224,354.73965001072185,,2,51.09437298774719,12.98946213722229,0.0,1010101101000110101101011100001110001001,+-+-+-++-+---++-+-++-+-+++----+++---+--+,0,True,"[[0.000117, 416.52246509], [0.013921, 413.31341002], [0.015696, 357.93772665], [0.105847, 354.74411406], [12.989462, 354.73965001]]",23,quantum,1,
precond_pen=1.100,40,-2.199475330662999,354.74411406406153,1.1,2,57.378069162368774,0.017588138580322266,0.0,1110110100100010100100111110001110001001,+++-++-+--+---+-+--+--+++++---+++---+--+,0,True,"[[0.000119, 416.52246509], [0.015842, 401.52912416], [0.017588, 354.73965001], [0.060471, 354.74411406]]",23,quantum,1,
precond_pen=1.200,40,-2.002737792141012,354.74411406406153,1.2,2,55.75015211105347,8.953109979629517,0.0,1110110100100010100100111110001110001001,+++-++-+--+---+-+--+--+++++---+++---+--+,0,True,"[[0.000109, 416.52246509], [0.014912, 409.55830564], [0.016115, 362.40889102], [4.291951, 355.86094848], [7.422531, 355.9181232], [8.198622, 355.45115724], [8.95311, 354.73965001], [19.965511, 354.74411406]]",23,quantum,1,
precond_pen=1.300,40,-1.8452747240420244,354.74411406406153,1.3,2,57.46930193901062,0.016253948211669922,0.0,1110110100100010100100111110001110001001,+++-++-+--+---+-+--+--+++++---+++---+--+,0,True,"[[0.000118, 416.52246509], [0.014787, 410.87411734], [0.016254, 354.73965001], [0.05839, 354.74411406]]",23,quantum,1,
precond_pen=1.400,40,-1.7163366100530197,354.74411406406153,1.4,2,57.025943994522095,0.016095876693725586,0.0,1110110100100010100100111110001110001001,+++-++-+--+---+-+--+--+++++---+++---+--+,0,True,"[[0.000122, 416.52246509], [0.014578, 408.17997178], [0.016096, 354.73965001], [4.191181, 354.74411406]]",23,quantum,1,
precond_pen=1.500,40,-1.608781873018998,354.74411406406153,1.5,2,64.4206440448761,0.0565948486328125,0.0,1110110100100010100100111110001110001001,+++-++-+--+---+-+--+--+++++---+++---+--+,0,True,"[[0.000116, 416.52246509], [0.013102, 413.64027486], [0.013693, 413.027585], [0.014275, 401.64252055], [0.015388, 362.40889102], [0.056595, 354.73965001], [61.367721, 354.74411406]]",23,quantum,1,
precond_pen=1.600,40,-1.5176765108869894,354.74411406406153,1.6,2,60.58755087852478,0.015752792358398438,0.0,1110110100100010100100111110001110001001,+++-++-+--+---+-+--+--+++++---+++---+--+,0,True,"[[0.000114, 416.52246509], [0.014277, 414.37098118], [0.015753, 354.73965001], [10.666952, 354.74411406], [60.586564, 354.74411406]]",23,quantum,1,
precond_pen=1.700,40,-1.4395011101789912,354.74411406406153,1.7,2,70.3735978603363,0.09046101570129395,0.0,1110110100100010100100111110001110001001,+++-++-+--+---+-+--+--+++++---+++---+--+,0,True,"[[0.00011, 416.52246509], [0.015054, 407.17066037], [0.015995, 362.51922124], [0.090461, 354.74411406]]",23,quantum,1,
precond_pen=1.800,40,-1.371676218190995,354.74411406406153,1.8,2,72.76401901245117,0.07633113861083984,0.0,1110110100100010100100111110001110001001,+++-++-+--+---+-+--+--+++++---+++---+--+,0,True,"[[0.000114, 416.52246509], [0.013976, 410.65156763], [0.016092, 359.57271136], [0.076331, 354.74411406]]",23,quantum,1,
precond_pen=1.900,40,-1.312267552661007,354.74411406406153,1.9,2,77.59643983840942,0.05732583999633789,0.0,1110110100100010100100111110001110001001,+++-++-+--+---+-+--+--+++++---+++---+--+,0,True,"[[0.000117, 416.52246509], [0.013827, 412.60884723], [0.01588, 359.57271136], [0.057326, 354.74411406]]",23,quantum,1,
precond_pen=2.000,40,-1.2597955120080044,354.74411406406153,2.0,2,72.206218957901,0.05579400062561035,0.0,1110110100100010100100111110001110001001,+++-++-+--+---+-+--+--+++++---+++---+--+,0,True,"[[0.000114, 416.52246509], [0.013535, 414.13416028], [0.015068, 361.75168218], [0.055794, 354.74411406]]",23,quantum,1,
baseline,40,349.1103587352257,349.1103587352251,,2,108.95185494422913,13.977881908416748,0.0,1010110000100111001011011101010000111010,+-+-++----+--+++--+-++-+++-+-+----+++-+-,0,True,"[[0.000118, 391.88626053], [0.012202, 388.72871793], [0.013142, 388.2093828], [0.015015, 353.23747019], [2.085459, 352.86989108], [2.224533, 351.73887555], [2.646737, 351.72208733], [12.603054, 350.26105309], [13.286969, 349.60910953], [13.977882, 349.11035874], [108.950786, 349.11035874]]",24,quantum,1,
precond_pen=1.100,40,-1.9932273268530185,349.1103587352251,1.1,2,76.91601395606995,10.187616109848022,0.0,0101001111011000110100100010101111000101,-+-+--++++-++---++-+--+---+-+-++++---+-+,0,True,"[[0.000123, 391.88626053], [0.015537, 388.57658631], [0.017253, 350.30672238], [10.187616, 349.11035874]]",24,quantum,1,
precond_pen=1.200,40,-1.823073500905993,349.1103587352251,1.2,2,73.92286396026611,0.017204999923706055,0.0,0101001111011000110100100010101111000101,-+-+--++++-++---++-+--+---+-+-++++---+-+,0,True,"[[0.000115, 391.88626053], [0.015788, 390.47371075], [0.017205, 349.11035874]]",24,quantum,1,
precond_pen=1.300,40,-1.6861256789569925,349.1103587352251,1.3,2,72.10442900657654,0.015496969223022461,0.0,0101001111011000110100100010101111000101,-+-+--++++-++---++-+--+---+-+-++++---+-+,0,True,"[[0.000114, 391.88626053], [0.013979, 388.06270052], [0.015497, 349.11035874]]",24,quantum,1,
precond_pen=1.400,40,-1.573493288553001,349.1103587352251,1.4,2,81.23693013191223,0.05744314193725586,0.0,0101001111011000110100100010101111000101,-+-+--++++-++---++-+--+---+-+-++++---+-+,0,True,"[[0.000115, 391.88626053], [0.014532, 390.92078612], [0.016018, 350.30672238], [0.057443, 349.11035874]]",24,quantum,1,
precond_pen=1.500,40,-1.4792077400209767,349.1103587352251,1.5,2,89.7249801158905,0.05735015869140625,0.0,0101001111011000110100100010101111000101,-+-+--++++-++---++-+--+---+-+-++++---+-+,0,True,"[[0.000115, 391.88626053], [0.014627, 382.56266205], [0.015673, 354.75583085], [0.05735, 349.11035874]]",24,quantum,1,
precond_pen=1.600,40,-1.3991107063530137,349.1103587352251,1.6,2,80.25706100463867,8.41326904296875,0.0,0101001111011000110100100010101111000101,-+-+--++++-++---++-+--+---+-+-++++---+-+,0,True,"[[0.000115, 391.88626053], [0.014634, 386.78844767], [0.015324, 352.362235], [7.033188, 351.34396959], [8.413269, 349.11035874]]",24,quantum,1,
precond_pen=1.700,40,-1.3302151688609936,349.1103587352251,1.7,2,83.97926998138428,0.015945911407470703,0.0,0101001111011000110100100010101111000101,-+-+--++++-++---++-+--+---+-+-++++---+-+,0,True,"[[0.000118, 391.88626053], [0.014431, 391.1551881], [0.015946, 349.11035874]]",24,quantum,1,
precond_pen=1.800,40,-1.270319307430979,349.1103587352251,1.8,2,95.42852997779846,75.37247800827026,0.0,0101001111011000110100100010101111000101,-+-+--++++-++---++-+--+---+-+-++++---+-+,0,True,"[[0.00011, 391.88626053], [0.015573, 353.23747019], [0.091264, 349.47459458], [75.372478, 349.11035874]]",24,quantum,1,
precond_pen=1.900,40,-1.2177638122039962,349.1103587352251,1.9,2,85.75608396530151,57.788310050964355,0.0,1010110000100111001011011101010000111010,+-+-++----+--+++--+-++-+++-+-+----+++-+-,0,True,"[[0.000116, 391.88626053], [0.014466, 390.20927187], [0.015495, 349.60910953], [14.439364, 349.47459458], [57.78831, 349.11035874]]",24,quantum,1,
precond_pen=2.000,40,-1.1712746966230068,349.1103587352251,2.0,2,82.69261312484741,62.87907791137695,0.0,0101001111011000110100100010101111000101,-+-+--++++-++---++-+--+---+-+-++++---+-+,0,True,"[[0.000111, 391.88626053], [0.015527, 353.23747019], [7.372883, 352.68531463], [8.055174, 351.2185726], [56.60005, 349.87265354], [60.058412, 349.72347299], [62.879078, 349.11035874], [82.691537, 349.11035874]]",24,quantum,1,
baseline,40,366.9205931161237,366.9205931161237,,2,154.92224407196045,0.10368204116821289,0.0,1001001111111000010110101011010001100010,+--+--+++++++----+-++-+-+-++-+---++---+-,0,True,"[[0.000123, 413.52936156], [0.014487, 369.62217623], [0.103682, 366.92059312], [154.921191, 366.92059312]]",25,quantum,1,
precond_pen=1.100,40,-2.083629714706994,366.9205931161237,1.1,2,76.45548605918884,45.246421098709106,0.0,0110110000000111101001010100101110011101,-++-++-------++++-+--+-+-+--+-+++--+++-+,0,True,"[[0.000115, 413.52936156], [0.014582, 392.54403953], [0.015527, 372.18203036], [0.075233, 369.06034619], [5.025605, 367.95081018], [12.540244, 367.90950506], [13.149491, 367.92127275], [45.246421, 366.92059312], [76.45449, 366.92059312]]",25,quantum,1,
precond_pen=1.200,40,-1.9017652281190216,366.9205931161237,1.2,2,71.19976902008057,52.24778485298157,0.0,1001001111111000010110101011010001100010,+--+--+++++++----+-++-+-+-++-+---++---+-,0,True,"[[0.000119, 413.52936156], [0.012862, 398.63798286], [0.014393, 394.13006934], [0.015917, 370.28418171], [0.055974, 369.00147601], [0.058073, 368.99460161], [10.306578, 368.98098659], [11.163608, 367.95081018], [40.60097, 367.92127275], [52.247785, 366.92059312]]",25,quantum,1,
precond_pen=1.300,40,-1.7558015774700149,366.9205931161237,1.3,2,79.76723790168762,42.140130043029785,0.0,1001001111111000010110101011010001100010,+--+--+++++++----+-++-+-+-++-+---++---+-,0,True,"[[0.000127, 413.52936156], [0.015273, 404.79483982], [0.016512, 369.62217623], [0.060303, 368.99460161], [6.977766, 367.95081018], [12.311932, 367.92127275], [42.14013, 366.92059312]]",25,quantum,1,
precond_pen=1.400,40,-1.6360177223949925,366.9205931161237,1.4,2,76.03111505508423,9.158703088760376,0.0,1001001111111000010110101011010001100010,+--+--+++++++----+-++-+-+-++-+---++---+-,0,True,"[[0.000116, 413.52936156], [0.014119, 407.95959229], [0.015347, 372.15793509], [0.075446, 371.1183229], [4.505278, 369.94472826], [5.993398, 368.62061739], [7.061595, 367.45486706], [9.158703, 366.92059312]]",25,quantum,1,
precond_pen=1.500,40,-1.535921472270001,366.9205931161237,1.5,2,66.94916009902954,11.169846057891846,0.0,1001001111111000010110101011010001100010,+--+--+++++++----+-++-+-+-++-+---++---+-,0,True,"[[0.000109, 413.52936156], [0.014271, 399.58911785], [0.015413, 369.06034619], [10.301599, 368.67227671], [10.849847, 368.29691915], [11.169846, 366.92059312]]",25,quantum,1,
precond_pen=1.600,40,-1.4510098619390028,366.9205931161237,1.6,2,78.81022191047668,65.90118098258972,0.0,1001001111111000010110101011010001100010,+--+--+++++++----+-++-+-+-++-+---++---+-,0,True,"[[0.000111, 413.52936156], [0.014464, 404.79483982], [0.015681, 369.62217623], [0.061242, 367.59008318], [65.901181, 366.92059312]]",25,quantum,1,
precond_pen=1.700,40,-1.3780594204159975,366.9205931161237,1.7,2,72.55296921730042,48.731001138687134,0.0,0110110000000111101001010100101110011101,-++-++-------++++-+--+-+-+--+-+++--+++-+,0,True,"[[0.00011, 413.52936156], [0.015696, 399.22323108], [0.016942, 372.15793509], [0.058169, 371.1183229], [8.685371, 370.18668931], [9.767031, 369.85287817], [10.030456, 367.59008318], [48.57367, 367.45486706], [48.731001, 366.92059312]]",25,quantum,1,
precond_pen=1.800,40,-1.3147011404369948,366.9205931161237,1.8,2,85.2915530204773,18.38888907432556,0.0,0110110000000111101001010100101110011101,-++-++-------++++-+--+-+-+--+-+++--+++-+,0,True,"[[0.000107, 413.52936156], [0.013577, 402.7481337], [0.014846, 369.62217623], [0.055235, 369.00147601], [17.820993, 367.45486706], [18.388889, 366.92059312]]",25,quantum,1,
precond_pen=1.900,40,-1.2591546032159968,366.9205931161237,1.9,2,95.44727683067322,8.141610860824585,0.0,0110110000000111101001010100101110011101,-++-++-------++++-+--+-+-+--+-+++--+++-+,0,True,"[[0.000117, 413.52936156], [0.014078, 404.79483982], [0.015296, 369.62217623], [0.080455, 369.00147601], [5.017323, 367.92127275], [7.890782, 367.45486706], [8.141611, 366.92059312], [93.923598, 366.92059312]]",25,quantum,1,
precond_pen=2.000,40,-1.2100552321530138,366.9205931161237,2.0,2,73.76755785942078,10.378578901290894,0.0,1001001111111000010110101011010001100010,+--+--+++++++----+-++-+-+-++-+---++---+-,0,True,"[[0.000105, 413.52936156], [0.01379, 403.49602085], [0.015002, 372.15793509], [6.597292, 372.05541858], [6.792148, 371.54304164], [7.254017, 370.96310084], [7.254472, 370.66271457], [7.40385, 369.59891966], [9.752871, 368.20384868], [10.378579, 366.92059312]]",25,quantum,1,
baseline,40,354.23997914977275,354.2399791497726,,2,77.43896698951721,2.1064419746398926,0.0,1100101101000100101110001110001110111000,++--+-++-+---+--+-+++---+++---+++-+++---,0,True,"[[0.000115, 420.53384078], [0.012572, 407.40767945], [0.014932, 405.50250046], [0.016453, 358.64835867], [0.10367, 355.20884121], [2.106442, 354.23997915]]",26,quantum,1,
precond_pen=1.100,40,-2.13990423387701,354.2399791497726,1.1,2,56.33918499946594,46.32553482055664,0.0,0011010010111011010001110001110001000111,--++-+--+-+++-++-+---+++---+++---+---+++,0,True,"[[0.000116, 420.53384078], [0.01479, 394.86757601], [0.016368, 356.96690408], [15.883089, 355.89228352], [15.884148, 355.28379344], [16.83474, 355.20884121], [46.325535, 354.23997915], [56.338178, 354.23997915]]",26,quantum,1,
precond_pen=1.200,40,-1.9498567988189972,354.2399791497726,1.2,2,55.61201286315918,47.187541007995605,0.0,1100101101000100101110001110001110111000,++--+-++-+---+--+-+++---+++---+++-+++---,0,True,"[[0.00015, 420.53384078], [0.016625, 400.02433096], [0.018121, 357.59596413], [47.187193, 355.20884121], [47.187541, 354.23997915]]",26,quantum,1,
precond_pen=1.300,40,-1.797736134457006,354.2399791497726,1.3,2,62.56609392166138,54.6315279006958,0.0,0011010010111011010001110001110001000111,--++-+--+-+++-++-+---+++---+++---+---+++,0,True,"[[0.000118, 420.53384078], [0.014181, 393.25519946], [0.015168, 359.40241574], [0.056645, 358.8961785], [4.182241, 357.78377714], [18.713139, 356.96690408], [38.065179, 357.26795579], [38.065463, 355.20884121], [54.631528, 354.23997915]]",26,quantum,1,
precond_pen=1.400,40,-1.6731632306540156,354.2399791497726,1.4,2,60.712215185165405,0.015199899673461914,0.0,1100101101000100101110001110001110111000,++--+-++-+---+--+-+++---+++---+++-+++---,0,True,"[[0.000111, 420.53384078], [0.013689, 389.05243776], [0.0152, 354.23997915]]",26,quantum,1,
precond_pen=1.500,40,-1.5692422714600003,354.2399791497726,1.5,2,62.097963094711304,7.084963083267212,0.0,1100101101000100101110001110001110111000,++--+-++-+---+--+-+++---+++---+++-+++---,0,True,"[[0.000117, 420.53384078], [0.013747, 393.89716381], [0.014751, 360.00744489], [4.154824, 356.51941831], [7.084963, 354.23997915]]",26,quantum,1,
precond_pen=1.600,40,-1.4812089365939958,354.2399791497726,1.6,2,68.57701301574707,12.486250877380371,0.0,0011010010111011010001110001110001000111,--++-+--+-+++-++-+---+++---+++---+---+++,0,True,"[[0.000104, 420.53384078], [0.014079, 388.56578975], [0.015833, 355.20884121], [12.486251, 354.23997915]]",26,quantum,1,
precond_pen=1.700,40,-1.4056645566780261,354.2399791497726,1.7,2,72.12819790840149,10.032074928283691,0.0,1100101101000100101110001110001110111000,++--+-++-+---+--+-+++---+++---+++-+++---,0,True,"[[0.000106, 420.53384078], [0.013681, 394.13153738], [0.014897, 355.20884121], [10.032075, 354.23997915]]",26,quantum,1,
precond_pen=1.800,40,-1.3401178608269895,354.2399791497726,1.8,2,76.06120681762695,0.05681490898132324,0.0,1100101101000100101110001110001110111000,++--+-++-+---+--+-+++---+++---+++-+++---,0,True,"[[0.00011, 420.53384078], [0.013593, 396.52326862], [0.014856, 361.58049351], [0.056815, 354.23997915]]",26,quantum,1,
precond_pen=1.900,40,-1.282701084232027,354.2399791497726,1.9,2,67.7092490196228,0.06064796447753906,0.0,1100101101000100101110001110001110111000,++--+-++-+---+--+-+++---+++---+++-+++---,0,True,"[[0.000113, 420.53384078], [0.013985, 391.95667733], [0.015504, 356.96690408], [0.060648, 354.23997915]]",26,quantum,1,
precond_pen=2.000,40,-1.231985412647008,354.2399791497726,2.0,2,80.13741207122803,76.26251196861267,0.0,0011010010111011010001110001110001000111,--++-+--+-+++-++-+---+++---+++---+---+++,0,True,"[[0.000109, 420.53384078], [0.013572, 393.08910894], [0.015077, 355.20884121], [76.262512, 354.23997915]]",26,quantum,1,
baseline,40,363.19240206138045,363.19240206138136,,2,86.5730390548706,0.1062779426574707,0.0,1101010111101000001100000000010111011111,++-+-+-++++-+-----++---------+-+++-+++++,0,True,"[[0.000119, 426.10037613], [0.013967, 418.83192679], [0.015664, 416.41261387], [0.01766, 365.27868855], [0.104799, 364.39901609], [0.106278, 363.19240206]]",27,quantum,1,
precond_pen=1.100,40,-2.2025893412600066,363.19240206138136,1.1,2,57.34403085708618,0.015867948532104492,0.0,1101010111101000001100000000010111011111,++-+-+-++++-+-----++---------+-+++-+++++,0,True,"[[0.000113, 426.10037613], [0.014289, 405.48492406], [0.015868, 363.19240206]]",27,quantum,1,
precond_pen=1.200,40,-2.004193520900005,363.19240206138136,1.2,2,55.08911204338074,10.651512145996094,0.0,1101010111101000001100000000010111011111,++-+-+-++++-+-----++---------+-+++-+++++,0,True,"[[0.000126, 426.10037613], [0.014469, 413.74090225], [0.016193, 364.39901609], [10.651512, 363.19240206]]",27,quantum,1,
precond_pen=1.300,40,-1.8456647591180086,363.19240206138136,1.3,2,61.93003606796265,0.020972013473510742,0.0,1101010111101000001100000000010111011111,++-+-+-++++-+-----++---------+-+++-+++++,0,True,"[[0.000111, 426.10037613], [0.019068, 404.12723032], [0.020972, 363.19240206]]",27,quantum,1,
precond_pen=1.400,40,-1.7160222037509651,363.19240206138136,1.4,2,56.77340388298035,0.016735076904296875,0.0,1101010111101000001100000000010111011111,++-+-+-++++-+-----++---------+-+++-+++++,0,True,"[[0.000116, 426.10037613], [0.015544, 394.01431964], [0.016735, 363.19240206]]",27,quantum,1,
precond_pen=1.500,40,-1.6079923461110077,363.19240206138136,1.5,2,66.49974513053894,8.19279408454895,0.0,1101010111101000001100000000010111011111,++-+-+-++++-+-----++---------+-+++-+++++,0,True,"[[0.000112, 426.10037613], [0.014394, 399.90182219], [0.015855, 365.18220697], [0.057618, 364.39901609], [8.192794, 363.19240206]]",27,quantum,1,
precond_pen=1.600,40,-1.516562873453001,363.19240206138136,1.6,2,63.62165689468384,7.646910905838013,0.0,1101010111101000001100000000010111011111,++-+-+-++++-+-----++---------+-+++-+++++,0,True,"[[0.000124, 426.10037613], [0.014838, 397.90315938], [0.016067, 369.90095615], [0.078861, 364.39901609], [7.646911, 363.19240206]]",27,quantum,1,
precond_pen=1.700,40,-1.4381650820559901,363.19240206138136,1.7,2,74.2358648777008,51.36804986000061,0.0,0010101000010111110011111111101000100000,--+-+-+----+-+++++--+++++++++-+---+-----,0,True,"[[0.000115, 426.10037613], [0.014704, 395.18284314], [0.015933, 368.5676549], [0.075264, 366.84075955], [11.461601, 365.56200871], [12.088591, 365.27868855], [51.36805, 363.19240206], [74.234813, 363.19240206]]",27,quantum,1,
precond_pen=1.800,40,-1.3701881283959914,363.19240206138136,1.8,2,66.02305197715759,0.015349149703979492,0.0,1101010111101000001100000000010111011111,++-+-+-++++-+-----++---------+-+++-+++++,0,True,"[[0.000111, 426.10037613], [0.012701, 410.01865042], [0.014162, 404.89963526], [0.015349, 363.19240206]]",27,quantum,1,
precond_pen=1.900,40,-1.310676827686006,363.19240206138136,1.9,2,65.16791319847107,0.015733003616333008,0.0,1101010111101000001100000000010111011111,++-+-+-++++-+-----++---------+-+++-+++++,0,True,"[[0.000111, 426.10037613], [0.014205, 407.90315168], [0.015733, 363.19240206]]",27,quantum,1,
precond_pen=2.000,40,-1.2581376289409931,363.19240206138136,2.0,2,79.91528415679932,0.07397913932800293,0.0,1101010111101000001100000000010111011111,++-+-+-++++-+-----++---------+-+++-+++++,0,True,"[[0.000111, 426.10037613], [0.014031, 407.87277038], [0.01502, 368.81968231], [0.073979, 363.19240206]]",27,quantum,1,
baseline,40,374.5401332908609,374.5401332908609,,2,94.74655103683472,18.521337032318115,0.0,0001010011111010001011100101101111010000,---+-+--+++++-+---+-+++--+-++-++++-+----,0,True,"[[0.000115, 428.95185108], [0.014839, 377.10069251], [0.104291, 375.84281386], [10.754098, 375.82779338], [18.521337, 374.54013329]]",28,quantum,1,
precond_pen=1.100,40,-2.202757718895997,374.5401332908609,1.1,2,60.4177680015564,9.421140909194946,0.0,1110101100000101110100011010010000101111,+++-+-++-----+-+++-+---++-+--+----+-++++,0,True,"[[0.000109, 428.95185108], [0.016225, 427.74381277], [0.017123, 387.26061344], [0.07702, 375.82779338], [9.421141, 374.54013329]]",28,quantum,1,
precond_pen=1.200,40,-2.002835845387027,374.5401332908609,1.2,2,59.36222290992737,53.85305309295654,0.0,0001010011111010001011100101101111010000,---+-+--+++++-+---+-+++--+-++-++++-+----,0,True,"[[0.000112, 428.95185108], [0.015827, 421.56563244], [0.017275, 375.84281386], [20.199868, 375.89924146], [52.367914, 375.43245583], [53.853053, 374.54013329], [59.36122, 374.54013329]]",28,quantum,1,
precond_pen=1.300,40,-1.8433552531729926,374.5401332908609,1.3,2,61.73631310462952,7.70200514793396,0.0,0001010011111010001011100101101111010000,---+-+--+++++-+---+-+++--+-++-++++-+----,0,True,"[[0.000109, 428.95185108], [0.015644, 419.65662178], [0.017098, 378.73764851], [0.06191, 375.82779338], [7.702005, 374.54013329]]",28,quantum,1,
precond_pen=1.400,40,-1.71311174389602,374.5401332908609,1.4,2,64.48563003540039,59.3238091468811,0.0,0001010011111010001011100101101111010000,---+-+--+++++-+---+-+++--+-++-++++-+----,0,True,"[[0.000108, 428.95185108], [0.015852, 416.87740254], [0.017676, 375.43245583], [59.323809, 374.54013329]]",28,quantum,1,
precond_pen=1.500,40,-1.6047036404899995,374.5401332908609,1.5,2,62.452468156814575,0.016164064407348633,0.0,0001010011111010001011100101101111010000,---+-+--+++++-+---+-+++--+-++-++++-+----,0,True,"[[0.00012, 428.95185108], [0.014633, 424.89927399], [0.016164, 374.54013329]]",28,quantum,1,
precond_pen=1.600,40,-1.513041348319005,374.5401332908609,1.6,2,59.45120310783386,54.961135149002075,0.0,1110101100000101110100011010010000101111,+++-+-++-----+-+++-+---++-+--+----+-++++,0,True,"[[0.000126, 428.95185108], [0.015849, 419.52103317], [0.017256, 375.89924146], [6.942716, 375.4312103], [7.368576, 375.43245583], [54.961135, 374.54013329]]",28,quantum,1,
precond_pen=1.700,40,-1.4345077345719854,374.5401332908609,1.7,2,65.19852805137634,59.33378601074219,0.0,1110101100000101110100011010010000101111,+++-+-++-----+-+++-+---++-+--+----+-++++,0,True,"[[0.000113, 428.95185108], [0.013234, 414.66290437], [0.016142, 378.71731053], [0.057207, 377.10069251], [0.074353, 375.43245583], [59.333786, 374.54013329], [65.197554, 374.54013329]]",28,quantum,1,
precond_pen=1.800,40,-1.3664605926889877,374.5401332908609,1.8,2,63.365127086639404,57.267059087753296,0.0,1110101100000101110100011010010000101111,+++-+-++-----+-+++-+---++-+--+----+-++++,0,True,"[[0.000111, 428.95185108], [0.015278, 417.4818727], [0.016706, 375.84281386], [6.465454, 375.4312103], [7.154224, 375.43245583], [57.267059, 374.54013329]]",28,quantum,1,
precond_pen=1.900,40,-1.3069242586459975,374.5401332908609,1.9,2,75.8145580291748,72.32987904548645,0.0,1110101100000101110100011010010000101111,+++-+-++-----+-+++-+---++-+--+----+-++++,0,True,"[[0.00011, 428.95185108], [0.0165, 424.71433202], [0.017375, 387.26061344], [0.076755, 375.82779338], [49.555568, 375.4312103], [49.562923, 375.43245583], [72.329879, 374.54013329]]",28,quantum,1,
precond_pen=2.000,40,-1.2543910235030076,374.5401332908609,2.0,2,66.38373494148254,58.77246284484863,0.0,0001010011111010001011100101101111010000,---+-+--+++++-+---+-+++--+-++-++++-+----,0,True,"[[0.000111, 428.95185108], [0.014426, 413.18617993], [0.015652, 375.43245583], [58.772463, 374.54013329], [66.382749, 374.54013329]]",28,quantum,1,
baseline,40,347.9161285971395,347.9161285971394,,2,52.34351086616516,0.014345884323120117,0.0,1010011001101111000001001100101001011011,+-+--++--++-++++-----+--++--+-+--+-++-++,0,True,"[[0.00012, 395.54806694], [0.011937, 395.49693055], [0.012589, 393.57794235], [0.013153, 392.96941626], [0.014346, 347.9161286]]",29,quantum,1,
precond_pen=1.100,40,-2.155165618285995,347.9161285971394,1.1,2,59.75085401535034,0.05741620063781738,0.0,1010011001101111000001001100101001011011,+-+--++--++-++++-----+--++--+-+--+-++-++,0,True,"[[0.00011, 395.54806694], [0.016128, 348.85344911], [0.057416, 347.9161286]]",29,quantum,1,
precond_pen=1.200,40,-1.965469519021008,347.9161285971394,1.2,2,55.09176588058472,0.016340017318725586,0.0,0101100110010000111110110011010110100100,-+-++--++--+----+++++-++--++-+-++-+--+--,0,True,"[[0.000109, 395.54806694], [0.015131, 392.57512485], [0.01634, 347.9161286]]",29,quantum,1,
precond_pen=1.300,40,-1.8132555012150178,347.9161285971394,1.3,2,54.32973504066467,51.745657205581665,0.0,0101100110010000111110110011010110100100,-+-++--++--+----+++++-++--++-+-++-+--+--,0,True,"[[0.000113, 395.54806694], [0.014974, 394.64027063], [0.016364, 348.85344911], [51.745657, 347.9161286]]",29,quantum,1,
precond_pen=1.400,40,-1.6883600020979923,347.9161285971394,1.4,2,57.800719022750854,56.29140901565552,0.0,1010011001101111000001001100101001011011,+-+--++--++-++++-----+--++--+-+--+-++-++,0,True,"[[0.000121, 395.54806694], [0.014227, 394.05893527], [0.015175, 353.6682519], [0.056615, 348.85344911], [56.291409, 347.9161286]]",29,quantum,1,
precond_pen=1.500,40,-1.5840017307000078,347.9161285971394,1.5,2,58.98243498802185,0.01607990264892578,0.0,1010011001101111000001001100101001011011,+-+--++--++-++++-----+--++--+-+--+-++-++,0,True,"[[0.000118, 395.54806694], [0.014798, 393.07125363], [0.01608, 347.9161286]]",29,quantum,1,
precond_pen=1.600,40,-1.4954790555299766,347.9161285971394,1.6,2,73.49907612800598,19.4895920753479,0.0,0101100110010000111110110011010110100100,-+-++--++--+----+++++-++--++-+-++-+--+--,0,True,"[[0.000117, 395.54806694], [0.015582, 395.54776356], [0.016821, 353.32536122], [0.06172, 348.85344911], [19.489592, 347.9161286]]",29,quantum,1,
precond_pen=1.700,40,-1.4194285805779927,347.9161285971394,1.7,2,62.91665315628052,9.328112125396729,0.0,1010011001101111000001001100101001011011,+-+--++--++-++++-----+--++--+-+--+-++-++,0,True,"[[0.000116, 395.54806694], [0.014877, 387.40629637], [0.017249, 348.85344911], [9.328112, 347.9161286], [62.9156, 347.9161286]]",29,quantum,1,
precond_pen=1.800,40,-1.3533789867749952,347.9161285971394,1.8,2,76.13452792167664,17.37470293045044,0.0,0101100110010000111110110011010110100100,-+-++--++--+----+++++-++--++-+-++-+--+--,0,True,"[[0.000112, 395.54806694], [0.014322, 395.30751543], [0.015501, 355.61496461], [0.058919, 348.85344911], [17.374703, 347.9161286]]",29,quantum,1,
precond_pen=1.900,40,-1.2954731261569972,347.9161285971394,1.9,2,62.04201102256775,59.62662887573242,0.0,1010011001101111000001001100101001011011,+-+--++--++-++++-----+--++--+-+--+-++-++,0,True,"[[0.000114, 395.54806694], [0.012975, 395.59260987], [0.0135, 395.49693055], [0.014141, 395.19001654], [0.015952, 348.85344911], [59.626629, 347.9161286]]",29,quantum,1,
precond_pen=2.000,40,-1.244288002438969,347.9161285971394,2.0,2,71.38674306869507,41.93582010269165,0.0,1010011001101111000001001100101001011011,+-+--++--++-++++-----+--++--+-+--+-++-++,0,True,"[[0.000112, 395.54806694], [0.013888, 385.52022924], [0.015111, 352.33935747], [0.056521, 348.85344911], [41.93582, 347.9161286], [71.385795, 347.9161286]]",29,quantum,1,
baseline,40,367.5142033565469,367.5142033565469,,2,108.89818501472473,0.01623082160949707,0.0,0011000110110100000010010101111111101010,--++---++-++-+------+--+-+-++++++++-+-+-,0,True,"[[0.000115, 419.40441686], [0.012481, 406.58906021], [0.016231, 367.51420336], [108.897146, 367.51420336]]",30,quantum,1,
precond_pen=1.100,40,-2.0469705046409956,367.5142033565469,1.1,2,72.30346417427063,0.0589141845703125,0.0,0011000110110100000010010101111111101010,--++---++-++-+------+--+-+-++++++++-+-+-,0,True,"[[0.000115, 419.40441686], [0.015559, 395.39599178], [0.017094, 369.9204785], [0.058914, 367.51420336]]",30,quantum,1,
precond_pen=1.200,40,-1.8678569645650054,367.5142033565469,1.2,2,69.7132089138031,36.66411995887756,0.0,0011000110110100000010010101111111101010,--++---++-++-+------+--+-+-++++++++-+-+-,0,True,"[[0.000115, 419.40441686], [0.014997, 395.27707091], [0.016207, 371.6227048], [0.471777, 371.36230338], [1.604528, 371.21501285], [3.683092, 368.33857244], [36.66412, 367.51420336], [69.71206, 367.51420336]]",30,quantum,1,
precond_pen=1.300,40,-1.7243050240679967,367.5142033565469,1.3,2,75.85947704315186,0.07497286796569824,0.0,1100111001001011111101101010000000010101,++--+++--+--+-++++++-++-+-+--------+-+-+,0,True,"[[0.000115, 419.40441686], [0.014991, 392.57198045], [0.015955, 369.37877049], [0.074973, 367.51420336]]",30,quantum,1,
precond_pen=1.400,40,-1.6066377715769953,367.5142033565469,1.4,2,73.02857398986816,43.46920895576477,0.0,1100111001001011111101101010000000010101,++--+++--+--+-++++++-++-+-+--------+-+-+,0,True,"[[0.000116, 419.40441686], [0.015135, 402.71804743], [0.016138, 372.99214884], [0.057378, 369.14158018], [8.760571, 368.44039743], [43.469209, 367.51420336], [73.027397, 367.51420336]]",30,quantum,1,
precond_pen=1.500,40,-1.5084073054739822,367.5142033565469,1.5,2,74.05937695503235,0.017601966857910156,0.0,0011000110110100000010010101111111101010,--++---++-++-+------+--+-+-++++++++-+-+-,0,True,"[[0.000116, 419.40441686], [0.014291, 416.57129159], [0.015232, 416.25534745], [0.015803, 409.19397642], [0.017602, 367.51420336]]",30,quantum,1,
precond_pen=1.600,40,-1.4251482283220014,367.5142033565469,1.6,2,73.64597296714783,9.945274114608765,0.0,1100111001001011111101101010000000010101,++--+++--+--+-++++++-++-+-+--------+-+-+,0,True,"[[0.000115, 419.40441686], [0.014322, 399.78890547], [0.015857, 368.7358095], [9.945274, 367.51420336], [73.644972, 367.51420336]]",30,quantum,1,
precond_pen=1.700,40,-1.353669590333988,367.5142033565469,1.7,2,85.79076790809631,11.615135908126831,0.0,1100111001001011111101101010000000010101,++--+++--+--+-++++++-++-+-+--------+-+-+,0,True,"[[0.000124, 419.40441686], [0.014115, 400.31418341], [0.015366, 369.37877049], [0.060837, 368.81165305], [11.615136, 367.51420336]]",30,quantum,1,
precond_pen=1.800,40,-1.2916291459959997,367.5142033565469,1.8,2,81.70404005050659,12.234246015548706,0.0,1100111001001011111101101010000000010101,++--+++--+--+-++++++-++-+-+--------+-+-+,0,True,"[[0.000117, 419.40441686], [0.01396, 395.44039352], [0.014992, 372.99214884], [0.059941, 368.81165305], [11.499719, 368.85561025], [11.862895, 368.7358095], [12.234246, 367.51420336]]",30,quantum,1,
precond_pen=1.900,40,-1.2372683378030018,367.5142033565469,1.9,2,78.38013005256653,19.403857946395874,0.0,1100111001001011111101101010000000010101,++--+++--+--+-++++++-++-+-+--------+-+-+,0,True,"[[0.000118, 419.40441686], [0.013799, 404.91557382], [0.015077, 372.99214884], [0.058606, 368.81165305], [14.248275, 368.85561025], [14.248678, 368.7358095], [17.453291, 368.32585478], [19.403858, 367.51420336]]",30,quantum,1,
precond_pen=2.000,40,-1.189240935657013,367.5142033565469,2.0,2,83.51703906059265,78.57053399085999,0.0,1100111001001011111101101010000000010101,++--+++--+--+-++++++-++-+-+--------+-+-+,0,True,"[[0.00011, 419.40441686], [0.013916, 403.19815475], [0.01517, 369.9204785], [0.056705, 368.81165305], [6.783663, 368.74061836], [7.186278, 368.44039743], [63.916753, 367.99836786], [78.570534, 367.51420336], [83.516064, 367.51420336]]",30,quantum,1,
baseline,40,358.52869528970655,358.5286952897063,,2,176.87400579452515,0.015091896057128906,0.0,0011111110000111100110110010100001100001,--+++++++----++++--++-++--+-+----++----+,0,True,"[[0.000114, 407.61391838], [0.012071, 404.00233788], [0.013389, 399.25509821], [0.015092, 358.52869529], [176.873007, 358.52869529]]",31,quantum,1,
precond_pen=1.100,40,-2.012241906763977,358.5286952897063,1.1,2,89.74082803726196,9.328161001205444,0.0,1100000001111000011001001101011110011110,++-------++++----++--+--++-+-++++--++++-,0,True,"[[0.000111, 407.61391838], [0.016803, 389.74185778], [0.018027, 360.93591652], [0.058991, 360.61028671], [7.581562, 360.41002986], [7.936824, 359.93988074], [9.328161, 358.52869529]]",31,quantum,1,
precond_pen=1.200,40,-1.8367873880680232,358.5286952897063,1.2,2,85.31010389328003,19.829230070114136,0.0,1100000001111000011001001101011110011110,++-------++++----++--+--++-+-++++--++++-,0,True,"[[0.000111, 407.61391838], [0.015061, 393.38075993], [0.016532, 390.19536821], [0.018017, 359.8113857], [17.936327, 359.4178646], [19.82923, 358.52869529], [85.309129, 358.52869529]]",31,quantum,1,
precond_pen=1.300,40,-1.6962177650569803,358.5286952897063,1.3,2,80.02552890777588,53.39025592803955,0.0,1100000001111000011001001101011110011110,++-------++++----++--+--++-+-++++--++++-,0,True,"[[0.000112, 407.61391838], [0.014932, 394.29088073], [0.016446, 362.17775715], [9.779659, 361.50201921], [11.516967, 361.08292783], [12.179177, 360.59026782], [48.436252, 360.56959094], [50.191986, 360.32829453], [52.454686, 359.73871482], [53.390256, 358.52869529]]",31,quantum,1,
precond_pen=1.400,40,-1.5810228037249967,358.5286952897063,1.4,2,89.25410199165344,15.255895853042603,0.0,1100000001111000011001001101011110011110,++-------++++----++--+--++-+-++++--++++-,0,True,"[[0.000113, 407.61391838], [0.014264, 390.46317711], [0.015262, 361.17416794], [11.267683, 360.72453227], [13.340451, 360.61028671], [14.391225, 359.92093716], [15.255896, 358.52869529], [89.253076, 358.52869529]]",31,quantum,1,
precond_pen=1.500,40,-1.4848719326760094,358.5286952897063,1.5,2,92.90000605583191,64.98612403869629,0.0,1100000001111000011001001101011110011110,++-------++++----++--+--++-+-++++--++++-,0,True,"[[0.000113, 407.61391838], [0.015121, 389.03592264], [0.016045, 362.28536947], [0.076682, 361.37285151], [37.743689, 361.21573311], [64.546593, 360.03974879], [64.986124, 358.52869529]]",31,quantum,1,
precond_pen=1.600,40,-1.4033850726949932,358.5286952897063,1.6,2,92.27276802062988,7.848737001419067,0.0,0011111110000111100110110010100001100001,--+++++++----++++--++-++--+-+----++----+,0,True,"[[0.000107, 407.61391838], [0.014545, 390.30389535], [0.015505, 361.80472132], [0.075065, 359.93988074], [7.848737, 358.52869529]]",31,quantum,1,
precond_pen=1.700,40,-1.333433550860999,358.5286952897063,1.7,2,102.06566190719604,85.0403459072113,0.0,1100000001111000011001001101011110011110,++-------++++----++--+--++-+-++++--++++-,0,True,"[[0.00012, 407.61391838], [0.01469, 390.916754], [0.015735, 362.28536947], [0.060255, 362.20816527], [0.485501, 361.96859931], [0.485824, 361.8294907], [1.650675, 359.8113857], [85.040346, 358.52869529]]",31,quantum,1,
precond_pen=1.800,40,-1.2727221246059983,358.5286952897063,1.8,2,85.19949102401733,64.70312595367432,0.0,0011111110000111100110110010100001100001,--+++++++----++++--++-++--+-+----++----+,0,True,"[[0.000113, 407.61391838], [0.01425, 394.87531395], [0.015162, 361.80472132], [0.055402, 360.84552038], [40.87203, 360.56959094], [57.002545, 360.32829453], [60.947236, 359.8113857], [63.349364, 359.73871482], [63.864149, 359.4178646], [64.703126, 358.52869529]]",31,quantum,1,
precond_pen=1.900,40,-1.219528045229989,358.5286952897063,1.9,2,91.7026720046997,8.010510921478271,0.0,0011111110000111100110110010100001100001,--+++++++----++++--++-++--+-+----++----+,0,True,"[[0.000114, 407.61391838], [0.014031, 390.916754], [0.015048, 362.28536947], [0.056693, 362.19609531], [4.747314, 360.21320005], [8.010511, 358.52869529]]",31,quantum,1,
precond_pen=2.000,40,-1.1725328594459956,358.5286952897063,2.0,2,90.45754599571228,51.2060968875885,0.0,0011111110000111100110110010100001100001,--+++++++----++++--++-++--+-+----++----+,0,True,"[[0.000111, 407.61391838], [0.014388, 394.63274911], [0.015665, 360.76858676], [13.334808, 360.59187225], [13.335163, 359.93988074], [51.206097, 358.52869529]]",31,quantum,1,
baseline,40,345.10061667619,345.1006166761897,,2,66.56298899650574,0.1023111343383789,0.0,1110111110001000010001101110001001110100,+++-+++++---+----+---++-+++---+--+++-+--,0,True,"[[0.000114, 401.83487555], [0.012213, 398.06008947], [0.013435, 394.48723], [0.015308, 355.42556573], [0.102311, 345.10061668]]",32,quantum,1,
precond_pen=1.100,40,-2.1744934275450074,345.21697530059544,1.1,2,61.10108399391174,10.93773603439331,0.0,1110111110001010010001001110001001110100,+++-+++++---+-+--+---+--+++---+--+++-+--,0,True,"[[0.000112, 401.83487555], [0.015212, 382.58808463], [0.016394, 345.25281972], [10.937736, 345.2169753]]",32,quantum,1,
precond_pen=1.200,40,-1.9820951378519869,345.21697530059544,1.2,2,56.55744194984436,17.5801260471344,0.0,1110111110001010010001001110001001110100,+++-+++++---+-+--+---+--+++---+--+++-+--,0,True,"[[0.000117, 401.83487555], [0.014764, 382.42364556], [0.015699, 345.25281972], [17.580126, 345.2169753]]",32,quantum,1,
precond_pen=1.300,40,-1.8278247735459807,345.21697530059544,1.3,2,59.96975803375244,0.01669001579284668,0.0,1110111110001010010001001110001001110100,+++-+++++---+-+--+---+--+++---+--+++-+--,0,True,"[[0.000113, 401.83487555], [0.015214, 396.97745027], [0.01669, 345.2169753]]",32,quantum,1,
precond_pen=1.400,40,-1.7013157293489929,345.21697530059544,1.4,2,57.87927222251892,9.53868818283081,0.0,1110111110001010010001001110001001110100,+++-+++++---+-+--+---+--+++---+--+++-+--,0,True,"[[0.00011, 401.83487555], [0.014863, 388.29082046], [0.015797, 345.25281972], [9.538688, 345.2169753]]",32,quantum,1,
precond_pen=1.500,40,-1.5956594978609964,345.21697530059544,1.5,2,65.27185392379761,0.016464948654174805,0.0,1110111110001010010001001110001001110100,+++-+++++---+-+--+---+--+++---+--+++-+--,0,True,"[[0.000116, 401.83487555], [0.014984, 391.32716223], [0.016465, 345.2169753]]",32,quantum,1,
precond_pen=1.600,40,-1.5062283560340113,345.1006166761897,1.6,2,64.1046838760376,0.016505002975463867,0.0,1110111110001000010001101110001001110100,+++-+++++---+----+---++-+++---+--+++-+--,0,True,"[[0.000112, 401.83487555], [0.014753, 391.80422058], [0.016505, 345.10061668]]",32,quantum,1,
precond_pen=1.700,40,-1.4294278563089726,345.1006166761897,1.7,2,58.31625699996948,0.015731096267700195,0.0,1110111110001000010001101110001001110100,+++-+++++---+----+---++-+++---+--+++-+--,0,True,"[[0.000118, 401.83487555], [0.014491, 384.86554623], [0.015731, 345.10061668]]",32,quantum,1,
precond_pen=1.800,40,-1.3627279508519887,345.1006166761897,1.8,2,58.1723051071167,0.015030145645141602,0.0,1110111110001000010001101110001001110100,+++-+++++---+----+---++-+++---+--+++-+--,0,True,"[[0.00011, 401.83487555], [0.013033, 399.57978395], [0.013536, 399.53651539], [0.014093, 393.21556941], [0.01503, 345.10061668]]",32,quantum,1,
precond_pen=1.900,40,-1.3042525700069962,345.1006166761897,1.9,2,59.42239809036255,0.01664900779724121,0.0,1110111110001000010001101110001001110100,+++-+++++---+----+---++-+++---+--+++-+--,0,True,"[[0.000115, 401.83487555], [0.014898, 391.80422058], [0.016649, 345.10061668]]",32,quantum,1,
precond_pen=2.000,40,-1.2525645034409898,345.1006166761897,2.0,2,82.61227512359619,8.459382057189941,0.0,1110111110001000010001101110001001110100,+++-+++++---+----+---++-+++---+--+++-+--,0,True,"[[0.000116, 401.83487555], [0.01419, 391.15379137], [0.015455, 352.13035223], [0.058313, 345.25281972], [6.74704, 345.2169753], [8.459382, 345.10061668]]",32,quantum,1,
baseline,40,341.25507245306744,341.25507245306613,,2,80.50020909309387,12.64303207397461,0.0,1001010110101111000100001000001110011111,+--+-+-++-+-++++---+----+-----+++--+++++,0,True,"[[0.000122, 393.3535881], [0.012459, 393.14909475], [0.013778, 388.38819493], [0.016014, 343.75595738], [9.927876, 342.86491122], [11.880856, 342.68745162], [12.643032, 341.25507245]]",33,quantum,1,
precond_pen=1.100,40,-2.0781819231009937,341.25507245306613,1.1,2,56.00883507728577,39.73414921760559,0.0,0110101001010000111011110111110001100000,-++-+-+--+-+----+++-++++-+++++---++-----,0,True,"[[0.000108, 393.3535881], [0.015533, 360.69556673], [0.01686, 342.86491122], [39.734149, 341.25507245], [56.007791, 341.25507245]]",33,quantum,1,
precond_pen=1.200,40,-1.8976956481069962,341.25507245306613,1.2,2,60.94504499435425,0.017091035842895508,0.0,1001010110101111000100001000001110011111,+--+-+-++-+-++++---+----+-----+++--+++++,0,True,"[[0.000126, 393.3535881], [0.015066, 374.50329822], [0.017091, 341.25507245]]",33,quantum,1,
precond_pen=1.300,40,-1.7526837349429982,341.25507245306613,1.3,2,66.62708306312561,12.94478702545166,0.0,1001010110101111000100001000001110011111,+--+-+-++-+-++++---+----+-----+++--+++++,0,True,"[[0.000107, 393.3535881], [0.015708, 361.77680775], [0.016748, 345.53243059], [10.578858, 344.7264098], [10.579216, 344.4247175], [12.144994, 344.06685567], [12.944787, 341.25507245]]",33,quantum,1,
precond_pen=1.400,40,-1.6335796416080388,341.25507245306613,1.4,2,65.08407211303711,0.016755104064941406,0.0,1001010110101111000100001000001110011111,+--+-+-++-+-++++---+----+-----+++--+++++,0,True,"[[0.000111, 393.3535881], [0.014722, 369.21111078], [0.016755, 341.25507245]]",33,quantum,1,
precond_pen=1.500,40,-1.5339830272409998,341.25507245306613,1.5,2,66.65140795707703,5.551374912261963,0.0,1001010110101111000100001000001110011111,+--+-+-++-+-++++---+----+-----+++--+++++,0,True,"[[0.000119, 393.3535881], [0.013448, 387.87863962], [0.014489, 384.78465589], [0.015093, 368.71312891], [0.016102, 343.90844182], [0.057844, 342.86491122], [5.551375, 341.25507245]]",33,quantum,1,
precond_pen=1.600,40,-1.4494472758129877,341.25507245306613,1.6,2,62.56229591369629,8.675950050354004,0.0,0110101001010000111011110111110001100000,-++-+-+--+-+----+++-++++-+++++---++-----,0,True,"[[0.000106, 393.3535881], [0.014084, 369.55148374], [0.015121, 343.90844182], [8.67595, 341.25507245]]",33,quantum,1,
precond_pen=1.700,40,-1.3767855461800131,341.25507245306613,1.7,2,59.90145206451416,20.40961503982544,0.0,1001010110101111000100001000001110011111,+--+-+-++-+-++++---+----+-----+++--+++++,0,True,"[[0.000112, 393.3535881], [0.01358, 374.77148802], [0.014537, 343.90844182], [7.496934, 342.86491122], [17.445235, 342.68745162], [20.409615, 341.25507245]]",33,quantum,1,
precond_pen=1.800,40,-1.3136528586050087,341.25507245306613,1.8,2,72.03662705421448,44.72400403022766,0.0,1001010110101111000100001000001110011111,+--+-+-++-+-++++---+----+-----+++--+++++,0,True,"[[0.000109, 393.3535881], [0.014446, 365.82015374], [0.015472, 343.90844182], [44.561871, 342.86491122], [44.56221, 342.68745162], [44.724004, 341.25507245], [72.035636, 341.25507245]]",33,quantum,1,
precond_pen=1.900,40,-1.2582852049579962,341.25507245306613,1.9,2,66.06896996498108,0.01600193977355957,0.0,1001010110101111000100001000001110011111,+--+-+-++-+-++++---+----+-----+++--+++++,0,True,"[[0.000111, 393.3535881], [0.013956, 371.54501907], [0.016002, 341.25507245]]",33,quantum,1,
precond_pen=2.000,40,-1.2093296078609974,341.25507245306613,2.0,2,61.83750605583191,37.85869812965393,0.0,0110101001010000111011110111110001100000,-++-+-+--+-+----+++-++++-+++++---++-----,0,True,"[[0.000117, 393.3535881], [0.014092, 368.71312891], [0.015089, 343.90844182], [18.384086, 343.75595738], [37.858698, 341.25507245], [61.836602, 341.25507245]]",33,quantum,1,
baseline,40,354.4041640350061,354.40416403500564,,2,64.89259815216064,0.01447916030883789,0.0,1001101111100011100111010010111000010000,+--++-+++++---+++--+++-+--+-+++----+----,0,True,"[[0.000125, 398.91906992], [0.012115, 394.94392264], [0.012881, 393.90706174], [0.014479, 354.40416404]]",34,quantum,1,
precond_pen=1.100,40,-2.1568970210679765,354.40416403500564,1.1,2,74.35831499099731,0.05828285217285156,0.0,1001101111100011100111010010111000010000,+--++-+++++---+++--+++-+--+-+++----+----,0,True,"[[0.000112, 398.91906992], [0.016213, 390.56311434], [0.017451, 363.05459577], [0.058283, 354.40416404]]",34,quantum,1,
precond_pen=1.200,40,-1.9650194649830013,354.40416403500564,1.2,2,63.46479105949402,0.016247987747192383,0.0,1001101111100011100111010010111000010000,+--++-+++++---+++--+++-+--+-+++----+----,0,True,"[[0.000108, 398.91906992], [0.016248, 354.40416404]]",34,quantum,1,
precond_pen=1.300,40,-1.811406792351013,354.40416403500564,1.3,2,54.20265507698059,0.01587510108947754,0.0,1001101111100011100111010010111000010000,+--++-+++++---+++--+++-+--+-+++----+----,0,True,"[[0.000108, 398.91906992], [0.015875, 354.40416404]]",34,quantum,1,
precond_pen=1.400,40,-1.685596592307995,354.40416403500564,1.4,2,61.068150997161865,0.058892011642456055,0.0,1001101111100011100111010010111000010000,+--++-+++++---+++--+++-+--+-+++----+----,0,True,"[[0.000115, 398.91906992], [0.01399, 398.44404846], [0.015171, 363.05459577], [0.058892, 354.40416404]]",34,quantum,1,
precond_pen=1.500,40,-1.5806344035960098,354.40416403500564,1.5,2,59.13388800621033,0.016635894775390625,0.0,1001101111100011100111010010111000010000,+--++-+++++---+++--+++-+--+-+++----+----,0,True,"[[0.000241, 398.91906992], [0.016636, 354.40416404]]",34,quantum,1,
precond_pen=1.600,40,-1.491714028182015,354.40416403500564,1.6,2,58.25480008125305,9.537783145904541,0.0,1001101111100011100111010010111000010000,+--++-+++++---+++--+++-+--+-+++----+----,0,True,"[[0.000107, 398.91906992], [0.018907, 397.92149524], [0.021712, 364.28301293], [0.09201, 363.05459577], [5.274683, 362.25618577], [9.375005, 359.85858157], [9.375292, 358.95733472], [9.537415, 358.10200512], [9.53762, 357.47315167], [9.537783, 354.40416404]]",34,quantum,1,
precond_pen=1.700,40,-1.4154057176910069,354.40416403500564,1.7,2,56.8847918510437,0.01622486114501953,0.0,0110010000011100011000101101000111101111,-++--+-----+++---++---+-++-+---++++-++++,0,True,"[[0.00011, 398.91906992], [0.01417, 388.90129352], [0.016225, 354.40416404]]",34,quantum,1,
precond_pen=1.800,40,-1.349194989358983,354.40416403500564,1.8,2,59.13732314109802,24.796218156814575,0.0,0110010000011100011000101101000111101111,-++--+-----+++---++---+-++-+---++++-++++,0,True,"[[0.000114, 398.91906992], [0.013921, 392.71100669], [0.015459, 355.09702642], [23.664785, 354.6298864], [24.796218, 354.40416404]]",34,quantum,1,
precond_pen=1.900,40,-1.2911960585829743,354.40416403500564,1.9,2,64.62277793884277,0.01553201675415039,0.0,0110010000011100011000101101000111101111,-++--+-----+++---++---+-++-+---++++-++++,0,True,"[[0.000122, 398.91906992], [0.014229, 396.46979951], [0.015532, 354.40416404]]",34,quantum,1,
precond_pen=2.000,40,-1.2399662422569993,354.40416403500564,2.0,2,54.1780219078064,5.7084128856658936,0.0,0110010000011100011000101101000111101111,-++--+-----+++---++---+-++-+---++++-++++,0,True,"[[0.000117, 398.91906992], [0.013968, 397.82426685], [0.015426, 360.23776522], [5.290231, 355.82229868], [5.708413, 354.40416404]]",34,quantum,1,
baseline,40,333.50044640952,333.5004464095197,,2,48.69372296333313,0.01562786102294922,0.0,1011001110001110101101000101110100010010,+-++--+++---+++-+-++-+---+-+++-+---+--+-,0,True,"[[0.000117, 390.61299056], [0.012576, 388.23844306], [0.013481, 386.95869358], [0.015628, 333.50044641]]",35,quantum,1,
precond_pen=1.100,40,-2.301197174495,333.5004464095197,1.1,2,57.9227979183197,0.015666961669921875,0.0,1011001110001110101101000101110100010010,+-++--+++---+++-+-++-+---+-+++-+---+--+-,0,True,"[[0.000118, 390.61299056], [0.014422, 373.23678163], [0.015667, 333.50044641]]",35,quantum,1,
precond_pen=1.200,40,-2.0962600039459787,333.5004464095197,1.2,2,56.79313802719116,0.01609206199645996,0.0,0100110001110001010010111010001011101101,-+--++---+++---+-+--+-+++-+---+-+++-++-+,0,True,"[[0.000115, 390.61299056], [0.014232, 374.61305591], [0.016092, 333.50044641]]",35,quantum,1,
precond_pen=1.300,40,-1.9316688563160103,333.5004464095197,1.3,2,57.35312819480896,0.015433073043823242,0.0,1011001110001110101101000101110100010010,+-++--+++---+++-+-++-+---+-+++-+---+--+-,0,True,"[[0.000126, 390.61299056], [0.014198, 378.51803345], [0.015433, 333.50044641]]",35,quantum,1,
precond_pen=1.400,40,-1.7965263540090106,333.5004464095197,1.4,2,59.88661003112793,0.016064882278442383,0.0,1011001110001110101101000101110100010010,+-++--+++---+++-+-++-+---+-+++-+---+--+-,0,True,"[[0.000108, 390.61299056], [0.014559, 373.27486622], [0.016065, 333.50044641]]",35,quantum,1,
precond_pen=1.500,40,-1.6835471577340044,333.5004464095197,1.5,2,65.61580204963684,0.01580500602722168,0.0,0100110001110001010010111010001011101101,-+--++---+++---+-+--+-+++-+---+-+++-++-+,0,True,"[[0.00011, 390.61299056], [0.01391, 371.38348374], [0.015805, 333.50044641]]",35,quantum,1,
precond_pen=1.600,40,-1.5876724185030167,333.5004464095197,1.6,2,66.58627414703369,0.015413999557495117,0.0,1011001110001110101101000101110100010010,+-++--+++---+++-+-++-+---+-+++-+---+--+-,0,True,"[[0.000116, 390.61299056], [0.014154, 375.72818035], [0.015414, 333.50044641]]",35,quantum,1,
precond_pen=1.700,40,-1.5052785115920155,333.5004464095197,1.7,2,51.37915396690369,0.01528787612915039,0.0,1011001110001110101101000101110100010010,+-++--+++---+++-+-++-+---+-+++-+---+--+-,0,True,"[[0.000125, 390.61299056], [0.013775, 381.10721068], [0.015288, 333.50044641]]",35,quantum,1,
precond_pen=1.800,40,-1.4337002000500156,333.5004464095197,1.8,2,69.72885513305664,0.05788421630859375,0.0,1011001110001110101101000101110100010010,+-++--+++---+++-+-++-+---+-+++-+---+--+-,0,True,"[[0.000121, 390.61299056], [0.012476, 372.04997706], [0.013965, 369.79582202], [0.01523, 337.39565014], [0.057884, 333.50044641]]",35,quantum,1,
precond_pen=1.900,40,-1.3709333428420116,333.5004464095197,1.9,2,65.494619846344,0.05596590042114258,0.0,1011001110001110101101000101110100010010,+-++--+++---+++-+-++-+---+-+++-+---+--+-,0,True,"[[0.000125, 390.61299056], [0.013911, 379.08733973], [0.015132, 346.99703926], [0.055966, 333.50044641]]",35,quantum,1,
precond_pen=2.000,40,-1.3154411181250047,333.5004464095197,2.0,2,59.80052900314331,0.05553483963012695,0.0,0100110001110001010010111010001011101101,-+--++---+++---+-+--+-+++-+---+-+++-++-+,0,True,"[[0.000113, 390.61299056], [0.011994, 367.56181079], [0.015216, 342.41860066], [0.055535, 333.50044641]]",35,quantum,1,
baseline,40,357.03525787259036,357.03525787259133,,2,67.89053583145142,0.10547184944152832,0.0,1011011001001011101010101100001010001101,+-++-++--+--+-+++-+-+-+-++----+-+---++-+,0,True,"[[0.000108, 397.98293173], [0.011945, 396.04224409], [0.014127, 396.02238279], [0.016384, 369.07444997], [0.10403, 359.03101058], [0.105259, 358.10333596], [0.105472, 357.03525787]]",36,quantum,1,
precond_pen=1.100,40,-2.126435623234018,357.03525787259133,1.1,2,55.97802686691284,0.017412900924682617,0.0,1011011001001011101010101100001010001101,+-++-++--+--+-+++-+-+-+-++----+-+---++-+,0,True,"[[0.000114, 397.98293173], [0.017413, 357.03525787]]",36,quantum,1,
precond_pen=1.200,40,-1.940953663134005,357.03525787259133,1.2,2,49.25679588317871,0.0164639949798584,0.0,1011011001001011101010101100001010001101,+-++-++--+--+-+++-+-+-+-++----+-+---++-+,0,True,"[[0.000118, 397.98293173], [0.016464, 357.03525787]]",36,quantum,1,
precond_pen=1.300,40,-1.7918639084179926,357.03525787259133,1.3,2,58.87278199195862,0.01689600944519043,0.0,1011011001001011101010101100001010001101,+-++-++--+--+-+++-+-+-+-++----+-+---++-+,0,True,"[[0.00011, 397.98293173], [0.016896, 357.03525787]]",36,quantum,1,
precond_pen=1.400,40,-1.6693731442840196,357.03525787259133,1.4,2,59.348063945770264,0.016827821731567383,0.0,1011011001001011101010101100001010001101,+-++-++--+--+-+++-+-+-+-++----+-+---++-+,0,True,"[[0.000115, 397.98293173], [0.016828, 357.03525787]]",36,quantum,1,
precond_pen=1.500,40,-1.5669216786279883,357.03525787259133,1.5,2,65.60801410675049,0.016505956649780273,0.0,1011011001001011101010101100001010001101,+-++-++--+--+-+++-+-+-+-++----+-+---++-+,0,True,"[[0.000164, 397.98293173], [0.016506, 357.03525787]]",36,quantum,1,
precond_pen=1.600,40,-1.4799483553620227,357.03525787259133,1.6,2,67.19114017486572,0.01605510711669922,0.0,1011011001001011101010101100001010001101,+-++-++--+--+-+++-+-+-+-++----+-+---++-+,0,True,"[[0.000118, 397.98293173], [0.016055, 357.03525787]]",36,quantum,1,
precond_pen=1.700,40,-1.4051820186429929,357.03525787259133,1.7,2,63.370569944381714,0.016185998916625977,0.0,1011011001001011101010101100001010001101,+-++-++--+--+-+++-+-+-+-++----+-+---++-+,0,True,"[[0.000118, 397.98293173], [0.016186, 357.03525787]]",36,quantum,1,
precond_pen=1.800,40,-1.3402145477219811,357.03525787259133,1.8,2,57.99792790412903,0.01916790008544922,0.0,1011011001001011101010101100001010001101,+-++-++--+--+-+++-+-+-+-++----+-+---++-+,0,True,"[[0.000115, 397.98293173], [0.019168, 357.03525787]]",36,quantum,1,
precond_pen=1.900,40,-1.2832333878490232,357.03525787259133,1.9,2,61.50940990447998,0.018745899200439453,0.0,1011011001001011101010101100001010001101,+-++-++--+--+-+++-+-+-+-++----+-+---++-+,0,True,"[[0.000114, 397.98293173], [0.018746, 357.03525787]]",36,quantum,1,
precond_pen=2.000,40,-1.2328480520790244,357.03525787259133,2.0,2,65.94043302536011,0.01594710350036621,0.0,1011011001001011101010101100001010001101,+-++-++--+--+-+++-+-+-+-++----+-+---++-+,0,True,"[[0.000132, 397.98293173], [0.015947, 357.03525787]]",36,quantum,1,
baseline,40,343.9492948062088,343.9492948062087,,2,117.43060898780823,0.01418304443359375,0.0,0010111110000110111100010110101000101100,--+-+++++----++-++++---+-++-+-+---+-++--,0,True,"[[0.000125, 382.28426659], [0.014183, 343.94929481], [117.429587, 343.94929481]]",37,quantum,1,
precond_pen=1.100,40,-2.1482712685480116,343.9492948062087,1.1,2,54.78587317466736,0.016566038131713867,0.0,0010111110000110111100010110101000101100,--+-+++++----++-++++---+-++-+-+---+-++--,0,True,"[[0.000112, 382.28426659], [0.016566, 343.94929481]]",37,quantum,1,
precond_pen=1.200,40,-1.9598539715489913,343.9492948062087,1.2,2,58.69703722000122,7.036381006240845,0.0,1101000001111001000011101001010111010011,++-+-----++++--+----+++-+--+-+-+++-+--++,0,True,"[[0.00011, 382.28426659], [0.01508, 379.25081781], [0.016082, 347.58652043], [0.057883, 345.35828428], [7.036087, 344.25962948], [7.036381, 343.94929481], [58.695989, 343.94929481]]",37,quantum,1,
precond_pen=1.300,40,-1.808579378244005,343.9492948062087,1.3,2,55.18185877799988,8.180323839187622,0.0,1101000001111001000011101001010111010011,++-+-----++++--+----+++-+--+-+-+++-+--++,0,True,"[[0.000109, 382.28426659], [0.014692, 380.48812126], [0.01648, 345.20159335], [7.611328, 344.90139686], [7.875857, 344.7664367], [8.180324, 343.94929481]]",37,quantum,1,
precond_pen=1.400,40,-1.6843960925030288,343.9492948062087,1.4,2,59.77130889892578,7.268697023391724,0.0,0010111110000110111100010110101000101100,--+-+++++----++-++++---+-++-+-+---+-++--,0,True,"[[0.000111, 382.28426659], [0.014606, 380.8200662], [0.015676, 350.14988064], [0.059806, 345.40489293], [7.268697, 343.94929481]]",37,quantum,1,
precond_pen=1.500,40,-1.5805917352419971,343.9492948062087,1.5,2,65.01774597167969,5.819224834442139,0.0,1101000001111001000011101001010111010011,++-+-----++++--+----+++-+--+-+-+++-+--++,0,True,"[[0.000103, 382.28426659], [0.014078, 379.85488344], [0.015327, 349.8681142], [0.074196, 345.40489293], [5.454917, 344.04459431], [5.819225, 343.94929481]]",37,quantum,1,
precond_pen=1.600,40,-1.4925093040550017,343.9492948062087,1.6,2,67.5136148929596,0.07436490058898926,0.0,1101000001111001000011101001010111010011,++-+-----++++--+----+++-+--+-+-+++-+--++,0,True,"[[0.00012, 382.28426659], [0.014318, 378.57302842], [0.015386, 352.51625907], [0.074365, 343.94929481]]",37,quantum,1,
precond_pen=1.700,40,-1.4168145286980032,343.9492948062087,1.7,2,67.10690402984619,8.543446063995361,0.0,0010111110000110111100010110101000101100,--+-+++++----++-++++---+-++-+-+---+-++--,0,True,"[[0.00012, 382.28426659], [0.014397, 378.57302842], [0.015477, 352.51625907], [0.057128, 351.28984825], [5.466762, 351.27291476], [7.673746, 345.20159335], [8.245618, 344.84900589], [8.543446, 343.94929481]]",37,quantum,1,
precond_pen=1.800,40,-1.3510571918900016,343.9492948062087,1.8,2,57.08918309211731,0.015264034271240234,0.0,1101000001111001000011101001010111010011,++-+-----++++--+----+++-+--+-+-+++-+--++,0,True,"[[0.00011, 382.28426659], [0.013655, 380.88133277], [0.015264, 343.94929481]]",37,quantum,1,
precond_pen=1.900,40,-1.293394385522026,343.9492948062087,1.9,2,68.80829215049744,9.291408061981201,0.0,1101000001111001000011101001010111010011,++-+-----++++--+----+++-+--+-+-+++-+--++,0,True,"[[0.000107, 382.28426659], [0.013941, 378.57302842], [0.015023, 352.51625907], [0.074032, 346.71213625], [9.291408, 343.94929481]]",37,quantum,1,
precond_pen=2.000,40,-1.2424139448120002,343.9492948062087,2.0,2,64.25362706184387,59.07309603691101,0.0,0010111110000110111100010110101000101100,--+-+++++----++-++++---+-++-+-+---+-++--,0,True,"[[0.000112, 382.28426659], [0.013891, 376.71668361], [0.015189, 345.20159335], [59.073096, 343.94929481]]",37,quantum,1,
baseline,40,346.5629082650207,346.5629082650212,,2,98.61453199386597,42.27681112289429,0.0,0111101010001000011010111101111000010010,-++++-+-+---+----++-+-++++-++++----+--+-,0,True,"[[0.000109, 395.51823456], [0.012009, 394.19238759], [0.01309, 387.64620908], [0.015361, 347.65409198], [16.355035, 347.44249485], [20.002161, 346.66085584], [42.276811, 346.56290827], [98.613587, 346.56290827]]",38,quantum,1,
precond_pen=1.100,40,-2.076892927727,346.6608558362167,1.1,2,62.600860834121704,8.7376868724823,0.0,0000100101111111101101000010010010101101,----+--+-++++++++-++-+----+--+--+-+-++-+,0,True,"[[0.000113, 395.51823456], [0.014971, 376.42604647], [0.016189, 351.65332058], [4.454909, 350.29357851], [7.384237, 349.79991121], [8.147448, 347.78675068], [8.388795, 347.75217264], [8.737687, 346.66085584]]",38,quantum,1,
precond_pen=1.200,40,-1.8964944228349907,346.6608558362167,1.2,2,64.33597803115845,0.0161590576171875,0.0,0000100101111111101101000010010010101101,----+--+-++++++++-++-+----+--+--+-+-++-+,0,True,"[[0.000109, 395.51823456], [0.014672, 373.10447088], [0.016159, 346.66085584]]",38,quantum,1,
precond_pen=1.300,40,-1.7515821714470015,346.6608558362167,1.3,2,66.31975603103638,38.12919092178345,0.0,1111011010000000010010111101101101010010,++++-++-+--------+--+-++++-++-++-+-+--+-,0,True,"[[0.000114, 395.51823456], [0.01434, 384.83757236], [0.015795, 347.20747275], [38.129191, 346.56290827], [47.394958, 346.66085584]]",38,quantum,1,
precond_pen=1.400,40,-1.6325768232510018,346.6608558362167,1.4,2,67.80408716201782,47.751163959503174,0.0,1111011010000000010010111101101101010010,++++-++-+--------+--+-++++-++-++-+-+--+-,0,True,"[[0.000109, 395.51823456], [0.014397, 376.65987051], [0.015449, 348.11805353], [9.444333, 348.11977071], [10.321974, 347.83604659], [10.61603, 347.71682533], [47.751164, 346.66085584]]",38,quantum,1,
precond_pen=1.500,40,-1.5330725536760283,346.6608558362167,1.5,2,66.92547798156738,0.016360044479370117,0.0,0000100101111111101101000010010010101101,----+--+-++++++++-++-+----+--+--+-+-++-+,0,True,"[[0.000116, 395.51823456], [0.014889, 373.74068986], [0.01636, 346.66085584]]",38,quantum,1,
precond_pen=1.600,40,-1.4486208439910033,346.6608558362167,1.6,2,76.06410193443298,7.715322017669678,0.0,1111011010000000010010111101101101010010,++++-++-+--------+--+-++++-++-++-+-+--+-,0,True,"[[0.000113, 395.51823456], [0.014598, 377.55047734], [0.015571, 349.65036438], [6.736038, 348.48566133], [7.715322, 346.66085584]]",38,quantum,1,
precond_pen=1.700,40,-1.376034468555,346.6608558362167,1.7,2,77.33079695701599,60.01130294799805,0.0,0000100101111111101101000010010010101101,----+--+-++++++++-++-+----+--+--+-+-++-+,0,True,"[[0.000113, 395.51823456], [0.014664, 379.22373223], [0.016154, 349.65036438], [0.061876, 347.65409198], [14.681085, 347.71682533], [52.407132, 347.44249485], [57.289683, 347.16990062], [60.011303, 346.66085584]]",38,quantum,1,
precond_pen=1.800,40,-1.312997114385988,346.5629082650212,1.8,2,76.1949028968811,0.059391021728515625,0.0,0111101010001000011010111101111000010010,-++++-+-+---+----++-+-++++-++++----+--+-,0,True,"[[0.000113, 395.51823456], [0.014368, 381.4815988], [0.015565, 349.77000951], [0.059391, 346.56290827]]",38,quantum,1,
precond_pen=1.900,40,-1.257789707361999,346.5629082650212,1.9,2,71.1748399734497,56.5323429107666,0.0,0111101010001000011010111101111000010010,-++++-+-+---+----++-+-++++-++++----+--+-,0,True,"[[0.000116, 395.51823456], [0.014368, 374.21358425], [0.015843, 347.65083792], [0.057972, 347.71682533], [10.156366, 347.44249485], [19.85761, 346.66085584], [56.532343, 346.56290827]]",38,quantum,1,
precond_pen=2.000,40,-1.2089651563069985,346.5629082650212,2.0,2,74.86125898361206,67.59140706062317,0.0,1000010101110111100101000010000111101101,+----+-+-+++-++++--+-+----+----++++-++-+,0,True,"[[0.000109, 395.51823456], [0.013908, 388.29303325], [0.015378, 346.66085584], [67.591407, 346.56290827]]",38,quantum,1,
baseline,40,341.91054901872445,341.91054901872553,,2,41.37925696372986,0.10510015487670898,0.0,1010000001110001010111110110111010001001,+-+------+++---+-+-+++++-++-+++-+---+--+,0,True,"[[0.000109, 399.90727007], [0.012698, 391.87664011], [0.016073, 344.46434498], [0.1051, 341.91054902]]",39,quantum,1,
precond_pen=1.100,40,-2.3483389889929764,341.91054901872553,1.1,2,44.31883192062378,0.015925884246826172,0.0,0101111110001110101000001001000101110110,-+-++++++---+++-+-+-----+--+---+-+++-++-,0,True,"[[0.000112, 399.90727007], [0.014499, 387.47417712], [0.015926, 341.91054902]]",39,quantum,1,
precond_pen=1.200,40,-2.138289837811991,341.91054901872553,1.2,2,47.76602506637573,13.175672054290771,0.0,0101111110001110101000001001000101110110,-+-++++++---+++-+-+-----+--+---+-+++-++-,0,True,"[[0.000145, 399.90727007], [0.015109, 392.77446371], [0.016893, 344.18129318], [12.316443, 344.15279076], [13.175672, 341.91054902]]",39,quantum,1,
precond_pen=1.300,40,-1.9696072580110098,341.91054901872553,1.3,2,40.96971797943115,0.015864849090576172,0.0,0101111110001110101000001001000101110110,-+-++++++---+++-+-+-----+--+---+-+++-++-,0,True,"[[0.000127, 399.90727007], [0.014442, 393.36668716], [0.015865, 341.91054902]]",39,quantum,1,
precond_pen=1.400,40,-1.8311122040509886,341.91054901872553,1.4,2,43.396198987960815,10.44394588470459,0.0,0101111110001110101000001001000101110110,-+-++++++---+++-+-+-----+--+---+-+++-++-,0,True,"[[0.000112, 399.90727007], [0.014182, 398.31811], [0.01561, 344.18129318], [10.443946, 341.91054902]]",39,quantum,1,
precond_pen=1.500,40,-1.7153334592559926,341.91054901872553,1.5,2,41.75867199897766,0.015241861343383789,0.0,0101111110001110101000001001000101110110,-+-++++++---+++-+-+-----+--+---+-+++-++-,0,True,"[[0.000112, 399.90727007], [0.013814, 389.69177969], [0.015242, 341.91054902]]",39,quantum,1,
precond_pen=1.600,40,-1.6170845193600165,341.91054901872553,1.6,2,42.47800302505493,0.015119075775146484,0.0,0101111110001110101000001001000101110110,-+-++++++---+++-+-+-----+--+---+-+++-++-,0,True,"[[0.000112, 399.90727007], [0.013694, 383.2682114], [0.015119, 341.91054902]]",39,quantum,1,
precond_pen=1.700,40,-1.5326506442000056,341.91054901872553,1.7,2,45.727142095565796,10.966381072998047,0.0,0101111110001110101000001001000101110110,-+-++++++---+++-+-+-----+--+---+-+++-++-,0,True,"[[0.00011, 399.90727007], [0.013714, 397.29758174], [0.0154, 344.18129318], [3.795901, 344.15279076], [10.966381, 341.91054902]]",39,quantum,1,
precond_pen=1.800,40,-1.4593000375010021,341.91054901872553,1.8,2,47.09894895553589,21.53934097290039,0.0,1010000001110001010111110110111010001001,+-+------+++---+-+-+++++-++-+++-+---+--+,0,True,"[[0.000116, 399.90727007], [0.013766, 390.88601214], [0.015291, 344.15279076], [21.539341, 341.91054902], [47.098032, 341.91054902]]",39,quantum,1,
precond_pen=1.900,40,-1.3949786581969743,341.91054901872553,1.9,2,47.05024290084839,0.05724501609802246,0.0,0101111110001110101000001001000101110110,-+-++++++---+++-+-+-----+--+---+-+++-++-,0,True,"[[0.000109, 399.90727007], [0.013515, 398.788457], [0.01517, 344.18129318], [0.057245, 341.91054902]]",39,quantum,1,
precond_pen=2.000,40,-1.3381115761489806,341.91054901872553,2.0,2,62.55040979385376,55.096131801605225,0.0,0101111110001110101000001001000101110110,-+-++++++---+++-+-+-----+--+---+-+++-++-,0,True,"[[0.00011, 399.90727007], [0.013358, 387.26403189], [0.014529, 344.46434498], [8.509366, 344.18129318], [13.875365, 344.15279076], [55.096132, 341.91054902], [62.545539, 341.91054902]]",39,quantum,1,
baseline,40,349.04853518738093,349.04853518738093,,2,106.75186586380005,1.3990399837493896,0.0,1101101000100010001101001101111010101001,++-++-+---+---+---++-+--++-++++-+-+-+--+,0,True,"[[0.000113, 408.1006059], [0.012034, 394.52854806], [0.015638, 349.59048651], [1.363979, 349.52328016], [1.39904, 349.04853519], [106.750803, 349.04853519]]",40,quantum,1,
precond_pen=1.100,40,-2.0285685747510094,349.04853518738093,1.1,2,72.79406309127808,19.23679804801941,0.0,1101101000100010001101001101111010101001,++-++-+---+---+---++-+--++-++++-+-+-+--+,0,True,"[[0.000112, 408.1006059], [0.0142, 378.55653564], [0.015459, 350.22506696], [14.416598, 350.29540434], [15.440707, 349.52328016], [19.236798, 349.04853519]]",40,quantum,1,
precond_pen=1.200,40,-1.8530825820890175,349.04853518738093,1.2,2,76.1879608631134,17.5867018699646,0.0,0010010111011101110010110010000101010110,--+--+-+++-+++-+++--+-++--+----+-+-+-++-,0,True,"[[0.000115, 408.1006059], [0.01497, 384.51235629], [0.016454, 350.58669578], [0.090918, 349.5562074], [16.38242, 349.43424342], [17.586702, 349.04853519]]",40,quantum,1,
precond_pen=1.300,40,-1.7121430321700029,349.04853518738093,1.3,2,73.89587712287903,46.25957894325256,0.0,1101101000100010001101001101111010101001,++-++-+---+---+---++-+--++-++++-+-+-+--+,0,True,"[[0.000116, 408.1006059], [0.014453, 388.75054924], [0.015924, 384.91768304], [0.017145, 351.39966834], [7.463413, 350.32173764], [7.68962, 350.29540434], [8.306932, 349.5562074], [45.701518, 349.52328016], [46.259579, 349.04853519]]",40,quantum,1,
precond_pen=1.400,40,-1.596421517691006,349.04853518738093,1.4,2,79.8921570777893,1.2464439868927002,0.0,1101101000100010001101001101111010101001,++-++-+---+---+---++-+--++-++++-+-+-+--+,0,True,"[[0.00012, 408.1006059], [0.015082, 385.09085333], [0.016422, 349.59048651], [1.246444, 349.04853519], [79.891059, 349.04853519]]",40,quantum,1,
precond_pen=1.500,40,-1.4996807609549947,349.04853518738093,1.5,2,73.4943859577179,7.7874510288238525,0.0,1101101000100010001101001101111010101001,++-++-+---+---+---++-+--++-++++-+-+-+--+,0,True,"[[0.000118, 408.1006059], [0.013923, 388.10372957], [0.015406, 352.36132368], [5.466667, 349.43424342], [7.787451, 349.04853519]]",40,quantum,1,
precond_pen=1.600,40,-1.417589154445988,349.04853518738093,1.6,2,81.55477094650269,21.824038982391357,0.0,0010010111011101110010110010000101010110,--+--+-+++-+++-+++--+-++--+----+-+-+-++-,0,True,"[[0.000115, 408.1006059], [0.014503, 388.10372957], [0.016022, 352.36132368], [0.060182, 350.22756963], [8.859075, 349.5562074], [17.728066, 349.54355655], [21.824039, 349.04853519], [81.553789, 349.04853519]]",40,quantum,1,
precond_pen=1.700,40,-1.3470433153360144,349.04853518738093,1.7,2,85.77894186973572,0.058001041412353516,0.0,1101101000100010001101001101111010101001,++-++-+---+---+---++-+--++-++++-+-+-+--+,0,True,"[[0.000114, 408.1006059], [0.013956, 389.28959254], [0.01548, 351.63995583], [0.058001, 349.04853519]]",40,quantum,1,
precond_pen=1.800,40,-1.285760892288998,349.04853518738093,1.8,2,82.9256489276886,16.417929887771606,0.0,0010010111011101110010110010000101010110,--+--+-+++-+++-+++--+-++--+----+-+-+-++-,0,True,"[[0.000113, 408.1006059], [0.013696, 381.74979782], [0.014963, 350.22506696], [4.642001, 349.9419184], [15.141393, 349.59048651], [16.417694, 349.54355655], [16.41793, 349.04853519], [82.924643, 349.04853519]]",40,quantum,1,
precond_pen=1.900,40,-1.2320251999870049,349.04853518738093,1.9,2,80.8868510723114,57.471598863601685,0.0,0010010111011101110010110010000101010110,--+--+-+++-+++-+++--+-++--+----+-+-+-++-,0,True,"[[0.000114, 408.1006059], [0.013754, 378.55653564], [0.014991, 350.22506696], [13.327044, 349.88929354], [13.327371, 349.5562074], [57.471599, 349.04853519], [80.885895, 349.04853519]]",40,quantum,1,
precond_pen=2.000,40,-1.1845198857869956,349.04853518738093,2.0,2,82.91239905357361,10.086757183074951,0.0,0010010111011101110010110010000101010110,--+--+-+++-+++-+++--+-++--+----+-+-+-++-,0,True,"[[0.000102, 408.1006059], [0.013622, 381.15272415], [0.014837, 354.00226479], [6.144761, 351.67675587], [6.911965, 350.22506696], [8.317348, 349.623918], [9.234617, 349.62444054], [9.507925, 349.52328016], [10.086757, 349.04853519]]",40,quantum,1,
baseline,40,364.3546925279726,364.35469252797185,,2,107.68281078338623,0.1025388240814209,0.0,0110011101100111011010101100010101010000,-++--+++-++--+++-++-+-+-++---+-+-+-+----,0,True,"[[0.000106, 405.65215627], [0.012729, 405.07843381], [0.013496, 403.7826229], [0.014814, 365.48279942], [0.102539, 364.35469253], [107.681853, 364.35469253]]",41,quantum,1,
precond_pen=1.100,40,-2.125814691424022,364.35469252797185,1.1,2,54.6851270198822,0.016984939575195312,0.0,1001100010011000100101010011101010101111,+--++---+--++---+--+-+-+--+++-+-+-+-++++,0,True,"[[0.000107, 405.65215627], [0.01538, 401.00988787], [0.016985, 364.35469253]]",41,quantum,1,
precond_pen=1.200,40,-1.935649746302973,364.35469252797185,1.2,2,66.29763793945312,0.017035961151123047,0.0,1001100010011000100101010011101010101111,+--++---+--++---+--+-+-+--+++-+-+-+-++++,0,True,"[[0.000114, 405.65215627], [0.015471, 399.93593672], [0.017036, 364.35469253]]",41,quantum,1,
precond_pen=1.300,40,-1.7837043719219992,364.35469252797185,1.3,2,65.13297295570374,0.07685494422912598,0.0,0110011101100111011010101100010101010000,-++--+++-++--+++-++-+-+-++---+-+-+-+----,0,True,"[[0.000115, 405.65215627], [0.015295, 402.46894469], [0.017093, 365.68477583], [0.076855, 364.35469253]]",41,quantum,1,
precond_pen=1.400,40,-1.6594580541439985,364.35469252797185,1.4,2,61.825892210006714,9.964490175247192,0.0,1001100010011000100101010011101010101111,+--++---+--++---+--+-+-+--+++-+-+-+-++++,0,True,"[[0.000104, 405.65215627], [0.015218, 395.32039627], [0.016548, 365.48279942], [9.160235, 364.85202575], [9.478787, 364.80886542], [9.96449, 364.35469253]]",41,quantum,1,
precond_pen=1.500,40,-1.555938453461991,364.35469252797185,1.5,2,81.75761103630066,0.057112932205200195,0.0,0110011101100111011010101100010101010000,-++--+++-++--+++-++-+-+-++---+-+-+-+----,0,True,"[[0.000111, 405.65215627], [0.01467, 401.26013387], [0.015625, 367.08057638], [0.057113, 364.35469253]]",41,quantum,1,
precond_pen=1.600,40,-1.4683386811029973,364.35469252797185,1.6,2,69.02193093299866,0.05849194526672363,0.0,0110011101100111011010101100010101010000,-++--+++-++--+++-++-+-+-++---+-+-+-+----,0,True,"[[0.000105, 405.65215627], [0.014601, 393.82900781], [0.015578, 368.10146376], [0.058492, 364.35469253]]",41,quantum,1,
precond_pen=1.700,40,-1.39323599686999,364.35469252797185,1.7,2,75.13740491867065,0.0739288330078125,0.0,0110011101100111011010101100010101010000,-++--+++-++--+++-++-+-+-++---+-+-+-+----,0,True,"[[0.00012, 405.65215627], [0.014265, 401.50852205], [0.015222, 367.08057638], [0.073929, 364.35469253]]",41,quantum,1,
precond_pen=1.800,40,-1.3281258523890127,364.35469252797185,1.8,2,79.29368090629578,0.05739307403564453,0.0,0110011101100111011010101100010101010000,-++--+++-++--+++-++-+-+-++---+-+-+-+----,0,True,"[[0.000114, 405.65215627], [0.014597, 397.00680412], [0.016145, 368.2979549], [0.057393, 364.35469253]]",41,quantum,1,
precond_pen=1.900,40,-1.271132414483004,364.35469252797185,1.9,2,74.13246417045593,0.015462160110473633,0.0,1001100010011000100101010011101010101111,+--++---+--++---+--+-+-+--+++-+-+-+-++++,0,True,"[[0.000116, 405.65215627], [0.014093, 401.99171015], [0.015462, 364.35469253]]",41,quantum,1,
precond_pen=2.000,40,-1.220823068049011,364.35469252797185,2.0,2,87.27134585380554,0.058424949645996094,0.0,0110011101100111011010101100010101010000,-++--+++-++--+++-++-+-+-++---+-+-+-+----,0,True,"[[0.000115, 405.65215627], [0.014543, 391.31043746], [0.015776, 369.37422248], [0.058425, 364.35469253]]",41,quantum,1,
baseline,40,345.5816837596682,345.58168375966807,,2,108.77899694442749,16.996790885925293,0.0,1111111110000000000111100010110011110000,+++++++++----------++++---+-++--++++----,0,True,"[[0.000115, 393.21205702], [0.011841, 392.66070697], [0.012498, 390.44255807], [0.013016, 390.175295], [0.014251, 348.25543888], [15.877006, 347.91864045], [16.272984, 347.85769226], [16.996791, 345.58168376]]",42,quantum,1,
precond_pen=1.100,40,-2.182407906180991,345.58168375966807,1.1,2,56.543076038360596,12.492588996887207,0.0,1111111110000000000111100010110011110000,+++++++++----------++++---+-++--++++----,0,True,"[[0.000114, 393.21205702], [0.014543, 383.83658067], [0.015808, 351.19536248], [8.442431, 350.90209387], [10.27022, 349.99831439], [12.163521, 348.26532797], [12.492297, 346.36647242], [12.492589, 345.58168376]]",42,quantum,1,
precond_pen=1.200,40,-1.9903679265869894,345.58168375966807,1.2,2,52.05454993247986,9.555570840835571,0.0,1111111110000000000111100010110011110000,+++++++++----------++++---+-++--++++----,0,True,"[[0.00011, 393.21205702], [0.013897, 376.06396206], [0.01545, 351.64538955], [7.160499, 349.99831439], [8.894361, 349.58133816], [9.244564, 346.36647242], [9.555571, 345.58168376]]",42,quantum,1,
precond_pen=1.300,40,-1.8361138971660136,345.58168375966807,1.3,2,60.99793195724487,5.663329124450684,0.0,1111111110000000000111100010110011110000,+++++++++----------++++---+-++--++++----,0,True,"[[0.000104, 393.21205702], [0.014475, 380.27012242], [0.015694, 353.64765803], [4.629042, 352.49996975], [4.996162, 351.18900099], [5.663329, 345.58168376]]",42,quantum,1,
precond_pen=1.400,40,-1.7094474792090164,345.58168375966807,1.4,2,58.4240460395813,20.551643133163452,0.0,1111111110000000000111100010110011110000,+++++++++----------++++---+-++--++++----,0,True,"[[0.000113, 393.21205702], [0.014327, 385.36611995], [0.015497, 348.25543888], [13.028332, 347.92819286], [14.760943, 346.67078699], [15.171992, 346.45897842], [17.611323, 346.36647242], [20.551643, 345.58168376]]",42,quantum,1,
precond_pen=1.500,40,-1.6035479077220014,345.58168375966807,1.5,2,61.61349177360535,10.472700834274292,0.0,0000000001111111111000011101001100001111,---------++++++++++----+++-+--++----++++,0,True,"[[0.000114, 393.21205702], [0.014132, 384.7183119], [0.016191, 351.01240044], [8.868336, 349.9830472], [9.334768, 349.37346328], [9.597124, 348.37229423], [9.597404, 346.45897842], [10.472701, 345.58168376]]",42,quantum,1,
precond_pen=1.600,40,-1.513677697138995,345.58168375966807,1.6,2,60.15926504135132,0.015692949295043945,0.0,1111111110000000000111100010110011110000,+++++++++----------++++---+-++--++++----,0,True,"[[0.000123, 393.21205702], [0.014204, 385.02596835], [0.015693, 345.58168376]]",42,quantum,1,
precond_pen=1.700,40,-1.4364422474729874,345.58168375966807,1.7,2,62.26449489593506,0.05687689781188965,0.0,1111111110000000000111100010110011110000,+++++++++----------++++---+-++--++++----,0,True,"[[0.000116, 393.21205702], [0.014274, 379.73135648], [0.015539, 353.03069085], [0.056877, 345.58168376]]",42,quantum,1,
precond_pen=1.800,40,-1.3693447019750025,345.58168375966807,1.8,2,60.12122201919556,0.07934689521789551,0.0,1111111110000000000111100010110011110000,+++++++++----------++++---+-++--++++----,0,True,"[[0.000121, 393.21205702], [0.014167, 379.73135648], [0.015401, 353.03069085], [0.079347, 345.58168376]]",42,quantum,1,
precond_pen=1.900,40,-1.3105069751039906,345.58168375966807,1.9,2,68.87585687637329,10.745774030685425,0.0,1111111110000000000111100010110011110000,+++++++++----------++++---+-++--++++----,0,True,"[[0.000121, 393.21205702], [0.014713, 379.73135648], [0.015943, 353.03069085], [3.441847, 351.43201879], [4.050002, 349.72704856], [4.160284, 349.1036501], [9.594883, 348.68596089], [10.745774, 345.58168376]]",42,quantum,1,
precond_pen=2.000,40,-1.25848868134101,345.58168375966807,2.0,2,59.52483105659485,16.20616102218628,0.0,1111111110000000000111100010110011110000,+++++++++----------++++---+-++--++++----,0,True,"[[0.000114, 393.21205702], [0.013688, 388.2712086], [0.014898, 349.27084582], [14.167415, 346.36647242], [16.206161, 345.58168376]]",42,quantum,1,
baseline,40,346.92283420513087,346.9228342051307,,2,53.479048013687134,0.015651941299438477,0.0,0011111110100110110011000001101100100100,--+++++++-+--++-++--++-----++-++--+--+--,0,True,"[[0.000108, 397.26266753], [0.012838, 389.40400014], [0.013391, 388.03656082], [0.015652, 346.92283421]]",43,quantum,1,
precond_pen=1.100,40,-2.264167315977005,346.9228342051307,1.1,2,56.214848041534424,0.01654195785522461,0.0,0011111110100110110011000001101100100100,--+++++++-+--++-++--++-----++-++--+--+--,0,True,"[[0.000106, 397.26266753], [0.015309, 383.54500718], [0.016542, 346.92283421]]",43,quantum,1,
precond_pen=1.200,40,-2.060838222175999,346.9228342051307,1.2,2,65.06241178512573,8.469021797180176,0.0,0011111110100110110011000001101100100100,--+++++++-+--++-++--++-----++-++--+--+--,0,True,"[[0.000129, 397.26266753], [0.015582, 385.36571992], [0.017094, 351.92467201], [4.762638, 351.1923522], [7.960719, 349.38811027], [8.469022, 346.92283421]]",43,quantum,1,
precond_pen=1.300,40,-1.8979686001819847,346.9228342051307,1.3,2,65.51154899597168,0.07700300216674805,0.0,0011111110100110110011000001101100100100,--+++++++-+--++-++--++-----++-++--+--+--,0,True,"[[0.000108, 397.26266753], [0.015039, 392.89699431], [0.015972, 358.01990526], [0.077003, 346.92283421]]",43,quantum,1,
precond_pen=1.400,40,-1.7645236075020385,346.9228342051307,1.4,2,66.10582995414734,8.440577030181885,0.0,0011111110100110110011000001101100100100,--+++++++-+--++-++--++-----++-++--+--+--,0,True,"[[0.000109, 397.26266753], [0.015416, 392.5857043], [0.017153, 348.36925115], [8.440577, 346.92283421]]",43,quantum,1,
precond_pen=1.500,40,-1.6531590711659767,346.9228342051307,1.5,2,75.28352904319763,0.0786581039428711,0.0,1100000001011001001100111110010011011011,++-------+-++--+--++--+++++--+--++-++-++,0,True,"[[0.000113, 397.26266753], [0.015229, 389.31944846], [0.016511, 355.84508669], [0.078658, 346.92283421]]",43,quantum,1,
precond_pen=1.600,40,-1.558793490222019,346.9228342051307,1.6,2,64.68674516677856,0.01647806167602539,0.0,0011111110100110110011000001101100100100,--+++++++-+--++-++--++-----++-++--+--+--,0,True,"[[0.000115, 397.26266753], [0.014458, 386.84888677], [0.016478, 346.92283421]]",43,quantum,1,
precond_pen=1.700,40,-1.4777982764270199,346.9228342051307,1.7,2,64.8458890914917,8.227200984954834,0.0,0011111110100110110011000001101100100100,--+++++++-+--++-++--++-----++-++--+--+--,0,True,"[[0.000108, 397.26266753], [0.0148, 381.03005114], [0.016382, 352.16032884], [7.525608, 350.743101], [8.227201, 346.92283421]]",43,quantum,1,
precond_pen=1.800,40,-1.4075110872040089,346.9228342051307,1.8,2,64.50981712341309,0.01532602310180664,0.0,0011111110100110110011000001101100100100,--+++++++-+--++-++--++-----++-++--+--+--,0,True,"[[0.00011, 397.26266753], [0.014409, 386.59873592], [0.015326, 346.92283421]]",43,quantum,1,
precond_pen=1.900,40,-1.345934788915006,346.9228342051307,1.9,2,67.22738909721375,9.492521047592163,0.0,0011111110100110110011000001101100100100,--+++++++-+--++-++--++-----++-++--+--+--,0,True,"[[0.000112, 397.26266753], [0.01328, 393.47890106], [0.013832, 388.03656082], [0.014352, 385.82313466], [0.016065, 348.36925115], [9.492521, 346.92283421]]",43,quantum,1,
precond_pen=2.000,40,-1.2915402901149928,346.9228342051307,2.0,2,65.81087613105774,17.995365142822266,0.0,0011111110100110110011000001101100100100,--+++++++-+--++-++--++-----++-++--+--+--,0,True,"[[0.000114, 397.26266753], [0.014591, 385.48197421], [0.016367, 348.36925115], [17.995365, 346.92283421]]",43,quantum,1,
baseline,40,339.11055473935727,339.11055473935727,,2,71.94722104072571,15.57963514328003,0.0,1000101100011001010010000111011010101111,+---+-++---++--+-+--+----+++-++-+-+-++++,0,True,"[[0.000107, 376.29783994], [0.011599, 374.61339535], [0.013634, 373.50850575], [0.015284, 345.9617694], [1.562439, 345.92301297], [1.611177, 345.45089047], [1.742035, 344.89511553], [14.899268, 344.69945646], [14.899603, 342.87698738], [15.579635, 339.11055474]]",44,quantum,1,
precond_pen=1.100,40,-2.159484387718985,339.11055473935727,1.1,2,54.49431085586548,7.0660080909729,0.0,1000101100011001010010000111011010101111,+---+-++---++--+-+--+----+++-++-+-+-++++,0,True,"[[0.000108, 376.29783994], [0.016117, 374.82077025], [0.017811, 339.9326175], [6.859921, 339.49677287], [7.066008, 339.11055474]]",44,quantum,1,
precond_pen=1.200,40,-1.9685173354219963,339.11055473935727,1.2,2,56.78758001327515,6.983985900878906,0.0,0111010011100110101101111000100101010000,-+++-+--+++--++-+-++-++++---+--+-+-+----,0,True,"[[0.000108, 376.29783994], [0.015356, 375.96856385], [0.016336, 346.09402038], [0.061648, 345.9617694], [4.202375, 345.87994761], [4.458192, 345.31766057], [4.750123, 340.9852951], [6.983986, 339.11055474]]",44,quantum,1,
precond_pen=1.300,40,-1.815432737503004,339.11055473935727,1.3,2,63.0125470161438,0.057531118392944336,0.0,1000101100011001010010000111011010101111,+---+-++---++--+-+--+----+++-++-+-+-++++,0,True,"[[0.000104, 376.29783994], [0.01511, 375.93746731], [0.016122, 348.07753707], [0.057531, 339.11055474]]",44,quantum,1,
precond_pen=1.400,40,-1.6899207649910135,339.11055473935727,1.4,2,63.74828314781189,0.056674957275390625,0.0,1000101100011001010010000111011010101111,+---+-++---++--+-+--+----+++-++-+-+-++++,0,True,"[[0.000106, 376.29783994], [0.014275, 372.81225327], [0.015257, 341.80691671], [0.056675, 339.11055474]]",44,quantum,1,
precond_pen=1.500,40,-1.5851138641769982,339.11055473935727,1.5,2,62.636967182159424,16.834155082702637,0.0,0111010011100110101101111000100101010000,-+++-+--+++--++-+-++-++++---+--+-+-+----,0,True,"[[0.000103, 376.29783994], [0.014352, 372.22173138], [0.015656, 343.81786276], [13.922583, 342.19133338], [14.319711, 339.49677287], [16.834155, 339.11055474]]",44,quantum,1,
precond_pen=1.600,40,-1.4962578318619926,339.11055473935727,1.6,2,60.71293807029724,19.64838695526123,0.0,0111010011100110101101111000100101010000,-+++-+--+++--++-+-++-++++---+--+-+-+----,0,True,"[[0.000103, 376.29783994], [0.01428, 376.0851219], [0.01583, 343.81786276], [16.222091, 343.54079056], [18.568266, 339.57868303], [19.648387, 339.11055474]]",44,quantum,1,
precond_pen=1.700,40,-1.419954916661009,339.11055473935727,1.7,2,61.146491050720215,18.925847053527832,0.0,0111010011100110101101111000100101010000,-+++-+--+++--++-+-++-++++---+--+-+-+----,0,True,"[[0.000111, 376.29783994], [0.014059, 375.09316457], [0.015588, 343.81786276], [16.563699, 342.87271166], [17.474938, 341.51475231], [17.944109, 340.9852951], [18.925847, 339.11055474]]",44,quantum,1,
precond_pen=1.800,40,-1.3537112880500004,339.11055473935727,1.8,2,73.34232592582703,0.05973696708679199,0.0,1000101100011001010010000111011010101111,+---+-++---++--+-+--+----+++-++-+-+-++++,0,True,"[[0.000113, 376.29783994], [0.014331, 372.82277216], [0.015317, 346.72009187], [0.059737, 339.11055474]]",44,quantum,1,
precond_pen=1.900,40,-1.2956544786279984,339.11055473935727,1.9,2,66.26752710342407,11.743047952651978,0.0,1000101100011001010010000111011010101111,+---+-++---++--+-+--+----+++-++-+-+-++++,0,True,"[[0.000108, 376.29783994], [0.013968, 376.09862165], [0.015233, 345.9617694], [7.160104, 345.92301297], [7.424719, 345.45089047], [7.425143, 345.30865357], [7.635256, 344.74287286], [7.635586, 344.57334974], [8.308273, 344.28039023], [11.041601, 341.51475231], [11.743048, 339.11055474], [66.26647, 339.11055474]]",44,quantum,1,
precond_pen=2.000,40,-1.2443506210670066,339.11055473935727,2.0,2,66.8139660358429,9.953307151794434,0.0,0111010011100110101101111000100101010000,-+++-+--+++--++-+-++-++++---+--+-+-+----,0,True,"[[0.000111, 376.29783994], [0.015826, 345.9617694], [0.614505, 345.68501306], [1.57681, 339.9326175], [9.691625, 339.49677287], [9.953307, 339.11055474]]",44,quantum,1,
baseline,40,356.7971920333531,356.7971920333524,,2,66.41401600837708,0.016247034072875977,0.0,0001000000100011010011111101111110010101,---+------+---++-+--++++++-++++++--+-+-+,0,True,"[[0.000118, 391.52581354], [0.012975, 391.38309627], [0.016247, 356.79719203]]",45,quantum,1,
precond_pen=1.100,40,-2.201871481009011,356.7971920333524,1.1,2,69.89750003814697,0.01638317108154297,0.0,1110111111011100101100000010000001101010,+++-++++++-+++--+-++------+------++-+-+-,0,True,"[[0.000116, 391.52581354], [0.015249, 388.89701987], [0.016383, 356.79719203]]",45,quantum,1,
precond_pen=1.200,40,-2.005700549341009,356.7971920333524,1.2,2,64.4511570930481,0.015371084213256836,0.0,1110111111011100101100000010000001101010,+++-++++++-+++--+-++------+------++-+-+-,0,True,"[[0.000119, 391.52581354], [0.014229, 388.44628708], [0.015371, 356.79719203]]",45,quantum,1,
precond_pen=1.300,40,-1.848488775920007,356.7971920333524,1.3,2,54.04947519302368,6.716788053512573,0.0,0001000000100011010011111101111110010101,---+------+---++-+--++++++-++++++--+-+-+,0,True,"[[0.000107, 391.52581354], [0.015436, 391.24175254], [0.017276, 359.01555715], [6.716788, 356.79719203]]",45,quantum,1,
precond_pen=1.400,40,-1.719632822145984,356.7971920333524,1.4,2,63.00883603096008,13.908047914505005,0.0,0001000000100011010011111101111110010101,---+------+---++-+--++++++-++++++--+-+-+,0,True,"[[0.000112, 391.52581354], [0.01463, 389.38349957], [0.016173, 366.97852844], [0.075691, 360.96065765], [8.545288, 359.92108094], [9.315108, 359.89328014], [10.440111, 359.54533022], [13.908048, 356.79719203]]",45,quantum,1,
precond_pen=1.500,40,-1.6120677126780016,356.7971920333524,1.5,2,66.11612391471863,6.7118189334869385,0.0,1110111111011100101100000010000001101010,+++-++++++-+++--+-++------+------++-+-+-,0,True,"[[0.000136, 391.52581354], [0.016893, 388.59369609], [0.018427, 361.62523029], [0.061314, 360.96065765], [6.570643, 360.32049129], [6.711819, 356.79719203]]",45,quantum,1,
precond_pen=1.600,40,-1.5209017284939925,356.7971920333524,1.6,2,56.699718952178955,0.015529870986938477,0.0,1110111111011100101100000010000001101010,+++-++++++-+++--+-++------+------++-+-+-,0,True,"[[0.000112, 391.52581354], [0.014578, 378.35499426], [0.01553, 356.79719203]]",45,quantum,1,
precond_pen=1.700,40,-1.4426387056139909,356.7971920333524,1.7,2,53.99651789665222,0.015527009963989258,0.0,1110111111011100101100000010000001101010,+++-++++++-+++--+-++------+------++-+-+-,0,True,"[[0.000117, 391.52581354], [0.014369, 387.86421015], [0.015527, 356.79719203]]",45,quantum,1,
precond_pen=1.800,40,-1.3747129202530122,356.7971920333524,1.8,2,63.53288698196411,8.431710958480835,0.0,1110111111011100101100000010000001101010,+++-++++++-+++--+-++------+------++-+-+-,0,True,"[[0.000122, 391.52581354], [0.014727, 387.13766426], [0.015732, 364.38908113], [0.05888, 360.96065765], [4.43374, 360.99799709], [4.434035, 360.6641788], [4.896563, 359.32492555], [4.896818, 358.89591333], [8.431711, 356.79719203], [63.53189, 356.79719203]]",45,quantum,1,
precond_pen=1.900,40,-1.3151980004750055,356.7971920333524,1.9,2,54.66611289978027,8.17216181755066,0.0,1110111111011100101100000010000001101010,+++-++++++-+++--+-++------+------++-+-+-,0,True,"[[0.00011, 391.52581354], [0.014341, 387.26924109], [0.015237, 360.97148262], [7.06684, 360.04615004], [7.067125, 359.32492555], [8.171694, 358.64197598], [8.172162, 356.79719203]]",45,quantum,1,
precond_pen=2.000,40,-1.262619224935003,356.7971920333524,2.0,2,68.09862613677979,27.671159982681274,0.0,0001000000100011010011111101111110010101,---+------+---++-+--++++++-++++++--+-+-+,0,True,"[[0.000116, 391.52581354], [0.014285, 387.86421015], [0.015872, 362.77317287], [0.057104, 360.96065765], [7.690761, 359.54533022], [19.478806, 358.19083639], [27.67116, 356.79719203], [68.097621, 356.79719203]]",45,quantum,1,
baseline,40,346.3273877786622,346.32738777866126,,2,154.43741512298584,26.716917037963867,0.0,1011111101100101010010100000100110101010,+-++++++-++--+-+-+--+-+-----+--++-+-+-+-,0,True,"[[0.000113, 382.46429859], [0.014024, 347.17868135], [26.716917, 346.32738778], [154.436366, 346.32738778]]",46,quantum,1,
precond_pen=1.100,40,-2.0724141749360054,346.32738777866126,1.1,2,67.31264996528625,34.507919788360596,0.0,0100000010011010101101011111011001010101,-+------+--++-+-+-++-+-+++++-++--+-+-+-+,0,True,"[[0.000115, 382.46429859], [0.015785, 378.93223371], [0.017594, 350.04387581], [0.059205, 347.14660108], [14.925279, 346.68421786], [34.507617, 346.71461149], [34.50792, 346.32738778]]",46,quantum,1,
precond_pen=1.200,40,-1.8939006001000145,346.32738777866126,1.2,2,76.1381139755249,0.015501022338867188,0.0,1011111101100101010010100000100110101010,+-++++++-++--+-+-+--+-+-----+--++-+-+-+-,0,True,"[[0.000115, 382.46429859], [0.014569, 381.73386821], [0.015501, 346.32738778]]",46,quantum,1,
precond_pen=1.300,40,-1.7502292443829983,346.32738777866126,1.3,2,62.99806499481201,8.13408899307251,0.0,0100000010011010101101011111011001010101,-+------+--++-+-+-++-+-+++++-++--+-+-+-+,0,True,"[[0.000115, 382.46429859], [0.014965, 370.48708183], [0.015987, 353.66564353], [0.493389, 352.94354452], [1.420245, 347.14660108], [8.134089, 346.32738778]]",46,quantum,1,
precond_pen=1.400,40,-1.6320653107650127,346.32738777866126,1.4,2,72.09670495986938,4.2963480949401855,0.0,1011111101100101010010100000100110101010,+-++++++-++--+-+-+--+-+-----+--++-+-+-+-,0,True,"[[0.000125, 382.46429859], [0.01539, 381.99289495], [0.016592, 353.66564353], [0.092087, 350.65396386], [4.296348, 346.32738778]]",46,quantum,1,
precond_pen=1.500,40,-1.5331443782150131,346.32738777866126,1.5,2,76.42003393173218,62.98785591125488,0.0,1011111101100101010010100000100110101010,+-++++++-++--+-+-+--+-+-----+--++-+-+-+-,0,True,"[[0.000113, 382.46429859], [0.015296, 381.49548068], [0.016905, 348.46580566], [0.058002, 347.14660108], [8.859055, 346.68421786], [62.987856, 346.32738778]]",46,quantum,1,
precond_pen=1.600,40,-1.4491039426140002,346.32738777866126,1.6,2,84.30013608932495,71.89520502090454,0.0,0100000010011010101101011111011001010101,-+------+--++-+-+-++-+-+++++-++--+-+-+-+,0,True,"[[0.000119, 382.46429859], [0.014713, 382.52049184], [0.016523, 350.04387581], [0.060112, 347.14660108], [67.881486, 346.68421786], [69.425794, 346.71461149], [71.895205, 346.32738778]]",46,quantum,1,
precond_pen=1.700,40,-1.3768107636220002,346.32738777866126,1.7,2,79.43417811393738,54.692131996154785,0.0,0100000010011010101101011111011001010101,-+------+--++-+-+-++-+-+++++-++--+-+-+-+,0,True,"[[0.00012, 382.46429859], [0.014634, 382.41139577], [0.015572, 353.66564353], [0.057889, 347.14660108], [7.882395, 346.68421786], [54.692132, 346.32738778]]",46,quantum,1,
precond_pen=1.800,40,-1.313955620344009,346.32738777866126,1.8,2,72.52214097976685,0.0160520076751709,0.0,1011111101100101010010100000100110101010,+-++++++-++--+-+-+--+-+-----+--++-+-+-+-,0,True,"[[0.000122, 382.46429859], [0.015086, 381.73386821], [0.016052, 346.32738778]]",46,quantum,1,
precond_pen=1.900,40,-1.2587989172420073,346.32738777866126,1.9,2,88.92585802078247,19.377856969833374,0.0,1011111101100101010010100000100110101010,+-++++++-++--+-+-+--+-+-----+--++-+-+-+-,0,True,"[[0.000117, 382.46429859], [0.014287, 373.36141395], [0.015254, 353.66564353], [0.075316, 347.14660108], [15.983144, 347.08594878], [19.377857, 346.32738778]]",46,quantum,1,
precond_pen=2.000,40,-1.2100046395900144,346.32738777866126,2.0,2,86.54897499084473,19.383933782577515,0.0,1011111101100101010010100000100110101010,+-++++++-++--+-+-+--+-+-----+--++-+-+-+-,0,True,"[[0.000115, 382.46429859], [0.013407, 378.33431395], [0.014551, 350.16558165], [0.056986, 347.14660108], [4.499411, 346.68421786], [19.383934, 346.32738778]]",46,quantum,1,
baseline,40,355.7878731172833,355.7878731172834,,2,42.49367022514343,14.09332013130188,0.0,0001100011101110100111101100010100101001,---++---+++-+++-+--++++-++---+-+--+-+--+,0,True,"[[0.000114, 407.70411898], [0.015556, 364.361527], [0.102798, 357.59736414], [13.072812, 356.7490086], [14.09332, 355.78787312]]",47,quantum,1,
precond_pen=1.100,40,-2.2987966726190123,355.7878731172834,1.1,2,60.20568799972534,0.015913963317871094,0.0,0001100011101110100111101100010100101001,---++---+++-+++-+--++++-++---+-+--+-+--+,0,True,"[[0.000104, 407.70411898], [0.014363, 398.33350468], [0.015914, 355.78787312]]",47,quantum,1,
precond_pen=1.200,40,-2.0900850017450097,355.7878731172834,1.2,2,59.319825887680054,11.052643060684204,0.0,1110011100010001011000010011101011010110,+++--+++---+---+-++----+--+++-+-++-+-++-,0,True,"[[0.000116, 407.70411898], [0.014805, 391.38200977], [0.016099, 368.34006128], [0.05746, 364.361527], [5.962799, 363.83290654], [6.97217, 357.39134787], [11.052643, 355.78787312], [59.318869, 355.78787312]]",47,quantum,1,
precond_pen=1.300,40,-1.9232133203920085,355.7878731172834,1.3,2,61.33274292945862,0.05906486511230469,0.0,1110011100010001011000010011101011010110,+++--+++---+---+-++----+--+++-+-++-+-++-,0,True,"[[0.000115, 407.70411898], [0.014799, 398.34387268], [0.015979, 364.83977441], [0.059065, 355.78787312]]",47,quantum,1,
precond_pen=1.400,40,-1.7866901899059844,355.7878731172834,1.4,2,56.180018186569214,14.039502143859863,0.0,0001100011101110100111101100010100101001,---++---+++-+++-+--++++-++---+-+--+-+--+,0,True,"[[0.000114, 407.70411898], [0.014725, 399.18031389], [0.016184, 365.34473862], [0.059435, 357.39134787], [12.428706, 356.7490086], [14.039502, 355.78787312]]",47,quantum,1,
precond_pen=1.500,40,-1.6728919630960082,355.7878731172834,1.5,2,59.41770005226135,14.472707986831665,0.0,0001100011101110100111101100010100101001,---++---+++-+++-+--++++-++---+-+--+-+--+,0,True,"[[0.000119, 407.70411898], [0.014433, 406.5430511], [0.016256, 365.06374243], [0.06502, 363.1377667], [4.29879, 358.85998065], [4.940367, 358.39564939], [5.701448, 357.39134787], [13.698929, 356.7490086], [14.472708, 355.78787312]]",47,quantum,1,
precond_pen=1.600,40,-1.5765586445259974,355.7878731172834,1.6,2,58.0420298576355,12.685072898864746,0.0,0001100011101110100111101100010100101001,---++---+++-+++-+--++++-++---+-+--+-+--+,0,True,"[[0.000116, 407.70411898], [0.015276, 390.5783245], [0.016781, 357.59736414], [12.685073, 355.78787312]]",47,quantum,1,
precond_pen=1.700,40,-1.4939420537439716,355.7878731172834,1.7,2,73.43219995498657,0.016282081604003906,0.0,0001100011101110100111101100010100101001,---++---+++-+++-+--++++-++---+-+--+-+--+,0,True,"[[0.000117, 407.70411898], [0.014175, 390.71948767], [0.016282, 355.78787312]]",47,quantum,1,
precond_pen=1.800,40,-1.4222978498060161,355.7878731172834,1.8,2,68.35210514068604,0.0167391300201416,0.0,0001100011101110100111101100010100101001,---++---+++-+++-+--++++-++---+-+--+-+--+,0,True,"[[0.00013, 407.70411898], [0.014438, 402.14599833], [0.016739, 355.78787312]]",47,quantum,1,
precond_pen=1.900,40,-1.3595696883749984,355.7878731172834,1.9,2,71.04032492637634,8.48015308380127,0.0,1110011100010001011000010011101011010110,+++--+++---+---+-++----+--+++-+-++-+-++-,0,True,"[[0.000128, 407.70411898], [0.014169, 405.10299803], [0.01535, 357.59736414], [0.058593, 357.39134787], [8.480153, 355.78787312], [71.039334, 355.78787312]]",47,quantum,1,
precond_pen=2.000,40,-1.3041864250039943,355.7878731172834,2.0,2,68.11070799827576,0.016134023666381836,0.0,0001100011101110100111101100010100101001,---++---+++-+++-+--++++-++---+-+--+-+--+,0,True,"[[0.000111, 407.70411898], [0.014338, 407.43710793], [0.016134, 355.78787312]]",47,quantum,1,
baseline,40,344.37907702136124,344.37907702136107,,2,69.83328199386597,16.783773183822632,0.0,1011110111000000010111100011110100001010,+-++++-+++-------+-++++---++++-+----+-+-,0,True,"[[0.000112, 385.65201208], [0.013751, 347.84872501], [16.783773, 344.37907702]]",48,quantum,1,
precond_pen=1.100,40,-2.1656966079740343,344.37907702136107,1.1,2,60.03641390800476,0.05820202827453613,0.0,1011110111000000010111100011110100001010,+-++++-+++-------+-++++---++++-+----+-+-,0,True,"[[0.000113, 385.65201208], [0.015582, 383.75451413], [0.016591, 347.47511572], [0.058202, 344.37907702]]",48,quantum,1,
precond_pen=1.200,40,-1.9738098617820103,344.37907702136107,1.2,2,57.34771418571472,19.474908113479614,0.0,0100001000111111101000011100001011110101,-+----+---+++++++-+----+++----+-++++-+-+,0,True,"[[0.000114, 385.65201208], [0.01504, 381.87229599], [0.016262, 346.0035024], [19.474401, 345.65906759], [19.474908, 344.37907702]]",48,quantum,1,
precond_pen=1.300,40,-1.8200157050900057,344.37907702136107,1.3,2,66.0833911895752,10.213682174682617,0.0,1011110111000000010111100011110100001010,+-++++-+++-------+-++++---++++-+----+-+-,0,True,"[[0.000114, 385.65201208], [0.015358, 380.99817477], [0.016897, 349.16548693], [0.059576, 345.35947825], [1.579055, 345.23168649], [10.213682, 344.37907702], [66.082406, 344.37907702]]",48,quantum,1,
precond_pen=1.400,40,-1.6939426291819863,344.37907702136107,1.4,2,58.53737998008728,10.27867317199707,0.0,0100001000111111101000011100001011110101,-+----+---+++++++-+----+++----+-++++-+-+,0,True,"[[0.000115, 385.65201208], [0.01569, 345.35947825], [9.730546, 345.23168649], [10.278673, 344.37907702]]",48,quantum,1,
precond_pen=1.500,40,-1.5886828219800009,344.37907702136107,1.5,2,62.434874057769775,20.60097622871399,0.0,0100001000111111101000011100001011110101,-+----+---+++++++-+----+++----+-++++-+-+,0,True,"[[0.000116, 385.65201208], [0.01447, 384.36803291], [0.015969, 347.84872501], [0.060396, 345.35947825], [8.504337, 345.23168649], [20.600976, 344.37907702]]",48,quantum,1,
precond_pen=1.600,40,-1.4994550424199637,344.37907702136107,1.6,2,68.17304611206055,12.00308108329773,0.0,0100001000111111101000011100001011110101,-+----+---+++++++-+----+++----+-++++-+-+,0,True,"[[0.000128, 385.65201208], [0.016058, 345.35947825], [11.119752, 345.23168649], [12.003081, 344.37907702]]",48,quantum,1,
precond_pen=1.700,40,-1.4228427266110053,344.37907702136107,1.7,2,64.09261894226074,0.0157778263092041,0.0,1011110111000000010111100011110100001010,+-++++-+++-------+-++++---++++-+----+-+-,0,True,"[[0.000114, 385.65201208], [0.014493, 384.52506556], [0.015778, 344.37907702]]",48,quantum,1,
precond_pen=1.800,40,-1.3563381702849835,344.37907702136107,1.8,2,66.98617386817932,8.793540000915527,0.0,0100001000111111101000011100001011110101,-+----+---+++++++-+----+++----+-++++-+-+,0,True,"[[0.000107, 385.65201208], [0.015806, 345.35947825], [8.79354, 344.37907702]]",48,quantum,1,
precond_pen=1.900,40,-1.29805893983702,344.37907702136107,1.9,2,64.53920888900757,24.47008180618286,0.0,0100001000111111101000011100001011110101,-+----+---+++++++-+----+++----+-++++-+-+,0,True,"[[0.000113, 385.65201208], [0.015579, 345.35947825], [17.84679, 345.23168649], [24.470082, 344.37907702]]",48,quantum,1,
precond_pen=2.000,40,-1.2465638627179807,344.37907702136107,2.0,2,69.29285001754761,13.37753415107727,0.0,0100001000111111101000011100001011110101,-+----+---+++++++-+----+++----+-++++-+-+,0,True,"[[0.000115, 385.65201208], [0.01587, 345.35947825], [13.377534, 344.37907702]]",48,quantum,1,
baseline,40,335.3858145273705,335.38581452736963,,2,39.56113910675049,19.917984008789062,0.0,0101011101101110000011111000001101100100,-+-+-+++-++-+++-----+++++-----++-++--+--,0,True,"[[0.000113, 389.30398754], [0.01279, 385.98990068], [0.013863, 380.86035697], [0.015217, 346.90179383], [1.104882, 340.8467548], [1.139298, 339.73027866], [1.139696, 339.56284161], [1.296481, 337.44443997], [19.917984, 335.38581453]]",49,quantum,1,
precond_pen=1.100,40,-2.307992514569987,335.38581452736963,1.1,2,50.4231538772583,0.016755104064941406,0.0,1010100010010001111100000111110010011011,+-+-+---+--+---+++++-----+++++--+--++-++,0,True,"[[0.000112, 389.30398754], [0.015541, 385.8678939], [0.016755, 335.38581453]]",49,quantum,1,
precond_pen=1.200,40,-2.1010838304830077,335.38581452736963,1.2,2,54.172126054763794,0.059870004653930664,0.0,1010100010010001111100000111110010011011,+-+-+---+--+---+++++-----+++++--+--++-++,0,True,"[[0.000115, 389.30398754], [0.016914, 387.53567531], [0.018186, 337.47203362], [0.05987, 335.38581453]]",49,quantum,1,
precond_pen=1.300,40,-1.9351635979809974,335.38581452736963,1.3,2,77.2503080368042,0.01773214340209961,0.0,1010100010010001111100000111110010011011,+-+-+---+--+---+++++-----+++++--+--++-++,0,True,"[[0.000146, 389.30398754], [0.016111, 386.7355289], [0.017732, 335.38581453]]",49,quantum,1,
precond_pen=1.400,40,-1.7990907013470157,335.38581452736963,1.4,2,55.91753911972046,0.016851186752319336,0.0,1010100010010001111100000111110010011011,+-+-+---+--+---+++++-----+++++--+--++-++,0,True,"[[0.000112, 389.30398754], [0.015306, 383.70166883], [0.016851, 335.38581453]]",49,quantum,1,
precond_pen=1.500,40,-1.685440282340986,335.38581452736963,1.5,2,82.48921322822571,0.01685810089111328,0.0,1010100010010001111100000111110010011011,+-+-+---+--+---+++++-----+++++--+--++-++,0,True,"[[0.000117, 389.30398754], [0.015117, 379.36088175], [0.016858, 335.38581453]]",49,quantum,1,
precond_pen=1.600,40,-1.5890693179659738,335.38581452736963,1.6,2,65.53589820861816,0.07811212539672852,0.0,1010100010010001111100000111110010011011,+-+-+---+--+---+++++-----+++++--+--++-++,0,True,"[[0.000117, 389.30398754], [0.015644, 380.78732103], [0.017311, 337.47203362], [0.078112, 335.38581453]]",49,quantum,1,
precond_pen=1.700,40,-1.506301076210006,335.38581452736963,1.7,2,72.39107990264893,0.015724897384643555,0.0,1010100010010001111100000111110010011011,+-+-+---+--+---+++++-----+++++--+--++-++,0,True,"[[0.000113, 389.30398754], [0.01418, 385.89470802], [0.015725, 335.38581453]]",49,quantum,1,
precond_pen=1.800,40,-1.434435494102976,335.38581452736963,1.8,2,59.568593978881836,11.478204011917114,0.0,0101011101101110000011111000001101100100,-+-+-+++-++-+++-----+++++-----++-++--+--,0,True,"[[0.000117, 389.30398754], [0.015022, 384.66073612], [0.016208, 341.53638765], [0.058327, 341.32754429], [5.85654, 341.13045204], [5.856826, 340.57352647], [6.690097, 340.50636195], [6.910502, 339.97069973], [7.14577, 338.85843176], [7.986585, 337.61489164], [11.237947, 337.50388968], [11.478204, 335.38581453]]",49,quantum,1,
precond_pen=1.900,40,-1.3714450038010089,335.38581452736963,1.9,2,56.67107796669006,0.05863595008850098,0.0,1010100010010001111100000111110010011011,+-+-+---+--+---+++++-----+++++--+--++-++,0,True,"[[0.000129, 389.30398754], [0.015027, 379.45386892], [0.016048, 337.47203362], [0.058636, 335.38581453]]",49,quantum,1,
precond_pen=2.000,40,-1.3157765985209995,335.38581452736963,2.0,2,63.45462393760681,0.01665782928466797,0.0,1010100010010001111100000111110010011011,+-+-+---+--+---+++++-----+++++--+--++-++,0,True,"[[0.000117, 389.30398754], [0.015096, 386.04073866], [0.016658, 335.38581453]]",49,quantum,1,
