name,n,objective_model,objective_baseline,penalty,mip_status,runtime_sec,time_to_best_sec,mip_gap,x_bits,z_bits,sum_z,presolve,trajectory,seed,preconditioner_family,layers,sweeps
baseline,40,368.63177324372435,368.63177324372424,,2,10586.022958993912,0.014300107955932617,0.0,0011101000011110100011111101010010010001,--+++-+----++++-+---++++++-+-+--+--+---+,0,False,"[[0.000157, 425.7866819], [0.0143, 368.63177324]]",0,quantum,1,
precond_pen=1.100,40,-2.054635147343994,368.63177324372424,1.1,2,110.67326593399048,67.73342204093933,0.0,1100010111100001011100000010101101101110,++---+-++++----+-+++------+-+-++-++-+++-,0,False,"[[0.000121, 425.7866819], [0.011164, 398.97291074], [0.012102, 378.20466024], [0.053515, 377.43604677], [7.114091, 374.59132885], [7.370876, 374.24846679], [8.243996, 373.73039592], [8.415933, 369.78736759], [47.024101, 369.62596889], [49.719776, 369.20214205], [67.733422, 368.63177324]]",0,quantum,1,
precond_pen=1.200,40,-1.8721424665719901,368.63177324372424,1.2,2,97.76420593261719,68.77860903739929,0.0,0011101000011110100011111101010010010001,--+++-+----++++-+---++++++-+-+--+--+---+,0,False,"[[0.000116, 425.7866819], [0.011834, 407.06515555], [0.013319, 369.78283142], [0.5135, 369.20214205], [61.668447, 369.01132703], [68.778609, 368.63177324]]",0,quantum,1,
precond_pen=1.300,40,-1.726425605091011,368.63177324372424,1.3,2,98.5717339515686,0.055288076400756836,0.0,1100010111100001011100000010101101101110,++---+-++++----+-+++------+-+-++-++-+++-,0,False,"[[0.000114, 425.7866819], [0.010934, 410.95759445], [0.011821, 369.78736759], [0.055288, 368.63177324]]",0,quantum,1,
precond_pen=1.400,40,-1.6073252570159866,368.63177324372424,1.4,2,94.46009588241577,64.88516402244568,0.0,0011101000011110100011111101010010010001,--+++-+----++++-+---++++++-+-+--+--+---+,0,False,"[[0.000117, 425.7866819], [0.011314, 404.55231461], [0.012548, 376.3873807], [0.056602, 369.20214205], [63.851766, 369.01132703], [64.885164, 368.63177324]]",0,quantum,1,
precond_pen=1.500,40,-1.5081223644979804,368.63177324372424,1.5,2,94.16734099388123,60.41285705566406,0.0,1100010111100001011100000010101101101110,++---+-++++----+-+++------+-+-++-++-+++-,0,False,"[[0.000111, 425.7866819], [0.010193, 396.39540486], [0.011413, 372.48470004], [0.053772, 369.20214205], [57.612438, 369.01132703], [60.412857, 368.63177324]]",0,quantum,1,
precond_pen=1.600,40,-1.4241917841539937,368.63177324372424,1.6,2,95.36525201797485,58.75861597061157,0.0,1100010111100001011100000010101101101110,++---+-++++----+-+++------+-+-++-++-+++-,0,False,"[[0.000112, 425.7866819], [0.010557, 396.39540486], [0.011785, 372.48470004], [0.055854, 369.20214205], [58.758616, 368.63177324]]",0,quantum,1,
precond_pen=1.700,40,-1.352244054078021,368.63177324372424,1.7,2,96.85727715492249,55.21086311340332,0.0,0011101000011110100011111101010010010001,--+++-+----++++-+---++++++-+-+--+--+---+,0,False,"[[0.000158, 425.7866819], [0.010741, 395.9631242], [0.012714, 369.20214205], [55.210863, 368.63177324], [96.856359, 368.63177324]]",0,quantum,1,
precond_pen=1.800,40,-1.2898739915759947,368.63177324372424,1.8,2,87.91455101966858,0.011049032211303711,0.0,1100010111100001011100000010101101101110,++---+-++++----+-+++------+-+-++-++-+++-,0,False,"[[0.000111, 425.7866819], [0.00986, 398.84441142], [0.011049, 368.63177324]]",0,quantum,1,
precond_pen=1.900,40,-1.2352817029510135,368.63177324372424,1.9,2,94.91836190223694,23.062119960784912,0.0,0011101000011110100011111101010010010001,--+++-+----++++-+---++++++-+-+--+--+---+,0,False,"[[0.000113, 425.7866819], [0.009351, 406.03779064], [0.010757, 395.9631242], [0.01277, 369.20214205], [20.864859, 369.15975531], [22.455428, 369.01132703], [23.06212, 368.63177324]]",0,quantum,1,
precond_pen=2.000,40,-1.187093076676982,368.63177324372424,2.0,2,111.87226510047913,96.52798008918762,0.0,0011101000011110100011111101010010010001,--+++-+----++++-+---++++++-+-+--+--+---+,0,False,"[[0.000111, 425.7866819], [0.010059, 395.9631242], [0.012054, 369.20214205], [95.248544, 369.01132703], [96.52798, 368.63177324], [111.871323, 368.63177324]]",0,quantum,1,
baseline,40,350.3507169280868,350.35071692808685,,2,4534.487531900406,2169.6377189159393,0.0,1010010101111011110000010000111100101001,+-+--+-+-++++-++++-----+----++++--+-+--+,0,False,"[[0.000127, 408.15752692], [0.008903, 404.83630669], [0.009408, 394.31387368], [0.011379, 356.64242362], [0.102401, 353.60526648], [153.529942, 352.99852387], [153.530261, 351.28003689], [164.713148, 350.96648031], [2168.712448, 350.78488556], [2169.637719, 350.35071693], [4534.486296, 350.35071693]]",1,quantum,1,
precond_pen=1.100,40,-2.1940597898890104,350.35071692808685,1.1,2,74.18035197257996,61.298851013183594,0.0,1010010101111011110000010000111100101001,+-+--+-+-++++-++++-----+----++++--+-+--+,0,False,"[[0.000134, 408.15752692], [0.013357, 384.16921396], [0.015176, 350.96648031], [61.298851, 350.35071693], [74.179392, 350.35071693]]",1,quantum,1,
precond_pen=1.200,40,-1.998908862381004,350.35071692808685,1.2,2,76.13720488548279,61.99376082420349,0.0,1010010101111011110000010000111100101001,+-+--+-+-++++-++++-----+----++++--+-+--+,0,False,"[[0.00012, 408.15752692], [0.012268, 381.94915116], [0.013222, 362.505019], [0.055523, 350.96648031], [61.993761, 350.35071693]]",1,quantum,1,
precond_pen=1.300,40,-1.8425070694929904,350.35071692808685,1.3,2,78.93413090705872,12.256567001342773,0.0,0101101010000100001111101111000011010110,-+-++-+-+----+----+++++-++++----++-+-++-,0,False,"[[0.000127, 408.15752692], [0.009414, 398.91514609], [0.009906, 394.31387368], [0.010509, 393.34248929], [0.012895, 356.70236718], [0.054779, 351.59672026], [12.256567, 350.35071693], [78.933069, 350.35071693]]",1,quantum,1,
precond_pen=1.400,40,-1.7143056704210107,350.35071692808685,1.4,2,72.80719304084778,57.72884202003479,0.0,1010010101111011110000010000111100101001,+-+--+-+-++++-++++-----+----++++--+-+--+,0,False,"[[0.000124, 408.15752692], [0.011555, 384.21351213], [0.013086, 350.96648031], [52.489543, 350.78488556], [57.728842, 350.35071693]]",1,quantum,1,
precond_pen=1.500,40,-1.6072776740829973,350.35071692808685,1.5,2,71.14181900024414,50.247185945510864,0.0,1010010101111011110000010000111100101001,+-+--+-+-++++-++++-----+----++++--+-+--+,0,False,"[[0.00035, 408.15752692], [0.010681, 395.76510638], [0.011957, 350.96648031], [50.247186, 350.35071693]]",1,quantum,1,
precond_pen=1.600,40,-1.5165586965239939,350.35071692808685,1.6,2,71.31429100036621,49.96896696090698,0.0,0101101010000100001111101111000011010110,-+-++-+-+----+----+++++-++++----++-+-++-,0,False,"[[0.00013, 408.15752692], [0.011757, 391.0817009], [0.012673, 367.8137657], [0.056289, 356.59212111], [6.982069, 356.02586047], [6.98232, 354.6581316], [6.982482, 352.8248188], [7.535985, 352.74103057], [8.008014, 351.8443964], [8.008284, 350.96648031], [49.968967, 350.35071693], [71.313368, 350.35071693]]",1,quantum,1,
precond_pen=1.700,40,-1.4386724411589906,350.35071692808685,1.7,2,72.68492388725281,8.72624397277832,0.0,0101101010000100001111101111000011010110,-+-++-+-+----+----+++++-++++----++-+-++-,0,False,"[[0.000154, 408.15752692], [0.010932, 403.04394118], [0.01209, 354.92031685], [0.503704, 354.54346192], [1.639499, 354.24638174], [1.639698, 353.57071597], [8.355587, 351.93949438], [8.726018, 351.04797749], [8.726244, 350.35071693]]",1,quantum,1,
precond_pen=1.800,40,-1.3710677128899889,350.35071692808685,1.8,2,73.10159492492676,45.15302085876465,0.0,0101101010000100001111101111000011010110,-+-++-+-+----+----+++++-++++----++-+-++-,0,False,"[[0.000131, 408.15752692], [0.011297, 390.08787854], [0.012209, 357.50057865], [0.054869, 351.59672026], [41.774853, 350.78488556], [45.153021, 350.35071693], [73.100661, 350.35071693]]",1,quantum,1,
precond_pen=1.900,40,-1.311829164917004,350.35071692808685,1.9,2,69.38818287849426,0.012077093124389648,0.0,0101101010000100001111101111000011010110,-+-++-+-+----+----+++++-++++----++-+-++-,0,False,"[[0.000136, 408.15752692], [0.010547, 389.45875328], [0.012077, 350.35071693]]",1,quantum,1,
precond_pen=2.000,40,-1.2594904056120146,350.35071692808685,2.0,2,76.22605895996094,0.011475801467895508,0.0,0101101010000100001111101111000011010110,-+-++-+-+----+----+++++-++++----++-+-++-,0,False,"[[0.00012, 408.15752692], [0.010012, 389.45875328], [0.011476, 350.35071693]]",1,quantum,1,
baseline,40,347.7673851667396,347.7673851667394,,2,7682.72426700592,2618.741385936737,0.0,1000111001111110000001010010110010111010,+---+++--++++++------+-+--+-++--+-+++-+-,0,False,"[[0.000125, 397.49754535], [0.01101, 353.55955384], [0.099613, 348.19209686], [2618.741386, 347.76738517], [7682.723124, 347.76738517]]",2,quantum,1,
precond_pen=1.100,40,-2.1421976460320167,347.7673851667394,1.1,2,81.08969306945801,0.01190805435180664,0.0,0111000110000001111110101101001101000101,-+++---++------++++++-+-++-+--++-+---+-+,0,False,"[[0.000127, 397.49754535], [0.010505, 390.89822602], [0.011908, 347.76738517]]",2,quantum,1,
precond_pen=1.200,40,-1.9528225644719903,347.7673851667394,1.2,2,82.24806880950928,54.60221195220947,0.0,0111000110000001111110101101001101000101,-+++---++------++++++-+-++-+--++-+---+-+,0,False,"[[0.000122, 397.49754535], [0.011166, 396.85996367], [0.012347, 348.36795203], [54.602212, 347.76738517]]",2,quantum,1,
precond_pen=1.300,40,-1.801075445872982,347.7673851667394,1.3,2,80.81752419471741,0.011950016021728516,0.0,0111000110000001111110101101001101000101,-+++---++------++++++-+-++-+--++-+---+-+,0,False,"[[0.000122, 397.49754535], [0.010522, 396.1416658], [0.01195, 347.76738517]]",2,quantum,1,
precond_pen=1.400,40,-1.6766991671490121,347.7673851667394,1.4,2,83.3334710597992,0.011893033981323242,0.0,0111000110000001111110101101001101000101,-+++---++------++++++-+-++-+--++-+---+-+,0,False,"[[0.000123, 397.49754535], [0.010685, 391.65178702], [0.011893, 347.76738517]]",2,quantum,1,
precond_pen=1.500,40,-1.5728667914469927,347.7673851667394,1.5,2,85.47482419013977,60.156883001327515,0.0,0111000110000001111110101101001101000101,-+++---++------++++++-+-++-+--++-+---+-+,0,False,"[[0.000126, 397.49754535], [0.011034, 392.5105703], [0.012489, 352.41554179], [0.056024, 348.36795203], [60.156883, 347.76738517]]",2,quantum,1,
precond_pen=1.600,40,-1.4848547086329962,347.7673851667394,1.6,2,76.64381408691406,55.70643997192383,0.0,1000111001111110000001010010110010111010,+---+++--++++++------+-+--+-++--+-+++-+-,0,False,"[[0.000142, 397.49754535], [0.011703, 390.7888012], [0.012882, 348.36795203], [54.931678, 348.19209686], [55.70644, 347.76738517], [76.642849, 347.76738517]]",2,quantum,1,
precond_pen=1.700,40,-1.4092893829030082,347.7673851667394,1.7,2,80.3869960308075,0.01262807846069336,0.0,0111000110000001111110101101001101000101,-+++---++------++++++-+-++-+--++-+---+-+,0,False,"[[0.000119, 397.49754535], [0.011233, 390.89822602], [0.012628, 347.76738517]]",2,quantum,1,
precond_pen=1.800,40,-1.343695372365982,347.7673851667394,1.8,2,92.18505907058716,16.819061994552612,0.0,1000111001111110000001010010110010111010,+---+++--++++++------+-+--+-++--+-+++-+-,0,False,"[[0.000125, 397.49754535], [0.010876, 394.55045978], [0.012062, 353.58302545], [0.056255, 348.19209686], [16.819062, 347.76738517], [92.184091, 347.76738517]]",2,quantum,1,
precond_pen=1.900,40,-1.2862146105010126,347.7673851667394,1.9,2,88.45942997932434,61.45105195045471,0.0,1000111001111110000001010010110010111010,+---+++--++++++------+-+--+-++--+-+++-+-,0,False,"[[0.000119, 397.49754535], [0.010448, 393.09164779], [0.011602, 355.31548623], [0.054764, 348.19209686], [61.451052, 347.76738517], [88.458486, 347.76738517]]",2,quantum,1,
precond_pen=2.000,40,-1.2354251938769636,347.7673851667394,2.0,2,87.49178409576416,57.35758304595947,0.0,1000111001111110000001010010110010111010,+---+++--++++++------+-+--+-++--+-+++-+-,0,False,"[[0.000132, 397.49754535], [0.010137, 392.85411058], [0.011277, 348.36795203], [0.056588, 348.19209686], [57.357583, 347.76738517]]",2,quantum,1,
baseline,40,341.70640443785766,341.70640443785715,,2,6522.239025115967,93.59260821342468,0.0,0111100001110100010110010010010101111010,-++++----+++-+---+-++--+--+--+-+-++++-+-,0,False,"[[0.000123, 394.72736421], [0.00829, 394.20906072], [0.008842, 386.30334145], [0.010314, 345.48186673], [0.100674, 343.98311698], [93.592608, 341.70640444]]",3,quantum,1,
precond_pen=1.100,40,-2.1576553584269984,341.70640443785715,1.1,2,75.35746788978577,9.475092887878418,0.0,0111100001110100010110010010010101111010,-++++----+++-+---+-++--+--+--+-+-++++-+-,0,False,"[[0.000114, 394.72736421], [0.011613, 391.43494638], [0.01334, 348.2409345], [4.409823, 347.18012442], [4.989847, 344.0326155], [7.250809, 343.98311698], [9.475093, 341.70640444]]",3,quantum,1,
precond_pen=1.200,40,-1.9676183203410087,341.70640443785715,1.2,2,73.64582300186157,1.1751468181610107,0.0,0111100001110100010110010010010101111010,-++++----+++-+---+-++--+--+--+-+-++++-+-,0,False,"[[0.000118, 394.72736421], [0.010983, 392.47495865], [0.012804, 344.4450992], [1.174893, 344.3952212], [1.175147, 341.70640444]]",3,quantum,1,
precond_pen=1.300,40,-1.8150937193419932,341.70640443785715,1.3,2,79.86587595939636,0.014044046401977539,0.0,1000011110001011101001101101101010000101,+----++++---+-+++-+--++-++-++-+-+----+-+,0,False,"[[0.000112, 394.72736421], [0.010843, 383.94691603], [0.011431, 383.5828451], [0.014044, 341.70640444]]",3,quantum,1,
precond_pen=1.400,40,-1.689927199256994,341.70640443785715,1.4,2,73.54441690444946,0.012870073318481445,0.0,1000011110001011101001101101101010000101,+----++++---+-+++-+--++-++-++-+-+----+-+,0,False,"[[0.000128, 394.72736421], [0.011342, 390.38388893], [0.01287, 341.70640444]]",3,quantum,1,
precond_pen=1.500,40,-1.585336603959984,341.70640443785715,1.5,2,76.13666605949402,0.01302790641784668,0.0,1000011110001011101001101101101010000101,+----++++---+-+++-+--++-++-++-+-+----+-+,0,False,"[[0.00012, 394.72736421], [0.009829, 384.78786565], [0.010408, 383.5828451], [0.013028, 341.70640444]]",3,quantum,1,
precond_pen=1.600,40,-1.496616453655017,341.70640443785715,1.6,2,75.99006795883179,25.728999137878418,0.0,0111100001110100010110010010010101111010,-++++----+++-+---+-++--+--+--+-+-++++-+-,0,False,"[[0.000136, 394.72736421], [0.011144, 384.64651553], [0.012593, 343.15040816], [23.347679, 342.96596166], [25.728999, 341.70640444]]",3,quantum,1,
precond_pen=1.700,40,-1.42039826899601,341.70640443785715,1.7,2,80.11728405952454,8.932276964187622,0.0,1000011110001011101001101101101010000101,+----++++---+-+++-+--++-++-++-+-+----+-+,0,False,"[[0.000113, 394.72736421], [0.011363, 389.37009287], [0.01264, 345.84582769], [0.056939, 343.15040816], [8.932277, 341.70640444], [80.116376, 341.70640444]]",3,quantum,1,
precond_pen=1.800,40,-1.3542058983090115,341.70640443785715,1.8,2,76.0818099975586,0.05401301383972168,0.0,0111100001110100010110010010010101111010,-++++----+++-+---+-++--+--+--+-+-++++-+-,0,False,"[[0.000111, 394.72736421], [0.010816, 391.04488576], [0.012304, 343.15040816], [0.054013, 341.70640444]]",3,quantum,1,
precond_pen=1.900,40,-1.296178471261003,341.70640443785715,1.9,2,79.39699983596802,0.05367588996887207,0.0,0111100001110100010110010010010101111010,-++++----+++-+---+-++--+--+--+-+-++++-+-,0,False,"[[0.000122, 394.72736421], [0.011392, 391.86556323], [0.012293, 348.46103805], [0.053676, 341.70640444]]",3,quantum,1,
precond_pen=2.000,40,-1.2448892597900052,341.70640443785715,2.0,2,78.52378702163696,0.053733110427856445,0.0,0111100001110100010110010010010101111010,-++++----+++-+---+-++--+--+--+-+-++++-+-,0,False,"[[0.000114, 394.72736421], [0.010562, 391.86556323], [0.011467, 348.46103805], [0.053733, 341.70640444]]",3,quantum,1,
baseline,40,361.1915394130157,361.1915394130158,,2,4690.312809944153,0.09937191009521484,0.0,0000101111010110111100000011010101100101,----+-++++-+-++-++++------++-+-+-++--+-+,0,False,"[[0.00011, 423.06382331], [0.009661, 420.67152924], [0.010812, 366.02548302], [0.099372, 361.19153941]]",4,quantum,1,
precond_pen=1.100,40,-2.3266098122419994,361.1915394130158,1.1,2,65.24125504493713,57.69821214675903,0.0,1111010000101001000011111100101010011010,++++-+----+-+--+----++++++--+-+-+--++-+-,0,False,"[[0.000148, 423.06382331], [0.012216, 406.83513487], [0.013154, 362.73343834], [57.698212, 361.19153941], [65.2403, 361.19153941]]",4,quantum,1,
precond_pen=1.200,40,-2.1136913874330165,361.1915394130158,1.2,2,57.09768891334534,50.57299208641052,0.0,1111010000101001000011111100101010011010,++++-+----+-+--+----++++++--+-+-+--++-+-,0,False,"[[0.000121, 423.06382331], [0.010045, 416.98285489], [0.010672, 415.49129319], [0.011232, 404.90725529], [0.012707, 365.15042345], [38.238932, 363.55046713], [39.544246, 362.73343834], [49.468594, 362.18858627], [50.572992, 361.19153941]]",4,quantum,1,
precond_pen=1.300,40,-1.9436388052000009,361.1915394130158,1.3,2,67.97965288162231,0.0548548698425293,0.0,1111010000101001000011111100101010011010,++++-+----+-+--+----++++++--+-+-+--++-+-,0,False,"[[0.000118, 423.06382331], [0.010777, 416.98285489], [0.011423, 415.49129319], [0.011963, 404.90725529], [0.013391, 365.15042345], [0.054855, 361.19153941]]",4,quantum,1,
precond_pen=1.400,40,-1.8046361365390098,361.1915394130158,1.4,2,61.9444739818573,40.06589484214783,0.0,0000101111010110111100000011010101100101,----+-++++-+-++-++++------++-+-+-++--+-+,0,False,"[[0.000125, 423.06382331], [0.011414, 404.90725529], [0.012899, 365.15042345], [0.057719, 362.73343834], [40.065895, 361.19153941], [61.94354, 361.19153941]]",4,quantum,1,
precond_pen=1.500,40,-1.6888575886259893,361.1915394130158,1.5,2,58.65444803237915,52.351547956466675,0.0,0000101111010110111100000011010101100101,----+-++++-+-++-++++------++-+-+-++--+-+,0,False,"[[0.000121, 423.06382331], [0.011202, 402.47052106], [0.012126, 366.02548302], [6.493662, 362.73343834], [52.351548, 361.19153941]]",4,quantum,1,
precond_pen=1.600,40,-1.5909107016569966,361.1915394130158,1.6,2,65.0778329372406,47.794934034347534,0.0,1111010000101001000011111100101010011010,++++-+----+-+--+----++++++--+-+-+--++-+-,0,False,"[[0.000132, 423.06382331], [0.011067, 406.83513487], [0.011975, 362.73343834], [6.644322, 362.18858627], [47.794934, 361.19153941]]",4,quantum,1,
precond_pen=1.700,40,-1.5069571225759901,361.1915394130158,1.7,2,68.60088896751404,5.916434049606323,0.0,1111010000101001000011111100101010011010,++++-+----+-+--+----++++++--+-+-+--++-+-,0,False,"[[0.00013, 423.06382331], [0.010861, 406.96268609], [0.012332, 367.0332419], [0.055317, 365.9366708], [4.778006, 363.46340992], [5.916434, 361.19153941]]",4,quantum,1,
precond_pen=1.800,40,-1.4341891889439928,361.1915394130158,1.8,2,62.13028693199158,45.99282193183899,0.0,0000101111010110111100000011010101100101,----+-++++-+-++-++++------++-+-+-++--+-+,0,False,"[[0.000124, 423.06382331], [0.010108, 402.37299009], [0.011588, 372.11882596], [0.054073, 364.96790908], [4.629584, 362.18858627], [45.992822, 361.19153941]]",4,quantum,1,
precond_pen=1.900,40,-1.3705049409089973,361.1915394130158,1.9,2,60.66820812225342,51.82798504829407,0.0,1111010000101001000011111100101010011010,++++-+----+-+--+----++++++--+-+-+--++-+-,0,False,"[[0.000119, 423.06382331], [0.01033, 406.09813027], [0.011497, 362.18858627], [51.827985, 361.19153941]]",4,quantum,1,
precond_pen=2.000,40,-1.314299288352995,361.1915394130158,2.0,2,64.98315119743347,56.91882801055908,0.0,1111010000101001000011111100101010011010,++++-+----+-+--+----++++++--+-+-+--++-+-,0,False,"[[0.000126, 423.06382331], [0.010961, 400.54382758], [0.012498, 366.02548302], [4.26568, 362.18858627], [56.918828, 361.19153941]]",4,quantum,1,
baseline,40,338.3808079459343,338.3808079459339,,2,6330.670901060104,419.82944917678833,0.0,0000010011010011010111111100001000111011,-----+--++-+--++-+-+++++++----+---+++-++,0,False,"[[0.000119, 368.57793674], [0.011106, 342.57993042], [416.983088, 341.62101997], [419.829449, 338.38080795], [1737.895818, 338.38080795]]",5,quantum,1,
precond_pen=1.100,40,-2.036522184043015,338.3808079459339,1.1,2,112.8254189491272,8.416950941085815,0.0,0000010011010011010111111100001000111011,-----+--++-+--++-+-+++++++----+---+++-++,0,False,"[[0.000113, 368.57793674], [0.013114, 342.57993042], [7.884851, 341.87204284], [8.416179, 341.64473495], [8.416951, 338.38080795]]",5,quantum,1,
precond_pen=1.200,40,-1.8607789373750308,338.3808079459339,1.2,2,107.25595998764038,40.41647791862488,0.0,0000010011010011010111111100001000111011,-----+--++-+--++-+-+++++++----+---+++-++,0,False,"[[0.000116, 368.57793674], [0.014163, 342.57993042], [17.666762, 341.19299273], [18.015662, 340.69134985], [18.015955, 340.58798517], [19.056387, 340.10706648], [40.416478, 338.38080795]]",5,quantum,1,
precond_pen=1.300,40,-1.719563697406004,338.3808079459339,1.3,2,99.32721614837646,55.80534100532532,0.0,1111101100101100101000000011110111000100,+++++-++--+-++--+-+-------++++-+++---+--,0,False,"[[0.000124, 368.57793674], [0.014154, 342.57993042], [38.667102, 340.20893595], [48.788421, 339.02669985], [55.805341, 338.38080795]]",5,quantum,1,
precond_pen=1.400,40,-1.603563662391025,338.3808079459339,1.4,2,105.37313604354858,78.7404670715332,0.0,1111101100101100101000000011110111000100,+++++-++--+-++--+-+-------++++-+++---+--,0,False,"[[0.000108, 368.57793674], [0.01293, 342.57993042], [8.869605, 340.65111004], [9.717601, 340.55970785], [9.717923, 338.77231184], [78.740467, 338.38080795]]",5,quantum,1,
precond_pen=1.500,40,-1.5065498359249876,338.3808079459339,1.5,2,101.63131713867188,58.54767417907715,0.0,0000010011010011010111111100001000111011,-----+--++-+--++-+-+++++++----+---+++-++,0,False,"[[0.000117, 368.57793674], [0.013287, 342.57993042], [5.872951, 342.3639468], [6.286039, 341.67118669], [14.534523, 340.95355942], [15.266049, 340.55970785], [15.266471, 340.12047213], [58.547674, 338.38080795]]",5,quantum,1,
precond_pen=1.600,40,-1.4241951999830071,338.3808079459339,1.6,2,97.65522193908691,42.695870876312256,0.0,0000010011010011010111111100001000111011,-----+--++-+--++-+-+++++++----+---+++-++,0,False,"[[0.000116, 368.57793674], [0.012651, 342.57993042], [39.58068, 339.02669985], [42.695871, 338.38080795], [97.654284, 338.38080795]]",5,quantum,1,
precond_pen=1.700,40,-1.3533985913150097,338.3808079459339,1.7,2,93.33781504631042,81.01350998878479,0.0,1111101100101100101000000011110111000100,+++++-++--+-++--+-+-------++++-+++---+--,0,False,"[[0.000111, 368.57793674], [0.012592, 342.57993042], [10.391184, 340.55970785], [10.692666, 340.20893595], [10.693066, 340.12047213], [15.332728, 340.04706931], [17.721087, 338.77231184], [81.01351, 338.38080795]]",5,quantum,1,
precond_pen=1.800,40,-1.2918785733429754,338.3808079459339,1.8,2,100.18574905395508,76.45511412620544,0.0,1111101100101100101000000011110111000100,+++++-++--+-++--+-+-------++++-+++---+--,0,False,"[[0.000109, 368.57793674], [0.012162, 342.57993042], [39.846452, 341.29704521], [39.846747, 340.58798517], [42.919111, 340.10706648], [59.303721, 339.83023254], [66.801481, 338.77231184], [76.455114, 338.38080795]]",5,quantum,1,
precond_pen=1.900,40,-1.23791852226298,338.3808079459339,1.9,2,103.92746901512146,41.39024114608765,0.0,0000010011010011010111111100001000111011,-----+--++-+--++-+-+++++++----+---+++-++,0,False,"[[0.00011, 368.57793674], [0.01192, 342.57993042], [15.640806, 341.19299273], [18.936579, 340.58798517], [18.936899, 339.83023254], [41.389977, 339.02669985], [41.390241, 338.38080795]]",5,quantum,1,
precond_pen=2.000,40,-1.1902017229840087,338.3808079459339,2.0,2,99.67538809776306,84.33668303489685,0.0,0000010011010011010111111100001000111011,-----+--++-+--++-+-+++++++----+---+++-++,0,False,"[[0.000109, 368.57793674], [0.011946, 342.57993042], [8.886421, 341.85416486], [8.886677, 341.61752024], [9.055373, 340.65111004], [9.397683, 340.55970785], [10.190429, 340.12047213], [10.669219, 339.62308546], [12.660084, 338.77231184], [84.336683, 338.38080795], [99.674437, 338.38080795]]",5,quantum,1,
baseline,40,357.41719624823975,357.41719624823963,,2,8368.950548171997,1933.3160841464996,0.0,1101000011010011100100111001101010010101,++-+----++-+--+++--+--+++--++-+-+--+-+-+,0,False,"[[0.000111, 406.99585347], [0.008688, 401.02239802], [0.01079, 401.01863914], [0.012322, 358.61570913], [0.102211, 358.59362652], [1896.752016, 358.20517569], [1933.316084, 357.41719625], [8368.949384, 357.41719625]]",6,quantum,1,
precond_pen=1.100,40,-2.069377031024999,357.41719624823963,1.1,2,95.63976502418518,41.173152923583984,0.0,0010111100101100011011000110010101101010,--+-++++--+-++---++-++---++--+-+-++-+-+-,0,False,"[[0.000122, 406.99585347], [0.011305, 391.09876041], [0.013078, 358.97691171], [0.055533, 358.97795875], [38.505515, 358.9042261], [41.173153, 357.41719625]]",6,quantum,1,
precond_pen=1.200,40,-1.8861044544210106,357.41719624823963,1.2,2,99.1490261554718,11.80030107498169,0.0,1101000011010011100100111001101010010101,++-+----++-+--+++--+--+++--++-+-+--+-+-+,0,False,"[[0.000124, 406.99585347], [0.011378, 392.80346904], [0.013079, 358.97691171], [0.054291, 358.61570913], [10.256494, 357.42194302], [11.800301, 357.41719625]]",6,quantum,1,
precond_pen=1.300,40,-1.7395997784989952,357.41719624823963,1.3,2,95.24128198623657,0.05638384819030762,0.0,0010111100101100011011000110010101101010,--+-++++--+-++---++-++---++--+-+-++-+-+-,0,False,"[[0.000125, 406.99585347], [0.010716, 399.83560338], [0.012162, 358.97691171], [0.056384, 357.41719625]]",6,quantum,1,
precond_pen=1.400,40,-1.619749108275002,357.41719624823963,1.4,2,96.22939085960388,38.746301889419556,0.0,1101000011010011100100111001101010010101,++-+----++-+--+++--+--+++--++-+-+--+-+-+,0,False,"[[0.000123, 406.99585347], [0.010282, 386.63498249], [0.011537, 364.9341002], [0.056012, 361.50217011], [0.778545, 358.69357899], [38.746302, 357.41719625], [96.228298, 357.41719625]]",6,quantum,1,
precond_pen=1.500,40,-1.5198496395800039,357.41719624823963,1.5,2,105.94074296951294,61.59819293022156,0.0,1101000011010011100100111001101010010101,++-+----++-+--+++--+--+++--++-+-+--+-+-+,0,False,"[[0.000122, 406.99585347], [0.010002, 392.93658361], [0.011752, 359.25755267], [0.056445, 358.69357899], [61.598193, 357.41719625], [105.939657, 357.41719625]]",6,quantum,1,
precond_pen=1.600,40,-1.4352799821149809,357.41719624823963,1.6,2,103.95952606201172,47.396703004837036,0.0,0010111100101100011011000110010101101010,--+-++++--+-++---++-++---++--+-+-++-+-+-,0,False,"[[0.000124, 406.99585347], [0.010221, 387.52568999], [0.011465, 359.25755267], [44.854547, 358.20517569], [47.396703, 357.41719625]]",6,quantum,1,
precond_pen=1.700,40,-1.3627484100890115,357.41719624823963,1.7,2,98.40357708930969,8.02921199798584,0.0,0010111100101100011011000110010101101010,--+-++++--+-++---++-++---++--+-+-++-+-+-,0,False,"[[0.000123, 406.99585347], [0.010214, 387.06921647], [0.011733, 362.56446408], [5.662776, 361.945688], [7.815648, 361.52642339], [7.815981, 359.29871822], [7.816211, 359.10915703], [8.029212, 357.41719625]]",6,quantum,1,
precond_pen=1.800,40,-1.299845834139008,357.41719624823963,1.8,2,95.87713122367859,0.01175999641418457,0.0,1101000011010011100100111001101010010101,++-+----++-+--+++--+--+++--++-+-+--+-+-+,0,False,"[[0.000126, 406.99585347], [0.010247, 387.70557458], [0.01176, 357.41719625]]",6,quantum,1,
precond_pen=1.900,40,-1.2447675459669831,357.41719624823963,1.9,2,98.47037100791931,51.37491703033447,0.0,0010111100101100011011000110010101101010,--+-++++--+-++---++-++---++--+-+-++-+-+-,0,False,"[[0.00012, 406.99585347], [0.010089, 387.10651652], [0.011354, 363.52940257], [0.055357, 362.21537675], [11.901122, 361.66834141], [12.164248, 359.29426558], [13.800317, 359.32387011], [14.245801, 359.14796499], [14.665537, 358.86357044], [15.300803, 358.61570913], [51.374611, 357.42194302], [51.374917, 357.41719625], [98.469402, 357.41719625]]",6,quantum,1,
precond_pen=2.000,40,-1.1961346354409894,357.41719624823963,2.0,2,91.79385185241699,12.682694911956787,0.0,1101000011010011100100111001101010010101,++-+----++-+--+++--+--+++--++-+-+--+-+-+,0,False,"[[0.000121, 406.99585347], [0.00974, 387.06921647], [0.011247, 362.56446408], [5.528518, 362.58340398], [5.755309, 359.90623609], [6.379241, 359.72426551], [7.456385, 359.10915703], [12.036069, 358.9042261], [12.682695, 357.41719625]]",6,quantum,1,
baseline,40,347.84140469864803,347.84140469864894,,2,4764.804636001587,0.011273860931396484,0.0,1101011010001010111011011000010110110000,++-+-++-+---+-+-+++-++-++----+-++-++----,0,False,"[[0.000115, 411.24819091], [0.008688, 408.91450976], [0.009454, 407.10957602], [0.011274, 347.8414047]]",7,quantum,1,
precond_pen=1.100,40,-2.1832688287600046,347.84140469864894,1.1,2,70.0140860080719,0.012396097183227539,0.0,0010100101110101000100100111101001001111,--+-+--+-+++-+-+---+--+--++++-+--+--++++,0,False,"[[0.000113, 411.24819091], [0.010869, 387.8160034], [0.012396, 347.8414047]]",7,quantum,1,
precond_pen=1.200,40,-1.9890677311850187,347.84140469864894,1.2,2,80.20982313156128,0.013303041458129883,0.0,0010100101110101000100100111101001001111,--+-+--+-+++-+-+---+--+--++++-+--+--++++,0,False,"[[0.000114, 411.24819091], [0.010342, 394.61994097], [0.011792, 389.76543853], [0.013303, 347.8414047]]",7,quantum,1,
precond_pen=1.300,40,-1.8335127983989974,347.84140469864894,1.3,2,74.3375608921051,0.012051820755004883,0.0,0010100101110101000100100111101001001111,--+-+--+-+++-+-+---+--+--++++-+--+--++++,0,False,"[[0.000111, 411.24819091], [0.010575, 390.44760073], [0.012052, 347.8414047]]",7,quantum,1,
precond_pen=1.400,40,-1.7060540591929811,347.84140469864894,1.4,2,70.022292137146,0.013087034225463867,0.0,0010100101110101000100100111101001001111,--+-+--+-+++-+-+---+--+--++++-+--+--++++,0,False,"[[0.000114, 411.24819091], [0.011604, 388.35110516], [0.013087, 347.8414047]]",7,quantum,1,
precond_pen=1.500,40,-1.5996748137420127,347.84140469864894,1.5,2,73.62763118743896,54.168209075927734,0.0,0010100101110101000100100111101001001111,--+-+--+-+++-+-+---+--+--++++-+--+--++++,0,False,"[[0.000111, 411.24819091], [0.010974, 396.22570504], [0.012164, 351.80701711], [5.229465, 350.4599071], [43.468497, 348.50494852], [52.671293, 348.25626115], [54.168209, 347.8414047]]",7,quantum,1,
precond_pen=1.600,40,-1.5095228459469912,347.84140469864894,1.6,2,69.15168380737305,6.089332818984985,0.0,1101011010001010111011011000010110110000,++-+-++-+---+-+-+++-++-++----+-++-++----,0,False,"[[0.000114, 411.24819091], [0.010453, 379.2967938], [0.011384, 348.50494852], [6.089087, 347.99707857], [6.089333, 347.8414047], [69.1507, 347.8414047]]",7,quantum,1,
precond_pen=1.700,40,-1.4321337971110069,347.84140469864894,1.7,2,72.93329501152039,0.012707948684692383,0.0,0010100101110101000100100111101001001111,--+-+--+-+++-+-+---+--+--++++-+--+--++++,0,False,"[[0.000112, 411.24819091], [0.009867, 394.61994097], [0.011247, 390.9319984], [0.012708, 347.8414047]]",7,quantum,1,
precond_pen=1.800,40,-1.3649671250389872,347.84140469864894,1.8,2,73.18583798408508,0.05605196952819824,0.0,1101011010001010111011011000010110110000,++-+-++-+---+-+-+++-++-++----+-++-++----,0,False,"[[0.000126, 411.24819091], [0.010886, 393.12992158], [0.012094, 351.80701711], [0.056052, 347.8414047]]",7,quantum,1,
precond_pen=1.900,40,-1.3061161709870017,347.84140469864894,1.9,2,73.61988496780396,0.011998176574707031,0.0,0010100101110101000100100111101001001111,--+-+--+-+++-+-+---+--+--++++-+--+--++++,0,False,"[[0.000127, 411.24819091], [0.010531, 390.44760073], [0.011998, 347.8414047]]",7,quantum,1,
precond_pen=2.000,40,-1.2541222963869973,347.84140469864894,2.0,2,74.0909731388092,0.01232004165649414,0.0,0010100101110101000100100111101001001111,--+-+--+-+++-+-+---+--+--++++-+--+--++++,0,False,"[[0.000118, 411.24819091], [0.010868, 390.44760073], [0.01232, 347.8414047]]",7,quantum,1,
baseline,40,344.0738803874753,344.0738803874768,,2,4768.086719036102,0.09949898719787598,0.0,1101110000001110110011000100011110100011,++-+++------+++-++--++---+---++++-+---++,0,False,"[[0.000124, 382.12777273], [0.00878, 379.17258227], [0.009368, 378.57521791], [0.010698, 353.96238852], [0.099499, 344.07388039]]",8,quantum,1,
precond_pen=1.100,40,-2.153838170182013,344.0738803874768,1.1,2,65.93148493766785,0.012721061706542969,0.0,1101110000001110110011000100011110100011,++-+++------+++-++--++---+---++++-+---++,0,False,"[[0.000122, 382.12777273], [0.012721, 344.07388039]]",8,quantum,1,
precond_pen=1.200,40,-1.964849974174987,344.0738803874768,1.2,2,63.70572209358215,0.012660026550292969,0.0,1101110000001110110011000100011110100011,++-+++------+++-++--++---+---++++-+---++,0,False,"[[0.000125, 382.12777273], [0.011427, 376.4188918], [0.01266, 344.07388039]]",8,quantum,1,
precond_pen=1.300,40,-1.8130638184809804,344.0738803874768,1.3,2,64.58000016212463,0.012515068054199219,0.0,1101110000001110110011000100011110100011,++-+++------+++-++--++---+---++++-+---++,0,False,"[[0.000136, 382.12777273], [0.012515, 344.07388039]]",8,quantum,1,
precond_pen=1.400,40,-1.688433855236001,344.0738803874768,1.4,2,72.56832218170166,0.0116729736328125,0.0,1101110000001110110011000100011110100011,++-+++------+++-++--++---+---++++-+---++,0,False,"[[0.000124, 382.12777273], [0.010496, 381.64452267], [0.011673, 344.07388039]]",8,quantum,1,
precond_pen=1.500,40,-1.5842425528009763,344.0738803874768,1.5,2,64.82034111022949,0.012356042861938477,0.0,1101110000001110110011000100011110100011,++-+++------+++-++--++---+---++++-+---++,0,False,"[[0.000124, 382.12777273], [0.010849, 380.46827991], [0.012356, 344.07388039]]",8,quantum,1,
precond_pen=1.600,40,-1.49582578049902,344.0738803874768,1.6,2,62.73419809341431,0.012681007385253906,0.0,1101110000001110110011000100011110100011,++-+++------+++-++--++---+---++++-+---++,0,False,"[[0.000116, 382.12777273], [0.011225, 380.94440956], [0.012681, 344.07388039]]",8,quantum,1,
precond_pen=1.700,40,-1.419841784735004,344.0738803874768,1.7,2,67.83393383026123,0.014247894287109375,0.0,1101110000001110110011000100011110100011,++-+++------+++-++--++---+---++++-+---++,0,False,"[[0.000122, 382.12777273], [0.013301, 378.80476723], [0.014248, 344.07388039]]",8,quantum,1,
precond_pen=1.800,40,-1.3538328663500003,344.0738803874768,1.8,2,69.54263019561768,0.012302160263061523,0.0,1101110000001110110011000100011110100011,++-+++------+++-++--++---+---++++-+---++,0,False,"[[0.000117, 382.12777273], [0.011116, 380.24872209], [0.012302, 344.07388039]]",8,quantum,1,
precond_pen=1.900,40,-1.2959505541070087,344.0738803874768,1.9,2,67.21486711502075,0.011512041091918945,0.0,1101110000001110110011000100011110100011,++-+++------+++-++--++---+---++++-+---++,0,False,"[[0.000122, 382.12777273], [0.010344, 379.89067788], [0.011512, 344.07388039]]",8,quantum,1,
precond_pen=2.000,40,-1.244777431330002,344.0738803874768,2.0,2,67.22105407714844,0.011985063552856445,0.0,1101110000001110110011000100011110100011,++-+++------+++-++--++---+---++++-+---++,0,False,"[[0.000109, 382.12777273], [0.011056, 378.80476723], [0.011985, 344.07388039]]",8,quantum,1,
baseline,40,351.667257167801,351.6672571678007,,2,6246.105570077896,263.14140796661377,0.0,1100011110000011100001111101111010100000,++---++++-----+++----+++++-++++-+-+-----,0,False,"[[0.000123, 397.23338564], [0.008869, 392.90295011], [0.009922, 384.8853936], [0.011183, 354.73252399], [241.736517, 354.17084142], [241.738823, 353.44905198], [263.141408, 351.66725717]]",9,quantum,1,
precond_pen=1.100,40,-2.0016168869609903,351.6672571678007,1.1,2,112.03115010261536,51.10728907585144,0.0,0011100001111100011110000010000101011111,--+++----+++++---++++-----+----+-+-+++++,0,False,"[[0.000111, 397.23338564], [0.011268, 376.72724548], [0.012148, 352.94313462], [9.498803, 352.31561579], [51.107289, 351.66725717]]",9,quantum,1,
precond_pen=1.200,40,-1.8277519973670024,351.6672571678007,1.2,2,100.06910800933838,67.02232909202576,0.0,1100011110000011100001111101111010100000,++---++++-----+++----+++++-++++-+-+-----,0,False,"[[0.000116, 397.23338564], [0.011141, 374.58883043], [0.012442, 352.56787868], [40.893507, 352.31561579], [67.022329, 351.66725717], [100.068031, 351.66725717]]",9,quantum,1,
precond_pen=1.300,40,-1.6883665942409944,351.6672571678007,1.3,2,102.70618200302124,77.39808320999146,0.0,1100011110000011100001111101111010100000,++---++++-----+++----+++++-++++-+-+-----,0,False,"[[0.00013, 397.23338564], [0.011864, 371.20562079], [0.013138, 352.56787868], [68.667205, 352.31561579], [75.16544, 351.70877272], [77.398083, 351.66725717]]",9,quantum,1,
precond_pen=1.400,40,-1.5740845608459928,351.6672571678007,1.4,2,104.36243486404419,64.40301394462585,0.0,1100011110000011100001111101111010100000,++---++++-----+++----+++++-++++-+-+-----,0,False,"[[0.000115, 397.23338564], [0.012263, 383.34957774], [0.013515, 355.01138276], [17.330272, 354.31339687], [58.67842, 353.20263135], [60.310017, 352.56787868], [64.403014, 351.66725717]]",9,quantum,1,
precond_pen=1.500,40,-1.4786570886389985,351.6672571678007,1.5,2,103.31647419929504,72.97844910621643,0.0,1100011110000011100001111101111010100000,++---++++-----+++----+++++-++++-+-+-----,0,False,"[[0.000115, 397.23338564], [0.011431, 373.29769753], [0.012754, 352.56787868], [70.088448, 352.31561579], [72.210757, 351.70877272], [72.978449, 351.66725717]]",9,quantum,1,
precond_pen=1.600,40,-1.3977570516789974,351.6672571678007,1.6,2,104.73510313034058,69.48848295211792,0.0,1100011110000011100001111101111010100000,++---++++-----+++----+++++-++++-+-+-----,0,False,"[[0.000119, 397.23338564], [0.013262, 383.94435639], [0.014653, 352.56787868], [43.153145, 352.31561579], [69.488483, 351.66725717], [104.734101, 351.66725717]]",9,quantum,1,
precond_pen=1.700,40,-1.3282906817059903,351.6672571678007,1.7,2,108.73744297027588,0.012279033660888672,0.0,0011100001111100011110000010000101011111,--+++----+++++---++++-----+----+-+-+++++,0,False,"[[0.000123, 397.23338564], [0.011084, 392.11304739], [0.012279, 351.66725717]]",9,quantum,1,
precond_pen=1.800,40,-1.2679868413829904,351.6672571678007,1.8,2,106.28759789466858,71.62637782096863,0.0,0011100001111100011110000010000101011111,--+++----+++++---++++-----+----+-+-+++++,0,False,"[[0.000184, 397.23338564], [0.011044, 375.17738891], [0.011993, 352.56787868], [70.972629, 351.70877272], [71.626378, 351.66725717]]",9,quantum,1,
precond_pen=1.900,40,-1.2151399652139894,351.6672571678007,1.9,2,105.23395705223083,68.04052901268005,0.0,0011100001111100011110000010000101011111,--+++----+++++---++++-----+----+-+-+++++,0,False,"[[0.000112, 397.23338564], [0.010329, 375.17738891], [0.011284, 352.56787868], [67.066334, 351.70877272], [68.040529, 351.66725717]]",9,quantum,1,
precond_pen=2.000,40,-1.168444034543004,351.6672571678007,2.0,2,99.85518789291382,41.63797092437744,0.0,1100011110000011100001111101111010100000,++---++++-----+++----+++++-++++-+-+-----,0,False,"[[0.000112, 397.23338564], [0.010365, 375.17738891], [0.011319, 352.56787868], [41.637971, 351.66725717], [99.854247, 351.66725717]]",9,quantum,1,
baseline,40,356.3456683955863,356.3456683955856,,2,9048.621315002441,723.8646080493927,0.0,0110100011100110100101000011010110110110,-++-+---+++--++-+--+-+----++-+-++-++-++-,0,False,"[[0.000118, 403.54286436], [0.008655, 395.87115752], [0.010058, 395.07561752], [0.011671, 360.06851717], [0.099811, 358.12114399], [554.684716, 357.64174828], [723.864608, 356.3456684]]",10,quantum,1,
precond_pen=1.100,40,-2.080218054271013,356.3456683955856,1.1,2,99.30390405654907,62.16568207740784,0.0,0110100011100110100101000011010110110110,-++-+---+++--++-+--+-+----++-+-++-++-++-,0,False,"[[0.000122, 403.54286436], [0.011861, 400.53028202], [0.013285, 361.02160718], [0.05512, 358.12114399], [50.086148, 357.52337534], [62.165682, 356.3456684]]",10,quantum,1,
precond_pen=1.200,40,-1.8982383254600084,356.3456683955856,1.2,2,91.98609495162964,54.80967307090759,0.0,0110100011100110100101000011010110110110,-++-+---+++--++-+--+-+----++-+-++-++-++-,0,False,"[[0.000115, 403.54286436], [0.010386, 399.49402891], [0.010948, 395.99901269], [0.011495, 395.43111428], [0.012672, 359.77656507], [6.625405, 357.79213664], [46.54935, 357.75002835], [46.549633, 357.52337534], [54.809673, 356.3456684], [91.985091, 356.3456684]]",10,quantum,1,
precond_pen=1.300,40,-1.7522786800759906,356.3456683955856,1.3,2,101.65021014213562,54.25383806228638,0.0,0110100011100110100101000011010110110110,-++-+---+++--++-+--+-+----++-+-++-++-++-,0,False,"[[0.000125, 403.54286436], [0.012067, 394.98525802], [0.013268, 361.02160718], [0.055997, 358.12114399], [19.289563, 357.64174828], [42.974655, 357.49534831], [53.989124, 357.0236769], [54.253838, 356.3456684]]",10,quantum,1,
precond_pen=1.400,40,-1.632558699598965,356.3456683955856,1.4,2,98.01052498817444,75.02722811698914,0.0,0110100011100110100101000011010110110110,-++-+---+++--++-+--+-+----++-+-++-++-++-,0,False,"[[0.000124, 403.54286436], [0.011998, 400.92523198], [0.012909, 361.85248547], [0.055307, 357.83044732], [68.981758, 357.52337534], [75.027228, 356.3456684], [98.009528, 356.3456684]]",10,quantum,1,
precond_pen=1.500,40,-1.53255637640601,356.3456683955856,1.5,2,97.14109587669373,55.11430096626282,0.0,0110100011100110100101000011010110110110,-++-+---+++--++-+--+-+----++-+-++-++-++-,0,False,"[[0.000118, 403.54286436], [0.011846, 397.81266937], [0.013608, 357.52337534], [55.114301, 356.3456684]]",10,quantum,1,
precond_pen=1.600,40,-1.4477522398199927,356.3456683955856,1.6,2,112.52456593513489,50.09432792663574,0.0,1001011100011001011010111100101001001001,+--+-+++---++--+-++-+-++++--+-+--+--+--+,0,False,"[[0.000122, 403.54286436], [0.011656, 397.0548196], [0.013104, 359.77656507], [0.056992, 358.12114399], [46.973623, 357.58268859], [50.094328, 356.3456684], [112.523587, 356.3456684]]",10,quantum,1,
precond_pen=1.700,40,-1.3749140271219762,356.3456683955856,1.7,2,103.14773321151733,60.331868171691895,0.0,1001011100011001011010111100101001001001,+--+-+++---++--+-++-+-++++--+-+--+--+--+,0,False,"[[0.000125, 403.54286436], [0.011206, 403.03524253], [0.012664, 357.52337534], [60.331868, 356.3456684]]",10,quantum,1,
precond_pen=1.800,40,-1.3116681411719977,356.3456683955856,1.8,2,100.88158202171326,75.51031589508057,0.0,0110100011100110100101000011010110110110,-++-+---+++--++-+--+-+----++-+-++-++-++-,0,False,"[[0.000113, 403.54286436], [0.010672, 396.81715489], [0.0112, 395.99901269], [0.012955, 358.12114399], [0.053935, 357.79213664], [47.33819, 357.52337534], [75.510316, 356.3456684]]",10,quantum,1,
precond_pen=1.900,40,-1.2562311977389928,356.3456683955856,1.9,2,97.06679701805115,49.092474937438965,0.0,1001011100011001011010111100101001001001,+--+-+++---++--+-++-+-++++--+-+--+--+--+,0,False,"[[0.000115, 403.54286436], [0.012306, 397.30659636], [0.013556, 357.52337534], [49.092475, 356.3456684], [97.065837, 356.3456684]]",10,quantum,1,
precond_pen=2.000,40,-1.2072371204269832,356.3456683955856,2.0,2,97.40574216842651,75.37288308143616,0.0,0110100011100110100101000011010110110110,-++-+---+++--++-+--+-+----++-+-++-++-++-,0,False,"[[0.000114, 403.54286436], [0.010946, 398.84457462], [0.012119, 359.77656507], [0.056673, 358.12114399], [19.20998, 358.13789214], [21.181542, 357.83044732], [70.239139, 357.64174828], [72.116142, 357.49534831], [73.402991, 357.0236769], [75.372883, 356.3456684]]",10,quantum,1,
baseline,40,338.43768671412295,338.4376867141241,,2,6311.604439020157,2395.677378177643,0.0,1011000000101001100100011011110000111111,+-++------+-+--++--+---++-++++----++++++,0,False,"[[0.000119, 401.01048938], [0.008756, 389.66287299], [0.009248, 388.39155409], [0.0117, 340.74443866], [2394.702462, 340.31659232], [2395.677378, 338.43768671], [6311.603347, 338.43768671]]",11,quantum,1,
precond_pen=1.100,40,-2.090482312655018,338.4376867141241,1.1,2,101.0473518371582,0.05398082733154297,0.0,1011000000101001100100011011110000111111,+-++------+-+--++--+---++-++++----++++++,0,False,"[[0.000112, 401.01048938], [0.01127, 399.03943926], [0.01239, 345.50152945], [0.053981, 338.43768671]]",11,quantum,1,
precond_pen=1.200,40,-1.9096574409499993,338.4376867141241,1.2,2,85.41917300224304,0.01373600959777832,0.0,1011000000101001100100011011110000111111,+-++------+-+--++--+---++-++++----++++++,0,False,"[[0.000114, 401.01048938], [0.011716, 377.66096454], [0.013736, 338.43768671]]",11,quantum,1,
precond_pen=1.300,40,-1.7642226322600205,338.4376867141241,1.3,2,92.30556297302246,9.782306909561157,0.0,0100111111010110011011100100001111000000,-+--++++++-+-++--++-+++--+----++++------,0,False,"[[0.00012, 401.01048938], [0.009457, 392.32021376], [0.009949, 388.39155409], [0.010603, 387.42253691], [0.011714, 345.50152945], [0.052784, 341.21015883], [0.053023, 340.74443866], [9.267836, 340.84419518], [9.782307, 338.43768671]]",11,quantum,1,
precond_pen=1.400,40,-1.644668015192007,338.4376867141241,1.4,2,83.29125785827637,0.013100862503051758,0.0,0100111111010110011011100100001111000000,-+--++++++-+-++--++-+++--+----++++------,0,False,"[[0.000109, 401.01048938], [0.01122, 386.46707732], [0.013101, 338.43768671]]",11,quantum,1,
precond_pen=1.500,40,-1.5446208678879838,338.4376867141241,1.5,2,82.04821395874023,53.39880609512329,0.0,0100111111010110011011100100001111000000,-+--++++++-+-++--++-+++--+----++++------,0,False,"[[0.000101, 401.01048938], [0.010871, 385.32858972], [0.01285, 340.74443866], [53.398443, 338.94198621], [53.398806, 338.43768671]]",11,quantum,1,
precond_pen=1.600,40,-1.4596485204960263,338.4376867141241,1.6,2,86.43966507911682,46.81762504577637,0.0,1011000000101001100100011011110000111111,+-++------+-+--++--+---++-++++----++++++,0,False,"[[0.000113, 401.01048938], [0.010995, 388.32893171], [0.013925, 340.74443866], [45.498417, 339.79943527], [46.817625, 338.43768671], [86.438699, 338.43768671]]",11,quantum,1,
precond_pen=1.700,40,-1.3865703419799988,338.4376867141241,1.7,2,90.22062087059021,63.63177299499512,0.0,0100111111010110011011100100001111000000,-+--++++++-+-++--++-+++--+----++++------,0,False,"[[0.000477, 401.01048938], [0.00967, 391.1797242], [0.010153, 388.39155409], [0.013257, 340.74443866], [60.701657, 338.94198621], [63.631773, 338.43768671]]",11,quantum,1,
precond_pen=1.800,40,-1.3230444008340072,338.4376867141241,1.8,2,83.12060809135437,41.32852005958557,0.0,0100111111010110011011100100001111000000,-+--++++++-+-++--++-+++--+----++++------,0,False,"[[0.000122, 401.01048938], [0.010288, 391.81022027], [0.011413, 344.35924239], [0.056517, 343.51751393], [0.554367, 342.65451496], [1.599568, 341.21015883], [38.463763, 339.02543908], [41.32852, 338.43768671], [83.119611, 338.43768671]]",11,quantum,1,
precond_pen=1.900,40,-1.267306908747008,338.4376867141241,1.9,2,90.72020697593689,0.05719590187072754,0.0,0100111111010110011011100100001111000000,-+--++++++-+-++--++-+++--+----++++------,0,False,"[[0.000121, 401.01048938], [0.011047, 391.91589101], [0.012427, 343.17662653], [0.057196, 338.43768671]]",11,quantum,1,
precond_pen=2.000,40,-1.2180046677619885,338.4376867141241,2.0,2,86.53506588935852,42.066226959228516,0.0,1011000000101001100100011011110000111111,+-++------+-+--++--+---++-++++----++++++,0,False,"[[0.000123, 401.01048938], [0.010481, 386.06481307], [0.011692, 344.35924239], [0.056401, 343.51751393], [6.786123, 342.35232227], [39.195888, 340.40785332], [42.066227, 338.43768671]]",11,quantum,1,
baseline,40,349.56467005058045,349.5646700505817,,2,4980.489626169205,1711.9198441505432,0.0,0111101010011101010001110100000100110011,-++++-+-+--+++-+-+---+++-+-----+--++--++,0,False,"[[0.000128, 405.9911877], [0.008457, 405.34780862], [0.008953, 402.72882965], [0.010494, 350.64935966], [1710.071488, 349.64884745], [1711.919844, 349.56467005], [4980.488383, 349.56467005]]",12,quantum,1,
precond_pen=1.100,40,-2.221482401693015,349.5646700505817,1.1,2,77.74892210960388,14.502038955688477,0.0,0111101010011101010001110100000100110011,-++++-+-+--+++-+-+---+++-+-----+--++--++,0,False,"[[0.000125, 405.9911877], [0.011201, 396.47351702], [0.012708, 352.19648717], [11.543809, 351.72826158], [14.095703, 349.64884745], [14.502039, 349.56467005]]",12,quantum,1,
precond_pen=1.200,40,-2.0243934658070053,349.5646700505817,1.2,2,84.56362891197205,71.49339604377747,0.0,1000010101100010101110001011111011001100,+----+-+-++---+-+-+++---+-+++++-++--++--,0,False,"[[0.000121, 405.9911877], [0.011799, 397.27081272], [0.01301, 356.35323862], [0.054909, 350.64935966], [45.942714, 350.57559809], [70.953643, 350.07853502], [71.493396, 349.56467005]]",12,quantum,1,
precond_pen=1.300,40,-1.8662958457260181,349.5646700505817,1.3,2,86.02741694450378,43.85970211029053,0.0,0111101010011101010001110100000100110011,-++++-+-+--+++-+-+---+++-+-----+--++--++,0,False,"[[0.000122, 405.9911877], [0.011196, 397.98706123], [0.01246, 350.64935966], [43.543942, 349.64884745], [43.859702, 349.56467005]]",12,quantum,1,
precond_pen=1.400,40,-1.7366024879949968,349.5646700505817,1.4,2,76.6252908706665,62.98726987838745,0.0,1000010101100010101110001011111011001100,+----+-+-++---+-+-+++---+-+++++-++--++--,0,False,"[[0.000111, 405.9911877], [0.011308, 402.13302139], [0.012516, 354.95035971], [4.448834, 354.48257215], [4.449235, 353.76628375], [4.449421, 353.22463533], [5.344833, 351.79571209], [7.919985, 351.3367934], [14.206258, 351.12864315], [52.738821, 350.57559809], [62.503583, 350.07853502], [62.98727, 349.56467005]]",12,quantum,1,
precond_pen=1.500,40,-1.6282534602660057,349.5646700505817,1.5,2,79.21160292625427,0.05475306510925293,0.0,0111101010011101010001110100000100110011,-++++-+-+--+++-+-+---+++-+-----+--++--++,0,False,"[[0.000125, 405.9911877], [0.010712, 386.41379987], [0.012654, 350.57559809], [0.054753, 349.56467005]]",12,quantum,1,
precond_pen=1.600,40,-1.5363578409609993,349.5646700505817,1.6,2,85.37120985984802,0.05426192283630371,0.0,0111101010011101010001110100000100110011,-++++-+-+--+++-+-+---+++-+-----+--++--++,0,False,"[[0.000126, 405.9911877], [0.010636, 398.12323816], [0.011552, 356.93420177], [0.054262, 349.56467005]]",12,quantum,1,
precond_pen=1.700,40,-1.4574177572790106,349.5646700505817,1.7,2,83.8700430393219,0.054934024810791016,0.0,0111101010011101010001110100000100110011,-++++-+-+--+++-+-+---+++-+-----+--++--++,0,False,"[[0.000123, 405.9911877], [0.010245, 399.16504194], [0.011464, 354.95035971], [0.054934, 349.56467005]]",12,quantum,1,
precond_pen=1.800,40,-1.3888639529619926,349.5646700505817,1.8,2,80.78228902816772,0.05385184288024902,0.0,0111101010011101010001110100000100110011,-++++-+-+--+++-+-+---+++-+-----+--++--++,0,False,"[[0.000122, 405.9911877], [0.009948, 392.3829869], [0.011173, 356.32617676], [0.053852, 349.56467005]]",12,quantum,1,
precond_pen=1.900,40,-1.3287663899059776,349.5646700505817,1.9,2,78.86632513999939,0.05301713943481445,0.0,0111101010011101010001110100000100110011,-++++-+-+--+++-+-+---+++-+-----+--++--++,0,False,"[[0.000127, 405.9911877], [0.010383, 393.46577443], [0.011638, 356.32617676], [0.053017, 349.56467005]]",12,quantum,1,
precond_pen=2.000,40,-1.275646749429006,349.5646700505817,2.0,2,84.42493200302124,0.05737185478210449,0.0,0111101010011101010001110100000100110011,-++++-+-+--+++-+-+---+++-+-----+--++--++,0,False,"[[0.000121, 405.9911877], [0.010416, 389.87044764], [0.01172, 356.32617676], [0.057372, 349.56467005]]",12,quantum,1,
baseline,40,348.16072597735143,348.16072597735143,,2,7208.892578125,273.5344021320343,0.0,1111100001100110000111011100010100100101,+++++----++--++----+++-+++---+-+--+--+-+,0,False,"[[0.00011, 384.82578282], [0.010258, 353.36079256], [0.098894, 352.34082616], [0.10115, 349.17900658], [4.580231, 348.32697428], [271.92612, 348.16732702], [273.534402, 348.16072598], [7208.890957, 348.16072598]]",13,quantum,1,
precond_pen=1.100,40,-2.0057780246890022,348.16072597735143,1.1,2,115.58761096000671,50.79612112045288,0.0,0000011110011001111000100011101011011010,-----++++--++--++++---+---+++-+-++-++-+-,0,False,"[[0.000121, 384.82578282], [0.011166, 382.07636693], [0.012149, 350.55415721], [8.38033, 350.12244537], [9.554018, 349.79000468], [49.362517, 348.32697428], [49.362836, 348.16732702], [50.796121, 348.16072598]]",13,quantum,1,
precond_pen=1.200,40,-1.8316069599740157,348.16072597735143,1.2,2,116.09195899963379,85.71442890167236,0.0,0000011110011001111000100011101011011010,-----++++--++--++++---+---+++-+-++-++-+-,0,False,"[[0.000127, 384.82578282], [0.011785, 353.36079256], [0.054387, 349.17900658], [12.696595, 348.32697428], [85.714429, 348.16072598], [116.090832, 348.16072598]]",13,quantum,1,
precond_pen=1.300,40,-1.6919687745300358,348.16072597735143,1.3,2,106.6618070602417,41.2055881023407,0.0,0000011110011001111000100011101011011010,-----++++--++--++++---+---+++-+-++-++-+-,0,False,"[[0.000119, 384.82578282], [0.012169, 353.36079256], [0.582504, 353.05906005], [0.582728, 352.34694166], [0.582879, 351.90901658], [0.753387, 350.27575461], [41.205153, 348.93802674], [41.205421, 348.67246897], [41.205588, 348.16072598], [106.660745, 348.16072598]]",13,quantum,1,
precond_pen=1.400,40,-1.5774715303439955,348.16072597735143,1.4,2,112.85584807395935,64.5176899433136,0.0,0000011110011001111000100011101011011010,-----++++--++--++++---+---+++-+-++-++-+-,0,False,"[[0.000123, 384.82578282], [0.01082, 381.12764361], [0.012009, 349.79000468], [40.544221, 349.61548307], [64.51769, 348.16072598], [112.854849, 348.16072598]]",13,quantum,1,
precond_pen=1.500,40,-1.4818570023819895,348.16072597735143,1.5,2,108.4951069355011,66.9110369682312,0.0,1111100001100110000111011100010100100101,+++++----++--++----+++-+++---+-+--+--+-+,0,False,"[[0.000124, 384.82578282], [0.011812, 383.47714729], [0.013078, 350.27575461], [0.055836, 348.32697428], [66.911037, 348.16072598], [108.494051, 348.16072598]]",13,quantum,1,
precond_pen=1.600,40,-1.4007915569150082,348.16072597735143,1.6,2,101.6063551902771,48.15758299827576,0.0,0000011110011001111000100011101011011010,-----++++--++--++++---+---+++-+-++-++-+-,0,False,"[[0.000121, 384.82578282], [0.012297, 353.36079256], [7.337892, 349.61548307], [45.620128, 349.0236797], [45.62038, 348.39638276], [48.157583, 348.16072598]]",13,quantum,1,
precond_pen=1.700,40,-1.3311772857769881,348.16072597735143,1.7,2,113.0114860534668,20.42339015007019,0.0,0000011110011001111000100011101011011010,-----++++--++--++++---+---+++-+-++-++-+-,0,False,"[[0.000124, 384.82578282], [0.010671, 382.41954019], [0.011596, 349.79000468], [0.052554, 348.32697428], [20.42339, 348.16072598], [113.010474, 348.16072598]]",13,quantum,1,
precond_pen=1.800,40,-1.2707400118659855,348.16072597735143,1.8,2,102.86670684814453,68.62216901779175,0.0,1111100001100110000111011100010100100101,+++++----++--++----+++-+++---+-+--+--+-+,0,False,"[[0.000123, 384.82578282], [0.01005, 383.88264938], [0.010997, 349.79000468], [52.651599, 349.65079733], [53.542264, 349.47500763], [54.132268, 349.32571648], [54.132661, 348.32697428], [65.420948, 348.16732702], [68.622169, 348.16072598]]",13,quantum,1,
precond_pen=1.900,40,-1.2177719974290095,348.16072597735143,1.9,2,104.98387503623962,0.011961936950683594,0.0,0000011110011001111000100011101011011010,-----++++--++--++++---+---+++-+-++-++-+-,0,False,"[[0.000112, 384.82578282], [0.01071, 383.17250783], [0.011962, 348.16072598]]",13,quantum,1,
precond_pen=2.000,40,-1.1709652613999886,348.16072597735143,2.0,2,108.98982405662537,63.29506707191467,0.0,1111100001100110000111011100010100100101,+++++----++--++----+++-+++---+-+--+--+-+,0,False,"[[0.000126, 384.82578282], [0.012211, 353.36079256], [10.489099, 351.33825675], [11.407868, 351.13758719], [13.02328, 350.73330561], [15.558075, 350.50160547], [60.380404, 350.54709738], [60.380727, 350.42557506], [60.740469, 348.24098438], [61.75949, 348.16732702], [63.295067, 348.16072598]]",13,quantum,1,
baseline,40,358.171643378635,358.1716433786347,,2,6087.068422079086,0.10166597366333008,0.0,1110100110011100001010000101100110101101,+++-+--++--+++----+-+----+-++--++-+-++-+,0,False,"[[0.000114, 404.2656196], [0.010003, 363.40347313], [0.101666, 358.17164338]]",14,quantum,1,
precond_pen=1.100,40,-2.2193945300250064,358.1716433786347,1.1,2,63.00125002861023,0.012984991073608398,0.0,1110100110011100001010000101100110101101,+++-+--++--+++----+-+----+-++--++-+-++-+,0,False,"[[0.000108, 404.2656196], [0.010949, 389.39260932], [0.012985, 358.17164338]]",14,quantum,1,
precond_pen=1.200,40,-2.021501183650974,358.1716433786347,1.2,2,77.01672315597534,0.013118982315063477,0.0,1110100110011100001010000101100110101101,+++-+--++--+++----+-+----+-++--++-+-++-+,0,False,"[[0.000108, 404.2656196], [0.011068, 389.39260932], [0.013119, 358.17164338]]",14,quantum,1,
precond_pen=1.300,40,-1.8629027539320138,358.1716433786347,1.3,2,66.3739562034607,8.078911066055298,0.0,1110100110011100001010000101100110101101,+++-+--++--+++----+-+----+-++--++-+-++-+,0,False,"[[0.000114, 404.2656196], [0.011041, 388.04818522], [0.011986, 371.38114716], [0.053137, 363.40347313], [7.87618, 360.24279214], [8.078911, 358.17164338], [66.372975, 358.17164338]]",14,quantum,1,
precond_pen=1.400,40,-1.7329026913420105,358.1716433786347,1.4,2,66.41151189804077,0.012510061264038086,0.0,0001011001100011110101111010011001010010,---+-++--++---++++-+-++++-+--++--+-+--+-,0,False,"[[0.00011, 404.2656196], [0.010773, 389.9740645], [0.01251, 358.17164338]]",14,quantum,1,
precond_pen=1.500,40,-1.6243744616959859,358.1716433786347,1.5,2,66.58084106445312,0.0570528507232666,0.0,1110100110011100001010000101100110101101,+++-+--++--+++----+-+----+-++--++-+-++-+,0,False,"[[0.00011, 404.2656196], [0.01123, 388.04818522], [0.012174, 371.38114716], [0.057053, 358.17164338]]",14,quantum,1,
precond_pen=1.600,40,-1.5323844991100142,358.1716433786347,1.6,2,70.9711480140686,0.011732101440429688,0.0,0001011001100011110101111010011001010010,---+-++--++---++++-+-++++-+--++--+-+--+-,0,False,"[[0.000111, 404.2656196], [0.010025, 397.90566694], [0.011732, 358.17164338]]",14,quantum,1,
precond_pen=1.700,40,-1.4534071684320065,358.1716433786347,1.7,2,69.74895095825195,0.012459039688110352,0.0,0001011001100011110101111010011001010010,---+-++--++---++++-+-++++-+--++--+-+--+-,0,False,"[[0.00012, 404.2656196], [0.010721, 397.90566694], [0.012459, 358.17164338]]",14,quantum,1,
precond_pen=1.800,40,-1.3848552386539996,358.1716433786347,1.8,2,68.56865191459656,0.012058019638061523,0.0,1110100110011100001010000101100110101101,+++-+--++--+++----+-+----+-++--++-+-++-+,0,False,"[[0.000113, 404.2656196], [0.010229, 394.23141285], [0.012058, 358.17164338]]",14,quantum,1,
precond_pen=1.900,40,-1.3247863217659877,358.1716433786347,1.9,2,68.5588481426239,9.544471025466919,0.0,0001011001100011110101111010011001010010,---+-++--++---++++-+-++++-+--++--+-+--+-,0,False,"[[0.000117, 404.2656196], [0.01079, 388.04818522], [0.011724, 371.38114716], [0.056564, 367.24114139], [4.757787, 363.0550704], [5.870589, 360.24279214], [7.674265, 359.58017465], [8.210824, 358.26204701], [8.669372, 358.25795166], [9.544471, 358.17164338]]",14,quantum,1,
precond_pen=2.000,40,-1.2717132285269983,358.1716433786347,2.0,2,66.12794899940491,0.05581498146057129,0.0,0001011001100011110101111010011001010010,---+-++--++---++++-+-++++-+--++--+-+--+-,0,False,"[[0.000112, 404.2656196], [0.010495, 394.64582825], [0.011679, 363.11427345], [0.055815, 358.17164338]]",14,quantum,1,
baseline,40,350.5624382795224,350.56243827952375,,2,3353.804081916809,1421.625252008438,0.0,1110000100111110011010101100001001011100,+++----+--+++++--++-+-+-++----+--+-+++--,0,False,"[[0.000115, 393.58532568], [0.011892, 352.82901041], [368.661781, 351.89996293], [826.065898, 351.55895789], [1421.625252, 350.56243828]]",15,quantum,1,
precond_pen=1.100,40,-2.2077180953230027,350.56243827952375,1.1,2,69.53386998176575,10.700177907943726,0.0,1110000100111110011010101100001001011100,+++----+--+++++--++-+-+-++----+--+-+++--,0,False,"[[0.000137, 393.58532568], [0.012817, 385.53376777], [0.014687, 355.08876909], [6.732355, 353.04394778], [9.1932, 352.8869133], [9.96079, 351.97185866], [10.700178, 350.56243828]]",15,quantum,1,
precond_pen=1.200,40,-2.0107207566289844,350.56243827952375,1.2,2,70.63044095039368,17.62847590446472,0.0,1110000100111110011010101100001001011100,+++----+--+++++--++-+-+-++----+--+-+++--,0,False,"[[0.000121, 393.58532568], [0.011657, 387.65683006], [0.012875, 351.97185866], [17.628476, 350.56243828]]",15,quantum,1,
precond_pen=1.300,40,-1.8529091117149807,350.56243827952375,1.3,2,69.33558702468872,59.062506914138794,0.0,1110000100111110011010101100001001011100,+++----+--+++++--++-+-+-++----+--+-+++--,0,False,"[[0.000204, 393.58532568], [0.013601, 387.42345111], [0.015738, 353.28077557], [0.06644, 352.93589273], [9.493149, 352.78694736], [9.734267, 351.89996293], [59.062507, 350.56243828]]",15,quantum,1,
precond_pen=1.400,40,-1.7235968569929785,350.56243827952375,1.4,2,71.95416808128357,0.012738943099975586,0.0,1110000100111110011010101100001001011100,+++----+--+++++--++-+-+-++----+--+-+++--,0,False,"[[0.000122, 393.58532568], [0.011568, 390.63745323], [0.012739, 350.56243828]]",15,quantum,1,
precond_pen=1.500,40,-1.6156719418580199,350.56243827952375,1.5,2,70.35834908485413,58.72565793991089,0.0,1110000100111110011010101100001001011100,+++----+--+++++--++-+-+-++----+--+-+++--,0,False,"[[0.000117, 393.58532568], [0.011502, 391.71808031], [0.013268, 351.97185866], [19.374929, 351.89996293], [58.725658, 350.56243828]]",15,quantum,1,
precond_pen=1.600,40,-1.524213783160004,350.56243827952375,1.6,2,73.5225989818573,69.92448210716248,0.0,0001111011000001100101010011110110100011,---++++-++-----++--+-+-+--++++-++-+---++,0,False,"[[0.000121, 393.58532568], [0.011925, 383.28821569], [0.013792, 353.28077557], [0.056643, 351.97185866], [15.264709, 351.89996293], [60.959286, 351.55895789], [69.924482, 350.56243828], [73.521458, 350.56243828]]",15,quantum,1,
precond_pen=1.700,40,-1.4603754496129877,350.56243827952375,1.7,2,68.59851503372192,52.06217002868652,0.0,0001111011000001100101010011110110100011,---++++-++-----++--+-+-+--++++-++-+---++,0,False,"[[0.000132, 393.58532568], [0.012665, 393.16661206], [0.013946, 352.93589273], [52.06217, 350.56243828], [68.597142, 350.56243828]]",15,quantum,1,
precond_pen=1.800,40,-1.377576613957018,350.56243827952375,1.8,2,71.04645013809204,61.87074398994446,0.0,1110000100111110011010101100001001011100,+++----+--+++++--++-+-+-++----+--+-+++--,0,False,"[[0.000154, 393.58532568], [0.013156, 392.04026959], [0.014582, 351.97185866], [56.744308, 351.89996293], [57.071464, 351.55895789], [61.870744, 350.56243828]]",15,quantum,1,
precond_pen=1.900,40,-1.317884880218001,350.56243827952375,1.9,2,66.54425191879272,55.913198947906494,0.0,0001111011000001100101010011110110100011,---++++-++-----++--+-+-+--++++-++-+---++,0,False,"[[0.00012, 393.58532568], [0.010826, 391.57991356], [0.012606, 351.55895789], [55.913199, 350.56243828]]",15,quantum,1,
precond_pen=2.000,40,-1.2651518594429891,350.56243827952375,2.0,2,71.23186087608337,63.08688688278198,0.0,1110000100111110011010101100001001011100,+++----+--+++++--++-+-+-++----+--+-+++--,0,False,"[[0.000119, 393.58532568], [0.010547, 391.28660243], [0.012079, 351.55895789], [63.086887, 350.56243828]]",15,quantum,1,
baseline,40,357.6324383023523,357.6324383023527,,2,6484.511383056641,219.5387580394745,0.0,0001001101011001011110011100011011011000,---+--++-+-++--+-++++--+++---++-++-++---,0,False,"[[0.000144, 400.8710086], [0.012032, 362.85717422], [211.605661, 359.58271559], [219.538758, 357.6324383], [6484.510014, 357.6324383]]",16,quantum,1,
precond_pen=1.100,40,-2.1780426611220047,357.6324383023527,1.1,2,77.77125883102417,0.01835489273071289,0.0,1110110010100110100001100011100100100111,+++-++--+-+--++-+----++---+++--+--+--+++,0,False,"[[0.000114, 400.8710086], [0.017152, 396.56488462], [0.018355, 357.6324383]]",16,quantum,1,
precond_pen=1.200,40,-1.984950990491992,357.6324383023527,1.2,2,75.91179394721985,5.8343141078948975,0.0,0001001101011001011110011100011011011000,---+--++-+-++--+-++++--+++---++-++-++---,0,False,"[[0.000127, 400.8710086], [0.012829, 362.85717422], [5.041946, 362.870083], [5.161617, 359.17806131], [5.723601, 358.88933537], [5.834314, 357.6324383]]",16,quantum,1,
precond_pen=1.300,40,-1.8301523817550045,357.6324383023527,1.3,2,75.06852698326111,57.75294899940491,0.0,1110110010100110100001100011100100100111,+++-++--+-+--++-+----++---+++--+--+--+++,0,False,"[[0.000114, 400.8710086], [0.010948, 392.7120854], [0.0122, 358.59039211], [24.394585, 358.23567039], [25.195138, 357.71862316], [57.752949, 357.6324383]]",16,quantum,1,
precond_pen=1.400,40,-1.7032338595789724,357.6324383023527,1.4,2,82.20400810241699,0.056197166442871094,0.0,1110110010100110100001100011100100100111,+++-++--+-+--++-+----++---+++--+--+--+++,0,False,"[[0.000113, 400.8710086], [0.011143, 397.111113], [0.012753, 358.59039211], [0.056197, 357.6324383]]",16,quantum,1,
precond_pen=1.500,40,-1.597254968567011,357.6324383023527,1.5,2,72.38219094276428,0.05610203742980957,0.0,1110110010100110100001100011100100100111,+++-++--+-+--++-+----++---+++--+--+--+++,0,False,"[[0.000117, 400.8710086], [0.010703, 397.77221061], [0.012193, 358.59039211], [0.056102, 357.6324383]]",16,quantum,1,
precond_pen=1.600,40,-1.507409179748004,357.6324383023527,1.6,2,75.96056199073792,0.011527061462402344,0.0,1110110010100110100001100011100100100111,+++-++--+-+--++-+----++---+++--+--+--+++,0,False,"[[0.000117, 400.8710086], [0.010307, 398.82266092], [0.011527, 357.6324383]]",16,quantum,1,
precond_pen=1.700,40,-1.4302604939379897,357.6324383023527,1.7,2,88.39235186576843,55.24996304512024,0.0,0001001101011001011110011100011011011000,---+--++-+-++--+-++++--+++---++-++-++---,0,False,"[[0.000114, 400.8710086], [0.010225, 398.05414532], [0.011475, 358.59039211], [55.249963, 357.6324383], [88.3912, 357.6324383]]",16,quantum,1,
precond_pen=1.800,40,-1.3632866985309953,357.6324383023527,1.8,2,85.41067218780518,0.055474042892456055,0.0,1110110010100110100001100011100100100111,+++-++--+-+--++-+----++---+++--+--+--+++,0,False,"[[0.000114, 400.8710086], [0.010822, 400.23301456], [0.012351, 363.70939208], [0.055474, 357.6324383]]",16,quantum,1,
precond_pen=1.900,40,-1.304593402638023,357.6324383023527,1.9,2,77.3572850227356,0.0682380199432373,0.0,1110110010100110100001100011100100100111,+++-++--+-+--++-+----++---+++--+--+--+++,0,False,"[[0.000207, 400.8710086], [0.015056, 399.84200402], [0.016448, 358.59039211], [0.068238, 357.6324383]]",16,quantum,1,
precond_pen=2.000,40,-1.2527305310199885,357.6324383023527,2.0,2,86.29861807823181,12.869967937469482,0.0,1110110010100110100001100011100100100111,+++-++--+-+--++-+----++---+++--+--+--+++,0,False,"[[0.000119, 400.8710086], [0.011303, 397.81246033], [0.012517, 358.59039211], [12.496195, 358.22141513], [12.869968, 357.6324383]]",16,quantum,1,
baseline,40,345.25243855924464,345.25243855924384,,2,5660.492795944214,784.682049036026,0.0,1101011010001011011010010100010001111100,++-+-++-+---+-++-++-+--+-+---+---+++++--,0,False,"[[0.000125, 401.17433681], [0.009243, 396.45734957], [0.009977, 396.25203347], [0.011293, 354.85405839], [0.102683, 348.69666565], [784.22767, 347.97332334], [784.682049, 345.25243856]]",17,quantum,1,
precond_pen=1.100,40,-2.1775568809090053,345.25243855924384,1.1,2,79.89806509017944,9.913520097732544,0.0,0010100101110100100101101011101110000011,--+-+--+-+++-+--+--+-++-+-+++-+++-----++,0,False,"[[0.000119, 401.17433681], [0.015515, 378.26432278], [0.016441, 353.47670245], [0.05877, 348.69666565], [7.715277, 348.30617476], [8.742385, 345.28451063], [9.91352, 345.25243856]]",17,quantum,1,
precond_pen=1.200,40,-1.9861025238549868,345.25243855924384,1.2,2,76.74524688720703,12.084926843643188,0.0,1101011010001011011010010100010001111100,++-+-++-+---+-++-++-+--+-+---+---+++++--,0,False,"[[0.000112, 401.17433681], [0.011208, 383.19969833], [0.012462, 350.88124684], [0.054912, 347.69747011], [12.084927, 345.25243856]]",17,quantum,1,
precond_pen=1.300,40,-1.8323000611220053,345.25243855924384,1.3,2,73.86179900169373,0.012729883193969727,0.0,0010100101110100100101101011101110000011,--+-+--+-+++-+--+--+-++-+-+++-+++-----++,0,False,"[[0.000114, 401.17433681], [0.011132, 380.70521557], [0.01273, 345.25243856]]",17,quantum,1,
precond_pen=1.400,40,-1.7059944734989756,345.25243855924384,1.4,2,87.4991409778595,66.50548100471497,0.0,1101011010001011011010010100010001111100,++-+-++-+---+-++-++-+--+-+---+---+++++--,0,False,"[[0.000165, 401.17433681], [0.01341, 385.42591723], [0.015023, 350.40140344], [0.070999, 347.69747011], [66.50516, 346.00073025], [66.505481, 345.25243856], [87.498021, 345.25243856]]",17,quantum,1,
precond_pen=1.500,40,-1.6003907855810215,345.25243855924384,1.5,2,71.56725788116455,0.01214289665222168,0.0,1101011010001011011010010100010001111100,++-+-++-+---+-++-++-+--+-+---+---+++++--,0,False,"[[0.000118, 401.17433681], [0.01085, 383.44568964], [0.012143, 345.25243856]]",17,quantum,1,
precond_pen=1.600,40,-1.5107681809229696,345.25243855924384,1.6,2,75.38179922103882,0.012314081192016602,0.0,1101011010001011011010010100010001111100,++-+-++-+---+-++-++-+--+-+---+---+++++--,0,False,"[[0.000122, 401.17433681], [0.00961, 386.48911009], [0.011062, 383.29868293], [0.012314, 345.25243856]]",17,quantum,1,
precond_pen=1.700,40,-1.4337435728029888,345.25243855924384,1.7,2,73.04460000991821,6.446209907531738,0.0,1101011010001011011010010100010001111100,++-+-++-+---+-++-++-+--+-+---+---+++++--,0,False,"[[0.000129, 401.17433681], [0.010759, 379.67836584], [0.011718, 353.47670245], [0.056508, 351.11705211], [4.220273, 347.72941446], [4.449661, 347.33534676], [4.552643, 346.00073025], [6.44621, 345.25243856]]",17,quantum,1,
precond_pen=1.800,40,-1.3668277587819837,345.25243855924384,1.8,2,76.53339695930481,0.012135028839111328,0.0,1101011010001011011010010100010001111100,++-+-++-+---+-++-++-+--+-+---+---+++++--,0,False,"[[0.000114, 401.17433681], [0.01088, 385.31668171], [0.012135, 345.25243856]]",17,quantum,1,
precond_pen=1.900,40,-1.3081484141179924,345.25243855924384,1.9,2,77.20039892196655,0.01169586181640625,0.0,1101011010001011011010010100010001111100,++-+-++-+---+-++-++-+--+-+---+---+++++--,0,False,"[[0.000114, 401.17433681], [0.010361, 383.44568964], [0.011696, 345.25243856]]",17,quantum,1,
precond_pen=2.000,40,-1.2562695422719816,345.25243855924384,2.0,2,86.64061188697815,22.28947687149048,0.0,1101011010001011011010010100010001111100,++-+-++-+---+-++-++-+--+-+---+---+++++--,0,False,"[[0.000113, 401.17433681], [0.010289, 382.60321184], [0.011778, 348.69666565], [16.857922, 347.69747011], [21.664703, 346.065557], [22.289477, 345.25243856]]",17,quantum,1,
baseline,40,355.5946414291752,355.5946414291747,,2,9677.43632698059,9126.21293592453,0.0,1100001110100101110101100001001110100110,++----+++-+--+-+++-+-++----+--+++-+--++-,0,False,"[[0.00011, 402.12414874], [0.010244, 359.58445291], [0.125406, 358.70832139], [37.943417, 358.39943969], [46.074534, 356.31548865], [6588.292617, 356.13983961], [9125.920462, 355.8057854], [9126.212936, 355.59464143]]",18,quantum,1,
precond_pen=1.100,40,-2.096124812647,355.5946414291747,1.1,2,116.95142698287964,80.74220180511475,0.0,0011110001011010001010011110110001011001,--++++---+-++-+---+-+--++++-++---+-++--+,0,False,"[[0.000154, 402.12414874], [0.014146, 397.87903121], [0.015341, 357.19430957], [0.058919, 356.13983961], [80.742202, 355.59464143]]",18,quantum,1,
precond_pen=1.200,40,-1.912771231513993,355.5946414291747,1.2,2,110.32235097885132,63.329577922821045,0.0,0011110001011010001010011110110001011001,--++++---+-++-+---+-+--++++-++---+-++--+,0,False,"[[0.000106, 402.12414874], [0.01157, 399.90896578], [0.012809, 359.48135836], [10.79016, 359.46966346], [10.790452, 358.65496068], [11.370435, 356.13983961], [54.196108, 355.8057854], [63.329578, 355.59464143]]",18,quantum,1,
precond_pen=1.300,40,-1.7656624977879787,355.5946414291747,1.3,2,101.98379611968994,73.12373518943787,0.0,1100001110100101110101100001001110100110,++----+++-+--+-+++-+-++----+--+++-+--++-,0,False,"[[0.000102, 402.12414874], [0.010783, 396.75451793], [0.01203, 356.50670813], [52.401923, 356.54951217], [68.577963, 356.31548865], [73.123735, 355.59464143]]",18,quantum,1,
precond_pen=1.400,40,-1.6449671210909962,355.5946414291747,1.4,2,102.73155283927917,83.991623878479,0.0,1100001110100101110101100001001110100110,++----+++-+--+-+++-+-++----+--+++-+--++-,0,False,"[[0.000105, 402.12414874], [0.010124, 400.84823987], [0.011316, 358.74238226], [11.953684, 358.27480423], [12.322671, 356.31548865], [77.805453, 355.8057854], [83.991624, 355.59464143]]",18,quantum,1,
precond_pen=1.500,40,-1.5441257337219874,355.5946414291747,1.5,2,96.85786485671997,50.32535696029663,0.0,1100001110100101110101100001001110100110,++----+++-+--+-+++-+-++----+--+++-+--++-,0,False,"[[0.000149, 402.12414874], [0.010448, 401.15301498], [0.011862, 357.42665298], [0.053588, 356.72039256], [44.765076, 356.54951217], [44.765372, 356.31548865], [50.325083, 355.8057854], [50.325357, 355.59464143], [96.856821, 355.59464143]]",18,quantum,1,
precond_pen=1.600,40,-1.458591903869987,355.5946414291747,1.6,2,105.66434788703918,91.4062819480896,0.0,1100001110100101110101100001001110100110,++----+++-+--+-+++-+-++----+--+++-+--++-,0,False,"[[0.000102, 402.12414874], [0.010625, 400.84823987], [0.011791, 358.74238226], [0.055742, 357.27146176], [64.076583, 356.66554055], [70.431129, 356.50670813], [81.473993, 356.13983961], [91.406282, 355.59464143], [105.663289, 355.59464143]]",18,quantum,1,
precond_pen=1.700,40,-1.3851126950669865,355.5946414291747,1.7,2,105.01268482208252,70.11144995689392,0.0,1100001110100101110101100001001110100110,++----+++-+--+-+++-+-++----+--+++-+--++-,0,False,"[[0.000102, 402.12414874], [0.012145, 359.58445291], [11.42023, 359.48135836], [19.122266, 358.70832139], [19.122666, 357.960555], [20.919148, 357.19430957], [62.503045, 356.31548865], [66.87456, 355.8057854], [70.11145, 355.59464143]]",18,quantum,1,
precond_pen=1.800,40,-1.3212988681409907,355.5946414291747,1.8,2,98.69296598434448,66.51921892166138,0.0,1100001110100101110101100001001110100110,++----+++-+--+-+++-+-++----+--+++-+--++-,0,False,"[[0.000106, 402.12414874], [0.010598, 394.07393251], [0.011555, 358.70832139], [9.862647, 356.58087968], [60.474143, 355.8057854], [66.519219, 355.59464143]]",18,quantum,1,
precond_pen=1.900,40,-1.2653551849420204,355.5946414291747,1.9,2,104.692617893219,21.806379795074463,0.0,1100001110100101110101100001001110100110,++----+++-+--+-+++-+-++----+--+++-+--++-,0,False,"[[0.000121, 402.12414874], [0.01089, 402.00556975], [0.011841, 359.70694649], [0.062433, 359.58445291], [7.417906, 357.76856813], [7.915672, 357.61294045], [12.028408, 357.42665298], [17.715315, 356.50670813], [18.186102, 355.8057854], [21.80638, 355.59464143]]",18,quantum,1,
precond_pen=2.000,40,-1.2159057781449878,355.5946414291747,2.0,2,95.94119215011597,66.28406715393066,0.0,0011110001011010001010011110110001011001,--++++---+-++-+---+-+--++++-++---+-++--+,0,False,"[[0.000113, 402.12414874], [0.01174, 359.58445291], [6.655342, 358.87542724], [7.175533, 358.7000602], [7.391574, 357.50122503], [9.345821, 356.31548865], [54.878802, 356.13983961], [66.284067, 355.59464143]]",18,quantum,1,
baseline,40,350.87237088388656,350.8723708838865,,2,4432.735212087631,221.08458399772644,0.0,1110101000100001101010001111100010101011,+++-+-+---+----++-+-+---+++++---+-+-+-++,0,False,"[[0.000103, 396.31755452], [0.010702, 355.69402943], [0.106079, 354.16734829], [118.902108, 352.76017144], [216.969183, 352.02735708], [221.084584, 350.87237088], [4432.733975, 350.87237088]]",19,quantum,1,
precond_pen=1.100,40,-2.2852966920100055,350.8723708838865,1.1,2,63.14561986923218,16.827653884887695,0.0,0001010111011110010101110000011101010100,---+-+-+++-++++--+-+-+++-----+++-+-+-+--,0,False,"[[0.00013, 396.31755452], [0.01163, 382.43369053], [0.012942, 354.16734829], [0.056, 352.76017144], [14.206812, 352.02735708], [16.827654, 350.87237088]]",19,quantum,1,
precond_pen=1.200,40,-2.0806285022260003,350.8723708838865,1.2,2,69.10551691055298,51.1163489818573,0.0,1110101000100001101010001111100010101011,+++-+-+---+----++-+-+---+++++---+-+-+-++,0,False,"[[0.000135, 396.31755452], [0.011171, 390.18004509], [0.012652, 352.76017144], [48.627948, 351.31496726], [51.116349, 350.87237088]]",19,quantum,1,
precond_pen=1.300,40,-1.9165051870990055,350.8723708838865,1.3,2,62.534952878952026,47.07997179031372,0.0,0001010111011110010101110000011101010100,---+-+-+++-++++--+-+-+++-----+++-+-+-+--,0,False,"[[0.000211, 396.31755452], [0.016336, 384.79130328], [0.018431, 353.63949874], [45.021408, 351.31496726], [47.079972, 350.87237088], [62.533842, 350.87237088]]",19,quantum,1,
precond_pen=1.400,40,-1.7819156109669976,350.8723708838865,1.4,2,67.67614603042603,0.01250910758972168,0.0,1110101000100001101010001111100010101011,+++-+-+---+----++-+-+---+++++---+-+-+-++,0,False,"[[0.000126, 396.31755452], [0.01107, 390.77924945], [0.012509, 350.87237088]]",19,quantum,1,
precond_pen=1.500,40,-1.669515862076004,350.8723708838865,1.5,2,61.869527101516724,0.01242208480834961,0.0,1110101000100001101010001111100010101011,+++-+-+---+----++-+-+---+++++---+-+-+-++,0,False,"[[0.000122, 396.31755452], [0.011178, 394.61825552], [0.012422, 350.87237088]]",19,quantum,1,
precond_pen=1.600,40,-1.5742170771449882,350.8723708838865,1.6,2,67.84547400474548,0.01211404800415039,0.0,1110101000100001101010001111100010101011,+++-+-+---+----++-+-+---+++++---+-+-+-++,0,False,"[[0.000124, 396.31755452], [0.010905, 388.77507373], [0.012114, 350.87237088]]",19,quantum,1,
precond_pen=1.700,40,-1.4923799724689726,350.8723708838865,1.7,2,58.7668559551239,7.294206142425537,0.0,0001010111011110010101110000011101010100,---+-+-+++-++++--+-+-+++-----+++-+-+-+--,0,False,"[[0.000123, 396.31755452], [0.010731, 394.0082919], [0.012594, 353.63949874], [6.443541, 352.32309785], [7.294206, 350.87237088]]",19,quantum,1,
precond_pen=1.800,40,-1.4213319841440146,350.8723708838865,1.8,2,72.4040801525116,0.012169122695922852,0.0,1110101000100001101010001111100010101011,+++-+-+---+----++-+-+---+++++---+-+-+-++,0,False,"[[0.000122, 396.31755452], [0.01094, 394.73013829], [0.012169, 350.87237088]]",19,quantum,1,
precond_pen=1.900,40,-1.3590658909590125,350.8723708838865,1.9,2,69.55148005485535,0.01110696792602539,0.0,1110101000100001101010001111100010101011,+++-+-+---+----++-+-+---+++++---+-+-+-++,0,False,"[[0.000144, 396.31755452], [0.00987, 388.77507373], [0.011107, 350.87237088]]",19,quantum,1,
precond_pen=2.000,40,-1.3040441900019886,350.8723708838865,2.0,2,65.90546703338623,0.012055158615112305,0.0,1110101000100001101010001111100010101011,+++-+-+---+----++-+-+---+++++---+-+-+-++,0,False,"[[0.000123, 396.31755452], [0.010805, 387.63237075], [0.012055, 350.87237088]]",19,quantum,1,
baseline,40,337.9434204798701,337.9434204798705,,2,5628.642287015915,256.1709289550781,0.0,1100000011111010010000000110111010111110,++------+++++-+--+-------++-+++-+-+++++-,0,False,"[[0.000126, 390.33842404], [0.009125, 388.51445352], [0.010218, 386.2100302], [0.011585, 347.16335461], [0.104441, 342.46292324], [252.190816, 340.82214263], [256.170929, 337.94342048], [5628.637527, 337.94342048]]",20,quantum,1,
precond_pen=1.100,40,-2.1943769245889975,337.9434204798705,1.1,2,76.53153204917908,1.6412651538848877,0.0,1100000011111010010000000110111010111110,++------+++++-+--+-------++-+++-+-+++++-,0,False,"[[0.000122, 390.33842404], [0.011523, 383.47910762], [0.012396, 342.16796328], [0.5941, 341.7468179], [1.641018, 341.19113071], [1.641265, 337.94342048]]",20,quantum,1,
precond_pen=1.200,40,-2.002035175810981,337.9434204798705,1.2,2,77.68952202796936,48.61815905570984,0.0,0011111100000101101111111001000101000001,--++++++-----+-++-+++++++--+---+-+-----+,0,False,"[[0.000129, 390.33842404], [0.011392, 385.92815999], [0.013211, 340.26524209], [48.618159, 337.94342048], [77.688534, 337.94342048]]",20,quantum,1,
precond_pen=1.300,40,-1.8473765895850018,337.9434204798705,1.3,2,71.27142906188965,0.013191938400268555,0.0,1100000011111010010000000110111010111110,++------+++++-+--+-------++-+++-+-+++++-,0,False,"[[0.000124, 390.33842404], [0.011467, 388.71944471], [0.013192, 337.94342048]]",20,quantum,1,
precond_pen=1.400,40,-1.720268798512988,337.9434204798705,1.4,2,81.01826906204224,46.14293599128723,0.0,0011111100000101101111111001000101000001,--++++++-----+-++-+++++++--+---+-+-----+,0,False,"[[0.000116, 390.33842404], [0.012804, 342.46292324], [0.057742, 340.26524209], [42.73675, 340.12092497], [46.142936, 337.94342048], [81.017332, 337.94342048]]",20,quantum,1,
precond_pen=1.500,40,-1.6139232716739755,337.9434204798705,1.5,2,84.66093182563782,0.057576894760131836,0.0,1100000011111010010000000110111010111110,++------+++++-+--+-------++-+++-+-+++++-,0,False,"[[0.000122, 390.33842404], [0.012855, 342.46292324], [0.057577, 337.94342048]]",20,quantum,1,
precond_pen=1.600,40,-1.5236190714139983,337.9434204798705,1.6,2,82.80146503448486,0.05730700492858887,0.0,1100000011111010010000000110111010111110,++------+++++-+--+-------++-+++-+-+++++-,0,False,"[[0.000112, 390.33842404], [0.012084, 389.69358567], [0.013296, 341.08223484], [0.057307, 337.94342048]]",20,quantum,1,
precond_pen=1.700,40,-1.4459691838339772,337.9434204798705,1.7,2,77.72978210449219,12.912837028503418,0.0,1100000011111010010000000110111010111110,++------+++++-+--+-------++-+++-+-+++++-,0,False,"[[0.00012, 390.33842404], [0.012688, 342.46292324], [0.060265, 342.16796328], [10.819375, 341.52669388], [12.252823, 340.23688461], [12.651009, 340.01780402], [12.912552, 339.93206899], [12.912837, 337.94342048]]",20,quantum,1,
precond_pen=1.800,40,-1.3784801710770118,337.9434204798705,1.8,2,85.9041919708252,68.07392692565918,0.0,1100000011111010010000000110111010111110,++------+++++-+--+-------++-+++-+-+++++-,0,False,"[[0.00012, 390.33842404], [0.012145, 342.46292324], [0.059734, 341.01433017], [57.93637, 340.83886768], [57.936666, 340.26524209], [68.073927, 337.94342048]]",20,quantum,1,
precond_pen=1.900,40,-1.3192744685189979,337.9434204798705,1.9,2,84.11870121955872,58.07210183143616,0.0,0011111100000101101111111001000101000001,--++++++-----+-++-+++++++--+---+-+-----+,0,False,"[[0.000123, 390.33842404], [0.010893, 386.38685569], [0.012059, 342.71963318], [0.059097, 342.57411478], [9.984565, 341.08223484], [55.39597, 340.12092497], [58.072102, 337.94342048], [84.117751, 337.94342048]]",20,quantum,1,
precond_pen=2.000,40,-1.2669116571079932,337.9434204798705,2.0,2,84.70656204223633,17.401371002197266,0.0,0011111100000101101111111001000101000001,--++++++-----+-++-+++++++--+---+-+-----+,0,False,"[[0.000121, 390.33842404], [0.010938, 389.64287768], [0.012129, 342.71963318], [0.058393, 342.57411478], [11.873388, 340.94771622], [12.555774, 340.23688461], [12.914573, 340.01780402], [14.092737, 339.55524271], [17.401371, 337.94342048]]",20,quantum,1,
baseline,40,345.66324590419794,345.6632459041979,,2,6084.741945028305,0.012707948684692383,0.0,1011100101101100101010100101111001100000,+-+++--+-++-++--+-+-+-+--+-++++--++-----,0,False,"[[0.000149, 373.94676238], [0.009015, 372.58443039], [0.012708, 345.6632459]]",21,quantum,1,
precond_pen=1.100,40,-2.199720468724026,345.6632459041979,1.1,2,68.82035517692566,7.411424160003662,0.0,1011100101101100101010100101111001100000,+-+++--+-++-++--+-+-+-+--+-++++--++-----,0,False,"[[0.000115, 373.94676238], [0.011996, 350.24548263], [6.762967, 348.31890075], [6.962295, 345.82639483], [7.411424, 345.6632459]]",21,quantum,1,
precond_pen=1.200,40,-2.004170144173999,345.6632459041979,1.2,2,73.82277488708496,7.4098100662231445,0.0,1011100101101100101010100101111001100000,+-+++--+-++-++--+-+-+-+--+-++++--++-----,0,False,"[[0.000117, 373.94676238], [0.011913, 350.24548263], [4.373033, 346.38515317], [7.40981, 345.6632459]]",21,quantum,1,
precond_pen=1.300,40,-1.8474578855629993,345.6632459041979,1.3,2,61.142578125,46.7843120098114,0.0,1011100101101100101010100101111001100000,+-+++--+-++-++--+-+-+-+--+-++++--++-----,0,False,"[[0.000121, 373.94676238], [0.011956, 350.24548263], [16.998451, 350.12530171], [17.942751, 348.24135945], [19.415368, 347.44529313], [46.784312, 345.6632459]]",21,quantum,1,
precond_pen=1.400,40,-1.7189998705360061,345.6632459041979,1.4,2,74.63301014900208,9.13598108291626,0.0,1011100101101100101010100101111001100000,+-+++--+-++-++--+-+-+-+--+-++++--++-----,0,False,"[[0.000124, 373.94676238], [0.012105, 350.24548263], [4.067677, 348.31890075], [4.994925, 345.82639483], [9.135981, 345.6632459]]",21,quantum,1,
precond_pen=1.500,40,-1.6117512036550128,345.6632459041979,1.5,2,73.87446904182434,8.235011100769043,0.0,1011100101101100101010100101111001100000,+-+++--+-++-++--+-+-+-+--+-++++--++-----,0,False,"[[0.000129, 373.94676238], [0.012154, 350.24548263], [6.474204, 349.85248176], [7.089011, 349.68002973], [7.089189, 348.67152919], [7.75596, 348.85248276], [7.756149, 347.63933684], [8.235011, 345.6632459], [73.87351, 345.6632459]]",21,quantum,1,
precond_pen=1.600,40,-1.5208370628870007,345.6632459041979,1.6,2,67.0434958934784,14.750298023223877,0.0,1011100101101100101010100101111001100000,+-+++--+-++-++--+-+-+-+--+-++++--++-----,0,False,"[[0.000131, 373.94676238], [0.011495, 350.24548263], [4.241148, 350.36847986], [5.152143, 349.89633854], [5.410235, 347.44529313], [12.348506, 347.25491274], [12.637788, 346.58738093], [14.750298, 345.6632459]]",21,quantum,1,
precond_pen=1.700,40,-1.4427749158529881,345.6632459041979,1.7,2,69.85923600196838,16.07556915283203,0.0,1011100101101100101010100101111001100000,+-+++--+-++-++--+-+-+-+--+-++++--++-----,0,False,"[[0.000141, 373.94676238], [0.011533, 350.24548263], [14.590556, 346.99963521], [16.075569, 345.6632459]]",21,quantum,1,
precond_pen=1.800,40,-1.375009843247991,345.6632459041979,1.8,2,74.63438606262207,8.814208030700684,0.0,0100011010010011010101011010000110011111,-+---++-+--+--++-+-+-+-++-+----++--+++++,0,False,"[[0.000125, 373.94676238], [0.01192, 350.24548263], [7.368018, 349.7781304], [7.527398, 349.67452376], [8.019442, 349.58520222], [8.354281, 348.30206512], [8.813737, 346.26092778], [8.814028, 346.06134582], [8.814208, 345.6632459]]",21,quantum,1,
precond_pen=1.900,40,-1.315623673036022,345.6632459041979,1.9,2,73.85467505455017,14.174882173538208,0.0,0100011010010011010101011010000110011111,-+---++-+--+--++-+-+-+-++-+----++--+++++,0,False,"[[0.000126, 373.94676238], [0.012406, 350.24548263], [7.193585, 347.50359947], [7.781844, 347.02091434], [8.851422, 346.38515317], [8.85164, 346.26092778], [10.732152, 345.82639483], [14.174882, 345.6632459]]",21,quantum,1,
precond_pen=2.000,40,-1.2631482934509979,345.6632459041979,2.0,2,73.11545300483704,45.96132683753967,0.0,1011100101101100101010100101111001100000,+-+++--+-++-++--+-+-+-+--+-++++--++-----,0,False,"[[0.000129, 373.94676238], [0.011807, 350.24548263], [10.090933, 349.60743866], [12.323537, 349.61462626], [15.683256, 347.44529313], [43.62904, 346.99963521], [44.485495, 346.38515317], [45.961327, 345.6632459]]",21,quantum,1,
baseline,40,337.59296267926766,337.5929626792671,,2,4561.928917169571,2014.5555591583252,0.0,1001001100011100110111110011001100011000,+--+--++---+++--++-+++++--++--++---++---,0,False,"[[0.000111, 388.04397372], [0.009664, 374.3771227], [0.010203, 373.21216557], [0.0121, 337.96248113], [2014.555559, 337.59296268], [4561.92746, 337.59296268]]",22,quantum,1,
precond_pen=1.100,40,-2.168030072348989,337.5929626792671,1.1,2,68.26750421524048,0.054102182388305664,0.0,0110110011100011001000001100110011100111,-++-++--+++---++--+-----++--++--+++--+++,0,False,"[[0.000117, 388.04397372], [0.011801, 384.55025028], [0.013227, 337.96248113], [0.054102, 337.59296268]]",22,quantum,1,
precond_pen=1.200,40,-1.9771668994150158,337.5929626792671,1.2,2,67.03574585914612,37.49536991119385,0.0,0110110011100011001000001100110011100111,-++-++--+++---++--+-----++--++--+++--+++,0,False,"[[0.000114, 388.04397372], [0.011404, 384.24727548], [0.012625, 338.3835795], [36.559646, 338.12667805], [37.49537, 337.59296268]]",22,quantum,1,
precond_pen=1.300,40,-1.8239701662060064,337.5929626792671,1.3,2,72.91576385498047,0.057402849197387695,0.0,0110110011100011001000001100110011100111,-++-++--+++---++--+-----++--++--+++--+++,0,False,"[[0.000125, 388.04397372], [0.011107, 381.9020954], [0.01269, 337.96248113], [0.057403, 337.59296268]]",22,quantum,1,
precond_pen=1.400,40,-1.6982391019219918,337.5929626792671,1.4,2,67.80548000335693,51.776026010513306,0.0,0110110011100011001000001100110011100111,-++-++--+++---++--+-----++--++--+++--+++,0,False,"[[0.000122, 388.04397372], [0.011985, 386.3498374], [0.013417, 337.96248113], [51.776026, 337.59296268], [67.804523, 337.59296268]]",22,quantum,1,
precond_pen=1.500,40,-1.5931631268999897,337.5929626792671,1.5,2,72.59364795684814,0.05859088897705078,0.0,0110110011100011001000001100110011100111,-++-++--+++---++--+-----++--++--+++--+++,0,False,"[[0.000111, 388.04397372], [0.01171, 386.70722887], [0.01309, 337.96248113], [0.058591, 337.59296268]]",22,quantum,1,
precond_pen=1.600,40,-1.504018263288975,337.5929626792671,1.6,2,72.66832089424133,0.059062957763671875,0.0,0110110011100011001000001100110011100111,-++-++--+++---++--+-----++--++--+++--+++,0,False,"[[0.000112, 388.04397372], [0.011469, 385.516331], [0.013125, 337.96248113], [0.059063, 337.59296268]]",22,quantum,1,
precond_pen=1.700,40,-1.4274236799649866,337.5929626792671,1.7,2,75.67584991455078,0.05810689926147461,0.0,0110110011100011001000001100110011100111,-++-++--+++---++--+-----++--++--+++--+++,0,False,"[[0.000113, 388.04397372], [0.01129, 387.34240122], [0.012159, 342.19969468], [0.058107, 337.59296268]]",22,quantum,1,
precond_pen=1.800,40,-1.3608941995869994,337.5929626792671,1.8,2,73.1283450126648,0.05746197700500488,0.0,0110110011100011001000001100110011100111,-++-++--+++---++--+-----++--++--+++--+++,0,False,"[[0.000107, 388.04397372], [0.010598, 387.34240122], [0.011473, 342.19969468], [0.057462, 337.59296268]]",22,quantum,1,
precond_pen=1.900,40,-1.3025623970730127,337.5929626792671,1.9,2,73.8336808681488,0.058055877685546875,0.0,0110110011100011001000001100110011100111,-++-++--+++---++--+-----++--++--+++--+++,0,False,"[[0.000107, 388.04397372], [0.010375, 387.61083483], [0.012097, 337.96248113], [0.058056, 337.59296268]]",22,quantum,1,
precond_pen=2.000,40,-1.2509967288589667,337.5929626792671,2.0,2,74.0946900844574,0.05716896057128906,0.0,0110110011100011001000001100110011100111,-++-++--+++---++--+-----++--++--+++--+++,0,False,"[[0.000122, 388.04397372], [0.01085, 387.34240122], [0.011744, 342.19969468], [0.057169, 337.59296268]]",22,quantum,1,
baseline,40,354.739650010722,354.73965001072185,,2,4696.342539072037,3178.0537209510803,0.0,0101010010111001010010100011110001110110,-+-+-+--+-+++--+-+--+-+---++++---+++-++-,0,False,"[[0.000122, 416.52246509], [0.00994, 413.31341002], [0.011745, 357.93772665], [0.1026, 354.74411406], [3178.053721, 354.73965001], [4696.341117, 354.73965001]]",23,quantum,1,
precond_pen=1.100,40,-2.199475330662999,354.74411406406153,1.1,2,68.34133005142212,0.013827085494995117,0.0,1110110100100010100100111110001110001001,+++-++-+--+---+-+--+--+++++---+++---+--+,0,False,"[[0.000114, 416.52246509], [0.012111, 401.52912416], [0.013827, 354.73965001], [0.056423, 354.74411406]]",23,quantum,1,
precond_pen=1.200,40,-2.002737792141012,354.74411406406153,1.2,2,67.39294600486755,6.050336837768555,0.0,1110110100100010100100111110001110001001,+++-++-+--+---+-+--+--+++++---+++---+--+,0,False,"[[0.000125, 416.52246509], [0.011476, 409.55830564], [0.012598, 362.40889102], [4.393873, 360.57226345], [5.156801, 360.35680751], [5.268588, 358.77059488], [5.391671, 357.00153543], [5.953327, 356.81167244], [6.050337, 354.73965001], [56.833649, 354.74411406]]",23,quantum,1,
precond_pen=1.300,40,-1.8452747240420244,354.74411406406153,1.3,2,67.10970497131348,0.012578964233398438,0.0,1110110100100010100100111110001110001001,+++-++-+--+---+-+--+--+++++---+++---+--+,0,False,"[[0.000123, 416.52246509], [0.011174, 410.87411734], [0.012579, 354.73965001], [0.056289, 354.74411406]]",23,quantum,1,
precond_pen=1.400,40,-1.7163366100530162,354.74411406406153,1.4,2,69.93906307220459,0.012382984161376953,0.0,0001001011011101011011000001110001110110,---+--+-++-+++-+-++-++-----+++---+++-++-,0,False,"[[0.000122, 416.52246509], [0.010971, 408.17997178], [0.012383, 354.73965001], [56.671015, 354.74411406]]",23,quantum,1,
precond_pen=1.500,40,-1.608781873018998,354.74411406406153,1.5,2,69.90916419029236,0.054223060607910156,0.0,1110110100100010100100111110001110001001,+++-++-+--+---+-+--+--+++++---+++---+--+,0,False,"[[0.000127, 416.52246509], [0.009741, 413.64027486], [0.010278, 413.027585], [0.010805, 401.64252055], [0.011936, 362.40889102], [0.054223, 354.73965001], [47.088424, 354.74411406], [69.908183, 354.74411406]]",23,quantum,1,
precond_pen=1.600,40,-1.5176765108869894,354.74411406406153,1.6,2,72.00637888908386,0.012223005294799805,0.0,1110110100100010100100111110001110001001,+++-++-+--+---+-+--+--+++++---+++---+--+,0,False,"[[0.000125, 416.52246509], [0.010817, 414.37098118], [0.012223, 354.73965001], [0.059274, 354.74411406]]",23,quantum,1,
precond_pen=1.700,40,-1.4395011101789912,354.74411406406153,1.7,2,73.16177797317505,0.05904793739318848,0.0,1110110100100010100100111110001110001001,+++-++-+--+---+-+--+--+++++---+++---+--+,0,False,"[[0.000136, 416.52246509], [0.011488, 407.17066037], [0.012373, 362.51922124], [0.059048, 354.74411406]]",23,quantum,1,
precond_pen=1.800,40,-1.371676218190995,354.74411406406153,1.8,2,77.6009910106659,0.05898118019104004,0.0,1110110100100010100100111110001110001001,+++-++-+--+---+-+--+--+++++---+++---+--+,0,False,"[[0.000119, 416.52246509], [0.010259, 410.65156763], [0.012292, 359.57271136], [0.058981, 354.74411406]]",23,quantum,1,
precond_pen=1.900,40,-1.312267552661007,354.74411406406153,1.9,2,73.34783816337585,0.05602407455444336,0.0,1110110100100010100100111110001110001001,+++-++-+--+---+-+--+--+++++---+++---+--+,0,False,"[[0.000125, 416.52246509], [0.010176, 412.60884723], [0.012165, 359.57271136], [0.056024, 354.74411406]]",23,quantum,1,
precond_pen=2.000,40,-1.2597955120080044,354.74411406406153,2.0,2,74.54654002189636,0.05778694152832031,0.0,1110110100100010100100111110001110001001,+++-++-+--+---+-+--+--+++++---+++---+--+,0,False,"[[0.000116, 416.52246509], [0.010249, 414.13416028], [0.011749, 361.75168218], [0.057787, 354.74411406]]",23,quantum,1,
baseline,40,349.1103587352257,349.1103587352251,,2,8813.694169998169,1304.1800258159637,0.0,1010110000100111001011011101010000111010,+-+-++----+--+++--+-++-+++-+-+----+++-+-,0,False,"[[0.000122, 391.88626053], [0.008683, 388.72871793], [0.009597, 388.2093828], [0.01147, 353.23747019], [105.926822, 352.33558248], [106.27544, 351.72208733], [536.974916, 351.26960207], [538.902547, 350.30672238], [1247.928478, 349.87265354], [1304.180026, 349.11035874]]",24,quantum,1,
precond_pen=1.100,40,-1.9932273268530185,349.1103587352251,1.1,2,110.90840005874634,60.44161009788513,0.0,0101001111011000110100100010101111000101,-+-+--++++-++---++-+--+---+-+-++++---+-+,0,False,"[[0.000133, 391.88626053], [0.011972, 388.57658631], [0.013682, 350.30672238], [3.989504, 349.60910953], [60.44161, 349.11035874]]",24,quantum,1,
precond_pen=1.200,40,-1.823073500905993,349.1103587352251,1.2,2,97.27805304527283,0.013607025146484375,0.0,0101001111011000110100100010101111000101,-+-+--++++-++---++-+--+---+-+-++++---+-+,0,False,"[[0.00012, 391.88626053], [0.012226, 390.47371075], [0.013607, 349.11035874]]",24,quantum,1,
precond_pen=1.300,40,-1.6861256789569925,349.1103587352251,1.3,2,96.86582803726196,0.012099027633666992,0.0,0101001111011000110100100010101111000101,-+-+--++++-++---++-+--+---+-+-++++---+-+,0,False,"[[0.000128, 391.88626053], [0.010615, 388.06270052], [0.012099, 349.11035874]]",24,quantum,1,
precond_pen=1.400,40,-1.573493288553001,349.1103587352251,1.4,2,105.09126687049866,0.05758094787597656,0.0,0101001111011000110100100010101111000101,-+-+--++++-++---++-+--+---+-+-++++---+-+,0,False,"[[0.000119, 391.88626053], [0.011289, 390.92078612], [0.012781, 350.30672238], [0.057581, 349.11035874]]",24,quantum,1,
precond_pen=1.500,40,-1.4792077400209767,349.1103587352251,1.5,2,110.94740700721741,0.05299210548400879,0.0,0101001111011000110100100010101111000101,-+-+--++++-++---++-+--+---+-+-++++---+-+,0,False,"[[0.000125, 391.88626053], [0.011014, 382.56266205], [0.012023, 354.75583085], [0.052992, 349.11035874]]",24,quantum,1,
precond_pen=1.600,40,-1.3991107063530137,349.1103587352251,1.6,2,99.8090078830719,59.03976893424988,0.0,0101001111011000110100100010101111000101,-+-+--++++-++---++-+--+---+-+-++++---+-+,0,False,"[[0.000123, 391.88626053], [0.011214, 386.78844767], [0.011903, 352.362235], [10.020139, 351.63729496], [10.342676, 350.84753912], [59.039769, 349.11035874]]",24,quantum,1,
precond_pen=1.700,40,-1.3302151688609936,349.1103587352251,1.7,2,102.493488073349,0.012408018112182617,0.0,0101001111011000110100100010101111000101,-+-+--++++-++---++-+--+---+-+-++++---+-+,0,False,"[[0.000126, 391.88626053], [0.010925, 391.1551881], [0.012408, 349.11035874]]",24,quantum,1,
precond_pen=1.800,40,-1.270319307430979,349.1103587352251,1.8,2,111.14313817024231,81.57382202148438,0.0,0101001111011000110100100010101111000101,-+-+--++++-++---++-+--+---+-+-++++---+-+,0,False,"[[0.000124, 391.88626053], [0.011966, 353.23747019], [0.058283, 349.47459458], [81.573822, 349.11035874]]",24,quantum,1,
precond_pen=1.900,40,-1.2177638122039962,349.1103587352251,1.9,2,99.16806101799011,58.41511797904968,0.0,1010110000100111001011011101010000111010,+-+-++----+--+++--+-++-+++-+-+----+++-+-,0,False,"[[0.000129, 391.88626053], [0.0111, 390.20927187], [0.012041, 349.60910953], [58.415118, 349.11035874], [99.166987, 349.11035874]]",24,quantum,1,
precond_pen=2.000,40,-1.1712746966230068,349.1103587352251,2.0,2,107.79718804359436,57.56765794754028,0.0,0101001111011000110100100010101111000101,-+-+--++++-++---++-+--+---+-+-++++---+-+,0,False,"[[0.000129, 391.88626053], [0.012191, 353.23747019], [12.252129, 353.31663241], [13.633282, 352.39815451], [14.11064, 351.02493866], [14.535997, 350.95277749], [15.021961, 350.33324709], [16.674396, 350.20022162], [17.221025, 349.9633988], [19.473037, 349.47459458], [57.567658, 349.11035874]]",24,quantum,1,
baseline,40,366.9205931161237,366.9205931161237,,2,7722.015486001968,0.09919095039367676,0.0,1001001111111000010110101011010001100010,+--+--+++++++----+-++-+-+-++-+---++---+-,0,False,"[[0.000117, 413.52936156], [0.010871, 369.62217623], [0.099191, 366.92059312]]",25,quantum,1,
precond_pen=1.100,40,-2.083629714706994,366.9205931161237,1.1,2,94.210697889328,6.746510982513428,0.0,0110110000000111101001010100101110011101,-++-++-------++++-+--+-+-+--+-+++--+++-+,0,False,"[[0.000115, 413.52936156], [0.011186, 392.54403953], [0.012131, 372.18203036], [0.053531, 369.06034619], [6.746511, 366.92059312], [94.209698, 366.92059312]]",25,quantum,1,
precond_pen=1.200,40,-1.9017652281190216,366.9205931161237,1.2,2,87.3262550830841,62.13770294189453,0.0,0110110000000111101001010100101110011101,-++-++-------++++-+--+-+-+--+-+++--+++-+,0,False,"[[0.000112, 413.52936156], [0.00936, 398.63798286], [0.010805, 394.13006934], [0.012304, 370.28418171], [0.053102, 369.00147601], [0.053289, 368.99460161], [10.045719, 367.95081018], [47.783792, 367.90950506], [51.252392, 367.92127275], [62.137703, 366.92059312]]",25,quantum,1,
precond_pen=1.300,40,-1.7558015774700149,366.9205931161237,1.3,2,95.16054701805115,44.472975969314575,0.0,1001001111111000010110101011010001100010,+--+--+++++++----+-++-+-+-++-+---++---+-,0,False,"[[0.000118, 413.52936156], [0.01186, 404.79483982], [0.013084, 369.62217623], [0.056545, 368.99460161], [9.540849, 368.98098659], [10.121023, 367.95081018], [25.231506, 367.90950506], [26.779234, 367.92127275], [44.472976, 366.92059312], [95.159009, 366.92059312]]",25,quantum,1,
precond_pen=1.400,40,-1.6360177223950068,366.9205931161237,1.4,2,99.68137097358704,6.556092977523804,0.0,0110110000000111101001010100101110011101,-++-++-------++++-+--+-+-+--+-+++--+++-+,0,False,"[[0.000116, 413.52936156], [0.010482, 407.95959229], [0.011674, 372.15793509], [0.056869, 371.1183229], [5.276369, 370.64408401], [5.982467, 370.15176795], [6.556093, 366.92059312]]",25,quantum,1,
precond_pen=1.500,40,-1.5359214722699974,366.9205931161237,1.5,2,95.85915780067444,53.38561797142029,0.0,0110110000000111101001010100101110011101,-++-++-------++++-+--+-+-+--+-+++--+++-+,0,False,"[[0.000113, 413.52936156], [0.010643, 399.58911785], [0.011752, 369.06034619], [53.385618, 366.92059312]]",25,quantum,1,
precond_pen=1.600,40,-1.4510098619390028,366.9205931161237,1.6,2,93.26512598991394,59.81507396697998,0.0,1001001111111000010110101011010001100010,+--+--+++++++----+-++-+-+-++-+---++---+-,0,False,"[[0.000105, 413.52936156], [0.011115, 404.79483982], [0.012312, 369.62217623], [0.056382, 367.59008318], [59.815074, 366.92059312]]",25,quantum,1,
precond_pen=1.700,40,-1.3780594204159975,366.9205931161237,1.7,2,97.03955698013306,63.135849952697754,0.0,0110110000000111101001010100101110011101,-++-++-------++++-+--+-+-+--+-+++--+++-+,0,False,"[[0.000105, 413.52936156], [0.010566, 399.22323108], [0.01176, 372.15793509], [0.058835, 371.1183229], [4.732973, 370.08576581], [7.90109, 368.99460161], [12.140286, 368.98098659], [14.276629, 367.95081018], [52.871906, 367.92127275], [59.582403, 367.59008318], [61.742587, 367.45486706], [63.13585, 366.92059312]]",25,quantum,1,
precond_pen=1.800,40,-1.3147011404369913,366.9205931161237,1.8,2,96.82730007171631,71.61781811714172,0.0,1001001111111000010110101011010001100010,+--+--+++++++----+-++-+-+-++-+---++---+-,0,False,"[[0.000105, 413.52936156], [0.010299, 402.7481337], [0.011471, 369.62217623], [0.054935, 369.00147601], [43.056897, 368.94610417], [46.92186, 367.90950506], [46.922161, 367.92127275], [65.026604, 367.45486706], [71.617818, 366.92059312]]",25,quantum,1,
precond_pen=1.900,40,-1.2591546032159968,366.9205931161237,1.9,2,103.85570812225342,46.8194580078125,0.0,0110110000000111101001010100101110011101,-++-++-------++++-+--+-+-+--+-+++--+++-+,0,False,"[[0.000106, 413.52936156], [0.010634, 404.79483982], [0.01183, 369.62217623], [0.056116, 369.00147601], [46.819143, 368.29691915], [46.819458, 366.92059312]]",25,quantum,1,
precond_pen=2.000,40,-1.2100552321530103,366.9205931161237,2.0,2,91.8681230545044,70.27104210853577,0.0,0110110000000111101001010100101110011101,-++-++-------++++-+--+-+-+--+-+++--+++-+,0,False,"[[0.000104, 413.52936156], [0.010236, 403.49602085], [0.011475, 372.15793509], [4.427066, 371.54412474], [6.293889, 371.27543936], [7.075031, 370.990521], [8.453034, 369.72729579], [10.322345, 368.03433621], [63.862443, 367.92127275], [70.271042, 366.92059312]]",25,quantum,1,
baseline,40,354.23997914977275,354.2399791497726,,2,5693.505312204361,20.198315143585205,0.0,1100101101000100101110001110001110111000,++--+-++-+---+--+-+++---+++---+++-+++---,0,False,"[[0.000113, 420.53384078], [0.008856, 407.40767945], [0.010968, 405.50250046], [0.012451, 358.64835867], [0.10031, 355.20884121], [20.198315, 354.23997915]]",26,quantum,1,
precond_pen=1.100,40,-2.13990423387701,354.2399791497726,1.1,2,80.92645382881165,56.98625183105469,0.0,0011010010111011010001110001110001000111,--++-+--+-+++-++-+---+++---+++---+---+++,0,False,"[[0.000131, 420.53384078], [0.0112, 394.86757601], [0.012724, 356.96690408], [17.992015, 356.34357852], [18.662415, 355.75925863], [18.663321, 355.20884121], [56.986252, 354.23997915]]",26,quantum,1,
precond_pen=1.200,40,-1.9498567988189972,354.2399791497726,1.2,2,78.49941396713257,56.00226402282715,0.0,1100101101000100101110001110001110111000,++--+-++-+---+--+-+++---+++---+++-+++---,0,False,"[[0.000126, 420.53384078], [0.01127, 400.02433096], [0.01248, 357.59596413], [19.678774, 356.59606649], [21.901868, 355.20884121], [56.002264, 354.23997915]]",26,quantum,1,
precond_pen=1.300,40,-1.7977361344570237,354.2399791497726,1.3,2,81.30647206306458,10.99004602432251,0.0,1100101101000100101110001110001110111000,++--+-++-+---+--+-+++---+++---+++-+++---,0,False,"[[0.00013, 420.53384078], [0.010362, 393.25519946], [0.011333, 359.40241574], [0.057131, 358.8961785], [7.055693, 358.04161672], [8.773895, 356.34632652], [9.30803, 355.78147677], [9.512036, 355.28379344], [10.294148, 355.20884121], [10.990046, 354.23997915]]",26,quantum,1,
precond_pen=1.400,40,-1.6731632306540156,354.2399791497726,1.4,2,83.23552298545837,0.011805057525634766,0.0,1100101101000100101110001110001110111000,++--+-++-+---+--+-+++---+++---+++-+++---,0,False,"[[0.000125, 420.53384078], [0.010293, 389.05243776], [0.011805, 354.23997915]]",26,quantum,1,
precond_pen=1.500,40,-1.569242271460011,354.2399791497726,1.5,2,82.51364803314209,65.6274139881134,0.0,0011010010111011010001110001110001000111,--++-+--+-+++-++-+---+++---+++---+---+++,0,False,"[[0.000136, 420.53384078], [0.010328, 393.89716381], [0.011367, 360.00744489], [12.062401, 358.93497775], [15.481325, 358.92125978], [17.511091, 358.8961785], [36.583948, 357.59596413], [65.010246, 357.44667584], [65.627106, 356.91800293], [65.627414, 354.23997915]]",26,quantum,1,
precond_pen=1.600,40,-1.4812089365939958,354.2399791497726,1.6,2,80.88376593589783,5.4484498500823975,0.0,0011010010111011010001110001110001000111,--++-+--+-+++-++-+---+++---+++---+---+++,0,False,"[[0.000134, 420.53384078], [0.010835, 388.56578975], [0.012593, 355.20884121], [5.44845, 354.23997915]]",26,quantum,1,
precond_pen=1.700,40,-1.4056645566780261,354.2399791497726,1.7,2,80.81240797042847,7.7663679122924805,0.0,1100101101000100101110001110001110111000,++--+-++-+---+--+-+++---+++---+++-+++---,0,False,"[[0.00013, 420.53384078], [0.010368, 394.13153738], [0.011565, 355.20884121], [7.766368, 354.23997915]]",26,quantum,1,
precond_pen=1.800,40,-1.3401178608269895,354.2399791497726,1.8,2,85.7020320892334,0.05570411682128906,0.0,1100101101000100101110001110001110111000,++--+-++-+---+--+-+++---+++---+++-+++---,0,False,"[[0.000122, 420.53384078], [0.009931, 396.52326862], [0.011162, 361.58049351], [0.055704, 354.23997915]]",26,quantum,1,
precond_pen=1.900,40,-1.282701084232027,354.2399791497726,1.9,2,87.07697606086731,0.05994415283203125,0.0,1100101101000100101110001110001110111000,++--+-++-+---+--+-+++---+++---+++-+++---,0,False,"[[0.000122, 420.53384078], [0.010554, 391.95667733], [0.012119, 356.96690408], [0.059944, 354.23997915]]",26,quantum,1,
precond_pen=2.000,40,-1.2319854126470187,354.2399791497726,2.0,2,82.95661306381226,9.217489004135132,0.0,1100101101000100101110001110001110111000,++--+-++-+---+--+-+++---+++---+++-+++---,0,False,"[[0.000123, 420.53384078], [0.010087, 393.08910894], [0.011571, 355.20884121], [9.217489, 354.23997915]]",26,quantum,1,
baseline,40,363.19240206138045,363.19240206138136,,2,6894.418390035629,0.10431289672851562,0.0,1101010111101000001100000000010111011111,++-+-+-++++-+-----++---------+-+++-+++++,0,False,"[[0.000127, 426.10037613], [0.009847, 418.83192679], [0.011248, 416.41261387], [0.013146, 365.27868855], [0.101385, 364.39901609], [0.104313, 363.19240206]]",27,quantum,1,
precond_pen=1.100,40,-2.2025893412600066,363.19240206138136,1.1,2,74.95216488838196,0.012395858764648438,0.0,1101010111101000001100000000010111011111,++-+-+-++++-+-----++---------+-+++-+++++,0,False,"[[0.000104, 426.10037613], [0.010895, 405.48492406], [0.012396, 363.19240206]]",27,quantum,1,
precond_pen=1.200,40,-2.004193520900005,363.19240206138136,1.2,2,66.43388509750366,6.708831071853638,0.0,1101010111101000001100000000010111011111,++-+-+-++++-+-----++---------+-+++-+++++,0,False,"[[9.7e-05, 426.10037613], [0.011084, 413.74090225], [0.012766, 364.39901609], [6.708831, 363.19240206]]",27,quantum,1,
precond_pen=1.300,40,-1.8456647591180086,363.19240206138136,1.3,2,75.71777701377869,0.012804985046386719,0.0,1101010111101000001100000000010111011111,++-+-+-++++-+-----++---------+-+++-+++++,0,False,"[[9.6e-05, 426.10037613], [0.011633, 404.12723032], [0.012805, 363.19240206]]",27,quantum,1,
precond_pen=1.400,40,-1.7160222037509651,363.19240206138136,1.4,2,78.47247910499573,0.01306915283203125,0.0,1101010111101000001100000000010111011111,++-+-+-++++-+-----++---------+-+++-+++++,0,False,"[[9.8e-05, 426.10037613], [0.011917, 394.01431964], [0.013069, 363.19240206]]",27,quantum,1,
precond_pen=1.500,40,-1.6079923461110148,363.19240206138136,1.5,2,84.21058702468872,49.55212688446045,0.0,0010101000010111110011111111101000100000,--+-+-+----+-+++++--+++++++++-+---+-----,0,False,"[[0.0001, 426.10037613], [0.010684, 399.90182219], [0.012098, 365.18220697], [49.552127, 363.19240206], [84.209608, 363.19240206]]",27,quantum,1,
precond_pen=1.600,40,-1.516562873453001,363.19240206138136,1.6,2,75.56199479103088,17.830670833587646,0.0,1101010111101000001100000000010111011111,++-+-+-++++-+-----++---------+-+++-+++++,0,False,"[[9.6e-05, 426.10037613], [0.011058, 397.90315938], [0.012265, 369.90095615], [0.058166, 365.18220697], [17.830671, 363.19240206], [75.56101, 363.19240206]]",27,quantum,1,
precond_pen=1.700,40,-1.4381650820559901,363.19240206138136,1.7,2,72.124666929245,39.26814079284668,0.0,1101010111101000001100000000010111011111,++-+-+-++++-+-----++---------+-+++-+++++,0,False,"[[9.7e-05, 426.10037613], [0.011345, 395.18284314], [0.012559, 368.5676549], [0.058988, 365.18220697], [39.268141, 363.19240206], [72.123693, 363.19240206]]",27,quantum,1,
precond_pen=1.800,40,-1.3701881283959914,363.19240206138136,1.8,2,79.4717230796814,0.011705160140991211,0.0,1101010111101000001100000000010111011111,++-+-+-++++-+-----++---------+-+++-+++++,0,False,"[[9.7e-05, 426.10037613], [0.009216, 410.01865042], [0.010588, 404.89963526], [0.011705, 363.19240206]]",27,quantum,1,
precond_pen=1.900,40,-1.310676827686006,363.19240206138136,1.9,2,80.11405897140503,0.012350797653198242,0.0,1101010111101000001100000000010111011111,++-+-+-++++-+-----++---------+-+++-+++++,0,False,"[[9.7e-05, 426.10037613], [0.010865, 407.90315168], [0.012351, 363.19240206]]",27,quantum,1,
precond_pen=2.000,40,-1.2581376289409931,363.19240206138136,2.0,2,84.90239691734314,0.05422210693359375,0.0,1101010111101000001100000000010111011111,++-+-+-++++-+-----++---------+-+++-+++++,0,False,"[[9.7e-05, 426.10037613], [0.010599, 407.87277038], [0.01156, 368.81968231], [0.054222, 363.19240206]]",27,quantum,1,
baseline,40,374.5401332908614,374.5401332908609,,2,7564.006996154785,719.7478761672974,0.0,1110101100000101110100011010010000101111,+++-+-++-----+-+++-+---++-+--+----+-++++,0,False,"[[0.000106, 428.95185108], [0.011587, 377.10069251], [0.103887, 375.84281386], [568.627627, 375.80754557], [570.303918, 375.4312103], [719.747876, 374.54013329], [7564.00566, 374.54013329]]",28,quantum,1,
precond_pen=1.100,40,-2.202757718896022,374.5401332908609,1.1,2,79.71919107437134,56.74703907966614,0.0,0001010011111010001011100101101111010000,---+-+--+++++-+---+-+++--+-++-++++-+----,0,False,"[[0.000106, 428.95185108], [0.014961, 427.74381277], [0.015844, 387.26061344], [0.056802, 375.82779338], [56.747039, 374.54013329]]",28,quantum,1,
precond_pen=1.200,40,-2.002835845387027,374.5401332908609,1.2,2,79.49505186080933,64.60176396369934,0.0,1110101100000101110100011010010000101111,+++-+-++-----+-+++-+---++-+--+----+-++++,0,False,"[[0.000101, 428.95185108], [0.012601, 421.56563244], [0.014086, 375.84281386], [20.289475, 375.43245583], [64.601764, 374.54013329], [79.494076, 374.54013329]]",28,quantum,1,
precond_pen=1.300,40,-1.8433552531729926,374.5401332908609,1.3,2,78.30055117607117,62.796831130981445,0.0,0001010011111010001011100101101111010000,---+-+--+++++-+---+-+++--+-++-++++-+----,0,False,"[[0.000104, 428.95185108], [0.012003, 419.65662178], [0.013437, 378.73764851], [0.058745, 375.82779338], [21.701638, 375.4312103], [25.071511, 375.43245583], [62.796831, 374.54013329]]",28,quantum,1,
precond_pen=1.400,40,-1.713111743896027,374.5401332908609,1.4,2,78.49415397644043,67.7378408908844,0.0,1110101100000101110100011010010000101111,+++-+-++-----+-+++-+---++-+--+----+-++++,0,False,"[[9.7e-05, 428.95185108], [0.011435, 416.87740254], [0.012661, 375.43245583], [67.737841, 374.54013329]]",28,quantum,1,
precond_pen=1.500,40,-1.6047036404899995,374.5401332908609,1.5,2,73.37572193145752,0.012652873992919922,0.0,0001010011111010001011100101101111010000,---+-+--+++++-+---+-+++--+-++-++++-+----,0,False,"[[9.5e-05, 428.95185108], [0.011194, 424.89927399], [0.012653, 374.54013329]]",28,quantum,1,
precond_pen=1.600,40,-1.513041348319005,374.5401332908609,1.6,2,71.33868503570557,51.01976704597473,0.0,1110101100000101110100011010010000101111,+++-+-++-----+-+++-+---++-+--+----+-++++,0,False,"[[9.5e-05, 428.95185108], [0.011012, 419.52103317], [0.012236, 375.89924146], [19.580715, 375.4312103], [22.471362, 375.43245583], [51.019767, 374.54013329], [71.337678, 374.54013329]]",28,quantum,1,
precond_pen=1.700,40,-1.4345077345719854,374.5401332908609,1.7,2,82.30531883239746,64.2815899848938,0.0,1110101100000101110100011010010000101111,+++-+-++-----+-+++-+---++-+--+----+-++++,0,False,"[[0.000108, 428.95185108], [0.009381, 414.66290437], [0.012174, 378.71731053], [0.052328, 377.10069251], [0.055283, 375.82779338], [44.132876, 375.80754557], [46.677804, 375.43245583], [64.28159, 374.54013329]]",28,quantum,1,
precond_pen=1.800,40,-1.3664605926889983,374.5401332908609,1.8,2,70.03504586219788,6.453497886657715,0.0,0001010011111010001011100101101111010000,---+-+--+++++-+---+-+++--+-++-++++-+----,0,False,"[[0.000101, 428.95185108], [0.011599, 417.4818727], [0.013009, 375.84281386], [6.453498, 374.54013329], [70.034012, 374.54013329]]",28,quantum,1,
precond_pen=1.900,40,-1.3069242586459975,374.5401332908609,1.9,2,79.42531704902649,60.09804391860962,0.0,1110101100000101110100011010010000101111,+++-+-++-----+-+++-+---++-+--+----+-++++,0,False,"[[9.8e-05, 428.95185108], [0.010897, 424.71433202], [0.011724, 387.26061344], [0.056949, 375.82779338], [59.827886, 375.80754557], [60.098044, 374.54013329]]",28,quantum,1,
precond_pen=2.000,40,-1.2543910235029934,374.5401332908609,2.0,2,73.93040800094604,24.32740092277527,0.0,1110101100000101110100011010010000101111,+++-+-++-----+-+++-+---++-+--+----+-++++,0,False,"[[9.7e-05, 428.95185108], [0.011088, 413.18617993], [0.012271, 375.43245583], [24.327401, 374.54013329], [73.929455, 374.54013329]]",28,quantum,1,
baseline,40,347.9161285971395,347.9161285971394,,2,5079.363543987274,0.010943174362182617,0.0,1010011001101111000001001100101001011011,+-+--++--++-++++-----+--++--+-+--+-++-++,0,False,"[[9.7e-05, 395.54806694], [0.00853, 395.49693055], [0.009157, 393.57794235], [0.009755, 392.96941626], [0.010943, 347.9161286]]",29,quantum,1,
precond_pen=1.100,40,-2.155165618285995,347.9161285971394,1.1,2,68.67955493927002,0.0545048713684082,0.0,1010011001101111000001001100101001011011,+-+--++--++-++++-----+--++--+-+--+-++-++,0,False,"[[9.8e-05, 395.54806694], [0.012927, 348.85344911], [0.054505, 347.9161286]]",29,quantum,1,
precond_pen=1.200,40,-1.965469519021008,347.9161285971394,1.2,2,66.27437710762024,0.01286005973815918,0.0,0101100110010000111110110011010110100100,-+-++--++--+----+++++-++--++-+-++-+--+--,0,False,"[[0.0001, 395.54806694], [0.011718, 392.57512485], [0.01286, 347.9161286]]",29,quantum,1,
precond_pen=1.300,40,-1.8132555012150107,347.9161285971394,1.3,2,64.41233897209167,43.07176995277405,0.0,1010011001101111000001001100101001011011,+-+--++--++-++++-----+--++--+-+--+-++-++,0,False,"[[9.6e-05, 395.54806694], [0.011467, 394.64027063], [0.01284, 348.85344911], [43.07177, 347.9161286], [64.411369, 347.9161286]]",29,quantum,1,
precond_pen=1.400,40,-1.6883600020979923,347.9161285971394,1.4,2,70.57217311859131,42.70660400390625,0.0,0101100110010000111110110011010110100100,-+-++--++--+----+++++-++--++-+-++-+--+--,0,False,"[[0.000102, 395.54806694], [0.010638, 394.05893527], [0.011549, 353.6682519], [0.053161, 348.85344911], [42.706604, 347.9161286], [70.571195, 347.9161286]]",29,quantum,1,
precond_pen=1.500,40,-1.5840017307000078,347.9161285971394,1.5,2,64.85341882705688,0.012089014053344727,0.0,1010011001101111000001001100101001011011,+-+--++--++-++++-----+--++--+-+--+-++-++,0,False,"[[9.3e-05, 395.54806694], [0.010845, 393.07125363], [0.012089, 347.9161286]]",29,quantum,1,
precond_pen=1.600,40,-1.4954790555299766,347.9161285971394,1.6,2,71.792720079422,10.641386985778809,0.0,0101100110010000111110110011010110100100,-+-++--++--+----+++++-++--++-+-++-+--+--,0,False,"[[9.8e-05, 395.54806694], [0.011782, 395.54776356], [0.012934, 353.32536122], [0.058619, 348.85344911], [10.641387, 347.9161286]]",29,quantum,1,
precond_pen=1.700,40,-1.4194285805779927,347.9161285971394,1.7,2,67.04144716262817,57.304357051849365,0.0,1010011001101111000001001100101001011011,+-+--++--++-++++-----+--++--+-+--+-++-++,0,False,"[[0.0001, 395.54806694], [0.011268, 387.40629637], [0.013781, 348.85344911], [57.304357, 347.9161286]]",29,quantum,1,
precond_pen=1.800,40,-1.3533789867750095,347.9161285971394,1.8,2,73.09336400032043,46.98851299285889,0.0,1010011001101111000001001100101001011011,+-+--++--++-++++-----+--++--+-+--+-++-++,0,False,"[[9.8e-05, 395.54806694], [0.010603, 395.30751543], [0.011747, 355.61496461], [0.055222, 348.85344911], [46.988513, 347.9161286]]",29,quantum,1,
precond_pen=1.900,40,-1.2954731261569865,347.9161285971394,1.9,2,75.97655701637268,56.652458906173706,0.0,0101100110010000111110110011010110100100,-+-++--++--+----+++++-++--++-+-++-+--+--,0,False,"[[9.9e-05, 395.54806694], [0.009687, 395.59260987], [0.010197, 395.49693055], [0.01084, 395.19001654], [0.01264, 348.85344911], [56.652459, 347.9161286]]",29,quantum,1,
precond_pen=2.000,40,-1.244288002438969,347.9161285971394,2.0,2,73.39048504829407,25.653735876083374,0.0,1010011001101111000001001100101001011011,+-+--++--++-++++-----+--++--+-+--+-++-++,0,False,"[[0.000111, 395.54806694], [0.010834, 385.52022924], [0.012019, 352.33935747], [0.059119, 348.85344911], [25.653736, 347.9161286], [73.389505, 347.9161286]]",29,quantum,1,
baseline,40,367.5142033565469,367.5142033565469,,2,9482.602638959885,0.012424945831298828,0.0,0011000110110100000010010101111111101010,--++---++-++-+------+--+-+-++++++++-+-+-,0,False,"[[9.7e-05, 419.40441686], [0.008872, 406.58906021], [0.012425, 367.51420336]]",30,quantum,1,
precond_pen=1.100,40,-2.0469705046409956,367.5142033565469,1.1,2,106.43941307067871,0.055631160736083984,0.0,0011000110110100000010010101111111101010,--++---++-++-+------+--+-+-++++++++-+-+-,0,False,"[[9.9e-05, 419.40441686], [0.012077, 395.39599178], [0.013579, 369.9204785], [0.055631, 367.51420336]]",30,quantum,1,
precond_pen=1.200,40,-1.8678569645650054,367.5142033565469,1.2,2,110.22656512260437,96.64355802536011,0.0,0011000110110100000010010101111111101010,--++---++-++-+------+--+-+-++++++++-+-+-,0,False,"[[9.7e-05, 419.40441686], [0.011846, 395.27707091], [0.013039, 371.6227048], [1.251482, 371.36230338], [1.25167, 371.21501285], [54.136615, 371.27281962], [54.69033, 369.4746114], [55.101875, 369.25445579], [56.27879, 369.23907587], [57.046638, 368.81165305], [61.647964, 368.7358095], [62.726093, 368.44039743], [76.95959, 367.99836786], [96.643558, 367.51420336], [110.225523, 367.51420336]]",30,quantum,1,
precond_pen=1.300,40,-1.7243050240679967,367.5142033565469,1.3,2,99.3810088634491,0.05715489387512207,0.0,1100111001001011111101101010000000010101,++--+++--+--+-++++++-++-+-+--------+-+-+,0,False,"[[9.6e-05, 419.40441686], [0.01161, 392.57198045], [0.01256, 369.37877049], [0.057155, 367.51420336]]",30,quantum,1,
precond_pen=1.400,40,-1.6066377715769953,367.5142033565469,1.4,2,98.05590105056763,73.35992908477783,0.0,0011000110110100000010010101111111101010,--++---++-++-+------+--+-+-++++++++-+-+-,0,False,"[[0.0001, 419.40441686], [0.01161, 402.71804743], [0.01257, 372.99214884], [0.057039, 369.14158018], [20.039928, 368.44039743], [68.823625, 368.32585478], [73.359929, 367.51420336]]",30,quantum,1,
precond_pen=1.500,40,-1.5084073054739822,367.5142033565469,1.5,2,105.15411806106567,0.014056205749511719,0.0,0011000110110100000010010101111111101010,--++---++-++-+------+--+-+-++++++++-+-+-,0,False,"[[9.7e-05, 419.40441686], [0.011028, 416.57129159], [0.011729, 416.25534745], [0.012252, 409.19397642], [0.014056, 367.51420336]]",30,quantum,1,
precond_pen=1.600,40,-1.4251482283220014,367.5142033565469,1.6,2,101.71300411224365,6.256558179855347,0.0,1100111001001011111101101010000000010101,++--+++--+--+-++++++-++-+-+--------+-+-+,0,False,"[[9.9e-05, 419.40441686], [0.011226, 399.78890547], [0.012753, 368.7358095], [6.256558, 367.51420336]]",30,quantum,1,
precond_pen=1.700,40,-1.353669590333988,367.5142033565469,1.7,2,103.44568109512329,10.92943000793457,0.0,1100111001001011111101101010000000010101,++--+++--+--+-++++++-++-+-+--------+-+-+,0,False,"[[9.9e-05, 419.40441686], [0.010498, 400.31418341], [0.011683, 369.37877049], [0.056249, 368.81165305], [10.92943, 367.51420336]]",30,quantum,1,
precond_pen=1.800,40,-1.2916291459959997,367.5142033565469,1.8,2,101.40807318687439,43.615046977996826,0.0,1100111001001011111101101010000000010101,++--+++--+--+-++++++-++-+-+--------+-+-+,0,False,"[[0.000101, 419.40441686], [0.010763, 395.44039352], [0.011749, 372.99214884], [0.05671, 368.81165305], [43.615047, 367.51420336], [101.407066, 367.51420336]]",30,quantum,1,
precond_pen=1.900,40,-1.2372683378030018,367.5142033565469,1.9,2,97.50590705871582,12.21080493927002,0.0,1100111001001011111101101010000000010101,++--+++--+--+-++++++-++-+-+--------+-+-+,0,False,"[[0.000111, 419.40441686], [0.010191, 404.91557382], [0.011441, 372.99214884], [0.056318, 368.81165305], [12.210805, 367.51420336]]",30,quantum,1,
precond_pen=2.000,40,-1.189240935657013,367.5142033565469,2.0,2,103.195809841156,45.44807481765747,0.0,1100111001001011111101101010000000010101,++--+++--+--+-++++++-++-+-+--------+-+-+,0,False,"[[9.9e-05, 419.40441686], [0.010589, 403.19815475], [0.011813, 369.9204785], [0.057271, 368.81165305], [45.448075, 367.51420336]]",30,quantum,1,
baseline,40,358.52869528970655,358.5286952897063,,2,9048.382962942123,0.012495994567871094,0.0,0011111110000111100110110010100001100001,--+++++++----++++--++-++--+-+----++----+,0,False,"[[0.00042, 407.61391838], [0.009764, 404.00233788], [0.010858, 399.25509821], [0.012496, 358.52869529]]",31,quantum,1,
precond_pen=1.100,40,-2.012241906763977,358.5286952897063,1.1,2,149.39278101921082,65.05804109573364,0.0,1100000001111000011001001101011110011110,++-------++++----++--+--++-+-++++--++++-,0,False,"[[0.000596, 407.61391838], [0.052038, 389.74185778], [0.05366, 360.93591652], [0.109447, 360.61028671], [65.058041, 358.52869529]]",31,quantum,1,
precond_pen=1.200,40,-1.8367873880680232,358.5286952897063,1.2,2,135.0751760005951,51.851572036743164,0.0,0011111110000111100110110010100001100001,--+++++++----++++--++-++--+-+----++----+,0,False,"[[0.000547, 407.61391838], [0.036128, 393.38075993], [0.038087, 390.19536821], [0.040026, 359.8113857], [51.851572, 358.52869529], [135.065408, 358.52869529]]",31,quantum,1,
precond_pen=1.300,40,-1.6962177650569839,358.5286952897063,1.3,2,131.9257788658142,72.07636785507202,0.0,0011111110000111100110110010100001100001,--+++++++----++++--++-++--+-+----++----+,0,False,"[[0.000153, 407.61391838], [0.036844, 394.29088073], [0.038718, 362.17775715], [16.441314, 361.27253458], [45.483746, 360.61028671], [47.534721, 359.92093716], [72.076368, 358.52869529]]",31,quantum,1,
precond_pen=1.400,40,-1.5810228037249967,358.5286952897063,1.4,2,142.5561180114746,101.39683103561401,0.0,0011111110000111100110110010100001100001,--+++++++----++++--++-++--+-+----++----+,0,False,"[[0.000171, 407.61391838], [0.034201, 390.46317711], [0.035428, 361.17416794], [12.838784, 359.8113857], [99.958932, 359.4178646], [101.396831, 358.52869529]]",31,quantum,1,
precond_pen=1.500,40,-1.4848719326760023,358.5286952897063,1.5,2,131.54441809654236,50.02794814109802,0.0,0011111110000111100110110010100001100001,--+++++++----++++--++-++--+-+----++----+,0,False,"[[0.000164, 407.61391838], [0.030059, 389.03592264], [0.031228, 362.28536947], [0.088025, 361.37285151], [2.162782, 359.8113857], [50.027948, 358.52869529], [131.53277, 358.52869529]]",31,quantum,1,
precond_pen=1.600,40,-1.4033850726949932,358.5286952897063,1.6,2,152.08853602409363,12.922101020812988,0.0,0011111110000111100110110010100001100001,--+++++++----++++--++-++--+-+----++----+,0,False,"[[0.000629, 407.61391838], [0.040629, 390.30389535], [0.041875, 361.80472132], [0.099203, 359.93988074], [12.161476, 359.4178646], [12.922101, 358.52869529]]",31,quantum,1,
precond_pen=1.700,40,-1.3334335508609847,358.5286952897063,1.7,2,133.43612813949585,103.04559516906738,0.0,0011111110000111100110110010100001100001,--+++++++----++++--++-++--+-+----++----+,0,False,"[[0.000161, 407.61391838], [0.037219, 390.916754], [0.038458, 362.28536947], [0.096476, 362.20816527], [2.10175, 361.96859931], [2.102135, 359.8113857], [101.635355, 359.73871482], [103.045595, 358.52869529]]",31,quantum,1,
precond_pen=1.800,40,-1.2727221246059983,358.5286952897063,1.8,2,157.67265796661377,77.77170991897583,0.0,0011111110000111100110110010100001100001,--+++++++----++++--++-++--+-+----++----+,0,False,"[[0.000608, 407.61391838], [0.028645, 394.87531395], [0.029854, 361.80472132], [0.084612, 360.84552038], [77.143852, 360.32829453], [77.77171, 358.52869529]]",31,quantum,1,
precond_pen=1.900,40,-1.219528045229989,358.5286952897063,1.9,2,160.20391297340393,105.61536002159119,0.0,0011111110000111100110110010100001100001,--+++++++----++++--++-++--+-+----++----+,0,False,"[[0.000563, 407.61391838], [0.036813, 390.916754], [0.038096, 362.28536947], [0.095891, 362.19609531], [0.820402, 362.07854823], [2.095179, 359.8113857], [101.699414, 359.73871482], [105.61536, 358.52869529]]",31,quantum,1,
precond_pen=2.000,40,-1.1725328594459956,358.5286952897063,2.0,2,140.86401796340942,71.84298205375671,0.0,0011111110000111100110110010100001100001,--+++++++----++++--++-++--+-+----++----+,0,False,"[[0.000547, 407.61391838], [0.034969, 394.63274911], [0.036563, 360.76858676], [65.666163, 360.3956859], [66.05586, 359.96856043], [67.258048, 359.93988074], [69.575249, 359.73871482], [71.842982, 358.52869529]]",31,quantum,1,
baseline,40,345.10061667619,345.1006166761897,,2,7444.755946159363,0.16181206703186035,0.0,1110111110001000010001101110001001110100,+++-+++++---+----+---++-+++---+--+++-+--,0,False,"[[0.000157, 401.83487555], [0.03317, 398.06008947], [0.034932, 394.48723], [0.0373, 355.42556573], [0.161812, 345.10061668]]",32,quantum,1,
precond_pen=1.100,40,-2.1744934275450074,345.21697530059544,1.1,2,94.23170709609985,15.694380044937134,0.0,1110111110001010010001001110001001110100,+++-+++++---+-+--+---+--+++---+--+++-+--,0,False,"[[0.000134, 401.83487555], [0.01239, 382.58808463], [0.01366, 345.25281972], [15.69438, 345.2169753]]",32,quantum,1,
precond_pen=1.200,40,-1.9820951378519869,345.21697530059544,1.2,2,81.75427412986755,64.26373100280762,0.0,1110111110001010010001001110001001110100,+++-+++++---+-+--+---+--+++---+--+++-+--,0,False,"[[0.00013, 401.83487555], [0.013107, 382.42364556], [0.01459, 345.25281972], [64.263731, 345.2169753]]",32,quantum,1,
precond_pen=1.300,40,-1.8278247735459807,345.21697530059544,1.3,2,102.4357578754425,0.017251968383789062,0.0,1110111110001010010001001110001001110100,+++-+++++---+-+--+---+--+++---+--+++-+--,0,False,"[[0.000189, 401.83487555], [0.015544, 396.97745027], [0.017252, 345.2169753]]",32,quantum,1,
precond_pen=1.400,40,-1.7013157293489929,345.21697530059544,1.4,2,87.29165291786194,16.393908977508545,0.0,1110111110001010010001001110001001110100,+++-+++++---+-+--+---+--+++---+--+++-+--,0,False,"[[0.00012, 401.83487555], [0.012011, 388.29082046], [0.013052, 345.25281972], [16.393909, 345.2169753]]",32,quantum,1,
precond_pen=1.500,40,-1.5956594978609964,345.21697530059544,1.5,2,80.18962788581848,0.017001867294311523,0.0,1110111110001010010001001110001001110100,+++-+++++---+-+--+---+--+++---+--+++-+--,0,False,"[[0.000171, 401.83487555], [0.015328, 391.32716223], [0.017002, 345.2169753]]",32,quantum,1,
precond_pen=1.600,40,-1.5062283560340113,345.1006166761897,1.6,2,90.95919609069824,0.016323089599609375,0.0,1110111110001000010001101110001001110100,+++-+++++---+----+---++-+++---+--+++-+--,0,False,"[[0.000121, 401.83487555], [0.014031, 391.80422058], [0.016323, 345.10061668]]",32,quantum,1,
precond_pen=1.700,40,-1.4294278563089726,345.1006166761897,1.7,2,90.83060002326965,0.017348051071166992,0.0,1110111110001000010001101110001001110100,+++-+++++---+----+---++-+++---+--+++-+--,0,False,"[[0.000211, 401.83487555], [0.015694, 384.86554623], [0.017348, 345.10061668]]",32,quantum,1,
precond_pen=1.800,40,-1.3627279508519887,345.1006166761897,1.8,2,95.02290797233582,0.014094829559326172,0.0,1110111110001000010001101110001001110100,+++-+++++---+----+---++-+++---+--+++-+--,0,False,"[[0.000192, 401.83487555], [0.012011, 399.57978395], [0.012656, 399.53651539], [0.013197, 393.21556941], [0.014095, 345.10061668]]",32,quantum,1,
precond_pen=1.900,40,-1.3042525700069962,345.1006166761897,1.9,2,91.58337593078613,0.020236968994140625,0.0,1110111110001000010001101110001001110100,+++-+++++---+----+---++-+++---+--+++-+--,0,False,"[[0.000225, 401.83487555], [0.017923, 391.80422058], [0.020237, 345.10061668]]",32,quantum,1,
precond_pen=2.000,40,-1.2525645034409898,345.1006166761897,2.0,2,91.52667689323425,18.412449836730957,0.0,1110111110001000010001101110001001110100,+++-+++++---+----+---++-+++---+--+++-+--,0,False,"[[0.000129, 401.83487555], [0.011629, 391.15379137], [0.013012, 352.13035223], [0.09873, 345.25281972], [16.950711, 345.2169753], [18.41245, 345.10061668]]",32,quantum,1,
baseline,40,341.25507245306756,341.25507245306613,,2,4929.162547111511,2537.4961330890656,0.0,0110101001010000111011110111110001100000,-++-+-+--+-+----+++-++++-+++++---++-----,0,False,"[[0.000186, 393.3535881], [0.011223, 393.14909475], [0.012514, 388.38819493], [0.014833, 343.75595738], [0.10685, 342.86491122], [2537.121788, 342.68745162], [2537.496133, 341.25507245]]",33,quantum,1,
precond_pen=1.100,40,-2.0781819231009973,341.25507245306613,1.1,2,109.78286981582642,68.20276188850403,0.0,1001010110101111000100001000001110011111,+--+-+-++-+-++++---+----+-----+++--+++++,0,False,"[[0.001289, 393.3535881], [0.018088, 360.69556673], [0.019715, 342.86491122], [65.746508, 342.68745162], [68.202762, 341.25507245], [109.780425, 341.25507245]]",33,quantum,1,
precond_pen=1.200,40,-1.8976956481069962,341.25507245306613,1.2,2,116.23496699333191,0.019396066665649414,0.0,1001010110101111000100001000001110011111,+--+-+-++-+-++++---+----+-----+++--+++++,0,False,"[[0.000206, 393.3535881], [0.016946, 374.50329822], [0.019396, 341.25507245]]",33,quantum,1,
precond_pen=1.300,40,-1.7526837349429982,341.25507245306613,1.3,2,98.77819204330444,25.501593112945557,0.0,1001010110101111000100001000001110011111,+--+-+-++-+-++++---+----+-----+++--+++++,0,False,"[[0.000223, 393.3535881], [0.016448, 361.77680775], [0.017625, 345.53243059], [18.700203, 344.30137797], [25.501593, 341.25507245]]",33,quantum,1,
precond_pen=1.400,40,-1.6335796416080388,341.25507245306613,1.4,2,96.06756615638733,0.016695022583007812,0.0,1001010110101111000100001000001110011111,+--+-+-++-+-++++---+----+-----+++--+++++,0,False,"[[0.000175, 393.3535881], [0.014501, 369.21111078], [0.016695, 341.25507245]]",33,quantum,1,
precond_pen=1.500,40,-1.5339830272409927,341.25507245306613,1.5,2,114.64574909210205,82.39608192443848,0.0,0110101001010000111011110111110001100000,-++-+-+--+-+----+++-++++-+++++---++-----,0,False,"[[0.000121, 393.3535881], [0.010394, 387.87863962], [0.011538, 384.78465589], [0.012186, 368.71312891], [0.013162, 343.90844182], [0.056391, 342.86491122], [82.39574, 342.71361485], [82.396082, 341.25507245], [114.643033, 341.25507245]]",33,quantum,1,
precond_pen=1.600,40,-1.4494472758129877,341.25507245306613,1.6,2,97.36759495735168,54.07462501525879,0.0,0110101001010000111011110111110001100000,-++-+-+--+-+----+++-++++-+++++---++-----,0,False,"[[0.000208, 393.3535881], [0.01649, 369.55148374], [0.017888, 343.90844182], [9.547746, 342.86491122], [54.074625, 341.25507245]]",33,quantum,1,
precond_pen=1.700,40,-1.3767855461800131,341.25507245306613,1.7,2,97.87574005126953,77.27662205696106,0.0,1001010110101111000100001000001110011111,+--+-+-++-+-++++---+----+-----+++--+++++,0,False,"[[0.000186, 393.3535881], [0.015148, 374.77148802], [0.016563, 343.90844182], [13.307613, 342.86491122], [77.276622, 341.25507245]]",33,quantum,1,
precond_pen=1.800,40,-1.3136528586050051,341.25507245306613,1.8,2,99.9431471824646,76.56343913078308,0.0,0110101001010000111011110111110001100000,-++-+-+--+-+----+++-++++-+++++---++-----,0,False,"[[0.000133, 393.3535881], [0.01144, 365.82015374], [0.01241, 343.90844182], [68.492669, 343.28050627], [69.957487, 342.68745162], [76.563439, 341.25507245]]",33,quantum,1,
precond_pen=1.900,40,-1.2582852049579962,341.25507245306613,1.9,2,102.14079308509827,0.016247034072875977,0.0,1001010110101111000100001000001110011111,+--+-+-++-+-++++---+----+-----+++--+++++,0,False,"[[0.00018, 393.3535881], [0.014049, 371.54501907], [0.016247, 341.25507245]]",33,quantum,1,
precond_pen=2.000,40,-1.2093296078610045,341.25507245306613,2.0,2,94.95620512962341,22.13759207725525,0.0,1001010110101111000100001000001110011111,+--+-+-++-+-++++---+----+-----+++--+++++,0,False,"[[0.000173, 393.3535881], [0.013938, 368.71312891], [0.015218, 343.90844182], [21.080478, 343.33107611], [22.137592, 341.25507245], [94.953517, 341.25507245]]",33,quantum,1,
baseline,40,354.4041640350061,354.40416403500564,,2,8420.171890974045,0.015365123748779297,0.0,1001101111100011100111010010111000010000,+--++-+++++---+++--+++-+--+-+++----+----,0,False,"[[0.000182, 398.91906992], [0.012211, 394.94392264], [0.013482, 393.90706174], [0.015365, 354.40416404]]",34,quantum,1,
precond_pen=1.100,40,-2.1568970210679765,354.40416403500564,1.1,2,76.04957795143127,0.05619311332702637,0.0,1001101111100011100111010010111000010000,+--++-+++++---+++--+++-+--+-+++----+----,0,False,"[[0.000113, 398.91906992], [0.010804, 390.56311434], [0.011987, 363.05459577], [0.056193, 354.40416404]]",34,quantum,1,
precond_pen=1.200,40,-1.9650194649830013,354.40416403500564,1.2,2,71.51404404640198,0.012943029403686523,0.0,1001101111100011100111010010111000010000,+--++-+++++---+++--+++-+--+-+++----+----,0,False,"[[0.000116, 398.91906992], [0.012943, 354.40416404]]",34,quantum,1,
precond_pen=1.300,40,-1.811406792351013,354.40416403500564,1.3,2,70.68692684173584,0.013170957565307617,0.0,1001101111100011100111010010111000010000,+--++-+++++---+++--+++-+--+-+++----+----,0,False,"[[0.000126, 398.91906992], [0.013171, 354.40416404]]",34,quantum,1,
precond_pen=1.400,40,-1.685596592307995,354.40416403500564,1.4,2,77.28437399864197,0.05685997009277344,0.0,1001101111100011100111010010111000010000,+--++-+++++---+++--+++-+--+-+++----+----,0,False,"[[0.000122, 398.91906992], [0.010414, 398.44404846], [0.011586, 363.05459577], [0.05686, 354.40416404]]",34,quantum,1,
precond_pen=1.500,40,-1.5806344035960098,354.40416403500564,1.5,2,71.05014991760254,0.013087987899780273,0.0,1001101111100011100111010010111000010000,+--++-+++++---+++--+++-+--+-+++----+----,0,False,"[[0.000115, 398.91906992], [0.013088, 354.40416404]]",34,quantum,1,
precond_pen=1.600,40,-1.4917140281820256,354.40416403500564,1.6,2,70.89079904556274,7.7012939453125,0.0,0110010000011100011000101101000111101111,-++--+-----+++---++---+-++-+---++++-++++,0,False,"[[0.000108, 398.91906992], [0.011399, 397.92149524], [0.013145, 364.28301293], [0.057902, 363.05459577], [6.365085, 363.08049588], [6.836032, 362.82965321], [7.134699, 361.23043531], [7.134887, 361.00543302], [7.135033, 360.30508327], [7.135203, 358.83839156], [7.401572, 358.03895302], [7.700676, 358.01739363], [7.700894, 357.74953214], [7.701053, 355.09702642], [7.701294, 354.40416404]]",34,quantum,1,
precond_pen=1.700,40,-1.4154057176910069,354.40416403500564,1.7,2,70.21377205848694,0.012801170349121094,0.0,0110010000011100011000101101000111101111,-++--+-----+++---++---+-++-+---++++-++++,0,False,"[[0.000117, 398.91906992], [0.010747, 388.90129352], [0.012801, 354.40416404]]",34,quantum,1,
precond_pen=1.800,40,-1.349194989358983,354.40416403500564,1.8,2,73.1672031879425,17.010797023773193,0.0,0110010000011100011000101101000111101111,-++--+-----+++---++---+-++-+---++++-++++,0,False,"[[0.000114, 398.91906992], [0.010323, 392.71100669], [0.011847, 355.09702642], [16.504869, 354.6298864], [17.010797, 354.40416404]]",34,quantum,1,
precond_pen=1.900,40,-1.2911960585829743,354.40416403500564,1.9,2,74.99913597106934,0.012073040008544922,0.0,0110010000011100011000101101000111101111,-++--+-----+++---++---+-++-+---++++-++++,0,False,"[[0.000123, 398.91906992], [0.010802, 396.46979951], [0.012073, 354.40416404]]",34,quantum,1,
precond_pen=2.000,40,-1.2399662422569993,354.40416403500564,2.0,2,71.35391807556152,15.205151081085205,0.0,0110010000011100011000101101000111101111,-++--+-----+++---++---+-++-+---++++-++++,0,False,"[[0.000118, 398.91906992], [0.010525, 397.82426685], [0.011989, 360.23776522], [14.334441, 360.34970829], [14.768812, 360.08228592], [15.204817, 356.69159541], [15.205151, 354.40416404]]",34,quantum,1,
baseline,40,333.50044640952,333.5004464095197,,2,4120.35487985611,0.011793851852416992,0.0,1011001110001110101101000101110100010010,+-++--+++---+++-+-++-+---+-+++-+---+--+-,0,False,"[[0.000114, 390.61299056], [0.008807, 388.23844306], [0.009682, 386.95869358], [0.011794, 333.50044641]]",35,quantum,1,
precond_pen=1.100,40,-2.301197174495,333.5004464095197,1.1,2,63.527637004852295,0.012340068817138672,0.0,1011001110001110101101000101110100010010,+-++--+++---+++-+-++-+---+-+++-+---+--+-,0,False,"[[0.000117, 390.61299056], [0.011125, 373.23678163], [0.01234, 333.50044641]]",35,quantum,1,
precond_pen=1.200,40,-2.0962600039459787,333.5004464095197,1.2,2,62.75310206413269,0.01308298110961914,0.0,0100110001110001010010111010001011101101,-+--++---+++---+-+--+-+++-+---+-+++-++-+,0,False,"[[0.000117, 390.61299056], [0.011301, 374.61305591], [0.013083, 333.50044641]]",35,quantum,1,
precond_pen=1.300,40,-1.9316688563160103,333.5004464095197,1.3,2,63.818207025527954,0.01202082633972168,0.0,1011001110001110101101000101110100010010,+-++--+++---+++-+-++-+---+-+++-+---+--+-,0,False,"[[0.000112, 390.61299056], [0.010791, 378.51803345], [0.012021, 333.50044641]]",35,quantum,1,
precond_pen=1.400,40,-1.7965263540090106,333.5004464095197,1.4,2,62.13936805725098,0.012521982192993164,0.0,1011001110001110101101000101110100010010,+-++--+++---+++-+-++-+---+-+++-+---+--+-,0,False,"[[0.000112, 390.61299056], [0.010983, 373.27486622], [0.012522, 333.50044641]]",35,quantum,1,
precond_pen=1.500,40,-1.6835471577340044,333.5004464095197,1.5,2,68.34327983856201,0.012945890426635742,0.0,0100110001110001010010111010001011101101,-+--++---+++---+-+--+-+++-+---+-+++-++-+,0,False,"[[0.000125, 390.61299056], [0.011105, 371.38348374], [0.012946, 333.50044641]]",35,quantum,1,
precond_pen=1.600,40,-1.5876724185030167,333.5004464095197,1.6,2,68.47077107429504,0.01155996322631836,0.0,1011001110001110101101000101110100010010,+-++--+++---+++-+-++-+---+-+++-+---+--+-,0,False,"[[0.000124, 390.61299056], [0.010364, 375.72818035], [0.01156, 333.50044641]]",35,quantum,1,
precond_pen=1.700,40,-1.5052785115920155,333.5004464095197,1.7,2,71.38413119316101,0.011911153793334961,0.0,1011001110001110101101000101110100010010,+-++--+++---+++-+-++-+---+-+++-+---+--+-,0,False,"[[0.000109, 390.61299056], [0.010273, 381.10721068], [0.011911, 333.50044641]]",35,quantum,1,
precond_pen=1.800,40,-1.4337002000500156,333.5004464095197,1.8,2,67.77300500869751,0.056607961654663086,0.0,1011001110001110101101000101110100010010,+-++--+++---+++-+-++-+---+-+++-+---+--+-,0,False,"[[0.000123, 390.61299056], [0.008986, 372.04997706], [0.010565, 369.79582202], [0.011789, 337.39565014], [0.056608, 333.50044641]]",35,quantum,1,
precond_pen=1.900,40,-1.3709333428420116,333.5004464095197,1.9,2,69.57331204414368,0.057641029357910156,0.0,1011001110001110101101000101110100010010,+-++--+++---+++-+-++-+---+-+++-+---+--+-,0,False,"[[0.000111, 390.61299056], [0.010313, 379.08733973], [0.011482, 346.99703926], [0.057641, 333.50044641]]",35,quantum,1,
precond_pen=2.000,40,-1.3154411181250047,333.5004464095197,2.0,2,64.90927004814148,0.05233311653137207,0.0,0100110001110001010010111010001011101101,-+--++---+++---+-+--+-+++-+---+-+++-++-+,0,False,"[[0.000114, 390.61299056], [0.008723, 367.56181079], [0.011881, 342.41860066], [0.052333, 333.50044641]]",35,quantum,1,
baseline,40,357.03525787259036,357.03525787259133,,2,7356.0954439640045,190.4849419593811,0.0,1011011001001011101010101100001010001101,+-++-++--+--+-+++-+-+-+-++----+-+---++-+,0,False,"[[0.000113, 397.98293173], [0.008659, 396.04224409], [0.010803, 396.02238279], [0.013003, 369.07444997], [0.101375, 359.03101058], [0.10322, 358.10333596], [190.484942, 357.03525787]]",36,quantum,1,
precond_pen=1.100,40,-2.126435623234018,357.03525787259133,1.1,2,72.06517100334167,0.01766204833984375,0.0,1011011001001011101010101100001010001101,+-++-++--+--+-+++-+-+-+-++----+-+---++-+,0,False,"[[0.000118, 397.98293173], [0.017662, 357.03525787]]",36,quantum,1,
precond_pen=1.200,40,-1.940953663134005,357.03525787259133,1.2,2,85.03317499160767,0.018010854721069336,0.0,1011011001001011101010101100001010001101,+-++-++--+--+-+++-+-+-+-++----+-+---++-+,0,False,"[[0.000178, 397.98293173], [0.018011, 357.03525787]]",36,quantum,1,
precond_pen=1.300,40,-1.7918639084179926,357.03525787259133,1.3,2,83.79111909866333,0.019340038299560547,0.0,1011011001001011101010101100001010001101,+-++-++--+--+-+++-+-+-+-++----+-+---++-+,0,False,"[[0.000118, 397.98293173], [0.01934, 357.03525787]]",36,quantum,1,
precond_pen=1.400,40,-1.6693731442840196,357.03525787259133,1.4,2,85.18758296966553,0.018515825271606445,0.0,1011011001001011101010101100001010001101,+-++-++--+--+-+++-+-+-+-++----+-+---++-+,0,False,"[[0.000197, 397.98293173], [0.018516, 357.03525787]]",36,quantum,1,
precond_pen=1.500,40,-1.5669216786279883,357.03525787259133,1.5,2,86.44675898551941,0.01742100715637207,0.0,1011011001001011101010101100001010001101,+-++-++--+--+-+++-+-+-+-++----+-+---++-+,0,False,"[[0.0002, 397.98293173], [0.017421, 357.03525787]]",36,quantum,1,
precond_pen=1.600,40,-1.4799483553620227,357.03525787259133,1.6,2,84.4786148071289,0.02097487449645996,0.0,1011011001001011101010101100001010001101,+-++-++--+--+-+++-+-+-+-++----+-+---++-+,0,False,"[[0.000189, 397.98293173], [0.020975, 357.03525787]]",36,quantum,1,
precond_pen=1.700,40,-1.4051820186429929,357.03525787259133,1.7,2,86.27747297286987,0.01733088493347168,0.0,1011011001001011101010101100001010001101,+-++-++--+--+-+++-+-+-+-++----+-+---++-+,0,False,"[[0.000212, 397.98293173], [0.017331, 357.03525787]]",36,quantum,1,
precond_pen=1.800,40,-1.3402145477219811,357.03525787259133,1.8,2,90.22181296348572,0.013906002044677734,0.0,1011011001001011101010101100001010001101,+-++-++--+--+-+++-+-+-+-++----+-+---++-+,0,False,"[[0.000119, 397.98293173], [0.013906, 357.03525787]]",36,quantum,1,
precond_pen=1.900,40,-1.2832333878490232,357.03525787259133,1.9,2,78.68953013420105,0.012684106826782227,0.0,1011011001001011101010101100001010001101,+-++-++--+--+-+++-+-+-+-++----+-+---++-+,0,False,"[[0.000113, 397.98293173], [0.012684, 357.03525787]]",36,quantum,1,
precond_pen=2.000,40,-1.2328480520790244,357.03525787259133,2.0,2,81.15263414382935,0.017802000045776367,0.0,1011011001001011101010101100001010001101,+-++-++--+--+-+++-+-+-+-++----+-+---++-+,0,False,"[[0.000199, 397.98293173], [0.017802, 357.03525787]]",36,quantum,1,
baseline,40,343.9492948062088,343.9492948062087,,2,8433.16799402237,0.016701936721801758,0.0,0010111110000110111100010110101000101100,--+-+++++----++-++++---+-++-+-+---+-++--,0,False,"[[0.000211, 382.28426659], [0.016702, 343.94929481]]",37,quantum,1,
precond_pen=1.100,40,-2.1482712685480116,343.9492948062087,1.1,2,91.90179014205933,0.022880077362060547,0.0,0010111110000110111100010110101000101100,--+-+++++----++-++++---+-++-+-+---+-++--,0,False,"[[0.00025, 382.28426659], [0.02288, 343.94929481]]",37,quantum,1,
precond_pen=1.200,40,-1.9598539715489984,343.9492948062087,1.2,2,86.80267691612244,42.00637483596802,0.0,0010111110000110111100010110101000101100,--+-+++++----++-++++---+-++-+-+---+-++--,0,False,"[[0.000193, 382.28426659], [0.019883, 379.25081781], [0.021268, 347.58652043], [0.109247, 345.35828428], [42.00559, 344.25962948], [42.006375, 343.94929481]]",37,quantum,1,
precond_pen=1.300,40,-1.808579378244005,343.9492948062087,1.3,2,86.01929187774658,1.7428100109100342,0.0,1101000001111001000011101001010111010011,++-+-----++++--+----+++-+--+-+-+++-+--++,0,False,"[[0.000212, 382.28426659], [0.01704, 380.48812126], [0.019188, 345.20159335], [1.741998, 344.25962948], [1.74281, 343.94929481]]",37,quantum,1,
precond_pen=1.400,40,-1.6843960925030288,343.9492948062087,1.4,2,111.03893113136292,11.36463212966919,0.0,0010111110000110111100010110101000101100,--+-+++++----++-++++---+-++-+-+---+-++--,0,False,"[[0.000182, 382.28426659], [0.016634, 380.8200662], [0.01809, 350.14988064], [0.069231, 345.40489293], [11.364632, 343.94929481], [111.036346, 343.94929481]]",37,quantum,1,
precond_pen=1.500,40,-1.5805917352420007,343.9492948062087,1.5,2,100.17789793014526,56.00056195259094,0.0,0010111110000110111100010110101000101100,--+-+++++----++-++++---+-++-+-+---+-++--,0,False,"[[0.000156, 382.28426659], [0.014849, 379.85488344], [0.016276, 349.8681142], [0.081412, 345.40489293], [54.586564, 344.7664367], [56.000562, 343.94929481]]",37,quantum,1,
precond_pen=1.600,40,-1.4925093040550017,343.9492948062087,1.6,2,105.21199607849121,0.10511112213134766,0.0,1101000001111001000011101001010111010011,++-+-----++++--+----+++-+--+-+-+++-+--++,0,False,"[[0.000181, 382.28426659], [0.015253, 378.57302842], [0.016638, 352.51625907], [0.105111, 343.94929481]]",37,quantum,1,
precond_pen=1.700,40,-1.4168145286980138,343.9492948062087,1.7,2,101.47394490242004,80.16193389892578,0.0,1101000001111001000011101001010111010011,++-+-----++++--+----+++-+--+-+-+++-+--++,0,False,"[[0.000225, 382.28426659], [0.018544, 378.57302842], [0.020041, 352.51625907], [0.115118, 351.28984825], [5.210373, 348.58334084], [6.681091, 345.20159335], [78.530366, 344.84900589], [80.161934, 343.94929481]]",37,quantum,1,
precond_pen=1.800,40,-1.3510571918900016,343.9492948062087,1.8,2,87.54744005203247,0.01664590835571289,0.0,1101000001111001000011101001010111010011,++-+-----++++--+----+++-+--+-+-+++-+--++,0,False,"[[0.000189, 382.28426659], [0.014917, 380.88133277], [0.016646, 343.94929481]]",37,quantum,1,
precond_pen=1.900,40,-1.293394385522026,343.9492948062087,1.9,2,98.79313015937805,6.296326160430908,0.0,1101000001111001000011101001010111010011,++-+-----++++--+----+++-+--+-+-+++-+--++,0,False,"[[0.000184, 382.28426659], [0.016657, 378.57302842], [0.018058, 352.51625907], [0.109225, 346.71213625], [6.296326, 343.94929481]]",37,quantum,1,
precond_pen=2.000,40,-1.2424139448120002,343.9492948062087,2.0,2,98.44681978225708,16.1474928855896,0.0,0010111110000110111100010110101000101100,--+-+++++----++-++++---+-++-+-+---+-++--,0,False,"[[0.000181, 382.28426659], [0.015109, 376.71668361], [0.016529, 345.20159335], [14.753816, 344.84900589], [15.125833, 344.7664367], [16.147493, 343.94929481]]",37,quantum,1,
baseline,40,346.56290826502095,346.5629082650212,,2,6673.848263025284,1960.5541701316833,0.0,1000010101110111100101000010000111101101,+----+-+-+++-++++--+-+----+----++++-++-+,0,False,"[[0.000122, 395.51823456], [0.009474, 394.19238759], [0.010588, 387.64620908], [0.013058, 347.65409198], [606.679722, 347.20747275], [1960.55417, 346.56290827], [6673.847012, 346.56290827]]",38,quantum,1,
precond_pen=1.100,40,-2.0768929277270214,346.6608558362167,1.1,2,94.48985815048218,9.230493068695068,0.0,1111011010000000010010111101101101010010,++++-++-+--------+--+-++++-++-++-+-+--+-,0,False,"[[0.000122, 395.51823456], [0.011596, 376.42604647], [0.012768, 351.65332058], [7.559576, 350.99821882], [7.786102, 350.28098298], [8.004797, 349.3760419], [8.601711, 348.75797152], [8.939494, 347.81501578], [9.230493, 346.66085584]]",38,quantum,1,
precond_pen=1.200,40,-1.8964944228349907,346.6608558362167,1.2,2,88.2686219215393,0.01294708251953125,0.0,0000100101111111101101000010010010101101,----+--+-++++++++-++-+----+--+--+-+-++-+,0,False,"[[0.000113, 395.51823456], [0.01149, 373.10447088], [0.012947, 346.66085584]]",38,quantum,1,
precond_pen=1.300,40,-1.7515821714470015,346.6608558362167,1.3,2,93.19718980789185,42.371824979782104,0.0,1111011010000000010010111101101101010010,++++-++-+--------+--+-++++-++-++-+-+--+-,0,False,"[[0.000122, 395.51823456], [0.010833, 384.83757236], [0.012253, 347.20747275], [42.371825, 346.56290827], [53.755407, 346.66085584]]",38,quantum,1,
precond_pen=1.400,40,-1.6325768232510018,346.6608558362167,1.4,2,92.09087085723877,8.747635841369629,0.0,1111011010000000010010111101101101010010,++++-++-+--------+--+-++++-++-++-+-+--+-,0,False,"[[0.000121, 395.51823456], [0.010965, 376.65987051], [0.011924, 348.11805353], [6.591274, 347.88254778], [8.747636, 346.56290827], [60.06303, 346.66085584]]",38,quantum,1,
precond_pen=1.500,40,-1.5330725536760283,346.6608558362167,1.5,2,91.57565689086914,0.01293802261352539,0.0,0000100101111111101101000010010010101101,----+--+-++++++++-++-+----+--+--+-+-++-+,0,False,"[[0.000293, 395.51823456], [0.011513, 373.74068986], [0.012938, 346.66085584]]",38,quantum,1,
precond_pen=1.600,40,-1.4486208439910033,346.6608558362167,1.6,2,96.99088382720947,43.7231080532074,0.0,0000100101111111101101000010010010101101,----+--+-++++++++-++-+----+--+--+-+-++-+,0,False,"[[0.000119, 395.51823456], [0.011125, 377.55047734], [0.012086, 349.65036438], [1.102523, 349.61152608], [1.102838, 348.11805353], [42.799461, 347.81501578], [43.723108, 346.66085584]]",38,quantum,1,
precond_pen=1.700,40,-1.376034468555,346.6608558362167,1.7,2,102.53747296333313,72.10294198989868,0.0,0000100101111111101101000010010010101101,----+--+-++++++++-++-+----+--+--+-+-++-+,0,False,"[[0.000109, 395.51823456], [0.01099, 379.22373223], [0.012433, 349.65036438], [0.056349, 347.65409198], [46.397631, 347.71682533], [61.896589, 347.20747275], [72.102942, 346.56290827], [74.400468, 346.66085584]]",38,quantum,1,
precond_pen=1.800,40,-1.312997114385988,346.5629082650212,1.8,2,101.56726717948914,0.05661296844482422,0.0,0111101010001000011010111101111000010010,-++++-+-+---+----++-+-++++-++++----+--+-,0,False,"[[0.000103, 395.51823456], [0.010868, 381.4815988], [0.012073, 349.77000951], [0.056613, 346.56290827]]",38,quantum,1,
precond_pen=1.900,40,-1.2577897073619813,346.5629082650212,1.9,2,98.85064601898193,89.64027094841003,0.0,1000010101110111100101000010000111101101,+----+-+-+++-++++--+-+----+----++++-++-+,0,False,"[[0.000114, 395.51823456], [0.010754, 374.21358425], [0.012158, 347.65083792], [0.057923, 347.71682533], [50.916184, 346.66085584], [89.640271, 346.56290827], [98.849633, 346.56290827]]",38,quantum,1,
precond_pen=2.000,40,-1.2089651563070127,346.5629082650212,2.0,2,92.77633619308472,74.75078320503235,0.0,0111101010001000011010111101111000010010,-++++-+-+---+----++-+-++++-++++----+--+-,0,False,"[[0.000114, 395.51823456], [0.010563, 388.29303325], [0.012038, 346.66085584], [74.750783, 346.56290827], [92.775284, 346.56290827]]",38,quantum,1,
baseline,40,341.91054901872485,341.91054901872553,,2,5834.2006919384,0.10104489326477051,0.0,0101111110001110101000001001000101110110,-+-++++++---+++-+-+-----+--+---+-+++-++-,0,False,"[[0.000117, 399.90727007], [0.008842, 391.87664011], [0.012056, 344.46434498], [0.101045, 341.91054902]]",39,quantum,1,
precond_pen=1.100,40,-2.3483389889929764,341.91054901872553,1.1,2,119.27247309684753,0.021770954132080078,0.0,0101111110001110101000001001000101110110,-+-++++++---+++-+-+-----+--+---+-+++-++-,0,False,"[[0.000225, 399.90727007], [0.018988, 387.47417712], [0.021771, 341.91054902]]",39,quantum,1,
precond_pen=1.200,40,-2.1382898378119837,341.91054901872553,1.2,2,102.47526383399963,75.94423389434814,0.0,1010000001110001010111110110111010001001,+-+------+++---+-+-+++++-++-+++-+---+--+,0,False,"[[0.000179, 399.90727007], [0.044106, 392.77446371], [0.056145, 344.18129318], [19.060438, 344.15279076], [75.944234, 341.91054902], [102.471483, 341.91054902]]",39,quantum,1,
precond_pen=1.300,40,-1.9696072580110098,341.91054901872553,1.3,2,154.2913360595703,0.02337503433227539,0.0,0101111110001110101000001001000101110110,-+-++++++---+++-+-+-----+--+---+-+++-++-,0,False,"[[0.000212, 399.90727007], [0.021347, 393.36668716], [0.023375, 341.91054902]]",39,quantum,1,
precond_pen=1.400,40,-1.8311122040509957,341.91054901872553,1.4,2,129.27846693992615,86.35345697402954,0.0,1010000001110001010111110110111010001001,+-+------+++---+-+-+++++-++-+++-+---+--+,0,False,"[[0.001177, 399.90727007], [0.043082, 398.31811], [0.047344, 344.18129318], [26.104354, 344.15279076], [86.353457, 341.91054902]]",39,quantum,1,
precond_pen=1.500,40,-1.7153334592559926,341.91054901872553,1.5,2,125.7484381198883,0.023054122924804688,0.0,0101111110001110101000001001000101110110,-+-++++++---+++-+-+-----+--+---+-+++-++-,0,False,"[[0.00024, 399.90727007], [0.021143, 389.69177969], [0.023054, 341.91054902]]",39,quantum,1,
precond_pen=1.600,40,-1.6170845193600165,341.91054901872553,1.6,2,139.32740998268127,0.012646913528442383,0.0,0101111110001110101000001001000101110110,-+-++++++---+++-+-+-----+--+---+-+++-++-,0,False,"[[0.000148, 399.90727007], [0.011183, 383.2682114], [0.012647, 341.91054902]]",39,quantum,1,
precond_pen=1.700,40,-1.5326506442000056,341.91054901872553,1.7,2,119.20506501197815,86.06683206558228,0.0,0101111110001110101000001001000101110110,-+-++++++---+++-+-+-----+--+---+-+++-++-,0,False,"[[0.000245, 399.90727007], [0.01807, 397.29758174], [0.020233, 344.18129318], [16.560159, 344.15279076], [86.066832, 341.91054902], [119.200235, 341.91054902]]",39,quantum,1,
precond_pen=1.800,40,-1.459300037500995,341.91054901872553,1.8,2,117.34962010383606,113.65332198143005,0.0,0101111110001110101000001001000101110110,-+-++++++---+++-+-+-----+--+---+-+++-++-,0,False,"[[0.000206, 399.90727007], [0.019056, 390.88601214], [0.021564, 344.15279076], [113.653322, 341.91054902]]",39,quantum,1,
precond_pen=1.900,40,-1.3949786581969743,341.91054901872553,1.9,2,135.0180549621582,0.12607288360595703,0.0,0101111110001110101000001001000101110110,-+-++++++---+++-+-+-----+--+---+-+++-++-,0,False,"[[0.001927, 399.90727007], [0.049266, 398.788457], [0.051456, 344.18129318], [0.126073, 341.91054902]]",39,quantum,1,
precond_pen=2.000,40,-1.338111576148977,341.91054901872553,2.0,2,124.19284200668335,100.60908007621765,0.0,1010000001110001010111110110111010001001,+-+------+++---+-+-+++++-++-+++-+---+--+,0,False,"[[0.000213, 399.90727007], [0.019615, 387.26403189], [0.021813, 344.46434498], [18.474842, 344.15279076], [100.60908, 341.91054902], [124.186221, 341.91054902]]",39,quantum,1,
baseline,40,349.04853518738093,349.04853518738093,,2,17653.28834915161,2730.7475321292877,0.0,1101101000100010001101001101111010101001,++-++-+---+---+---++-+--++-++++-+-+-+--+,0,False,"[[0.00019, 408.1006059], [0.011455, 394.52854806], [0.015567, 349.59048651], [2710.404632, 349.52328016], [2730.747532, 349.04853519]]",40,quantum,1,
precond_pen=1.100,40,-2.02856857475102,349.04853518738093,1.1,2,106.3330819606781,66.81201195716858,0.0,0010010111011101110010110010000101010110,--+--+-+++-+++-+++--+-++--+----+-+-+-++-,0,False,"[[0.000114, 408.1006059], [0.010619, 378.55653564], [0.011858, 350.22506696], [13.331825, 349.88929354], [14.261883, 349.5562074], [65.940461, 349.52328016], [66.812012, 349.04853519]]",40,quantum,1,
precond_pen=1.200,40,-1.8530825820890175,349.04853518738093,1.2,2,103.3060290813446,14.86414909362793,0.0,0010010111011101110010110010000101010110,--+--+-+++-+++-+++--+-++--+----+-+-+-++-,0,False,"[[0.000134, 408.1006059], [0.011304, 384.51235629], [0.012767, 350.58669578], [8.354397, 349.72011711], [8.89531, 349.54355655], [9.686791, 349.52328016], [14.864149, 349.04853519]]",40,quantum,1,
precond_pen=1.300,40,-1.7121430321699993,349.04853518738093,1.3,2,99.13713598251343,55.99606490135193,0.0,0010010111011101110010110010000101010110,--+--+-+++-+++-+++--+-++--+----+-+-+-++-,0,False,"[[0.000111, 408.1006059], [0.010938, 388.75054924], [0.012299, 384.91768304], [0.013546, 351.39966834], [13.100593, 350.93847464], [15.69823, 350.8234251], [16.116809, 350.69398413], [17.365785, 350.51385072], [17.366367, 350.22756963], [46.4261, 349.59048651], [55.995741, 349.52328016], [55.996065, 349.04853519]]",40,quantum,1,
precond_pen=1.400,40,-1.596421517691006,349.04853518738093,1.4,2,116.89656901359558,7.514808177947998,0.0,1101101000100010001101001101111010101001,++-++-+---+---+---++-+--++-++++-+-+-+--+,0,False,"[[0.000123, 408.1006059], [0.011404, 385.09085333], [0.012743, 349.59048651], [7.514808, 349.04853519]]",40,quantum,1,
precond_pen=1.500,40,-1.4996807609549947,349.04853518738093,1.5,2,103.22852301597595,47.55085110664368,0.0,1101101000100010001101001101111010101001,++-++-+---+---+---++-+--++-++++-+-+-+--+,0,False,"[[0.000124, 408.1006059], [0.011812, 388.10372957], [0.013462, 352.36132368], [41.279984, 351.50737312], [44.69727, 351.13051308], [44.825317, 351.02806764], [44.825527, 350.80690659], [44.825688, 349.52328016], [47.550851, 349.04853519]]",40,quantum,1,
precond_pen=1.600,40,-1.417589154445988,349.04853518738093,1.6,2,117.95299887657166,34.0907039642334,0.0,0010010111011101110010110010000101010110,--+--+-+++-+++-+++--+-++--+----+-+-+-++-,0,False,"[[0.000141, 408.1006059], [0.011376, 388.10372957], [0.012863, 352.36132368], [0.057154, 350.22756963], [23.442952, 350.32173764], [24.647484, 350.2350236], [24.647817, 349.52328016], [34.090704, 349.04853519], [117.951834, 349.04853519]]",40,quantum,1,
precond_pen=1.700,40,-1.3470433153360144,349.04853518738093,1.7,2,110.3008348941803,0.05546379089355469,0.0,1101101000100010001101001101111010101001,++-++-+---+---+---++-+--++-++++-+-+-+--+,0,False,"[[0.000116, 408.1006059], [0.010382, 389.28959254], [0.011885, 351.63995583], [0.055464, 349.04853519]]",40,quantum,1,
precond_pen=1.800,40,-1.285760892288998,349.04853518738093,1.8,2,96.50590491294861,59.12691307067871,0.0,1101101000100010001101001101111010101001,++-++-+---+---+---++-+--++-++++-+-+-+--+,0,False,"[[0.000126, 408.1006059], [0.010319, 381.74979782], [0.011578, 350.22506696], [54.149827, 349.9419184], [54.958983, 349.62444054], [58.565442, 349.52328016], [59.126913, 349.04853519]]",40,quantum,1,
precond_pen=1.900,40,-1.2320251999870013,349.04853518738093,1.9,2,115.03505802154541,62.10349106788635,0.0,1101101000100010001101001101111010101001,++-++-+---+---+---++-+--++-++++-+-+-+--+,0,False,"[[0.00012, 408.1006059], [0.010198, 378.55653564], [0.011405, 350.22506696], [58.823865, 349.90048076], [59.183425, 349.5562074], [62.103491, 349.04853519]]",40,quantum,1,
precond_pen=2.000,40,-1.1845198857869956,349.04853518738093,2.0,2,104.73584604263306,48.799554109573364,0.0,0010010111011101110010110010000101010110,--+--+-+++-+++-+++--+-++--+----+-+-+-++-,0,False,"[[0.000125, 408.1006059], [0.010458, 381.15272415], [0.011706, 354.00226479], [4.489001, 353.41495226], [4.797885, 351.82572428], [5.023947, 350.89309397], [6.907184, 350.22756963], [43.896489, 350.0144289], [48.799554, 349.04853519], [104.734819, 349.04853519]]",40,quantum,1,
baseline,40,364.3546925279726,364.35469252797185,,2,9294.007020950317,0.10148406028747559,0.0,0110011101100111011010101100010101010000,-++--+++-++--+++-++-+-+-++---+-+-+-+----,0,False,"[[0.000119, 405.65215627], [0.009222, 405.07843381], [0.009961, 403.7826229], [0.011232, 365.48279942], [0.101484, 364.35469253]]",41,quantum,1,
precond_pen=1.100,40,-2.125814691424022,364.35469252797185,1.1,2,82.65788292884827,0.014264822006225586,0.0,1001100010011000100101010011101010101111,+--++---+--++---+--+-+-+--+++-+-+-+-++++,0,False,"[[0.000105, 405.65215627], [0.012619, 401.00988787], [0.014265, 364.35469253]]",41,quantum,1,
precond_pen=1.200,40,-1.935649746302973,364.35469252797185,1.2,2,82.715008020401,0.013260126113891602,0.0,1001100010011000100101010011101010101111,+--++---+--++---+--+-+-+--+++-+-+-+-++++,0,False,"[[0.000105, 405.65215627], [0.011727, 399.93593672], [0.01326, 364.35469253]]",41,quantum,1,
precond_pen=1.300,40,-1.7837043719219992,364.35469252797185,1.3,2,100.136962890625,0.056693077087402344,0.0,0110011101100111011010101100010101010000,-++--+++-++--+++-++-+-+-++---+-+-+-+----,0,False,"[[9.8e-05, 405.65215627], [0.011735, 402.46894469], [0.013543, 365.68477583], [0.056693, 364.35469253]]",41,quantum,1,
precond_pen=1.400,40,-1.659458054143995,364.35469252797185,1.4,2,85.46778297424316,55.84865689277649,0.0,0110011101100111011010101100010101010000,-++--+++-++--+++-++-+-+-++---+-+-+-+----,0,False,"[[0.000101, 405.65215627], [0.011826, 395.32039627], [0.013147, 365.48279942], [55.848657, 364.35469253]]",41,quantum,1,
precond_pen=1.500,40,-1.555938453461991,364.35469252797185,1.5,2,90.22735905647278,0.054078102111816406,0.0,0110011101100111011010101100010101010000,-++--+++-++--+++-++-+-+-++---+-+-+-+----,0,False,"[[0.000102, 405.65215627], [0.01129, 401.26013387], [0.012236, 367.08057638], [0.054078, 364.35469253]]",41,quantum,1,
precond_pen=1.600,40,-1.4683386811029973,364.35469252797185,1.6,2,88.36270689964294,0.05324101448059082,0.0,0110011101100111011010101100010101010000,-++--+++-++--+++-++-+-+-++---+-+-+-+----,0,False,"[[0.000112, 405.65215627], [0.01113, 393.82900781], [0.012105, 368.10146376], [0.053241, 364.35469253]]",41,quantum,1,
precond_pen=1.700,40,-1.39323599686999,364.35469252797185,1.7,2,90.72841787338257,0.05378103256225586,0.0,0110011101100111011010101100010101010000,-++--+++-++--+++-++-+-+-++---+-+-+-+----,0,False,"[[0.000102, 405.65215627], [0.010427, 401.50852205], [0.011338, 367.08057638], [0.053781, 364.35469253]]",41,quantum,1,
precond_pen=1.800,40,-1.3281258523890127,364.35469252797185,1.8,2,85.92966508865356,0.055715084075927734,0.0,0110011101100111011010101100010101010000,-++--+++-++--+++-++-+-+-++---+-+-+-+----,0,False,"[[0.000104, 405.65215627], [0.011206, 397.00680412], [0.012698, 368.2979549], [0.055715, 364.35469253]]",41,quantum,1,
precond_pen=1.900,40,-1.271132414483004,364.35469252797185,1.9,2,85.74032592773438,0.012217998504638672,0.0,1001100010011000100101010011101010101111,+--++---+--++---+--+-+-+--+++-+-+-+-++++,0,False,"[[0.000108, 405.65215627], [0.010888, 401.99171015], [0.012218, 364.35469253]]",41,quantum,1,
precond_pen=2.000,40,-1.220823068049011,364.35469252797185,2.0,2,93.75713896751404,0.0556330680847168,0.0,0110011101100111011010101100010101010000,-++--+++-++--+++-++-+-+-++---+-+-+-+----,0,False,"[[0.000104, 405.65215627], [0.01143, 391.31043746], [0.012666, 369.37422248], [0.055633, 364.35469253]]",41,quantum,1,
baseline,40,345.58168375966795,345.58168375966807,,2,5561.492563009262,395.47918009757996,0.0,0000000001111111111000011101001100001111,---------++++++++++----+++-+--++----++++,0,False,"[[0.0001, 393.21205702], [0.008378, 392.66070697], [0.009006, 390.44255807], [0.009574, 390.175295], [0.010792, 348.25543888], [394.623957, 346.67078699], [395.47918, 345.58168376], [5561.487058, 345.58168376]]",42,quantum,1,
precond_pen=1.100,40,-2.182407906180991,345.58168375966807,1.1,2,72.60318493843079,10.64970088005066,0.0,1111111110000000000111100010110011110000,+++++++++----------++++---+-++--++++----,0,False,"[[0.000125, 393.21205702], [0.01113, 383.83658067], [0.012363, 351.19536248], [6.834805, 349.12289433], [7.276803, 346.45897842], [10.350438, 346.36647242], [10.649701, 345.58168376]]",42,quantum,1,
precond_pen=1.200,40,-1.9903679265869965,345.58168375966807,1.2,2,72.29196405410767,10.42143201828003,0.0,0000000001111111111000011101001100001111,---------++++++++++----+++-+--++----++++,0,False,"[[0.000134, 393.21205702], [0.010878, 376.06396206], [0.012544, 351.64538955], [5.757, 349.99831439], [7.105387, 349.58133816], [7.105647, 349.512425], [7.105849, 347.92819286], [9.098874, 346.45897842], [10.421432, 345.58168376]]",42,quantum,1,
precond_pen=1.300,40,-1.8361138971660136,345.58168375966807,1.3,2,73.51478695869446,9.484395027160645,0.0,1111111110000000000111100010110011110000,+++++++++----------++++---+-++--++++----,0,False,"[[0.000121, 393.21205702], [0.011026, 380.27012242], [0.012228, 353.64765803], [0.489286, 352.73594022], [1.584023, 351.04532016], [5.388469, 349.1036501], [8.455986, 348.7855648], [8.636665, 347.16017148], [8.959874, 346.67078699], [9.484395, 345.58168376]]",42,quantum,1,
precond_pen=1.400,40,-1.7094474792090164,345.58168375966807,1.4,2,73.20961904525757,55.03960084915161,0.0,1111111110000000000111100010110011110000,+++++++++----------++++---+-++--++++----,0,False,"[[0.000122, 393.21205702], [0.010971, 385.36611995], [0.012117, 348.25543888], [55.039601, 345.58168376]]",42,quantum,1,
precond_pen=1.500,40,-1.6035479077220014,345.58168375966807,1.5,2,70.55620694160461,22.278251886367798,0.0,0000000001111111111000011101001100001111,---------++++++++++----+++-+--++----++++,0,False,"[[0.000131, 393.21205702], [0.010908, 384.7183119], [0.013, 351.01240044], [20.822835, 346.45897842], [22.278252, 345.58168376], [70.555179, 345.58168376]]",42,quantum,1,
precond_pen=1.600,40,-1.513677697138995,345.58168375966807,1.6,2,79.19820213317871,0.012723207473754883,0.0,1111111110000000000111100010110011110000,+++++++++----------++++---+-++--++++----,0,False,"[[0.000119, 393.21205702], [0.011279, 385.02596835], [0.012723, 345.58168376]]",42,quantum,1,
precond_pen=1.700,40,-1.4364422474729874,345.58168375966807,1.7,2,73.97548317909241,0.05701017379760742,0.0,1111111110000000000111100010110011110000,+++++++++----------++++---+-++--++++----,0,False,"[[0.000124, 393.21205702], [0.010818, 379.73135648], [0.01203, 353.03069085], [0.05701, 345.58168376]]",42,quantum,1,
precond_pen=1.800,40,-1.3693447019750025,345.58168375966807,1.8,2,85.08428001403809,0.057000160217285156,0.0,1111111110000000000111100010110011110000,+++++++++----------++++---+-++--++++----,0,False,"[[0.00012, 393.21205702], [0.010835, 379.73135648], [0.012068, 353.03069085], [0.057, 345.58168376]]",42,quantum,1,
precond_pen=1.900,40,-1.3105069751039906,345.58168375966807,1.9,2,70.15829110145569,12.753789186477661,0.0,1111111110000000000111100010110011110000,+++++++++----------++++---+-++--++++----,0,False,"[[0.000128, 393.21205702], [0.011305, 379.73135648], [0.012537, 353.03069085], [0.52301, 352.25789994], [1.605799, 349.1036501], [7.685734, 348.7855648], [8.540482, 347.16017148], [10.526422, 346.45897842], [11.681891, 346.36647242], [12.753789, 345.58168376]]",42,quantum,1,
precond_pen=2.000,40,-1.258488681341003,345.58168375966807,2.0,2,77.08014106750488,40.19428205490112,0.0,0000000001111111111000011101001100001111,---------++++++++++----+++-+--++----++++,0,False,"[[0.000122, 393.21205702], [0.010312, 388.2712086], [0.011484, 349.27084582], [40.194282, 345.58168376], [77.079155, 345.58168376]]",42,quantum,1,
baseline,40,346.92283420513087,346.9228342051307,,2,4612.810729026794,0.012020111083984375,0.0,0011111110100110110011000001101100100100,--+++++++-+--++-++--++-----++-++--+--+--,0,False,"[[0.000127, 397.26266753], [0.009092, 389.40400014], [0.009618, 388.03656082], [0.01202, 346.92283421]]",43,quantum,1,
precond_pen=1.100,40,-2.264167315977005,346.9228342051307,1.1,2,65.03719305992126,0.01311802864074707,0.0,0011111110100110110011000001101100100100,--+++++++-+--++-++--++-----++-++--+--+--,0,False,"[[0.000115, 397.26266753], [0.011916, 383.54500718], [0.013118, 346.92283421]]",43,quantum,1,
precond_pen=1.200,40,-2.060838222175999,346.9228342051307,1.2,2,67.32607793807983,20.059137105941772,0.0,0011111110100110110011000001101100100100,--+++++++-+--++-++--++-----++-++--+--+--,0,False,"[[0.000114, 397.26266753], [0.011951, 385.36571992], [0.013447, 351.92467201], [15.96168, 349.31597059], [18.920543, 348.55238184], [19.422948, 347.64180296], [20.059137, 346.92283421]]",43,quantum,1,
precond_pen=1.300,40,-1.8979686001819847,346.9228342051307,1.3,2,68.24941205978394,0.05416703224182129,0.0,0011111110100110110011000001101100100100,--+++++++-+--++-++--++-----++-++--+--+--,0,False,"[[0.000115, 397.26266753], [0.011385, 392.89699431], [0.012398, 358.01990526], [0.054167, 346.92283421]]",43,quantum,1,
precond_pen=1.400,40,-1.7645236075020385,346.9228342051307,1.4,2,58.43842887878418,10.51138687133789,0.0,0011111110100110110011000001101100100100,--+++++++-+--++-++--++-----++-++--+--+--,0,False,"[[0.000104, 397.26266753], [0.01375, 392.5857043], [0.015474, 348.36925115], [10.511387, 346.92283421]]",43,quantum,1,
precond_pen=1.500,40,-1.6531590711659767,346.9228342051307,1.5,2,70.34140205383301,0.05939602851867676,0.0,1100000001011001001100111110010011011011,++-------+-++--+--++--+++++--+--++-++-++,0,False,"[[9.9e-05, 397.26266753], [0.011999, 389.31944846], [0.013289, 355.84508669], [0.059396, 346.92283421]]",43,quantum,1,
precond_pen=1.600,40,-1.558793490222019,346.9228342051307,1.6,2,67.79957294464111,0.013289928436279297,0.0,0011111110100110110011000001101100100100,--+++++++-+--++-++--++-----++-++--+--+--,0,False,"[[0.000103, 397.26266753], [0.011286, 386.84888677], [0.01329, 346.92283421]]",43,quantum,1,
precond_pen=1.700,40,-1.4777982764270199,346.9228342051307,1.7,2,63.55567193031311,43.59462285041809,0.0,0011111110100110110011000001101100100100,--+++++++-+--++-++--++-----++-++--+--+--,0,False,"[[0.000109, 397.26266753], [0.013148, 381.03005114], [0.014703, 352.16032884], [14.725543, 351.94469028], [15.622924, 349.46977794], [18.27249, 348.36925115], [42.529391, 347.64180296], [43.594623, 346.92283421]]",43,quantum,1,
precond_pen=1.800,40,-1.4075110872040089,346.9228342051307,1.8,2,64.5275981426239,0.013575077056884766,0.0,0011111110100110110011000001101100100100,--+++++++-+--++-++--++-----++-++--+--+--,0,False,"[[0.000108, 397.26266753], [0.012234, 386.59873592], [0.013575, 346.92283421]]",43,quantum,1,
precond_pen=1.900,40,-1.345934788915006,346.9228342051307,1.9,2,65.54733490943909,9.08828592300415,0.0,0011111110100110110011000001101100100100,--+++++++-+--++-++--++-----++-++--+--+--,0,False,"[[0.000105, 397.26266753], [0.009816, 393.47890106], [0.010354, 388.03656082], [0.010893, 385.82313466], [0.012738, 348.36925115], [9.088286, 346.92283421]]",43,quantum,1,
precond_pen=2.000,40,-1.2915402901149928,346.9228342051307,2.0,2,59.95363116264343,45.12333798408508,0.0,0011111110100110110011000001101100100100,--+++++++-+--++-++--++-----++-++--+--+--,0,False,"[[0.000103, 397.26266753], [0.011209, 385.48197421], [0.012931, 348.36925115], [45.123338, 346.92283421], [59.952576, 346.92283421]]",43,quantum,1,
baseline,40,339.11055473935727,339.11055473935727,,2,5028.434000968933,335.6528949737549,0.0,1000101100011001010010000111011010101111,+---+-++---++--+-+--+----+++-++-+-+-++++,0,False,"[[0.000102, 376.29783994], [0.008925, 374.61339535], [0.011096, 373.50850575], [0.012669, 345.9617694], [300.611781, 345.91683703], [307.989049, 345.53129337], [330.105102, 343.95308365], [330.10929, 343.41329571], [335.652895, 339.11055474], [5028.429745, 339.11055474]]",44,quantum,1,
precond_pen=1.100,40,-2.159484387718985,339.11055473935727,1.1,2,79.16915798187256,7.530247926712036,0.0,1000101100011001010010000111011010101111,+---+-++---++--+-+--+----+++-++-+-+-++++,0,False,"[[0.000101, 376.29783994], [0.012663, 374.82077025], [0.01421, 339.9326175], [7.240261, 339.49677287], [7.530248, 339.11055474], [79.162556, 339.11055474]]",44,quantum,1,
precond_pen=1.200,40,-1.9685173354219891,339.11055473935727,1.2,2,75.48126602172852,6.021899938583374,0.0,1000101100011001010010000111011010101111,+---+-++---++--+-+--+----+++-++-+-+-++++,0,False,"[[0.000124, 376.29783994], [0.011906, 375.96856385], [0.012866, 346.09402038], [0.054942, 345.9617694], [4.432824, 343.55432663], [4.689292, 342.63200431], [4.974987, 340.80567647], [5.457345, 339.9326175], [5.892569, 339.49677287], [6.0219, 339.11055474]]",44,quantum,1,
precond_pen=1.300,40,-1.815432737503004,339.11055473935727,1.3,2,83.3725950717926,0.05567812919616699,0.0,1000101100011001010010000111011010101111,+---+-++---++--+-+--+----+++-++-+-+-++++,0,False,"[[0.000104, 376.29783994], [0.011714, 375.93746731], [0.012691, 348.07753707], [0.055678, 339.11055474]]",44,quantum,1,
precond_pen=1.400,40,-1.6899207649910135,339.11055473935727,1.4,2,81.84042096138,0.05486297607421875,0.0,1000101100011001010010000111011010101111,+---+-++---++--+-+--+----+++-++-+-+-++++,0,False,"[[9.9e-05, 376.29783994], [0.010931, 372.81225327], [0.012019, 341.80691671], [0.054863, 339.11055474]]",44,quantum,1,
precond_pen=1.500,40,-1.5851138641769982,339.11055473935727,1.5,2,75.72747802734375,15.001091957092285,0.0,0111010011100110101101111000100101010000,-+++-+--+++--++-+-++-++++---+--+-+-+----,0,False,"[[0.000104, 376.29783994], [0.012891, 372.22173138], [0.014244, 343.81786276], [15.001092, 339.11055474], [75.726462, 339.11055474]]",44,quantum,1,
precond_pen=1.600,40,-1.4962578318619926,339.11055473935727,1.6,2,77.58583092689514,20.751051902770996,0.0,0111010011100110101101111000100101010000,-+++-+--+++--++-+-++-++++---+--+-+-+----,0,False,"[[0.0001, 376.29783994], [0.011489, 376.0851219], [0.013025, 343.81786276], [19.000541, 343.81529588], [19.558128, 343.88614659], [20.11034, 343.05937437], [20.110897, 342.9861755], [20.751052, 339.11055474]]",44,quantum,1,
precond_pen=1.700,40,-1.419954916661009,339.11055473935727,1.7,2,82.8371160030365,11.653671026229858,0.0,0111010011100110101101111000100101010000,-+++-+--+++--++-+-++-++++---+--+-+-+----,0,False,"[[0.000101, 376.29783994], [0.013226, 375.09316457], [0.014781, 343.81786276], [11.262958, 339.57868303], [11.653671, 339.11055474]]",44,quantum,1,
precond_pen=1.800,40,-1.3537112880500004,339.11055473935727,1.8,2,79.81558585166931,0.05721282958984375,0.0,1000101100011001010010000111011010101111,+---+-++---++--+-+--+----+++-++-+-+-++++,0,False,"[[9.9e-05, 376.29783994], [0.01071, 372.82277216], [0.011647, 346.72009187], [0.057213, 339.11055474]]",44,quantum,1,
precond_pen=1.900,40,-1.2956544786279984,339.11055473935727,1.9,2,78.5504379272461,19.520957946777344,0.0,1000101100011001010010000111011010101111,+---+-++---++--+-+--+----+++-++-+-+-++++,0,False,"[[0.000127, 376.29783994], [0.011488, 376.09862165], [0.012719, 345.9617694], [11.509857, 345.34489238], [11.885131, 341.80691671], [19.520958, 339.11055474], [78.549483, 339.11055474]]",44,quantum,1,
precond_pen=2.000,40,-1.24435062106701,339.11055473935727,2.0,2,78.71119093894958,4.938154935836792,0.0,1000101100011001010010000111011010101111,+---+-++---++--+-+--+----+++-++-+-+-++++,0,False,"[[0.000108, 376.29783994], [0.014787, 345.9617694], [4.33156, 342.28590991], [4.938155, 339.11055474]]",44,quantum,1,
baseline,40,356.7971920333531,356.7971920333524,,2,5175.045372009277,0.013334989547729492,0.0,0001000000100011010011111101111110010101,---+------+---++-+--++++++-++++++--+-+-+,0,False,"[[0.000512, 391.52581354], [0.010115, 391.38309627], [0.013335, 356.79719203]]",45,quantum,1,
precond_pen=1.100,40,-2.201871481009011,356.7971920333524,1.1,2,67.00639081001282,0.014209985733032227,0.0,1110111111011100101100000010000001101010,+++-++++++-+++--+-++------+------++-+-+-,0,False,"[[9.9e-05, 391.52581354], [0.0131, 388.89701987], [0.01421, 356.79719203]]",45,quantum,1,
precond_pen=1.200,40,-2.005700549341009,356.7971920333524,1.2,2,76.61545610427856,0.012197017669677734,0.0,1110111111011100101100000010000001101010,+++-++++++-+++--+-++------+------++-+-+-,0,False,"[[0.000102, 391.52581354], [0.011075, 388.44628708], [0.012197, 356.79719203]]",45,quantum,1,
precond_pen=1.300,40,-1.848488775920007,356.7971920333524,1.3,2,65.24597692489624,5.256759881973267,0.0,0001000000100011010011111101111110010101,---+------+---++-+--++++++-++++++--+-+-+,0,False,"[[9.9e-05, 391.52581354], [0.011647, 391.24175254], [0.013456, 359.01555715], [5.25676, 356.79719203]]",45,quantum,1,
precond_pen=1.400,40,-1.7196328221459876,356.7971920333524,1.4,2,69.42917609214783,61.666990995407104,0.0,1110111111011100101100000010000001101010,+++-++++++-+++--+-++------+------++-+-+-,0,False,"[[0.000103, 391.52581354], [0.011132, 389.38349957], [0.012643, 366.97852844], [0.05844, 360.96065765], [6.576217, 358.72092271], [7.33792, 358.19083639], [61.666991, 356.79719203]]",45,quantum,1,
precond_pen=1.500,40,-1.6120677126780016,356.7971920333524,1.5,2,68.27218818664551,48.53070616722107,0.0,1110111111011100101100000010000001101010,+++-++++++-+++--+-++------+------++-+-+-,0,False,"[[0.00011, 391.52581354], [0.01111, 388.59369609], [0.012606, 361.62523029], [0.056532, 360.96065765], [12.663676, 360.86367896], [12.925993, 359.01555715], [48.530429, 358.64197598], [48.530706, 356.79719203]]",45,quantum,1,
precond_pen=1.600,40,-1.5209017284939925,356.7971920333524,1.6,2,66.84619307518005,0.01443791389465332,0.0,1110111111011100101100000010000001101010,+++-++++++-+++--+-++------+------++-+-+-,0,False,"[[9.9e-05, 391.52581354], [0.013499, 378.35499426], [0.014438, 356.79719203]]",45,quantum,1,
precond_pen=1.700,40,-1.4426387056139909,356.7971920333524,1.7,2,73.1731481552124,0.01205897331237793,0.0,1110111111011100101100000010000001101010,+++-++++++-+++--+-++------+------++-+-+-,0,False,"[[0.000102, 391.52581354], [0.010908, 387.86421015], [0.012059, 356.79719203]]",45,quantum,1,
precond_pen=1.800,40,-1.3747129202530122,356.7971920333524,1.8,2,66.29223799705505,11.360514163970947,0.0,1110111111011100101100000010000001101010,+++-++++++-+++--+-++------+------++-+-+-,0,False,"[[0.000105, 391.52581354], [0.010828, 387.13766426], [0.011811, 364.38908113], [0.056818, 360.96065765], [7.175309, 360.86367896], [7.504761, 360.74089434], [7.880293, 359.4247425], [8.284544, 359.01555715], [11.097467, 358.64197598], [11.360514, 356.79719203]]",45,quantum,1,
precond_pen=1.900,40,-1.3151980004750055,356.7971920333524,1.9,2,67.06381297111511,42.72001814842224,0.0,1110111111011100101100000010000001101010,+++-++++++-+++--+-++------+------++-+-+-,0,False,"[[9.6e-05, 391.52581354], [0.010541, 387.26924109], [0.011451, 360.97148262], [9.570845, 360.6623199], [10.254487, 359.54533022], [42.720018, 356.79719203], [67.062775, 356.79719203]]",45,quantum,1,
precond_pen=2.000,40,-1.262619224935003,356.7971920333524,2.0,2,81.48580694198608,68.48063898086548,0.0,0001000000100011010011111101111110010101,---+------+---++-+--++++++-++++++--+-+-+,0,False,"[[9.7e-05, 391.52581354], [0.01062, 387.86421015], [0.012138, 362.77317287], [0.058871, 360.96065765], [10.046584, 358.94122493], [10.419245, 358.69694056], [67.605371, 358.64197598], [68.480639, 356.79719203]]",45,quantum,1,
baseline,40,346.32738777866297,346.32738777866126,,2,14273.979921102524,13636.796985149384,0.0,0100000010011010101101011111011001010101,-+------+--++-+-+-++-+-+++++-++--+-+-+-+,0,False,"[[0.00012, 382.46429859], [0.011828, 347.17868135], [1857.93553, 347.14660108], [1925.335562, 346.68421786], [13636.796985, 346.32738778], [14273.978335, 346.32738778]]",46,quantum,1,
precond_pen=1.100,40,-2.0724141749360125,346.32738777866126,1.1,2,151.16419506072998,100.69245791435242,0.0,1011111101100101010010100000100110101010,+-++++++-++--+-+-+--+-+-----+--++-+-+-+-,0,False,"[[0.000191, 382.46429859], [0.020621, 378.93223371], [0.023899, 350.04387581], [0.107652, 347.14660108], [95.541296, 346.71461149], [100.692458, 346.32738778]]",46,quantum,1,
precond_pen=1.200,40,-1.8939006001000145,346.32738777866126,1.2,2,156.07327389717102,0.020262956619262695,0.0,1011111101100101010010100000100110101010,+-++++++-++--+-+-+--+-+-----+--++-+-+-+-,0,False,"[[0.00022, 382.46429859], [0.018698, 381.73386821], [0.020263, 346.32738778]]",46,quantum,1,
precond_pen=1.300,40,-1.7502292443829948,346.32738777866126,1.3,2,149.3575360774994,96.2396330833435,0.0,1011111101100101010010100000100110101010,+-++++++-++--+-+-+--+-+-----+--++-+-+-+-,0,False,"[[0.000206, 382.46429859], [0.01953, 370.48708183], [0.021454, 353.66564353], [5.658902, 350.43644832], [6.98942, 350.08278412], [6.98997, 349.49034839], [7.385065, 349.03149898], [8.125922, 348.89469382], [9.196663, 348.67747514], [9.367257, 347.17868135], [12.705126, 347.19461178], [13.614145, 347.14660108], [82.511511, 346.68421786], [93.95159, 346.71461149], [96.239633, 346.32738778]]",46,quantum,1,
precond_pen=1.400,40,-1.6320653107649985,346.32738777866126,1.4,2,166.3703649044037,106.90413689613342,0.0,0100000010011010101101011111011001010101,-+------+--++-+-+-++-+-+++++-++--+-+-+-+,0,False,"[[0.000191, 382.46429859], [0.021836, 381.99289495], [0.024005, 353.66564353], [0.108986, 350.65396386], [15.041555, 349.89979375], [15.343082, 347.35836808], [15.757585, 347.19461178], [18.318659, 347.14660108], [105.00604, 346.68421786], [106.904137, 346.32738778], [166.369016, 346.32738778]]",46,quantum,1,
precond_pen=1.500,40,-1.5331443782150131,346.32738777866126,1.5,2,150.06601405143738,88.35385608673096,0.0,1011111101100101010010100000100110101010,+-++++++-++--+-+-+--+-+-----+--++-+-+-+-,0,False,"[[0.000181, 382.46429859], [0.020521, 381.49548068], [0.023228, 348.46580566], [0.10667, 347.14660108], [77.324688, 346.71461149], [88.353856, 346.32738778]]",46,quantum,1,
precond_pen=1.600,40,-1.449103942613986,346.32738777866126,1.6,2,147.1327269077301,83.40440893173218,0.0,1011111101100101010010100000100110101010,+-++++++-++--+-+-+--+-+-----+--++-+-+-+-,0,False,"[[0.00021, 382.46429859], [0.02102, 382.52049184], [0.024568, 350.04387581], [0.092419, 347.14660108], [79.719495, 346.71461149], [83.404409, 346.32738778]]",46,quantum,1,
precond_pen=1.700,40,-1.3768107636219895,346.32738777866126,1.7,2,147.70594906806946,74.75034999847412,0.0,1011111101100101010010100000100110101010,+-++++++-++--+-+-+--+-+-----+--++-+-+-+-,0,False,"[[0.00021, 382.46429859], [0.021274, 382.41139577], [0.023246, 353.66564353], [0.112605, 347.14660108], [74.75035, 346.32738778]]",46,quantum,1,
precond_pen=1.800,40,-1.313955620344009,346.32738777866126,1.8,2,143.51674389839172,0.022380828857421875,0.0,1011111101100101010010100000100110101010,+-++++++-++--+-+-+--+-+-----+--++-+-+-+-,0,False,"[[0.000203, 382.46429859], [0.02063, 381.73386821], [0.022381, 346.32738778]]",46,quantum,1,
precond_pen=1.900,40,-1.2587989172420073,346.32738777866126,1.9,2,162.60320615768433,101.17838311195374,0.0,1011111101100101010010100000100110101010,+-++++++-++--+-+-+--+-+-----+--++-+-+-+-,0,False,"[[0.000144, 382.46429859], [0.016063, 373.36141395], [0.01789, 353.66564353], [0.107427, 347.14660108], [92.148702, 347.08594878], [101.178383, 346.32738778]]",46,quantum,1,
precond_pen=2.000,40,-1.2100046395900144,346.32738777866126,2.0,2,171.89374113082886,92.7411630153656,0.0,1011111101100101010010100000100110101010,+-++++++-++--+-+-+--+-+-----+--++-+-+-+-,0,False,"[[0.000174, 382.46429859], [0.015718, 378.33431395], [0.017795, 350.16558165], [0.104397, 347.14660108], [92.741163, 346.32738778]]",46,quantum,1,
baseline,40,355.7878731172833,355.7878731172834,,2,5105.091853141785,218.27843022346497,0.0,0001100011101110100111101100010100101001,---++---+++-+++-+--++++-++---+-+--+-+--+,0,False,"[[0.00017, 407.70411898], [0.020578, 364.361527], [0.206909, 357.59736414], [218.27843, 355.78787312]]",47,quantum,1,
precond_pen=1.100,40,-2.2987966726190123,355.7878731172834,1.1,2,98.69603490829468,0.014840841293334961,0.0,0001100011101110100111101100010100101001,---++---+++-+++-+--++++-++---+-+--+-+--+,0,False,"[[0.000145, 407.70411898], [0.01299, 398.33350468], [0.014841, 355.78787312]]",47,quantum,1,
precond_pen=1.200,40,-2.0900850017450097,355.7878731172834,1.2,2,96.10860180854797,58.351855993270874,0.0,1110011100010001011000010011101011010110,+++--+++---+---+-++----+--+++-+-++-+-++-,0,False,"[[0.000192, 407.70411898], [0.020863, 391.38200977], [0.023386, 368.34006128], [0.113195, 364.361527], [11.372297, 363.26102971], [11.68851, 362.32410553], [11.689859, 360.10991804], [58.351856, 355.78787312], [96.107068, 355.78787312]]",47,quantum,1,
precond_pen=1.300,40,-1.9232133203920085,355.7878731172834,1.3,2,95.67870092391968,0.11024785041809082,0.0,1110011100010001011000010011101011010110,+++--+++---+---+-++----+--+++-+-++-+-++-,0,False,"[[0.000217, 407.70411898], [0.020594, 398.34387268], [0.022789, 364.83977441], [0.110248, 355.78787312]]",47,quantum,1,
precond_pen=1.400,40,-1.7866901899059844,355.7878731172834,1.4,2,96.45380401611328,36.739824056625366,0.0,0001100011101110100111101100010100101001,---++---+++-+++-+--++++-++---+-+--+-+--+,0,False,"[[0.000214, 407.70411898], [0.021372, 399.18031389], [0.02424, 365.34473862], [0.112826, 357.39134787], [33.766369, 356.7490086], [36.739824, 355.78787312]]",47,quantum,1,
precond_pen=1.500,40,-1.6728919630960082,355.7878731172834,1.5,2,107.71374797821045,13.958231925964355,0.0,0001100011101110100111101100010100101001,---++---+++-+++-+--++++-++---+-+--+-+--+,0,False,"[[0.000246, 407.70411898], [0.021166, 406.5430511], [0.02476, 365.06374243], [0.11179, 363.1377667], [6.179401, 362.0131009], [6.754442, 361.4710533], [8.05721, 359.27164851], [9.287875, 358.89118267], [10.193867, 358.64182645], [12.538014, 358.65861711], [12.538791, 356.7490086], [13.958232, 355.78787312]]",47,quantum,1,
precond_pen=1.600,40,-1.5765586445259974,355.7878731172834,1.6,2,113.18121099472046,13.949453115463257,0.0,0001100011101110100111101100010100101001,---++---+++-+++-+--++++-++---+-+--+-+--+,0,False,"[[0.000207, 407.70411898], [0.020481, 390.5783245], [0.02327, 357.59736414], [13.949453, 355.78787312]]",47,quantum,1,
precond_pen=1.700,40,-1.4939420537439716,355.7878731172834,1.7,2,103.80689311027527,0.020682096481323242,0.0,0001100011101110100111101100010100101001,---++---+++-+++-+--++++-++---+-+--+-+--+,0,False,"[[0.00016, 407.70411898], [0.017001, 390.71948767], [0.020682, 355.78787312]]",47,quantum,1,
precond_pen=1.800,40,-1.4222978498060161,355.7878731172834,1.8,2,103.93246293067932,0.02171015739440918,0.0,0001100011101110100111101100010100101001,---++---+++-+++-+--++++-++---+-+--+-+--+,0,False,"[[0.000201, 407.70411898], [0.017971, 402.14599833], [0.02171, 355.78787312]]",47,quantum,1,
precond_pen=1.900,40,-1.359569688375002,355.7878731172834,1.9,2,111.1370620727539,20.297477960586548,0.0,0001100011101110100111101100010100101001,---++---+++-+++-+--++++-++---+-+--+-+--+,0,False,"[[0.000231, 407.70411898], [0.020121, 405.10299803], [0.022413, 357.59736414], [0.110836, 357.39134787], [20.297478, 355.78787312]]",47,quantum,1,
precond_pen=2.000,40,-1.3041864250039943,355.7878731172834,2.0,2,107.11440300941467,0.02031397819519043,0.0,0001100011101110100111101100010100101001,---++---+++-+++-+--++++-++---+-+--+-+--+,0,False,"[[0.000196, 407.70411898], [0.017436, 407.43710793], [0.020314, 355.78787312]]",47,quantum,1,
baseline,40,344.3790770213615,344.37907702136107,,2,10541.869935035706,3372.8957240581512,0.0,0100001000111111101000011100001011110101,-+----+---+++++++-+----+++----+-++++-+-+,0,False,"[[0.0002, 385.65201208], [0.019304, 347.84872501], [66.812847, 347.47511572], [757.976289, 347.38077548], [758.686431, 346.1321807], [1592.146554, 346.01290156], [1597.327404, 346.0035024], [3372.223834, 345.51552643], [3372.895724, 344.37907702]]",48,quantum,1,
precond_pen=1.100,40,-2.1656966079740343,344.37907702136107,1.1,2,125.22781491279602,0.12196087837219238,0.0,1011110111000000010111100011110100001010,+-++++-+++-------+-++++---++++-+----+-+-,0,False,"[[0.00019, 385.65201208], [0.023438, 383.75451413], [0.025438, 347.47511572], [0.121961, 344.37907702]]",48,quantum,1,
precond_pen=1.200,40,-1.973809861782021,344.37907702136107,1.2,2,129.87864089012146,80.00266289710999,0.0,1011110111000000010111100011110100001010,+-++++-+++-------+-++++---++++-+----+-+-,0,False,"[[0.000119, 385.65201208], [0.016668, 381.87229599], [0.018969, 346.0035024], [73.994041, 345.95835248], [80.002663, 344.37907702]]",48,quantum,1,
precond_pen=1.300,40,-1.8200157050899985,344.37907702136107,1.3,2,125.54632377624512,19.511069774627686,0.0,0100001000111111101000011100001011110101,-+----+---+++++++-+----+++----+-++++-+-+,0,False,"[[0.000159, 385.65201208], [0.018305, 380.99817477], [0.020683, 349.16548693], [0.112171, 345.35947825], [19.51107, 344.37907702]]",48,quantum,1,
precond_pen=1.400,40,-1.6939426291819863,344.37907702136107,1.4,2,137.37271404266357,17.044744968414307,0.0,0100001000111111101000011100001011110101,-+----+---+++++++-+----+++----+-++++-+-+,0,False,"[[0.000181, 385.65201208], [0.021989, 345.35947825], [15.321391, 345.23168649], [17.044745, 344.37907702]]",48,quantum,1,
precond_pen=1.500,40,-1.5886828219800009,344.37907702136107,1.5,2,127.79217505455017,19.644169807434082,0.0,0100001000111111101000011100001011110101,-+----+---+++++++-+----+++----+-++++-+-+,0,False,"[[0.000198, 385.65201208], [0.021606, 384.36803291], [0.02467, 347.84872501], [0.120199, 345.35947825], [17.21716, 345.23168649], [19.64417, 344.37907702]]",48,quantum,1,
precond_pen=1.600,40,-1.4994550424199637,344.37907702136107,1.6,2,129.09784984588623,89.66216897964478,0.0,0100001000111111101000011100001011110101,-+----+---+++++++-+----+++----+-++++-+-+,0,False,"[[0.00017, 385.65201208], [0.023601, 345.35947825], [89.662169, 344.37907702]]",48,quantum,1,
precond_pen=1.700,40,-1.4228427266110053,344.37907702136107,1.7,2,134.71912503242493,0.02098393440246582,0.0,1011110111000000010111100011110100001010,+-++++-+++-------+-++++---++++-+----+-+-,0,False,"[[0.000162, 385.65201208], [0.018961, 384.52506556], [0.020984, 344.37907702]]",48,quantum,1,
precond_pen=1.800,40,-1.3563381702849835,344.37907702136107,1.8,2,138.79620122909546,102.2566921710968,0.0,0100001000111111101000011100001011110101,-+----+---+++++++-+----+++----+-++++-+-+,0,False,"[[0.00012, 385.65201208], [0.018781, 345.35947825], [13.652868, 345.23168649], [102.256692, 344.37907702]]",48,quantum,1,
precond_pen=1.900,40,-1.29805893983702,344.37907702136107,1.9,2,129.86647415161133,16.3575119972229,0.0,0100001000111111101000011100001011110101,-+----+---+++++++-+----+++----+-++++-+-+,0,False,"[[0.000198, 385.65201208], [0.023832, 345.35947825], [15.389804, 345.23168649], [16.357512, 344.37907702]]",48,quantum,1,
precond_pen=2.000,40,-1.246563862717995,344.37907702136107,2.0,2,137.4698121547699,78.93235397338867,0.0,1011110111000000010111100011110100001010,+-++++-+++-------+-++++---++++-+----+-+-,0,False,"[[0.000188, 385.65201208], [0.024237, 345.35947825], [78.932354, 344.37907702], [137.468325, 344.37907702]]",48,quantum,1,
baseline,40,335.3858145273705,335.38581452736963,,2,5948.147274017334,2099.703241109848,0.0,0101011101101110000011111000001101100100,-+-+-+++-++-+++-----+++++-----++-++--+--,0,False,"[[0.000173, 389.30398754], [0.01798, 385.98990068], [0.020838, 380.86035697], [0.023959, 346.90179383], [28.575275, 344.01097882], [28.575955, 342.23504387], [30.686574, 337.61489164], [147.721628, 337.44443997], [2099.703241, 335.38581453], [5948.073295, 335.38581453]]",49,quantum,1,
precond_pen=1.100,40,-2.307992514569987,335.38581452736963,1.1,2,96.59329986572266,0.0388178825378418,0.0,1010100010010001111100000111110010011011,+-+-+---+--+---+++++-----+++++--+--++-++,0,False,"[[0.000229, 389.30398754], [0.036442, 385.8678939], [0.038818, 335.38581453]]",49,quantum,1,
precond_pen=1.200,40,-2.1010838304830077,335.38581452736963,1.2,2,92.77879095077515,0.11907792091369629,0.0,1010100010010001111100000111110010011011,+-+-+---+--+---+++++-----+++++--+--++-++,0,False,"[[0.000214, 389.30398754], [0.037581, 387.53567531], [0.039795, 337.47203362], [0.119078, 335.38581453]]",49,quantum,1,
precond_pen=1.300,40,-1.9351635979809974,335.38581452736963,1.3,2,93.25430202484131,0.024630069732666016,0.0,1010100010010001111100000111110010011011,+-+-+---+--+---+++++-----+++++--+--++-++,0,False,"[[0.000188, 389.30398754], [0.021609, 386.7355289], [0.02463, 335.38581453]]",49,quantum,1,
precond_pen=1.400,40,-1.7990907013470157,335.38581452736963,1.4,2,98.18161797523499,0.025424957275390625,0.0,1010100010010001111100000111110010011011,+-+-+---+--+---+++++-----+++++--+--++-++,0,False,"[[0.000197, 389.30398754], [0.022274, 383.70166883], [0.025425, 335.38581453]]",49,quantum,1,
precond_pen=1.500,40,-1.685440282340986,335.38581452736963,1.5,2,86.38261818885803,0.014174938201904297,0.0,1010100010010001111100000111110010011011,+-+-+---+--+---+++++-----+++++--+--++-++,0,False,"[[0.000112, 389.30398754], [0.01226, 379.36088175], [0.014175, 335.38581453]]",49,quantum,1,
precond_pen=1.600,40,-1.5890693179659738,335.38581452736963,1.6,2,90.04857587814331,0.10593605041503906,0.0,1010100010010001111100000111110010011011,+-+-+---+--+---+++++-----+++++--+--++-++,0,False,"[[0.000112, 389.30398754], [0.013509, 380.78732103], [0.015304, 337.47203362], [0.105936, 335.38581453]]",49,quantum,1,
precond_pen=1.700,40,-1.506301076210006,335.38581452736963,1.7,2,93.47836494445801,0.014680862426757812,0.0,1010100010010001111100000111110010011011,+-+-+---+--+---+++++-----+++++--+--++-++,0,False,"[[0.000109, 389.30398754], [0.012807, 385.89470802], [0.014681, 335.38581453]]",49,quantum,1,
precond_pen=1.800,40,-1.434435494102976,335.38581452736963,1.8,2,99.96185803413391,19.304928064346313,0.0,0101011101101110000011111000001101100100,-+-+-+++-++-+++-----+++++-----++-++--+--,0,False,"[[0.000186, 389.30398754], [0.020352, 384.66073612], [0.022535, 341.53638765], [0.104884, 341.32754429], [15.232436, 339.8691234], [15.232812, 338.57762005], [19.304928, 335.38581453], [99.960258, 335.38581453]]",49,quantum,1,
precond_pen=1.900,40,-1.3714450038010089,335.38581452736963,1.9,2,102.32511401176453,0.11093997955322266,0.0,1010100010010001111100000111110010011011,+-+-+---+--+---+++++-----+++++--+--++-++,0,False,"[[0.000186, 389.30398754], [0.020582, 379.45386892], [0.022543, 337.47203362], [0.11094, 335.38581453]]",49,quantum,1,
precond_pen=2.000,40,-1.3157765985209995,335.38581452736963,2.0,2,97.06187391281128,0.018023014068603516,0.0,1010100010010001111100000111110010011011,+-+-+---+--+---+++++-----+++++--+--++-++,0,False,"[[0.000122, 389.30398754], [0.015177, 386.04073866], [0.018023, 335.38581453]]",49,quantum,1,
