seed,layers,sweeps,preconditioner_family,name,penalty,presolve,event_idx,time_sec,orig_obj,running_best_orig_obj
0,3,,quantum,baseline,,True,0,0.001226,16.2904225,16.2904225
0,3,,quantum,baseline,,True,1,0.026057,13.45806172,13.45806172
0,3,,quantum,precond_pen=1.100,1.1,True,0,0.000254,16.2904225,16.2904225
0,3,,quantum,precond_pen=1.100,1.1,True,1,0.005291,15.80151115,15.80151115
0,3,,quantum,precond_pen=1.100,1.1,True,2,0.005772,13.45806172,13.45806172
0,3,,quantum,precond_pen=1.200,1.2,True,0,0.000955,16.2904225,16.2904225
0,3,,quantum,precond_pen=1.200,1.2,True,1,0.012886,13.45806172,13.45806172
0,3,,quantum,precond_pen=1.300,1.3,True,0,0.002043,16.2904225,16.2904225
0,3,,quantum,precond_pen=1.300,1.3,True,1,0.020311,13.45806172,13.45806172
0,3,,quantum,precond_pen=1.400,1.4,True,0,0.005617,16.2904225,16.2904225
0,3,,quantum,precond_pen=1.400,1.4,True,1,0.0144,15.80151115,15.80151115
0,3,,quantum,precond_pen=1.400,1.4,True,2,0.014512,13.45806172,13.45806172
0,3,,quantum,precond_pen=1.500,1.5,True,0,0.000753,16.2904225,16.2904225
0,3,,quantum,precond_pen=1.500,1.5,True,1,0.009442,16.29948472,16.2904225
0,3,,quantum,precond_pen=1.500,1.5,True,2,0.010069,15.80151115,15.80151115
0,3,,quantum,precond_pen=1.500,1.5,True,3,0.010384,13.45806172,13.45806172
0,3,,quantum,precond_pen=1.600,1.6,True,0,0.000817,16.2904225,16.2904225
0,3,,quantum,precond_pen=1.600,1.6,True,1,0.010959,15.80151115,15.80151115
0,3,,quantum,precond_pen=1.600,1.6,True,2,0.011269,13.45806172,13.45806172
0,3,,quantum,precond_pen=1.700,1.7,True,0,0.001395,16.2904225,16.2904225
0,3,,quantum,precond_pen=1.700,1.7,True,1,0.011804,15.80151115,15.80151115
0,3,,quantum,precond_pen=1.700,1.7,True,2,0.012241,13.45806172,13.45806172
0,3,,quantum,precond_pen=1.800,1.8,True,0,0.000925,16.2904225,16.2904225
0,3,,quantum,precond_pen=1.800,1.8,True,1,0.009945,15.80151115,15.80151115
0,3,,quantum,precond_pen=1.800,1.8,True,2,0.011003,13.45806172,13.45806172
0,3,,quantum,precond_pen=1.900,1.9,True,0,0.000167,16.2904225,16.2904225
0,3,,quantum,precond_pen=1.900,1.9,True,1,0.003055,15.80151115,15.80151115
0,3,,quantum,precond_pen=1.900,1.9,True,2,0.003152,13.45806172,13.45806172
0,3,,quantum,precond_pen=2.000,2.0,True,0,0.000108,16.2904225,16.2904225
0,3,,quantum,precond_pen=2.000,2.0,True,1,0.002161,15.80151115,15.80151115
0,3,,quantum,precond_pen=2.000,2.0,True,2,0.002232,13.45806172,13.45806172
1,3,,quantum,baseline,,True,0,0.000104,13.90169322,13.90169322
1,3,,quantum,baseline,,True,1,0.001937,12.60301525,12.60301525
1,3,,quantum,precond_pen=1.100,1.1,True,0,0.000768,13.90169322,13.90169322
1,3,,quantum,precond_pen=1.100,1.1,True,1,0.008749,12.60301525,12.60301525
1,3,,quantum,precond_pen=1.200,1.2,True,0,0.000712,13.90169322,13.90169322
1,3,,quantum,precond_pen=1.200,1.2,True,1,0.008881,12.60301525,12.60301525
1,3,,quantum,precond_pen=1.300,1.3,True,0,0.000536,13.90169322,13.90169322
1,3,,quantum,precond_pen=1.300,1.3,True,1,0.008506,12.60301525,12.60301525
1,3,,quantum,precond_pen=1.400,1.4,True,0,0.000707,13.90169322,13.90169322
1,3,,quantum,precond_pen=1.400,1.4,True,1,0.008096,12.60301525,12.60301525
1,3,,quantum,precond_pen=1.500,1.5,True,0,0.000739,13.90169322,13.90169322
1,3,,quantum,precond_pen=1.500,1.5,True,1,0.012207,12.60301525,12.60301525
1,3,,quantum,precond_pen=1.600,1.6,True,0,0.000119,13.90169322,13.90169322
1,3,,quantum,precond_pen=1.600,1.6,True,1,0.002827,12.60301525,12.60301525
1,3,,quantum,precond_pen=1.700,1.7,True,0,9.9e-05,13.90169322,13.90169322
1,3,,quantum,precond_pen=1.700,1.7,True,1,0.00241,12.60301525,12.60301525
1,3,,quantum,precond_pen=1.800,1.8,True,0,9.7e-05,13.90169322,13.90169322
1,3,,quantum,precond_pen=1.800,1.8,True,1,0.001999,12.60301525,12.60301525
1,3,,quantum,precond_pen=1.900,1.9,True,0,9.6e-05,13.90169322,13.90169322
1,3,,quantum,precond_pen=1.900,1.9,True,1,0.001919,12.60301525,12.60301525
1,3,,quantum,precond_pen=2.000,2.0,True,0,9.1e-05,13.90169322,13.90169322
1,3,,quantum,precond_pen=2.000,2.0,True,1,0.002076,12.60301525,12.60301525
2,3,,quantum,baseline,,True,0,0.000112,15.10648738,15.10648738
2,3,,quantum,baseline,,True,1,0.003787,13.68844977,13.68844977
2,3,,quantum,precond_pen=1.100,1.1,True,0,0.000152,15.10648738,15.10648738
2,3,,quantum,precond_pen=1.100,1.1,True,1,0.004459,14.87922149,14.87922149
2,3,,quantum,precond_pen=1.100,1.1,True,2,0.004588,13.80798245,13.80798245
2,3,,quantum,precond_pen=1.200,1.2,True,0,0.000128,15.10648738,15.10648738
2,3,,quantum,precond_pen=1.200,1.2,True,1,0.004289,13.68844977,13.68844977
2,3,,quantum,precond_pen=1.200,1.2,True,2,0.004442,13.80798245,13.68844977
2,3,,quantum,precond_pen=1.300,1.3,True,0,0.000113,15.10648738,15.10648738
2,3,,quantum,precond_pen=1.300,1.3,True,1,0.003519,14.27287949,14.27287949
2,3,,quantum,precond_pen=1.300,1.3,True,2,0.003726,13.80798245,13.80798245
2,3,,quantum,precond_pen=1.400,1.4,True,0,0.000113,15.10648738,15.10648738
2,3,,quantum,precond_pen=1.400,1.4,True,1,0.003349,13.80798245,13.80798245
2,3,,quantum,precond_pen=1.500,1.5,True,0,9.5e-05,15.10648738,15.10648738
2,3,,quantum,precond_pen=1.500,1.5,True,1,0.003162,14.13134267,14.13134267
2,3,,quantum,precond_pen=1.500,1.5,True,2,0.003238,13.80798245,13.80798245
2,3,,quantum,precond_pen=1.600,1.6,True,0,9.5e-05,15.10648738,15.10648738
2,3,,quantum,precond_pen=1.600,1.6,True,1,0.003044,15.55597873,15.10648738
2,3,,quantum,precond_pen=1.600,1.6,True,2,0.003121,14.72609891,14.72609891
2,3,,quantum,precond_pen=1.700,1.7,True,0,9.3e-05,15.10648738,15.10648738
2,3,,quantum,precond_pen=1.700,1.7,True,1,0.003034,13.68844977,13.68844977
2,3,,quantum,precond_pen=1.700,1.7,True,2,0.00342,13.80798245,13.68844977
2,3,,quantum,precond_pen=1.800,1.8,True,0,0.000166,15.10648738,15.10648738
2,3,,quantum,precond_pen=1.800,1.8,True,1,0.00345,14.13134267,14.13134267
2,3,,quantum,precond_pen=1.800,1.8,True,2,0.003729,13.80798245,13.80798245
2,3,,quantum,precond_pen=1.900,1.9,True,0,9e-05,15.10648738,15.10648738
2,3,,quantum,precond_pen=1.900,1.9,True,1,0.002182,16.70182553,15.10648738
2,3,,quantum,precond_pen=1.900,1.9,True,2,0.002363,13.68844977,13.68844977
2,3,,quantum,precond_pen=1.900,1.9,True,3,0.002472,16.08472652,13.68844977
2,3,,quantum,precond_pen=2.000,2.0,True,0,8.5e-05,15.10648738,15.10648738
2,3,,quantum,precond_pen=2.000,2.0,True,1,0.002097,14.13134267,14.13134267
2,3,,quantum,precond_pen=2.000,2.0,True,2,0.002166,13.80798245,13.80798245
3,3,,quantum,baseline,,True,0,8.6e-05,15.26295569,15.26295569
3,3,,quantum,baseline,,True,1,0.001929,15.12432008,15.12432008
3,3,,quantum,baseline,,True,2,0.001999,12.50592149,12.50592149
3,3,,quantum,precond_pen=1.100,1.1,True,0,8.5e-05,15.26295569,15.26295569
3,3,,quantum,precond_pen=1.100,1.1,True,1,0.00182,14.56692067,14.56692067
3,3,,quantum,precond_pen=1.100,1.1,True,2,0.001964,13.98648467,13.98648467
3,3,,quantum,precond_pen=1.100,1.1,True,3,0.002063,12.50592149,12.50592149
3,3,,quantum,precond_pen=1.200,1.2,True,0,0.000565,15.26295569,15.26295569
3,3,,quantum,precond_pen=1.200,1.2,True,1,0.00683,14.56692067,14.56692067
3,3,,quantum,precond_pen=1.200,1.2,True,2,0.007362,13.98648467,13.98648467
3,3,,quantum,precond_pen=1.200,1.2,True,3,0.007635,12.50592149,12.50592149
3,3,,quantum,precond_pen=1.300,1.3,True,0,0.002142,15.26295569,15.26295569
3,3,,quantum,precond_pen=1.300,1.3,True,1,0.00818,14.56692067,14.56692067
3,3,,quantum,precond_pen=1.300,1.3,True,2,0.008702,13.98648467,13.98648467
3,3,,quantum,precond_pen=1.300,1.3,True,3,0.008964,12.50592149,12.50592149
3,3,,quantum,precond_pen=1.400,1.4,True,0,0.000428,15.26295569,15.26295569
3,3,,quantum,precond_pen=1.400,1.4,True,1,0.006239,14.56692067,14.56692067
3,3,,quantum,precond_pen=1.400,1.4,True,2,0.006734,13.98648467,13.98648467
3,3,,quantum,precond_pen=1.400,1.4,True,3,0.007045,13.85913513,13.85913513
3,3,,quantum,precond_pen=1.400,1.4,True,4,0.007191,12.50592149,12.50592149
3,3,,quantum,precond_pen=1.500,1.5,True,0,0.000421,15.26295569,15.26295569
3,3,,quantum,precond_pen=1.500,1.5,True,1,0.006323,14.56692067,14.56692067
3,3,,quantum,precond_pen=1.500,1.5,True,2,0.006892,13.98648467,13.98648467
3,3,,quantum,precond_pen=1.500,1.5,True,3,0.007283,12.50592149,12.50592149
3,3,,quantum,precond_pen=1.600,1.6,True,0,0.000543,15.26295569,15.26295569
3,3,,quantum,precond_pen=1.600,1.6,True,1,0.007276,14.56692067,14.56692067
3,3,,quantum,precond_pen=1.600,1.6,True,2,0.007881,13.98648467,13.98648467
3,3,,quantum,precond_pen=1.600,1.6,True,3,0.008286,13.85913513,13.85913513
3,3,,quantum,precond_pen=1.600,1.6,True,4,0.008469,12.50592149,12.50592149
3,3,,quantum,precond_pen=1.700,1.7,True,0,0.001452,15.26295569,15.26295569
3,3,,quantum,precond_pen=1.700,1.7,True,1,0.004593,12.50592149,12.50592149
3,3,,quantum,precond_pen=1.800,1.8,True,0,0.000108,15.26295569,15.26295569
3,3,,quantum,precond_pen=1.800,1.8,True,1,0.002339,14.56692067,14.56692067
3,3,,quantum,precond_pen=1.800,1.8,True,2,0.002574,13.98648467,13.98648467
3,3,,quantum,precond_pen=1.800,1.8,True,3,0.002743,13.95105869,13.95105869
3,3,,quantum,precond_pen=1.800,1.8,True,4,0.002838,12.50592149,12.50592149
3,3,,quantum,precond_pen=1.900,1.9,True,0,8.5e-05,15.26295569,15.26295569
3,3,,quantum,precond_pen=1.900,1.9,True,1,0.002043,14.56692067,14.56692067
3,3,,quantum,precond_pen=1.900,1.9,True,2,0.002243,13.98648467,13.98648467
3,3,,quantum,precond_pen=1.900,1.9,True,3,0.002371,13.95105869,13.95105869
3,3,,quantum,precond_pen=1.900,1.9,True,4,0.002445,12.50592149,12.50592149
3,3,,quantum,precond_pen=2.000,2.0,True,0,8.7e-05,15.26295569,15.26295569
3,3,,quantum,precond_pen=2.000,2.0,True,1,0.001993,14.56692067,14.56692067
3,3,,quantum,precond_pen=2.000,2.0,True,2,0.002184,13.98648467,13.98648467
3,3,,quantum,precond_pen=2.000,2.0,True,3,0.002323,13.85913513,13.85913513
3,3,,quantum,precond_pen=2.000,2.0,True,4,0.002403,12.50592149,12.50592149
4,3,,quantum,baseline,,True,0,8.7e-05,19.81287321,19.81287321
4,3,,quantum,baseline,,True,1,0.00209,16.08041469,16.08041469
4,3,,quantum,precond_pen=1.100,1.1,True,0,9e-05,19.81287321,19.81287321
4,3,,quantum,precond_pen=1.100,1.1,True,1,0.002138,17.67980388,17.67980388
4,3,,quantum,precond_pen=1.100,1.1,True,2,0.002311,16.08041469,16.08041469
4,3,,quantum,precond_pen=1.200,1.2,True,0,8.4e-05,19.81287321,19.81287321
4,3,,quantum,precond_pen=1.200,1.2,True,1,0.001924,19.10863344,19.10863344
4,3,,quantum,precond_pen=1.200,1.2,True,2,0.002069,18.25085307,18.25085307
4,3,,quantum,precond_pen=1.200,1.2,True,3,0.002187,16.08041469,16.08041469
4,3,,quantum,precond_pen=1.300,1.3,True,0,8.5e-05,19.81287321,19.81287321
4,3,,quantum,precond_pen=1.300,1.3,True,1,0.00213,17.67980388,17.67980388
4,3,,quantum,precond_pen=1.300,1.3,True,2,0.002272,16.08041469,16.08041469
4,3,,quantum,precond_pen=1.400,1.4,True,0,9.2e-05,19.81287321,19.81287321
4,3,,quantum,precond_pen=1.400,1.4,True,1,0.003081,18.04084029,18.04084029
4,3,,quantum,precond_pen=1.400,1.4,True,2,0.003479,16.08041469,16.08041469
4,3,,quantum,precond_pen=1.500,1.5,True,0,0.000121,19.81287321,19.81287321
4,3,,quantum,precond_pen=1.500,1.5,True,1,0.003775,18.04084029,18.04084029
4,3,,quantum,precond_pen=1.500,1.5,True,2,0.004235,16.08041469,16.08041469
4,3,,quantum,precond_pen=1.600,1.6,True,0,0.00016,19.81287321,19.81287321
4,3,,quantum,precond_pen=1.600,1.6,True,1,0.00429,18.04084029,18.04084029
4,3,,quantum,precond_pen=1.600,1.6,True,2,0.004829,16.77060863,16.77060863
4,3,,quantum,precond_pen=1.600,1.6,True,3,0.005118,16.08041469,16.08041469
4,3,,quantum,precond_pen=1.700,1.7,True,0,0.000166,19.81287321,19.81287321
4,3,,quantum,precond_pen=1.700,1.7,True,1,0.004309,18.04084029,18.04084029
4,3,,quantum,precond_pen=1.700,1.7,True,2,0.004799,16.77060863,16.77060863
4,3,,quantum,precond_pen=1.700,1.7,True,3,0.005058,16.08041469,16.08041469
4,3,,quantum,precond_pen=1.800,1.8,True,0,0.000222,19.81287321,19.81287321
4,3,,quantum,precond_pen=1.800,1.8,True,1,0.004753,18.04084029,18.04084029
4,3,,quantum,precond_pen=1.800,1.8,True,2,0.005271,16.77060863,16.77060863
4,3,,quantum,precond_pen=1.800,1.8,True,3,0.005628,16.08041469,16.08041469
4,3,,quantum,precond_pen=1.900,1.9,True,0,0.000129,19.81287321,19.81287321
4,3,,quantum,precond_pen=1.900,1.9,True,1,0.004199,18.04084029,18.04084029
4,3,,quantum,precond_pen=1.900,1.9,True,2,0.004744,16.77060863,16.77060863
4,3,,quantum,precond_pen=1.900,1.9,True,3,0.005027,16.08041469,16.08041469
4,3,,quantum,precond_pen=2.000,2.0,True,0,0.000145,19.81287321,19.81287321
4,3,,quantum,precond_pen=2.000,2.0,True,1,0.004316,18.25085307,18.25085307
4,3,,quantum,precond_pen=2.000,2.0,True,2,0.004863,16.77060863,16.77060863
4,3,,quantum,precond_pen=2.000,2.0,True,3,0.005159,16.08041469,16.08041469
5,3,,quantum,baseline,,True,0,0.000201,15.28890653,15.28890653
5,3,,quantum,baseline,,True,1,0.005175,13.91075566,13.91075566
5,3,,quantum,precond_pen=1.100,1.1,True,0,0.000115,15.28890653,15.28890653
5,3,,quantum,precond_pen=1.100,1.1,True,1,0.002759,14.80715403,14.80715403
5,3,,quantum,precond_pen=1.100,1.1,True,2,0.002862,13.91075566,13.91075566
5,3,,quantum,precond_pen=1.200,1.2,True,0,8.7e-05,15.28890653,15.28890653
5,3,,quantum,precond_pen=1.200,1.2,True,1,0.002063,14.39760561,14.39760561
5,3,,quantum,precond_pen=1.200,1.2,True,2,0.002272,13.92370993,13.92370993
5,3,,quantum,precond_pen=1.300,1.3,True,0,9.6e-05,15.28890653,15.28890653
5,3,,quantum,precond_pen=1.300,1.3,True,1,0.002026,13.92370993,13.92370993
5,3,,quantum,precond_pen=1.300,1.3,True,2,0.005578,13.91075566,13.91075566
5,3,,quantum,precond_pen=1.400,1.4,True,0,0.000105,15.28890653,15.28890653
5,3,,quantum,precond_pen=1.400,1.4,True,1,0.001848,13.92370993,13.92370993
5,3,,quantum,precond_pen=1.400,1.4,True,2,0.003016,13.91075566,13.91075566
5,3,,quantum,precond_pen=1.500,1.5,True,0,9.1e-05,15.28890653,15.28890653
5,3,,quantum,precond_pen=1.500,1.5,True,1,0.001978,13.92370993,13.92370993
5,3,,quantum,precond_pen=1.500,1.5,True,2,0.004978,13.91075566,13.91075566
5,3,,quantum,precond_pen=1.600,1.6,True,0,8.4e-05,15.28890653,15.28890653
5,3,,quantum,precond_pen=1.600,1.6,True,1,0.001899,13.92370993,13.92370993
5,3,,quantum,precond_pen=1.600,1.6,True,2,0.009412,13.91075566,13.91075566
5,3,,quantum,precond_pen=1.700,1.7,True,0,0.000161,15.28890653,15.28890653
5,3,,quantum,precond_pen=1.700,1.7,True,1,0.005216,14.39760561,14.39760561
5,3,,quantum,precond_pen=1.700,1.7,True,2,0.005478,13.91075566,13.91075566
5,3,,quantum,precond_pen=1.800,1.8,True,0,0.000162,15.28890653,15.28890653
5,3,,quantum,precond_pen=1.800,1.8,True,1,0.005442,14.39760561,14.39760561
5,3,,quantum,precond_pen=1.800,1.8,True,2,0.005693,13.91075566,13.91075566
5,3,,quantum,precond_pen=1.900,1.9,True,0,0.000149,15.28890653,15.28890653
5,3,,quantum,precond_pen=1.900,1.9,True,1,0.005557,14.39760561,14.39760561
5,3,,quantum,precond_pen=1.900,1.9,True,2,0.005816,13.91075566,13.91075566
5,3,,quantum,precond_pen=2.000,2.0,True,0,0.000143,15.28890653,15.28890653
5,3,,quantum,precond_pen=2.000,2.0,True,1,0.005322,14.39760561,14.39760561
5,3,,quantum,precond_pen=2.000,2.0,True,2,0.005768,13.92370993,13.92370993
5,3,,quantum,precond_pen=2.000,2.0,True,3,0.01291,13.91075566,13.91075566
6,3,,quantum,baseline,,True,0,0.000157,15.20531646,15.20531646
6,3,,quantum,baseline,,True,1,0.007691,14.0789663,14.0789663
6,3,,quantum,baseline,,True,2,0.008399,12.33521489,12.33521489
6,3,,quantum,precond_pen=1.100,1.1,True,0,9.4e-05,15.20531646,15.20531646
6,3,,quantum,precond_pen=1.100,1.1,True,1,0.00213,12.33521489,12.33521489
6,3,,quantum,precond_pen=1.100,1.1,True,2,0.002238,12.40373055,12.33521489
6,3,,quantum,precond_pen=1.200,1.2,True,0,0.000101,15.20531646,15.20531646
6,3,,quantum,precond_pen=1.200,1.2,True,1,0.002042,12.33521489,12.33521489
6,3,,quantum,precond_pen=1.300,1.3,True,0,8.4e-05,15.20531646,15.20531646
6,3,,quantum,precond_pen=1.300,1.3,True,1,0.002035,12.33521489,12.33521489
6,3,,quantum,precond_pen=1.400,1.4,True,0,9.3e-05,15.20531646,15.20531646
6,3,,quantum,precond_pen=1.400,1.4,True,1,0.001913,12.33521489,12.33521489
6,3,,quantum,precond_pen=1.500,1.5,True,0,0.000101,15.20531646,15.20531646
6,3,,quantum,precond_pen=1.500,1.5,True,1,0.001935,12.33521489,12.33521489
6,3,,quantum,precond_pen=1.600,1.6,True,0,9.7e-05,15.20531646,15.20531646
6,3,,quantum,precond_pen=1.600,1.6,True,1,0.004204,14.27819877,14.27819877
6,3,,quantum,precond_pen=1.600,1.6,True,2,0.004791,12.90567137,12.90567137
6,3,,quantum,precond_pen=1.600,1.6,True,3,0.005065,12.33521489,12.33521489
6,3,,quantum,precond_pen=1.700,1.7,True,0,0.000169,15.20531646,15.20531646
6,3,,quantum,precond_pen=1.700,1.7,True,1,0.005816,14.27819877,14.27819877
6,3,,quantum,precond_pen=1.700,1.7,True,2,0.006409,12.90567137,12.90567137
6,3,,quantum,precond_pen=1.700,1.7,True,3,0.006697,12.33521489,12.33521489
6,3,,quantum,precond_pen=1.800,1.8,True,0,0.000143,15.20531646,15.20531646
6,3,,quantum,precond_pen=1.800,1.8,True,1,0.005221,15.83555862,15.20531646
6,3,,quantum,precond_pen=1.800,1.8,True,2,0.005666,14.0789663,14.0789663
6,3,,quantum,precond_pen=1.800,1.8,True,3,0.00586,12.33521489,12.33521489
6,3,,quantum,precond_pen=1.900,1.9,True,0,0.000147,15.20531646,15.20531646
6,3,,quantum,precond_pen=1.900,1.9,True,1,0.005442,12.40373055,12.40373055
6,3,,quantum,precond_pen=1.900,1.9,True,2,0.005883,12.33521489,12.33521489
6,3,,quantum,precond_pen=2.000,2.0,True,0,0.000169,15.20531646,15.20531646
6,3,,quantum,precond_pen=2.000,2.0,True,1,0.005805,14.0789663,14.0789663
6,3,,quantum,precond_pen=2.000,2.0,True,2,0.006058,12.33521489,12.33521489
7,3,,quantum,baseline,,True,0,0.000174,15.08264545,15.08264545
7,3,,quantum,baseline,,True,1,0.006734,14.232644,14.232644
7,3,,quantum,baseline,,True,2,0.007375,12.44007606,12.44007606
7,3,,quantum,precond_pen=1.100,1.1,True,0,0.000102,15.08264545,15.08264545
7,3,,quantum,precond_pen=1.100,1.1,True,1,0.002197,14.232644,14.232644
7,3,,quantum,precond_pen=1.100,1.1,True,2,0.002333,13.81704921,13.81704921
7,3,,quantum,precond_pen=1.100,1.1,True,3,0.002395,12.44007606,12.44007606
7,3,,quantum,precond_pen=1.200,1.2,True,0,9.1e-05,15.08264545,15.08264545
7,3,,quantum,precond_pen=1.200,1.2,True,1,0.002467,14.232644,14.232644
7,3,,quantum,precond_pen=1.200,1.2,True,2,0.00263,12.44007606,12.44007606
7,3,,quantum,precond_pen=1.300,1.3,True,0,8.4e-05,15.08264545,15.08264545
7,3,,quantum,precond_pen=1.300,1.3,True,1,0.001873,14.232644,14.232644
7,3,,quantum,precond_pen=1.300,1.3,True,2,0.001971,12.44007606,12.44007606
7,3,,quantum,precond_pen=1.400,1.4,True,0,9.1e-05,15.08264545,15.08264545
7,3,,quantum,precond_pen=1.400,1.4,True,1,0.00166,12.44007606,12.44007606
7,3,,quantum,precond_pen=1.500,1.5,True,0,8.4e-05,15.08264545,15.08264545
7,3,,quantum,precond_pen=1.500,1.5,True,1,0.001652,12.44007606,12.44007606
7,3,,quantum,precond_pen=1.600,1.6,True,0,8.5e-05,15.08264545,15.08264545
7,3,,quantum,precond_pen=1.600,1.6,True,1,0.00206,12.44007606,12.44007606
7,3,,quantum,precond_pen=1.700,1.7,True,0,0.000391,15.08264545,15.08264545
7,3,,quantum,precond_pen=1.700,1.7,True,1,0.00843,12.44007606,12.44007606
7,3,,quantum,precond_pen=1.800,1.8,True,0,0.00047,15.08264545,15.08264545
7,3,,quantum,precond_pen=1.800,1.8,True,1,0.009783,12.44007606,12.44007606
7,3,,quantum,precond_pen=1.900,1.9,True,0,0.000556,15.08264545,15.08264545
7,3,,quantum,precond_pen=1.900,1.9,True,1,0.010471,13.48004443,13.48004443
7,3,,quantum,precond_pen=1.900,1.9,True,2,0.010967,12.44007606,12.44007606
7,3,,quantum,precond_pen=2.000,2.0,True,0,0.000552,15.08264545,15.08264545
7,3,,quantum,precond_pen=2.000,2.0,True,1,0.010489,13.48004443,13.48004443
7,3,,quantum,precond_pen=2.000,2.0,True,2,0.010977,12.44007606,12.44007606
8,3,,quantum,baseline,,True,0,0.000143,16.09186913,16.09186913
8,3,,quantum,baseline,,True,1,0.003175,13.879276,13.879276
8,3,,quantum,baseline,,True,2,0.003286,11.29572031,11.29572031
8,3,,quantum,baseline,,True,3,0.006471,11.09698157,11.09698157
8,3,,quantum,precond_pen=1.100,1.1,True,0,9.2e-05,16.09186913,16.09186913
8,3,,quantum,precond_pen=1.100,1.1,True,1,0.001862,14.71384832,14.71384832
8,3,,quantum,precond_pen=1.100,1.1,True,2,0.002079,11.09698157,11.09698157
8,3,,quantum,precond_pen=1.200,1.2,True,0,8.6e-05,16.09186913,16.09186913
8,3,,quantum,precond_pen=1.200,1.2,True,1,0.001892,13.90092857,13.90092857
8,3,,quantum,precond_pen=1.200,1.2,True,2,0.002037,11.09698157,11.09698157
8,3,,quantum,precond_pen=1.300,1.3,True,0,0.000449,16.09186913,16.09186913
8,3,,quantum,precond_pen=1.300,1.3,True,1,0.002268,13.90092857,13.90092857
8,3,,quantum,precond_pen=1.300,1.3,True,2,0.002454,11.09698157,11.09698157
8,3,,quantum,precond_pen=1.400,1.4,True,0,8.4e-05,16.09186913,16.09186913
8,3,,quantum,precond_pen=1.400,1.4,True,1,0.001734,13.90092857,13.90092857
8,3,,quantum,precond_pen=1.400,1.4,True,2,0.001886,11.09698157,11.09698157
8,3,,quantum,precond_pen=1.400,1.4,True,3,0.001975,11.47431947,11.09698157
8,3,,quantum,precond_pen=1.500,1.5,True,0,0.000618,16.09186913,16.09186913
8,3,,quantum,precond_pen=1.500,1.5,True,1,0.009871,14.43892367,14.43892367
8,3,,quantum,precond_pen=1.500,1.5,True,2,0.010434,11.09698157,11.09698157
8,3,,quantum,precond_pen=1.600,1.6,True,0,0.000652,16.09186913,16.09186913
8,3,,quantum,precond_pen=1.600,1.6,True,1,0.009947,13.90092857,13.90092857
8,3,,quantum,precond_pen=1.600,1.6,True,2,0.011001,11.09698157,11.09698157
8,3,,quantum,precond_pen=1.700,1.7,True,0,0.000409,16.09186913,16.09186913
8,3,,quantum,precond_pen=1.700,1.7,True,1,0.008454,11.09698157,11.09698157
8,3,,quantum,precond_pen=1.700,1.7,True,2,0.009545,11.47431947,11.09698157
8,3,,quantum,precond_pen=1.800,1.8,True,0,0.000503,16.09186913,16.09186913
8,3,,quantum,precond_pen=1.800,1.8,True,1,0.003607,14.26204089,14.26204089
8,3,,quantum,precond_pen=1.800,1.8,True,2,0.003891,11.09698157,11.09698157
8,3,,quantum,precond_pen=1.900,1.9,True,0,0.000108,16.09186913,16.09186913
8,3,,quantum,precond_pen=1.900,1.9,True,1,0.002143,12.84420211,12.84420211
8,3,,quantum,precond_pen=1.900,1.9,True,2,0.00224,11.47431947,11.47431947
8,3,,quantum,precond_pen=2.000,2.0,True,0,8.4e-05,16.09186913,16.09186913
8,3,,quantum,precond_pen=2.000,2.0,True,1,0.001844,14.71384832,14.71384832
8,3,,quantum,precond_pen=2.000,2.0,True,2,0.002126,11.09698157,11.09698157
8,3,,quantum,precond_pen=2.000,2.0,True,3,0.002336,11.47431947,11.09698157
9,3,,quantum,baseline,,True,0,9.3e-05,18.30694408,18.30694408
9,3,,quantum,baseline,,True,1,0.002059,17.9176676,17.9176676
9,3,,quantum,precond_pen=1.100,1.1,True,0,9e-05,18.30694408,18.30694408
9,3,,quantum,precond_pen=1.100,1.1,True,1,0.001867,18.31342692,18.30694408
9,3,,quantum,precond_pen=1.100,1.1,True,2,0.002005,17.9176676,17.9176676
9,3,,quantum,precond_pen=1.200,1.2,True,0,9e-05,18.30694408,18.30694408
9,3,,quantum,precond_pen=1.200,1.2,True,1,0.001987,17.9176676,17.9176676
9,3,,quantum,precond_pen=1.300,1.3,True,0,8.9e-05,18.30694408,18.30694408
9,3,,quantum,precond_pen=1.300,1.3,True,1,0.001841,17.9176676,17.9176676
9,3,,quantum,precond_pen=1.400,1.4,True,0,0.000105,18.30694408,18.30694408
9,3,,quantum,precond_pen=1.400,1.4,True,1,0.00201,17.9176676,17.9176676
9,3,,quantum,precond_pen=1.500,1.5,True,0,9e-05,18.30694408,18.30694408
9,3,,quantum,precond_pen=1.500,1.5,True,1,0.001991,17.9176676,17.9176676
9,3,,quantum,precond_pen=1.600,1.6,True,0,0.000142,18.30694408,18.30694408
9,3,,quantum,precond_pen=1.600,1.6,True,1,0.004281,18.31342692,18.30694408
9,3,,quantum,precond_pen=1.600,1.6,True,2,0.004375,17.9176676,17.9176676
9,3,,quantum,precond_pen=1.700,1.7,True,0,0.00017,18.30694408,18.30694408
9,3,,quantum,precond_pen=1.700,1.7,True,1,0.005076,18.54596928,18.30694408
9,3,,quantum,precond_pen=1.700,1.7,True,2,0.005205,17.9176676,17.9176676
9,3,,quantum,precond_pen=1.800,1.8,True,0,0.000156,18.30694408,18.30694408
9,3,,quantum,precond_pen=1.800,1.8,True,1,0.00523,17.9176676,17.9176676
9,3,,quantum,precond_pen=1.900,1.9,True,0,0.000179,18.30694408,18.30694408
9,3,,quantum,precond_pen=1.900,1.9,True,1,0.00516,17.9176676,17.9176676
9,3,,quantum,precond_pen=2.000,2.0,True,0,0.000148,18.30694408,18.30694408
9,3,,quantum,precond_pen=2.000,2.0,True,1,0.004434,17.9176676,17.9176676
10,3,,quantum,baseline,,True,0,0.000189,17.91925848,17.91925848
10,3,,quantum,baseline,,True,1,0.005737,17.68334486,17.68334486
10,3,,quantum,baseline,,True,2,0.005831,15.42248292,15.42248292
10,3,,quantum,precond_pen=1.100,1.1,True,0,8.8e-05,17.91925848,17.91925848
10,3,,quantum,precond_pen=1.100,1.1,True,1,0.002485,15.42248292,15.42248292
10,3,,quantum,precond_pen=1.100,1.1,True,2,0.003675,15.89516939,15.42248292
10,3,,quantum,precond_pen=1.200,1.2,True,0,8.5e-05,17.91925848,17.91925848
10,3,,quantum,precond_pen=1.200,1.2,True,1,0.002063,17.62046163,17.62046163
10,3,,quantum,precond_pen=1.200,1.2,True,2,0.002241,16.77565872,16.77565872
10,3,,quantum,precond_pen=1.200,1.2,True,3,0.002377,15.42248292,15.42248292
10,3,,quantum,precond_pen=1.300,1.3,True,0,8.6e-05,17.91925848,17.91925848
10,3,,quantum,precond_pen=1.300,1.3,True,1,0.001948,17.62046163,17.62046163
10,3,,quantum,precond_pen=1.300,1.3,True,2,0.00213,16.77565872,16.77565872
10,3,,quantum,precond_pen=1.300,1.3,True,3,0.002278,15.42248292,15.42248292
10,3,,quantum,precond_pen=1.400,1.4,True,0,8.4e-05,17.91925848,17.91925848
10,3,,quantum,precond_pen=1.400,1.4,True,1,0.001845,18.09982335,17.91925848
10,3,,quantum,precond_pen=1.400,1.4,True,2,0.002058,17.68334486,17.68334486
10,3,,quantum,precond_pen=1.400,1.4,True,3,0.002199,15.74087981,15.74087981
10,3,,quantum,precond_pen=1.400,1.4,True,4,0.002268,15.89516939,15.74087981
10,3,,quantum,precond_pen=1.500,1.5,True,0,8.4e-05,17.91925848,17.91925848
10,3,,quantum,precond_pen=1.500,1.5,True,1,0.00197,17.62046163,17.62046163
10,3,,quantum,precond_pen=1.500,1.5,True,2,0.002165,16.77565872,16.77565872
10,3,,quantum,precond_pen=1.500,1.5,True,3,0.00231,15.42248292,15.42248292
10,3,,quantum,precond_pen=1.600,1.6,True,0,8.5e-05,17.91925848,17.91925848
10,3,,quantum,precond_pen=1.600,1.6,True,1,0.00194,15.74087981,15.74087981
10,3,,quantum,precond_pen=1.600,1.6,True,2,0.002007,15.65153141,15.65153141
10,3,,quantum,precond_pen=1.700,1.7,True,0,8.8e-05,17.91925848,17.91925848
10,3,,quantum,precond_pen=1.700,1.7,True,1,0.003147,15.99274812,15.99274812
10,3,,quantum,precond_pen=1.700,1.7,True,2,0.0034,15.42248292,15.42248292
10,3,,quantum,precond_pen=1.700,1.7,True,3,0.003544,15.65153141,15.42248292
10,3,,quantum,precond_pen=1.800,1.8,True,0,0.000128,17.91925848,17.91925848
10,3,,quantum,precond_pen=1.800,1.8,True,1,0.004067,17.62046163,17.62046163
10,3,,quantum,precond_pen=1.800,1.8,True,2,0.004332,17.68334486,17.62046163
10,3,,quantum,precond_pen=1.800,1.8,True,3,0.004486,16.77565872,16.77565872
10,3,,quantum,precond_pen=1.800,1.8,True,4,0.004561,15.89516939,15.89516939
10,3,,quantum,precond_pen=1.800,1.8,True,5,0.006685,15.42248292,15.42248292
10,3,,quantum,precond_pen=1.900,1.9,True,0,0.000119,17.91925848,17.91925848
10,3,,quantum,precond_pen=1.900,1.9,True,1,0.003965,17.62046163,17.62046163
10,3,,quantum,precond_pen=1.900,1.9,True,2,0.004218,17.68334486,17.62046163
10,3,,quantum,precond_pen=1.900,1.9,True,3,0.004453,15.42248292,15.42248292
10,3,,quantum,precond_pen=1.900,1.9,True,4,0.008279,15.89516939,15.42248292
10,3,,quantum,precond_pen=2.000,2.0,True,0,0.000111,17.91925848,17.91925848
10,3,,quantum,precond_pen=2.000,2.0,True,1,0.004039,17.62046163,17.62046163
10,3,,quantum,precond_pen=2.000,2.0,True,2,0.004286,17.68334486,17.62046163
10,3,,quantum,precond_pen=2.000,2.0,True,3,0.004441,16.77565872,16.77565872
10,3,,quantum,precond_pen=2.000,2.0,True,4,0.004516,15.89516939,15.89516939
11,3,,quantum,baseline,,True,0,0.000116,16.00068351,16.00068351
11,3,,quantum,baseline,,True,1,0.004099,12.5224525,12.5224525
11,3,,quantum,precond_pen=1.100,1.1,True,0,0.000195,16.00068351,16.00068351
11,3,,quantum,precond_pen=1.100,1.1,True,1,0.005808,14.75666504,14.75666504
11,3,,quantum,precond_pen=1.100,1.1,True,2,0.006061,13.8464408,13.8464408
11,3,,quantum,precond_pen=1.100,1.1,True,3,0.006187,12.5224525,12.5224525
11,3,,quantum,precond_pen=1.200,1.2,True,0,9.2e-05,16.00068351,16.00068351
11,3,,quantum,precond_pen=1.200,1.2,True,1,0.002312,14.67402066,14.67402066
11,3,,quantum,precond_pen=1.200,1.2,True,2,0.002389,12.5224525,12.5224525
11,3,,quantum,precond_pen=1.300,1.3,True,0,8.9e-05,16.00068351,16.00068351
11,3,,quantum,precond_pen=1.300,1.3,True,1,0.00186,14.75666504,14.75666504
11,3,,quantum,precond_pen=1.300,1.3,True,2,0.002028,13.8464408,13.8464408
11,3,,quantum,precond_pen=1.300,1.3,True,3,0.002137,12.5224525,12.5224525
11,3,,quantum,precond_pen=1.400,1.4,True,0,0.000127,16.00068351,16.00068351
11,3,,quantum,precond_pen=1.400,1.4,True,1,0.002187,12.73968465,12.73968465
11,3,,quantum,precond_pen=1.400,1.4,True,2,0.002293,12.5224525,12.5224525
11,3,,quantum,precond_pen=1.500,1.5,True,0,8.4e-05,16.00068351,16.00068351
11,3,,quantum,precond_pen=1.500,1.5,True,1,0.002177,16.04523454,16.00068351
11,3,,quantum,precond_pen=1.500,1.5,True,2,0.003019,13.8464408,13.8464408
11,3,,quantum,precond_pen=1.500,1.5,True,3,0.003196,12.73968465,12.73968465
11,3,,quantum,precond_pen=1.600,1.6,True,0,8.4e-05,16.00068351,16.00068351
11,3,,quantum,precond_pen=1.600,1.6,True,1,0.001841,12.73968465,12.73968465
11,3,,quantum,precond_pen=1.600,1.6,True,2,0.001951,12.5224525,12.5224525
11,3,,quantum,precond_pen=1.700,1.7,True,0,0.000131,16.00068351,16.00068351
11,3,,quantum,precond_pen=1.700,1.7,True,1,0.002173,14.82936818,14.82936818
11,3,,quantum,precond_pen=1.700,1.7,True,2,0.002272,12.5224525,12.5224525
11,3,,quantum,precond_pen=1.800,1.8,True,0,8.5e-05,16.00068351,16.00068351
11,3,,quantum,precond_pen=1.800,1.8,True,1,0.003006,13.71448153,13.71448153
11,3,,quantum,precond_pen=1.800,1.8,True,2,0.003145,12.73968465,12.73968465
11,3,,quantum,precond_pen=1.900,1.9,True,0,0.000135,16.00068351,16.00068351
11,3,,quantum,precond_pen=1.900,1.9,True,1,0.004173,14.75666504,14.75666504
11,3,,quantum,precond_pen=1.900,1.9,True,2,0.00443,14.82936818,14.75666504
11,3,,quantum,precond_pen=1.900,1.9,True,3,0.004562,12.73968465,12.73968465
11,3,,quantum,precond_pen=1.900,1.9,True,4,0.004635,12.5224525,12.5224525
11,3,,quantum,precond_pen=2.000,2.0,True,0,0.000112,16.00068351,16.00068351
11,3,,quantum,precond_pen=2.000,2.0,True,1,0.004366,13.71448153,13.71448153
11,3,,quantum,precond_pen=2.000,2.0,True,2,0.004532,12.5224525,12.5224525
12,3,,quantum,baseline,,True,0,0.000165,14.53881706,14.53881706
12,3,,quantum,baseline,,True,1,0.005355,12.29532047,12.29532047
12,3,,quantum,precond_pen=1.100,1.1,True,0,0.000208,14.53881706,14.53881706
12,3,,quantum,precond_pen=1.100,1.1,True,1,0.005665,12.29532047,12.29532047
12,3,,quantum,precond_pen=1.200,1.2,True,0,0.000158,14.53881706,14.53881706
12,3,,quantum,precond_pen=1.200,1.2,True,1,0.004685,12.33953765,12.33953765
12,3,,quantum,precond_pen=1.200,1.2,True,2,0.004934,12.29532047,12.29532047
12,3,,quantum,precond_pen=1.300,1.3,True,0,0.00018,14.53881706,14.53881706
12,3,,quantum,precond_pen=1.300,1.3,True,1,0.00311,14.0177216,14.0177216
12,3,,quantum,precond_pen=1.300,1.3,True,2,0.003239,14.75231933,14.0177216
12,3,,quantum,precond_pen=1.300,1.3,True,3,0.003343,12.29532047,12.29532047
12,3,,quantum,precond_pen=1.400,1.4,True,0,9.6e-05,14.53881706,14.53881706
12,3,,quantum,precond_pen=1.400,1.4,True,1,0.002156,14.75231933,14.53881706
12,3,,quantum,precond_pen=1.400,1.4,True,2,0.002226,12.33953765,12.33953765
12,3,,quantum,precond_pen=1.500,1.5,True,0,9.7e-05,14.53881706,14.53881706
12,3,,quantum,precond_pen=1.500,1.5,True,1,0.002049,14.0177216,14.0177216
12,3,,quantum,precond_pen=1.500,1.5,True,2,0.002214,12.29532047,12.29532047
12,3,,quantum,precond_pen=1.600,1.6,True,0,8.9e-05,14.53881706,14.53881706
12,3,,quantum,precond_pen=1.600,1.6,True,1,0.001961,12.33953765,12.33953765
12,3,,quantum,precond_pen=1.600,1.6,True,2,0.002092,12.29532047,12.29532047
12,3,,quantum,precond_pen=1.700,1.7,True,0,9.1e-05,14.53881706,14.53881706
12,3,,quantum,precond_pen=1.700,1.7,True,1,0.00181,14.0177216,14.0177216
12,3,,quantum,precond_pen=1.700,1.7,True,2,0.001919,12.29532047,12.29532047
12,3,,quantum,precond_pen=1.800,1.8,True,0,9.3e-05,14.53881706,14.53881706
12,3,,quantum,precond_pen=1.800,1.8,True,1,0.001754,14.0177216,14.0177216
12,3,,quantum,precond_pen=1.800,1.8,True,2,0.001864,12.29532047,12.29532047
12,3,,quantum,precond_pen=1.900,1.9,True,0,9.3e-05,14.53881706,14.53881706
12,3,,quantum,precond_pen=1.900,1.9,True,1,0.00191,14.0177216,14.0177216
12,3,,quantum,precond_pen=1.900,1.9,True,2,0.002056,14.75231933,14.0177216
12,3,,quantum,precond_pen=1.900,1.9,True,3,0.002203,12.29532047,12.29532047
12,3,,quantum,precond_pen=2.000,2.0,True,0,9e-05,14.53881706,14.53881706
12,3,,quantum,precond_pen=2.000,2.0,True,1,0.001861,14.0177216,14.0177216
12,3,,quantum,precond_pen=2.000,2.0,True,2,0.002011,12.29532047,12.29532047
13,3,,quantum,baseline,,True,0,0.000109,16.52827683,16.52827683
13,3,,quantum,baseline,,True,1,0.003206,15.41906899,15.41906899
13,3,,quantum,precond_pen=1.100,1.1,True,0,0.000139,16.52827683,16.52827683
13,3,,quantum,precond_pen=1.100,1.1,True,1,0.004295,16.29449265,16.29449265
13,3,,quantum,precond_pen=1.100,1.1,True,2,0.004504,15.41906899,15.41906899
13,3,,quantum,precond_pen=1.200,1.2,True,0,0.000135,16.52827683,16.52827683
13,3,,quantum,precond_pen=1.200,1.2,True,1,0.003988,16.29449265,16.29449265
13,3,,quantum,precond_pen=1.200,1.2,True,2,0.004171,15.838989,15.838989
13,3,,quantum,precond_pen=1.200,1.2,True,3,0.004265,15.41906899,15.41906899
13,3,,quantum,precond_pen=1.300,1.3,True,0,0.000145,16.52827683,16.52827683
13,3,,quantum,precond_pen=1.300,1.3,True,1,0.004553,16.29449265,16.29449265
13,3,,quantum,precond_pen=1.300,1.3,True,2,0.004773,15.838989,15.838989
13,3,,quantum,precond_pen=1.300,1.3,True,3,0.004857,15.41906899,15.41906899
13,3,,quantum,precond_pen=1.400,1.4,True,0,0.000117,16.52827683,16.52827683
13,3,,quantum,precond_pen=1.400,1.4,True,1,0.00397,16.29449265,16.29449265
13,3,,quantum,precond_pen=1.400,1.4,True,2,0.004118,15.41906899,15.41906899
13,3,,quantum,precond_pen=1.500,1.5,True,0,0.000165,16.52827683,16.52827683
13,3,,quantum,precond_pen=1.500,1.5,True,1,0.004351,16.29449265,16.29449265
13,3,,quantum,precond_pen=1.500,1.5,True,2,0.004718,15.838989,15.838989
13,3,,quantum,precond_pen=1.500,1.5,True,3,0.004908,15.41906899,15.41906899
13,3,,quantum,precond_pen=1.600,1.6,True,0,0.000118,16.52827683,16.52827683
13,3,,quantum,precond_pen=1.600,1.6,True,1,0.002719,16.29449265,16.29449265
13,3,,quantum,precond_pen=1.600,1.6,True,2,0.002919,15.838989,15.838989
13,3,,quantum,precond_pen=1.600,1.6,True,3,0.003009,15.41906899,15.41906899
13,3,,quantum,precond_pen=1.700,1.7,True,0,9.2e-05,16.52827683,16.52827683
13,3,,quantum,precond_pen=1.700,1.7,True,1,0.002012,16.29449265,16.29449265
13,3,,quantum,precond_pen=1.700,1.7,True,2,0.002245,15.838989,15.838989
13,3,,quantum,precond_pen=1.700,1.7,True,3,0.002323,15.41906899,15.41906899
13,3,,quantum,precond_pen=1.800,1.8,True,0,9.2e-05,16.52827683,16.52827683
13,3,,quantum,precond_pen=1.800,1.8,True,1,0.001869,16.29449265,16.29449265
13,3,,quantum,precond_pen=1.800,1.8,True,2,0.001968,15.80246155,15.80246155
13,3,,quantum,precond_pen=1.800,1.8,True,3,0.003141,15.41906899,15.41906899
13,3,,quantum,precond_pen=1.900,1.9,True,0,9.1e-05,16.52827683,16.52827683
13,3,,quantum,precond_pen=1.900,1.9,True,1,0.002075,15.41906899,15.41906899
13,3,,quantum,precond_pen=2.000,2.0,True,0,9.2e-05,16.52827683,16.52827683
13,3,,quantum,precond_pen=2.000,2.0,True,1,0.00178,15.63190074,15.63190074
13,3,,quantum,precond_pen=2.000,2.0,True,2,0.002009,15.41906899,15.41906899
14,3,,quantum,baseline,,True,0,9.1e-05,18.50126476,18.50126476
14,3,,quantum,baseline,,True,1,0.002228,15.34412757,15.34412757
14,3,,quantum,precond_pen=1.100,1.1,True,0,9e-05,18.50126476,18.50126476
14,3,,quantum,precond_pen=1.100,1.1,True,1,0.002399,15.34412757,15.34412757
14,3,,quantum,precond_pen=1.200,1.2,True,0,0.000129,18.50126476,18.50126476
14,3,,quantum,precond_pen=1.200,1.2,True,1,0.00377,15.34412757,15.34412757
14,3,,quantum,precond_pen=1.300,1.3,True,0,0.000113,18.50126476,18.50126476
14,3,,quantum,precond_pen=1.300,1.3,True,1,0.003415,17.15023662,17.15023662
14,3,,quantum,precond_pen=1.300,1.3,True,2,0.003814,15.34412757,15.34412757
14,3,,quantum,precond_pen=1.400,1.4,True,0,0.000136,18.50126476,18.50126476
14,3,,quantum,precond_pen=1.400,1.4,True,1,0.003597,17.15023662,17.15023662
14,3,,quantum,precond_pen=1.400,1.4,True,2,0.003963,15.34412757,15.34412757
14,3,,quantum,precond_pen=1.500,1.5,True,0,0.000113,18.50126476,18.50126476
14,3,,quantum,precond_pen=1.500,1.5,True,1,0.00374,17.15023662,17.15023662
14,3,,quantum,precond_pen=1.500,1.5,True,2,0.004174,15.34412757,15.34412757
14,3,,quantum,precond_pen=1.600,1.6,True,0,0.000151,18.50126476,18.50126476
14,3,,quantum,precond_pen=1.600,1.6,True,1,0.004495,17.15023662,17.15023662
14,3,,quantum,precond_pen=1.600,1.6,True,2,0.00484,15.34412757,15.34412757
14,3,,quantum,precond_pen=1.700,1.7,True,0,0.000162,18.50126476,18.50126476
14,3,,quantum,precond_pen=1.700,1.7,True,1,0.004594,15.34412757,15.34412757
14,3,,quantum,precond_pen=1.700,1.7,True,2,0.004737,15.43719312,15.34412757
14,3,,quantum,precond_pen=1.800,1.8,True,0,0.000182,18.50126476,18.50126476
14,3,,quantum,precond_pen=1.800,1.8,True,1,0.003957,17.15023662,17.15023662
14,3,,quantum,precond_pen=1.800,1.8,True,2,0.004151,15.34412757,15.34412757
14,3,,quantum,precond_pen=1.800,1.8,True,3,0.004279,15.43719312,15.34412757
14,3,,quantum,precond_pen=1.900,1.9,True,0,9.1e-05,18.50126476,18.50126476
14,3,,quantum,precond_pen=1.900,1.9,True,1,0.002134,17.15023662,17.15023662
14,3,,quantum,precond_pen=1.900,1.9,True,2,0.002329,15.34412757,15.34412757
14,3,,quantum,precond_pen=2.000,2.0,True,0,9.3e-05,18.50126476,18.50126476
14,3,,quantum,precond_pen=2.000,2.0,True,1,0.001899,15.43719312,15.43719312
15,3,,quantum,baseline,,True,0,0.000117,17.77094583,17.77094583
15,3,,quantum,baseline,,True,1,0.002115,14.4249633,14.4249633
15,3,,quantum,precond_pen=1.100,1.1,True,0,0.000102,17.77094583,17.77094583
15,3,,quantum,precond_pen=1.100,1.1,True,1,0.001946,14.4249633,14.4249633
15,3,,quantum,precond_pen=1.200,1.2,True,0,9.5e-05,17.77094583,17.77094583
15,3,,quantum,precond_pen=1.200,1.2,True,1,0.001969,14.4249633,14.4249633
15,3,,quantum,precond_pen=1.300,1.3,True,0,9.9e-05,17.77094583,17.77094583
15,3,,quantum,precond_pen=1.300,1.3,True,1,0.001694,14.4249633,14.4249633
15,3,,quantum,precond_pen=1.400,1.4,True,0,9.6e-05,17.77094583,17.77094583
15,3,,quantum,precond_pen=1.400,1.4,True,1,0.002481,14.4249633,14.4249633
15,3,,quantum,precond_pen=1.500,1.5,True,0,0.000127,17.77094583,17.77094583
15,3,,quantum,precond_pen=1.500,1.5,True,1,0.002782,14.4249633,14.4249633
15,3,,quantum,precond_pen=1.600,1.6,True,0,0.000135,17.77094583,17.77094583
15,3,,quantum,precond_pen=1.600,1.6,True,1,0.002791,14.4249633,14.4249633
15,3,,quantum,precond_pen=1.700,1.7,True,0,0.000112,17.77094583,17.77094583
15,3,,quantum,precond_pen=1.700,1.7,True,1,0.002544,14.4249633,14.4249633
15,3,,quantum,precond_pen=1.800,1.8,True,0,0.000113,17.77094583,17.77094583
15,3,,quantum,precond_pen=1.800,1.8,True,1,0.002616,14.4249633,14.4249633
15,3,,quantum,precond_pen=1.900,1.9,True,0,0.000109,17.77094583,17.77094583
15,3,,quantum,precond_pen=1.900,1.9,True,1,0.002621,14.4249633,14.4249633
15,3,,quantum,precond_pen=2.000,2.0,True,0,0.000114,17.77094583,17.77094583
15,3,,quantum,precond_pen=2.000,2.0,True,1,0.002432,14.4249633,14.4249633
16,3,,quantum,baseline,,True,0,0.000112,16.80427826,16.80427826
16,3,,quantum,baseline,,True,1,0.003344,15.01231179,15.01231179
16,3,,quantum,baseline,,True,2,0.003585,12.88082767,12.88082767
16,3,,quantum,precond_pen=1.100,1.1,True,0,0.000122,16.80427826,16.80427826
16,3,,quantum,precond_pen=1.100,1.1,True,1,0.002968,13.85456384,13.85456384
16,3,,quantum,precond_pen=1.100,1.1,True,2,0.003086,12.88082767,12.88082767
16,3,,quantum,precond_pen=1.200,1.2,True,0,0.00013,16.80427826,16.80427826
16,3,,quantum,precond_pen=1.200,1.2,True,1,0.003025,15.46416508,15.46416508
16,3,,quantum,precond_pen=1.200,1.2,True,2,0.003261,13.39432491,13.39432491
16,3,,quantum,precond_pen=1.200,1.2,True,3,0.00348,13.03001998,13.03001998
16,3,,quantum,precond_pen=1.200,1.2,True,4,0.003603,12.88082767,12.88082767
16,3,,quantum,precond_pen=1.300,1.3,True,0,0.000121,16.80427826,16.80427826
16,3,,quantum,precond_pen=1.300,1.3,True,1,0.003077,13.03001998,13.03001998
16,3,,quantum,precond_pen=1.300,1.3,True,2,0.003227,12.88082767,12.88082767
16,3,,quantum,precond_pen=1.400,1.4,True,0,0.00014,16.80427826,16.80427826
16,3,,quantum,precond_pen=1.400,1.4,True,1,0.002763,16.17003597,16.17003597
16,3,,quantum,precond_pen=1.400,1.4,True,2,0.002882,13.39432491,13.39432491
16,3,,quantum,precond_pen=1.400,1.4,True,3,0.003012,13.03001998,13.03001998
16,3,,quantum,precond_pen=1.400,1.4,True,4,0.003085,12.88082767,12.88082767
16,3,,quantum,precond_pen=1.500,1.5,True,0,0.000104,16.80427826,16.80427826
16,3,,quantum,precond_pen=1.500,1.5,True,1,0.002025,16.17003597,16.17003597
16,3,,quantum,precond_pen=1.500,1.5,True,2,0.002124,13.39432491,13.39432491
16,3,,quantum,precond_pen=1.500,1.5,True,3,0.00223,13.03001998,13.03001998
16,3,,quantum,precond_pen=1.500,1.5,True,4,0.002293,12.88082767,12.88082767
16,3,,quantum,precond_pen=1.600,1.6,True,0,0.00011,16.80427826,16.80427826
16,3,,quantum,precond_pen=1.600,1.6,True,1,0.002097,14.32424806,14.32424806
16,3,,quantum,precond_pen=1.600,1.6,True,2,0.002285,13.82937848,13.82937848
16,3,,quantum,precond_pen=1.600,1.6,True,3,0.002493,13.85456384,13.82937848
16,3,,quantum,precond_pen=1.600,1.6,True,4,0.002582,12.88082767,12.88082767
16,3,,quantum,precond_pen=1.700,1.7,True,0,0.0001,16.80427826,16.80427826
16,3,,quantum,precond_pen=1.700,1.7,True,1,0.00202,13.82937848,13.82937848
16,3,,quantum,precond_pen=1.700,1.7,True,2,0.002142,13.39432491,13.39432491
16,3,,quantum,precond_pen=1.700,1.7,True,3,0.002259,12.88082767,12.88082767
16,3,,quantum,precond_pen=1.800,1.8,True,0,9.7e-05,16.80427826,16.80427826
16,3,,quantum,precond_pen=1.800,1.8,True,1,0.001936,16.17003597,16.17003597
16,3,,quantum,precond_pen=1.800,1.8,True,2,0.002068,13.39432491,13.39432491
16,3,,quantum,precond_pen=1.800,1.8,True,3,0.002199,12.88082767,12.88082767
16,3,,quantum,precond_pen=1.900,1.9,True,0,9.6e-05,16.80427826,16.80427826
16,3,,quantum,precond_pen=1.900,1.9,True,1,0.001975,14.32424806,14.32424806
16,3,,quantum,precond_pen=1.900,1.9,True,2,0.00215,13.82937848,13.82937848
16,3,,quantum,precond_pen=1.900,1.9,True,3,0.002342,13.85456384,13.82937848
16,3,,quantum,precond_pen=1.900,1.9,True,4,0.002426,12.88082767,12.88082767
16,3,,quantum,precond_pen=2.000,2.0,True,0,9.8e-05,16.80427826,16.80427826
16,3,,quantum,precond_pen=2.000,2.0,True,1,0.001846,14.32424806,14.32424806
16,3,,quantum,precond_pen=2.000,2.0,True,2,0.001941,13.39432491,13.39432491
16,3,,quantum,precond_pen=2.000,2.0,True,3,0.002038,13.22720942,13.22720942
16,3,,quantum,precond_pen=2.000,2.0,True,4,0.002096,12.88082767,12.88082767
17,3,,quantum,baseline,,True,0,9.6e-05,10.42623514,10.42623514
17,3,,quantum,precond_pen=1.100,1.1,True,0,9.7e-05,10.42623514,10.42623514
17,3,,quantum,precond_pen=1.200,1.2,True,0,0.000115,10.42623514,10.42623514
17,3,,quantum,precond_pen=1.300,1.3,True,0,0.000111,10.42623514,10.42623514
17,3,,quantum,precond_pen=1.400,1.4,True,0,0.000112,10.42623514,10.42623514
17,3,,quantum,precond_pen=1.500,1.5,True,0,0.000169,10.42623514,10.42623514
17,3,,quantum,precond_pen=1.600,1.6,True,0,0.00017,10.42623514,10.42623514
17,3,,quantum,precond_pen=1.700,1.7,True,0,0.000164,10.42623514,10.42623514
17,3,,quantum,precond_pen=1.800,1.8,True,0,0.000175,10.42623514,10.42623514
17,3,,quantum,precond_pen=1.900,1.9,True,0,0.000173,10.42623514,10.42623514
17,3,,quantum,precond_pen=2.000,2.0,True,0,0.000165,10.42623514,10.42623514
18,3,,quantum,baseline,,True,0,0.000167,17.47990394,17.47990394
18,3,,quantum,baseline,,True,1,0.003561,14.29263424,14.29263424
18,3,,quantum,baseline,,True,2,0.003757,14.1110848,14.1110848
18,3,,quantum,precond_pen=1.100,1.1,True,0,0.000163,17.47990394,17.47990394
18,3,,quantum,precond_pen=1.100,1.1,True,1,0.003062,17.07767944,17.07767944
18,3,,quantum,precond_pen=1.100,1.1,True,2,0.003478,14.29263424,14.29263424
18,3,,quantum,precond_pen=1.100,1.1,True,3,0.003657,14.1110848,14.1110848
18,3,,quantum,precond_pen=1.200,1.2,True,0,0.000141,17.47990394,17.47990394
18,3,,quantum,precond_pen=1.200,1.2,True,1,0.002478,17.07767944,17.07767944
18,3,,quantum,precond_pen=1.200,1.2,True,2,0.002645,14.29263424,14.29263424
18,3,,quantum,precond_pen=1.200,1.2,True,3,0.002775,14.1110848,14.1110848
18,3,,quantum,precond_pen=1.300,1.3,True,0,0.000142,17.47990394,17.47990394
18,3,,quantum,precond_pen=1.300,1.3,True,1,0.002555,15.81398467,15.81398467
18,3,,quantum,precond_pen=1.300,1.3,True,2,0.002662,14.1110848,14.1110848
18,3,,quantum,precond_pen=1.400,1.4,True,0,0.000141,17.47990394,17.47990394
18,3,,quantum,precond_pen=1.400,1.4,True,1,0.002359,14.27364514,14.27364514
18,3,,quantum,precond_pen=1.400,1.4,True,2,0.002544,14.29263424,14.27364514
18,3,,quantum,precond_pen=1.400,1.4,True,3,0.00266,14.1110848,14.1110848
18,3,,quantum,precond_pen=1.500,1.5,True,0,0.000139,17.47990394,17.47990394
18,3,,quantum,precond_pen=1.500,1.5,True,1,0.002368,17.07767944,17.07767944
18,3,,quantum,precond_pen=1.500,1.5,True,2,0.002658,14.29263424,14.29263424
18,3,,quantum,precond_pen=1.500,1.5,True,3,0.002851,14.1110848,14.1110848
18,3,,quantum,precond_pen=1.600,1.6,True,0,0.000141,17.47990394,17.47990394
18,3,,quantum,precond_pen=1.600,1.6,True,1,0.002323,14.29263424,14.29263424
18,3,,quantum,precond_pen=1.600,1.6,True,2,0.002464,14.1110848,14.1110848
18,3,,quantum,precond_pen=1.600,1.6,True,3,0.00425,14.57174621,14.1110848
18,3,,quantum,precond_pen=1.700,1.7,True,0,0.000142,17.47990394,17.47990394
18,3,,quantum,precond_pen=1.700,1.7,True,1,0.002329,16.17224039,16.17224039
18,3,,quantum,precond_pen=1.700,1.7,True,2,0.002637,14.29263424,14.29263424
18,3,,quantum,precond_pen=1.700,1.7,True,3,0.0028,14.1110848,14.1110848
18,3,,quantum,precond_pen=1.800,1.8,True,0,0.000159,17.47990394,17.47990394
18,3,,quantum,precond_pen=1.800,1.8,True,1,0.003134,14.27364514,14.27364514
18,3,,quantum,precond_pen=1.800,1.8,True,2,0.003339,14.1110848,14.1110848
18,3,,quantum,precond_pen=1.900,1.9,True,0,0.000117,17.47990394,17.47990394
18,3,,quantum,precond_pen=1.900,1.9,True,1,0.001794,20.7440392,17.47990394
18,3,,quantum,precond_pen=1.900,1.9,True,2,0.001936,17.98354253,17.47990394
18,3,,quantum,precond_pen=1.900,1.9,True,3,0.002054,15.87263589,15.87263589
18,3,,quantum,precond_pen=1.900,1.9,True,4,0.002128,14.57174621,14.57174621
18,3,,quantum,precond_pen=2.000,2.0,True,0,0.000189,17.47990394,17.47990394
18,3,,quantum,precond_pen=2.000,2.0,True,1,0.002962,14.29263424,14.29263424
18,3,,quantum,precond_pen=2.000,2.0,True,2,0.003102,14.1110848,14.1110848
18,3,,quantum,precond_pen=2.000,2.0,True,3,0.004838,14.57174621,14.1110848
19,3,,quantum,baseline,,True,0,0.000157,16.94086439,16.94086439
19,3,,quantum,baseline,,True,1,0.003006,16.7626142,16.7626142
19,3,,quantum,baseline,,True,2,0.003101,13.54487307,13.54487307
19,3,,quantum,precond_pen=1.100,1.1,True,0,0.000158,16.94086439,16.94086439
19,3,,quantum,precond_pen=1.100,1.1,True,1,0.002826,18.8585377,16.94086439
19,3,,quantum,precond_pen=1.100,1.1,True,2,0.003147,15.03137637,15.03137637
19,3,,quantum,precond_pen=1.100,1.1,True,3,0.003318,13.54487307,13.54487307
19,3,,quantum,precond_pen=1.200,1.2,True,0,0.000174,16.94086439,16.94086439
19,3,,quantum,precond_pen=1.200,1.2,True,1,0.002957,15.78577199,15.78577199
19,3,,quantum,precond_pen=1.200,1.2,True,2,0.003068,13.54487307,13.54487307
19,3,,quantum,precond_pen=1.300,1.3,True,0,0.000179,16.94086439,16.94086439
19,3,,quantum,precond_pen=1.300,1.3,True,1,0.002972,16.6818254,16.6818254
19,3,,quantum,precond_pen=1.300,1.3,True,2,0.00331,15.03137637,15.03137637
19,3,,quantum,precond_pen=1.300,1.3,True,3,0.003497,13.54487307,13.54487307
19,3,,quantum,precond_pen=1.400,1.4,True,0,0.000167,16.94086439,16.94086439
19,3,,quantum,precond_pen=1.400,1.4,True,1,0.002975,16.6818254,16.6818254
19,3,,quantum,precond_pen=1.400,1.4,True,2,0.003321,15.03137637,15.03137637
19,3,,quantum,precond_pen=1.400,1.4,True,3,0.00349,13.54487307,13.54487307
19,3,,quantum,precond_pen=1.500,1.5,True,0,0.00015,16.94086439,16.94086439
19,3,,quantum,precond_pen=1.500,1.5,True,1,0.003117,15.03137637,15.03137637
19,3,,quantum,precond_pen=1.500,1.5,True,2,0.00328,13.54487307,13.54487307
19,3,,quantum,precond_pen=1.600,1.6,True,0,0.000162,16.94086439,16.94086439
19,3,,quantum,precond_pen=1.600,1.6,True,1,0.003102,15.65618377,15.65618377
19,3,,quantum,precond_pen=1.600,1.6,True,2,0.003323,15.03137637,15.03137637
19,3,,quantum,precond_pen=1.600,1.6,True,3,0.003441,13.54487307,13.54487307
19,3,,quantum,precond_pen=1.700,1.7,True,0,0.000176,16.94086439,16.94086439
19,3,,quantum,precond_pen=1.700,1.7,True,1,0.00278,16.6818254,16.6818254
19,3,,quantum,precond_pen=1.700,1.7,True,2,0.002995,15.03137637,15.03137637
19,3,,quantum,precond_pen=1.700,1.7,True,3,0.003113,13.54487307,13.54487307
19,3,,quantum,precond_pen=1.800,1.8,True,0,0.000138,16.94086439,16.94086439
19,3,,quantum,precond_pen=1.800,1.8,True,1,0.002445,16.7626142,16.7626142
19,3,,quantum,precond_pen=1.800,1.8,True,2,0.002755,15.03137637,15.03137637
19,3,,quantum,precond_pen=1.800,1.8,True,3,0.002918,13.54487307,13.54487307
19,3,,quantum,precond_pen=1.900,1.9,True,0,0.000128,16.94086439,16.94086439
19,3,,quantum,precond_pen=1.900,1.9,True,1,0.002441,15.03137637,15.03137637
19,3,,quantum,precond_pen=1.900,1.9,True,2,0.002577,13.54487307,13.54487307
19,3,,quantum,precond_pen=2.000,2.0,True,0,0.000127,16.94086439,16.94086439
19,3,,quantum,precond_pen=2.000,2.0,True,1,0.002874,16.6818254,16.6818254
19,3,,quantum,precond_pen=2.000,2.0,True,2,0.003207,15.03137637,15.03137637
19,3,,quantum,precond_pen=2.000,2.0,True,3,0.00337,13.54487307,13.54487307
20,3,,quantum,baseline,,True,0,8.9e-05,11.89345458,11.89345458
20,3,,quantum,baseline,,True,1,0.002139,10.38957541,10.38957541
20,3,,quantum,baseline,,True,2,0.002257,9.60851277,9.60851277
20,3,,quantum,precond_pen=1.100,1.1,True,0,8.6e-05,11.89345458,11.89345458
20,3,,quantum,precond_pen=1.100,1.1,True,1,0.001944,11.37549991,11.37549991
20,3,,quantum,precond_pen=1.100,1.1,True,2,0.002008,9.60851277,9.60851277
20,3,,quantum,precond_pen=1.200,1.2,True,0,8.3e-05,11.89345458,11.89345458
20,3,,quantum,precond_pen=1.200,1.2,True,1,0.001943,10.38957541,10.38957541
20,3,,quantum,precond_pen=1.200,1.2,True,2,0.002059,9.60851277,9.60851277
20,3,,quantum,precond_pen=1.300,1.3,True,0,8.5e-05,11.89345458,11.89345458
20,3,,quantum,precond_pen=1.300,1.3,True,1,0.001787,10.38957541,10.38957541
20,3,,quantum,precond_pen=1.300,1.3,True,2,0.00189,9.60851277,9.60851277
20,3,,quantum,precond_pen=1.400,1.4,True,0,8.5e-05,11.89345458,11.89345458
20,3,,quantum,precond_pen=1.400,1.4,True,1,0.0018,10.38957541,10.38957541
20,3,,quantum,precond_pen=1.400,1.4,True,2,0.001946,9.60851277,9.60851277
20,3,,quantum,precond_pen=1.500,1.5,True,0,8.5e-05,11.89345458,11.89345458
20,3,,quantum,precond_pen=1.500,1.5,True,1,0.001767,10.38957541,10.38957541
20,3,,quantum,precond_pen=1.500,1.5,True,2,0.001864,9.60851277,9.60851277
20,3,,quantum,precond_pen=1.600,1.6,True,0,8.4e-05,11.89345458,11.89345458
20,3,,quantum,precond_pen=1.600,1.6,True,1,0.001979,10.38957541,10.38957541
20,3,,quantum,precond_pen=1.600,1.6,True,2,0.002102,9.60851277,9.60851277
20,3,,quantum,precond_pen=1.700,1.7,True,0,8.7e-05,11.89345458,11.89345458
20,3,,quantum,precond_pen=1.700,1.7,True,1,0.002559,10.38957541,10.38957541
20,3,,quantum,precond_pen=1.700,1.7,True,2,0.002731,9.60851277,9.60851277
20,3,,quantum,precond_pen=1.800,1.8,True,0,0.00014,11.89345458,11.89345458
20,3,,quantum,precond_pen=1.800,1.8,True,1,0.002805,10.38957541,10.38957541
20,3,,quantum,precond_pen=1.800,1.8,True,2,0.002928,9.60851277,9.60851277
20,3,,quantum,precond_pen=1.900,1.9,True,0,0.000142,11.89345458,11.89345458
20,3,,quantum,precond_pen=1.900,1.9,True,1,0.003222,10.11584032,10.11584032
20,3,,quantum,precond_pen=1.900,1.9,True,2,0.003358,9.60851277,9.60851277
20,3,,quantum,precond_pen=2.000,2.0,True,0,0.00018,11.89345458,11.89345458
20,3,,quantum,precond_pen=2.000,2.0,True,1,0.00402,10.38957541,10.38957541
20,3,,quantum,precond_pen=2.000,2.0,True,2,0.004176,9.60851277,9.60851277
21,3,,quantum,baseline,,True,0,0.00015,18.02659545,18.02659545
21,3,,quantum,baseline,,True,1,0.00505,16.28902055,16.28902055
21,3,,quantum,baseline,,True,2,0.005335,13.95451576,13.95451576
21,3,,quantum,baseline,,True,3,0.008394,13.64649425,13.64649425
21,3,,quantum,precond_pen=1.100,1.1,True,0,0.000191,18.02659545,18.02659545
21,3,,quantum,precond_pen=1.100,1.1,True,1,0.004186,16.92730954,16.92730954
21,3,,quantum,precond_pen=1.100,1.1,True,2,0.004706,14.37622575,14.37622575
21,3,,quantum,precond_pen=1.100,1.1,True,3,0.004961,13.95451576,13.95451576
21,3,,quantum,precond_pen=1.200,1.2,True,0,0.000162,18.02659545,18.02659545
21,3,,quantum,precond_pen=1.200,1.2,True,1,0.004638,15.63452191,15.63452191
21,3,,quantum,precond_pen=1.200,1.2,True,2,0.005081,14.37622575,14.37622575
21,3,,quantum,precond_pen=1.200,1.2,True,3,0.005474,14.58391301,14.37622575
21,3,,quantum,precond_pen=1.200,1.2,True,4,0.005612,13.64649425,13.64649425
21,3,,quantum,precond_pen=1.300,1.3,True,0,0.000106,18.02659545,18.02659545
21,3,,quantum,precond_pen=1.300,1.3,True,1,0.002301,16.15636728,16.15636728
21,3,,quantum,precond_pen=1.300,1.3,True,2,0.002432,13.64649425,13.64649425
21,3,,quantum,precond_pen=1.400,1.4,True,0,9.3e-05,18.02659545,18.02659545
21,3,,quantum,precond_pen=1.400,1.4,True,1,0.002185,13.64649425,13.64649425
21,3,,quantum,precond_pen=1.500,1.5,True,0,9.5e-05,18.02659545,18.02659545
21,3,,quantum,precond_pen=1.500,1.5,True,1,0.002057,13.64649425,13.64649425
21,3,,quantum,precond_pen=1.600,1.6,True,0,9.1e-05,18.02659545,18.02659545
21,3,,quantum,precond_pen=1.600,1.6,True,1,0.002075,13.64649425,13.64649425
21,3,,quantum,precond_pen=1.700,1.7,True,0,9.2e-05,18.02659545,18.02659545
21,3,,quantum,precond_pen=1.700,1.7,True,1,0.001931,13.64649425,13.64649425
21,3,,quantum,precond_pen=1.800,1.8,True,0,9.2e-05,18.02659545,18.02659545
21,3,,quantum,precond_pen=1.800,1.8,True,1,0.002018,13.64649425,13.64649425
21,3,,quantum,precond_pen=1.900,1.9,True,0,9.1e-05,18.02659545,18.02659545
21,3,,quantum,precond_pen=1.900,1.9,True,1,0.001849,13.64649425,13.64649425
21,3,,quantum,precond_pen=2.000,2.0,True,0,9.1e-05,18.02659545,18.02659545
21,3,,quantum,precond_pen=2.000,2.0,True,1,0.001925,16.15636728,16.15636728
21,3,,quantum,precond_pen=2.000,2.0,True,2,0.002057,13.64649425,13.64649425
22,3,,quantum,baseline,,True,0,9.1e-05,16.08096764,16.08096764
22,3,,quantum,baseline,,True,1,0.002109,16.0239116,16.0239116
22,3,,quantum,baseline,,True,2,0.002194,10.42157714,10.42157714
22,3,,quantum,precond_pen=1.100,1.1,True,0,0.000112,16.08096764,16.08096764
22,3,,quantum,precond_pen=1.100,1.1,True,1,0.002379,10.42157714,10.42157714
22,3,,quantum,precond_pen=1.200,1.2,True,0,0.000106,16.08096764,16.08096764
22,3,,quantum,precond_pen=1.200,1.2,True,1,0.002665,10.42157714,10.42157714
22,3,,quantum,precond_pen=1.300,1.3,True,0,0.000103,16.08096764,16.08096764
22,3,,quantum,precond_pen=1.300,1.3,True,1,0.002428,10.42157714,10.42157714
22,3,,quantum,precond_pen=1.400,1.4,True,0,0.000108,16.08096764,16.08096764
22,3,,quantum,precond_pen=1.400,1.4,True,1,0.002501,10.42157714,10.42157714
22,3,,quantum,precond_pen=1.500,1.5,True,0,9.8e-05,16.08096764,16.08096764
22,3,,quantum,precond_pen=1.500,1.5,True,1,0.002507,10.42157714,10.42157714
22,3,,quantum,precond_pen=1.600,1.6,True,0,0.000101,16.08096764,16.08096764
22,3,,quantum,precond_pen=1.600,1.6,True,1,0.002471,10.42157714,10.42157714
22,3,,quantum,precond_pen=1.700,1.7,True,0,0.0001,16.08096764,16.08096764
22,3,,quantum,precond_pen=1.700,1.7,True,1,0.003331,13.27918914,13.27918914
22,3,,quantum,precond_pen=1.700,1.7,True,2,0.003564,12.21732755,12.21732755
22,3,,quantum,precond_pen=1.700,1.7,True,3,0.003659,10.42157714,10.42157714
22,3,,quantum,precond_pen=1.800,1.8,True,0,0.00013,16.08096764,16.08096764
22,3,,quantum,precond_pen=1.800,1.8,True,1,0.003312,13.27918914,13.27918914
22,3,,quantum,precond_pen=1.800,1.8,True,2,0.003492,10.42157714,10.42157714
22,3,,quantum,precond_pen=1.900,1.9,True,0,0.000106,16.08096764,16.08096764
22,3,,quantum,precond_pen=1.900,1.9,True,1,0.002776,10.42157714,10.42157714
22,3,,quantum,precond_pen=2.000,2.0,True,0,0.000102,16.08096764,16.08096764
22,3,,quantum,precond_pen=2.000,2.0,True,1,0.003308,13.27918914,13.27918914
22,3,,quantum,precond_pen=2.000,2.0,True,2,0.003464,10.42157714,10.42157714
23,3,,quantum,baseline,,True,0,0.000145,14.1511237,14.1511237
23,3,,quantum,baseline,,True,1,0.003578,12.87261229,12.87261229
23,3,,quantum,baseline,,True,2,0.007398,11.45665638,11.45665638
23,3,,quantum,precond_pen=1.100,1.1,True,0,0.000172,14.1511237,14.1511237
23,3,,quantum,precond_pen=1.100,1.1,True,1,0.004328,11.45665638,11.45665638
23,3,,quantum,precond_pen=1.200,1.2,True,0,0.000112,14.1511237,14.1511237
23,3,,quantum,precond_pen=1.200,1.2,True,1,0.002365,11.45665638,11.45665638
23,3,,quantum,precond_pen=1.300,1.3,True,0,9.7e-05,14.1511237,14.1511237
23,3,,quantum,precond_pen=1.300,1.3,True,1,0.002082,11.45665638,11.45665638
23,3,,quantum,precond_pen=1.400,1.4,True,0,0.0001,14.1511237,14.1511237
23,3,,quantum,precond_pen=1.400,1.4,True,1,0.001957,11.45665638,11.45665638
23,3,,quantum,precond_pen=1.500,1.5,True,0,9.8e-05,14.1511237,14.1511237
23,3,,quantum,precond_pen=1.500,1.5,True,1,0.001948,11.45665638,11.45665638
23,3,,quantum,precond_pen=1.600,1.6,True,0,9.9e-05,14.1511237,14.1511237
23,3,,quantum,precond_pen=1.600,1.6,True,1,0.001938,13.26621844,13.26621844
23,3,,quantum,precond_pen=1.600,1.6,True,2,0.002221,11.45665638,11.45665638
23,3,,quantum,precond_pen=1.700,1.7,True,0,0.000101,14.1511237,14.1511237
23,3,,quantum,precond_pen=1.700,1.7,True,1,0.001828,13.26621844,13.26621844
23,3,,quantum,precond_pen=1.700,1.7,True,2,0.002054,11.45665638,11.45665638
23,3,,quantum,precond_pen=1.800,1.8,True,0,9.8e-05,14.1511237,14.1511237
23,3,,quantum,precond_pen=1.800,1.8,True,1,0.001813,13.26621844,13.26621844
23,3,,quantum,precond_pen=1.800,1.8,True,2,0.002029,11.45665638,11.45665638
23,3,,quantum,precond_pen=1.900,1.9,True,0,9.6e-05,14.1511237,14.1511237
23,3,,quantum,precond_pen=1.900,1.9,True,1,0.001801,13.26621844,13.26621844
23,3,,quantum,precond_pen=1.900,1.9,True,2,0.002016,11.45665638,11.45665638
23,3,,quantum,precond_pen=2.000,2.0,True,0,9.7e-05,14.1511237,14.1511237
23,3,,quantum,precond_pen=2.000,2.0,True,1,0.001913,13.26621844,13.26621844
23,3,,quantum,precond_pen=2.000,2.0,True,2,0.002175,11.45665638,11.45665638
24,3,,quantum,baseline,,True,0,0.000105,17.62899357,17.62899357
24,3,,quantum,baseline,,True,1,0.002135,15.37128248,15.37128248
24,3,,quantum,baseline,,True,2,0.002267,13.00799688,13.00799688
24,3,,quantum,precond_pen=1.100,1.1,True,0,9.8e-05,17.62899357,17.62899357
24,3,,quantum,precond_pen=1.100,1.1,True,1,0.001913,14.51301422,14.51301422
24,3,,quantum,precond_pen=1.100,1.1,True,2,0.002091,14.29346743,14.29346743
24,3,,quantum,precond_pen=1.100,1.1,True,3,0.002213,13.00799688,13.00799688
24,3,,quantum,precond_pen=1.200,1.2,True,0,0.0001,17.62899357,17.62899357
24,3,,quantum,precond_pen=1.200,1.2,True,1,0.002152,15.48338162,15.48338162
24,3,,quantum,precond_pen=1.200,1.2,True,2,0.002353,15.37128248,15.37128248
24,3,,quantum,precond_pen=1.200,1.2,True,3,0.00249,14.4283198,14.4283198
24,3,,quantum,precond_pen=1.200,1.2,True,4,0.002571,13.00799688,13.00799688
24,3,,quantum,precond_pen=1.300,1.3,True,0,0.000128,17.62899357,17.62899357
24,3,,quantum,precond_pen=1.300,1.3,True,1,0.00322,14.51301422,14.51301422
24,3,,quantum,precond_pen=1.300,1.3,True,2,0.003487,14.29346743,14.29346743
24,3,,quantum,precond_pen=1.300,1.3,True,3,0.003601,13.00799688,13.00799688
24,3,,quantum,precond_pen=1.400,1.4,True,0,9.4e-05,17.62899357,17.62899357
24,3,,quantum,precond_pen=1.400,1.4,True,1,0.002756,15.48338162,15.48338162
24,3,,quantum,precond_pen=1.400,1.4,True,2,0.002978,15.37128248,15.37128248
24,3,,quantum,precond_pen=1.400,1.4,True,3,0.003194,14.4283198,14.4283198
24,3,,quantum,precond_pen=1.400,1.4,True,4,0.003276,13.00799688,13.00799688
24,3,,quantum,precond_pen=1.500,1.5,True,0,9.2e-05,17.62899357,17.62899357
24,3,,quantum,precond_pen=1.500,1.5,True,1,0.002642,15.48338162,15.48338162
24,3,,quantum,precond_pen=1.500,1.5,True,2,0.002859,14.29346743,14.29346743
24,3,,quantum,precond_pen=1.500,1.5,True,3,0.003001,13.56153961,13.56153961
24,3,,quantum,precond_pen=1.500,1.5,True,4,0.003071,13.00799688,13.00799688
24,3,,quantum,precond_pen=1.600,1.6,True,0,9.4e-05,17.62899357,17.62899357
24,3,,quantum,precond_pen=1.600,1.6,True,1,0.002656,15.48338162,15.48338162
24,3,,quantum,precond_pen=1.600,1.6,True,2,0.00286,14.29346743,14.29346743
24,3,,quantum,precond_pen=1.600,1.6,True,3,0.003009,13.56153961,13.56153961
24,3,,quantum,precond_pen=1.600,1.6,True,4,0.003084,13.00799688,13.00799688
24,3,,quantum,precond_pen=1.700,1.7,True,0,9.8e-05,17.62899357,17.62899357
24,3,,quantum,precond_pen=1.700,1.7,True,1,0.002559,16.63382251,16.63382251
24,3,,quantum,precond_pen=1.700,1.7,True,2,0.002632,13.00799688,13.00799688
24,3,,quantum,precond_pen=1.800,1.8,True,0,9.5e-05,17.62899357,17.62899357
24,3,,quantum,precond_pen=1.800,1.8,True,1,0.002551,15.48338162,15.48338162
24,3,,quantum,precond_pen=1.800,1.8,True,2,0.002717,13.601848,13.601848
24,3,,quantum,precond_pen=1.800,1.8,True,3,0.00288,13.46913757,13.46913757
24,3,,quantum,precond_pen=1.800,1.8,True,4,0.002941,13.00799688,13.00799688
24,3,,quantum,precond_pen=1.900,1.9,True,0,0.001032,17.62899357,17.62899357
24,3,,quantum,precond_pen=1.900,1.9,True,1,0.003377,15.48338162,15.48338162
24,3,,quantum,precond_pen=1.900,1.9,True,2,0.003538,13.601848,13.601848
24,3,,quantum,precond_pen=1.900,1.9,True,3,0.003661,13.46913757,13.46913757
24,3,,quantum,precond_pen=1.900,1.9,True,4,0.003735,13.00799688,13.00799688
24,3,,quantum,precond_pen=2.000,2.0,True,0,9.1e-05,17.62899357,17.62899357
24,3,,quantum,precond_pen=2.000,2.0,True,1,0.002026,15.48338162,15.48338162
24,3,,quantum,precond_pen=2.000,2.0,True,2,0.002162,15.37128248,15.37128248
24,3,,quantum,precond_pen=2.000,2.0,True,3,0.002271,14.7491859,14.7491859
24,3,,quantum,precond_pen=2.000,2.0,True,4,0.002337,13.00799688,13.00799688
25,3,,quantum,baseline,,True,0,9.2e-05,14.19742654,14.19742654
25,3,,quantum,baseline,,True,1,0.00207,13.88454272,13.88454272
25,3,,quantum,baseline,,True,2,0.002154,10.96154491,10.96154491
25,3,,quantum,precond_pen=1.100,1.1,True,0,9e-05,14.19742654,14.19742654
25,3,,quantum,precond_pen=1.100,1.1,True,1,0.001773,10.96154491,10.96154491
25,3,,quantum,precond_pen=1.200,1.2,True,0,9.1e-05,14.19742654,14.19742654
25,3,,quantum,precond_pen=1.200,1.2,True,1,0.001733,10.9651696,10.9651696
25,3,,quantum,precond_pen=1.200,1.2,True,2,0.001831,10.96154491,10.96154491
25,3,,quantum,precond_pen=1.300,1.3,True,0,9.1e-05,14.19742654,14.19742654
25,3,,quantum,precond_pen=1.300,1.3,True,1,0.001886,13.36746437,13.36746437
25,3,,quantum,precond_pen=1.300,1.3,True,2,0.002063,13.88454272,13.36746437
25,3,,quantum,precond_pen=1.300,1.3,True,3,0.002219,13.03729111,13.03729111
25,3,,quantum,precond_pen=1.300,1.3,True,4,0.002302,10.96154491,10.96154491
25,3,,quantum,precond_pen=1.400,1.4,True,0,9.2e-05,14.19742654,14.19742654
25,3,,quantum,precond_pen=1.400,1.4,True,1,0.001857,12.53756962,12.53756962
25,3,,quantum,precond_pen=1.400,1.4,True,2,0.001969,10.96154491,10.96154491
25,3,,quantum,precond_pen=1.500,1.5,True,0,9.1e-05,14.19742654,14.19742654
25,3,,quantum,precond_pen=1.500,1.5,True,1,0.001719,13.36746437,13.36746437
25,3,,quantum,precond_pen=1.500,1.5,True,2,0.001864,13.88454272,13.36746437
25,3,,quantum,precond_pen=1.500,1.5,True,3,0.001951,10.96154491,10.96154491
25,3,,quantum,precond_pen=1.600,1.6,True,0,9.1e-05,14.19742654,14.19742654
25,3,,quantum,precond_pen=1.600,1.6,True,1,0.001891,10.9651696,10.9651696
25,3,,quantum,precond_pen=1.600,1.6,True,2,0.002025,10.96154491,10.96154491
25,3,,quantum,precond_pen=1.700,1.7,True,0,9e-05,14.19742654,14.19742654
25,3,,quantum,precond_pen=1.700,1.7,True,1,0.001891,10.9651696,10.9651696
25,3,,quantum,precond_pen=1.700,1.7,True,2,0.002039,11.0482772,10.9651696
25,3,,quantum,precond_pen=1.800,1.8,True,0,9.1e-05,14.19742654,14.19742654
25,3,,quantum,precond_pen=1.800,1.8,True,1,0.001897,13.36746437,13.36746437
25,3,,quantum,precond_pen=1.800,1.8,True,2,0.002076,13.88454272,13.36746437
25,3,,quantum,precond_pen=1.800,1.8,True,3,0.002213,13.03729111,13.03729111
25,3,,quantum,precond_pen=1.800,1.8,True,4,0.002287,10.96154491,10.96154491
25,3,,quantum,precond_pen=1.900,1.9,True,0,9.5e-05,14.19742654,14.19742654
25,3,,quantum,precond_pen=1.900,1.9,True,1,0.00195,10.96154491,10.96154491
25,3,,quantum,precond_pen=2.000,2.0,True,0,9.1e-05,14.19742654,14.19742654
25,3,,quantum,precond_pen=2.000,2.0,True,1,0.001968,13.36746437,13.36746437
25,3,,quantum,precond_pen=2.000,2.0,True,2,0.002148,13.88454272,13.36746437
25,3,,quantum,precond_pen=2.000,2.0,True,3,0.002302,13.03729111,13.03729111
25,3,,quantum,precond_pen=2.000,2.0,True,4,0.00238,10.96154491,10.96154491
26,3,,quantum,baseline,,True,0,9.2e-05,17.90577779,17.90577779
26,3,,quantum,baseline,,True,1,0.002506,17.03200274,17.03200274
26,3,,quantum,baseline,,True,2,0.002598,13.67360193,13.67360193
26,3,,quantum,precond_pen=1.100,1.1,True,0,0.000103,17.90577779,17.90577779
26,3,,quantum,precond_pen=1.100,1.1,True,1,0.002749,17.53909829,17.53909829
26,3,,quantum,precond_pen=1.100,1.1,True,2,0.002955,17.22801279,17.22801279
26,3,,quantum,precond_pen=1.100,1.1,True,3,0.003091,15.65378933,15.65378933
26,3,,quantum,precond_pen=1.100,1.1,True,4,0.003187,13.67360193,13.67360193
26,3,,quantum,precond_pen=1.200,1.2,True,0,9.4e-05,17.90577779,17.90577779
26,3,,quantum,precond_pen=1.200,1.2,True,1,0.002904,14.70349467,14.70349467
26,3,,quantum,precond_pen=1.200,1.2,True,2,0.003067,13.67360193,13.67360193
26,3,,quantum,precond_pen=1.300,1.3,True,0,9.9e-05,17.90577779,17.90577779
26,3,,quantum,precond_pen=1.300,1.3,True,1,0.002694,17.07001795,17.07001795
26,3,,quantum,precond_pen=1.300,1.3,True,2,0.002805,17.22801279,17.07001795
26,3,,quantum,precond_pen=1.300,1.3,True,3,0.002913,16.13234184,16.13234184
26,3,,quantum,precond_pen=1.300,1.3,True,4,0.002978,13.95201465,13.95201465
26,3,,quantum,precond_pen=1.400,1.4,True,0,0.000123,17.90577779,17.90577779
26,3,,quantum,precond_pen=1.400,1.4,True,1,0.002694,17.07001795,17.07001795
26,3,,quantum,precond_pen=1.400,1.4,True,2,0.002911,15.65378933,15.65378933
26,3,,quantum,precond_pen=1.400,1.4,True,3,0.003049,14.70349467,14.70349467
26,3,,quantum,precond_pen=1.400,1.4,True,4,0.003132,13.67360193,13.67360193
26,3,,quantum,precond_pen=1.500,1.5,True,0,0.0001,17.90577779,17.90577779
26,3,,quantum,precond_pen=1.500,1.5,True,1,0.002666,17.07001795,17.07001795
26,3,,quantum,precond_pen=1.500,1.5,True,2,0.002913,15.65378933,15.65378933
26,3,,quantum,precond_pen=1.500,1.5,True,3,0.003122,14.70349467,14.70349467
26,3,,quantum,precond_pen=1.500,1.5,True,4,0.003201,13.67360193,13.67360193
26,3,,quantum,precond_pen=1.600,1.6,True,0,0.000409,17.90577779,17.90577779
26,3,,quantum,precond_pen=1.600,1.6,True,1,0.005342,16.99655163,16.99655163
26,3,,quantum,precond_pen=1.600,1.6,True,2,0.005479,15.65378933,15.65378933
26,3,,quantum,precond_pen=1.600,1.6,True,3,0.005587,13.95201465,13.95201465
26,3,,quantum,precond_pen=1.700,1.7,True,0,0.0001,17.90577779,17.90577779
26,3,,quantum,precond_pen=1.700,1.7,True,1,0.002351,17.07001795,17.07001795
26,3,,quantum,precond_pen=1.700,1.7,True,2,0.002483,15.65378933,15.65378933
26,3,,quantum,precond_pen=1.700,1.7,True,3,0.002578,13.95201465,13.95201465
26,3,,quantum,precond_pen=1.800,1.8,True,0,9.5e-05,17.90577779,17.90577779
26,3,,quantum,precond_pen=1.800,1.8,True,1,0.002075,13.95201465,13.95201465
26,3,,quantum,precond_pen=1.900,1.9,True,0,9.8e-05,17.90577779,17.90577779
26,3,,quantum,precond_pen=1.900,1.9,True,1,0.002107,13.95201465,13.95201465
26,3,,quantum,precond_pen=2.000,2.0,True,0,9.3e-05,17.90577779,17.90577779
26,3,,quantum,precond_pen=2.000,2.0,True,1,0.001937,17.07001795,17.07001795
26,3,,quantum,precond_pen=2.000,2.0,True,2,0.00208,15.65378933,15.65378933
26,3,,quantum,precond_pen=2.000,2.0,True,3,0.002199,14.70349467,14.70349467
26,3,,quantum,precond_pen=2.000,2.0,True,4,0.002258,13.95201465,13.95201465
27,3,,quantum,baseline,,True,0,9.5e-05,17.80975459,17.80975459
27,3,,quantum,baseline,,True,1,0.002002,15.48222557,15.48222557
27,3,,quantum,baseline,,True,2,0.002076,12.98792613,12.98792613
27,3,,quantum,baseline,,True,3,0.004691,11.77500107,11.77500107
27,3,,quantum,precond_pen=1.100,1.1,True,0,9.3e-05,17.80975459,17.80975459
27,3,,quantum,precond_pen=1.100,1.1,True,1,0.002111,13.89318814,13.89318814
27,3,,quantum,precond_pen=1.100,1.1,True,2,0.002415,13.293666,13.293666
27,3,,quantum,precond_pen=1.100,1.1,True,3,0.00257,11.77500107,11.77500107
27,3,,quantum,precond_pen=1.200,1.2,True,0,9.2e-05,17.80975459,17.80975459
27,3,,quantum,precond_pen=1.200,1.2,True,1,0.002156,13.89318814,13.89318814
27,3,,quantum,precond_pen=1.200,1.2,True,2,0.002462,12.98792613,12.98792613
27,3,,quantum,precond_pen=1.200,1.2,True,3,0.002627,11.77500107,11.77500107
27,3,,quantum,precond_pen=1.300,1.3,True,0,9.3e-05,17.80975459,17.80975459
27,3,,quantum,precond_pen=1.300,1.3,True,1,0.001977,13.89318814,13.89318814
27,3,,quantum,precond_pen=1.300,1.3,True,2,0.002217,13.293666,13.293666
27,3,,quantum,precond_pen=1.300,1.3,True,3,0.002351,11.77500107,11.77500107
27,3,,quantum,precond_pen=1.400,1.4,True,0,9.3e-05,17.80975459,17.80975459
27,3,,quantum,precond_pen=1.400,1.4,True,1,0.001949,11.77500107,11.77500107
27,3,,quantum,precond_pen=1.500,1.5,True,0,9.2e-05,17.80975459,17.80975459
27,3,,quantum,precond_pen=1.500,1.5,True,1,0.00199,11.77500107,11.77500107
27,3,,quantum,precond_pen=1.600,1.6,True,0,9.3e-05,17.80975459,17.80975459
27,3,,quantum,precond_pen=1.600,1.6,True,1,0.002001,13.89318814,13.89318814
27,3,,quantum,precond_pen=1.600,1.6,True,2,0.002264,12.98792613,12.98792613
27,3,,quantum,precond_pen=1.600,1.6,True,3,0.003397,11.77500107,11.77500107
27,3,,quantum,precond_pen=1.700,1.7,True,0,9.1e-05,17.80975459,17.80975459
27,3,,quantum,precond_pen=1.700,1.7,True,1,0.001959,13.89318814,13.89318814
27,3,,quantum,precond_pen=1.700,1.7,True,2,0.002121,12.98792613,12.98792613
27,3,,quantum,precond_pen=1.700,1.7,True,3,0.002218,11.77500107,11.77500107
27,3,,quantum,precond_pen=1.800,1.8,True,0,9.2e-05,17.80975459,17.80975459
27,3,,quantum,precond_pen=1.800,1.8,True,1,0.003847,13.89318814,13.89318814
27,3,,quantum,precond_pen=1.800,1.8,True,2,0.004405,12.98792613,12.98792613
27,3,,quantum,precond_pen=1.800,1.8,True,3,0.007258,11.77500107,11.77500107
27,3,,quantum,precond_pen=1.900,1.9,True,0,0.000492,17.80975459,17.80975459
27,3,,quantum,precond_pen=1.900,1.9,True,1,0.005256,13.89318814,13.89318814
27,3,,quantum,precond_pen=1.900,1.9,True,2,0.005854,12.98792613,12.98792613
27,3,,quantum,precond_pen=1.900,1.9,True,3,0.006304,11.77500107,11.77500107
27,3,,quantum,precond_pen=2.000,2.0,True,0,0.000373,17.80975459,17.80975459
27,3,,quantum,precond_pen=2.000,2.0,True,1,0.006095,13.89318814,13.89318814
27,3,,quantum,precond_pen=2.000,2.0,True,2,0.006822,12.98792613,12.98792613
27,3,,quantum,precond_pen=2.000,2.0,True,3,0.007232,11.77500107,11.77500107
28,3,,quantum,baseline,,True,0,0.000437,14.34459306,14.34459306
28,3,,quantum,baseline,,True,1,0.005732,12.80232191,12.80232191
28,3,,quantum,precond_pen=1.100,1.1,True,0,0.000111,14.34459306,14.34459306
28,3,,quantum,precond_pen=1.100,1.1,True,1,0.002162,12.80232191,12.80232191
28,3,,quantum,precond_pen=1.200,1.2,True,0,9.2e-05,14.34459306,14.34459306
28,3,,quantum,precond_pen=1.200,1.2,True,1,0.002077,12.80232191,12.80232191
28,3,,quantum,precond_pen=1.300,1.3,True,0,9e-05,14.34459306,14.34459306
28,3,,quantum,precond_pen=1.300,1.3,True,1,0.001904,12.83622216,12.83622216
28,3,,quantum,precond_pen=1.300,1.3,True,2,0.002144,12.80232191,12.80232191
28,3,,quantum,precond_pen=1.400,1.4,True,0,9.1e-05,14.34459306,14.34459306
28,3,,quantum,precond_pen=1.400,1.4,True,1,0.001822,12.80232191,12.80232191
28,3,,quantum,precond_pen=1.500,1.5,True,0,9.1e-05,14.34459306,14.34459306
28,3,,quantum,precond_pen=1.500,1.5,True,1,0.001849,14.84591945,14.34459306
28,3,,quantum,precond_pen=1.500,1.5,True,2,0.00199,14.32882957,14.32882957
28,3,,quantum,precond_pen=1.500,1.5,True,3,0.002084,12.80232191,12.80232191
28,3,,quantum,precond_pen=1.600,1.6,True,0,9.6e-05,14.34459306,14.34459306
28,3,,quantum,precond_pen=1.600,1.6,True,1,0.0018,14.84591945,14.34459306
28,3,,quantum,precond_pen=1.600,1.6,True,2,0.001932,14.32882957,14.32882957
28,3,,quantum,precond_pen=1.600,1.6,True,3,0.002029,12.80232191,12.80232191
28,3,,quantum,precond_pen=1.700,1.7,True,0,0.0001,14.34459306,14.34459306
28,3,,quantum,precond_pen=1.700,1.7,True,1,0.001817,12.80232191,12.80232191
28,3,,quantum,precond_pen=1.800,1.8,True,0,0.000359,14.34459306,14.34459306
28,3,,quantum,precond_pen=1.800,1.8,True,1,0.005212,13.67412854,13.67412854
28,3,,quantum,precond_pen=1.800,1.8,True,2,0.007022,12.80232191,12.80232191
28,3,,quantum,precond_pen=1.800,1.8,True,3,0.007163,12.83622216,12.80232191
28,3,,quantum,precond_pen=1.900,1.9,True,0,0.000378,14.34459306,14.34459306
28,3,,quantum,precond_pen=1.900,1.9,True,1,0.0051,12.83622216,12.83622216
28,3,,quantum,precond_pen=2.000,2.0,True,0,0.000121,14.34459306,14.34459306
28,3,,quantum,precond_pen=2.000,2.0,True,1,0.00372,13.38632991,13.38632991
28,3,,quantum,precond_pen=2.000,2.0,True,2,0.004192,12.80232191,12.80232191
29,3,,quantum,baseline,,True,0,0.000135,15.52601852,15.52601852
29,3,,quantum,baseline,,True,1,0.004329,14.68219316,14.68219316
29,3,,quantum,baseline,,True,2,0.004581,12.51852877,12.51852877
29,3,,quantum,precond_pen=1.100,1.1,True,0,0.000107,15.52601852,15.52601852
29,3,,quantum,precond_pen=1.100,1.1,True,1,0.002466,12.51852877,12.51852877
29,3,,quantum,precond_pen=1.200,1.2,True,0,9.5e-05,15.52601852,15.52601852
29,3,,quantum,precond_pen=1.200,1.2,True,1,0.002027,12.51852877,12.51852877
29,3,,quantum,precond_pen=1.200,1.2,True,2,0.002156,12.75270816,12.51852877
29,3,,quantum,precond_pen=1.300,1.3,True,0,0.000102,15.52601852,15.52601852
29,3,,quantum,precond_pen=1.300,1.3,True,1,0.001971,13.74566558,13.74566558
29,3,,quantum,precond_pen=1.300,1.3,True,2,0.002047,12.75270816,12.75270816
29,3,,quantum,precond_pen=1.400,1.4,True,0,0.000133,15.52601852,15.52601852
29,3,,quantum,precond_pen=1.400,1.4,True,1,0.002072,13.09749193,13.09749193
29,3,,quantum,precond_pen=1.400,1.4,True,2,0.002246,12.51852877,12.51852877
29,3,,quantum,precond_pen=1.500,1.5,True,0,9e-05,15.52601852,15.52601852
29,3,,quantum,precond_pen=1.500,1.5,True,1,0.002092,12.51852877,12.51852877
29,3,,quantum,precond_pen=1.600,1.6,True,0,9.3e-05,15.52601852,15.52601852
29,3,,quantum,precond_pen=1.600,1.6,True,1,0.001887,12.51852877,12.51852877
29,3,,quantum,precond_pen=1.700,1.7,True,0,9.1e-05,15.52601852,15.52601852
29,3,,quantum,precond_pen=1.700,1.7,True,1,0.002034,12.51852877,12.51852877
29,3,,quantum,precond_pen=1.800,1.8,True,0,9.2e-05,15.52601852,15.52601852
29,3,,quantum,precond_pen=1.800,1.8,True,1,0.002056,14.83828098,14.83828098
29,3,,quantum,precond_pen=1.800,1.8,True,2,0.002155,12.51852877,12.51852877
29,3,,quantum,precond_pen=1.900,1.9,True,0,9e-05,15.52601852,15.52601852
29,3,,quantum,precond_pen=1.900,1.9,True,1,0.001897,13.09749193,13.09749193
29,3,,quantum,precond_pen=1.900,1.9,True,2,0.002076,12.51852877,12.51852877
29,3,,quantum,precond_pen=2.000,2.0,True,0,9.2e-05,15.52601852,15.52601852
29,3,,quantum,precond_pen=2.000,2.0,True,1,0.002098,12.75270816,12.75270816
30,3,,quantum,baseline,,True,0,9.2e-05,19.4033721,19.4033721
30,3,,quantum,baseline,,True,1,0.001851,17.28338045,17.28338045
30,3,,quantum,baseline,,True,2,0.001922,13.24621555,13.24621555
30,3,,quantum,precond_pen=1.100,1.1,True,0,9.1e-05,19.4033721,19.4033721
30,3,,quantum,precond_pen=1.100,1.1,True,1,0.001923,13.24621555,13.24621555
30,3,,quantum,precond_pen=1.200,1.2,True,0,9.1e-05,19.4033721,19.4033721
30,3,,quantum,precond_pen=1.200,1.2,True,1,0.002011,15.77988296,15.77988296
30,3,,quantum,precond_pen=1.200,1.2,True,2,0.002152,13.24621555,13.24621555
30,3,,quantum,precond_pen=1.300,1.3,True,0,9.2e-05,19.4033721,19.4033721
30,3,,quantum,precond_pen=1.300,1.3,True,1,0.001878,13.24621555,13.24621555
30,3,,quantum,precond_pen=1.400,1.4,True,0,9e-05,19.4033721,19.4033721
30,3,,quantum,precond_pen=1.400,1.4,True,1,0.00194,13.24621555,13.24621555
30,3,,quantum,precond_pen=1.500,1.5,True,0,9e-05,19.4033721,19.4033721
30,3,,quantum,precond_pen=1.500,1.5,True,1,0.001853,13.24621555,13.24621555
30,3,,quantum,precond_pen=1.600,1.6,True,0,9.2e-05,19.4033721,19.4033721
30,3,,quantum,precond_pen=1.600,1.6,True,1,0.002056,13.24621555,13.24621555
30,3,,quantum,precond_pen=1.700,1.7,True,0,0.000118,19.4033721,19.4033721
30,3,,quantum,precond_pen=1.700,1.7,True,1,0.002136,13.24621555,13.24621555
30,3,,quantum,precond_pen=1.800,1.8,True,0,9e-05,19.4033721,19.4033721
30,3,,quantum,precond_pen=1.800,1.8,True,1,0.002738,13.24621555,13.24621555
30,3,,quantum,precond_pen=1.900,1.9,True,0,9.4e-05,19.4033721,19.4033721
30,3,,quantum,precond_pen=1.900,1.9,True,1,0.002213,13.24621555,13.24621555
30,3,,quantum,precond_pen=2.000,2.0,True,0,0.00012,19.4033721,19.4033721
30,3,,quantum,precond_pen=2.000,2.0,True,1,0.002202,13.24621555,13.24621555
31,3,,quantum,baseline,,True,0,9.6e-05,14.42741766,14.42741766
31,3,,quantum,baseline,,True,1,0.002085,13.12524532,13.12524532
31,3,,quantum,precond_pen=1.100,1.1,True,0,0.000101,14.42741766,14.42741766
31,3,,quantum,precond_pen=1.100,1.1,True,1,0.0024,13.29761897,13.29761897
31,3,,quantum,precond_pen=1.100,1.1,True,2,0.002485,13.12524532,13.12524532
31,3,,quantum,precond_pen=1.200,1.2,True,0,0.0001,14.42741766,14.42741766
31,3,,quantum,precond_pen=1.200,1.2,True,1,0.002336,14.44425387,14.42741766
31,3,,quantum,precond_pen=1.200,1.2,True,2,0.00245,13.12524532,13.12524532
31,3,,quantum,precond_pen=1.300,1.3,True,0,0.000101,14.42741766,14.42741766
31,3,,quantum,precond_pen=1.300,1.3,True,1,0.002303,14.26648731,14.26648731
31,3,,quantum,precond_pen=1.300,1.3,True,2,0.002426,13.12524532,13.12524532
31,3,,quantum,precond_pen=1.400,1.4,True,0,0.000107,14.42741766,14.42741766
31,3,,quantum,precond_pen=1.400,1.4,True,1,0.002328,14.26648731,14.26648731
31,3,,quantum,precond_pen=1.400,1.4,True,2,0.002451,13.12524532,13.12524532
31,3,,quantum,precond_pen=1.500,1.5,True,0,0.000103,14.42741766,14.42741766
31,3,,quantum,precond_pen=1.500,1.5,True,1,0.002211,14.26648731,14.26648731
31,3,,quantum,precond_pen=1.500,1.5,True,2,0.002311,13.12524532,13.12524532
31,3,,quantum,precond_pen=1.600,1.6,True,0,0.000105,14.42741766,14.42741766
31,3,,quantum,precond_pen=1.600,1.6,True,1,0.002158,14.44425387,14.42741766
31,3,,quantum,precond_pen=1.600,1.6,True,2,0.002231,13.12524532,13.12524532
31,3,,quantum,precond_pen=1.700,1.7,True,0,0.000102,14.42741766,14.42741766
31,3,,quantum,precond_pen=1.700,1.7,True,1,0.002116,14.44425387,14.42741766
31,3,,quantum,precond_pen=1.700,1.7,True,2,0.002195,13.12524532,13.12524532
31,3,,quantum,precond_pen=1.800,1.8,True,0,0.0001,14.42741766,14.42741766
31,3,,quantum,precond_pen=1.800,1.8,True,1,0.002431,14.44425387,14.42741766
31,3,,quantum,precond_pen=1.800,1.8,True,2,0.00253,13.12524532,13.12524532
31,3,,quantum,precond_pen=1.900,1.9,True,0,0.000101,14.42741766,14.42741766
31,3,,quantum,precond_pen=1.900,1.9,True,1,0.00233,14.44425387,14.42741766
31,3,,quantum,precond_pen=1.900,1.9,True,2,0.002417,13.12524532,13.12524532
31,3,,quantum,precond_pen=2.000,2.0,True,0,0.0001,14.42741766,14.42741766
31,3,,quantum,precond_pen=2.000,2.0,True,1,0.002287,14.44425387,14.42741766
31,3,,quantum,precond_pen=2.000,2.0,True,2,0.002371,13.12524532,13.12524532
32,3,,quantum,baseline,,True,0,9.6e-05,16.35553133,16.35553133
32,3,,quantum,baseline,,True,1,0.002295,12.7373447,12.7373447
32,3,,quantum,precond_pen=1.100,1.1,True,0,9.9e-05,16.35553133,16.35553133
32,3,,quantum,precond_pen=1.100,1.1,True,1,0.002345,14.45505252,14.45505252
32,3,,quantum,precond_pen=1.100,1.1,True,2,0.002454,12.7373447,12.7373447
32,3,,quantum,precond_pen=1.200,1.2,True,0,0.000103,16.35553133,16.35553133
32,3,,quantum,precond_pen=1.200,1.2,True,1,0.002354,14.45505252,14.45505252
32,3,,quantum,precond_pen=1.200,1.2,True,2,0.002478,12.7373447,12.7373447
32,3,,quantum,precond_pen=1.300,1.3,True,0,9.4e-05,16.35553133,16.35553133
32,3,,quantum,precond_pen=1.300,1.3,True,1,0.002259,14.45505252,14.45505252
32,3,,quantum,precond_pen=1.300,1.3,True,2,0.002348,12.7373447,12.7373447
32,3,,quantum,precond_pen=1.400,1.4,True,0,9.5e-05,16.35553133,16.35553133
32,3,,quantum,precond_pen=1.400,1.4,True,1,0.002168,14.47566132,14.47566132
32,3,,quantum,precond_pen=1.400,1.4,True,2,0.002351,14.45505252,14.45505252
32,3,,quantum,precond_pen=1.400,1.4,True,3,0.002439,12.7373447,12.7373447
32,3,,quantum,precond_pen=1.500,1.5,True,0,9.5e-05,16.35553133,16.35553133
32,3,,quantum,precond_pen=1.500,1.5,True,1,0.002138,14.59917768,14.59917768
32,3,,quantum,precond_pen=1.500,1.5,True,2,0.002307,12.7373447,12.7373447
32,3,,quantum,precond_pen=1.600,1.6,True,0,9.5e-05,16.35553133,16.35553133
32,3,,quantum,precond_pen=1.600,1.6,True,1,0.002146,13.37515779,13.37515779
32,3,,quantum,precond_pen=1.600,1.6,True,2,0.002271,12.7373447,12.7373447
32,3,,quantum,precond_pen=1.700,1.7,True,0,0.000134,16.35553133,16.35553133
32,3,,quantum,precond_pen=1.700,1.7,True,1,0.002466,14.45505252,14.45505252
32,3,,quantum,precond_pen=1.700,1.7,True,2,0.002563,12.7373447,12.7373447
32,3,,quantum,precond_pen=1.800,1.8,True,0,9.8e-05,16.35553133,16.35553133
32,3,,quantum,precond_pen=1.800,1.8,True,1,0.002034,14.06688255,14.06688255
32,3,,quantum,precond_pen=1.800,1.8,True,2,0.002176,12.7373447,12.7373447
32,3,,quantum,precond_pen=1.900,1.9,True,0,9.3e-05,16.35553133,16.35553133
32,3,,quantum,precond_pen=1.900,1.9,True,1,0.002041,13.37515779,13.37515779
32,3,,quantum,precond_pen=1.900,1.9,True,2,0.002147,12.7373447,12.7373447
32,3,,quantum,precond_pen=2.000,2.0,True,0,0.0001,16.35553133,16.35553133
32,3,,quantum,precond_pen=2.000,2.0,True,1,0.002368,14.59917768,14.59917768
32,3,,quantum,precond_pen=2.000,2.0,True,2,0.002477,12.7373447,12.7373447
33,3,,quantum,baseline,,True,0,0.000102,11.84538239,11.84538239
33,3,,quantum,baseline,,True,1,0.002266,11.2558377,11.2558377
33,3,,quantum,precond_pen=1.100,1.1,True,0,0.000109,11.84538239,11.84538239
33,3,,quantum,precond_pen=1.100,1.1,True,1,0.002371,11.2558377,11.2558377
33,3,,quantum,precond_pen=1.200,1.2,True,0,0.000101,11.84538239,11.84538239
33,3,,quantum,precond_pen=1.200,1.2,True,1,0.002429,11.2558377,11.2558377
33,3,,quantum,precond_pen=1.300,1.3,True,0,0.000101,11.84538239,11.84538239
33,3,,quantum,precond_pen=1.300,1.3,True,1,0.002316,11.2558377,11.2558377
33,3,,quantum,precond_pen=1.400,1.4,True,0,0.0001,11.84538239,11.84538239
33,3,,quantum,precond_pen=1.400,1.4,True,1,0.002352,11.2558377,11.2558377
33,3,,quantum,precond_pen=1.500,1.5,True,0,0.000102,11.84538239,11.84538239
33,3,,quantum,precond_pen=1.500,1.5,True,1,0.002421,11.2558377,11.2558377
33,3,,quantum,precond_pen=1.600,1.6,True,0,0.000101,11.84538239,11.84538239
33,3,,quantum,precond_pen=1.600,1.6,True,1,0.002229,11.2558377,11.2558377
33,3,,quantum,precond_pen=1.700,1.7,True,0,0.000105,11.84538239,11.84538239
33,3,,quantum,precond_pen=1.700,1.7,True,1,0.002519,11.2558377,11.2558377
33,3,,quantum,precond_pen=1.800,1.8,True,0,0.000103,11.84538239,11.84538239
33,3,,quantum,precond_pen=1.800,1.8,True,1,0.002348,11.2558377,11.2558377
33,3,,quantum,precond_pen=1.900,1.9,True,0,0.000104,11.84538239,11.84538239
33,3,,quantum,precond_pen=1.900,1.9,True,1,0.002275,11.40130466,11.40130466
33,3,,quantum,precond_pen=1.900,1.9,True,2,0.006949,11.2558377,11.2558377
33,3,,quantum,precond_pen=1.900,1.9,True,3,0.007428,11.2558377,11.2558377
33,3,,quantum,precond_pen=2.000,2.0,True,0,0.000105,11.84538239,11.84538239
33,3,,quantum,precond_pen=2.000,2.0,True,1,0.002283,11.2558377,11.2558377
34,3,,quantum,baseline,,True,0,0.000101,21.46079233,21.46079233
34,3,,quantum,baseline,,True,1,0.002624,20.47323555,20.47323555
34,3,,quantum,baseline,,True,2,0.002754,15.6270996,15.6270996
34,3,,quantum,precond_pen=1.100,1.1,True,0,0.000103,21.46079233,21.46079233
34,3,,quantum,precond_pen=1.100,1.1,True,1,0.002395,18.12235276,18.12235276
34,3,,quantum,precond_pen=1.100,1.1,True,2,0.002648,17.24063989,17.24063989
34,3,,quantum,precond_pen=1.100,1.1,True,3,0.00288,17.22074268,17.22074268
34,3,,quantum,precond_pen=1.100,1.1,True,4,0.002986,15.6270996,15.6270996
34,3,,quantum,precond_pen=1.200,1.2,True,0,9.9e-05,21.46079233,21.46079233
34,3,,quantum,precond_pen=1.200,1.2,True,1,0.00226,18.12235276,18.12235276
34,3,,quantum,precond_pen=1.200,1.2,True,2,0.002503,17.24063989,17.24063989
34,3,,quantum,precond_pen=1.200,1.2,True,3,0.002651,15.6270996,15.6270996
34,3,,quantum,precond_pen=1.300,1.3,True,0,0.000101,21.46079233,21.46079233
34,3,,quantum,precond_pen=1.300,1.3,True,1,0.002325,18.12235276,18.12235276
34,3,,quantum,precond_pen=1.300,1.3,True,2,0.003065,17.24063989,17.24063989
34,3,,quantum,precond_pen=1.300,1.3,True,3,0.003204,15.6270996,15.6270996
34,3,,quantum,precond_pen=1.400,1.4,True,0,9.6e-05,21.46079233,21.46079233
34,3,,quantum,precond_pen=1.400,1.4,True,1,0.002234,15.6270996,15.6270996
34,3,,quantum,precond_pen=1.500,1.5,True,0,9.7e-05,21.46079233,21.46079233
34,3,,quantum,precond_pen=1.500,1.5,True,1,0.002194,17.24063989,17.24063989
34,3,,quantum,precond_pen=1.500,1.5,True,2,0.002358,15.6270996,15.6270996
34,3,,quantum,precond_pen=1.600,1.6,True,0,9.7e-05,21.46079233,21.46079233
34,3,,quantum,precond_pen=1.600,1.6,True,1,0.002158,17.24063989,17.24063989
34,3,,quantum,precond_pen=1.600,1.6,True,2,0.002362,17.70688955,17.24063989
34,3,,quantum,precond_pen=1.600,1.6,True,3,0.002509,16.26642575,16.26642575
34,3,,quantum,precond_pen=1.700,1.7,True,0,9.5e-05,21.46079233,21.46079233
34,3,,quantum,precond_pen=1.700,1.7,True,1,0.002059,18.12235276,18.12235276
34,3,,quantum,precond_pen=1.700,1.7,True,2,0.002274,17.24063989,17.24063989
34,3,,quantum,precond_pen=1.700,1.7,True,3,0.002398,15.6270996,15.6270996
34,3,,quantum,precond_pen=1.800,1.8,True,0,8.5e-05,21.46079233,21.46079233
34,3,,quantum,precond_pen=1.800,1.8,True,1,0.001929,17.24063989,17.24063989
34,3,,quantum,precond_pen=1.800,1.8,True,2,0.002053,15.6270996,15.6270996
34,3,,quantum,precond_pen=1.900,1.9,True,0,9e-05,21.46079233,21.46079233
34,3,,quantum,precond_pen=1.900,1.9,True,1,0.00197,17.24063989,17.24063989
34,3,,quantum,precond_pen=1.900,1.9,True,2,0.002097,15.6270996,15.6270996
34,3,,quantum,precond_pen=2.000,2.0,True,0,8.7e-05,21.46079233,21.46079233
34,3,,quantum,precond_pen=2.000,2.0,True,1,0.001968,17.24063989,17.24063989
34,3,,quantum,precond_pen=2.000,2.0,True,2,0.002093,15.6270996,15.6270996
35,3,,quantum,baseline,,True,0,8.6e-05,13.05468985,13.05468985
35,3,,quantum,baseline,,True,1,0.005189,12.71623463,12.71623463
35,3,,quantum,baseline,,True,2,0.005684,12.71623463,12.71623463
35,3,,quantum,precond_pen=1.100,1.1,True,0,8.4e-05,13.05468985,13.05468985
35,3,,quantum,precond_pen=1.100,1.1,True,1,0.003258,12.71623463,12.71623463
35,3,,quantum,precond_pen=1.200,1.2,True,0,8.5e-05,13.05468985,13.05468985
35,3,,quantum,precond_pen=1.200,1.2,True,1,0.003532,12.71623463,12.71623463
35,3,,quantum,precond_pen=1.300,1.3,True,0,8.5e-05,13.05468985,13.05468985
35,3,,quantum,precond_pen=1.300,1.3,True,1,0.003123,12.71623463,12.71623463
35,3,,quantum,precond_pen=1.400,1.4,True,0,8.5e-05,13.05468985,13.05468985
35,3,,quantum,precond_pen=1.400,1.4,True,1,0.004065,12.71623463,12.71623463
35,3,,quantum,precond_pen=1.500,1.5,True,0,8.7e-05,13.05468985,13.05468985
35,3,,quantum,precond_pen=1.500,1.5,True,1,0.002182,12.71623463,12.71623463
35,3,,quantum,precond_pen=1.600,1.6,True,0,8.4e-05,13.05468985,13.05468985
35,3,,quantum,precond_pen=1.600,1.6,True,1,0.001868,12.71623463,12.71623463
35,3,,quantum,precond_pen=1.700,1.7,True,0,8.4e-05,13.05468985,13.05468985
35,3,,quantum,precond_pen=1.700,1.7,True,1,0.002108,13.46740085,13.05468985
35,3,,quantum,precond_pen=1.700,1.7,True,2,0.002259,12.71623463,12.71623463
35,3,,quantum,precond_pen=1.800,1.8,True,0,8.5e-05,13.05468985,13.05468985
35,3,,quantum,precond_pen=1.800,1.8,True,1,0.001849,12.71623463,12.71623463
35,3,,quantum,precond_pen=1.900,1.9,True,0,8.5e-05,13.05468985,13.05468985
35,3,,quantum,precond_pen=1.900,1.9,True,1,0.002145,12.71623463,12.71623463
35,3,,quantum,precond_pen=2.000,2.0,True,0,0.000103,13.05468985,13.05468985
35,3,,quantum,precond_pen=2.000,2.0,True,1,0.004793,12.71623463,12.71623463
36,3,,quantum,baseline,,True,0,8.1e-05,14.86388835,14.86388835
36,3,,quantum,baseline,,True,1,0.001875,14.17439796,14.17439796
36,3,,quantum,baseline,,True,2,0.001946,12.24305773,12.24305773
36,3,,quantum,precond_pen=1.100,1.1,True,0,8.3e-05,14.86388835,14.86388835
36,3,,quantum,precond_pen=1.100,1.1,True,1,0.002023,14.04029927,14.04029927
36,3,,quantum,precond_pen=1.100,1.1,True,2,0.002121,12.24305773,12.24305773
36,3,,quantum,precond_pen=1.200,1.2,True,0,8.4e-05,14.86388835,14.86388835
36,3,,quantum,precond_pen=1.200,1.2,True,1,0.002019,14.04029927,14.04029927
36,3,,quantum,precond_pen=1.200,1.2,True,2,0.002107,12.24305773,12.24305773
36,3,,quantum,precond_pen=1.300,1.3,True,0,8.5e-05,14.86388835,14.86388835
36,3,,quantum,precond_pen=1.300,1.3,True,1,0.00198,12.24305773,12.24305773
36,3,,quantum,precond_pen=1.400,1.4,True,0,8.5e-05,14.86388835,14.86388835
36,3,,quantum,precond_pen=1.400,1.4,True,1,0.00191,14.88197203,14.86388835
36,3,,quantum,precond_pen=1.400,1.4,True,2,0.001981,12.24305773,12.24305773
36,3,,quantum,precond_pen=1.500,1.5,True,0,8.5e-05,14.86388835,14.86388835
36,3,,quantum,precond_pen=1.500,1.5,True,1,0.002018,14.88197203,14.86388835
36,3,,quantum,precond_pen=1.500,1.5,True,2,0.002117,12.24305773,12.24305773
36,3,,quantum,precond_pen=1.600,1.6,True,0,8.5e-05,14.86388835,14.86388835
36,3,,quantum,precond_pen=1.600,1.6,True,1,0.001941,14.52646055,14.52646055
36,3,,quantum,precond_pen=1.600,1.6,True,2,0.002111,13.23756643,13.23756643
36,3,,quantum,precond_pen=1.600,1.6,True,3,0.002194,12.24305773,12.24305773
36,3,,quantum,precond_pen=1.700,1.7,True,0,0.000104,14.86388835,14.86388835
36,3,,quantum,precond_pen=1.700,1.7,True,1,0.004154,14.88197203,14.86388835
36,3,,quantum,precond_pen=1.700,1.7,True,2,0.004407,12.24305773,12.24305773
36,3,,quantum,precond_pen=1.800,1.8,True,0,0.000152,14.86388835,14.86388835
36,3,,quantum,precond_pen=1.800,1.8,True,1,0.004915,14.17439796,14.17439796
36,3,,quantum,precond_pen=1.800,1.8,True,2,0.005167,12.24305773,12.24305773
36,3,,quantum,precond_pen=1.900,1.9,True,0,0.000148,14.86388835,14.86388835
36,3,,quantum,precond_pen=1.900,1.9,True,1,0.004524,12.24305773,12.24305773
36,3,,quantum,precond_pen=2.000,2.0,True,0,0.000151,14.86388835,14.86388835
36,3,,quantum,precond_pen=2.000,2.0,True,1,0.004797,14.17439796,14.17439796
36,3,,quantum,precond_pen=2.000,2.0,True,2,0.005059,12.24305773,12.24305773
37,3,,quantum,baseline,,True,0,0.000125,15.50893998,15.50893998
37,3,,quantum,baseline,,True,1,0.003565,14.66118311,14.66118311
37,3,,quantum,baseline,,True,2,0.003675,10.00445507,10.00445507
37,3,,quantum,precond_pen=1.100,1.1,True,0,8.7e-05,15.50893998,15.50893998
37,3,,quantum,precond_pen=1.100,1.1,True,1,0.002221,13.3779154,13.3779154
37,3,,quantum,precond_pen=1.100,1.1,True,2,0.002396,12.61682091,12.61682091
37,3,,quantum,precond_pen=1.100,1.1,True,3,0.002528,12.7308873,12.61682091
37,3,,quantum,precond_pen=1.100,1.1,True,4,0.002607,10.00445507,10.00445507
37,3,,quantum,precond_pen=1.200,1.2,True,0,8.5e-05,15.50893998,15.50893998
37,3,,quantum,precond_pen=1.200,1.2,True,1,0.002046,11.70302317,11.70302317
37,3,,quantum,precond_pen=1.200,1.2,True,2,0.002201,10.00445507,10.00445507
37,3,,quantum,precond_pen=1.300,1.3,True,0,8.8e-05,15.50893998,15.50893998
37,3,,quantum,precond_pen=1.300,1.3,True,1,0.001921,14.66118311,14.66118311
37,3,,quantum,precond_pen=1.300,1.3,True,2,0.002251,12.88469098,12.88469098
37,3,,quantum,precond_pen=1.300,1.3,True,3,0.002426,10.00445507,10.00445507
37,3,,quantum,precond_pen=1.400,1.4,True,0,8.5e-05,15.50893998,15.50893998
37,3,,quantum,precond_pen=1.400,1.4,True,1,0.001868,14.13339114,14.13339114
37,3,,quantum,precond_pen=1.400,1.4,True,2,0.002016,12.88469098,12.88469098
37,3,,quantum,precond_pen=1.400,1.4,True,3,0.002131,12.25233913,12.25233913
37,3,,quantum,precond_pen=1.400,1.4,True,4,0.002194,10.00445507,10.00445507
37,3,,quantum,precond_pen=1.500,1.5,True,0,9.3e-05,15.50893998,15.50893998
37,3,,quantum,precond_pen=1.500,1.5,True,1,0.002602,14.13339114,14.13339114
37,3,,quantum,precond_pen=1.500,1.5,True,2,0.002871,12.34124973,12.34124973
37,3,,quantum,precond_pen=1.500,1.5,True,3,0.002987,10.00445507,10.00445507
37,3,,quantum,precond_pen=1.600,1.6,True,0,0.000133,15.50893998,15.50893998
37,3,,quantum,precond_pen=1.600,1.6,True,1,0.004332,14.13339114,14.13339114
37,3,,quantum,precond_pen=1.600,1.6,True,2,0.004736,12.88469098,12.88469098
37,3,,quantum,precond_pen=1.600,1.6,True,3,0.004946,12.25233913,12.25233913
37,3,,quantum,precond_pen=1.600,1.6,True,4,0.005065,10.00445507,10.00445507
37,3,,quantum,precond_pen=1.700,1.7,True,0,0.000156,15.50893998,15.50893998
37,3,,quantum,precond_pen=1.700,1.7,True,1,0.004151,14.13339114,14.13339114
37,3,,quantum,precond_pen=1.700,1.7,True,2,0.00455,12.34124973,12.34124973
37,3,,quantum,precond_pen=1.700,1.7,True,3,0.004697,10.00445507,10.00445507
37,3,,quantum,precond_pen=1.800,1.8,True,0,0.000178,15.50893998,15.50893998
37,3,,quantum,precond_pen=1.800,1.8,True,1,0.004022,17.42425644,15.50893998
37,3,,quantum,precond_pen=1.800,1.8,True,2,0.004473,14.66118311,14.66118311
37,3,,quantum,precond_pen=1.800,1.8,True,3,0.004723,12.0971449,12.0971449
37,3,,quantum,precond_pen=1.800,1.8,True,4,0.004804,10.00445507,10.00445507
37,3,,quantum,precond_pen=1.900,1.9,True,0,0.000117,15.50893998,15.50893998
37,3,,quantum,precond_pen=1.900,1.9,True,1,0.003471,13.3779154,13.3779154
37,3,,quantum,precond_pen=1.900,1.9,True,2,0.003769,12.61682091,12.61682091
37,3,,quantum,precond_pen=1.900,1.9,True,3,0.004159,12.7308873,12.61682091
37,3,,quantum,precond_pen=1.900,1.9,True,4,0.00433,10.00445507,10.00445507
37,3,,quantum,precond_pen=2.000,2.0,True,0,0.000127,15.50893998,15.50893998
37,3,,quantum,precond_pen=2.000,2.0,True,1,0.003589,14.35899568,14.35899568
37,3,,quantum,precond_pen=2.000,2.0,True,2,0.003862,12.61682091,12.61682091
37,3,,quantum,precond_pen=2.000,2.0,True,3,0.004093,12.0971449,12.0971449
37,3,,quantum,precond_pen=2.000,2.0,True,4,0.004183,10.00445507,10.00445507
38,3,,quantum,baseline,,True,0,0.00012,15.58583954,15.58583954
38,3,,quantum,baseline,,True,1,0.003805,14.17270807,14.17270807
38,3,,quantum,baseline,,True,2,0.003921,13.58641695,13.58641695
38,3,,quantum,precond_pen=1.100,1.1,True,0,0.000125,15.58583954,15.58583954
38,3,,quantum,precond_pen=1.100,1.1,True,1,0.00385,14.9784442,14.9784442
38,3,,quantum,precond_pen=1.100,1.1,True,2,0.004208,14.17270807,14.17270807
38,3,,quantum,precond_pen=1.100,1.1,True,3,0.004523,14.11561309,14.11561309
38,3,,quantum,precond_pen=1.100,1.1,True,4,0.004634,13.58641695,13.58641695
38,3,,quantum,precond_pen=1.200,1.2,True,0,0.000124,15.58583954,15.58583954
38,3,,quantum,precond_pen=1.200,1.2,True,1,0.004119,14.9784442,14.9784442
38,3,,quantum,precond_pen=1.200,1.2,True,2,0.004345,14.86836743,14.86836743
38,3,,quantum,precond_pen=1.200,1.2,True,3,0.004493,14.7776943,14.7776943
38,3,,quantum,precond_pen=1.200,1.2,True,4,0.004575,13.714711,13.714711
38,3,,quantum,precond_pen=1.300,1.3,True,0,9.1e-05,15.58583954,15.58583954
38,3,,quantum,precond_pen=1.300,1.3,True,1,0.00223,14.9784442,14.9784442
38,3,,quantum,precond_pen=1.300,1.3,True,2,0.002387,14.86836743,14.86836743
38,3,,quantum,precond_pen=1.300,1.3,True,3,0.002538,14.7776943,14.7776943
38,3,,quantum,precond_pen=1.300,1.3,True,4,0.002598,13.714711,13.714711
38,3,,quantum,precond_pen=1.400,1.4,True,0,8.4e-05,15.58583954,15.58583954
38,3,,quantum,precond_pen=1.400,1.4,True,1,0.002146,14.9784442,14.9784442
38,3,,quantum,precond_pen=1.400,1.4,True,2,0.002342,14.17270807,14.17270807
38,3,,quantum,precond_pen=1.400,1.4,True,3,0.002539,14.02552274,14.02552274
38,3,,quantum,precond_pen=1.400,1.4,True,4,0.002624,13.714711,13.714711
38,3,,quantum,precond_pen=1.400,1.4,True,5,0.005038,13.58641695,13.58641695
38,3,,quantum,precond_pen=1.400,1.4,True,6,0.005358,13.58641695,13.58641695
38,3,,quantum,precond_pen=1.500,1.5,True,0,8.5e-05,15.58583954,15.58583954
38,3,,quantum,precond_pen=1.500,1.5,True,1,0.001896,14.9784442,14.9784442
38,3,,quantum,precond_pen=1.500,1.5,True,2,0.002024,14.17270807,14.17270807
38,3,,quantum,precond_pen=1.500,1.5,True,3,0.002127,14.11561309,14.11561309
38,3,,quantum,precond_pen=1.500,1.5,True,4,0.002184,13.58641695,13.58641695
38,3,,quantum,precond_pen=1.600,1.6,True,0,0.0001,15.58583954,15.58583954
38,3,,quantum,precond_pen=1.600,1.6,True,1,0.002444,14.9784442,14.9784442
38,3,,quantum,precond_pen=1.600,1.6,True,2,0.002597,14.17270807,14.17270807
38,3,,quantum,precond_pen=1.600,1.6,True,3,0.002749,14.02552274,14.02552274
38,3,,quantum,precond_pen=1.600,1.6,True,4,0.002816,13.714711,13.714711
38,3,,quantum,precond_pen=1.600,1.6,True,5,0.007561,13.58641695,13.58641695
38,3,,quantum,precond_pen=1.700,1.7,True,0,9.8e-05,15.58583954,15.58583954
38,3,,quantum,precond_pen=1.700,1.7,True,1,0.001827,14.9784442,14.9784442
38,3,,quantum,precond_pen=1.700,1.7,True,2,0.001953,14.17270807,14.17270807
38,3,,quantum,precond_pen=1.700,1.7,True,3,0.002055,14.02552274,14.02552274
38,3,,quantum,precond_pen=1.700,1.7,True,4,0.002119,13.714711,13.714711
38,3,,quantum,precond_pen=1.700,1.7,True,5,0.006164,13.58641695,13.58641695
38,3,,quantum,precond_pen=1.800,1.8,True,0,8.5e-05,15.58583954,15.58583954
38,3,,quantum,precond_pen=1.800,1.8,True,1,0.00196,14.9784442,14.9784442
38,3,,quantum,precond_pen=1.800,1.8,True,2,0.002135,14.17270807,14.17270807
38,3,,quantum,precond_pen=1.800,1.8,True,3,0.002321,14.02552274,14.02552274
38,3,,quantum,precond_pen=1.800,1.8,True,4,0.002403,13.714711,13.714711
38,3,,quantum,precond_pen=1.800,1.8,True,5,0.006633,13.58641695,13.58641695
38,3,,quantum,precond_pen=1.900,1.9,True,0,8.4e-05,15.58583954,15.58583954
38,3,,quantum,precond_pen=1.900,1.9,True,1,0.001794,14.9784442,14.9784442
38,3,,quantum,precond_pen=1.900,1.9,True,2,0.001925,14.17270807,14.17270807
38,3,,quantum,precond_pen=1.900,1.9,True,3,0.002071,14.02552274,14.02552274
38,3,,quantum,precond_pen=1.900,1.9,True,4,0.002136,13.714711,13.714711
38,3,,quantum,precond_pen=1.900,1.9,True,5,0.006237,13.58641695,13.58641695
38,3,,quantum,precond_pen=2.000,2.0,True,0,0.000177,15.58583954,15.58583954
38,3,,quantum,precond_pen=2.000,2.0,True,1,0.003859,14.9784442,14.9784442
38,3,,quantum,precond_pen=2.000,2.0,True,2,0.004199,14.17270807,14.17270807
38,3,,quantum,precond_pen=2.000,2.0,True,3,0.004348,14.2031504,14.17270807
39,3,,quantum,baseline,,True,0,0.000146,16.8399777,16.8399777
39,3,,quantum,baseline,,True,1,0.004333,15.61417024,15.61417024
39,3,,quantum,baseline,,True,2,0.004563,13.4056459,13.4056459
39,3,,quantum,precond_pen=1.100,1.1,True,0,0.000154,16.8399777,16.8399777
39,3,,quantum,precond_pen=1.100,1.1,True,1,0.004421,13.4056459,13.4056459
39,3,,quantum,precond_pen=1.200,1.2,True,0,0.000134,16.8399777,16.8399777
39,3,,quantum,precond_pen=1.200,1.2,True,1,0.00429,16.08905007,16.08905007
39,3,,quantum,precond_pen=1.200,1.2,True,2,0.004661,15.61417024,15.61417024
39,3,,quantum,precond_pen=1.200,1.2,True,3,0.004821,13.4056459,13.4056459
39,3,,quantum,precond_pen=1.300,1.3,True,0,0.000128,16.8399777,16.8399777
39,3,,quantum,precond_pen=1.300,1.3,True,1,0.003805,14.2043299,14.2043299
39,3,,quantum,precond_pen=1.300,1.3,True,2,0.003967,13.4056459,13.4056459
39,3,,quantum,precond_pen=1.400,1.4,True,0,0.000137,16.8399777,16.8399777
39,3,,quantum,precond_pen=1.400,1.4,True,1,0.004173,14.32605217,14.32605217
39,3,,quantum,precond_pen=1.400,1.4,True,2,0.004386,13.4056459,13.4056459
39,3,,quantum,precond_pen=1.500,1.5,True,0,0.000235,16.8399777,16.8399777
39,3,,quantum,precond_pen=1.500,1.5,True,1,0.004265,14.32605217,14.32605217
39,3,,quantum,precond_pen=1.500,1.5,True,2,0.004451,13.4056459,13.4056459
39,3,,quantum,precond_pen=1.600,1.6,True,0,0.000264,16.8399777,16.8399777
39,3,,quantum,precond_pen=1.600,1.6,True,1,0.004001,14.91739795,14.91739795
39,3,,quantum,precond_pen=1.600,1.6,True,2,0.004192,13.4056459,13.4056459
39,3,,quantum,precond_pen=1.700,1.7,True,0,0.000202,16.8399777,16.8399777
39,3,,quantum,precond_pen=1.700,1.7,True,1,0.003197,15.67247547,15.67247547
39,3,,quantum,precond_pen=1.700,1.7,True,2,0.003341,14.30041784,14.30041784
39,3,,quantum,precond_pen=1.700,1.7,True,3,0.003423,13.4056459,13.4056459
39,3,,quantum,precond_pen=1.800,1.8,True,0,0.000124,16.8399777,16.8399777
39,3,,quantum,precond_pen=1.800,1.8,True,1,0.002481,14.32605217,14.32605217
39,3,,quantum,precond_pen=1.800,1.8,True,2,0.002616,13.4056459,13.4056459
39,3,,quantum,precond_pen=1.900,1.9,True,0,0.000135,16.8399777,16.8399777
39,3,,quantum,precond_pen=1.900,1.9,True,1,0.002218,15.67247547,15.67247547
39,3,,quantum,precond_pen=1.900,1.9,True,2,0.002356,14.2043299,14.2043299
39,3,,quantum,precond_pen=1.900,1.9,True,3,0.002438,13.4056459,13.4056459
39,3,,quantum,precond_pen=2.000,2.0,True,0,9.7e-05,16.8399777,16.8399777
39,3,,quantum,precond_pen=2.000,2.0,True,1,0.002195,14.32605217,14.32605217
39,3,,quantum,precond_pen=2.000,2.0,True,2,0.002304,13.4056459,13.4056459
40,3,,quantum,baseline,,True,0,9.5e-05,13.14108311,13.14108311
40,3,,quantum,baseline,,True,1,0.001959,11.30339307,11.30339307
40,3,,quantum,precond_pen=1.100,1.1,True,0,0.00011,13.14108311,13.14108311
40,3,,quantum,precond_pen=1.100,1.1,True,1,0.001943,11.30339307,11.30339307
40,3,,quantum,precond_pen=1.200,1.2,True,0,0.000138,13.14108311,13.14108311
40,3,,quantum,precond_pen=1.200,1.2,True,1,0.00218,11.30339307,11.30339307
40,3,,quantum,precond_pen=1.300,1.3,True,0,0.000142,13.14108311,13.14108311
40,3,,quantum,precond_pen=1.300,1.3,True,1,0.00204,12.28087235,12.28087235
40,3,,quantum,precond_pen=1.300,1.3,True,2,0.002209,11.30339307,11.30339307
40,3,,quantum,precond_pen=1.400,1.4,True,0,0.000138,13.14108311,13.14108311
40,3,,quantum,precond_pen=1.400,1.4,True,1,0.002056,12.3475174,12.3475174
40,3,,quantum,precond_pen=1.400,1.4,True,2,0.005031,11.30339307,11.30339307
40,3,,quantum,precond_pen=1.500,1.5,True,0,0.000162,13.14108311,13.14108311
40,3,,quantum,precond_pen=1.500,1.5,True,1,0.0037,11.30339307,11.30339307
40,3,,quantum,precond_pen=1.600,1.6,True,0,0.000518,13.14108311,13.14108311
40,3,,quantum,precond_pen=1.600,1.6,True,1,0.007599,12.40512431,12.40512431
40,3,,quantum,precond_pen=1.600,1.6,True,2,0.008219,12.3475174,12.3475174
40,3,,quantum,precond_pen=1.600,1.6,True,3,0.011396,11.30339307,11.30339307
40,3,,quantum,precond_pen=1.700,1.7,True,0,0.000502,13.14108311,13.14108311
40,3,,quantum,precond_pen=1.700,1.7,True,1,0.007811,11.30339307,11.30339307
40,3,,quantum,precond_pen=1.800,1.8,True,0,0.000557,13.14108311,13.14108311
40,3,,quantum,precond_pen=1.800,1.8,True,1,0.007521,12.40512431,12.40512431
40,3,,quantum,precond_pen=1.800,1.8,True,2,0.007922,11.30339307,11.30339307
40,3,,quantum,precond_pen=1.900,1.9,True,0,0.000495,13.14108311,13.14108311
40,3,,quantum,precond_pen=1.900,1.9,True,1,0.00691,11.30339307,11.30339307
40,3,,quantum,precond_pen=2.000,2.0,True,0,0.00014,13.14108311,13.14108311
40,3,,quantum,precond_pen=2.000,2.0,True,1,0.003033,12.40512431,12.40512431
40,3,,quantum,precond_pen=2.000,2.0,True,2,0.003163,11.30339307,11.30339307
41,3,,quantum,baseline,,True,0,9.2e-05,18.86083281,18.86083281
41,3,,quantum,baseline,,True,1,0.001999,17.86755974,17.86755974
41,3,,quantum,baseline,,True,2,0.002078,16.19679594,16.19679594
41,3,,quantum,precond_pen=1.100,1.1,True,0,9.1e-05,18.86083281,18.86083281
41,3,,quantum,precond_pen=1.100,1.1,True,1,0.00198,16.19679594,16.19679594
41,3,,quantum,precond_pen=1.100,1.1,True,2,0.002081,16.21270143,16.19679594
41,3,,quantum,precond_pen=1.200,1.2,True,0,9.1e-05,18.86083281,18.86083281
41,3,,quantum,precond_pen=1.200,1.2,True,1,0.001915,17.04456907,17.04456907
41,3,,quantum,precond_pen=1.200,1.2,True,2,0.002051,16.21270143,16.21270143
41,3,,quantum,precond_pen=1.300,1.3,True,0,9.2e-05,18.86083281,18.86083281
41,3,,quantum,precond_pen=1.300,1.3,True,1,0.001854,18.17560569,18.17560569
41,3,,quantum,precond_pen=1.300,1.3,True,2,0.001985,18.28459383,18.17560569
41,3,,quantum,precond_pen=1.300,1.3,True,3,0.002084,16.21270143,16.21270143
41,3,,quantum,precond_pen=1.400,1.4,True,0,0.000105,18.86083281,18.86083281
41,3,,quantum,precond_pen=1.400,1.4,True,1,0.001795,17.99819188,17.99819188
41,3,,quantum,precond_pen=1.400,1.4,True,2,0.001921,18.28459383,17.99819188
41,3,,quantum,precond_pen=1.400,1.4,True,3,0.002019,17.63782594,17.63782594
41,3,,quantum,precond_pen=1.400,1.4,True,4,0.002096,16.21270143,16.21270143
41,3,,quantum,precond_pen=1.500,1.5,True,0,9.2e-05,18.86083281,18.86083281
41,3,,quantum,precond_pen=1.500,1.5,True,1,0.001784,17.99819188,17.99819188
41,3,,quantum,precond_pen=1.500,1.5,True,2,0.001914,16.21270143,16.21270143
41,3,,quantum,precond_pen=1.500,1.5,True,3,0.002017,16.19679594,16.19679594
41,3,,quantum,precond_pen=1.600,1.6,True,0,9.2e-05,18.86083281,18.86083281
41,3,,quantum,precond_pen=1.600,1.6,True,1,0.001788,17.99819188,17.99819188
41,3,,quantum,precond_pen=1.600,1.6,True,2,0.00203,16.21270143,16.21270143
41,3,,quantum,precond_pen=1.700,1.7,True,0,0.000131,18.86083281,18.86083281
41,3,,quantum,precond_pen=1.700,1.7,True,1,0.001872,18.28459383,18.28459383
41,3,,quantum,precond_pen=1.700,1.7,True,2,0.002108,16.21270143,16.21270143
41,3,,quantum,precond_pen=1.800,1.8,True,0,9.1e-05,18.86083281,18.86083281
41,3,,quantum,precond_pen=1.800,1.8,True,1,0.001818,16.19679594,16.19679594
41,3,,quantum,precond_pen=1.800,1.8,True,2,0.001912,16.21270143,16.19679594
41,3,,quantum,precond_pen=1.900,1.9,True,0,9.2e-05,18.86083281,18.86083281
41,3,,quantum,precond_pen=1.900,1.9,True,1,0.001819,17.99819188,17.99819188
41,3,,quantum,precond_pen=1.900,1.9,True,2,0.001963,18.28459383,17.99819188
41,3,,quantum,precond_pen=1.900,1.9,True,3,0.002065,19.12014314,17.99819188
41,3,,quantum,precond_pen=2.000,2.0,True,0,0.000132,18.86083281,18.86083281
41,3,,quantum,precond_pen=2.000,2.0,True,1,0.002041,18.17560569,18.17560569
41,3,,quantum,precond_pen=2.000,2.0,True,2,0.002213,18.28459383,18.17560569
41,3,,quantum,precond_pen=2.000,2.0,True,3,0.002343,18.31836352,18.17560569
41,3,,quantum,precond_pen=2.000,2.0,True,4,0.002426,16.21270143,16.21270143
42,3,,quantum,baseline,,True,0,0.000508,17.56217149,17.56217149
42,3,,quantum,baseline,,True,1,0.007617,17.28549904,17.28549904
42,3,,quantum,baseline,,True,2,0.007943,14.90265768,14.90265768
42,3,,quantum,precond_pen=1.100,1.1,True,0,0.000485,17.56217149,17.56217149
42,3,,quantum,precond_pen=1.100,1.1,True,1,0.007123,14.90265768,14.90265768
42,3,,quantum,precond_pen=1.200,1.2,True,0,0.000484,17.56217149,17.56217149
42,3,,quantum,precond_pen=1.200,1.2,True,1,0.006953,14.90265768,14.90265768
42,3,,quantum,precond_pen=1.300,1.3,True,0,0.000126,17.56217149,17.56217149
42,3,,quantum,precond_pen=1.300,1.3,True,1,0.004182,15.77652744,15.77652744
42,3,,quantum,precond_pen=1.300,1.3,True,2,0.004685,14.90265768,14.90265768
42,3,,quantum,precond_pen=1.400,1.4,True,0,0.000168,17.56217149,17.56217149
42,3,,quantum,precond_pen=1.400,1.4,True,1,0.004774,15.77652744,15.77652744
42,3,,quantum,precond_pen=1.400,1.4,True,2,0.005232,14.90265768,14.90265768
42,3,,quantum,precond_pen=1.500,1.5,True,0,0.000108,17.56217149,17.56217149
42,3,,quantum,precond_pen=1.500,1.5,True,1,0.002562,15.77652744,15.77652744
42,3,,quantum,precond_pen=1.500,1.5,True,2,0.002766,14.90265768,14.90265768
42,3,,quantum,precond_pen=1.600,1.6,True,0,9.2e-05,17.56217149,17.56217149
42,3,,quantum,precond_pen=1.600,1.6,True,1,0.001972,15.77652744,15.77652744
42,3,,quantum,precond_pen=1.600,1.6,True,2,0.002136,14.90265768,14.90265768
42,3,,quantum,precond_pen=1.700,1.7,True,0,9.5e-05,17.56217149,17.56217149
42,3,,quantum,precond_pen=1.700,1.7,True,1,0.001831,15.77652744,15.77652744
42,3,,quantum,precond_pen=1.700,1.7,True,2,0.001987,14.90265768,14.90265768
42,3,,quantum,precond_pen=1.800,1.8,True,0,9.2e-05,17.56217149,17.56217149
42,3,,quantum,precond_pen=1.800,1.8,True,1,0.002112,15.77652744,15.77652744
42,3,,quantum,precond_pen=1.800,1.8,True,2,0.002305,14.90265768,14.90265768
42,3,,quantum,precond_pen=1.900,1.9,True,0,9.5e-05,17.56217149,17.56217149
42,3,,quantum,precond_pen=1.900,1.9,True,1,0.001859,15.77652744,15.77652744
42,3,,quantum,precond_pen=1.900,1.9,True,2,0.002011,14.90265768,14.90265768
42,3,,quantum,precond_pen=2.000,2.0,True,0,9.1e-05,17.56217149,17.56217149
42,3,,quantum,precond_pen=2.000,2.0,True,1,0.001811,15.77652744,15.77652744
42,3,,quantum,precond_pen=2.000,2.0,True,2,0.002071,14.90265768,14.90265768
43,3,,quantum,baseline,,True,0,0.000131,18.94087428,18.94087428
43,3,,quantum,baseline,,True,1,0.002146,15.47425418,15.47425418
43,3,,quantum,baseline,,True,2,0.002261,13.57398494,13.57398494
43,3,,quantum,precond_pen=1.100,1.1,True,0,0.00013,18.94087428,18.94087428
43,3,,quantum,precond_pen=1.100,1.1,True,1,0.001882,13.63512825,13.63512825
43,3,,quantum,precond_pen=1.100,1.1,True,2,0.002023,13.57398494,13.57398494
43,3,,quantum,precond_pen=1.200,1.2,True,0,9.1e-05,18.94087428,18.94087428
43,3,,quantum,precond_pen=1.200,1.2,True,1,0.001767,13.63512825,13.63512825
43,3,,quantum,precond_pen=1.300,1.3,True,0,9e-05,18.94087428,18.94087428
43,3,,quantum,precond_pen=1.300,1.3,True,1,0.001816,16.36563992,16.36563992
43,3,,quantum,precond_pen=1.300,1.3,True,2,0.002049,14.23824604,14.23824604
43,3,,quantum,precond_pen=1.300,1.3,True,3,0.002207,13.57398494,13.57398494
43,3,,quantum,precond_pen=1.300,1.3,True,4,0.002273,13.63512825,13.57398494
43,3,,quantum,precond_pen=1.400,1.4,True,0,9.1e-05,18.94087428,18.94087428
43,3,,quantum,precond_pen=1.400,1.4,True,1,0.001786,16.36563992,16.36563992
43,3,,quantum,precond_pen=1.400,1.4,True,2,0.001879,14.23824604,14.23824604
43,3,,quantum,precond_pen=1.400,1.4,True,3,0.00201,13.57398494,13.57398494
43,3,,quantum,precond_pen=1.400,1.4,True,4,0.002071,13.63512825,13.57398494
43,3,,quantum,precond_pen=1.500,1.5,True,0,9.1e-05,18.94087428,18.94087428
43,3,,quantum,precond_pen=1.500,1.5,True,1,0.001784,16.72908909,16.72908909
43,3,,quantum,precond_pen=1.500,1.5,True,2,0.00192,14.23824604,14.23824604
43,3,,quantum,precond_pen=1.500,1.5,True,3,0.002035,13.57398494,13.57398494
43,3,,quantum,precond_pen=1.500,1.5,True,4,0.002093,13.63512825,13.57398494
43,3,,quantum,precond_pen=1.600,1.6,True,0,9.1e-05,18.94087428,18.94087428
43,3,,quantum,precond_pen=1.600,1.6,True,1,0.001843,16.72908909,16.72908909
43,3,,quantum,precond_pen=1.600,1.6,True,2,0.001986,14.23824604,14.23824604
43,3,,quantum,precond_pen=1.600,1.6,True,3,0.00209,13.57398494,13.57398494
43,3,,quantum,precond_pen=1.600,1.6,True,4,0.002169,13.63512825,13.57398494
43,3,,quantum,precond_pen=1.700,1.7,True,0,9.1e-05,18.94087428,18.94087428
43,3,,quantum,precond_pen=1.700,1.7,True,1,0.001977,16.36563992,16.36563992
43,3,,quantum,precond_pen=1.700,1.7,True,2,0.002105,14.23824604,14.23824604
43,3,,quantum,precond_pen=1.700,1.7,True,3,0.002242,13.63512825,13.63512825
43,3,,quantum,precond_pen=1.800,1.8,True,0,9.2e-05,18.94087428,18.94087428
43,3,,quantum,precond_pen=1.800,1.8,True,1,0.001736,16.36563992,16.36563992
43,3,,quantum,precond_pen=1.800,1.8,True,2,0.001828,14.23824604,14.23824604
43,3,,quantum,precond_pen=1.800,1.8,True,3,0.001927,13.63512825,13.63512825
43,3,,quantum,precond_pen=1.900,1.9,True,0,0.000112,18.94087428,18.94087428
43,3,,quantum,precond_pen=1.900,1.9,True,1,0.003315,16.36563992,16.36563992
43,3,,quantum,precond_pen=1.900,1.9,True,2,0.003508,14.23824604,14.23824604
43,3,,quantum,precond_pen=1.900,1.9,True,3,0.003691,14.08335032,14.08335032
43,3,,quantum,precond_pen=1.900,1.9,True,4,0.003775,13.63512825,13.63512825
43,3,,quantum,precond_pen=2.000,2.0,True,0,0.000126,18.94087428,18.94087428
43,3,,quantum,precond_pen=2.000,2.0,True,1,0.003993,16.36563992,16.36563992
43,3,,quantum,precond_pen=2.000,2.0,True,2,0.004183,14.23824604,14.23824604
43,3,,quantum,precond_pen=2.000,2.0,True,3,0.004385,14.08335032,14.08335032
43,3,,quantum,precond_pen=2.000,2.0,True,4,0.004468,13.63512825,13.63512825
44,3,,quantum,baseline,,True,0,0.000132,18.50951033,18.50951033
44,3,,quantum,baseline,,True,1,0.004049,17.15445578,17.15445578
44,3,,quantum,baseline,,True,2,0.004145,11.27957601,11.27957601
44,3,,quantum,precond_pen=1.100,1.1,True,0,0.000119,18.50951033,18.50951033
44,3,,quantum,precond_pen=1.100,1.1,True,1,0.003751,11.27957601,11.27957601
44,3,,quantum,precond_pen=1.200,1.2,True,0,0.000131,18.50951033,18.50951033
44,3,,quantum,precond_pen=1.200,1.2,True,1,0.003868,13.52509348,13.52509348
44,3,,quantum,precond_pen=1.200,1.2,True,2,0.004063,11.27957601,11.27957601
44,3,,quantum,precond_pen=1.300,1.3,True,0,0.00015,18.50951033,18.50951033
44,3,,quantum,precond_pen=1.300,1.3,True,1,0.003492,11.27957601,11.27957601
44,3,,quantum,precond_pen=1.400,1.4,True,0,0.000122,18.50951033,18.50951033
44,3,,quantum,precond_pen=1.400,1.4,True,1,0.003125,11.27957601,11.27957601
44,3,,quantum,precond_pen=1.500,1.5,True,0,0.000121,18.50951033,18.50951033
44,3,,quantum,precond_pen=1.500,1.5,True,1,0.003661,11.27957601,11.27957601
44,3,,quantum,precond_pen=1.600,1.6,True,0,0.000151,18.50951033,18.50951033
44,3,,quantum,precond_pen=1.600,1.6,True,1,0.004058,11.27957601,11.27957601
44,3,,quantum,precond_pen=1.700,1.7,True,0,0.00011,18.50951033,18.50951033
44,3,,quantum,precond_pen=1.700,1.7,True,1,0.002546,11.27957601,11.27957601
44,3,,quantum,precond_pen=1.800,1.8,True,0,9.8e-05,18.50951033,18.50951033
44,3,,quantum,precond_pen=1.800,1.8,True,1,0.001803,11.27957601,11.27957601
44,3,,quantum,precond_pen=1.900,1.9,True,0,9.3e-05,18.50951033,18.50951033
44,3,,quantum,precond_pen=1.900,1.9,True,1,0.001928,11.27957601,11.27957601
44,3,,quantum,precond_pen=2.000,2.0,True,0,9.6e-05,18.50951033,18.50951033
44,3,,quantum,precond_pen=2.000,2.0,True,1,0.001857,11.27957601,11.27957601
45,3,,quantum,baseline,,True,0,9.1e-05,19.44217896,19.44217896
45,3,,quantum,baseline,,True,1,0.002059,17.6260997,17.6260997
45,3,,quantum,baseline,,True,2,0.002136,15.85010081,15.85010081
45,3,,quantum,precond_pen=1.100,1.1,True,0,9.6e-05,19.44217896,19.44217896
45,3,,quantum,precond_pen=1.100,1.1,True,1,0.001988,16.0376477,16.0376477
45,3,,quantum,precond_pen=1.100,1.1,True,2,0.002136,15.90012302,15.90012302
45,3,,quantum,precond_pen=1.100,1.1,True,3,0.002219,15.85010081,15.85010081
45,3,,quantum,precond_pen=1.200,1.2,True,0,9e-05,19.44217896,19.44217896
45,3,,quantum,precond_pen=1.200,1.2,True,1,0.002115,16.0376477,16.0376477
45,3,,quantum,precond_pen=1.200,1.2,True,2,0.002318,15.90012302,15.90012302
45,3,,quantum,precond_pen=1.200,1.2,True,3,0.00243,15.85010081,15.85010081
45,3,,quantum,precond_pen=1.300,1.3,True,0,9.2e-05,19.44217896,19.44217896
45,3,,quantum,precond_pen=1.300,1.3,True,1,0.001903,16.60163991,16.60163991
45,3,,quantum,precond_pen=1.300,1.3,True,2,0.002078,16.0376477,16.0376477
45,3,,quantum,precond_pen=1.300,1.3,True,3,0.002187,15.85010081,15.85010081
45,3,,quantum,precond_pen=1.400,1.4,True,0,9.1e-05,19.44217896,19.44217896
45,3,,quantum,precond_pen=1.400,1.4,True,1,0.002089,16.0376477,16.0376477
45,3,,quantum,precond_pen=1.400,1.4,True,2,0.002274,15.90012302,15.90012302
45,3,,quantum,precond_pen=1.400,1.4,True,3,0.002377,15.85010081,15.85010081
45,3,,quantum,precond_pen=1.500,1.5,True,0,9.1e-05,19.44217896,19.44217896
45,3,,quantum,precond_pen=1.500,1.5,True,1,0.001896,16.60163991,16.60163991
45,3,,quantum,precond_pen=1.500,1.5,True,2,0.002083,15.90012302,15.90012302
45,3,,quantum,precond_pen=1.500,1.5,True,3,0.002206,15.85010081,15.85010081
45,3,,quantum,precond_pen=1.600,1.6,True,0,9.1e-05,19.44217896,19.44217896
45,3,,quantum,precond_pen=1.600,1.6,True,1,0.001888,16.60163991,16.60163991
45,3,,quantum,precond_pen=1.600,1.6,True,2,0.002069,16.0376477,16.0376477
45,3,,quantum,precond_pen=1.600,1.6,True,3,0.002173,15.85010081,15.85010081
45,3,,quantum,precond_pen=1.700,1.7,True,0,9.1e-05,19.44217896,19.44217896
45,3,,quantum,precond_pen=1.700,1.7,True,1,0.001903,16.60163991,16.60163991
45,3,,quantum,precond_pen=1.700,1.7,True,2,0.002089,16.0376477,16.0376477
45,3,,quantum,precond_pen=1.700,1.7,True,3,0.002249,15.90012302,15.90012302
45,3,,quantum,precond_pen=1.800,1.8,True,0,9.1e-05,19.44217896,19.44217896
45,3,,quantum,precond_pen=1.800,1.8,True,1,0.001902,16.60163991,16.60163991
45,3,,quantum,precond_pen=1.800,1.8,True,2,0.002093,16.0376477,16.0376477
45,3,,quantum,precond_pen=1.800,1.8,True,3,0.00221,15.90012302,15.90012302
45,3,,quantum,precond_pen=1.900,1.9,True,0,9.1e-05,19.44217896,19.44217896
45,3,,quantum,precond_pen=1.900,1.9,True,1,0.001894,17.42554984,17.42554984
45,3,,quantum,precond_pen=1.900,1.9,True,2,0.00206,17.6260997,17.42554984
45,3,,quantum,precond_pen=1.900,1.9,True,3,0.002225,17.12399338,17.12399338
45,3,,quantum,precond_pen=1.900,1.9,True,4,0.002306,16.0376477,16.0376477
45,3,,quantum,precond_pen=2.000,2.0,True,0,9.5e-05,19.44217896,19.44217896
45,3,,quantum,precond_pen=2.000,2.0,True,1,0.002053,16.60163991,16.60163991
45,3,,quantum,precond_pen=2.000,2.0,True,2,0.002225,16.0376477,16.0376477
45,3,,quantum,precond_pen=2.000,2.0,True,3,0.002328,15.90012302,15.90012302
46,3,,quantum,baseline,,True,0,0.000153,17.35738643,17.35738643
46,3,,quantum,baseline,,True,1,0.004276,15.41649381,15.41649381
46,3,,quantum,baseline,,True,2,0.004416,12.86542934,12.86542934
46,3,,quantum,precond_pen=1.100,1.1,True,0,0.00014,17.35738643,17.35738643
46,3,,quantum,precond_pen=1.100,1.1,True,1,0.003739,15.77424341,15.77424341
46,3,,quantum,precond_pen=1.100,1.1,True,2,0.004051,14.43742265,14.43742265
46,3,,quantum,precond_pen=1.100,1.1,True,3,0.004221,12.86542934,12.86542934
46,3,,quantum,precond_pen=1.200,1.2,True,0,0.000126,17.35738643,17.35738643
46,3,,quantum,precond_pen=1.200,1.2,True,1,0.003872,15.77424341,15.77424341
46,3,,quantum,precond_pen=1.200,1.2,True,2,0.004237,13.6458556,13.6458556
46,3,,quantum,precond_pen=1.200,1.2,True,3,0.004439,12.86542934,12.86542934
46,3,,quantum,precond_pen=1.300,1.3,True,0,0.00014,17.35738643,17.35738643
46,3,,quantum,precond_pen=1.300,1.3,True,1,0.003497,15.77424341,15.77424341
46,3,,quantum,precond_pen=1.300,1.3,True,2,0.003776,13.6458556,13.6458556
46,3,,quantum,precond_pen=1.300,1.3,True,3,0.004,12.86542934,12.86542934
46,3,,quantum,precond_pen=1.400,1.4,True,0,0.000114,17.35738643,17.35738643
46,3,,quantum,precond_pen=1.400,1.4,True,1,0.003192,15.77424341,15.77424341
46,3,,quantum,precond_pen=1.400,1.4,True,2,0.003448,13.6458556,13.6458556
46,3,,quantum,precond_pen=1.400,1.4,True,3,0.003607,12.86542934,12.86542934
46,3,,quantum,precond_pen=1.500,1.5,True,0,0.000124,17.35738643,17.35738643
46,3,,quantum,precond_pen=1.500,1.5,True,1,0.003435,15.77424341,15.77424341
46,3,,quantum,precond_pen=1.500,1.5,True,2,0.003728,13.6458556,13.6458556
46,3,,quantum,precond_pen=1.500,1.5,True,3,0.003961,12.86542934,12.86542934
46,3,,quantum,precond_pen=1.600,1.6,True,0,0.000123,17.35738643,17.35738643
46,3,,quantum,precond_pen=1.600,1.6,True,1,0.00327,15.77424341,15.77424341
46,3,,quantum,precond_pen=1.600,1.6,True,2,0.00349,13.6458556,13.6458556
46,3,,quantum,precond_pen=1.600,1.6,True,3,0.003715,12.86542934,12.86542934
46,3,,quantum,precond_pen=1.700,1.7,True,0,9.4e-05,17.35738643,17.35738643
46,3,,quantum,precond_pen=1.700,1.7,True,1,0.002203,15.77424341,15.77424341
46,3,,quantum,precond_pen=1.700,1.7,True,2,0.002373,13.6458556,13.6458556
46,3,,quantum,precond_pen=1.700,1.7,True,3,0.002543,12.86542934,12.86542934
46,3,,quantum,precond_pen=1.800,1.8,True,0,9.7e-05,17.35738643,17.35738643
46,3,,quantum,precond_pen=1.800,1.8,True,1,0.001948,15.77424341,15.77424341
46,3,,quantum,precond_pen=1.800,1.8,True,2,0.002081,14.9482508,14.9482508
46,3,,quantum,precond_pen=1.800,1.8,True,3,0.002179,14.43742265,14.43742265
46,3,,quantum,precond_pen=1.800,1.8,True,4,0.00224,12.86542934,12.86542934
46,3,,quantum,precond_pen=1.900,1.9,True,0,9.1e-05,17.35738643,17.35738643
46,3,,quantum,precond_pen=1.900,1.9,True,1,0.001951,15.77424341,15.77424341
46,3,,quantum,precond_pen=1.900,1.9,True,2,0.0021,13.6458556,13.6458556
46,3,,quantum,precond_pen=1.900,1.9,True,3,0.002259,12.86542934,12.86542934
46,3,,quantum,precond_pen=2.000,2.0,True,0,9.2e-05,17.35738643,17.35738643
46,3,,quantum,precond_pen=2.000,2.0,True,1,0.001882,15.77424341,15.77424341
46,3,,quantum,precond_pen=2.000,2.0,True,2,0.002017,13.6458556,13.6458556
46,3,,quantum,precond_pen=2.000,2.0,True,3,0.002165,12.86542934,12.86542934
47,3,,quantum,baseline,,True,0,8.4e-05,15.40995222,15.40995222
47,3,,quantum,baseline,,True,1,0.001893,15.00806259,15.00806259
47,3,,quantum,precond_pen=1.100,1.1,True,0,8.5e-05,15.40995222,15.40995222
47,3,,quantum,precond_pen=1.100,1.1,True,1,0.001973,15.00806259,15.00806259
47,3,,quantum,precond_pen=1.200,1.2,True,0,8.4e-05,15.40995222,15.40995222
47,3,,quantum,precond_pen=1.200,1.2,True,1,0.002011,15.04546375,15.04546375
47,3,,quantum,precond_pen=1.300,1.3,True,0,8.5e-05,15.40995222,15.40995222
47,3,,quantum,precond_pen=1.300,1.3,True,1,0.001817,15.00806259,15.00806259
47,3,,quantum,precond_pen=1.300,1.3,True,2,0.001936,15.04546375,15.00806259
47,3,,quantum,precond_pen=1.400,1.4,True,0,8.3e-05,15.40995222,15.40995222
47,3,,quantum,precond_pen=1.400,1.4,True,1,0.00192,15.04546375,15.04546375
47,3,,quantum,precond_pen=1.500,1.5,True,0,0.00011,15.40995222,15.40995222
47,3,,quantum,precond_pen=1.500,1.5,True,1,0.001934,15.00806259,15.00806259
47,3,,quantum,precond_pen=1.600,1.6,True,0,8.5e-05,15.40995222,15.40995222
47,3,,quantum,precond_pen=1.600,1.6,True,1,0.002009,15.00806259,15.00806259
47,3,,quantum,precond_pen=1.600,1.6,True,2,0.00216,15.04546375,15.00806259
47,3,,quantum,precond_pen=1.700,1.7,True,0,8.5e-05,15.40995222,15.40995222
47,3,,quantum,precond_pen=1.700,1.7,True,1,0.001906,15.04546375,15.04546375
47,3,,quantum,precond_pen=1.800,1.8,True,0,8.5e-05,15.40995222,15.40995222
47,3,,quantum,precond_pen=1.800,1.8,True,1,0.00205,15.00806259,15.00806259
47,3,,quantum,precond_pen=1.800,1.8,True,2,0.002222,15.04546375,15.00806259
47,3,,quantum,precond_pen=1.900,1.9,True,0,8.5e-05,15.40995222,15.40995222
47,3,,quantum,precond_pen=1.900,1.9,True,1,0.001851,15.00806259,15.00806259
47,3,,quantum,precond_pen=2.000,2.0,True,0,8.6e-05,15.40995222,15.40995222
47,3,,quantum,precond_pen=2.000,2.0,True,1,0.002295,15.00806259,15.00806259
47,3,,quantum,precond_pen=2.000,2.0,True,2,0.002576,15.04546375,15.00806259
48,3,,quantum,baseline,,True,0,9.4e-05,14.82344399,14.82344399
48,3,,quantum,baseline,,True,1,0.002822,13.94499851,13.94499851
48,3,,quantum,baseline,,True,2,0.002922,12.34217193,12.34217193
48,3,,quantum,precond_pen=1.100,1.1,True,0,0.000207,14.82344399,14.82344399
48,3,,quantum,precond_pen=1.100,1.1,True,1,0.004355,13.94499851,13.94499851
48,3,,quantum,precond_pen=1.100,1.1,True,2,0.004501,12.34217193,12.34217193
48,3,,quantum,precond_pen=1.200,1.2,True,0,0.000144,14.82344399,14.82344399
48,3,,quantum,precond_pen=1.200,1.2,True,1,0.004405,15.74488038,14.82344399
48,3,,quantum,precond_pen=1.200,1.2,True,2,0.00471,13.94499851,13.94499851
48,3,,quantum,precond_pen=1.200,1.2,True,3,0.004838,12.34217193,12.34217193
48,3,,quantum,precond_pen=1.300,1.3,True,0,0.000183,14.82344399,14.82344399
48,3,,quantum,precond_pen=1.300,1.3,True,1,0.003579,16.86967872,14.82344399
48,3,,quantum,precond_pen=1.300,1.3,True,2,0.003958,13.94499851,13.94499851
48,3,,quantum,precond_pen=1.300,1.3,True,3,0.004184,12.34217193,12.34217193
48,3,,quantum,precond_pen=1.400,1.4,True,0,0.000165,14.82344399,14.82344399
48,3,,quantum,precond_pen=1.400,1.4,True,1,0.003125,16.86967872,14.82344399
48,3,,quantum,precond_pen=1.400,1.4,True,2,0.003471,13.94499851,13.94499851
48,3,,quantum,precond_pen=1.400,1.4,True,3,0.003647,12.34217193,12.34217193
48,3,,quantum,precond_pen=1.500,1.5,True,0,0.000112,14.82344399,14.82344399
48,3,,quantum,precond_pen=1.500,1.5,True,1,0.003206,12.34217193,12.34217193
48,3,,quantum,precond_pen=1.600,1.6,True,0,0.000104,14.82344399,14.82344399
48,3,,quantum,precond_pen=1.600,1.6,True,1,0.00353,12.34217193,12.34217193
48,3,,quantum,precond_pen=1.700,1.7,True,0,9.2e-05,14.82344399,14.82344399
48,3,,quantum,precond_pen=1.700,1.7,True,1,0.002491,13.29167285,13.29167285
48,3,,quantum,precond_pen=1.700,1.7,True,2,0.002683,12.34217193,12.34217193
48,3,,quantum,precond_pen=1.800,1.8,True,0,0.000126,14.82344399,14.82344399
48,3,,quantum,precond_pen=1.800,1.8,True,1,0.00219,13.29167285,13.29167285
48,3,,quantum,precond_pen=1.800,1.8,True,2,0.002359,12.34217193,12.34217193
48,3,,quantum,precond_pen=1.900,1.9,True,0,8.6e-05,14.82344399,14.82344399
48,3,,quantum,precond_pen=1.900,1.9,True,1,0.001958,13.94499851,13.94499851
48,3,,quantum,precond_pen=1.900,1.9,True,2,0.00203,12.34217193,12.34217193
48,3,,quantum,precond_pen=2.000,2.0,True,0,8.7e-05,14.82344399,14.82344399
48,3,,quantum,precond_pen=2.000,2.0,True,1,0.002204,13.94499851,13.94499851
48,3,,quantum,precond_pen=2.000,2.0,True,2,0.002358,12.34217193,12.34217193
49,3,,quantum,baseline,,True,0,8.9e-05,15.61734108,15.61734108
49,3,,quantum,baseline,,True,1,0.002063,12.82311751,12.82311751
49,3,,quantum,precond_pen=1.100,1.1,True,0,9.2e-05,15.61734108,15.61734108
49,3,,quantum,precond_pen=1.100,1.1,True,1,0.001991,13.51807673,13.51807673
49,3,,quantum,precond_pen=1.100,1.1,True,2,0.002135,12.82311751,12.82311751
49,3,,quantum,precond_pen=1.200,1.2,True,0,9e-05,15.61734108,15.61734108
49,3,,quantum,precond_pen=1.200,1.2,True,1,0.002099,13.51807673,13.51807673
49,3,,quantum,precond_pen=1.200,1.2,True,2,0.003789,12.82311751,12.82311751
49,3,,quantum,precond_pen=1.300,1.3,True,0,9.1e-05,15.61734108,15.61734108
49,3,,quantum,precond_pen=1.300,1.3,True,1,0.001898,15.07439554,15.07439554
49,3,,quantum,precond_pen=1.300,1.3,True,2,0.00219,13.51807673,13.51807673
49,3,,quantum,precond_pen=1.300,1.3,True,3,0.003674,12.82311751,12.82311751
49,3,,quantum,precond_pen=1.400,1.4,True,0,9.5e-05,15.61734108,15.61734108
49,3,,quantum,precond_pen=1.400,1.4,True,1,0.001921,15.07439554,15.07439554
49,3,,quantum,precond_pen=1.400,1.4,True,2,0.002041,13.51807673,13.51807673
49,3,,quantum,precond_pen=1.400,1.4,True,3,0.002137,12.82311751,12.82311751
49,3,,quantum,precond_pen=1.500,1.5,True,0,9.2e-05,15.61734108,15.61734108
49,3,,quantum,precond_pen=1.500,1.5,True,1,0.001942,15.07439554,15.07439554
49,3,,quantum,precond_pen=1.500,1.5,True,2,0.002063,14.89568017,14.89568017
49,3,,quantum,precond_pen=1.500,1.5,True,3,0.002211,13.92951125,13.92951125
49,3,,quantum,precond_pen=1.500,1.5,True,4,0.002305,12.82311751,12.82311751
49,3,,quantum,precond_pen=1.600,1.6,True,0,9.2e-05,15.61734108,15.61734108
49,3,,quantum,precond_pen=1.600,1.6,True,1,0.001868,14.1548148,14.1548148
49,3,,quantum,precond_pen=1.600,1.6,True,2,0.001965,13.51807673,13.51807673
49,3,,quantum,precond_pen=1.600,1.6,True,3,0.00307,12.82311751,12.82311751
49,3,,quantum,precond_pen=1.700,1.7,True,0,9.1e-05,15.61734108,15.61734108
49,3,,quantum,precond_pen=1.700,1.7,True,1,0.001889,15.07439554,15.07439554
49,3,,quantum,precond_pen=1.700,1.7,True,2,0.002025,13.51807673,13.51807673
49,3,,quantum,precond_pen=1.700,1.7,True,3,0.002111,12.82311751,12.82311751
49,3,,quantum,precond_pen=1.800,1.8,True,0,9e-05,15.61734108,15.61734108
49,3,,quantum,precond_pen=1.800,1.8,True,1,0.001792,15.07439554,15.07439554
49,3,,quantum,precond_pen=1.800,1.8,True,2,0.001926,13.51807673,13.51807673
49,3,,quantum,precond_pen=1.800,1.8,True,3,0.002063,13.69790301,13.51807673
49,3,,quantum,precond_pen=1.800,1.8,True,4,0.002125,12.82311751,12.82311751
49,3,,quantum,precond_pen=1.900,1.9,True,0,9e-05,15.61734108,15.61734108
49,3,,quantum,precond_pen=1.900,1.9,True,1,0.001812,15.07439554,15.07439554
49,3,,quantum,precond_pen=1.900,1.9,True,2,0.002031,13.51807673,13.51807673
49,3,,quantum,precond_pen=1.900,1.9,True,3,0.002303,12.82311751,12.82311751
49,3,,quantum,precond_pen=2.000,2.0,True,0,9.6e-05,15.61734108,15.61734108
49,3,,quantum,precond_pen=2.000,2.0,True,1,0.001986,15.07439554,15.07439554
49,3,,quantum,precond_pen=2.000,2.0,True,2,0.002229,13.51807673,13.51807673
49,3,,quantum,precond_pen=2.000,2.0,True,3,0.00348,12.82311751,12.82311751
