seed,layers,sweeps,preconditioner_family,name,penalty,presolve,event_idx,time_sec,orig_obj,running_best_orig_obj
0,2,,quantum,baseline,,False,0,0.000146,40.54893686,40.54893686
0,2,,quantum,baseline,,False,1,0.005002,39.67389112,39.67389112
0,2,,quantum,baseline,,False,2,0.005156,29.57119286,29.57119286
0,2,,quantum,baseline,,False,3,0.010623,29.14071425,29.14071425
0,2,,quantum,precond_pen=0.400,0.4,False,0,0.000107,40.54893686,40.54893686
0,2,,quantum,precond_pen=0.400,0.4,False,1,0.00234,34.48637567,34.48637567
0,2,,quantum,precond_pen=0.400,0.4,False,2,0.002534,31.55953608,31.55953608
0,2,,quantum,precond_pen=0.400,0.4,False,3,0.002634,29.14071425,29.14071425
0,2,,quantum,precond_pen=0.500,0.5,False,0,0.000105,40.54893686,40.54893686
0,2,,quantum,precond_pen=0.500,0.5,False,1,0.001822,30.0034055,30.0034055
0,2,,quantum,precond_pen=0.500,0.5,False,2,0.001998,29.14071425,29.14071425
0,2,,quantum,precond_pen=0.600,0.6,False,0,0.000106,40.54893686,40.54893686
0,2,,quantum,precond_pen=0.600,0.6,False,1,0.001805,29.76830288,29.76830288
0,2,,quantum,precond_pen=0.600,0.6,False,2,0.001984,29.14071425,29.14071425
0,2,,quantum,precond_pen=0.700,0.7,False,0,0.000106,40.54893686,40.54893686
0,2,,quantum,precond_pen=0.700,0.7,False,1,0.001804,35.7788849,35.7788849
0,2,,quantum,precond_pen=0.700,0.7,False,2,0.001988,30.96296871,30.96296871
0,2,,quantum,precond_pen=0.700,0.7,False,3,0.002074,29.14071425,29.14071425
0,2,,quantum,precond_pen=0.800,0.8,False,0,0.000109,40.54893686,40.54893686
0,2,,quantum,precond_pen=0.800,0.8,False,1,0.001765,32.83547435,32.83547435
0,2,,quantum,precond_pen=0.800,0.8,False,2,0.001939,30.96296871,30.96296871
0,2,,quantum,precond_pen=0.800,0.8,False,3,0.002026,29.14071425,29.14071425
0,2,,quantum,precond_pen=0.900,0.9,False,0,0.000107,40.54893686,40.54893686
0,2,,quantum,precond_pen=0.900,0.9,False,1,0.001887,34.52935587,34.52935587
0,2,,quantum,precond_pen=0.900,0.9,False,2,0.002114,33.39997215,33.39997215
0,2,,quantum,precond_pen=0.900,0.9,False,3,0.002219,29.14071425,29.14071425
0,2,,quantum,precond_pen=1.000,1.0,False,0,0.000105,40.54893686,40.54893686
0,2,,quantum,precond_pen=1.000,1.0,False,1,0.00185,33.82142606,33.82142606
0,2,,quantum,precond_pen=1.000,1.0,False,2,0.002063,31.9742864,31.9742864
0,2,,quantum,precond_pen=1.000,1.0,False,3,0.002161,29.14071425,29.14071425
1,2,,quantum,baseline,,False,0,0.000112,38.00991951,38.00991951
1,2,,quantum,baseline,,False,1,0.00168,36.19647818,36.19647818
1,2,,quantum,baseline,,False,2,0.001921,35.58160603,35.58160603
1,2,,quantum,baseline,,False,3,0.002088,30.92893424,30.92893424
1,2,,quantum,precond_pen=0.400,0.4,False,0,0.000106,38.00991951,38.00991951
1,2,,quantum,precond_pen=0.400,0.4,False,1,0.001928,30.92893424,30.92893424
1,2,,quantum,precond_pen=0.500,0.5,False,0,0.000106,38.00991951,38.00991951
1,2,,quantum,precond_pen=0.500,0.5,False,1,0.001721,30.92893424,30.92893424
1,2,,quantum,precond_pen=0.600,0.6,False,0,0.000105,38.00991951,38.00991951
1,2,,quantum,precond_pen=0.600,0.6,False,1,0.001878,31.48157189,31.48157189
1,2,,quantum,precond_pen=0.600,0.6,False,2,0.002054,30.92893424,30.92893424
1,2,,quantum,precond_pen=0.700,0.7,False,0,0.000106,38.00991951,38.00991951
1,2,,quantum,precond_pen=0.700,0.7,False,1,0.001837,32.75636868,32.75636868
1,2,,quantum,precond_pen=0.700,0.7,False,2,0.00206,30.92893424,30.92893424
1,2,,quantum,precond_pen=0.800,0.8,False,0,0.000111,38.00991951,38.00991951
1,2,,quantum,precond_pen=0.800,0.8,False,1,0.002096,35.64843307,35.64843307
1,2,,quantum,precond_pen=0.800,0.8,False,2,0.002279,35.31846707,35.31846707
1,2,,quantum,precond_pen=0.800,0.8,False,3,0.002454,34.5579121,34.5579121
1,2,,quantum,precond_pen=0.800,0.8,False,4,0.002555,30.92893424,30.92893424
1,2,,quantum,precond_pen=0.900,0.9,False,0,0.000107,38.00991951,38.00991951
1,2,,quantum,precond_pen=0.900,0.9,False,1,0.00186,36.70559474,36.70559474
1,2,,quantum,precond_pen=0.900,0.9,False,2,0.002008,35.58160603,35.58160603
1,2,,quantum,precond_pen=0.900,0.9,False,3,0.002169,30.92893424,30.92893424
1,2,,quantum,precond_pen=1.000,1.0,False,0,0.000109,38.00991951,38.00991951
1,2,,quantum,precond_pen=1.000,1.0,False,1,0.001987,35.58160603,35.58160603
1,2,,quantum,precond_pen=1.000,1.0,False,2,0.002235,32.37213282,32.37213282
1,2,,quantum,precond_pen=1.000,1.0,False,3,0.002356,30.92893424,30.92893424
2,2,,quantum,baseline,,False,0,0.000113,35.73407755,35.73407755
2,2,,quantum,baseline,,False,1,0.001867,32.95554982,32.95554982
2,2,,quantum,baseline,,False,2,0.002063,28.30280127,28.30280127
2,2,,quantum,precond_pen=0.400,0.4,False,0,0.000113,35.73407755,35.73407755
2,2,,quantum,precond_pen=0.400,0.4,False,1,0.001907,28.30280127,28.30280127
2,2,,quantum,precond_pen=0.500,0.5,False,0,0.000108,35.73407755,35.73407755
2,2,,quantum,precond_pen=0.500,0.5,False,1,0.001695,35.75921922,35.73407755
2,2,,quantum,precond_pen=0.500,0.5,False,2,0.001941,33.58724848,33.58724848
2,2,,quantum,precond_pen=0.500,0.5,False,3,0.002113,28.30280127,28.30280127
2,2,,quantum,precond_pen=0.600,0.6,False,0,0.000109,35.73407755,35.73407755
2,2,,quantum,precond_pen=0.600,0.6,False,1,0.001882,30.13231358,30.13231358
2,2,,quantum,precond_pen=0.600,0.6,False,2,0.002063,28.30280127,28.30280127
2,2,,quantum,precond_pen=0.700,0.7,False,0,0.000106,35.73407755,35.73407755
2,2,,quantum,precond_pen=0.700,0.7,False,1,0.00166,30.8143071,30.8143071
2,2,,quantum,precond_pen=0.700,0.7,False,2,0.001838,28.30280127,28.30280127
2,2,,quantum,precond_pen=0.800,0.8,False,0,0.000109,35.73407755,35.73407755
2,2,,quantum,precond_pen=0.800,0.8,False,1,0.00223,34.88600674,34.88600674
2,2,,quantum,precond_pen=0.800,0.8,False,2,0.002505,28.30280127,28.30280127
2,2,,quantum,precond_pen=0.900,0.9,False,0,0.000155,35.73407755,35.73407755
2,2,,quantum,precond_pen=0.900,0.9,False,1,0.002419,33.17316866,33.17316866
2,2,,quantum,precond_pen=0.900,0.9,False,2,0.002709,28.30280127,28.30280127
2,2,,quantum,precond_pen=1.000,1.0,False,0,0.00016,35.73407755,35.73407755
2,2,,quantum,precond_pen=1.000,1.0,False,1,0.002533,33.68871473,33.68871473
2,2,,quantum,precond_pen=1.000,1.0,False,2,0.002669,28.30280127,28.30280127
3,2,,quantum,baseline,,False,0,0.000109,38.4387221,38.4387221
3,2,,quantum,baseline,,False,1,0.001623,34.80301828,34.80301828
3,2,,quantum,baseline,,False,2,0.001782,34.51347621,34.51347621
3,2,,quantum,baseline,,False,3,0.001903,29.55463959,29.55463959
3,2,,quantum,precond_pen=0.400,0.4,False,0,0.000106,38.4387221,38.4387221
3,2,,quantum,precond_pen=0.400,0.4,False,1,0.001797,29.55463959,29.55463959
3,2,,quantum,precond_pen=0.500,0.5,False,0,0.000106,38.4387221,38.4387221
3,2,,quantum,precond_pen=0.500,0.5,False,1,0.001736,36.21176455,36.21176455
3,2,,quantum,precond_pen=0.500,0.5,False,2,0.001886,35.19416721,35.19416721
3,2,,quantum,precond_pen=0.500,0.5,False,3,0.002036,29.55463959,29.55463959
3,2,,quantum,precond_pen=0.600,0.6,False,0,0.000105,38.4387221,38.4387221
3,2,,quantum,precond_pen=0.600,0.6,False,1,0.001855,34.81646969,34.81646969
3,2,,quantum,precond_pen=0.600,0.6,False,2,0.002023,34.51347621,34.51347621
3,2,,quantum,precond_pen=0.600,0.6,False,3,0.002171,29.55463959,29.55463959
3,2,,quantum,precond_pen=0.700,0.7,False,0,0.000108,38.4387221,38.4387221
3,2,,quantum,precond_pen=0.700,0.7,False,1,0.001725,31.66264126,31.66264126
3,2,,quantum,precond_pen=0.700,0.7,False,2,0.001904,29.55463959,29.55463959
3,2,,quantum,precond_pen=0.800,0.8,False,0,0.000109,38.4387221,38.4387221
3,2,,quantum,precond_pen=0.800,0.8,False,1,0.001952,32.78391476,32.78391476
3,2,,quantum,precond_pen=0.800,0.8,False,2,0.002274,32.53919353,32.53919353
3,2,,quantum,precond_pen=0.800,0.8,False,3,0.002405,29.55463959,29.55463959
3,2,,quantum,precond_pen=0.900,0.9,False,0,0.000105,38.4387221,38.4387221
3,2,,quantum,precond_pen=0.900,0.9,False,1,0.001845,35.78752373,35.78752373
3,2,,quantum,precond_pen=0.900,0.9,False,2,0.001997,35.19416721,35.19416721
3,2,,quantum,precond_pen=0.900,0.9,False,3,0.002164,34.36353407,34.36353407
3,2,,quantum,precond_pen=0.900,0.9,False,4,0.002257,29.55463959,29.55463959
3,2,,quantum,precond_pen=1.000,1.0,False,0,0.00011,38.4387221,38.4387221
3,2,,quantum,precond_pen=1.000,1.0,False,1,0.001901,34.36980613,34.36980613
3,2,,quantum,precond_pen=1.000,1.0,False,2,0.002208,31.47290746,31.47290746
3,2,,quantum,precond_pen=1.000,1.0,False,3,0.002341,29.55463959,29.55463959
4,2,,quantum,baseline,,False,0,0.000107,40.7866441,40.7866441
4,2,,quantum,baseline,,False,1,0.00162,40.47164875,40.47164875
4,2,,quantum,baseline,,False,2,0.001869,37.45044896,37.45044896
4,2,,quantum,baseline,,False,3,0.002029,34.90228183,34.90228183
4,2,,quantum,precond_pen=0.400,0.4,False,0,0.000104,40.7866441,40.7866441
4,2,,quantum,precond_pen=0.400,0.4,False,1,0.001845,39.42290077,39.42290077
4,2,,quantum,precond_pen=0.400,0.4,False,2,0.002098,38.64029326,38.64029326
4,2,,quantum,precond_pen=0.400,0.4,False,3,0.002289,39.42024717,38.64029326
4,2,,quantum,precond_pen=0.400,0.4,False,4,0.002396,34.90228183,34.90228183
4,2,,quantum,precond_pen=0.500,0.5,False,0,0.000106,40.7866441,40.7866441
4,2,,quantum,precond_pen=0.500,0.5,False,1,0.001764,39.18311971,39.18311971
4,2,,quantum,precond_pen=0.500,0.5,False,2,0.001885,37.45044896,37.45044896
4,2,,quantum,precond_pen=0.500,0.5,False,3,0.002157,37.05529942,37.05529942
4,2,,quantum,precond_pen=0.500,0.5,False,4,0.002296,34.90228183,34.90228183
4,2,,quantum,precond_pen=0.600,0.6,False,0,0.000105,40.7866441,40.7866441
4,2,,quantum,precond_pen=0.600,0.6,False,1,0.001932,36.90961868,36.90961868
4,2,,quantum,precond_pen=0.600,0.6,False,2,0.002169,37.05529942,36.90961868
4,2,,quantum,precond_pen=0.600,0.6,False,3,0.002271,34.90228183,34.90228183
4,2,,quantum,precond_pen=0.700,0.7,False,0,0.000105,40.7866441,40.7866441
4,2,,quantum,precond_pen=0.700,0.7,False,1,0.00187,38.50410595,38.50410595
4,2,,quantum,precond_pen=0.700,0.7,False,2,0.002029,37.45044896,37.45044896
4,2,,quantum,precond_pen=0.700,0.7,False,3,0.002281,37.05529942,37.05529942
4,2,,quantum,precond_pen=0.700,0.7,False,4,0.002422,34.90228183,34.90228183
4,2,,quantum,precond_pen=0.800,0.8,False,0,0.000105,40.7866441,40.7866441
4,2,,quantum,precond_pen=0.800,0.8,False,1,0.001854,35.41568767,35.41568767
4,2,,quantum,precond_pen=0.800,0.8,False,2,0.002041,34.90228183,34.90228183
4,2,,quantum,precond_pen=0.900,0.9,False,0,0.000111,40.7866441,40.7866441
4,2,,quantum,precond_pen=0.900,0.9,False,1,0.001783,38.41106122,38.41106122
4,2,,quantum,precond_pen=0.900,0.9,False,2,0.00193,37.45044896,37.45044896
4,2,,quantum,precond_pen=0.900,0.9,False,3,0.002064,34.90228183,34.90228183
4,2,,quantum,precond_pen=1.000,1.0,False,0,0.000106,40.7866441,40.7866441
4,2,,quantum,precond_pen=1.000,1.0,False,1,0.001904,40.05394356,40.05394356
4,2,,quantum,precond_pen=1.000,1.0,False,2,0.002053,37.45044896,37.45044896
4,2,,quantum,precond_pen=1.000,1.0,False,3,0.002185,34.90228183,34.90228183
5,2,,quantum,baseline,,False,0,0.000121,34.59643996,34.59643996
5,2,,quantum,baseline,,False,1,0.001635,34.15831267,34.15831267
5,2,,quantum,baseline,,False,2,0.00176,33.88678293,33.88678293
5,2,,quantum,baseline,,False,3,0.001887,30.53911413,30.53911413
5,2,,quantum,precond_pen=0.400,0.4,False,0,0.000105,34.59643996,34.59643996
5,2,,quantum,precond_pen=0.400,0.4,False,1,0.001862,33.88678293,33.88678293
5,2,,quantum,precond_pen=0.400,0.4,False,2,0.001973,34.47114814,33.88678293
5,2,,quantum,precond_pen=0.400,0.4,False,3,0.002116,30.58188281,30.58188281
5,2,,quantum,precond_pen=0.500,0.5,False,0,0.000118,34.59643996,34.59643996
5,2,,quantum,precond_pen=0.500,0.5,False,1,0.001959,34.07745694,34.07745694
5,2,,quantum,precond_pen=0.500,0.5,False,2,0.002131,33.27524559,33.27524559
5,2,,quantum,precond_pen=0.500,0.5,False,3,0.002269,33.25485062,33.25485062
5,2,,quantum,precond_pen=0.500,0.5,False,4,0.002367,30.58188281,30.58188281
5,2,,quantum,precond_pen=0.600,0.6,False,0,0.000106,34.59643996,34.59643996
5,2,,quantum,precond_pen=0.600,0.6,False,1,0.001816,33.88678293,33.88678293
5,2,,quantum,precond_pen=0.600,0.6,False,2,0.001977,33.27524559,33.27524559
5,2,,quantum,precond_pen=0.600,0.6,False,3,0.002126,30.53911413,30.53911413
5,2,,quantum,precond_pen=0.700,0.7,False,0,0.000118,34.59643996,34.59643996
5,2,,quantum,precond_pen=0.700,0.7,False,1,0.001953,31.86583904,31.86583904
5,2,,quantum,precond_pen=0.700,0.7,False,2,0.00215,30.53911413,30.53911413
5,2,,quantum,precond_pen=0.800,0.8,False,0,0.000111,34.59643996,34.59643996
5,2,,quantum,precond_pen=0.800,0.8,False,1,0.002015,33.79732363,33.79732363
5,2,,quantum,precond_pen=0.800,0.8,False,2,0.002132,30.53911413,30.53911413
5,2,,quantum,precond_pen=0.900,0.9,False,0,0.000105,34.59643996,34.59643996
5,2,,quantum,precond_pen=0.900,0.9,False,1,0.001887,34.6990696,34.59643996
5,2,,quantum,precond_pen=0.900,0.9,False,2,0.002002,30.53911413,30.53911413
5,2,,quantum,precond_pen=1.000,1.0,False,0,0.000106,34.59643996,34.59643996
5,2,,quantum,precond_pen=1.000,1.0,False,1,0.002155,33.68735891,33.68735891
5,2,,quantum,precond_pen=1.000,1.0,False,2,0.002277,30.53911413,30.53911413
6,2,,quantum,baseline,,False,0,0.000106,35.12901033,35.12901033
6,2,,quantum,baseline,,False,1,0.001822,25.58023533,25.58023533
6,2,,quantum,precond_pen=0.400,0.4,False,0,0.000106,35.12901033,35.12901033
6,2,,quantum,precond_pen=0.400,0.4,False,1,0.001845,33.70612197,33.70612197
6,2,,quantum,precond_pen=0.400,0.4,False,2,0.002034,25.58023533,25.58023533
6,2,,quantum,precond_pen=0.500,0.5,False,0,0.000104,35.12901033,35.12901033
6,2,,quantum,precond_pen=0.500,0.5,False,1,0.001714,25.58023533,25.58023533
6,2,,quantum,precond_pen=0.600,0.6,False,0,0.000194,35.12901033,35.12901033
6,2,,quantum,precond_pen=0.600,0.6,False,1,0.001975,31.11471948,31.11471948
6,2,,quantum,precond_pen=0.600,0.6,False,2,0.002205,30.55711832,30.55711832
6,2,,quantum,precond_pen=0.600,0.6,False,3,0.00231,25.58023533,25.58023533
6,2,,quantum,precond_pen=0.700,0.7,False,0,0.000106,35.12901033,35.12901033
6,2,,quantum,precond_pen=0.700,0.7,False,1,0.001849,25.58023533,25.58023533
6,2,,quantum,precond_pen=0.800,0.8,False,0,0.000104,35.12901033,35.12901033
6,2,,quantum,precond_pen=0.800,0.8,False,1,0.001863,30.18703966,30.18703966
6,2,,quantum,precond_pen=0.800,0.8,False,2,0.002046,25.58023533,25.58023533
6,2,,quantum,precond_pen=0.900,0.9,False,0,0.000106,35.12901033,35.12901033
6,2,,quantum,precond_pen=0.900,0.9,False,1,0.001894,32.11543083,32.11543083
6,2,,quantum,precond_pen=0.900,0.9,False,2,0.00208,25.58023533,25.58023533
6,2,,quantum,precond_pen=1.000,1.0,False,0,0.000105,35.12901033,35.12901033
6,2,,quantum,precond_pen=1.000,1.0,False,1,0.001953,34.49503059,34.49503059
6,2,,quantum,precond_pen=1.000,1.0,False,2,0.002132,32.11543083,32.11543083
6,2,,quantum,precond_pen=1.000,1.0,False,3,0.002215,25.58023533,25.58023533
7,2,,quantum,baseline,,False,0,0.000107,36.79484156,36.79484156
7,2,,quantum,baseline,,False,1,0.001737,35.67988458,35.67988458
7,2,,quantum,baseline,,False,2,0.00187,33.78525989,33.78525989
7,2,,quantum,baseline,,False,3,0.002013,29.33258689,29.33258689
7,2,,quantum,precond_pen=0.400,0.4,False,0,0.000107,36.79484156,36.79484156
7,2,,quantum,precond_pen=0.400,0.4,False,1,0.001767,33.06274811,33.06274811
7,2,,quantum,precond_pen=0.400,0.4,False,2,0.001987,29.33258689,29.33258689
7,2,,quantum,precond_pen=0.500,0.5,False,0,0.000109,36.79484156,36.79484156
7,2,,quantum,precond_pen=0.500,0.5,False,1,0.00197,35.35733081,35.35733081
7,2,,quantum,precond_pen=0.500,0.5,False,2,0.002226,33.69273492,33.69273492
7,2,,quantum,precond_pen=0.500,0.5,False,3,0.002429,33.26609585,33.26609585
7,2,,quantum,precond_pen=0.500,0.5,False,4,0.002548,29.33258689,29.33258689
7,2,,quantum,precond_pen=0.600,0.6,False,0,0.000105,36.79484156,36.79484156
7,2,,quantum,precond_pen=0.600,0.6,False,1,0.001874,31.9806727,31.9806727
7,2,,quantum,precond_pen=0.600,0.6,False,2,0.002064,30.93594899,30.93594899
7,2,,quantum,precond_pen=0.600,0.6,False,3,0.002161,29.33258689,29.33258689
7,2,,quantum,precond_pen=0.700,0.7,False,0,0.000105,36.79484156,36.79484156
7,2,,quantum,precond_pen=0.700,0.7,False,1,0.001737,32.50687605,32.50687605
7,2,,quantum,precond_pen=0.700,0.7,False,2,0.001935,29.33258689,29.33258689
7,2,,quantum,precond_pen=0.800,0.8,False,0,0.000105,36.79484156,36.79484156
7,2,,quantum,precond_pen=0.800,0.8,False,1,0.001799,33.13704609,33.13704609
7,2,,quantum,precond_pen=0.800,0.8,False,2,0.00198,33.01733448,33.01733448
7,2,,quantum,precond_pen=0.800,0.8,False,3,0.002143,32.96644489,32.96644489
7,2,,quantum,precond_pen=0.800,0.8,False,4,0.002254,29.33258689,29.33258689
7,2,,quantum,precond_pen=0.900,0.9,False,0,0.000104,36.79484156,36.79484156
7,2,,quantum,precond_pen=0.900,0.9,False,1,0.001854,34.81971356,34.81971356
7,2,,quantum,precond_pen=0.900,0.9,False,2,0.001984,33.78525989,33.78525989
7,2,,quantum,precond_pen=0.900,0.9,False,3,0.0021,32.50687605,32.50687605
7,2,,quantum,precond_pen=0.900,0.9,False,4,0.002194,29.33258689,29.33258689
7,2,,quantum,precond_pen=1.000,1.0,False,0,0.000124,36.79484156,36.79484156
7,2,,quantum,precond_pen=1.000,1.0,False,1,0.001911,33.9319924,33.9319924
7,2,,quantum,precond_pen=1.000,1.0,False,2,0.002078,33.78525989,33.78525989
7,2,,quantum,precond_pen=1.000,1.0,False,3,0.002208,32.50687605,32.50687605
7,2,,quantum,precond_pen=1.000,1.0,False,4,0.002301,29.33258689,29.33258689
8,2,,quantum,baseline,,False,0,0.000119,31.13465251,31.13465251
8,2,,quantum,baseline,,False,1,0.001778,25.85393076,25.85393076
8,2,,quantum,precond_pen=0.400,0.4,False,0,0.000106,31.13465251,31.13465251
8,2,,quantum,precond_pen=0.400,0.4,False,1,0.002056,29.92441585,29.92441585
8,2,,quantum,precond_pen=0.400,0.4,False,2,0.002251,28.12826372,28.12826372
8,2,,quantum,precond_pen=0.400,0.4,False,3,0.002392,25.85393076,25.85393076
8,2,,quantum,precond_pen=0.500,0.5,False,0,0.000107,31.13465251,31.13465251
8,2,,quantum,precond_pen=0.500,0.5,False,1,0.001867,29.00528053,29.00528053
8,2,,quantum,precond_pen=0.500,0.5,False,2,0.001961,25.85393076,25.85393076
8,2,,quantum,precond_pen=0.600,0.6,False,0,0.000119,31.13465251,31.13465251
8,2,,quantum,precond_pen=0.600,0.6,False,1,0.001887,28.69714475,28.69714475
8,2,,quantum,precond_pen=0.600,0.6,False,2,0.002071,28.12826372,28.12826372
8,2,,quantum,precond_pen=0.600,0.6,False,3,0.00222,25.85393076,25.85393076
8,2,,quantum,precond_pen=0.700,0.7,False,0,0.000118,31.13465251,31.13465251
8,2,,quantum,precond_pen=0.700,0.7,False,1,0.002063,30.10997859,30.10997859
8,2,,quantum,precond_pen=0.700,0.7,False,2,0.002231,29.28229262,29.28229262
8,2,,quantum,precond_pen=0.700,0.7,False,3,0.002375,28.87620426,28.87620426
8,2,,quantum,precond_pen=0.700,0.7,False,4,0.002459,25.85393076,25.85393076
8,2,,quantum,precond_pen=0.800,0.8,False,0,0.000105,31.13465251,31.13465251
8,2,,quantum,precond_pen=0.800,0.8,False,1,0.00197,28.00222901,28.00222901
8,2,,quantum,precond_pen=0.800,0.8,False,2,0.002163,26.52381634,26.52381634
8,2,,quantum,precond_pen=0.800,0.8,False,3,0.002325,26.15929504,26.15929504
8,2,,quantum,precond_pen=0.800,0.8,False,4,0.002416,25.85393076,25.85393076
8,2,,quantum,precond_pen=0.900,0.9,False,0,0.000105,31.13465251,31.13465251
8,2,,quantum,precond_pen=0.900,0.9,False,1,0.001898,27.90114956,27.90114956
8,2,,quantum,precond_pen=0.900,0.9,False,2,0.002072,28.00222901,27.90114956
8,2,,quantum,precond_pen=0.900,0.9,False,3,0.002216,25.85393076,25.85393076
8,2,,quantum,precond_pen=1.000,1.0,False,0,0.000104,31.13465251,31.13465251
8,2,,quantum,precond_pen=1.000,1.0,False,1,0.002027,26.88989241,26.88989241
8,2,,quantum,precond_pen=1.000,1.0,False,2,0.002151,26.52381634,26.52381634
8,2,,quantum,precond_pen=1.000,1.0,False,3,0.004336,25.85393076,25.85393076
9,2,,quantum,baseline,,False,0,0.000108,38.41269099,38.41269099
9,2,,quantum,baseline,,False,1,0.001825,36.23139463,36.23139463
9,2,,quantum,baseline,,False,2,0.001928,31.31694373,31.31694373
9,2,,quantum,precond_pen=0.400,0.4,False,0,0.000105,38.41269099,38.41269099
9,2,,quantum,precond_pen=0.400,0.4,False,1,0.001689,36.23139463,36.23139463
9,2,,quantum,precond_pen=0.400,0.4,False,2,0.001895,31.31694373,31.31694373
9,2,,quantum,precond_pen=0.500,0.5,False,0,0.000105,38.41269099,38.41269099
9,2,,quantum,precond_pen=0.500,0.5,False,1,0.001833,34.2255302,34.2255302
9,2,,quantum,precond_pen=0.500,0.5,False,2,0.002021,31.31694373,31.31694373
9,2,,quantum,precond_pen=0.600,0.6,False,0,0.000107,38.41269099,38.41269099
9,2,,quantum,precond_pen=0.600,0.6,False,1,0.001676,35.22998957,35.22998957
9,2,,quantum,precond_pen=0.600,0.6,False,2,0.001897,31.31694373,31.31694373
9,2,,quantum,precond_pen=0.700,0.7,False,0,0.000104,38.41269099,38.41269099
9,2,,quantum,precond_pen=0.700,0.7,False,1,0.001869,38.14910991,38.14910991
9,2,,quantum,precond_pen=0.700,0.7,False,2,0.002031,36.23139463,36.23139463
9,2,,quantum,precond_pen=0.700,0.7,False,3,0.002165,31.31694373,31.31694373
9,2,,quantum,precond_pen=0.800,0.8,False,0,0.000105,38.41269099,38.41269099
9,2,,quantum,precond_pen=0.800,0.8,False,1,0.001824,35.02931292,35.02931292
9,2,,quantum,precond_pen=0.800,0.8,False,2,0.00214,32.64032238,32.64032238
9,2,,quantum,precond_pen=0.800,0.8,False,3,0.002267,31.31694373,31.31694373
9,2,,quantum,precond_pen=0.900,0.9,False,0,0.000143,38.41269099,38.41269099
9,2,,quantum,precond_pen=0.900,0.9,False,1,0.001771,35.31337192,35.31337192
9,2,,quantum,precond_pen=0.900,0.9,False,2,0.001946,31.31694373,31.31694373
9,2,,quantum,precond_pen=1.000,1.0,False,0,0.000106,38.41269099,38.41269099
9,2,,quantum,precond_pen=1.000,1.0,False,1,0.001825,35.96685717,35.96685717
9,2,,quantum,precond_pen=1.000,1.0,False,2,0.002012,35.89736628,35.89736628
9,2,,quantum,precond_pen=1.000,1.0,False,3,0.002105,31.31694373,31.31694373
10,2,,quantum,baseline,,False,0,0.000111,35.10711965,35.10711965
10,2,,quantum,baseline,,False,1,0.001635,34.02239995,34.02239995
10,2,,quantum,baseline,,False,2,0.001862,32.2290289,32.2290289
10,2,,quantum,precond_pen=0.400,0.4,False,0,0.000106,35.10711965,35.10711965
10,2,,quantum,precond_pen=0.400,0.4,False,1,0.002014,32.2290289,32.2290289
10,2,,quantum,precond_pen=0.400,0.4,False,2,0.002187,33.06528986,32.2290289
10,2,,quantum,precond_pen=0.500,0.5,False,0,0.000107,35.10711965,35.10711965
10,2,,quantum,precond_pen=0.500,0.5,False,1,0.002029,33.34823864,33.34823864
10,2,,quantum,precond_pen=0.500,0.5,False,2,0.002227,33.06528986,33.06528986
10,2,,quantum,precond_pen=0.600,0.6,False,0,0.000106,35.10711965,35.10711965
10,2,,quantum,precond_pen=0.600,0.6,False,1,0.001991,34.63624721,34.63624721
10,2,,quantum,precond_pen=0.600,0.6,False,2,0.002097,33.06528986,33.06528986
10,2,,quantum,precond_pen=0.700,0.7,False,0,0.000105,35.10711965,35.10711965
10,2,,quantum,precond_pen=0.700,0.7,False,1,0.001869,34.862575,34.862575
10,2,,quantum,precond_pen=0.700,0.7,False,2,0.002056,34.58758042,34.58758042
10,2,,quantum,precond_pen=0.700,0.7,False,3,0.002321,33.91454024,33.91454024
10,2,,quantum,precond_pen=0.700,0.7,False,4,0.002479,32.2290289,32.2290289
10,2,,quantum,precond_pen=0.800,0.8,False,0,0.000123,35.10711965,35.10711965
10,2,,quantum,precond_pen=0.800,0.8,False,1,0.001926,34.34585806,34.34585806
10,2,,quantum,precond_pen=0.800,0.8,False,2,0.002129,34.02239995,34.02239995
10,2,,quantum,precond_pen=0.800,0.8,False,3,0.002245,32.2290289,32.2290289
10,2,,quantum,precond_pen=0.900,0.9,False,0,0.000105,35.10711965,35.10711965
10,2,,quantum,precond_pen=0.900,0.9,False,1,0.001834,34.83740763,34.83740763
10,2,,quantum,precond_pen=0.900,0.9,False,2,0.00202,32.2290289,32.2290289
10,2,,quantum,precond_pen=1.000,1.0,False,0,0.000107,35.10711965,35.10711965
10,2,,quantum,precond_pen=1.000,1.0,False,1,0.001965,34.58758042,34.58758042
10,2,,quantum,precond_pen=1.000,1.0,False,2,0.002068,32.2290289,32.2290289
11,2,,quantum,baseline,,False,0,0.000106,35.27436465,35.27436465
11,2,,quantum,baseline,,False,1,0.001646,34.9136866,34.9136866
11,2,,quantum,baseline,,False,2,0.001766,33.14540198,33.14540198
11,2,,quantum,baseline,,False,3,0.001922,30.5146448,30.5146448
11,2,,quantum,baseline,,False,4,0.002018,26.10550739,26.10550739
11,2,,quantum,precond_pen=0.400,0.4,False,0,0.000116,35.27436465,35.27436465
11,2,,quantum,precond_pen=0.400,0.4,False,1,0.001937,29.06243701,29.06243701
11,2,,quantum,precond_pen=0.400,0.4,False,2,0.002142,27.44474046,27.44474046
11,2,,quantum,precond_pen=0.400,0.4,False,3,0.002227,26.10550739,26.10550739
11,2,,quantum,precond_pen=0.500,0.5,False,0,0.000116,35.27436465,35.27436465
11,2,,quantum,precond_pen=0.500,0.5,False,1,0.001915,33.12081402,33.12081402
11,2,,quantum,precond_pen=0.500,0.5,False,2,0.002073,33.14540198,33.12081402
11,2,,quantum,precond_pen=0.500,0.5,False,3,0.002221,31.90195025,31.90195025
11,2,,quantum,precond_pen=0.500,0.5,False,4,0.002321,26.88886586,26.88886586
11,2,,quantum,precond_pen=0.500,0.5,False,5,0.004849,26.10550739,26.10550739
11,2,,quantum,precond_pen=0.600,0.6,False,0,0.000115,35.27436465,35.27436465
11,2,,quantum,precond_pen=0.600,0.6,False,1,0.002036,28.23591659,28.23591659
11,2,,quantum,precond_pen=0.600,0.6,False,2,0.002234,26.57752128,26.57752128
11,2,,quantum,precond_pen=0.600,0.6,False,3,0.004631,26.10550739,26.10550739
11,2,,quantum,precond_pen=0.700,0.7,False,0,0.000116,35.27436465,35.27436465
11,2,,quantum,precond_pen=0.700,0.7,False,1,0.001945,29.74843104,29.74843104
11,2,,quantum,precond_pen=0.700,0.7,False,2,0.002141,26.71967126,26.71967126
11,2,,quantum,precond_pen=0.700,0.7,False,3,0.002226,26.57752128,26.57752128
11,2,,quantum,precond_pen=0.700,0.7,False,4,0.004744,26.10550739,26.10550739
11,2,,quantum,precond_pen=0.800,0.8,False,0,0.000116,35.27436465,35.27436465
11,2,,quantum,precond_pen=0.800,0.8,False,1,0.001966,31.64307684,31.64307684
11,2,,quantum,precond_pen=0.800,0.8,False,2,0.002132,30.5146448,30.5146448
11,2,,quantum,precond_pen=0.800,0.8,False,3,0.002331,30.09074237,30.09074237
11,2,,quantum,precond_pen=0.800,0.8,False,4,0.002419,26.57752128,26.57752128
11,2,,quantum,precond_pen=0.800,0.8,False,5,0.00471,26.10550739,26.10550739
11,2,,quantum,precond_pen=0.900,0.9,False,0,0.000118,35.27436465,35.27436465
11,2,,quantum,precond_pen=0.900,0.9,False,1,0.001877,32.01182029,32.01182029
11,2,,quantum,precond_pen=0.900,0.9,False,2,0.002036,30.5146448,30.5146448
11,2,,quantum,precond_pen=0.900,0.9,False,3,0.00219,28.4579305,28.4579305
11,2,,quantum,precond_pen=0.900,0.9,False,4,0.00229,26.88886586,26.88886586
11,2,,quantum,precond_pen=0.900,0.9,False,5,0.004322,26.10550739,26.10550739
11,2,,quantum,precond_pen=1.000,1.0,False,0,0.000118,35.27436465,35.27436465
11,2,,quantum,precond_pen=1.000,1.0,False,1,0.001986,28.22601657,28.22601657
11,2,,quantum,precond_pen=1.000,1.0,False,2,0.002185,26.10550739,26.10550739
12,2,,quantum,baseline,,False,0,0.000119,37.96465164,37.96465164
12,2,,quantum,baseline,,False,1,0.001705,36.29463591,36.29463591
12,2,,quantum,baseline,,False,2,0.001844,35.19588736,35.19588736
12,2,,quantum,baseline,,False,3,0.001961,31.63540554,31.63540554
12,2,,quantum,precond_pen=0.400,0.4,False,0,0.000117,37.96465164,37.96465164
12,2,,quantum,precond_pen=0.400,0.4,False,1,0.002246,36.79978709,36.79978709
12,2,,quantum,precond_pen=0.400,0.4,False,2,0.002523,35.19588736,35.19588736
12,2,,quantum,precond_pen=0.400,0.4,False,3,0.002691,31.63540554,31.63540554
12,2,,quantum,precond_pen=0.500,0.5,False,0,0.000115,37.96465164,37.96465164
12,2,,quantum,precond_pen=0.500,0.5,False,1,0.001742,36.54589304,36.54589304
12,2,,quantum,precond_pen=0.500,0.5,False,2,0.001908,35.19588736,35.19588736
12,2,,quantum,precond_pen=0.500,0.5,False,3,0.002041,31.63540554,31.63540554
12,2,,quantum,precond_pen=0.600,0.6,False,0,0.00013,37.96465164,37.96465164
12,2,,quantum,precond_pen=0.600,0.6,False,1,0.001917,33.06293083,33.06293083
12,2,,quantum,precond_pen=0.600,0.6,False,2,0.002117,31.63540554,31.63540554
12,2,,quantum,precond_pen=0.700,0.7,False,0,0.000116,37.96465164,37.96465164
12,2,,quantum,precond_pen=0.700,0.7,False,1,0.001904,36.23258261,36.23258261
12,2,,quantum,precond_pen=0.700,0.7,False,2,0.001996,31.63540554,31.63540554
12,2,,quantum,precond_pen=0.800,0.8,False,0,0.000116,37.96465164,37.96465164
12,2,,quantum,precond_pen=0.800,0.8,False,1,0.001876,34.79853685,34.79853685
12,2,,quantum,precond_pen=0.800,0.8,False,2,0.002097,34.30789334,34.30789334
12,2,,quantum,precond_pen=0.800,0.8,False,3,0.002186,31.63540554,31.63540554
12,2,,quantum,precond_pen=0.900,0.9,False,0,0.000117,37.96465164,37.96465164
12,2,,quantum,precond_pen=0.900,0.9,False,1,0.001912,36.29463591,36.29463591
12,2,,quantum,precond_pen=0.900,0.9,False,2,0.002014,31.63540554,31.63540554
12,2,,quantum,precond_pen=1.000,1.0,False,0,0.000115,37.96465164,37.96465164
12,2,,quantum,precond_pen=1.000,1.0,False,1,0.001932,37.70521126,37.70521126
12,2,,quantum,precond_pen=1.000,1.0,False,2,0.002035,31.63540554,31.63540554
13,2,,quantum,baseline,,False,0,0.000118,41.31318214,41.31318214
13,2,,quantum,baseline,,False,1,0.001596,35.44486733,35.44486733
13,2,,quantum,baseline,,False,2,0.001716,35.27668858,35.27668858
13,2,,quantum,baseline,,False,3,0.001828,32.09835683,32.09835683
13,2,,quantum,baseline,,False,4,0.007508,31.61969547,31.61969547
13,2,,quantum,precond_pen=0.400,0.4,False,0,0.000125,41.31318214,41.31318214
13,2,,quantum,precond_pen=0.400,0.4,False,1,0.001905,35.72521594,35.72521594
13,2,,quantum,precond_pen=0.400,0.4,False,2,0.002058,35.44486733,35.44486733
13,2,,quantum,precond_pen=0.400,0.4,False,3,0.002322,35.27668858,35.27668858
13,2,,quantum,precond_pen=0.400,0.4,False,4,0.002463,32.75468788,32.75468788
13,2,,quantum,precond_pen=0.500,0.5,False,0,0.000118,41.31318214,41.31318214
13,2,,quantum,precond_pen=0.500,0.5,False,1,0.001828,37.99955081,37.99955081
13,2,,quantum,precond_pen=0.500,0.5,False,2,0.001949,35.44486733,35.44486733
13,2,,quantum,precond_pen=0.500,0.5,False,3,0.0022,35.27668858,35.27668858
13,2,,quantum,precond_pen=0.500,0.5,False,4,0.002341,31.61969547,31.61969547
13,2,,quantum,precond_pen=0.600,0.6,False,0,0.000116,41.31318214,41.31318214
13,2,,quantum,precond_pen=0.600,0.6,False,1,0.001826,35.83023955,35.83023955
13,2,,quantum,precond_pen=0.600,0.6,False,2,0.002072,35.44486733,35.44486733
13,2,,quantum,precond_pen=0.600,0.6,False,3,0.002347,35.27668858,35.27668858
13,2,,quantum,precond_pen=0.600,0.6,False,4,0.002465,32.09835683,32.09835683
13,2,,quantum,precond_pen=0.600,0.6,False,5,0.004982,31.61969547,31.61969547
13,2,,quantum,precond_pen=0.600,0.6,False,6,0.00576,31.61969547,31.61969547
13,2,,quantum,precond_pen=0.700,0.7,False,0,0.000118,41.31318214,41.31318214
13,2,,quantum,precond_pen=0.700,0.7,False,1,0.001854,39.3783315,39.3783315
13,2,,quantum,precond_pen=0.700,0.7,False,2,0.00202,38.44633995,38.44633995
13,2,,quantum,precond_pen=0.700,0.7,False,3,0.002142,31.61969547,31.61969547
13,2,,quantum,precond_pen=0.800,0.8,False,0,0.000116,41.31318214,41.31318214
13,2,,quantum,precond_pen=0.800,0.8,False,1,0.001911,35.09466867,35.09466867
13,2,,quantum,precond_pen=0.800,0.8,False,2,0.002061,35.44486733,35.09466867
13,2,,quantum,precond_pen=0.800,0.8,False,3,0.002304,31.61969547,31.61969547
13,2,,quantum,precond_pen=0.900,0.9,False,0,0.000118,41.31318214,41.31318214
13,2,,quantum,precond_pen=0.900,0.9,False,1,0.001871,40.11428636,40.11428636
13,2,,quantum,precond_pen=0.900,0.9,False,2,0.002119,32.09835683,32.09835683
13,2,,quantum,precond_pen=0.900,0.9,False,3,0.004612,31.61969547,31.61969547
13,2,,quantum,precond_pen=1.000,1.0,False,0,0.000114,41.31318214,41.31318214
13,2,,quantum,precond_pen=1.000,1.0,False,1,0.001855,39.85001278,39.85001278
13,2,,quantum,precond_pen=1.000,1.0,False,2,0.002001,35.44486733,35.44486733
13,2,,quantum,precond_pen=1.000,1.0,False,3,0.00225,31.61969547,31.61969547
14,2,,quantum,baseline,,False,0,0.000132,39.35561032,39.35561032
14,2,,quantum,baseline,,False,1,0.001974,33.95418153,33.95418153
14,2,,quantum,baseline,,False,2,0.002073,33.33490874,33.33490874
14,2,,quantum,precond_pen=0.400,0.4,False,0,0.000115,39.35561032,39.35561032
14,2,,quantum,precond_pen=0.400,0.4,False,1,0.001868,36.76181433,36.76181433
14,2,,quantum,precond_pen=0.400,0.4,False,2,0.00212,33.95418153,33.95418153
14,2,,quantum,precond_pen=0.400,0.4,False,3,0.002282,33.33490874,33.33490874
14,2,,quantum,precond_pen=0.500,0.5,False,0,0.000121,39.35561032,39.35561032
14,2,,quantum,precond_pen=0.500,0.5,False,1,0.002043,37.6036504,37.6036504
14,2,,quantum,precond_pen=0.500,0.5,False,2,0.002183,33.33490874,33.33490874
14,2,,quantum,precond_pen=0.600,0.6,False,0,0.00012,39.35561032,39.35561032
14,2,,quantum,precond_pen=0.600,0.6,False,1,0.00187,37.93199242,37.93199242
14,2,,quantum,precond_pen=0.600,0.6,False,2,0.002116,33.95418153,33.95418153
14,2,,quantum,precond_pen=0.600,0.6,False,3,0.002293,33.33490874,33.33490874
14,2,,quantum,precond_pen=0.700,0.7,False,0,0.000123,39.35561032,39.35561032
14,2,,quantum,precond_pen=0.700,0.7,False,1,0.001975,38.65787342,38.65787342
14,2,,quantum,precond_pen=0.700,0.7,False,2,0.002221,33.95418153,33.95418153
14,2,,quantum,precond_pen=0.700,0.7,False,3,0.002515,33.33490874,33.33490874
14,2,,quantum,precond_pen=0.800,0.8,False,0,0.000112,39.35561032,39.35561032
14,2,,quantum,precond_pen=0.800,0.8,False,1,0.002074,38.47009245,38.47009245
14,2,,quantum,precond_pen=0.800,0.8,False,2,0.002244,33.95418153,33.95418153
14,2,,quantum,precond_pen=0.800,0.8,False,3,0.002416,33.33490874,33.33490874
14,2,,quantum,precond_pen=0.900,0.9,False,0,0.000118,39.35561032,39.35561032
14,2,,quantum,precond_pen=0.900,0.9,False,1,0.002033,36.85933405,36.85933405
14,2,,quantum,precond_pen=0.900,0.9,False,2,0.00216,33.33490874,33.33490874
14,2,,quantum,precond_pen=1.000,1.0,False,0,0.000117,39.35561032,39.35561032
14,2,,quantum,precond_pen=1.000,1.0,False,1,0.001797,35.95165735,35.95165735
14,2,,quantum,precond_pen=1.000,1.0,False,2,0.002035,33.95418153,33.95418153
14,2,,quantum,precond_pen=1.000,1.0,False,3,0.002203,33.33490874,33.33490874
15,2,,quantum,baseline,,False,0,0.000116,35.53379112,35.53379112
15,2,,quantum,baseline,,False,1,0.00179,31.51307187,31.51307187
15,2,,quantum,precond_pen=0.400,0.4,False,0,0.000116,35.53379112,35.53379112
15,2,,quantum,precond_pen=0.400,0.4,False,1,0.001794,32.30025438,32.30025438
15,2,,quantum,precond_pen=0.400,0.4,False,2,0.001981,31.51307187,31.51307187
15,2,,quantum,precond_pen=0.500,0.5,False,0,0.000118,35.53379112,35.53379112
15,2,,quantum,precond_pen=0.500,0.5,False,1,0.002066,34.02533811,34.02533811
15,2,,quantum,precond_pen=0.500,0.5,False,2,0.002192,31.51307187,31.51307187
15,2,,quantum,precond_pen=0.600,0.6,False,0,0.000119,35.53379112,35.53379112
15,2,,quantum,precond_pen=0.600,0.6,False,1,0.00208,34.02533811,34.02533811
15,2,,quantum,precond_pen=0.600,0.6,False,2,0.002205,31.51307187,31.51307187
15,2,,quantum,precond_pen=0.700,0.7,False,0,0.000118,35.53379112,35.53379112
15,2,,quantum,precond_pen=0.700,0.7,False,1,0.001985,32.81760123,32.81760123
15,2,,quantum,precond_pen=0.700,0.7,False,2,0.002182,32.30025438,32.30025438
15,2,,quantum,precond_pen=0.700,0.7,False,3,0.002319,31.51307187,31.51307187
15,2,,quantum,precond_pen=0.800,0.8,False,0,0.000129,35.53379112,35.53379112
15,2,,quantum,precond_pen=0.800,0.8,False,1,0.001942,34.02533811,34.02533811
15,2,,quantum,precond_pen=0.800,0.8,False,2,0.002031,31.51307187,31.51307187
15,2,,quantum,precond_pen=0.900,0.9,False,0,0.000115,35.53379112,35.53379112
15,2,,quantum,precond_pen=0.900,0.9,False,1,0.002186,34.02533811,34.02533811
15,2,,quantum,precond_pen=0.900,0.9,False,2,0.002275,31.51307187,31.51307187
15,2,,quantum,precond_pen=1.000,1.0,False,0,0.000125,35.53379112,35.53379112
15,2,,quantum,precond_pen=1.000,1.0,False,1,0.002005,34.02533811,34.02533811
15,2,,quantum,precond_pen=1.000,1.0,False,2,0.00209,31.51307187,31.51307187
16,2,,quantum,baseline,,False,0,0.000117,39.44823873,39.44823873
16,2,,quantum,baseline,,False,1,0.00163,38.52526729,38.52526729
16,2,,quantum,baseline,,False,2,0.001789,38.15708442,38.15708442
16,2,,quantum,baseline,,False,3,0.001907,32.15421791,32.15421791
16,2,,quantum,precond_pen=0.400,0.4,False,0,0.000117,39.44823873,39.44823873
16,2,,quantum,precond_pen=0.400,0.4,False,1,0.001782,36.92507939,36.92507939
16,2,,quantum,precond_pen=0.400,0.4,False,2,0.001984,39.24293506,36.92507939
16,2,,quantum,precond_pen=0.400,0.4,False,3,0.002237,35.78356697,35.78356697
16,2,,quantum,precond_pen=0.400,0.4,False,4,0.002382,32.15421791,32.15421791
16,2,,quantum,precond_pen=0.500,0.5,False,0,0.000126,39.44823873,39.44823873
16,2,,quantum,precond_pen=0.500,0.5,False,1,0.001832,34.35151414,34.35151414
16,2,,quantum,precond_pen=0.500,0.5,False,2,0.002025,32.25669061,32.25669061
16,2,,quantum,precond_pen=0.500,0.5,False,3,0.002117,32.15421791,32.15421791
16,2,,quantum,precond_pen=0.600,0.6,False,0,0.000117,39.44823873,39.44823873
16,2,,quantum,precond_pen=0.600,0.6,False,1,0.001831,34.66615532,34.66615532
16,2,,quantum,precond_pen=0.600,0.6,False,2,0.002026,32.15421791,32.15421791
16,2,,quantum,precond_pen=0.700,0.7,False,0,0.000114,39.44823873,39.44823873
16,2,,quantum,precond_pen=0.700,0.7,False,1,0.002117,35.78356697,35.78356697
16,2,,quantum,precond_pen=0.700,0.7,False,2,0.002252,32.15421791,32.15421791
16,2,,quantum,precond_pen=0.800,0.8,False,0,0.000117,39.44823873,39.44823873
16,2,,quantum,precond_pen=0.800,0.8,False,1,0.001806,37.31506246,37.31506246
16,2,,quantum,precond_pen=0.800,0.8,False,2,0.001985,36.40240906,36.40240906
16,2,,quantum,precond_pen=0.800,0.8,False,3,0.002087,32.15421791,32.15421791
16,2,,quantum,precond_pen=0.900,0.9,False,0,0.000122,39.44823873,39.44823873
16,2,,quantum,precond_pen=0.900,0.9,False,1,0.001736,38.36469993,38.36469993
16,2,,quantum,precond_pen=0.900,0.9,False,2,0.001928,37.98156816,37.98156816
16,2,,quantum,precond_pen=0.900,0.9,False,3,0.002051,36.18104596,36.18104596
16,2,,quantum,precond_pen=0.900,0.9,False,4,0.002145,32.15421791,32.15421791
16,2,,quantum,precond_pen=1.000,1.0,False,0,0.00012,39.44823873,39.44823873
16,2,,quantum,precond_pen=1.000,1.0,False,1,0.002049,38.15708442,38.15708442
16,2,,quantum,precond_pen=1.000,1.0,False,2,0.002442,34.48307895,34.48307895
16,2,,quantum,precond_pen=1.000,1.0,False,3,0.002567,32.15421791,32.15421791
17,2,,quantum,baseline,,False,0,0.000116,31.80353807,31.80353807
17,2,,quantum,baseline,,False,1,0.001906,26.41063904,26.41063904
17,2,,quantum,precond_pen=0.400,0.4,False,0,0.000118,31.80353807,31.80353807
17,2,,quantum,precond_pen=0.400,0.4,False,1,0.001973,26.41063904,26.41063904
17,2,,quantum,precond_pen=0.500,0.5,False,0,0.000116,31.80353807,31.80353807
17,2,,quantum,precond_pen=0.500,0.5,False,1,0.001826,28.92046084,28.92046084
17,2,,quantum,precond_pen=0.500,0.5,False,2,0.002033,26.41063904,26.41063904
17,2,,quantum,precond_pen=0.600,0.6,False,0,0.000119,31.80353807,31.80353807
17,2,,quantum,precond_pen=0.600,0.6,False,1,0.001883,28.20676127,28.20676127
17,2,,quantum,precond_pen=0.600,0.6,False,2,0.001994,26.41063904,26.41063904
17,2,,quantum,precond_pen=0.700,0.7,False,0,0.000131,31.80353807,31.80353807
17,2,,quantum,precond_pen=0.700,0.7,False,1,0.002035,29.43334949,29.43334949
17,2,,quantum,precond_pen=0.700,0.7,False,2,0.00224,28.20676127,28.20676127
17,2,,quantum,precond_pen=0.700,0.7,False,3,0.002344,26.41063904,26.41063904
17,2,,quantum,precond_pen=0.800,0.8,False,0,0.000128,31.80353807,31.80353807
17,2,,quantum,precond_pen=0.800,0.8,False,1,0.001707,30.62873574,30.62873574
17,2,,quantum,precond_pen=0.800,0.8,False,2,0.001854,29.70978881,29.70978881
17,2,,quantum,precond_pen=0.800,0.8,False,3,0.00213,28.16649374,28.16649374
17,2,,quantum,precond_pen=0.800,0.8,False,4,0.002259,26.41063904,26.41063904
17,2,,quantum,precond_pen=0.900,0.9,False,0,0.000119,31.80353807,31.80353807
17,2,,quantum,precond_pen=0.900,0.9,False,1,0.00195,31.09469679,31.09469679
17,2,,quantum,precond_pen=0.900,0.9,False,2,0.002104,29.70978881,29.70978881
17,2,,quantum,precond_pen=0.900,0.9,False,3,0.002224,28.16649374,28.16649374
17,2,,quantum,precond_pen=0.900,0.9,False,4,0.002304,26.41063904,26.41063904
17,2,,quantum,precond_pen=1.000,1.0,False,0,0.00012,31.80353807,31.80353807
17,2,,quantum,precond_pen=1.000,1.0,False,1,0.001913,31.74643369,31.74643369
17,2,,quantum,precond_pen=1.000,1.0,False,2,0.002166,29.29439087,29.29439087
17,2,,quantum,precond_pen=1.000,1.0,False,3,0.002296,27.52420586,27.52420586
17,2,,quantum,precond_pen=1.000,1.0,False,4,0.004167,26.41063904,26.41063904
18,2,,quantum,baseline,,False,0,0.000121,30.71988525,30.71988525
18,2,,quantum,baseline,,False,1,0.001754,29.46208254,29.46208254
18,2,,quantum,precond_pen=0.400,0.4,False,0,0.000121,30.71988525,30.71988525
18,2,,quantum,precond_pen=0.400,0.4,False,1,0.00202,29.46208254,29.46208254
18,2,,quantum,precond_pen=0.400,0.4,False,2,0.002152,29.48232613,29.46208254
18,2,,quantum,precond_pen=0.500,0.5,False,0,0.000124,30.71988525,30.71988525
18,2,,quantum,precond_pen=0.500,0.5,False,1,0.00185,31.26274861,30.71988525
18,2,,quantum,precond_pen=0.500,0.5,False,2,0.002057,29.46208254,29.46208254
18,2,,quantum,precond_pen=0.500,0.5,False,3,0.002152,29.48232613,29.46208254
18,2,,quantum,precond_pen=0.600,0.6,False,0,0.000116,30.71988525,30.71988525
18,2,,quantum,precond_pen=0.600,0.6,False,1,0.002043,29.46208254,29.46208254
18,2,,quantum,precond_pen=0.600,0.6,False,2,0.002169,29.48232613,29.46208254
18,2,,quantum,precond_pen=0.700,0.7,False,0,0.000116,30.71988525,30.71988525
18,2,,quantum,precond_pen=0.700,0.7,False,1,0.001881,29.48232613,29.48232613
18,2,,quantum,precond_pen=0.800,0.8,False,0,0.000115,30.71988525,30.71988525
18,2,,quantum,precond_pen=0.800,0.8,False,1,0.001965,30.31255372,30.31255372
18,2,,quantum,precond_pen=0.800,0.8,False,2,0.002067,29.48232613,29.48232613
18,2,,quantum,precond_pen=0.900,0.9,False,0,0.000135,30.71988525,30.71988525
18,2,,quantum,precond_pen=0.900,0.9,False,1,0.001947,29.46208254,29.46208254
18,2,,quantum,precond_pen=0.900,0.9,False,2,0.002036,29.48232613,29.46208254
18,2,,quantum,precond_pen=1.000,1.0,False,0,0.00012,30.71988525,30.71988525
18,2,,quantum,precond_pen=1.000,1.0,False,1,0.001968,29.48232613,29.48232613
19,2,,quantum,baseline,,False,0,0.000117,38.34315014,38.34315014
19,2,,quantum,baseline,,False,1,0.001627,37.31064527,37.31064527
19,2,,quantum,baseline,,False,2,0.001909,36.91116554,36.91116554
19,2,,quantum,baseline,,False,3,0.002064,29.76608244,29.76608244
19,2,,quantum,baseline,,False,4,0.008058,28.48525783,28.48525783
19,2,,quantum,precond_pen=0.400,0.4,False,0,0.000119,38.34315014,38.34315014
19,2,,quantum,precond_pen=0.400,0.4,False,1,0.001935,34.11413851,34.11413851
19,2,,quantum,precond_pen=0.400,0.4,False,2,0.002131,33.10254113,33.10254113
19,2,,quantum,precond_pen=0.400,0.4,False,3,0.002228,28.48525783,28.48525783
19,2,,quantum,precond_pen=0.500,0.5,False,0,0.000121,38.34315014,38.34315014
19,2,,quantum,precond_pen=0.500,0.5,False,1,0.00173,31.35719917,31.35719917
19,2,,quantum,precond_pen=0.500,0.5,False,2,0.001919,28.48525783,28.48525783
19,2,,quantum,precond_pen=0.600,0.6,False,0,0.000119,38.34315014,38.34315014
19,2,,quantum,precond_pen=0.600,0.6,False,1,0.00188,31.74516684,31.74516684
19,2,,quantum,precond_pen=0.600,0.6,False,2,0.002071,28.48525783,28.48525783
19,2,,quantum,precond_pen=0.700,0.7,False,0,0.000126,38.34315014,38.34315014
19,2,,quantum,precond_pen=0.700,0.7,False,1,0.001906,34.12332157,34.12332157
19,2,,quantum,precond_pen=0.700,0.7,False,2,0.002136,33.10254113,33.10254113
19,2,,quantum,precond_pen=0.700,0.7,False,3,0.002253,28.48525783,28.48525783
19,2,,quantum,precond_pen=0.800,0.8,False,0,0.000129,38.34315014,38.34315014
19,2,,quantum,precond_pen=0.800,0.8,False,1,0.001759,35.66428514,35.66428514
19,2,,quantum,precond_pen=0.800,0.8,False,2,0.001938,33.69643868,33.69643868
19,2,,quantum,precond_pen=0.800,0.8,False,3,0.002037,28.48525783,28.48525783
19,2,,quantum,precond_pen=0.900,0.9,False,0,0.000115,38.34315014,38.34315014
19,2,,quantum,precond_pen=0.900,0.9,False,1,0.001766,34.80870432,34.80870432
19,2,,quantum,precond_pen=0.900,0.9,False,2,0.001978,33.69643868,33.69643868
19,2,,quantum,precond_pen=0.900,0.9,False,3,0.002076,28.48525783,28.48525783
19,2,,quantum,precond_pen=1.000,1.0,False,0,0.000118,38.34315014,38.34315014
19,2,,quantum,precond_pen=1.000,1.0,False,1,0.001714,33.98132936,33.98132936
19,2,,quantum,precond_pen=1.000,1.0,False,2,0.002012,31.67767577,31.67767577
19,2,,quantum,precond_pen=1.000,1.0,False,3,0.002139,28.48525783,28.48525783
20,2,,quantum,baseline,,False,0,0.000115,34.51707049,34.51707049
20,2,,quantum,baseline,,False,1,0.001612,31.73939163,31.73939163
20,2,,quantum,baseline,,False,2,0.001741,30.57899604,30.57899604
20,2,,quantum,baseline,,False,3,0.001863,25.59706669,25.59706669
20,2,,quantum,baseline,,False,4,0.007471,24.94001381,24.94001381
20,2,,quantum,precond_pen=0.400,0.4,False,0,0.000128,34.51707049,34.51707049
20,2,,quantum,precond_pen=0.400,0.4,False,1,0.002001,26.24689008,26.24689008
20,2,,quantum,precond_pen=0.400,0.4,False,2,0.002192,25.59706669,25.59706669
20,2,,quantum,precond_pen=0.400,0.4,False,3,0.004745,24.94001381,24.94001381
20,2,,quantum,precond_pen=0.500,0.5,False,0,0.000117,34.51707049,34.51707049
20,2,,quantum,precond_pen=0.500,0.5,False,1,0.001922,28.72188777,28.72188777
20,2,,quantum,precond_pen=0.500,0.5,False,2,0.00211,28.24214518,28.24214518
20,2,,quantum,precond_pen=0.500,0.5,False,3,0.002366,26.47755144,26.47755144
20,2,,quantum,precond_pen=0.500,0.5,False,4,0.002497,25.59706669,25.59706669
20,2,,quantum,precond_pen=0.500,0.5,False,5,0.006193,24.94001381,24.94001381
20,2,,quantum,precond_pen=0.500,0.5,False,6,0.006728,24.94001381,24.94001381
20,2,,quantum,precond_pen=0.600,0.6,False,0,0.00012,34.51707049,34.51707049
20,2,,quantum,precond_pen=0.600,0.6,False,1,0.001851,26.73899862,26.73899862
20,2,,quantum,precond_pen=0.600,0.6,False,2,0.00201,26.85268135,26.73899862
20,2,,quantum,precond_pen=0.600,0.6,False,3,0.002138,25.59706669,25.59706669
20,2,,quantum,precond_pen=0.600,0.6,False,4,0.005861,24.94001381,24.94001381
20,2,,quantum,precond_pen=0.700,0.7,False,0,0.000114,34.51707049,34.51707049
20,2,,quantum,precond_pen=0.700,0.7,False,1,0.001738,31.11808785,31.11808785
20,2,,quantum,precond_pen=0.700,0.7,False,2,0.001902,30.57899604,30.57899604
20,2,,quantum,precond_pen=0.700,0.7,False,3,0.002054,28.24214518,28.24214518
20,2,,quantum,precond_pen=0.700,0.7,False,4,0.002154,25.59706669,25.59706669
20,2,,quantum,precond_pen=0.700,0.7,False,5,0.006206,24.94001381,24.94001381
20,2,,quantum,precond_pen=0.800,0.8,False,0,0.000119,34.51707049,34.51707049
20,2,,quantum,precond_pen=0.800,0.8,False,1,0.002024,27.25469607,27.25469607
20,2,,quantum,precond_pen=0.800,0.8,False,2,0.002217,26.85268135,26.85268135
20,2,,quantum,precond_pen=0.800,0.8,False,3,0.002354,24.94001381,24.94001381
20,2,,quantum,precond_pen=0.900,0.9,False,0,0.000119,34.51707049,34.51707049
20,2,,quantum,precond_pen=0.900,0.9,False,1,0.002026,29.03433337,29.03433337
20,2,,quantum,precond_pen=0.900,0.9,False,2,0.002302,28.24214518,28.24214518
20,2,,quantum,precond_pen=0.900,0.9,False,3,0.002475,27.94462344,27.94462344
20,2,,quantum,precond_pen=0.900,0.9,False,4,0.00256,24.94001381,24.94001381
20,2,,quantum,precond_pen=1.000,1.0,False,0,0.000116,34.51707049,34.51707049
20,2,,quantum,precond_pen=1.000,1.0,False,1,0.002115,29.94480036,29.94480036
20,2,,quantum,precond_pen=1.000,1.0,False,2,0.002253,24.94001381,24.94001381
21,2,,quantum,baseline,,False,0,0.000119,33.82111204,33.82111204
21,2,,quantum,baseline,,False,1,0.001795,28.58581031,28.58581031
21,2,,quantum,baseline,,False,2,0.030446,28.29726095,28.29726095
21,2,,quantum,baseline,,False,3,0.032697,28.29726095,28.29726095
21,2,,quantum,precond_pen=0.400,0.4,False,0,0.00012,33.82111204,33.82111204
21,2,,quantum,precond_pen=0.400,0.4,False,1,0.001987,28.72505819,28.72505819
21,2,,quantum,precond_pen=0.400,0.4,False,2,0.002156,28.80087339,28.72505819
21,2,,quantum,precond_pen=0.400,0.4,False,3,0.002284,28.64150678,28.64150678
21,2,,quantum,precond_pen=0.500,0.5,False,0,0.00012,33.82111204,33.82111204
21,2,,quantum,precond_pen=0.500,0.5,False,1,0.001974,28.29726095,28.29726095
21,2,,quantum,precond_pen=0.500,0.5,False,2,0.00214,28.80087339,28.29726095
21,2,,quantum,precond_pen=0.500,0.5,False,3,0.002269,28.64150678,28.29726095
21,2,,quantum,precond_pen=0.600,0.6,False,0,0.000129,33.82111204,33.82111204
21,2,,quantum,precond_pen=0.600,0.6,False,1,0.001884,29.0021712,29.0021712
21,2,,quantum,precond_pen=0.600,0.6,False,2,0.002019,28.80087339,28.80087339
21,2,,quantum,precond_pen=0.600,0.6,False,3,0.002153,28.64150678,28.64150678
21,2,,quantum,precond_pen=0.700,0.7,False,0,0.000116,33.82111204,33.82111204
21,2,,quantum,precond_pen=0.700,0.7,False,1,0.00199,29.48948368,29.48948368
21,2,,quantum,precond_pen=0.700,0.7,False,2,0.002155,28.80087339,28.80087339
21,2,,quantum,precond_pen=0.700,0.7,False,3,0.002288,28.64150678,28.64150678
21,2,,quantum,precond_pen=0.800,0.8,False,0,0.000117,33.82111204,33.82111204
21,2,,quantum,precond_pen=0.800,0.8,False,1,0.00204,31.71088945,31.71088945
21,2,,quantum,precond_pen=0.800,0.8,False,2,0.002286,28.80087339,28.80087339
21,2,,quantum,precond_pen=0.800,0.8,False,3,0.004764,28.64150678,28.64150678
21,2,,quantum,precond_pen=0.800,0.8,False,4,0.00954,28.29726095,28.29726095
21,2,,quantum,precond_pen=0.900,0.9,False,0,0.000128,33.82111204,33.82111204
21,2,,quantum,precond_pen=0.900,0.9,False,1,0.00203,28.64150678,28.64150678
21,2,,quantum,precond_pen=0.900,0.9,False,2,0.005242,28.29726095,28.29726095
21,2,,quantum,precond_pen=1.000,1.0,False,0,0.00012,33.82111204,33.82111204
21,2,,quantum,precond_pen=1.000,1.0,False,1,0.002016,28.64150678,28.64150678
21,2,,quantum,precond_pen=1.000,1.0,False,2,0.012287,28.29726095,28.29726095
22,2,,quantum,baseline,,False,0,0.000117,41.86415609,41.86415609
22,2,,quantum,baseline,,False,1,0.001866,37.29388169,37.29388169
22,2,,quantum,baseline,,False,2,0.00198,32.43465927,32.43465927
22,2,,quantum,baseline,,False,3,0.035379,31.46318969,31.46318969
22,2,,quantum,baseline,,False,4,0.037429,31.46318969,31.46318969
22,2,,quantum,precond_pen=0.400,0.4,False,0,0.000121,41.86415609,41.86415609
22,2,,quantum,precond_pen=0.400,0.4,False,1,0.001856,35.81115309,35.81115309
22,2,,quantum,precond_pen=0.400,0.4,False,2,0.002018,33.91557215,33.91557215
22,2,,quantum,precond_pen=0.400,0.4,False,3,0.00214,31.46318969,31.46318969
22,2,,quantum,precond_pen=0.500,0.5,False,0,0.000116,41.86415609,41.86415609
22,2,,quantum,precond_pen=0.500,0.5,False,1,0.002009,35.86598903,35.86598903
22,2,,quantum,precond_pen=0.500,0.5,False,2,0.002177,38.17311144,35.86598903
22,2,,quantum,precond_pen=0.500,0.5,False,3,0.002327,31.46318969,31.46318969
22,2,,quantum,precond_pen=0.600,0.6,False,0,0.000127,41.86415609,41.86415609
22,2,,quantum,precond_pen=0.600,0.6,False,1,0.001864,36.51546954,36.51546954
22,2,,quantum,precond_pen=0.600,0.6,False,2,0.002095,31.46318969,31.46318969
22,2,,quantum,precond_pen=0.700,0.7,False,0,0.000118,41.86415609,41.86415609
22,2,,quantum,precond_pen=0.700,0.7,False,1,0.002008,38.17311144,38.17311144
22,2,,quantum,precond_pen=0.700,0.7,False,2,0.002205,35.70373028,35.70373028
22,2,,quantum,precond_pen=0.700,0.7,False,3,0.002474,33.09167733,33.09167733
22,2,,quantum,precond_pen=0.700,0.7,False,4,0.002602,31.46318969,31.46318969
22,2,,quantum,precond_pen=0.800,0.8,False,0,0.000118,41.86415609,41.86415609
22,2,,quantum,precond_pen=0.800,0.8,False,1,0.001918,36.23453463,36.23453463
22,2,,quantum,precond_pen=0.800,0.8,False,2,0.002142,34.30671347,34.30671347
22,2,,quantum,precond_pen=0.800,0.8,False,3,0.002226,32.55128816,32.55128816
22,2,,quantum,precond_pen=0.800,0.8,False,4,0.009659,31.46318969,31.46318969
22,2,,quantum,precond_pen=0.900,0.9,False,0,0.000116,41.86415609,41.86415609
22,2,,quantum,precond_pen=0.900,0.9,False,1,0.001889,35.20247472,35.20247472
22,2,,quantum,precond_pen=0.900,0.9,False,2,0.002198,33.86193591,33.86193591
22,2,,quantum,precond_pen=0.900,0.9,False,3,0.002319,32.55128816,32.55128816
22,2,,quantum,precond_pen=0.900,0.9,False,4,0.0121,31.46318969,31.46318969
22,2,,quantum,precond_pen=1.000,1.0,False,0,0.000121,41.86415609,41.86415609
22,2,,quantum,precond_pen=1.000,1.0,False,1,0.00189,38.00328996,38.00328996
22,2,,quantum,precond_pen=1.000,1.0,False,2,0.002054,38.11206517,38.00328996
22,2,,quantum,precond_pen=1.000,1.0,False,3,0.002174,34.17689112,34.17689112
22,2,,quantum,precond_pen=1.000,1.0,False,4,0.002266,31.46318969,31.46318969
23,2,,quantum,baseline,,False,0,0.000116,36.99680484,36.99680484
23,2,,quantum,baseline,,False,1,0.001816,29.26731283,29.26731283
23,2,,quantum,precond_pen=0.400,0.4,False,0,0.000132,36.99680484,36.99680484
23,2,,quantum,precond_pen=0.400,0.4,False,1,0.002146,33.19148643,33.19148643
23,2,,quantum,precond_pen=0.400,0.4,False,2,0.002407,29.26731283,29.26731283
23,2,,quantum,precond_pen=0.500,0.5,False,0,0.000131,36.99680484,36.99680484
23,2,,quantum,precond_pen=0.500,0.5,False,1,0.001742,37.95743166,36.99680484
23,2,,quantum,precond_pen=0.500,0.5,False,2,0.002022,35.56117363,35.56117363
23,2,,quantum,precond_pen=0.500,0.5,False,3,0.002213,29.26731283,29.26731283
23,2,,quantum,precond_pen=0.600,0.6,False,0,0.000117,36.99680484,36.99680484
23,2,,quantum,precond_pen=0.600,0.6,False,1,0.001673,35.46894493,35.46894493
23,2,,quantum,precond_pen=0.600,0.6,False,2,0.001864,35.56117363,35.46894493
23,2,,quantum,precond_pen=0.600,0.6,False,3,0.001993,32.83888585,32.83888585
23,2,,quantum,precond_pen=0.600,0.6,False,4,0.00208,29.26731283,29.26731283
23,2,,quantum,precond_pen=0.700,0.7,False,0,0.000116,36.99680484,36.99680484
23,2,,quantum,precond_pen=0.700,0.7,False,1,0.001927,32.83888585,32.83888585
23,2,,quantum,precond_pen=0.700,0.7,False,2,0.002124,29.26731283,29.26731283
23,2,,quantum,precond_pen=0.800,0.8,False,0,0.000117,36.99680484,36.99680484
23,2,,quantum,precond_pen=0.800,0.8,False,1,0.001955,32.83888585,32.83888585
23,2,,quantum,precond_pen=0.800,0.8,False,2,0.00209,29.26731283,29.26731283
23,2,,quantum,precond_pen=0.900,0.9,False,0,0.000119,36.99680484,36.99680484
23,2,,quantum,precond_pen=0.900,0.9,False,1,0.001725,32.10928986,32.10928986
23,2,,quantum,precond_pen=0.900,0.9,False,2,0.001914,29.26731283,29.26731283
23,2,,quantum,precond_pen=1.000,1.0,False,0,0.000128,36.99680484,36.99680484
23,2,,quantum,precond_pen=1.000,1.0,False,1,0.001914,32.76173345,32.76173345
23,2,,quantum,precond_pen=1.000,1.0,False,2,0.002109,29.26731283,29.26731283
24,2,,quantum,baseline,,False,0,0.000117,33.17009917,33.17009917
24,2,,quantum,baseline,,False,1,0.001638,33.09420771,33.09420771
24,2,,quantum,baseline,,False,2,0.001828,27.36601278,27.36601278
24,2,,quantum,precond_pen=0.400,0.4,False,0,0.000117,33.17009917,33.17009917
24,2,,quantum,precond_pen=0.400,0.4,False,1,0.001927,27.36601278,27.36601278
24,2,,quantum,precond_pen=0.500,0.5,False,0,0.000116,33.17009917,33.17009917
24,2,,quantum,precond_pen=0.500,0.5,False,1,0.001727,27.36601278,27.36601278
24,2,,quantum,precond_pen=0.600,0.6,False,0,0.000116,33.17009917,33.17009917
24,2,,quantum,precond_pen=0.600,0.6,False,1,0.001862,30.81386998,30.81386998
24,2,,quantum,precond_pen=0.600,0.6,False,2,0.002045,27.36601278,27.36601278
24,2,,quantum,precond_pen=0.700,0.7,False,0,0.000132,33.17009917,33.17009917
24,2,,quantum,precond_pen=0.700,0.7,False,1,0.002021,31.41332548,31.41332548
24,2,,quantum,precond_pen=0.700,0.7,False,2,0.002162,27.36601278,27.36601278
24,2,,quantum,precond_pen=0.800,0.8,False,0,0.000117,33.17009917,33.17009917
24,2,,quantum,precond_pen=0.800,0.8,False,1,0.001771,31.21136034,31.21136034
24,2,,quantum,precond_pen=0.800,0.8,False,2,0.001947,27.36601278,27.36601278
24,2,,quantum,precond_pen=0.900,0.9,False,0,0.000118,33.17009917,33.17009917
24,2,,quantum,precond_pen=0.900,0.9,False,1,0.002131,31.00175987,31.00175987
24,2,,quantum,precond_pen=0.900,0.9,False,2,0.00225,27.36601278,27.36601278
24,2,,quantum,precond_pen=1.000,1.0,False,0,0.000117,33.17009917,33.17009917
24,2,,quantum,precond_pen=1.000,1.0,False,1,0.002055,31.00175987,31.00175987
24,2,,quantum,precond_pen=1.000,1.0,False,2,0.002179,27.36601278,27.36601278
25,2,,quantum,baseline,,False,0,0.000113,32.71139697,32.71139697
25,2,,quantum,baseline,,False,1,0.00174,31.22382675,31.22382675
25,2,,quantum,baseline,,False,2,0.001867,28.42280328,28.42280328
25,2,,quantum,baseline,,False,3,0.001986,23.83915435,23.83915435
25,2,,quantum,precond_pen=0.400,0.4,False,0,0.000116,32.71139697,32.71139697
25,2,,quantum,precond_pen=0.400,0.4,False,1,0.00176,31.71547454,31.71547454
25,2,,quantum,precond_pen=0.400,0.4,False,2,0.002016,28.42280328,28.42280328
25,2,,quantum,precond_pen=0.400,0.4,False,3,0.002208,23.83915435,23.83915435
25,2,,quantum,precond_pen=0.500,0.5,False,0,0.000118,32.71139697,32.71139697
25,2,,quantum,precond_pen=0.500,0.5,False,1,0.001867,28.36089227,28.36089227
25,2,,quantum,precond_pen=0.500,0.5,False,2,0.00206,23.83915435,23.83915435
25,2,,quantum,precond_pen=0.600,0.6,False,0,0.000138,32.71139697,32.71139697
25,2,,quantum,precond_pen=0.600,0.6,False,1,0.001929,32.81069447,32.71139697
25,2,,quantum,precond_pen=0.600,0.6,False,2,0.002185,31.41261527,31.41261527
25,2,,quantum,precond_pen=0.600,0.6,False,3,0.002378,31.47737336,31.41261527
25,2,,quantum,precond_pen=0.600,0.6,False,4,0.00248,23.83915435,23.83915435
25,2,,quantum,precond_pen=0.700,0.7,False,0,0.000125,32.71139697,32.71139697
25,2,,quantum,precond_pen=0.700,0.7,False,1,0.002002,24.75303469,24.75303469
25,2,,quantum,precond_pen=0.700,0.7,False,2,0.002193,23.83915435,23.83915435
25,2,,quantum,precond_pen=0.800,0.8,False,0,0.00012,32.71139697,32.71139697
25,2,,quantum,precond_pen=0.800,0.8,False,1,0.001778,30.84620579,30.84620579
25,2,,quantum,precond_pen=0.800,0.8,False,2,0.00193,28.42280328,28.42280328
25,2,,quantum,precond_pen=0.800,0.8,False,3,0.002081,23.83915435,23.83915435
25,2,,quantum,precond_pen=0.900,0.9,False,0,0.000114,32.71139697,32.71139697
25,2,,quantum,precond_pen=0.900,0.9,False,1,0.001992,31.10939026,31.10939026
25,2,,quantum,precond_pen=0.900,0.9,False,2,0.002116,23.83915435,23.83915435
25,2,,quantum,precond_pen=1.000,1.0,False,0,0.000118,32.71139697,32.71139697
25,2,,quantum,precond_pen=1.000,1.0,False,1,0.001841,27.98583319,27.98583319
25,2,,quantum,precond_pen=1.000,1.0,False,2,0.002025,23.83915435,23.83915435
26,2,,quantum,baseline,,False,0,0.000117,34.46082601,34.46082601
26,2,,quantum,baseline,,False,1,0.001682,32.18432083,32.18432083
26,2,,quantum,baseline,,False,2,0.007269,32.11523207,32.11523207
26,2,,quantum,baseline,,False,3,0.037007,31.6591243,31.6591243
26,2,,quantum,baseline,,False,4,0.037105,31.39961393,31.39961393
26,2,,quantum,precond_pen=0.400,0.4,False,0,0.000118,34.46082601,34.46082601
26,2,,quantum,precond_pen=0.400,0.4,False,1,0.001977,33.42470478,33.42470478
26,2,,quantum,precond_pen=0.400,0.4,False,2,0.002177,32.21931511,32.21931511
26,2,,quantum,precond_pen=0.500,0.5,False,0,0.000118,34.46082601,34.46082601
26,2,,quantum,precond_pen=0.500,0.5,False,1,0.001895,33.42470478,33.42470478
26,2,,quantum,precond_pen=0.500,0.5,False,2,0.002102,31.39961393,31.39961393
26,2,,quantum,precond_pen=0.600,0.6,False,0,0.000129,34.46082601,34.46082601
26,2,,quantum,precond_pen=0.600,0.6,False,1,0.001927,31.70866453,31.70866453
26,2,,quantum,precond_pen=0.600,0.6,False,2,0.002117,31.39961393,31.39961393
26,2,,quantum,precond_pen=0.700,0.7,False,0,0.000116,34.46082601,34.46082601
26,2,,quantum,precond_pen=0.700,0.7,False,1,0.002024,33.45957848,33.45957848
26,2,,quantum,precond_pen=0.700,0.7,False,2,0.002227,31.39961393,31.39961393
26,2,,quantum,precond_pen=0.800,0.8,False,0,0.000122,34.46082601,34.46082601
26,2,,quantum,precond_pen=0.800,0.8,False,1,0.001821,33.17768983,33.17768983
26,2,,quantum,precond_pen=0.800,0.8,False,2,0.002,31.39961393,31.39961393
26,2,,quantum,precond_pen=0.900,0.9,False,0,0.000126,34.46082601,34.46082601
26,2,,quantum,precond_pen=0.900,0.9,False,1,0.002183,33.94024791,33.94024791
26,2,,quantum,precond_pen=0.900,0.9,False,2,0.002309,31.39961393,31.39961393
26,2,,quantum,precond_pen=1.000,1.0,False,0,0.000127,34.46082601,34.46082601
26,2,,quantum,precond_pen=1.000,1.0,False,1,0.002118,33.94024791,33.94024791
26,2,,quantum,precond_pen=1.000,1.0,False,2,0.002244,31.39961393,31.39961393
27,2,,quantum,baseline,,False,0,0.000123,36.55661516,36.55661516
27,2,,quantum,baseline,,False,1,0.001713,32.96220934,32.96220934
27,2,,quantum,baseline,,False,2,0.001846,29.81007898,29.81007898
27,2,,quantum,baseline,,False,3,0.007807,29.38963789,29.38963789
27,2,,quantum,precond_pen=0.400,0.4,False,0,0.000123,36.55661516,36.55661516
27,2,,quantum,precond_pen=0.400,0.4,False,1,0.001982,33.01165821,33.01165821
27,2,,quantum,precond_pen=0.400,0.4,False,2,0.002135,32.96220934,32.96220934
27,2,,quantum,precond_pen=0.400,0.4,False,3,0.002386,29.81007898,29.81007898
27,2,,quantum,precond_pen=0.400,0.4,False,4,0.006865,29.38963789,29.38963789
27,2,,quantum,precond_pen=0.500,0.5,False,0,0.000116,36.55661516,36.55661516
27,2,,quantum,precond_pen=0.500,0.5,False,1,0.001925,31.47534707,31.47534707
27,2,,quantum,precond_pen=0.500,0.5,False,2,0.002181,29.81007898,29.81007898
27,2,,quantum,precond_pen=0.500,0.5,False,3,0.004648,29.38963789,29.38963789
27,2,,quantum,precond_pen=0.600,0.6,False,0,0.000116,36.55661516,36.55661516
27,2,,quantum,precond_pen=0.600,0.6,False,1,0.001976,33.8871504,33.8871504
27,2,,quantum,precond_pen=0.600,0.6,False,2,0.002148,32.96220934,32.96220934
27,2,,quantum,precond_pen=0.600,0.6,False,3,0.002391,29.81007898,29.81007898
27,2,,quantum,precond_pen=0.600,0.6,False,4,0.006431,29.38963789,29.38963789
27,2,,quantum,precond_pen=0.700,0.7,False,0,0.000132,36.55661516,36.55661516
27,2,,quantum,precond_pen=0.700,0.7,False,1,0.001977,32.23640565,32.23640565
27,2,,quantum,precond_pen=0.700,0.7,False,2,0.002241,29.81007898,29.81007898
27,2,,quantum,precond_pen=0.700,0.7,False,3,0.004654,29.38963789,29.38963789
27,2,,quantum,precond_pen=0.800,0.8,False,0,0.000122,36.55661516,36.55661516
27,2,,quantum,precond_pen=0.800,0.8,False,1,0.001895,32.80960618,32.80960618
27,2,,quantum,precond_pen=0.800,0.8,False,2,0.002021,32.96220934,32.80960618
27,2,,quantum,precond_pen=0.800,0.8,False,3,0.002179,31.3517752,31.3517752
27,2,,quantum,precond_pen=0.800,0.8,False,4,0.002279,29.81007898,29.81007898
27,2,,quantum,precond_pen=0.800,0.8,False,5,0.004677,29.38963789,29.38963789
27,2,,quantum,precond_pen=0.900,0.9,False,0,0.000118,36.55661516,36.55661516
27,2,,quantum,precond_pen=0.900,0.9,False,1,0.001869,32.42992505,32.42992505
27,2,,quantum,precond_pen=0.900,0.9,False,2,0.002123,29.81007898,29.81007898
27,2,,quantum,precond_pen=0.900,0.9,False,3,0.010244,29.38963789,29.38963789
27,2,,quantum,precond_pen=1.000,1.0,False,0,0.000115,36.55661516,36.55661516
27,2,,quantum,precond_pen=1.000,1.0,False,1,0.001762,34.13746705,34.13746705
27,2,,quantum,precond_pen=1.000,1.0,False,2,0.001912,32.96220934,32.96220934
27,2,,quantum,precond_pen=1.000,1.0,False,3,0.002062,31.13694225,31.13694225
27,2,,quantum,precond_pen=1.000,1.0,False,4,0.002144,29.38963789,29.38963789
28,2,,quantum,baseline,,False,0,0.000118,38.22595012,38.22595012
28,2,,quantum,baseline,,False,1,0.001787,37.51763832,37.51763832
28,2,,quantum,baseline,,False,2,0.007501,36.52213531,36.52213531
28,2,,quantum,baseline,,False,3,0.007562,35.52691409,35.52691409
28,2,,quantum,precond_pen=0.400,0.4,False,0,0.000117,38.22595012,38.22595012
28,2,,quantum,precond_pen=0.400,0.4,False,1,0.00204,37.20714633,37.20714633
28,2,,quantum,precond_pen=0.400,0.4,False,2,0.002229,35.52691409,35.52691409
28,2,,quantum,precond_pen=0.400,0.4,False,3,0.002317,36.52213531,35.52691409
28,2,,quantum,precond_pen=0.500,0.5,False,0,0.000117,38.22595012,38.22595012
28,2,,quantum,precond_pen=0.500,0.5,False,1,0.001749,35.52691409,35.52691409
28,2,,quantum,precond_pen=0.600,0.6,False,0,0.000119,38.22595012,38.22595012
28,2,,quantum,precond_pen=0.600,0.6,False,1,0.001991,36.52213531,36.52213531
28,2,,quantum,precond_pen=0.600,0.6,False,2,0.002124,35.52691409,35.52691409
28,2,,quantum,precond_pen=0.700,0.7,False,0,0.000121,38.22595012,38.22595012
28,2,,quantum,precond_pen=0.700,0.7,False,1,0.001938,36.52213531,36.52213531
28,2,,quantum,precond_pen=0.700,0.7,False,2,0.002124,35.52691409,35.52691409
28,2,,quantum,precond_pen=0.800,0.8,False,0,0.000144,38.22595012,38.22595012
28,2,,quantum,precond_pen=0.800,0.8,False,1,0.001979,35.52691409,35.52691409
28,2,,quantum,precond_pen=0.900,0.9,False,0,0.00013,38.22595012,38.22595012
28,2,,quantum,precond_pen=0.900,0.9,False,1,0.002074,36.52213531,36.52213531
28,2,,quantum,precond_pen=0.900,0.9,False,2,0.002224,35.52691409,35.52691409
28,2,,quantum,precond_pen=1.000,1.0,False,0,0.00012,38.22595012,38.22595012
28,2,,quantum,precond_pen=1.000,1.0,False,1,0.002047,36.52213531,36.52213531
28,2,,quantum,precond_pen=1.000,1.0,False,2,0.002186,35.52691409,35.52691409
29,2,,quantum,baseline,,False,0,0.000129,35.42782907,35.42782907
29,2,,quantum,baseline,,False,1,0.001872,34.90661777,34.90661777
29,2,,quantum,baseline,,False,2,0.00204,34.5392808,34.5392808
29,2,,quantum,baseline,,False,3,0.002186,26.92028132,26.92028132
29,2,,quantum,precond_pen=0.400,0.4,False,0,0.000118,35.42782907,35.42782907
29,2,,quantum,precond_pen=0.400,0.4,False,1,0.001939,32.66191975,32.66191975
29,2,,quantum,precond_pen=0.400,0.4,False,2,0.002143,26.92028132,26.92028132
29,2,,quantum,precond_pen=0.500,0.5,False,0,0.000116,35.42782907,35.42782907
29,2,,quantum,precond_pen=0.500,0.5,False,1,0.001842,28.78518368,28.78518368
29,2,,quantum,precond_pen=0.500,0.5,False,2,0.002054,26.92028132,26.92028132
29,2,,quantum,precond_pen=0.600,0.6,False,0,0.000116,35.42782907,35.42782907
29,2,,quantum,precond_pen=0.600,0.6,False,1,0.00198,32.91762695,32.91762695
29,2,,quantum,precond_pen=0.600,0.6,False,2,0.002244,31.36632266,31.36632266
29,2,,quantum,precond_pen=0.600,0.6,False,3,0.002433,26.92028132,26.92028132
29,2,,quantum,precond_pen=0.700,0.7,False,0,0.000117,35.42782907,35.42782907
29,2,,quantum,precond_pen=0.700,0.7,False,1,0.001839,27.59733431,27.59733431
29,2,,quantum,precond_pen=0.700,0.7,False,2,0.002028,26.92028132,26.92028132
29,2,,quantum,precond_pen=0.800,0.8,False,0,0.000116,35.42782907,35.42782907
29,2,,quantum,precond_pen=0.800,0.8,False,1,0.001846,30.95126321,30.95126321
29,2,,quantum,precond_pen=0.800,0.8,False,2,0.002037,26.92028132,26.92028132
29,2,,quantum,precond_pen=0.900,0.9,False,0,0.000118,35.42782907,35.42782907
29,2,,quantum,precond_pen=0.900,0.9,False,1,0.001794,31.80826529,31.80826529
29,2,,quantum,precond_pen=0.900,0.9,False,2,0.001959,31.36632266,31.36632266
29,2,,quantum,precond_pen=0.900,0.9,False,3,0.00211,26.92028132,26.92028132
29,2,,quantum,precond_pen=1.000,1.0,False,0,0.000116,35.42782907,35.42782907
29,2,,quantum,precond_pen=1.000,1.0,False,1,0.001924,34.5392808,34.5392808
29,2,,quantum,precond_pen=1.000,1.0,False,2,0.002038,26.92028132,26.92028132
30,2,,quantum,baseline,,False,0,0.000114,36.61229461,36.61229461
30,2,,quantum,baseline,,False,1,0.001782,34.38175538,34.38175538
30,2,,quantum,baseline,,False,2,0.00196,31.62219511,31.62219511
30,2,,quantum,baseline,,False,3,0.002082,29.55261378,29.55261378
30,2,,quantum,precond_pen=0.400,0.4,False,0,0.000122,36.61229461,36.61229461
30,2,,quantum,precond_pen=0.400,0.4,False,1,0.001887,29.55261378,29.55261378
30,2,,quantum,precond_pen=0.500,0.5,False,0,0.000118,36.61229461,36.61229461
30,2,,quantum,precond_pen=0.500,0.5,False,1,0.001766,32.99271083,32.99271083
30,2,,quantum,precond_pen=0.500,0.5,False,2,0.00196,29.55261378,29.55261378
30,2,,quantum,precond_pen=0.600,0.6,False,0,0.000124,36.61229461,36.61229461
30,2,,quantum,precond_pen=0.600,0.6,False,1,0.001849,30.05889859,30.05889859
30,2,,quantum,precond_pen=0.600,0.6,False,2,0.00203,29.55261378,29.55261378
30,2,,quantum,precond_pen=0.700,0.7,False,0,0.000118,36.61229461,36.61229461
30,2,,quantum,precond_pen=0.700,0.7,False,1,0.001943,32.94986831,32.94986831
30,2,,quantum,precond_pen=0.700,0.7,False,2,0.002225,31.62219511,31.62219511
30,2,,quantum,precond_pen=0.700,0.7,False,3,0.002404,29.55261378,29.55261378
30,2,,quantum,precond_pen=0.800,0.8,False,0,0.000126,36.61229461,36.61229461
30,2,,quantum,precond_pen=0.800,0.8,False,1,0.001791,35.9812636,35.9812636
30,2,,quantum,precond_pen=0.800,0.8,False,2,0.002032,34.38175538,34.38175538
30,2,,quantum,precond_pen=0.800,0.8,False,3,0.002204,29.55261378,29.55261378
30,2,,quantum,precond_pen=0.900,0.9,False,0,0.00012,36.61229461,36.61229461
30,2,,quantum,precond_pen=0.900,0.9,False,1,0.00178,33.80541296,33.80541296
30,2,,quantum,precond_pen=0.900,0.9,False,2,0.001961,31.62219511,31.62219511
30,2,,quantum,precond_pen=0.900,0.9,False,3,0.002145,31.59315156,31.59315156
30,2,,quantum,precond_pen=0.900,0.9,False,4,0.002243,29.55261378,29.55261378
30,2,,quantum,precond_pen=1.000,1.0,False,0,0.000144,36.61229461,36.61229461
30,2,,quantum,precond_pen=1.000,1.0,False,1,0.002069,29.55261378,29.55261378
31,2,,quantum,baseline,,False,0,0.000117,33.02833402,33.02833402
31,2,,quantum,baseline,,False,1,0.001793,31.39728866,31.39728866
31,2,,quantum,baseline,,False,2,0.037251,31.03572185,31.03572185
31,2,,quantum,precond_pen=0.400,0.4,False,0,0.000119,33.02833402,33.02833402
31,2,,quantum,precond_pen=0.400,0.4,False,1,0.00199,31.74699962,31.74699962
31,2,,quantum,precond_pen=0.400,0.4,False,2,0.002168,31.75556407,31.74699962
31,2,,quantum,precond_pen=0.500,0.5,False,0,0.000117,33.02833402,33.02833402
31,2,,quantum,precond_pen=0.500,0.5,False,1,0.001992,31.74699962,31.74699962
31,2,,quantum,precond_pen=0.500,0.5,False,2,0.00218,31.75556407,31.74699962
31,2,,quantum,precond_pen=0.600,0.6,False,0,0.000117,33.02833402,33.02833402
31,2,,quantum,precond_pen=0.600,0.6,False,1,0.001973,33.06488794,33.02833402
31,2,,quantum,precond_pen=0.600,0.6,False,2,0.002188,31.03572185,31.03572185
31,2,,quantum,precond_pen=0.700,0.7,False,0,0.000116,33.02833402,33.02833402
31,2,,quantum,precond_pen=0.700,0.7,False,1,0.00201,31.39728866,31.39728866
31,2,,quantum,precond_pen=0.700,0.7,False,2,0.004582,31.03572185,31.03572185
31,2,,quantum,precond_pen=0.800,0.8,False,0,0.000131,33.02833402,33.02833402
31,2,,quantum,precond_pen=0.800,0.8,False,1,0.001856,32.76239827,32.76239827
31,2,,quantum,precond_pen=0.800,0.8,False,2,0.002162,31.75556407,31.75556407
31,2,,quantum,precond_pen=0.800,0.8,False,3,0.002314,31.03572185,31.03572185
31,2,,quantum,precond_pen=0.900,0.9,False,0,0.00012,33.02833402,33.02833402
31,2,,quantum,precond_pen=0.900,0.9,False,1,0.002095,31.75556407,31.75556407
31,2,,quantum,precond_pen=0.900,0.9,False,2,0.00222,31.03572185,31.03572185
31,2,,quantum,precond_pen=1.000,1.0,False,0,0.000127,33.02833402,33.02833402
31,2,,quantum,precond_pen=1.000,1.0,False,1,0.002137,31.39728866,31.39728866
31,2,,quantum,precond_pen=1.000,1.0,False,2,0.004201,31.03572185,31.03572185
32,2,,quantum,baseline,,False,0,0.000119,38.83721329,38.83721329
32,2,,quantum,baseline,,False,1,0.001722,38.70525561,38.70525561
32,2,,quantum,baseline,,False,2,0.001971,37.29755164,37.29755164
32,2,,quantum,baseline,,False,3,0.002138,32.12155497,32.12155497
32,2,,quantum,baseline,,False,4,0.007942,31.98788466,31.98788466
32,2,,quantum,precond_pen=0.400,0.4,False,0,0.000117,38.83721329,38.83721329
32,2,,quantum,precond_pen=0.400,0.4,False,1,0.001964,34.36024756,34.36024756
32,2,,quantum,precond_pen=0.400,0.4,False,2,0.002176,32.12840944,32.12840944
32,2,,quantum,precond_pen=0.500,0.5,False,0,0.000116,38.83721329,38.83721329
32,2,,quantum,precond_pen=0.500,0.5,False,1,0.001853,33.47784039,33.47784039
32,2,,quantum,precond_pen=0.500,0.5,False,2,0.002053,32.12840944,32.12840944
32,2,,quantum,precond_pen=0.600,0.6,False,0,0.000118,38.83721329,38.83721329
32,2,,quantum,precond_pen=0.600,0.6,False,1,0.002021,36.07339772,36.07339772
32,2,,quantum,precond_pen=0.600,0.6,False,2,0.002201,36.09061217,36.07339772
32,2,,quantum,precond_pen=0.600,0.6,False,3,0.00236,35.48389864,35.48389864
32,2,,quantum,precond_pen=0.600,0.6,False,4,0.002465,32.8147003,32.8147003
32,2,,quantum,precond_pen=0.600,0.6,False,5,0.00474,32.12840944,32.12840944
32,2,,quantum,precond_pen=0.700,0.7,False,0,0.000116,38.83721329,38.83721329
32,2,,quantum,precond_pen=0.700,0.7,False,1,0.001961,34.68406882,34.68406882
32,2,,quantum,precond_pen=0.700,0.7,False,2,0.002142,34.96803028,34.68406882
32,2,,quantum,precond_pen=0.700,0.7,False,3,0.002273,32.12840944,32.12840944
32,2,,quantum,precond_pen=0.800,0.8,False,0,0.000116,38.83721329,38.83721329
32,2,,quantum,precond_pen=0.800,0.8,False,1,0.001938,37.79406043,37.79406043
32,2,,quantum,precond_pen=0.800,0.8,False,2,0.002101,37.29755164,37.29755164
32,2,,quantum,precond_pen=0.800,0.8,False,3,0.002348,33.43216612,33.43216612
32,2,,quantum,precond_pen=0.800,0.8,False,4,0.002469,32.12155497,32.12155497
32,2,,quantum,precond_pen=0.800,0.8,False,5,0.004931,32.12840944,32.12155497
32,2,,quantum,precond_pen=0.900,0.9,False,0,0.000115,38.83721329,38.83721329
32,2,,quantum,precond_pen=0.900,0.9,False,1,0.001903,33.47784039,33.47784039
32,2,,quantum,precond_pen=0.900,0.9,False,2,0.00213,32.12840944,32.12840944
32,2,,quantum,precond_pen=0.900,0.9,False,3,0.002218,31.98788466,31.98788466
32,2,,quantum,precond_pen=1.000,1.0,False,0,0.00012,38.83721329,38.83721329
32,2,,quantum,precond_pen=1.000,1.0,False,1,0.002038,33.43216612,33.43216612
32,2,,quantum,precond_pen=1.000,1.0,False,2,0.002163,32.12155497,32.12155497
32,2,,quantum,precond_pen=1.000,1.0,False,3,0.011989,32.16367045,32.12155497
32,2,,quantum,precond_pen=1.000,1.0,False,4,0.012051,31.98788466,31.98788466
33,2,,quantum,baseline,,False,0,0.00013,35.88538343,35.88538343
33,2,,quantum,baseline,,False,1,0.00187,35.21223617,35.21223617
33,2,,quantum,baseline,,False,2,0.00197,30.32313427,30.32313427
33,2,,quantum,precond_pen=0.400,0.4,False,0,0.000107,35.88538343,35.88538343
33,2,,quantum,precond_pen=0.400,0.4,False,1,0.002078,32.53065149,32.53065149
33,2,,quantum,precond_pen=0.400,0.4,False,2,0.002248,32.60454865,32.53065149
33,2,,quantum,precond_pen=0.400,0.4,False,3,0.002346,30.32313427,30.32313427
33,2,,quantum,precond_pen=0.500,0.5,False,0,0.000106,35.88538343,35.88538343
33,2,,quantum,precond_pen=0.500,0.5,False,1,0.002004,32.65841569,32.65841569
33,2,,quantum,precond_pen=0.500,0.5,False,2,0.002326,32.60454865,32.60454865
33,2,,quantum,precond_pen=0.500,0.5,False,3,0.002463,30.32313427,30.32313427
33,2,,quantum,precond_pen=0.600,0.6,False,0,0.000105,35.88538343,35.88538343
33,2,,quantum,precond_pen=0.600,0.6,False,1,0.001706,33.22459343,33.22459343
33,2,,quantum,precond_pen=0.600,0.6,False,2,0.001995,32.49943687,32.49943687
33,2,,quantum,precond_pen=0.600,0.6,False,3,0.002281,32.60454865,32.49943687
33,2,,quantum,precond_pen=0.600,0.6,False,4,0.002417,30.32313427,30.32313427
33,2,,quantum,precond_pen=0.700,0.7,False,0,0.000124,35.88538343,35.88538343
33,2,,quantum,precond_pen=0.700,0.7,False,1,0.001766,30.32313427,30.32313427
33,2,,quantum,precond_pen=0.800,0.8,False,0,0.000107,35.88538343,35.88538343
33,2,,quantum,precond_pen=0.800,0.8,False,1,0.001821,34.76356944,34.76356944
33,2,,quantum,precond_pen=0.800,0.8,False,2,0.002016,34.56158009,34.56158009
33,2,,quantum,precond_pen=0.800,0.8,False,3,0.002119,30.32313427,30.32313427
33,2,,quantum,precond_pen=0.900,0.9,False,0,0.00011,35.88538343,35.88538343
33,2,,quantum,precond_pen=0.900,0.9,False,1,0.001919,35.81647748,35.81647748
33,2,,quantum,precond_pen=0.900,0.9,False,2,0.002076,34.55345747,34.55345747
33,2,,quantum,precond_pen=0.900,0.9,False,3,0.002208,31.08508418,31.08508418
33,2,,quantum,precond_pen=0.900,0.9,False,4,0.00416,30.32313427,30.32313427
33,2,,quantum,precond_pen=1.000,1.0,False,0,0.000107,35.88538343,35.88538343
33,2,,quantum,precond_pen=1.000,1.0,False,1,0.001939,30.32313427,30.32313427
34,2,,quantum,baseline,,False,0,0.00011,39.1354961,39.1354961
34,2,,quantum,baseline,,False,1,0.001771,36.54530829,36.54530829
34,2,,quantum,baseline,,False,2,0.001912,35.9851026,35.9851026
34,2,,quantum,baseline,,False,3,0.002027,30.38462525,30.38462525
34,2,,quantum,precond_pen=0.400,0.4,False,0,0.000105,39.1354961,39.1354961
34,2,,quantum,precond_pen=0.400,0.4,False,1,0.001918,36.46776706,36.46776706
34,2,,quantum,precond_pen=0.400,0.4,False,2,0.002073,34.56607918,34.56607918
34,2,,quantum,precond_pen=0.400,0.4,False,3,0.002203,30.60394399,30.60394399
34,2,,quantum,precond_pen=0.500,0.5,False,0,0.000104,39.1354961,39.1354961
34,2,,quantum,precond_pen=0.500,0.5,False,1,0.001694,30.60394399,30.60394399
34,2,,quantum,precond_pen=0.600,0.6,False,0,0.000104,39.1354961,39.1354961
34,2,,quantum,precond_pen=0.600,0.6,False,1,0.001772,32.34751833,32.34751833
34,2,,quantum,precond_pen=0.600,0.6,False,2,0.001973,30.60394399,30.60394399
34,2,,quantum,precond_pen=0.700,0.7,False,0,0.000104,39.1354961,39.1354961
34,2,,quantum,precond_pen=0.700,0.7,False,1,0.001837,34.80703849,34.80703849
34,2,,quantum,precond_pen=0.700,0.7,False,2,0.002018,34.56607918,34.56607918
34,2,,quantum,precond_pen=0.700,0.7,False,3,0.002155,30.60394399,30.60394399
34,2,,quantum,precond_pen=0.800,0.8,False,0,0.000105,39.1354961,39.1354961
34,2,,quantum,precond_pen=0.800,0.8,False,1,0.001744,34.80703849,34.80703849
34,2,,quantum,precond_pen=0.800,0.8,False,2,0.001922,34.56607918,34.56607918
34,2,,quantum,precond_pen=0.800,0.8,False,3,0.002055,30.60394399,30.60394399
34,2,,quantum,precond_pen=0.900,0.9,False,0,0.000105,39.1354961,39.1354961
34,2,,quantum,precond_pen=0.900,0.9,False,1,0.001881,37.66707617,37.66707617
34,2,,quantum,precond_pen=0.900,0.9,False,2,0.002028,36.54530829,36.54530829
34,2,,quantum,precond_pen=0.900,0.9,False,3,0.002188,35.24455334,35.24455334
34,2,,quantum,precond_pen=0.900,0.9,False,4,0.002286,30.38462525,30.38462525
34,2,,quantum,precond_pen=1.000,1.0,False,0,0.000105,39.1354961,39.1354961
34,2,,quantum,precond_pen=1.000,1.0,False,1,0.002016,35.85181217,35.85181217
34,2,,quantum,precond_pen=1.000,1.0,False,2,0.002201,34.56607918,34.56607918
34,2,,quantum,precond_pen=1.000,1.0,False,3,0.002374,33.83659399,33.83659399
34,2,,quantum,precond_pen=1.000,1.0,False,4,0.002455,30.38462525,30.38462525
35,2,,quantum,baseline,,False,0,0.000106,35.33107351,35.33107351
35,2,,quantum,baseline,,False,1,0.001955,32.20724854,32.20724854
35,2,,quantum,baseline,,False,2,0.00208,30.11131545,30.11131545
35,2,,quantum,baseline,,False,3,0.00782,28.68086851,28.68086851
35,2,,quantum,baseline,,False,4,0.00921,27.60067201,27.60067201
35,2,,quantum,precond_pen=0.400,0.4,False,0,0.000108,35.33107351,35.33107351
35,2,,quantum,precond_pen=0.400,0.4,False,1,0.001765,31.7599508,31.7599508
35,2,,quantum,precond_pen=0.400,0.4,False,2,0.001943,27.60067201,27.60067201
35,2,,quantum,precond_pen=0.500,0.5,False,0,0.000109,35.33107351,35.33107351
35,2,,quantum,precond_pen=0.500,0.5,False,1,0.00179,31.7599508,31.7599508
35,2,,quantum,precond_pen=0.500,0.5,False,2,0.001928,30.34351049,30.34351049
35,2,,quantum,precond_pen=0.500,0.5,False,3,0.002061,27.60067201,27.60067201
35,2,,quantum,precond_pen=0.600,0.6,False,0,0.000105,35.33107351,35.33107351
35,2,,quantum,precond_pen=0.600,0.6,False,1,0.001893,32.2237204,32.2237204
35,2,,quantum,precond_pen=0.600,0.6,False,2,0.002049,32.20724854,32.20724854
35,2,,quantum,precond_pen=0.600,0.6,False,3,0.002181,28.72594019,28.72594019
35,2,,quantum,precond_pen=0.600,0.6,False,4,0.004698,27.60067201,27.60067201
35,2,,quantum,precond_pen=0.700,0.7,False,0,0.000107,35.33107351,35.33107351
35,2,,quantum,precond_pen=0.700,0.7,False,1,0.001847,31.7599508,31.7599508
35,2,,quantum,precond_pen=0.700,0.7,False,2,0.002103,30.34351049,30.34351049
35,2,,quantum,precond_pen=0.700,0.7,False,3,0.002271,28.72594019,28.72594019
35,2,,quantum,precond_pen=0.700,0.7,False,4,0.00458,27.60067201,27.60067201
35,2,,quantum,precond_pen=0.800,0.8,False,0,0.000107,35.33107351,35.33107351
35,2,,quantum,precond_pen=0.800,0.8,False,1,0.001945,28.68086851,28.68086851
35,2,,quantum,precond_pen=0.800,0.8,False,2,0.002138,27.60067201,27.60067201
35,2,,quantum,precond_pen=0.900,0.9,False,0,0.000119,35.33107351,35.33107351
35,2,,quantum,precond_pen=0.900,0.9,False,1,0.001861,33.87395208,33.87395208
35,2,,quantum,precond_pen=0.900,0.9,False,2,0.001969,27.60067201,27.60067201
35,2,,quantum,precond_pen=1.000,1.0,False,0,0.000107,35.33107351,35.33107351
35,2,,quantum,precond_pen=1.000,1.0,False,1,0.001713,34.18374103,34.18374103
35,2,,quantum,precond_pen=1.000,1.0,False,2,0.001821,32.20724854,32.20724854
35,2,,quantum,precond_pen=1.000,1.0,False,3,0.001972,32.02375834,32.02375834
35,2,,quantum,precond_pen=1.000,1.0,False,4,0.002074,27.60067201,27.60067201
36,2,,quantum,baseline,,False,0,0.000108,32.41579814,32.41579814
36,2,,quantum,baseline,,False,1,0.001667,30.80248748,30.80248748
36,2,,quantum,baseline,,False,2,0.001849,25.75262703,25.75262703
36,2,,quantum,precond_pen=0.400,0.4,False,0,0.00011,32.41579814,32.41579814
36,2,,quantum,precond_pen=0.400,0.4,False,1,0.001692,32.73167645,32.41579814
36,2,,quantum,precond_pen=0.400,0.4,False,2,0.001885,30.80248748,30.80248748
36,2,,quantum,precond_pen=0.400,0.4,False,3,0.001996,25.75262703,25.75262703
36,2,,quantum,precond_pen=0.500,0.5,False,0,0.000123,32.41579814,32.41579814
36,2,,quantum,precond_pen=0.500,0.5,False,1,0.001925,30.28710648,30.28710648
36,2,,quantum,precond_pen=0.500,0.5,False,2,0.00215,25.75262703,25.75262703
36,2,,quantum,precond_pen=0.600,0.6,False,0,0.000104,32.41579814,32.41579814
36,2,,quantum,precond_pen=0.600,0.6,False,1,0.001924,30.28710648,30.28710648
36,2,,quantum,precond_pen=0.600,0.6,False,2,0.002049,25.75262703,25.75262703
36,2,,quantum,precond_pen=0.700,0.7,False,0,0.000108,32.41579814,32.41579814
36,2,,quantum,precond_pen=0.700,0.7,False,1,0.001729,29.61966187,29.61966187
36,2,,quantum,precond_pen=0.700,0.7,False,2,0.001908,25.75262703,25.75262703
36,2,,quantum,precond_pen=0.800,0.8,False,0,0.000108,32.41579814,32.41579814
36,2,,quantum,precond_pen=0.800,0.8,False,1,0.001983,30.28710648,30.28710648
36,2,,quantum,precond_pen=0.800,0.8,False,2,0.002111,25.75262703,25.75262703
36,2,,quantum,precond_pen=0.900,0.9,False,0,0.000109,32.41579814,32.41579814
36,2,,quantum,precond_pen=0.900,0.9,False,1,0.002046,31.28983452,31.28983452
36,2,,quantum,precond_pen=0.900,0.9,False,2,0.002137,25.75262703,25.75262703
36,2,,quantum,precond_pen=1.000,1.0,False,0,0.000107,32.41579814,32.41579814
36,2,,quantum,precond_pen=1.000,1.0,False,1,0.002586,30.28710648,30.28710648
36,2,,quantum,precond_pen=1.000,1.0,False,2,0.002747,25.75262703,25.75262703
37,2,,quantum,baseline,,False,0,0.000121,31.24847873,31.24847873
37,2,,quantum,baseline,,False,1,0.001686,29.1130631,29.1130631
37,2,,quantum,baseline,,False,2,0.001843,28.57487089,28.57487089
37,2,,quantum,baseline,,False,3,0.001956,26.95211849,26.95211849
37,2,,quantum,precond_pen=0.400,0.4,False,0,0.000105,31.24847873,31.24847873
37,2,,quantum,precond_pen=0.400,0.4,False,1,0.001903,30.7107161,30.7107161
37,2,,quantum,precond_pen=0.400,0.4,False,2,0.002029,29.1130631,29.1130631
37,2,,quantum,precond_pen=0.400,0.4,False,3,0.00239,28.898154,28.898154
37,2,,quantum,precond_pen=0.400,0.4,False,4,0.005312,27.97544975,27.97544975
37,2,,quantum,precond_pen=0.400,0.4,False,5,0.005376,26.95211849,26.95211849
37,2,,quantum,precond_pen=0.500,0.5,False,0,0.000105,31.24847873,31.24847873
37,2,,quantum,precond_pen=0.500,0.5,False,1,0.00183,30.90125356,30.90125356
37,2,,quantum,precond_pen=0.500,0.5,False,2,0.002008,29.1130631,29.1130631
37,2,,quantum,precond_pen=0.500,0.5,False,3,0.002141,28.898154,28.898154
37,2,,quantum,precond_pen=0.500,0.5,False,4,0.004719,27.99915795,27.99915795
37,2,,quantum,precond_pen=0.500,0.5,False,5,0.004803,26.95211849,26.95211849
37,2,,quantum,precond_pen=0.600,0.6,False,0,0.000111,31.24847873,31.24847873
37,2,,quantum,precond_pen=0.600,0.6,False,1,0.001711,31.01345232,31.01345232
37,2,,quantum,precond_pen=0.600,0.6,False,2,0.001872,29.1130631,29.1130631
37,2,,quantum,precond_pen=0.600,0.6,False,3,0.002007,28.898154,28.898154
37,2,,quantum,precond_pen=0.600,0.6,False,4,0.004457,27.99915795,27.99915795
37,2,,quantum,precond_pen=0.600,0.6,False,5,0.004642,26.95211849,26.95211849
37,2,,quantum,precond_pen=0.700,0.7,False,0,0.000105,31.24847873,31.24847873
37,2,,quantum,precond_pen=0.700,0.7,False,1,0.001704,30.74300358,30.74300358
37,2,,quantum,precond_pen=0.700,0.7,False,2,0.001848,29.1130631,29.1130631
37,2,,quantum,precond_pen=0.700,0.7,False,3,0.00198,28.898154,28.898154
37,2,,quantum,precond_pen=0.700,0.7,False,4,0.004375,27.32031339,27.32031339
37,2,,quantum,precond_pen=0.700,0.7,False,5,0.00445,26.95211849,26.95211849
37,2,,quantum,precond_pen=0.800,0.8,False,0,0.000105,31.24847873,31.24847873
37,2,,quantum,precond_pen=0.800,0.8,False,1,0.001717,29.13759705,29.13759705
37,2,,quantum,precond_pen=0.800,0.8,False,2,0.00186,29.1130631,29.1130631
37,2,,quantum,precond_pen=0.800,0.8,False,3,0.001992,28.898154,28.898154
37,2,,quantum,precond_pen=0.800,0.8,False,4,0.004211,26.95211849,26.95211849
37,2,,quantum,precond_pen=0.900,0.9,False,0,0.00011,31.24847873,31.24847873
37,2,,quantum,precond_pen=0.900,0.9,False,1,0.002409,29.82755405,29.82755405
37,2,,quantum,precond_pen=0.900,0.9,False,2,0.002549,26.95211849,26.95211849
37,2,,quantum,precond_pen=1.000,1.0,False,0,0.000106,31.24847873,31.24847873
37,2,,quantum,precond_pen=1.000,1.0,False,1,0.002074,30.62315704,30.62315704
37,2,,quantum,precond_pen=1.000,1.0,False,2,0.002188,26.95211849,26.95211849
38,2,,quantum,baseline,,False,0,0.000105,31.60966781,31.60966781
38,2,,quantum,baseline,,False,1,0.001777,26.08238292,26.08238292
38,2,,quantum,precond_pen=0.400,0.4,False,0,0.000105,31.60966781,31.60966781
38,2,,quantum,precond_pen=0.400,0.4,False,1,0.001926,26.08238292,26.08238292
38,2,,quantum,precond_pen=0.500,0.5,False,0,0.000104,31.60966781,31.60966781
38,2,,quantum,precond_pen=0.500,0.5,False,1,0.001775,26.08238292,26.08238292
38,2,,quantum,precond_pen=0.600,0.6,False,0,0.000105,31.60966781,31.60966781
38,2,,quantum,precond_pen=0.600,0.6,False,1,0.002098,26.08238292,26.08238292
38,2,,quantum,precond_pen=0.700,0.7,False,0,0.000105,31.60966781,31.60966781
38,2,,quantum,precond_pen=0.700,0.7,False,1,0.001925,29.90876933,29.90876933
38,2,,quantum,precond_pen=0.700,0.7,False,2,0.002166,29.55091365,29.55091365
38,2,,quantum,precond_pen=0.700,0.7,False,3,0.002255,26.08238292,26.08238292
38,2,,quantum,precond_pen=0.800,0.8,False,0,0.000104,31.60966781,31.60966781
38,2,,quantum,precond_pen=0.800,0.8,False,1,0.001889,31.30430642,31.30430642
38,2,,quantum,precond_pen=0.800,0.8,False,2,0.002004,30.16058254,30.16058254
38,2,,quantum,precond_pen=0.800,0.8,False,3,0.002136,26.08238292,26.08238292
38,2,,quantum,precond_pen=0.900,0.9,False,0,0.000117,31.60966781,31.60966781
38,2,,quantum,precond_pen=0.900,0.9,False,1,0.002338,30.89675535,30.89675535
38,2,,quantum,precond_pen=0.900,0.9,False,2,0.002457,26.08238292,26.08238292
38,2,,quantum,precond_pen=1.000,1.0,False,0,0.000104,31.60966781,31.60966781
38,2,,quantum,precond_pen=1.000,1.0,False,1,0.001895,31.1692475,31.1692475
38,2,,quantum,precond_pen=1.000,1.0,False,2,0.002102,30.16058254,30.16058254
38,2,,quantum,precond_pen=1.000,1.0,False,3,0.002285,29.49404109,29.49404109
38,2,,quantum,precond_pen=1.000,1.0,False,4,0.0024,26.08238292,26.08238292
39,2,,quantum,baseline,,False,0,0.000108,40.32858422,40.32858422
39,2,,quantum,baseline,,False,1,0.001813,37.53070855,37.53070855
39,2,,quantum,baseline,,False,2,0.001898,31.18270743,31.18270743
39,2,,quantum,baseline,,False,3,0.007623,29.25662666,29.25662666
39,2,,quantum,precond_pen=0.400,0.4,False,0,0.000118,40.32858422,40.32858422
39,2,,quantum,precond_pen=0.400,0.4,False,1,0.001964,33.36354955,33.36354955
39,2,,quantum,precond_pen=0.400,0.4,False,2,0.00217,29.25662666,29.25662666
39,2,,quantum,precond_pen=0.500,0.5,False,0,0.000104,40.32858422,40.32858422
39,2,,quantum,precond_pen=0.500,0.5,False,1,0.001887,30.42560971,30.42560971
39,2,,quantum,precond_pen=0.500,0.5,False,2,0.002084,29.25662666,29.25662666
39,2,,quantum,precond_pen=0.600,0.6,False,0,0.000105,40.32858422,40.32858422
39,2,,quantum,precond_pen=0.600,0.6,False,1,0.001981,37.75840391,37.75840391
39,2,,quantum,precond_pen=0.600,0.6,False,2,0.002131,29.25662666,29.25662666
39,2,,quantum,precond_pen=0.700,0.7,False,0,0.000105,40.32858422,40.32858422
39,2,,quantum,precond_pen=0.700,0.7,False,1,0.001716,35.55035603,35.55035603
39,2,,quantum,precond_pen=0.700,0.7,False,2,0.001866,35.83045267,35.55035603
39,2,,quantum,precond_pen=0.700,0.7,False,3,0.002018,33.36354955,33.36354955
39,2,,quantum,precond_pen=0.700,0.7,False,4,0.002105,29.25662666,29.25662666
39,2,,quantum,precond_pen=0.800,0.8,False,0,0.000104,40.32858422,40.32858422
39,2,,quantum,precond_pen=0.800,0.8,False,1,0.001772,32.05818783,32.05818783
39,2,,quantum,precond_pen=0.800,0.8,False,2,0.001956,31.18270743,31.18270743
39,2,,quantum,precond_pen=0.800,0.8,False,3,0.002107,31.0429475,31.0429475
39,2,,quantum,precond_pen=0.800,0.8,False,4,0.002205,29.25662666,29.25662666
39,2,,quantum,precond_pen=0.900,0.9,False,0,0.000104,40.32858422,40.32858422
39,2,,quantum,precond_pen=0.900,0.9,False,1,0.001855,34.8825143,34.8825143
39,2,,quantum,precond_pen=0.900,0.9,False,2,0.002122,34.21492968,34.21492968
39,2,,quantum,precond_pen=0.900,0.9,False,3,0.002511,31.0429475,31.0429475
39,2,,quantum,precond_pen=0.900,0.9,False,4,0.002697,29.25662666,29.25662666
39,2,,quantum,precond_pen=1.000,1.0,False,0,0.000108,40.32858422,40.32858422
39,2,,quantum,precond_pen=1.000,1.0,False,1,0.002119,33.83272253,33.83272253
39,2,,quantum,precond_pen=1.000,1.0,False,2,0.002416,31.18270743,31.18270743
39,2,,quantum,precond_pen=1.000,1.0,False,3,0.009836,30.06167984,30.06167984
39,2,,quantum,precond_pen=1.000,1.0,False,4,0.009903,29.25662666,29.25662666
40,2,,quantum,baseline,,False,0,0.000106,27.03905801,27.03905801
40,2,,quantum,baseline,,False,1,0.002123,26.32395981,26.32395981
40,2,,quantum,baseline,,False,2,0.002405,26.03496463,26.03496463
40,2,,quantum,precond_pen=0.400,0.4,False,0,0.000105,27.03905801,27.03905801
40,2,,quantum,precond_pen=0.400,0.4,False,1,0.002056,26.32395981,26.32395981
40,2,,quantum,precond_pen=0.500,0.5,False,0,0.000105,27.03905801,27.03905801
40,2,,quantum,precond_pen=0.500,0.5,False,1,0.002008,26.32395981,26.32395981
40,2,,quantum,precond_pen=0.600,0.6,False,0,0.000105,27.03905801,27.03905801
40,2,,quantum,precond_pen=0.600,0.6,False,1,0.001923,26.32395981,26.32395981
40,2,,quantum,precond_pen=0.700,0.7,False,0,0.000104,27.03905801,27.03905801
40,2,,quantum,precond_pen=0.700,0.7,False,1,0.002413,26.03496463,26.03496463
40,2,,quantum,precond_pen=0.800,0.8,False,0,0.000105,27.03905801,27.03905801
40,2,,quantum,precond_pen=0.800,0.8,False,1,0.001913,26.03496463,26.03496463
40,2,,quantum,precond_pen=0.900,0.9,False,0,0.000105,27.03905801,27.03905801
40,2,,quantum,precond_pen=0.900,0.9,False,1,0.002069,26.03496463,26.03496463
40,2,,quantum,precond_pen=1.000,1.0,False,0,0.000138,27.03905801,27.03905801
40,2,,quantum,precond_pen=1.000,1.0,False,1,0.002372,26.03496463,26.03496463
41,2,,quantum,baseline,,False,0,0.000106,39.66825182,39.66825182
41,2,,quantum,baseline,,False,1,0.001781,38.45828306,38.45828306
41,2,,quantum,baseline,,False,2,0.001896,32.99186281,32.99186281
41,2,,quantum,precond_pen=0.400,0.4,False,0,0.000105,39.66825182,39.66825182
41,2,,quantum,precond_pen=0.400,0.4,False,1,0.001906,37.31182959,37.31182959
41,2,,quantum,precond_pen=0.400,0.4,False,2,0.002132,32.99186281,32.99186281
41,2,,quantum,precond_pen=0.500,0.5,False,0,0.000107,39.66825182,39.66825182
41,2,,quantum,precond_pen=0.500,0.5,False,1,0.001938,34.44885504,34.44885504
41,2,,quantum,precond_pen=0.500,0.5,False,2,0.002226,32.99186281,32.99186281
41,2,,quantum,precond_pen=0.600,0.6,False,0,0.000142,39.66825182,39.66825182
41,2,,quantum,precond_pen=0.600,0.6,False,1,0.002111,35.50628545,35.50628545
41,2,,quantum,precond_pen=0.600,0.6,False,2,0.002315,32.99186281,32.99186281
41,2,,quantum,precond_pen=0.700,0.7,False,0,0.00011,39.66825182,39.66825182
41,2,,quantum,precond_pen=0.700,0.7,False,1,0.00187,35.08437269,35.08437269
41,2,,quantum,precond_pen=0.700,0.7,False,2,0.002077,32.99186281,32.99186281
41,2,,quantum,precond_pen=0.800,0.8,False,0,0.000105,39.66825182,39.66825182
41,2,,quantum,precond_pen=0.800,0.8,False,1,0.001891,38.63678347,38.63678347
41,2,,quantum,precond_pen=0.800,0.8,False,2,0.00211,32.99186281,32.99186281
41,2,,quantum,precond_pen=0.900,0.9,False,0,0.000153,39.66825182,39.66825182
41,2,,quantum,precond_pen=0.900,0.9,False,1,0.00226,35.71726368,35.71726368
41,2,,quantum,precond_pen=0.900,0.9,False,2,0.002474,32.99186281,32.99186281
41,2,,quantum,precond_pen=1.000,1.0,False,0,0.000139,39.66825182,39.66825182
41,2,,quantum,precond_pen=1.000,1.0,False,1,0.002446,38.6275734,38.6275734
41,2,,quantum,precond_pen=1.000,1.0,False,2,0.002571,32.99186281,32.99186281
42,2,,quantum,baseline,,False,0,0.000103,34.2084696,34.2084696
42,2,,quantum,baseline,,False,1,0.001757,32.48079054,32.48079054
42,2,,quantum,precond_pen=0.400,0.4,False,0,0.000141,34.2084696,34.2084696
42,2,,quantum,precond_pen=0.400,0.4,False,1,0.002536,33.17097878,33.17097878
42,2,,quantum,precond_pen=0.400,0.4,False,2,0.002685,32.48079054,32.48079054
42,2,,quantum,precond_pen=0.500,0.5,False,0,0.000105,34.2084696,34.2084696
42,2,,quantum,precond_pen=0.500,0.5,False,1,0.001947,32.48079054,32.48079054
42,2,,quantum,precond_pen=0.600,0.6,False,0,0.000104,34.2084696,34.2084696
42,2,,quantum,precond_pen=0.600,0.6,False,1,0.00193,33.17097878,33.17097878
42,2,,quantum,precond_pen=0.600,0.6,False,2,0.00203,32.48079054,32.48079054
42,2,,quantum,precond_pen=0.700,0.7,False,0,0.000106,34.2084696,34.2084696
42,2,,quantum,precond_pen=0.700,0.7,False,1,0.001897,33.17097878,33.17097878
42,2,,quantum,precond_pen=0.700,0.7,False,2,0.001985,32.48079054,32.48079054
42,2,,quantum,precond_pen=0.800,0.8,False,0,0.000103,34.2084696,34.2084696
42,2,,quantum,precond_pen=0.800,0.8,False,1,0.001952,32.48079054,32.48079054
42,2,,quantum,precond_pen=0.900,0.9,False,0,0.000105,34.2084696,34.2084696
42,2,,quantum,precond_pen=0.900,0.9,False,1,0.001926,33.91088242,33.91088242
42,2,,quantum,precond_pen=0.900,0.9,False,2,0.00206,32.48079054,32.48079054
42,2,,quantum,precond_pen=1.000,1.0,False,0,0.000143,34.2084696,34.2084696
42,2,,quantum,precond_pen=1.000,1.0,False,1,0.002494,33.17097878,33.17097878
42,2,,quantum,precond_pen=1.000,1.0,False,2,0.002582,32.48079054,32.48079054
43,2,,quantum,baseline,,False,0,0.000108,29.84939858,29.84939858
43,2,,quantum,baseline,,False,1,0.001763,27.24116421,27.24116421
43,2,,quantum,baseline,,False,2,0.007347,24.13375264,24.13375264
43,2,,quantum,precond_pen=0.400,0.4,False,0,0.00011,29.84939858,29.84939858
43,2,,quantum,precond_pen=0.400,0.4,False,1,0.001856,24.13375264,24.13375264
43,2,,quantum,precond_pen=0.500,0.5,False,0,0.000106,29.84939858,29.84939858
43,2,,quantum,precond_pen=0.500,0.5,False,1,0.001762,30.20225761,29.84939858
43,2,,quantum,precond_pen=0.500,0.5,False,2,0.001947,28.24770049,28.24770049
43,2,,quantum,precond_pen=0.500,0.5,False,3,0.002033,24.13375264,24.13375264
43,2,,quantum,precond_pen=0.600,0.6,False,0,0.000109,29.84939858,29.84939858
43,2,,quantum,precond_pen=0.600,0.6,False,1,0.001819,24.13375264,24.13375264
43,2,,quantum,precond_pen=0.700,0.7,False,0,0.000162,29.84939858,29.84939858
43,2,,quantum,precond_pen=0.700,0.7,False,1,0.001963,24.13375264,24.13375264
43,2,,quantum,precond_pen=0.800,0.8,False,0,0.000109,29.84939858,29.84939858
43,2,,quantum,precond_pen=0.800,0.8,False,1,0.001715,29.64689118,29.64689118
43,2,,quantum,precond_pen=0.800,0.8,False,2,0.001892,28.24770049,28.24770049
43,2,,quantum,precond_pen=0.800,0.8,False,3,0.001986,24.13375264,24.13375264
43,2,,quantum,precond_pen=0.900,0.9,False,0,0.000105,29.84939858,29.84939858
43,2,,quantum,precond_pen=0.900,0.9,False,1,0.001846,29.82529033,29.82529033
43,2,,quantum,precond_pen=0.900,0.9,False,2,0.001933,24.13375264,24.13375264
43,2,,quantum,precond_pen=1.000,1.0,False,0,0.000139,29.84939858,29.84939858
43,2,,quantum,precond_pen=1.000,1.0,False,1,0.002334,28.24770049,28.24770049
43,2,,quantum,precond_pen=1.000,1.0,False,2,0.002465,24.13375264,24.13375264
44,2,,quantum,baseline,,False,0,0.000107,40.43310821,40.43310821
44,2,,quantum,baseline,,False,1,0.00162,36.98669146,36.98669146
44,2,,quantum,baseline,,False,2,0.001759,34.56609778,34.56609778
44,2,,quantum,baseline,,False,3,0.001877,31.24766214,31.24766214
44,2,,quantum,precond_pen=0.400,0.4,False,0,0.000106,40.43310821,40.43310821
44,2,,quantum,precond_pen=0.400,0.4,False,1,0.002123,34.56609778,34.56609778
44,2,,quantum,precond_pen=0.400,0.4,False,2,0.002354,34.57141314,34.56609778
44,2,,quantum,precond_pen=0.400,0.4,False,3,0.002522,31.24766214,31.24766214
44,2,,quantum,precond_pen=0.400,0.4,False,4,0.005353,31.38037153,31.24766214
44,2,,quantum,precond_pen=0.500,0.5,False,0,0.000104,40.43310821,40.43310821
44,2,,quantum,precond_pen=0.500,0.5,False,1,0.001646,36.07920521,36.07920521
44,2,,quantum,precond_pen=0.500,0.5,False,2,0.0018,36.98669146,36.07920521
44,2,,quantum,precond_pen=0.500,0.5,False,3,0.001963,37.28570817,36.07920521
44,2,,quantum,precond_pen=0.500,0.5,False,4,0.002063,31.38037153,31.38037153
44,2,,quantum,precond_pen=0.500,0.5,False,5,0.004423,31.24766214,31.24766214
44,2,,quantum,precond_pen=0.600,0.6,False,0,0.000104,40.43310821,40.43310821
44,2,,quantum,precond_pen=0.600,0.6,False,1,0.002176,32.78008132,32.78008132
44,2,,quantum,precond_pen=0.600,0.6,False,2,0.002463,31.24766214,31.24766214
44,2,,quantum,precond_pen=0.700,0.7,False,0,0.00014,40.43310821,40.43310821
44,2,,quantum,precond_pen=0.700,0.7,False,1,0.001863,37.85076156,37.85076156
44,2,,quantum,precond_pen=0.700,0.7,False,2,0.001991,36.98669146,36.98669146
44,2,,quantum,precond_pen=0.700,0.7,False,3,0.002231,36.52801202,36.52801202
44,2,,quantum,precond_pen=0.700,0.7,False,4,0.002358,31.38037153,31.38037153
44,2,,quantum,precond_pen=0.700,0.7,False,5,0.004661,31.24766214,31.24766214
44,2,,quantum,precond_pen=0.800,0.8,False,0,0.000116,40.43310821,40.43310821
44,2,,quantum,precond_pen=0.800,0.8,False,1,0.001811,37.38287496,37.38287496
44,2,,quantum,precond_pen=0.800,0.8,False,2,0.001928,36.98669146,36.98669146
44,2,,quantum,precond_pen=0.800,0.8,False,3,0.002198,36.52801202,36.52801202
44,2,,quantum,precond_pen=0.800,0.8,False,4,0.002328,31.38037153,31.38037153
44,2,,quantum,precond_pen=0.800,0.8,False,5,0.004745,31.24766214,31.24766214
44,2,,quantum,precond_pen=0.900,0.9,False,0,0.000105,40.43310821,40.43310821
44,2,,quantum,precond_pen=0.900,0.9,False,1,0.002007,33.45592309,33.45592309
44,2,,quantum,precond_pen=0.900,0.9,False,2,0.002197,31.38037153,31.38037153
44,2,,quantum,precond_pen=0.900,0.9,False,3,0.004581,31.24766214,31.24766214
44,2,,quantum,precond_pen=1.000,1.0,False,0,0.000105,40.43310821,40.43310821
44,2,,quantum,precond_pen=1.000,1.0,False,1,0.001912,35.55524375,35.55524375
44,2,,quantum,precond_pen=1.000,1.0,False,2,0.002113,31.38037153,31.38037153
45,2,,quantum,baseline,,False,0,0.000109,36.1395043,36.1395043
45,2,,quantum,baseline,,False,1,0.001645,35.29372618,35.29372618
45,2,,quantum,baseline,,False,2,0.001888,32.39371542,32.39371542
45,2,,quantum,baseline,,False,3,0.002062,31.8352366,31.8352366
45,2,,quantum,precond_pen=0.400,0.4,False,0,0.000118,36.1395043,36.1395043
45,2,,quantum,precond_pen=0.400,0.4,False,1,0.001957,34.30145411,34.30145411
45,2,,quantum,precond_pen=0.400,0.4,False,2,0.002085,32.39371542,32.39371542
45,2,,quantum,precond_pen=0.400,0.4,False,3,0.002216,31.93036733,31.93036733
45,2,,quantum,precond_pen=0.500,0.5,False,0,0.000105,36.1395043,36.1395043
45,2,,quantum,precond_pen=0.500,0.5,False,1,0.001717,32.06869354,32.06869354
45,2,,quantum,precond_pen=0.500,0.5,False,2,0.001899,31.93036733,31.93036733
45,2,,quantum,precond_pen=0.600,0.6,False,0,0.000105,36.1395043,36.1395043
45,2,,quantum,precond_pen=0.600,0.6,False,1,0.001895,32.57192264,32.57192264
45,2,,quantum,precond_pen=0.600,0.6,False,2,0.002016,32.39371542,32.39371542
45,2,,quantum,precond_pen=0.600,0.6,False,3,0.002145,32.06869354,32.06869354
45,2,,quantum,precond_pen=0.600,0.6,False,4,0.002235,31.93036733,31.93036733
45,2,,quantum,precond_pen=0.700,0.7,False,0,0.000106,36.1395043,36.1395043
45,2,,quantum,precond_pen=0.700,0.7,False,1,0.001869,34.74509394,34.74509394
45,2,,quantum,precond_pen=0.700,0.7,False,2,0.001989,32.39371542,32.39371542
45,2,,quantum,precond_pen=0.700,0.7,False,3,0.002123,31.93036733,31.93036733
45,2,,quantum,precond_pen=0.800,0.8,False,0,0.000109,36.1395043,36.1395043
45,2,,quantum,precond_pen=0.800,0.8,False,1,0.001918,34.07293678,34.07293678
45,2,,quantum,precond_pen=0.800,0.8,False,2,0.002037,31.93036733,31.93036733
45,2,,quantum,precond_pen=0.900,0.9,False,0,0.000105,36.1395043,36.1395043
45,2,,quantum,precond_pen=0.900,0.9,False,1,0.002382,33.51608228,33.51608228
45,2,,quantum,precond_pen=0.900,0.9,False,2,0.002583,31.93036733,31.93036733
45,2,,quantum,precond_pen=1.000,1.0,False,0,0.000105,36.1395043,36.1395043
45,2,,quantum,precond_pen=1.000,1.0,False,1,0.001947,33.17011846,33.17011846
45,2,,quantum,precond_pen=1.000,1.0,False,2,0.002055,31.93036733,31.93036733
46,2,,quantum,baseline,,False,0,0.000104,34.44616682,34.44616682
46,2,,quantum,baseline,,False,1,0.001645,33.54025034,33.54025034
46,2,,quantum,baseline,,False,2,0.001765,33.31165535,33.31165535
46,2,,quantum,baseline,,False,3,0.001874,28.38882987,28.38882987
46,2,,quantum,precond_pen=0.400,0.4,False,0,0.000105,34.44616682,34.44616682
46,2,,quantum,precond_pen=0.400,0.4,False,1,0.00208,30.02877677,30.02877677
46,2,,quantum,precond_pen=0.400,0.4,False,2,0.002263,29.02849961,29.02849961
46,2,,quantum,precond_pen=0.500,0.5,False,0,0.000116,34.44616682,34.44616682
46,2,,quantum,precond_pen=0.500,0.5,False,1,0.001827,31.2240029,31.2240029
46,2,,quantum,precond_pen=0.500,0.5,False,2,0.002029,31.06209691,31.06209691
46,2,,quantum,precond_pen=0.500,0.5,False,3,0.002112,28.38882987,28.38882987
46,2,,quantum,precond_pen=0.600,0.6,False,0,0.000121,34.44616682,34.44616682
46,2,,quantum,precond_pen=0.600,0.6,False,1,0.001876,32.76038212,32.76038212
46,2,,quantum,precond_pen=0.600,0.6,False,2,0.002074,31.67156799,31.67156799
46,2,,quantum,precond_pen=0.600,0.6,False,3,0.002202,29.519448,29.519448
46,2,,quantum,precond_pen=0.600,0.6,False,4,0.004594,28.75444433,28.75444433
46,2,,quantum,precond_pen=0.600,0.6,False,5,0.004657,28.38882987,28.38882987
46,2,,quantum,precond_pen=0.700,0.7,False,0,0.00012,34.44616682,34.44616682
46,2,,quantum,precond_pen=0.700,0.7,False,1,0.001728,34.2226357,34.2226357
46,2,,quantum,precond_pen=0.700,0.7,False,2,0.001887,32.71260107,32.71260107
46,2,,quantum,precond_pen=0.700,0.7,False,3,0.002021,28.38882987,28.38882987
46,2,,quantum,precond_pen=0.800,0.8,False,0,0.000133,34.44616682,34.44616682
46,2,,quantum,precond_pen=0.800,0.8,False,1,0.001816,32.57477119,32.57477119
46,2,,quantum,precond_pen=0.800,0.8,False,2,0.002029,32.78072632,32.57477119
46,2,,quantum,precond_pen=0.800,0.8,False,3,0.002131,28.38882987,28.38882987
46,2,,quantum,precond_pen=0.900,0.9,False,0,0.000118,34.44616682,34.44616682
46,2,,quantum,precond_pen=0.900,0.9,False,1,0.001872,31.09148034,31.09148034
46,2,,quantum,precond_pen=0.900,0.9,False,2,0.002131,29.519448,29.519448
46,2,,quantum,precond_pen=0.900,0.9,False,3,0.005082,28.38882987,28.38882987
46,2,,quantum,precond_pen=1.000,1.0,False,0,0.00012,34.44616682,34.44616682
46,2,,quantum,precond_pen=1.000,1.0,False,1,0.00214,30.06550963,30.06550963
46,2,,quantum,precond_pen=1.000,1.0,False,2,0.002263,28.38882987,28.38882987
47,2,,quantum,baseline,,False,0,0.000126,42.22311238,42.22311238
47,2,,quantum,baseline,,False,1,0.001961,41.18711515,41.18711515
47,2,,quantum,baseline,,False,2,0.002124,40.26078339,40.26078339
47,2,,quantum,baseline,,False,3,0.002287,40.08539713,40.08539713
47,2,,quantum,baseline,,False,4,0.002408,34.95236865,34.95236865
47,2,,quantum,baseline,,False,5,0.008539,34.24639528,34.24639528
47,2,,quantum,precond_pen=0.400,0.4,False,0,0.000133,42.22311238,42.22311238
47,2,,quantum,precond_pen=0.400,0.4,False,1,0.001811,34.67970961,34.67970961
47,2,,quantum,precond_pen=0.500,0.5,False,0,0.000118,42.22311238,42.22311238
47,2,,quantum,precond_pen=0.500,0.5,False,1,0.001944,34.24639528,34.24639528
47,2,,quantum,precond_pen=0.500,0.5,False,2,0.002125,34.67970961,34.24639528
47,2,,quantum,precond_pen=0.600,0.6,False,0,0.000142,42.22311238,42.22311238
47,2,,quantum,precond_pen=0.600,0.6,False,1,0.001964,34.67970961,34.67970961
47,2,,quantum,precond_pen=0.700,0.7,False,0,0.000115,42.22311238,42.22311238
47,2,,quantum,precond_pen=0.700,0.7,False,1,0.001794,37.16033671,37.16033671
47,2,,quantum,precond_pen=0.700,0.7,False,2,0.001985,35.4660383,35.4660383
47,2,,quantum,precond_pen=0.700,0.7,False,3,0.002071,34.95236865,34.95236865
47,2,,quantum,precond_pen=0.700,0.7,False,4,0.004606,34.24639528,34.24639528
47,2,,quantum,precond_pen=0.800,0.8,False,0,0.000129,42.22311238,42.22311238
47,2,,quantum,precond_pen=0.800,0.8,False,1,0.001836,36.69922453,36.69922453
47,2,,quantum,precond_pen=0.800,0.8,False,2,0.002017,35.4660383,35.4660383
47,2,,quantum,precond_pen=0.800,0.8,False,3,0.002108,34.95236865,34.95236865
47,2,,quantum,precond_pen=0.800,0.8,False,4,0.004365,34.24639528,34.24639528
47,2,,quantum,precond_pen=0.900,0.9,False,0,0.000117,42.22311238,42.22311238
47,2,,quantum,precond_pen=0.900,0.9,False,1,0.002071,39.27500276,39.27500276
47,2,,quantum,precond_pen=0.900,0.9,False,2,0.00235,36.70573368,36.70573368
47,2,,quantum,precond_pen=0.900,0.9,False,3,0.002468,34.95236865,34.95236865
47,2,,quantum,precond_pen=0.900,0.9,False,4,0.004721,34.24639528,34.24639528
47,2,,quantum,precond_pen=1.000,1.0,False,0,0.000121,42.22311238,42.22311238
47,2,,quantum,precond_pen=1.000,1.0,False,1,0.001754,37.89374781,37.89374781
47,2,,quantum,precond_pen=1.000,1.0,False,2,0.001927,34.24639528,34.24639528
48,2,,quantum,baseline,,False,0,0.000114,33.9065543,33.9065543
48,2,,quantum,baseline,,False,1,0.001784,29.35298121,29.35298121
48,2,,quantum,precond_pen=0.400,0.4,False,0,0.000117,33.9065543,33.9065543
48,2,,quantum,precond_pen=0.400,0.4,False,1,0.001972,32.48871334,32.48871334
48,2,,quantum,precond_pen=0.400,0.4,False,2,0.002224,29.61074151,29.61074151
48,2,,quantum,precond_pen=0.400,0.4,False,3,0.002422,29.80950012,29.61074151
48,2,,quantum,precond_pen=0.400,0.4,False,4,0.002507,29.35298121,29.35298121
48,2,,quantum,precond_pen=0.500,0.5,False,0,0.000116,33.9065543,33.9065543
48,2,,quantum,precond_pen=0.500,0.5,False,1,0.001934,30.38299438,30.38299438
48,2,,quantum,precond_pen=0.500,0.5,False,2,0.002067,29.61074151,29.61074151
48,2,,quantum,precond_pen=0.500,0.5,False,3,0.002194,29.35298121,29.35298121
48,2,,quantum,precond_pen=0.600,0.6,False,0,0.000132,33.9065543,33.9065543
48,2,,quantum,precond_pen=0.600,0.6,False,1,0.00209,29.61074151,29.61074151
48,2,,quantum,precond_pen=0.600,0.6,False,2,0.002222,29.35298121,29.35298121
48,2,,quantum,precond_pen=0.700,0.7,False,0,0.000136,33.9065543,33.9065543
48,2,,quantum,precond_pen=0.700,0.7,False,1,0.00195,33.38176535,33.38176535
48,2,,quantum,precond_pen=0.700,0.7,False,2,0.002208,29.61074151,29.61074151
48,2,,quantum,precond_pen=0.700,0.7,False,3,0.002373,29.35298121,29.35298121
48,2,,quantum,precond_pen=0.700,0.7,False,4,0.00246,29.36350281,29.35298121
48,2,,quantum,precond_pen=0.800,0.8,False,0,0.000118,33.9065543,33.9065543
48,2,,quantum,precond_pen=0.800,0.8,False,1,0.002106,29.80950012,29.80950012
48,2,,quantum,precond_pen=0.800,0.8,False,2,0.002232,29.36350281,29.36350281
48,2,,quantum,precond_pen=0.900,0.9,False,0,0.000185,33.9065543,33.9065543
48,2,,quantum,precond_pen=0.900,0.9,False,1,0.002489,30.25489317,30.25489317
48,2,,quantum,precond_pen=0.900,0.9,False,2,0.00266,29.61074151,29.61074151
48,2,,quantum,precond_pen=0.900,0.9,False,3,0.002817,29.35298121,29.35298121
48,2,,quantum,precond_pen=0.900,0.9,False,4,0.002906,29.36350281,29.35298121
48,2,,quantum,precond_pen=1.000,1.0,False,0,0.000116,33.9065543,33.9065543
48,2,,quantum,precond_pen=1.000,1.0,False,1,0.001969,29.35298121,29.35298121
48,2,,quantum,precond_pen=1.000,1.0,False,2,0.002066,29.36350281,29.35298121
49,2,,quantum,baseline,,False,0,0.000115,38.28811164,38.28811164
49,2,,quantum,baseline,,False,1,0.001779,37.69219056,37.69219056
49,2,,quantum,baseline,,False,2,0.001875,29.82916816,29.82916816
49,2,,quantum,precond_pen=0.400,0.4,False,0,0.000118,38.28811164,38.28811164
49,2,,quantum,precond_pen=0.400,0.4,False,1,0.001961,32.4145396,32.4145396
49,2,,quantum,precond_pen=0.400,0.4,False,2,0.002152,30.40455319,30.40455319
49,2,,quantum,precond_pen=0.500,0.5,False,0,0.00012,38.28811164,38.28811164
49,2,,quantum,precond_pen=0.500,0.5,False,1,0.001915,35.54805497,35.54805497
49,2,,quantum,precond_pen=0.500,0.5,False,2,0.002113,34.42810664,34.42810664
49,2,,quantum,precond_pen=0.500,0.5,False,3,0.002262,30.40455319,30.40455319
49,2,,quantum,precond_pen=0.600,0.6,False,0,0.000173,38.28811164,38.28811164
49,2,,quantum,precond_pen=0.600,0.6,False,1,0.002227,35.10185449,35.10185449
49,2,,quantum,precond_pen=0.600,0.6,False,2,0.00242,34.42810664,34.42810664
49,2,,quantum,precond_pen=0.600,0.6,False,3,0.00257,30.40455319,30.40455319
49,2,,quantum,precond_pen=0.700,0.7,False,0,0.000115,38.28811164,38.28811164
49,2,,quantum,precond_pen=0.700,0.7,False,1,0.002153,36.32512029,36.32512029
49,2,,quantum,precond_pen=0.700,0.7,False,2,0.002394,36.13855248,36.13855248
49,2,,quantum,precond_pen=0.700,0.7,False,3,0.002598,37.17024987,36.13855248
49,2,,quantum,precond_pen=0.700,0.7,False,4,0.00272,30.40455319,30.40455319
49,2,,quantum,precond_pen=0.800,0.8,False,0,0.000112,38.28811164,38.28811164
49,2,,quantum,precond_pen=0.800,0.8,False,1,0.001903,36.92445035,36.92445035
49,2,,quantum,precond_pen=0.800,0.8,False,2,0.002063,36.32512029,36.32512029
49,2,,quantum,precond_pen=0.800,0.8,False,3,0.002359,31.25936517,31.25936517
49,2,,quantum,precond_pen=0.800,0.8,False,4,0.002513,29.82916816,29.82916816
49,2,,quantum,precond_pen=0.900,0.9,False,0,0.000115,38.28811164,38.28811164
49,2,,quantum,precond_pen=0.900,0.9,False,1,0.001864,35.78651573,35.78651573
49,2,,quantum,precond_pen=0.900,0.9,False,2,0.00206,34.42810664,34.42810664
49,2,,quantum,precond_pen=0.900,0.9,False,3,0.002201,33.50820486,33.50820486
49,2,,quantum,precond_pen=0.900,0.9,False,4,0.002308,30.10812184,30.10812184
49,2,,quantum,precond_pen=0.900,0.9,False,5,0.004623,29.82916816,29.82916816
49,2,,quantum,precond_pen=1.000,1.0,False,0,0.000118,38.28811164,38.28811164
49,2,,quantum,precond_pen=1.000,1.0,False,1,0.001809,37.10122642,37.10122642
49,2,,quantum,precond_pen=1.000,1.0,False,2,0.001962,36.32512029,36.32512029
49,2,,quantum,precond_pen=1.000,1.0,False,3,0.00221,35.4414955,35.4414955
49,2,,quantum,precond_pen=1.000,1.0,False,4,0.002328,29.82916816,29.82916816
