seed,layers,sweeps,preconditioner_family,name,penalty,presolve,event_idx,time_sec,orig_obj,running_best_orig_obj
0,3,,quantum,baseline,,True,0,0.000174,40.54893686,40.54893686
0,3,,quantum,baseline,,True,1,0.005649,39.67389112,39.67389112
0,3,,quantum,baseline,,True,2,0.00577,29.57119286,29.57119286
0,3,,quantum,baseline,,True,3,0.011611,29.14071425,29.14071425
0,3,,quantum,precond_pen=0.200,0.2,True,0,0.00012,40.54893686,40.54893686
0,3,,quantum,precond_pen=0.200,0.2,True,1,0.002998,34.65083333,34.65083333
0,3,,quantum,precond_pen=0.200,0.2,True,2,0.003187,29.60916778,29.60916778
0,3,,quantum,precond_pen=0.300,0.3,True,0,0.00012,40.54893686,40.54893686
0,3,,quantum,precond_pen=0.300,0.3,True,1,0.002573,31.85960152,31.85960152
0,3,,quantum,precond_pen=0.300,0.3,True,2,0.002756,29.14071425,29.14071425
0,3,,quantum,precond_pen=0.400,0.4,True,0,0.000122,40.54893686,40.54893686
0,3,,quantum,precond_pen=0.400,0.4,True,1,0.002775,30.0034055,30.0034055
0,3,,quantum,precond_pen=0.400,0.4,True,2,0.002955,29.14071425,29.14071425
0,3,,quantum,precond_pen=0.500,0.5,True,0,0.000124,40.54893686,40.54893686
0,3,,quantum,precond_pen=0.500,0.5,True,1,0.002846,30.96296871,30.96296871
0,3,,quantum,precond_pen=0.500,0.5,True,2,0.00304,29.14071425,29.14071425
0,3,,quantum,precond_pen=0.600,0.6,True,0,0.000125,40.54893686,40.54893686
0,3,,quantum,precond_pen=0.600,0.6,True,1,0.002758,31.74216062,31.74216062
0,3,,quantum,precond_pen=0.600,0.6,True,2,0.002954,30.96296871,30.96296871
0,3,,quantum,precond_pen=0.600,0.6,True,3,0.003044,29.14071425,29.14071425
0,3,,quantum,precond_pen=0.700,0.7,True,0,0.00012,40.54893686,40.54893686
0,3,,quantum,precond_pen=0.700,0.7,True,1,0.002785,30.0034055,30.0034055
0,3,,quantum,precond_pen=0.700,0.7,True,2,0.002969,29.14071425,29.14071425
0,3,,quantum,precond_pen=0.800,0.8,True,0,0.000142,40.54893686,40.54893686
0,3,,quantum,precond_pen=0.800,0.8,True,1,0.002817,33.10221741,33.10221741
0,3,,quantum,precond_pen=0.800,0.8,True,2,0.003016,30.96296871,30.96296871
0,3,,quantum,precond_pen=0.800,0.8,True,3,0.003119,29.14071425,29.14071425
0,3,,quantum,precond_pen=1.000,1.0,True,0,0.00012,40.54893686,40.54893686
0,3,,quantum,precond_pen=1.000,1.0,True,1,0.002799,37.19314272,37.19314272
0,3,,quantum,precond_pen=1.000,1.0,True,2,0.003001,36.86684962,36.86684962
0,3,,quantum,precond_pen=1.000,1.0,True,3,0.003132,30.20781349,30.20781349
0,3,,quantum,precond_pen=1.000,1.0,True,4,0.003236,29.14071425,29.14071425
1,3,,quantum,baseline,,True,0,0.000118,38.00991951,38.00991951
1,3,,quantum,baseline,,True,1,0.002462,36.19647818,36.19647818
1,3,,quantum,baseline,,True,2,0.002723,35.58160603,35.58160603
1,3,,quantum,baseline,,True,3,0.002904,30.92893424,30.92893424
1,3,,quantum,precond_pen=0.200,0.2,True,0,0.000119,38.00991951,38.00991951
1,3,,quantum,precond_pen=0.200,0.2,True,1,0.002642,30.92893424,30.92893424
1,3,,quantum,precond_pen=0.300,0.3,True,0,0.000118,38.00991951,38.00991951
1,3,,quantum,precond_pen=0.300,0.3,True,1,0.002669,31.97997357,31.97997357
1,3,,quantum,precond_pen=0.300,0.3,True,2,0.002841,30.92893424,30.92893424
1,3,,quantum,precond_pen=0.400,0.4,True,0,0.000121,38.00991951,38.00991951
1,3,,quantum,precond_pen=0.400,0.4,True,1,0.002719,33.0400873,33.0400873
1,3,,quantum,precond_pen=0.400,0.4,True,2,0.002911,30.92893424,30.92893424
1,3,,quantum,precond_pen=0.500,0.5,True,0,0.000117,38.00991951,38.00991951
1,3,,quantum,precond_pen=0.500,0.5,True,1,0.002686,36.46742144,36.46742144
1,3,,quantum,precond_pen=0.500,0.5,True,2,0.002822,35.31846707,35.31846707
1,3,,quantum,precond_pen=0.500,0.5,True,3,0.002958,33.8186346,33.8186346
1,3,,quantum,precond_pen=0.500,0.5,True,4,0.003044,30.92893424,30.92893424
1,3,,quantum,precond_pen=0.600,0.6,True,0,0.000122,38.00991951,38.00991951
1,3,,quantum,precond_pen=0.600,0.6,True,1,0.002818,31.48157189,31.48157189
1,3,,quantum,precond_pen=0.600,0.6,True,2,0.002978,30.92893424,30.92893424
1,3,,quantum,precond_pen=0.700,0.7,True,0,0.000118,38.00991951,38.00991951
1,3,,quantum,precond_pen=0.700,0.7,True,1,0.002612,37.36504816,37.36504816
1,3,,quantum,precond_pen=0.700,0.7,True,2,0.002773,35.58160603,35.58160603
1,3,,quantum,precond_pen=0.700,0.7,True,3,0.003048,36.06022349,35.58160603
1,3,,quantum,precond_pen=0.700,0.7,True,4,0.003185,30.92893424,30.92893424
1,3,,quantum,precond_pen=0.800,0.8,True,0,0.000125,38.00991951,38.00991951
1,3,,quantum,precond_pen=0.800,0.8,True,1,0.002687,35.86239903,35.86239903
1,3,,quantum,precond_pen=0.800,0.8,True,2,0.002838,35.58160603,35.58160603
1,3,,quantum,precond_pen=0.800,0.8,True,3,0.003108,36.06022349,35.58160603
1,3,,quantum,precond_pen=0.800,0.8,True,4,0.003245,30.92893424,30.92893424
1,3,,quantum,precond_pen=1.000,1.0,True,0,0.000119,38.00991951,38.00991951
1,3,,quantum,precond_pen=1.000,1.0,True,1,0.002778,30.92893424,30.92893424
2,3,,quantum,baseline,,True,0,0.000121,35.73407755,35.73407755
2,3,,quantum,baseline,,True,1,0.002818,32.95554982,32.95554982
2,3,,quantum,baseline,,True,2,0.003019,28.30280127,28.30280127
2,3,,quantum,precond_pen=0.200,0.2,True,0,0.000116,35.73407755,35.73407755
2,3,,quantum,precond_pen=0.200,0.2,True,1,0.002787,35.68980587,35.68980587
2,3,,quantum,precond_pen=0.200,0.2,True,2,0.002982,28.30280127,28.30280127
2,3,,quantum,precond_pen=0.300,0.3,True,0,0.000118,35.73407755,35.73407755
2,3,,quantum,precond_pen=0.300,0.3,True,1,0.00287,32.76314874,32.76314874
2,3,,quantum,precond_pen=0.300,0.3,True,2,0.003043,28.30280127,28.30280127
2,3,,quantum,precond_pen=0.400,0.4,True,0,0.00012,35.73407755,35.73407755
2,3,,quantum,precond_pen=0.400,0.4,True,1,0.002737,28.36146599,28.36146599
2,3,,quantum,precond_pen=0.400,0.4,True,2,0.002889,28.30280127,28.30280127
2,3,,quantum,precond_pen=0.500,0.5,True,0,0.000117,35.73407755,35.73407755
2,3,,quantum,precond_pen=0.500,0.5,True,1,0.002699,28.30280127,28.30280127
2,3,,quantum,precond_pen=0.600,0.6,True,0,0.000118,35.73407755,35.73407755
2,3,,quantum,precond_pen=0.600,0.6,True,1,0.0028,32.77444313,32.77444313
2,3,,quantum,precond_pen=0.600,0.6,True,2,0.003003,28.30280127,28.30280127
2,3,,quantum,precond_pen=0.700,0.7,True,0,0.000118,35.73407755,35.73407755
2,3,,quantum,precond_pen=0.700,0.7,True,1,0.002594,30.23834575,30.23834575
2,3,,quantum,precond_pen=0.700,0.7,True,2,0.002772,28.30280127,28.30280127
2,3,,quantum,precond_pen=0.800,0.8,True,0,0.000122,35.73407755,35.73407755
2,3,,quantum,precond_pen=0.800,0.8,True,1,0.002547,28.30280127,28.30280127
2,3,,quantum,precond_pen=1.000,1.0,True,0,0.000118,35.73407755,35.73407755
2,3,,quantum,precond_pen=1.000,1.0,True,1,0.00263,33.7230636,33.7230636
2,3,,quantum,precond_pen=1.000,1.0,True,2,0.002875,34.15025302,33.7230636
2,3,,quantum,precond_pen=1.000,1.0,True,3,0.002978,28.30280127,28.30280127
3,3,,quantum,baseline,,True,0,0.000119,38.4387221,38.4387221
3,3,,quantum,baseline,,True,1,0.002567,34.80301828,34.80301828
3,3,,quantum,baseline,,True,2,0.002735,31.98136565,31.98136565
3,3,,quantum,baseline,,True,3,0.002853,29.55463959,29.55463959
3,3,,quantum,precond_pen=0.200,0.2,True,0,0.000125,38.4387221,38.4387221
3,3,,quantum,precond_pen=0.200,0.2,True,1,0.002819,36.55241715,36.55241715
3,3,,quantum,precond_pen=0.200,0.2,True,2,0.003137,31.98136565,31.98136565
3,3,,quantum,precond_pen=0.200,0.2,True,3,0.003315,29.55463959,29.55463959
3,3,,quantum,precond_pen=0.300,0.3,True,0,0.000129,38.4387221,38.4387221
3,3,,quantum,precond_pen=0.300,0.3,True,1,0.002698,29.55463959,29.55463959
3,3,,quantum,precond_pen=0.400,0.4,True,0,0.000136,38.4387221,38.4387221
3,3,,quantum,precond_pen=0.400,0.4,True,1,0.002802,34.82882999,34.82882999
3,3,,quantum,precond_pen=0.400,0.4,True,2,0.003011,32.66438627,32.66438627
3,3,,quantum,precond_pen=0.400,0.4,True,3,0.00313,29.55463959,29.55463959
3,3,,quantum,precond_pen=0.500,0.5,True,0,0.000131,38.4387221,38.4387221
3,3,,quantum,precond_pen=0.500,0.5,True,1,0.002699,34.08682062,34.08682062
3,3,,quantum,precond_pen=0.500,0.5,True,2,0.00286,35.00855919,34.08682062
3,3,,quantum,precond_pen=0.500,0.5,True,3,0.003125,32.66438627,32.66438627
3,3,,quantum,precond_pen=0.500,0.5,True,4,0.003268,29.55463959,29.55463959
3,3,,quantum,precond_pen=0.600,0.6,True,0,0.00013,38.4387221,38.4387221
3,3,,quantum,precond_pen=0.600,0.6,True,1,0.002575,36.22439831,36.22439831
3,3,,quantum,precond_pen=0.600,0.6,True,2,0.002841,34.80301828,34.80301828
3,3,,quantum,precond_pen=0.600,0.6,True,3,0.003152,32.66438627,32.66438627
3,3,,quantum,precond_pen=0.600,0.6,True,4,0.003295,29.55463959,29.55463959
3,3,,quantum,precond_pen=0.700,0.7,True,0,0.000119,38.4387221,38.4387221
3,3,,quantum,precond_pen=0.700,0.7,True,1,0.002751,34.80301828,34.80301828
3,3,,quantum,precond_pen=0.700,0.7,True,2,0.002921,34.81646969,34.80301828
3,3,,quantum,precond_pen=0.700,0.7,True,3,0.003093,34.08682062,34.08682062
3,3,,quantum,precond_pen=0.700,0.7,True,4,0.003187,29.55463959,29.55463959
3,3,,quantum,precond_pen=0.800,0.8,True,0,0.000133,38.4387221,38.4387221
3,3,,quantum,precond_pen=0.800,0.8,True,1,0.002617,31.04957216,31.04957216
3,3,,quantum,precond_pen=0.800,0.8,True,2,0.002787,29.55463959,29.55463959
3,3,,quantum,precond_pen=1.000,1.0,True,0,0.000119,38.4387221,38.4387221
3,3,,quantum,precond_pen=1.000,1.0,True,1,0.002619,34.13685027,34.13685027
3,3,,quantum,precond_pen=1.000,1.0,True,2,0.002816,29.55463959,29.55463959
4,3,,quantum,baseline,,True,0,0.000122,40.7866441,40.7866441
4,3,,quantum,baseline,,True,1,0.002567,40.47164875,40.47164875
4,3,,quantum,baseline,,True,2,0.002835,37.45044896,37.45044896
4,3,,quantum,baseline,,True,3,0.003007,34.90228183,34.90228183
4,3,,quantum,precond_pen=0.200,0.2,True,0,0.000119,40.7866441,40.7866441
4,3,,quantum,precond_pen=0.200,0.2,True,1,0.00264,39.43576981,39.43576981
4,3,,quantum,precond_pen=0.200,0.2,True,2,0.002745,34.90228183,34.90228183
4,3,,quantum,precond_pen=0.300,0.3,True,0,0.000128,40.7866441,40.7866441
4,3,,quantum,precond_pen=0.300,0.3,True,1,0.002496,35.991501,35.991501
4,3,,quantum,precond_pen=0.300,0.3,True,2,0.00265,34.90228183,34.90228183
4,3,,quantum,precond_pen=0.400,0.4,True,0,0.000124,40.7866441,40.7866441
4,3,,quantum,precond_pen=0.400,0.4,True,1,0.002736,35.991501,35.991501
4,3,,quantum,precond_pen=0.400,0.4,True,2,0.002905,34.90228183,34.90228183
4,3,,quantum,precond_pen=0.500,0.5,True,0,0.000124,40.7866441,40.7866441
4,3,,quantum,precond_pen=0.500,0.5,True,1,0.002739,39.43576981,39.43576981
4,3,,quantum,precond_pen=0.500,0.5,True,2,0.002905,37.38072468,37.38072468
4,3,,quantum,precond_pen=0.500,0.5,True,3,0.003064,37.05529942,37.05529942
4,3,,quantum,precond_pen=0.500,0.5,True,4,0.003167,34.90228183,34.90228183
4,3,,quantum,precond_pen=0.600,0.6,True,0,0.000124,40.7866441,40.7866441
4,3,,quantum,precond_pen=0.600,0.6,True,1,0.002798,36.90961868,36.90961868
4,3,,quantum,precond_pen=0.600,0.6,True,2,0.003006,34.90228183,34.90228183
4,3,,quantum,precond_pen=0.700,0.7,True,0,0.00012,40.7866441,40.7866441
4,3,,quantum,precond_pen=0.700,0.7,True,1,0.002807,34.90228183,34.90228183
4,3,,quantum,precond_pen=0.800,0.8,True,0,0.000121,40.7866441,40.7866441
4,3,,quantum,precond_pen=0.800,0.8,True,1,0.00281,39.15195255,39.15195255
4,3,,quantum,precond_pen=0.800,0.8,True,2,0.003019,37.38072468,37.38072468
4,3,,quantum,precond_pen=0.800,0.8,True,3,0.003126,34.90228183,34.90228183
4,3,,quantum,precond_pen=1.000,1.0,True,0,0.000126,40.7866441,40.7866441
4,3,,quantum,precond_pen=1.000,1.0,True,1,0.00285,35.41568767,35.41568767
4,3,,quantum,precond_pen=1.000,1.0,True,2,0.003043,34.90228183,34.90228183
5,3,,quantum,baseline,,True,0,0.000125,34.59643996,34.59643996
5,3,,quantum,baseline,,True,1,0.002593,34.15831267,34.15831267
5,3,,quantum,baseline,,True,2,0.002725,33.88678293,33.88678293
5,3,,quantum,baseline,,True,3,0.002858,30.53911413,30.53911413
5,3,,quantum,precond_pen=0.200,0.2,True,0,0.000133,34.59643996,34.59643996
5,3,,quantum,precond_pen=0.200,0.2,True,1,0.002863,33.11218319,33.11218319
5,3,,quantum,precond_pen=0.200,0.2,True,2,0.002971,30.58188281,30.58188281
5,3,,quantum,precond_pen=0.300,0.3,True,0,0.000121,34.59643996,34.59643996
5,3,,quantum,precond_pen=0.300,0.3,True,1,0.002616,30.87794995,30.87794995
5,3,,quantum,precond_pen=0.300,0.3,True,2,0.002777,30.58188281,30.58188281
5,3,,quantum,precond_pen=0.400,0.4,True,0,0.00012,34.59643996,34.59643996
5,3,,quantum,precond_pen=0.400,0.4,True,1,0.002729,33.27524559,33.27524559
5,3,,quantum,precond_pen=0.400,0.4,True,2,0.002842,30.58188281,30.58188281
5,3,,quantum,precond_pen=0.500,0.5,True,0,0.000123,34.59643996,34.59643996
5,3,,quantum,precond_pen=0.500,0.5,True,1,0.002801,37.22070851,34.59643996
5,3,,quantum,precond_pen=0.500,0.5,True,2,0.002985,33.27524559,33.27524559
5,3,,quantum,precond_pen=0.500,0.5,True,3,0.003151,33.68735891,33.27524559
5,3,,quantum,precond_pen=0.500,0.5,True,4,0.00324,30.58188281,30.58188281
5,3,,quantum,precond_pen=0.600,0.6,True,0,0.00012,34.59643996,34.59643996
5,3,,quantum,precond_pen=0.600,0.6,True,1,0.0028,31.08660679,31.08660679
5,3,,quantum,precond_pen=0.600,0.6,True,2,0.003014,30.58188281,30.58188281
5,3,,quantum,precond_pen=0.700,0.7,True,0,0.000119,34.59643996,34.59643996
5,3,,quantum,precond_pen=0.700,0.7,True,1,0.002821,34.07745694,34.07745694
5,3,,quantum,precond_pen=0.700,0.7,True,2,0.002999,33.27524559,33.27524559
5,3,,quantum,precond_pen=0.700,0.7,True,3,0.003129,33.25485062,33.25485062
5,3,,quantum,precond_pen=0.700,0.7,True,4,0.003229,30.58188281,30.58188281
5,3,,quantum,precond_pen=0.800,0.8,True,0,0.000119,34.59643996,34.59643996
5,3,,quantum,precond_pen=0.800,0.8,True,1,0.002846,33.47566241,33.47566241
5,3,,quantum,precond_pen=0.800,0.8,True,2,0.003023,33.11218319,33.11218319
5,3,,quantum,precond_pen=0.800,0.8,True,3,0.003164,30.58188281,30.58188281
5,3,,quantum,precond_pen=1.000,1.0,True,0,0.000131,34.59643996,34.59643996
5,3,,quantum,precond_pen=1.000,1.0,True,1,0.002852,32.85014745,32.85014745
5,3,,quantum,precond_pen=1.000,1.0,True,2,0.002943,30.58188281,30.58188281
6,3,,quantum,baseline,,True,0,0.000132,35.12901033,35.12901033
6,3,,quantum,baseline,,True,1,0.002699,25.58023533,25.58023533
6,3,,quantum,precond_pen=0.200,0.2,True,0,0.000119,35.12901033,35.12901033
6,3,,quantum,precond_pen=0.200,0.2,True,1,0.002623,25.58023533,25.58023533
6,3,,quantum,precond_pen=0.300,0.3,True,0,0.000121,35.12901033,35.12901033
6,3,,quantum,precond_pen=0.300,0.3,True,1,0.002126,25.58023533,25.58023533
6,3,,quantum,precond_pen=0.400,0.4,True,0,0.000119,35.12901033,35.12901033
6,3,,quantum,precond_pen=0.400,0.4,True,1,0.002283,25.58023533,25.58023533
6,3,,quantum,precond_pen=0.500,0.5,True,0,0.000127,35.12901033,35.12901033
6,3,,quantum,precond_pen=0.500,0.5,True,1,0.002672,25.58023533,25.58023533
6,3,,quantum,precond_pen=0.600,0.6,True,0,0.000122,35.12901033,35.12901033
6,3,,quantum,precond_pen=0.600,0.6,True,1,0.002741,30.82194333,30.82194333
6,3,,quantum,precond_pen=0.600,0.6,True,2,0.002918,25.58023533,25.58023533
6,3,,quantum,precond_pen=0.700,0.7,True,0,0.00012,35.12901033,35.12901033
6,3,,quantum,precond_pen=0.700,0.7,True,1,0.002694,25.58023533,25.58023533
6,3,,quantum,precond_pen=0.800,0.8,True,0,0.000121,35.12901033,35.12901033
6,3,,quantum,precond_pen=0.800,0.8,True,1,0.002625,30.75654666,30.75654666
6,3,,quantum,precond_pen=0.800,0.8,True,2,0.002803,30.55711832,30.55711832
6,3,,quantum,precond_pen=0.800,0.8,True,3,0.002905,25.58023533,25.58023533
6,3,,quantum,precond_pen=1.000,1.0,True,0,0.000119,35.12901033,35.12901033
6,3,,quantum,precond_pen=1.000,1.0,True,1,0.002822,32.36995804,32.36995804
6,3,,quantum,precond_pen=1.000,1.0,True,2,0.003018,25.58023533,25.58023533
7,3,,quantum,baseline,,True,0,0.000121,36.79484156,36.79484156
7,3,,quantum,baseline,,True,1,0.002644,35.67988458,35.67988458
7,3,,quantum,baseline,,True,2,0.002784,33.78525989,33.78525989
7,3,,quantum,baseline,,True,3,0.002932,29.33258689,29.33258689
7,3,,quantum,precond_pen=0.200,0.2,True,0,0.000122,36.79484156,36.79484156
7,3,,quantum,precond_pen=0.200,0.2,True,1,0.002606,34.3291658,34.3291658
7,3,,quantum,precond_pen=0.200,0.2,True,2,0.002747,33.26609585,33.26609585
7,3,,quantum,precond_pen=0.200,0.2,True,3,0.00288,30.34176888,30.34176888
7,3,,quantum,precond_pen=0.300,0.3,True,0,0.00012,36.79484156,36.79484156
7,3,,quantum,precond_pen=0.300,0.3,True,1,0.002789,32.78667641,32.78667641
7,3,,quantum,precond_pen=0.300,0.3,True,2,0.00297,33.26609585,32.78667641
7,3,,quantum,precond_pen=0.300,0.3,True,3,0.003118,30.34176888,30.34176888
7,3,,quantum,precond_pen=0.400,0.4,True,0,0.000123,36.79484156,36.79484156
7,3,,quantum,precond_pen=0.400,0.4,True,1,0.002773,31.42731032,31.42731032
7,3,,quantum,precond_pen=0.400,0.4,True,2,0.00294,30.93594899,30.93594899
7,3,,quantum,precond_pen=0.400,0.4,True,3,0.003067,29.33258689,29.33258689
7,3,,quantum,precond_pen=0.500,0.5,True,0,0.000135,36.79484156,36.79484156
7,3,,quantum,precond_pen=0.500,0.5,True,1,0.002619,35.05570669,35.05570669
7,3,,quantum,precond_pen=0.500,0.5,True,2,0.002783,33.78525989,33.78525989
7,3,,quantum,precond_pen=0.500,0.5,True,3,0.003068,33.26609585,33.26609585
7,3,,quantum,precond_pen=0.500,0.5,True,4,0.003227,29.33258689,29.33258689
7,3,,quantum,precond_pen=0.600,0.6,True,0,0.000122,36.79484156,36.79484156
7,3,,quantum,precond_pen=0.600,0.6,True,1,0.002826,35.90645235,35.90645235
7,3,,quantum,precond_pen=0.600,0.6,True,2,0.00298,35.67988458,35.67988458
7,3,,quantum,precond_pen=0.600,0.6,True,3,0.003137,34.21503639,34.21503639
7,3,,quantum,precond_pen=0.600,0.6,True,4,0.00324,29.33258689,29.33258689
7,3,,quantum,precond_pen=0.700,0.7,True,0,0.000118,36.79484156,36.79484156
7,3,,quantum,precond_pen=0.700,0.7,True,1,0.002829,35.05015202,35.05015202
7,3,,quantum,precond_pen=0.700,0.7,True,2,0.002997,33.78525989,33.78525989
7,3,,quantum,precond_pen=0.700,0.7,True,3,0.003257,30.93594899,30.93594899
7,3,,quantum,precond_pen=0.700,0.7,True,4,0.003394,29.33258689,29.33258689
7,3,,quantum,precond_pen=0.800,0.8,True,0,0.000118,36.79484156,36.79484156
7,3,,quantum,precond_pen=0.800,0.8,True,1,0.00279,30.78717851,30.78717851
7,3,,quantum,precond_pen=0.800,0.8,True,2,0.002993,29.33258689,29.33258689
7,3,,quantum,precond_pen=1.000,1.0,True,0,0.00012,36.79484156,36.79484156
7,3,,quantum,precond_pen=1.000,1.0,True,1,0.002712,32.2039439,32.2039439
7,3,,quantum,precond_pen=1.000,1.0,True,2,0.002938,29.33258689,29.33258689
8,3,,quantum,baseline,,True,0,0.000124,31.13465251,31.13465251
8,3,,quantum,baseline,,True,1,0.002652,25.85393076,25.85393076
8,3,,quantum,precond_pen=0.200,0.2,True,0,0.000118,31.13465251,31.13465251
8,3,,quantum,precond_pen=0.200,0.2,True,1,0.002814,26.64100644,26.64100644
8,3,,quantum,precond_pen=0.200,0.2,True,2,0.003012,25.85393076,25.85393076
8,3,,quantum,precond_pen=0.300,0.3,True,0,0.00012,31.13465251,31.13465251
8,3,,quantum,precond_pen=0.300,0.3,True,1,0.002846,26.83088851,26.83088851
8,3,,quantum,precond_pen=0.300,0.3,True,2,0.003034,25.85393076,25.85393076
8,3,,quantum,precond_pen=0.400,0.4,True,0,0.000123,31.13465251,31.13465251
8,3,,quantum,precond_pen=0.400,0.4,True,1,0.00282,27.6939801,27.6939801
8,3,,quantum,precond_pen=0.400,0.4,True,2,0.003037,25.85393076,25.85393076
8,3,,quantum,precond_pen=0.500,0.5,True,0,0.00012,31.13465251,31.13465251
8,3,,quantum,precond_pen=0.500,0.5,True,1,0.00278,27.6939801,27.6939801
8,3,,quantum,precond_pen=0.500,0.5,True,2,0.002998,26.52381634,26.52381634
8,3,,quantum,precond_pen=0.500,0.5,True,3,0.005379,25.85393076,25.85393076
8,3,,quantum,precond_pen=0.600,0.6,True,0,0.000147,31.13465251,31.13465251
8,3,,quantum,precond_pen=0.600,0.6,True,1,0.002916,29.6456985,29.6456985
8,3,,quantum,precond_pen=0.600,0.6,True,2,0.003014,25.85393076,25.85393076
8,3,,quantum,precond_pen=0.700,0.7,True,0,0.00012,31.13465251,31.13465251
8,3,,quantum,precond_pen=0.700,0.7,True,1,0.002848,28.14383793,28.14383793
8,3,,quantum,precond_pen=0.700,0.7,True,2,0.003052,28.00222901,28.00222901
8,3,,quantum,precond_pen=0.700,0.7,True,3,0.003198,25.85393076,25.85393076
8,3,,quantum,precond_pen=0.800,0.8,True,0,0.00012,31.13465251,31.13465251
8,3,,quantum,precond_pen=0.800,0.8,True,1,0.002825,28.09860331,28.09860331
8,3,,quantum,precond_pen=0.800,0.8,True,2,0.003021,28.12826372,28.09860331
8,3,,quantum,precond_pen=0.800,0.8,True,3,0.003281,26.15929504,26.15929504
8,3,,quantum,precond_pen=0.800,0.8,True,4,0.003404,25.85393076,25.85393076
8,3,,quantum,precond_pen=1.000,1.0,True,0,0.000132,31.13465251,31.13465251
8,3,,quantum,precond_pen=1.000,1.0,True,1,0.002896,29.18149148,29.18149148
8,3,,quantum,precond_pen=1.000,1.0,True,2,0.003034,25.85393076,25.85393076
9,3,,quantum,baseline,,True,0,0.000121,38.41269099,38.41269099
9,3,,quantum,baseline,,True,1,0.002651,36.23139463,36.23139463
9,3,,quantum,baseline,,True,2,0.002755,31.31694373,31.31694373
9,3,,quantum,precond_pen=0.200,0.2,True,0,0.000117,38.41269099,38.41269099
9,3,,quantum,precond_pen=0.200,0.2,True,1,0.002774,34.28798491,34.28798491
9,3,,quantum,precond_pen=0.200,0.2,True,2,0.002984,31.31694373,31.31694373
9,3,,quantum,precond_pen=0.300,0.3,True,0,0.000121,38.41269099,38.41269099
9,3,,quantum,precond_pen=0.300,0.3,True,1,0.002767,31.31694373,31.31694373
9,3,,quantum,precond_pen=0.400,0.4,True,0,0.00012,38.41269099,38.41269099
9,3,,quantum,precond_pen=0.400,0.4,True,1,0.002887,39.49766034,38.41269099
9,3,,quantum,precond_pen=0.400,0.4,True,2,0.003004,31.31694373,31.31694373
9,3,,quantum,precond_pen=0.500,0.5,True,0,0.000119,38.41269099,38.41269099
9,3,,quantum,precond_pen=0.500,0.5,True,1,0.002758,34.58256704,34.58256704
9,3,,quantum,precond_pen=0.500,0.5,True,2,0.002975,31.31694373,31.31694373
9,3,,quantum,precond_pen=0.600,0.6,True,0,0.000125,38.41269099,38.41269099
9,3,,quantum,precond_pen=0.600,0.6,True,1,0.002803,32.90982545,32.90982545
9,3,,quantum,precond_pen=0.600,0.6,True,2,0.003013,31.31694373,31.31694373
9,3,,quantum,precond_pen=0.700,0.7,True,0,0.000129,38.41269099,38.41269099
9,3,,quantum,precond_pen=0.700,0.7,True,1,0.00281,31.31694373,31.31694373
9,3,,quantum,precond_pen=0.800,0.8,True,0,0.000121,38.41269099,38.41269099
9,3,,quantum,precond_pen=0.800,0.8,True,1,0.002805,32.90982545,32.90982545
9,3,,quantum,precond_pen=0.800,0.8,True,2,0.002985,31.31694373,31.31694373
9,3,,quantum,precond_pen=1.000,1.0,True,0,0.000119,38.41269099,38.41269099
9,3,,quantum,precond_pen=1.000,1.0,True,1,0.002832,33.68363627,33.68363627
9,3,,quantum,precond_pen=1.000,1.0,True,2,0.003037,31.31694373,31.31694373
10,3,,quantum,baseline,,True,0,0.000121,35.10711965,35.10711965
10,3,,quantum,baseline,,True,1,0.00248,34.02239995,34.02239995
10,3,,quantum,baseline,,True,2,0.00271,32.2290289,32.2290289
10,3,,quantum,precond_pen=0.200,0.2,True,0,0.00012,35.10711965,35.10711965
10,3,,quantum,precond_pen=0.200,0.2,True,1,0.002723,33.06528986,33.06528986
10,3,,quantum,precond_pen=0.300,0.3,True,0,0.000119,35.10711965,35.10711965
10,3,,quantum,precond_pen=0.300,0.3,True,1,0.002778,33.34823864,33.34823864
10,3,,quantum,precond_pen=0.300,0.3,True,2,0.002963,33.06528986,33.06528986
10,3,,quantum,precond_pen=0.400,0.4,True,0,0.000119,35.10711965,35.10711965
10,3,,quantum,precond_pen=0.400,0.4,True,1,0.002852,33.34823864,33.34823864
10,3,,quantum,precond_pen=0.400,0.4,True,2,0.003044,33.06528986,33.06528986
10,3,,quantum,precond_pen=0.500,0.5,True,0,0.000118,35.10711965,35.10711965
10,3,,quantum,precond_pen=0.500,0.5,True,1,0.002681,33.06528986,33.06528986
10,3,,quantum,precond_pen=0.600,0.6,True,0,0.000121,35.10711965,35.10711965
10,3,,quantum,precond_pen=0.600,0.6,True,1,0.00299,32.2290289,32.2290289
10,3,,quantum,precond_pen=0.600,0.6,True,2,0.003173,33.06528986,32.2290289
10,3,,quantum,precond_pen=0.700,0.7,True,0,0.000119,35.10711965,35.10711965
10,3,,quantum,precond_pen=0.700,0.7,True,1,0.002825,33.06528986,33.06528986
10,3,,quantum,precond_pen=0.800,0.8,True,0,0.000117,35.10711965,35.10711965
10,3,,quantum,precond_pen=0.800,0.8,True,1,0.002878,34.63624721,34.63624721
10,3,,quantum,precond_pen=0.800,0.8,True,2,0.002987,33.06528986,33.06528986
10,3,,quantum,precond_pen=1.000,1.0,True,0,0.00012,35.10711965,35.10711965
10,3,,quantum,precond_pen=1.000,1.0,True,1,0.002776,34.78230853,34.78230853
10,3,,quantum,precond_pen=1.000,1.0,True,2,0.002881,32.2290289,32.2290289
11,3,,quantum,baseline,,True,0,0.00012,35.27436465,35.27436465
11,3,,quantum,baseline,,True,1,0.002502,34.9136866,34.9136866
11,3,,quantum,baseline,,True,2,0.002627,33.14540198,33.14540198
11,3,,quantum,baseline,,True,3,0.002788,30.5146448,30.5146448
11,3,,quantum,baseline,,True,4,0.00289,26.10550739,26.10550739
11,3,,quantum,precond_pen=0.200,0.2,True,0,0.000119,35.27436465,35.27436465
11,3,,quantum,precond_pen=0.200,0.2,True,1,0.002831,26.62865978,26.62865978
11,3,,quantum,precond_pen=0.200,0.2,True,2,0.003146,26.57752128,26.57752128
11,3,,quantum,precond_pen=0.200,0.2,True,3,0.003328,26.10550739,26.10550739
11,3,,quantum,precond_pen=0.300,0.3,True,0,0.000123,35.27436465,35.27436465
11,3,,quantum,precond_pen=0.300,0.3,True,1,0.002805,32.23596864,32.23596864
11,3,,quantum,precond_pen=0.300,0.3,True,2,0.002975,30.21540561,30.21540561
11,3,,quantum,precond_pen=0.300,0.3,True,3,0.003126,26.10550739,26.10550739
11,3,,quantum,precond_pen=0.400,0.4,True,0,0.000119,35.27436465,35.27436465
11,3,,quantum,precond_pen=0.400,0.4,True,1,0.00285,27.47919266,27.47919266
11,3,,quantum,precond_pen=0.400,0.4,True,2,0.003043,26.30678849,26.30678849
11,3,,quantum,precond_pen=0.400,0.4,True,3,0.005726,26.10550739,26.10550739
11,3,,quantum,precond_pen=0.500,0.5,True,0,0.000119,35.27436465,35.27436465
11,3,,quantum,precond_pen=0.500,0.5,True,1,0.002887,28.73965241,28.73965241
11,3,,quantum,precond_pen=0.500,0.5,True,2,0.003191,26.57752128,26.57752128
11,3,,quantum,precond_pen=0.500,0.5,True,3,0.003367,26.30678849,26.30678849
11,3,,quantum,precond_pen=0.500,0.5,True,4,0.007547,26.10550739,26.10550739
11,3,,quantum,precond_pen=0.600,0.6,True,0,0.000118,35.27436465,35.27436465
11,3,,quantum,precond_pen=0.600,0.6,True,1,0.002835,31.95028349,31.95028349
11,3,,quantum,precond_pen=0.600,0.6,True,2,0.003114,30.5146448,30.5146448
11,3,,quantum,precond_pen=0.600,0.6,True,3,0.003325,30.85659118,30.5146448
11,3,,quantum,precond_pen=0.600,0.6,True,4,0.003418,26.88886586,26.88886586
11,3,,quantum,precond_pen=0.600,0.6,True,5,0.00623,27.11224059,26.88886586
11,3,,quantum,precond_pen=0.600,0.6,True,6,0.006299,26.30678849,26.30678849
11,3,,quantum,precond_pen=0.600,0.6,True,7,0.007677,26.10550739,26.10550739
11,3,,quantum,precond_pen=0.600,0.6,True,8,0.008238,26.10550739,26.10550739
11,3,,quantum,precond_pen=0.700,0.7,True,0,0.000133,35.27436465,35.27436465
11,3,,quantum,precond_pen=0.700,0.7,True,1,0.002749,26.88886586,26.88886586
11,3,,quantum,precond_pen=0.700,0.7,True,2,0.002902,26.57752128,26.57752128
11,3,,quantum,precond_pen=0.700,0.7,True,3,0.005437,26.30678849,26.30678849
11,3,,quantum,precond_pen=0.700,0.7,True,4,0.005505,26.10550739,26.10550739
11,3,,quantum,precond_pen=0.800,0.8,True,0,0.000121,35.27436465,35.27436465
11,3,,quantum,precond_pen=0.800,0.8,True,1,0.002849,31.67111127,31.67111127
11,3,,quantum,precond_pen=0.800,0.8,True,2,0.003021,30.5146448,30.5146448
11,3,,quantum,precond_pen=0.800,0.8,True,3,0.003172,29.88702029,29.88702029
11,3,,quantum,precond_pen=0.800,0.8,True,4,0.003258,26.30678849,26.30678849
11,3,,quantum,precond_pen=0.800,0.8,True,5,0.005921,26.10550739,26.10550739
11,3,,quantum,precond_pen=1.000,1.0,True,0,0.000118,35.27436465,35.27436465
11,3,,quantum,precond_pen=1.000,1.0,True,1,0.00278,32.1850681,32.1850681
11,3,,quantum,precond_pen=1.000,1.0,True,2,0.002954,30.5146448,30.5146448
11,3,,quantum,precond_pen=1.000,1.0,True,3,0.00311,28.0508468,28.0508468
11,3,,quantum,precond_pen=1.000,1.0,True,4,0.003196,26.30678849,26.30678849
11,3,,quantum,precond_pen=1.000,1.0,True,5,0.010313,26.10550739,26.10550739
12,3,,quantum,baseline,,True,0,0.000117,37.96465164,37.96465164
12,3,,quantum,baseline,,True,1,0.002531,36.29463591,36.29463591
12,3,,quantum,baseline,,True,2,0.002671,35.19588736,35.19588736
12,3,,quantum,baseline,,True,3,0.002795,31.63540554,31.63540554
12,3,,quantum,precond_pen=0.200,0.2,True,0,0.000122,37.96465164,37.96465164
12,3,,quantum,precond_pen=0.200,0.2,True,1,0.002718,36.29463591,36.29463591
12,3,,quantum,precond_pen=0.200,0.2,True,2,0.002983,37.71475966,36.29463591
12,3,,quantum,precond_pen=0.200,0.2,True,3,0.003143,31.63540554,31.63540554
12,3,,quantum,precond_pen=0.300,0.3,True,0,0.00012,37.96465164,37.96465164
12,3,,quantum,precond_pen=0.300,0.3,True,1,0.002691,31.88131162,31.88131162
12,3,,quantum,precond_pen=0.300,0.3,True,2,0.002861,31.63540554,31.63540554
12,3,,quantum,precond_pen=0.400,0.4,True,0,0.000121,37.96465164,37.96465164
12,3,,quantum,precond_pen=0.400,0.4,True,1,0.002711,31.63540554,31.63540554
12,3,,quantum,precond_pen=0.500,0.5,True,0,0.000119,37.96465164,37.96465164
12,3,,quantum,precond_pen=0.500,0.5,True,1,0.002787,31.63540554,31.63540554
12,3,,quantum,precond_pen=0.600,0.6,True,0,0.000121,37.96465164,37.96465164
12,3,,quantum,precond_pen=0.600,0.6,True,1,0.002772,37.20150995,37.20150995
12,3,,quantum,precond_pen=0.600,0.6,True,2,0.003064,35.19588736,35.19588736
12,3,,quantum,precond_pen=0.600,0.6,True,3,0.003243,31.63540554,31.63540554
12,3,,quantum,precond_pen=0.700,0.7,True,0,0.000117,37.96465164,37.96465164
12,3,,quantum,precond_pen=0.700,0.7,True,1,0.002792,31.63540554,31.63540554
12,3,,quantum,precond_pen=0.800,0.8,True,0,0.000121,37.96465164,37.96465164
12,3,,quantum,precond_pen=0.800,0.8,True,1,0.00277,35.694493,35.694493
12,3,,quantum,precond_pen=0.800,0.8,True,2,0.002955,35.19588736,35.19588736
12,3,,quantum,precond_pen=0.800,0.8,True,3,0.00323,34.27786797,34.27786797
12,3,,quantum,precond_pen=0.800,0.8,True,4,0.003355,31.63540554,31.63540554
12,3,,quantum,precond_pen=1.000,1.0,True,0,0.000118,37.96465164,37.96465164
12,3,,quantum,precond_pen=1.000,1.0,True,1,0.002689,33.06293083,33.06293083
12,3,,quantum,precond_pen=1.000,1.0,True,2,0.00288,31.63540554,31.63540554
13,3,,quantum,baseline,,True,0,0.00012,41.31318214,41.31318214
13,3,,quantum,baseline,,True,1,0.002502,35.44486733,35.44486733
13,3,,quantum,baseline,,True,2,0.002626,35.27668858,35.27668858
13,3,,quantum,baseline,,True,3,0.002744,32.09835683,32.09835683
13,3,,quantum,baseline,,True,4,0.008168,31.61969547,31.61969547
13,3,,quantum,precond_pen=0.200,0.2,True,0,0.000119,41.31318214,41.31318214
13,3,,quantum,precond_pen=0.200,0.2,True,1,0.00259,42.13410269,41.31318214
13,3,,quantum,precond_pen=0.200,0.2,True,2,0.002863,35.44486733,35.44486733
13,3,,quantum,precond_pen=0.200,0.2,True,3,0.003025,32.75468788,32.75468788
13,3,,quantum,precond_pen=0.300,0.3,True,0,0.000124,41.31318214,41.31318214
13,3,,quantum,precond_pen=0.300,0.3,True,1,0.002832,35.82053776,35.82053776
13,3,,quantum,precond_pen=0.300,0.3,True,2,0.003173,35.44486733,35.44486733
13,3,,quantum,precond_pen=0.300,0.3,True,3,0.003325,32.75468788,32.75468788
13,3,,quantum,precond_pen=0.400,0.4,True,0,0.00012,41.31318214,41.31318214
13,3,,quantum,precond_pen=0.400,0.4,True,1,0.002769,34.09475685,34.09475685
13,3,,quantum,precond_pen=0.400,0.4,True,2,0.002935,35.44486733,34.09475685
13,3,,quantum,precond_pen=0.400,0.4,True,3,0.003217,35.27668858,34.09475685
13,3,,quantum,precond_pen=0.400,0.4,True,4,0.003353,32.75468788,32.75468788
13,3,,quantum,precond_pen=0.500,0.5,True,0,0.000121,41.31318214,41.31318214
13,3,,quantum,precond_pen=0.500,0.5,True,1,0.002549,34.0635869,34.0635869
13,3,,quantum,precond_pen=0.500,0.5,True,2,0.002672,35.27668858,34.0635869
13,3,,quantum,precond_pen=0.500,0.5,True,3,0.002804,32.75468788,32.75468788
13,3,,quantum,precond_pen=0.600,0.6,True,0,0.00012,41.31318214,41.31318214
13,3,,quantum,precond_pen=0.600,0.6,True,1,0.002723,33.94566766,33.94566766
13,3,,quantum,precond_pen=0.600,0.6,True,2,0.002928,32.75468788,32.75468788
13,3,,quantum,precond_pen=0.700,0.7,True,0,0.000131,41.31318214,41.31318214
13,3,,quantum,precond_pen=0.700,0.7,True,1,0.00283,40.41582576,40.41582576
13,3,,quantum,precond_pen=0.700,0.7,True,2,0.002961,35.44486733,35.44486733
13,3,,quantum,precond_pen=0.700,0.7,True,3,0.003235,35.27668858,35.27668858
13,3,,quantum,precond_pen=0.700,0.7,True,4,0.00338,31.61969547,31.61969547
13,3,,quantum,precond_pen=0.800,0.8,True,0,0.000118,41.31318214,41.31318214
13,3,,quantum,precond_pen=0.800,0.8,True,1,0.002799,40.02201674,40.02201674
13,3,,quantum,precond_pen=0.800,0.8,True,2,0.003079,35.44486733,35.44486733
13,3,,quantum,precond_pen=0.800,0.8,True,3,0.003388,35.27668858,35.27668858
13,3,,quantum,precond_pen=0.800,0.8,True,4,0.003527,31.61969547,31.61969547
13,3,,quantum,precond_pen=1.000,1.0,True,0,0.000117,41.31318214,41.31318214
13,3,,quantum,precond_pen=1.000,1.0,True,1,0.002786,37.99955081,37.99955081
13,3,,quantum,precond_pen=1.000,1.0,True,2,0.003049,35.44486733,35.44486733
13,3,,quantum,precond_pen=1.000,1.0,True,3,0.003346,31.61969547,31.61969547
14,3,,quantum,baseline,,True,0,0.00012,39.35561032,39.35561032
14,3,,quantum,baseline,,True,1,0.002768,33.95418153,33.95418153
14,3,,quantum,baseline,,True,2,0.00286,33.33490874,33.33490874
14,3,,quantum,precond_pen=0.200,0.2,True,0,0.000121,39.35561032,39.35561032
14,3,,quantum,precond_pen=0.200,0.2,True,1,0.002555,40.39663464,39.35561032
14,3,,quantum,precond_pen=0.200,0.2,True,2,0.002671,33.95418153,33.95418153
14,3,,quantum,precond_pen=0.200,0.2,True,3,0.00279,33.33490874,33.33490874
14,3,,quantum,precond_pen=0.300,0.3,True,0,0.000124,39.35561032,39.35561032
14,3,,quantum,precond_pen=0.300,0.3,True,1,0.002922,33.95418153,33.95418153
14,3,,quantum,precond_pen=0.300,0.3,True,2,0.003095,33.33490874,33.33490874
14,3,,quantum,precond_pen=0.400,0.4,True,0,0.000121,39.35561032,39.35561032
14,3,,quantum,precond_pen=0.400,0.4,True,1,0.002732,33.33490874,33.33490874
14,3,,quantum,precond_pen=0.500,0.5,True,0,0.000119,39.35561032,39.35561032
14,3,,quantum,precond_pen=0.500,0.5,True,1,0.002717,37.73351298,37.73351298
14,3,,quantum,precond_pen=0.500,0.5,True,2,0.002984,33.95418153,33.95418153
14,3,,quantum,precond_pen=0.500,0.5,True,3,0.003143,33.33490874,33.33490874
14,3,,quantum,precond_pen=0.600,0.6,True,0,0.000119,39.35561032,39.35561032
14,3,,quantum,precond_pen=0.600,0.6,True,1,0.002789,36.76181433,36.76181433
14,3,,quantum,precond_pen=0.600,0.6,True,2,0.003064,33.95418153,33.95418153
14,3,,quantum,precond_pen=0.600,0.6,True,3,0.003217,33.33490874,33.33490874
14,3,,quantum,precond_pen=0.700,0.7,True,0,0.000121,39.35561032,39.35561032
14,3,,quantum,precond_pen=0.700,0.7,True,1,0.002945,37.6036504,37.6036504
14,3,,quantum,precond_pen=0.700,0.7,True,2,0.003089,33.33490874,33.33490874
14,3,,quantum,precond_pen=0.800,0.8,True,0,0.000118,39.35561032,39.35561032
14,3,,quantum,precond_pen=0.800,0.8,True,1,0.002592,33.95418153,33.95418153
14,3,,quantum,precond_pen=0.800,0.8,True,2,0.002777,33.33490874,33.33490874
14,3,,quantum,precond_pen=1.000,1.0,True,0,0.00012,39.35561032,39.35561032
14,3,,quantum,precond_pen=1.000,1.0,True,1,0.002658,36.76181433,36.76181433
14,3,,quantum,precond_pen=1.000,1.0,True,2,0.002916,33.95418153,33.95418153
14,3,,quantum,precond_pen=1.000,1.0,True,3,0.00312,33.33490874,33.33490874
15,3,,quantum,baseline,,True,0,0.00012,35.53379112,35.53379112
15,3,,quantum,baseline,,True,1,0.002659,31.51307187,31.51307187
15,3,,quantum,precond_pen=0.200,0.2,True,0,0.00012,35.53379112,35.53379112
15,3,,quantum,precond_pen=0.200,0.2,True,1,0.002743,34.02533811,34.02533811
15,3,,quantum,precond_pen=0.200,0.2,True,2,0.002848,31.51307187,31.51307187
15,3,,quantum,precond_pen=0.300,0.3,True,0,0.000118,35.53379112,35.53379112
15,3,,quantum,precond_pen=0.300,0.3,True,1,0.002724,35.38485211,35.38485211
15,3,,quantum,precond_pen=0.300,0.3,True,2,0.002939,31.51307187,31.51307187
15,3,,quantum,precond_pen=0.400,0.4,True,0,0.000119,35.53379112,35.53379112
15,3,,quantum,precond_pen=0.400,0.4,True,1,0.00279,34.02533811,34.02533811
15,3,,quantum,precond_pen=0.400,0.4,True,2,0.002891,31.51307187,31.51307187
15,3,,quantum,precond_pen=0.500,0.5,True,0,0.000122,35.53379112,35.53379112
15,3,,quantum,precond_pen=0.500,0.5,True,1,0.002789,33.97588846,33.97588846
15,3,,quantum,precond_pen=0.500,0.5,True,2,0.002912,31.51307187,31.51307187
15,3,,quantum,precond_pen=0.600,0.6,True,0,0.000119,35.53379112,35.53379112
15,3,,quantum,precond_pen=0.600,0.6,True,1,0.002789,34.02533811,34.02533811
15,3,,quantum,precond_pen=0.600,0.6,True,2,0.002896,31.51307187,31.51307187
15,3,,quantum,precond_pen=0.700,0.7,True,0,0.000125,35.53379112,35.53379112
15,3,,quantum,precond_pen=0.700,0.7,True,1,0.002835,32.30025438,32.30025438
15,3,,quantum,precond_pen=0.700,0.7,True,2,0.003048,31.51307187,31.51307187
15,3,,quantum,precond_pen=0.800,0.8,True,0,0.00011,35.53379112,35.53379112
15,3,,quantum,precond_pen=0.800,0.8,True,1,0.002767,34.02533811,34.02533811
15,3,,quantum,precond_pen=0.800,0.8,True,2,0.002861,31.51307187,31.51307187
15,3,,quantum,precond_pen=1.000,1.0,True,0,0.00011,35.53379112,35.53379112
15,3,,quantum,precond_pen=1.000,1.0,True,1,0.002672,33.04765578,33.04765578
15,3,,quantum,precond_pen=1.000,1.0,True,2,0.002855,32.30025438,32.30025438
15,3,,quantum,precond_pen=1.000,1.0,True,3,0.002995,31.51307187,31.51307187
16,3,,quantum,baseline,,True,0,0.000107,39.44823873,39.44823873
16,3,,quantum,baseline,,True,1,0.002517,38.52526729,38.52526729
16,3,,quantum,baseline,,True,2,0.002838,37.89742173,37.89742173
16,3,,quantum,baseline,,True,3,0.003034,32.15421791,32.15421791
16,3,,quantum,precond_pen=0.200,0.2,True,0,0.000108,39.44823873,39.44823873
16,3,,quantum,precond_pen=0.200,0.2,True,1,0.002784,38.84771295,38.84771295
16,3,,quantum,precond_pen=0.200,0.2,True,2,0.003007,32.15421791,32.15421791
16,3,,quantum,precond_pen=0.300,0.3,True,0,0.00011,39.44823873,39.44823873
16,3,,quantum,precond_pen=0.300,0.3,True,1,0.002931,37.26002231,37.26002231
16,3,,quantum,precond_pen=0.300,0.3,True,2,0.003147,32.15421791,32.15421791
16,3,,quantum,precond_pen=0.400,0.4,True,0,0.000107,39.44823873,39.44823873
16,3,,quantum,precond_pen=0.400,0.4,True,1,0.002817,35.36315874,35.36315874
16,3,,quantum,precond_pen=0.400,0.4,True,2,0.003022,32.15421791,32.15421791
16,3,,quantum,precond_pen=0.500,0.5,True,0,0.000106,39.44823873,39.44823873
16,3,,quantum,precond_pen=0.500,0.5,True,1,0.002725,33.37657274,33.37657274
16,3,,quantum,precond_pen=0.500,0.5,True,2,0.002908,32.25669061,32.25669061
16,3,,quantum,precond_pen=0.500,0.5,True,3,0.002997,32.15421791,32.15421791
16,3,,quantum,precond_pen=0.600,0.6,True,0,0.000106,39.44823873,39.44823873
16,3,,quantum,precond_pen=0.600,0.6,True,1,0.002638,36.09301977,36.09301977
16,3,,quantum,precond_pen=0.600,0.6,True,2,0.002972,32.15421791,32.15421791
16,3,,quantum,precond_pen=0.700,0.7,True,0,0.000106,39.44823873,39.44823873
16,3,,quantum,precond_pen=0.700,0.7,True,1,0.002697,32.98569094,32.98569094
16,3,,quantum,precond_pen=0.700,0.7,True,2,0.00288,32.15421791,32.15421791
16,3,,quantum,precond_pen=0.800,0.8,True,0,0.000105,39.44823873,39.44823873
16,3,,quantum,precond_pen=0.800,0.8,True,1,0.002674,32.25669061,32.25669061
16,3,,quantum,precond_pen=0.800,0.8,True,2,0.002853,32.15421791,32.15421791
16,3,,quantum,precond_pen=1.000,1.0,True,0,0.00011,39.44823873,39.44823873
16,3,,quantum,precond_pen=1.000,1.0,True,1,0.00282,35.24985303,35.24985303
16,3,,quantum,precond_pen=1.000,1.0,True,2,0.003164,35.02525117,35.02525117
16,3,,quantum,precond_pen=1.000,1.0,True,3,0.003304,32.15421791,32.15421791
17,3,,quantum,baseline,,True,0,0.000107,31.80353807,31.80353807
17,3,,quantum,baseline,,True,1,0.002671,26.41063904,26.41063904
17,3,,quantum,precond_pen=0.200,0.2,True,0,0.000107,31.80353807,31.80353807
17,3,,quantum,precond_pen=0.200,0.2,True,1,0.002667,29.40339196,29.40339196
17,3,,quantum,precond_pen=0.200,0.2,True,2,0.002862,26.41063904,26.41063904
17,3,,quantum,precond_pen=0.300,0.3,True,0,0.000106,31.80353807,31.80353807
17,3,,quantum,precond_pen=0.300,0.3,True,1,0.002885,30.73965754,30.73965754
17,3,,quantum,precond_pen=0.300,0.3,True,2,0.003029,26.41063904,26.41063904
17,3,,quantum,precond_pen=0.400,0.4,True,0,0.000106,31.80353807,31.80353807
17,3,,quantum,precond_pen=0.400,0.4,True,1,0.002798,29.44465798,29.44465798
17,3,,quantum,precond_pen=0.400,0.4,True,2,0.003067,29.70978881,29.44465798
17,3,,quantum,precond_pen=0.400,0.4,True,3,0.003236,26.41063904,26.41063904
17,3,,quantum,precond_pen=0.500,0.5,True,0,0.000108,31.80353807,31.80353807
17,3,,quantum,precond_pen=0.500,0.5,True,1,0.002751,27.36395399,27.36395399
17,3,,quantum,precond_pen=0.500,0.5,True,2,0.002944,26.41063904,26.41063904
17,3,,quantum,precond_pen=0.600,0.6,True,0,0.000108,31.80353807,31.80353807
17,3,,quantum,precond_pen=0.600,0.6,True,1,0.002615,27.36395399,27.36395399
17,3,,quantum,precond_pen=0.600,0.6,True,2,0.002807,26.41063904,26.41063904
17,3,,quantum,precond_pen=0.700,0.7,True,0,0.000106,31.80353807,31.80353807
17,3,,quantum,precond_pen=0.700,0.7,True,1,0.002806,27.36395399,27.36395399
17,3,,quantum,precond_pen=0.700,0.7,True,2,0.003005,26.41063904,26.41063904
17,3,,quantum,precond_pen=0.800,0.8,True,0,0.000107,31.80353807,31.80353807
17,3,,quantum,precond_pen=0.800,0.8,True,1,0.002864,29.70978881,29.70978881
17,3,,quantum,precond_pen=0.800,0.8,True,2,0.00312,27.52420586,27.52420586
17,3,,quantum,precond_pen=0.800,0.8,True,3,0.0033,26.41063904,26.41063904
17,3,,quantum,precond_pen=1.000,1.0,True,0,0.000108,31.80353807,31.80353807
17,3,,quantum,precond_pen=1.000,1.0,True,1,0.002795,27.88586078,27.88586078
17,3,,quantum,precond_pen=1.000,1.0,True,2,0.002991,26.41063904,26.41063904
18,3,,quantum,baseline,,True,0,0.00011,30.71988525,30.71988525
18,3,,quantum,baseline,,True,1,0.002496,29.46208254,29.46208254
18,3,,quantum,precond_pen=0.200,0.2,True,0,0.000116,30.71988525,30.71988525
18,3,,quantum,precond_pen=0.200,0.2,True,1,0.002692,31.26274861,30.71988525
18,3,,quantum,precond_pen=0.200,0.2,True,2,0.00289,29.46208254,29.46208254
18,3,,quantum,precond_pen=0.300,0.3,True,0,0.000108,30.71988525,30.71988525
18,3,,quantum,precond_pen=0.300,0.3,True,1,0.00267,29.46208254,29.46208254
18,3,,quantum,precond_pen=0.400,0.4,True,0,0.000155,30.71988525,30.71988525
18,3,,quantum,precond_pen=0.400,0.4,True,1,0.002832,29.46208254,29.46208254
18,3,,quantum,precond_pen=0.500,0.5,True,0,0.000107,30.71988525,30.71988525
18,3,,quantum,precond_pen=0.500,0.5,True,1,0.002943,29.46208254,29.46208254
18,3,,quantum,precond_pen=0.600,0.6,True,0,0.000109,30.71988525,30.71988525
18,3,,quantum,precond_pen=0.600,0.6,True,1,0.002855,29.46208254,29.46208254
18,3,,quantum,precond_pen=0.700,0.7,True,0,0.000109,30.71988525,30.71988525
18,3,,quantum,precond_pen=0.700,0.7,True,1,0.00293,29.46208254,29.46208254
18,3,,quantum,precond_pen=0.800,0.8,True,0,0.000109,30.71988525,30.71988525
18,3,,quantum,precond_pen=0.800,0.8,True,1,0.002799,29.46208254,29.46208254
18,3,,quantum,precond_pen=1.000,1.0,True,0,0.000108,30.71988525,30.71988525
18,3,,quantum,precond_pen=1.000,1.0,True,1,0.002795,30.31255372,30.31255372
18,3,,quantum,precond_pen=1.000,1.0,True,2,0.00291,29.46208254,29.46208254
19,3,,quantum,baseline,,True,0,0.000115,38.34315014,38.34315014
19,3,,quantum,baseline,,True,1,0.00253,37.31064527,37.31064527
19,3,,quantum,baseline,,True,2,0.002689,37.26998729,37.26998729
19,3,,quantum,baseline,,True,3,0.002808,29.81321301,29.81321301
19,3,,quantum,baseline,,True,4,0.008365,28.48525783,28.48525783
19,3,,quantum,precond_pen=0.200,0.2,True,0,0.000109,38.34315014,38.34315014
19,3,,quantum,precond_pen=0.200,0.2,True,1,0.002637,35.36844092,35.36844092
19,3,,quantum,precond_pen=0.200,0.2,True,2,0.00286,35.55346333,35.36844092
19,3,,quantum,precond_pen=0.200,0.2,True,3,0.002976,28.48525783,28.48525783
19,3,,quantum,precond_pen=0.300,0.3,True,0,0.000111,38.34315014,38.34315014
19,3,,quantum,precond_pen=0.300,0.3,True,1,0.002659,33.46116752,33.46116752
19,3,,quantum,precond_pen=0.300,0.3,True,2,0.002847,28.48525783,28.48525783
19,3,,quantum,precond_pen=0.400,0.4,True,0,0.000108,38.34315014,38.34315014
19,3,,quantum,precond_pen=0.400,0.4,True,1,0.002781,31.74516684,31.74516684
19,3,,quantum,precond_pen=0.400,0.4,True,2,0.002968,28.48525783,28.48525783
19,3,,quantum,precond_pen=0.500,0.5,True,0,0.000111,38.34315014,38.34315014
19,3,,quantum,precond_pen=0.500,0.5,True,1,0.002769,30.0281292,30.0281292
19,3,,quantum,precond_pen=0.500,0.5,True,2,0.002941,28.48525783,28.48525783
19,3,,quantum,precond_pen=0.600,0.6,True,0,0.000107,38.34315014,38.34315014
19,3,,quantum,precond_pen=0.600,0.6,True,1,0.002727,33.70951591,33.70951591
19,3,,quantum,precond_pen=0.600,0.6,True,2,0.002953,28.48525783,28.48525783
19,3,,quantum,precond_pen=0.700,0.7,True,0,0.000107,38.34315014,38.34315014
19,3,,quantum,precond_pen=0.700,0.7,True,1,0.002745,31.18943796,31.18943796
19,3,,quantum,precond_pen=0.700,0.7,True,2,0.002956,28.48525783,28.48525783
19,3,,quantum,precond_pen=0.800,0.8,True,0,0.000108,38.34315014,38.34315014
19,3,,quantum,precond_pen=0.800,0.8,True,1,0.002838,31.35719917,31.35719917
19,3,,quantum,precond_pen=0.800,0.8,True,2,0.003047,30.84130896,30.84130896
19,3,,quantum,precond_pen=0.800,0.8,True,3,0.003154,28.48525783,28.48525783
19,3,,quantum,precond_pen=1.000,1.0,True,0,0.000107,38.34315014,38.34315014
19,3,,quantum,precond_pen=1.000,1.0,True,1,0.002668,35.38766551,35.38766551
19,3,,quantum,precond_pen=1.000,1.0,True,2,0.002861,31.67767577,31.67767577
19,3,,quantum,precond_pen=1.000,1.0,True,3,0.002962,28.48525783,28.48525783
20,3,,quantum,baseline,,True,0,0.000109,34.51707049,34.51707049
20,3,,quantum,baseline,,True,1,0.002489,31.73939163,31.73939163
20,3,,quantum,baseline,,True,2,0.002622,30.57899604,30.57899604
20,3,,quantum,baseline,,True,3,0.00275,25.59706669,25.59706669
20,3,,quantum,baseline,,True,4,0.008534,24.94001381,24.94001381
20,3,,quantum,precond_pen=0.200,0.2,True,0,0.000106,34.51707049,34.51707049
20,3,,quantum,precond_pen=0.200,0.2,True,1,0.002771,32.77204235,32.77204235
20,3,,quantum,precond_pen=0.200,0.2,True,2,0.003032,31.73939163,31.73939163
20,3,,quantum,precond_pen=0.200,0.2,True,3,0.003229,25.59706669,25.59706669
20,3,,quantum,precond_pen=0.300,0.3,True,0,0.00011,34.51707049,34.51707049
20,3,,quantum,precond_pen=0.300,0.3,True,1,0.002734,28.74570529,28.74570529
20,3,,quantum,precond_pen=0.300,0.3,True,2,0.002908,26.85268135,26.85268135
20,3,,quantum,precond_pen=0.300,0.3,True,3,0.003026,25.59706669,25.59706669
20,3,,quantum,precond_pen=0.300,0.3,True,4,0.005719,24.94001381,24.94001381
20,3,,quantum,precond_pen=0.300,0.3,True,5,0.006519,24.94001381,24.94001381
20,3,,quantum,precond_pen=0.400,0.4,True,0,0.000117,34.51707049,34.51707049
20,3,,quantum,precond_pen=0.400,0.4,True,1,0.002788,29.61615978,29.61615978
20,3,,quantum,precond_pen=0.400,0.4,True,2,0.003014,25.59706669,25.59706669
20,3,,quantum,precond_pen=0.400,0.4,True,3,0.005395,24.94001381,24.94001381
20,3,,quantum,precond_pen=0.500,0.5,True,0,0.000119,34.51707049,34.51707049
20,3,,quantum,precond_pen=0.500,0.5,True,1,0.002766,28.07912171,28.07912171
20,3,,quantum,precond_pen=0.500,0.5,True,2,0.00294,26.85268135,26.85268135
20,3,,quantum,precond_pen=0.500,0.5,True,3,0.003072,25.59706669,25.59706669
20,3,,quantum,precond_pen=0.500,0.5,True,4,0.005842,24.94001381,24.94001381
20,3,,quantum,precond_pen=0.600,0.6,True,0,0.000108,34.51707049,34.51707049
20,3,,quantum,precond_pen=0.600,0.6,True,1,0.002793,28.72188777,28.72188777
20,3,,quantum,precond_pen=0.600,0.6,True,2,0.003132,26.85268135,26.85268135
20,3,,quantum,precond_pen=0.600,0.6,True,3,0.003319,25.59706669,25.59706669
20,3,,quantum,precond_pen=0.600,0.6,True,4,0.005988,24.94001381,24.94001381
20,3,,quantum,precond_pen=0.700,0.7,True,0,0.000108,34.51707049,34.51707049
20,3,,quantum,precond_pen=0.700,0.7,True,1,0.002764,30.00093694,30.00093694
20,3,,quantum,precond_pen=0.700,0.7,True,2,0.003074,28.24214518,28.24214518
20,3,,quantum,precond_pen=0.700,0.7,True,3,0.003377,26.85268135,26.85268135
20,3,,quantum,precond_pen=0.700,0.7,True,4,0.003503,24.94001381,24.94001381
20,3,,quantum,precond_pen=0.800,0.8,True,0,0.000106,34.51707049,34.51707049
20,3,,quantum,precond_pen=0.800,0.8,True,1,0.002611,28.15205271,28.15205271
20,3,,quantum,precond_pen=0.800,0.8,True,2,0.002808,26.85268135,26.85268135
20,3,,quantum,precond_pen=0.800,0.8,True,3,0.002955,25.59706669,25.59706669
20,3,,quantum,precond_pen=0.800,0.8,True,4,0.005641,24.94001381,24.94001381
20,3,,quantum,precond_pen=1.000,1.0,True,0,0.000107,34.51707049,34.51707049
20,3,,quantum,precond_pen=1.000,1.0,True,1,0.002629,28.24214518,28.24214518
20,3,,quantum,precond_pen=1.000,1.0,True,2,0.002786,26.85268135,26.85268135
20,3,,quantum,precond_pen=1.000,1.0,True,3,0.002924,24.94001381,24.94001381
21,3,,quantum,baseline,,True,0,0.000107,33.82111204,33.82111204
21,3,,quantum,baseline,,True,1,0.002733,28.58581031,28.58581031
21,3,,quantum,baseline,,True,2,0.030086,28.29726095,28.29726095
21,3,,quantum,baseline,,True,3,0.032417,28.29726095,28.29726095
21,3,,quantum,precond_pen=0.200,0.2,True,0,0.000113,33.82111204,33.82111204
21,3,,quantum,precond_pen=0.200,0.2,True,1,0.002822,28.80087339,28.80087339
21,3,,quantum,precond_pen=0.300,0.3,True,0,0.000111,33.82111204,33.82111204
21,3,,quantum,precond_pen=0.300,0.3,True,1,0.002685,29.0021712,29.0021712
21,3,,quantum,precond_pen=0.300,0.3,True,2,0.002813,28.80087339,28.80087339
21,3,,quantum,precond_pen=0.400,0.4,True,0,0.000107,33.82111204,33.82111204
21,3,,quantum,precond_pen=0.400,0.4,True,1,0.002839,32.84835068,32.84835068
21,3,,quantum,precond_pen=0.400,0.4,True,2,0.002979,28.80087339,28.80087339
21,3,,quantum,precond_pen=0.400,0.4,True,3,0.003104,28.92060634,28.80087339
21,3,,quantum,precond_pen=0.500,0.5,True,0,0.000106,33.82111204,33.82111204
21,3,,quantum,precond_pen=0.500,0.5,True,1,0.002819,30.32520129,30.32520129
21,3,,quantum,precond_pen=0.500,0.5,True,2,0.003094,28.80087339,28.80087339
21,3,,quantum,precond_pen=0.500,0.5,True,3,0.003272,28.64150678,28.64150678
21,3,,quantum,precond_pen=0.600,0.6,True,0,0.000106,33.82111204,33.82111204
21,3,,quantum,precond_pen=0.600,0.6,True,1,0.002848,28.72505819,28.72505819
21,3,,quantum,precond_pen=0.600,0.6,True,2,0.00302,28.80087339,28.72505819
21,3,,quantum,precond_pen=0.600,0.6,True,3,0.003152,28.64150678,28.64150678
21,3,,quantum,precond_pen=0.700,0.7,True,0,0.000106,33.82111204,33.82111204
21,3,,quantum,precond_pen=0.700,0.7,True,1,0.00279,28.29726095,28.29726095
21,3,,quantum,precond_pen=0.700,0.7,True,2,0.002969,28.80087339,28.29726095
21,3,,quantum,precond_pen=0.700,0.7,True,3,0.003103,28.64150678,28.29726095
21,3,,quantum,precond_pen=0.800,0.8,True,0,0.000106,33.82111204,33.82111204
21,3,,quantum,precond_pen=0.800,0.8,True,1,0.002783,29.21428557,29.21428557
21,3,,quantum,precond_pen=0.800,0.8,True,2,0.003059,28.80087339,28.80087339
21,3,,quantum,precond_pen=0.800,0.8,True,3,0.003234,28.64150678,28.64150678
21,3,,quantum,precond_pen=1.000,1.0,True,0,0.000106,33.82111204,33.82111204
21,3,,quantum,precond_pen=1.000,1.0,True,1,0.002816,28.64150678,28.64150678
22,3,,quantum,baseline,,True,0,0.00011,41.86415609,41.86415609
22,3,,quantum,baseline,,True,1,0.002664,37.29388169,37.29388169
22,3,,quantum,baseline,,True,2,0.002785,32.43465927,32.43465927
22,3,,quantum,baseline,,True,3,0.008743,31.46318969,31.46318969
22,3,,quantum,precond_pen=0.200,0.2,True,0,0.000107,41.86415609,41.86415609
22,3,,quantum,precond_pen=0.200,0.2,True,1,0.002801,40.18158743,40.18158743
22,3,,quantum,precond_pen=0.200,0.2,True,2,0.002921,33.86193591,33.86193591
22,3,,quantum,precond_pen=0.300,0.3,True,0,0.000107,41.86415609,41.86415609
22,3,,quantum,precond_pen=0.300,0.3,True,1,0.00275,35.13187168,35.13187168
22,3,,quantum,precond_pen=0.300,0.3,True,2,0.002959,33.86193591,33.86193591
22,3,,quantum,precond_pen=0.400,0.4,True,0,0.000109,41.86415609,41.86415609
22,3,,quantum,precond_pen=0.400,0.4,True,1,0.002702,34.33203065,34.33203065
22,3,,quantum,precond_pen=0.400,0.4,True,2,0.002895,31.46318969,31.46318969
22,3,,quantum,precond_pen=0.500,0.5,True,0,0.000106,41.86415609,41.86415609
22,3,,quantum,precond_pen=0.500,0.5,True,1,0.002786,34.51856102,34.51856102
22,3,,quantum,precond_pen=0.500,0.5,True,2,0.002977,31.46318969,31.46318969
22,3,,quantum,precond_pen=0.600,0.6,True,0,0.000106,41.86415609,41.86415609
22,3,,quantum,precond_pen=0.600,0.6,True,1,0.002736,36.10595176,36.10595176
22,3,,quantum,precond_pen=0.600,0.6,True,2,0.00305,35.94648525,35.94648525
22,3,,quantum,precond_pen=0.600,0.6,True,3,0.003227,31.46318969,31.46318969
22,3,,quantum,precond_pen=0.700,0.7,True,0,0.000109,41.86415609,41.86415609
22,3,,quantum,precond_pen=0.700,0.7,True,1,0.002873,39.2596067,39.2596067
22,3,,quantum,precond_pen=0.700,0.7,True,2,0.00302,31.46318969,31.46318969
22,3,,quantum,precond_pen=0.800,0.8,True,0,0.000106,41.86415609,41.86415609
22,3,,quantum,precond_pen=0.800,0.8,True,1,0.002928,34.23551848,34.23551848
22,3,,quantum,precond_pen=0.800,0.8,True,2,0.003078,31.46318969,31.46318969
22,3,,quantum,precond_pen=1.000,1.0,True,0,0.000106,41.86415609,41.86415609
22,3,,quantum,precond_pen=1.000,1.0,True,1,0.002812,35.8747887,35.8747887
22,3,,quantum,precond_pen=1.000,1.0,True,2,0.003015,33.86193591,33.86193591
22,3,,quantum,precond_pen=1.000,1.0,True,3,0.003111,32.55128816,32.55128816
22,3,,quantum,precond_pen=1.000,1.0,True,4,0.006859,31.46318969,31.46318969
22,3,,quantum,precond_pen=1.000,1.0,True,5,0.007483,31.46318969,31.46318969
23,3,,quantum,baseline,,True,0,0.000106,36.99680484,36.99680484
23,3,,quantum,baseline,,True,1,0.002724,29.26731283,29.26731283
23,3,,quantum,precond_pen=0.200,0.2,True,0,0.000107,36.99680484,36.99680484
23,3,,quantum,precond_pen=0.200,0.2,True,1,0.00278,31.80803129,31.80803129
23,3,,quantum,precond_pen=0.200,0.2,True,2,0.002957,29.26731283,29.26731283
23,3,,quantum,precond_pen=0.300,0.3,True,0,0.000112,36.99680484,36.99680484
23,3,,quantum,precond_pen=0.300,0.3,True,1,0.00272,29.26731283,29.26731283
23,3,,quantum,precond_pen=0.400,0.4,True,0,0.000107,36.99680484,36.99680484
23,3,,quantum,precond_pen=0.400,0.4,True,1,0.002517,30.59617889,30.59617889
23,3,,quantum,precond_pen=0.400,0.4,True,2,0.002666,29.26731283,29.26731283
23,3,,quantum,precond_pen=0.500,0.5,True,0,0.000119,36.99680484,36.99680484
23,3,,quantum,precond_pen=0.500,0.5,True,1,0.002806,32.76173345,32.76173345
23,3,,quantum,precond_pen=0.500,0.5,True,2,0.003,29.26731283,29.26731283
23,3,,quantum,precond_pen=0.600,0.6,True,0,0.000109,36.99680484,36.99680484
23,3,,quantum,precond_pen=0.600,0.6,True,1,0.002758,33.19148643,33.19148643
23,3,,quantum,precond_pen=0.600,0.6,True,2,0.002941,29.26731283,29.26731283
23,3,,quantum,precond_pen=0.700,0.7,True,0,0.00011,36.99680484,36.99680484
23,3,,quantum,precond_pen=0.700,0.7,True,1,0.002749,30.59617889,30.59617889
23,3,,quantum,precond_pen=0.700,0.7,True,2,0.002913,29.26731283,29.26731283
23,3,,quantum,precond_pen=0.800,0.8,True,0,0.000108,36.99680484,36.99680484
23,3,,quantum,precond_pen=0.800,0.8,True,1,0.002766,36.88062575,36.88062575
23,3,,quantum,precond_pen=0.800,0.8,True,2,0.002876,29.26731283,29.26731283
23,3,,quantum,precond_pen=1.000,1.0,True,0,0.000108,36.99680484,36.99680484
23,3,,quantum,precond_pen=1.000,1.0,True,1,0.002742,35.56117363,35.56117363
23,3,,quantum,precond_pen=1.000,1.0,True,2,0.002868,29.26731283,29.26731283
24,3,,quantum,baseline,,True,0,0.000107,33.17009917,33.17009917
24,3,,quantum,baseline,,True,1,0.00249,33.09420771,33.09420771
24,3,,quantum,baseline,,True,2,0.002693,27.36601278,27.36601278
24,3,,quantum,precond_pen=0.200,0.2,True,0,0.000108,33.17009917,33.17009917
24,3,,quantum,precond_pen=0.200,0.2,True,1,0.002887,33.97663904,33.17009917
24,3,,quantum,precond_pen=0.200,0.2,True,2,0.003098,27.36601278,27.36601278
24,3,,quantum,precond_pen=0.300,0.3,True,0,0.000107,33.17009917,33.17009917
24,3,,quantum,precond_pen=0.300,0.3,True,1,0.002666,27.36601278,27.36601278
24,3,,quantum,precond_pen=0.400,0.4,True,0,0.000119,33.17009917,33.17009917
24,3,,quantum,precond_pen=0.400,0.4,True,1,0.002716,27.36601278,27.36601278
24,3,,quantum,precond_pen=0.500,0.5,True,0,0.000109,33.17009917,33.17009917
24,3,,quantum,precond_pen=0.500,0.5,True,1,0.002742,27.36601278,27.36601278
24,3,,quantum,precond_pen=0.600,0.6,True,0,0.000106,33.17009917,33.17009917
24,3,,quantum,precond_pen=0.600,0.6,True,1,0.002771,27.36601278,27.36601278
24,3,,quantum,precond_pen=0.700,0.7,True,0,0.000107,33.17009917,33.17009917
24,3,,quantum,precond_pen=0.700,0.7,True,1,0.003032,31.01987858,31.01987858
24,3,,quantum,precond_pen=0.700,0.7,True,2,0.003176,27.36601278,27.36601278
24,3,,quantum,precond_pen=0.800,0.8,True,0,0.000107,33.17009917,33.17009917
24,3,,quantum,precond_pen=0.800,0.8,True,1,0.002731,32.68104759,32.68104759
24,3,,quantum,precond_pen=0.800,0.8,True,2,0.002922,27.36601278,27.36601278
24,3,,quantum,precond_pen=1.000,1.0,True,0,0.000105,33.17009917,33.17009917
24,3,,quantum,precond_pen=1.000,1.0,True,1,0.002949,31.01987858,31.01987858
24,3,,quantum,precond_pen=1.000,1.0,True,2,0.003093,27.36601278,27.36601278
25,3,,quantum,baseline,,True,0,0.000105,32.71139697,32.71139697
25,3,,quantum,baseline,,True,1,0.002512,31.22382675,31.22382675
25,3,,quantum,baseline,,True,2,0.00265,28.42280328,28.42280328
25,3,,quantum,baseline,,True,3,0.002782,23.83915435,23.83915435
25,3,,quantum,precond_pen=0.200,0.2,True,0,0.000106,32.71139697,32.71139697
25,3,,quantum,precond_pen=0.200,0.2,True,1,0.002972,28.37126405,28.37126405
25,3,,quantum,precond_pen=0.200,0.2,True,2,0.003159,23.83915435,23.83915435
25,3,,quantum,precond_pen=0.300,0.3,True,0,0.000106,32.71139697,32.71139697
25,3,,quantum,precond_pen=0.300,0.3,True,1,0.002767,23.83915435,23.83915435
25,3,,quantum,precond_pen=0.400,0.4,True,0,0.000118,32.71139697,32.71139697
25,3,,quantum,precond_pen=0.400,0.4,True,1,0.002646,25.5358759,25.5358759
25,3,,quantum,precond_pen=0.400,0.4,True,2,0.0028,23.83915435,23.83915435
25,3,,quantum,precond_pen=0.500,0.5,True,0,0.000107,32.71139697,32.71139697
25,3,,quantum,precond_pen=0.500,0.5,True,1,0.002795,25.5358759,25.5358759
25,3,,quantum,precond_pen=0.500,0.5,True,2,0.002957,23.83915435,23.83915435
25,3,,quantum,precond_pen=0.600,0.6,True,0,0.000108,32.71139697,32.71139697
25,3,,quantum,precond_pen=0.600,0.6,True,1,0.002763,28.02261097,28.02261097
25,3,,quantum,precond_pen=0.600,0.6,True,2,0.002938,28.42280328,28.02261097
25,3,,quantum,precond_pen=0.600,0.6,True,3,0.003093,23.83915435,23.83915435
25,3,,quantum,precond_pen=0.700,0.7,True,0,0.000108,32.71139697,32.71139697
25,3,,quantum,precond_pen=0.700,0.7,True,1,0.002724,28.9087952,28.9087952
25,3,,quantum,precond_pen=0.700,0.7,True,2,0.003,28.42280328,28.42280328
25,3,,quantum,precond_pen=0.700,0.7,True,3,0.003203,23.83915435,23.83915435
25,3,,quantum,precond_pen=0.800,0.8,True,0,0.000111,32.71139697,32.71139697
25,3,,quantum,precond_pen=0.800,0.8,True,1,0.002718,25.5358759,25.5358759
25,3,,quantum,precond_pen=0.800,0.8,True,2,0.002909,23.83915435,23.83915435
25,3,,quantum,precond_pen=1.000,1.0,True,0,0.000109,32.71139697,32.71139697
25,3,,quantum,precond_pen=1.000,1.0,True,1,0.002937,23.83915435,23.83915435
26,3,,quantum,baseline,,True,0,0.000113,34.46082601,34.46082601
26,3,,quantum,baseline,,True,1,0.002671,32.18432083,32.18432083
26,3,,quantum,baseline,,True,2,0.008554,32.11523207,32.11523207
26,3,,quantum,baseline,,True,3,0.027078,31.39961393,31.39961393
26,3,,quantum,precond_pen=0.200,0.2,True,0,0.000108,34.46082601,34.46082601
26,3,,quantum,precond_pen=0.200,0.2,True,1,0.002765,35.87045334,34.46082601
26,3,,quantum,precond_pen=0.200,0.2,True,2,0.002861,32.21931511,32.21931511
26,3,,quantum,precond_pen=0.300,0.3,True,0,0.000108,34.46082601,34.46082601
26,3,,quantum,precond_pen=0.300,0.3,True,1,0.002866,34.01441604,34.01441604
26,3,,quantum,precond_pen=0.300,0.3,True,2,0.002984,32.21931511,32.21931511
26,3,,quantum,precond_pen=0.400,0.4,True,0,0.000107,34.46082601,34.46082601
26,3,,quantum,precond_pen=0.400,0.4,True,1,0.002799,32.4855776,32.4855776
26,3,,quantum,precond_pen=0.400,0.4,True,2,0.003016,32.21931511,32.21931511
26,3,,quantum,precond_pen=0.500,0.5,True,0,0.000107,34.46082601,34.46082601
26,3,,quantum,precond_pen=0.500,0.5,True,1,0.002812,34.01441604,34.01441604
26,3,,quantum,precond_pen=0.500,0.5,True,2,0.002921,32.21931511,32.21931511
26,3,,quantum,precond_pen=0.600,0.6,True,0,0.000124,34.46082601,34.46082601
26,3,,quantum,precond_pen=0.600,0.6,True,1,0.002849,34.87762781,34.46082601
26,3,,quantum,precond_pen=0.600,0.6,True,2,0.002956,32.21931511,32.21931511
26,3,,quantum,precond_pen=0.700,0.7,True,0,0.000117,34.46082601,34.46082601
26,3,,quantum,precond_pen=0.700,0.7,True,1,0.002847,33.38209232,33.38209232
26,3,,quantum,precond_pen=0.700,0.7,True,2,0.00306,31.39961393,31.39961393
26,3,,quantum,precond_pen=0.800,0.8,True,0,0.000107,34.46082601,34.46082601
26,3,,quantum,precond_pen=0.800,0.8,True,1,0.002702,34.10281758,34.10281758
26,3,,quantum,precond_pen=0.800,0.8,True,2,0.00288,34.01441604,34.01441604
26,3,,quantum,precond_pen=0.800,0.8,True,3,0.003057,31.39961393,31.39961393
26,3,,quantum,precond_pen=1.000,1.0,True,0,0.000107,34.46082601,34.46082601
26,3,,quantum,precond_pen=1.000,1.0,True,1,0.002636,33.77042444,33.77042444
26,3,,quantum,precond_pen=1.000,1.0,True,2,0.002818,32.18432083,32.18432083
26,3,,quantum,precond_pen=1.000,1.0,True,3,0.002907,31.39961393,31.39961393
27,3,,quantum,baseline,,True,0,0.000113,36.55661516,36.55661516
27,3,,quantum,baseline,,True,1,0.002576,32.96220934,32.96220934
27,3,,quantum,baseline,,True,2,0.002727,29.81007898,29.81007898
27,3,,quantum,baseline,,True,3,0.008303,29.38963789,29.38963789
27,3,,quantum,precond_pen=0.200,0.2,True,0,0.000108,36.55661516,36.55661516
27,3,,quantum,precond_pen=0.200,0.2,True,1,0.00265,29.81007898,29.81007898
27,3,,quantum,precond_pen=0.300,0.3,True,0,0.000108,36.55661516,36.55661516
27,3,,quantum,precond_pen=0.300,0.3,True,1,0.002728,32.62769276,32.62769276
27,3,,quantum,precond_pen=0.300,0.3,True,2,0.002878,29.81007898,29.81007898
27,3,,quantum,precond_pen=0.400,0.4,True,0,0.000108,36.55661516,36.55661516
27,3,,quantum,precond_pen=0.400,0.4,True,1,0.002751,32.62769276,32.62769276
27,3,,quantum,precond_pen=0.400,0.4,True,2,0.002911,32.96220934,32.62769276
27,3,,quantum,precond_pen=0.400,0.4,True,3,0.003172,32.35935943,32.35935943
27,3,,quantum,precond_pen=0.400,0.4,True,4,0.003299,29.81007898,29.81007898
27,3,,quantum,precond_pen=0.500,0.5,True,0,0.000108,36.55661516,36.55661516
27,3,,quantum,precond_pen=0.500,0.5,True,1,0.002637,30.98915844,30.98915844
27,3,,quantum,precond_pen=0.500,0.5,True,2,0.002776,29.81007898,29.81007898
27,3,,quantum,precond_pen=0.600,0.6,True,0,0.000105,36.55661516,36.55661516
27,3,,quantum,precond_pen=0.600,0.6,True,1,0.002589,29.59909877,29.59909877
27,3,,quantum,precond_pen=0.600,0.6,True,2,0.00276,29.81007898,29.59909877
27,3,,quantum,precond_pen=0.600,0.6,True,3,0.007273,29.38963789,29.38963789
27,3,,quantum,precond_pen=0.700,0.7,True,0,0.000105,36.55661516,36.55661516
27,3,,quantum,precond_pen=0.700,0.7,True,1,0.002761,31.55197061,31.55197061
27,3,,quantum,precond_pen=0.700,0.7,True,2,0.002933,29.81007898,29.81007898
27,3,,quantum,precond_pen=0.700,0.7,True,3,0.005536,29.38963789,29.38963789
27,3,,quantum,precond_pen=0.800,0.8,True,0,0.000119,36.55661516,36.55661516
27,3,,quantum,precond_pen=0.800,0.8,True,1,0.003006,32.23640565,32.23640565
27,3,,quantum,precond_pen=0.800,0.8,True,2,0.003289,29.81007898,29.81007898
27,3,,quantum,precond_pen=0.800,0.8,True,3,0.005902,29.38963789,29.38963789
27,3,,quantum,precond_pen=1.000,1.0,True,0,0.000106,36.55661516,36.55661516
27,3,,quantum,precond_pen=1.000,1.0,True,1,0.002768,33.18454527,33.18454527
27,3,,quantum,precond_pen=1.000,1.0,True,2,0.002923,32.96220934,32.96220934
27,3,,quantum,precond_pen=1.000,1.0,True,3,0.003189,31.3517752,31.3517752
27,3,,quantum,precond_pen=1.000,1.0,True,4,0.003327,29.81007898,29.81007898
27,3,,quantum,precond_pen=1.000,1.0,True,5,0.005907,29.38963789,29.38963789
28,3,,quantum,baseline,,True,0,0.000112,38.22595012,38.22595012
28,3,,quantum,baseline,,True,1,0.002702,37.51763832,37.51763832
28,3,,quantum,baseline,,True,2,0.008569,37.42656728,37.42656728
28,3,,quantum,baseline,,True,3,0.008637,37.31965685,37.31965685
28,3,,quantum,baseline,,True,4,0.008681,37.14470503,37.14470503
28,3,,quantum,baseline,,True,5,0.008719,35.52691409,35.52691409
28,3,,quantum,precond_pen=0.200,0.2,True,0,0.000106,38.22595012,38.22595012
28,3,,quantum,precond_pen=0.200,0.2,True,1,0.002655,36.52213531,36.52213531
28,3,,quantum,precond_pen=0.300,0.3,True,0,0.000107,38.22595012,38.22595012
28,3,,quantum,precond_pen=0.300,0.3,True,1,0.002781,35.52691409,35.52691409
28,3,,quantum,precond_pen=0.300,0.3,True,2,0.00296,36.52213531,35.52691409
28,3,,quantum,precond_pen=0.400,0.4,True,0,0.000105,38.22595012,38.22595012
28,3,,quantum,precond_pen=0.400,0.4,True,1,0.002745,35.52691409,35.52691409
28,3,,quantum,precond_pen=0.400,0.4,True,2,0.002928,36.52213531,35.52691409
28,3,,quantum,precond_pen=0.500,0.5,True,0,0.000105,38.22595012,38.22595012
28,3,,quantum,precond_pen=0.500,0.5,True,1,0.00276,36.52213531,36.52213531
28,3,,quantum,precond_pen=0.600,0.6,True,0,0.000108,38.22595012,38.22595012
28,3,,quantum,precond_pen=0.600,0.6,True,1,0.002942,35.97056073,35.97056073
28,3,,quantum,precond_pen=0.600,0.6,True,2,0.003091,35.52691409,35.52691409
28,3,,quantum,precond_pen=0.600,0.6,True,3,0.003243,36.52213531,35.52691409
28,3,,quantum,precond_pen=0.700,0.7,True,0,0.000106,38.22595012,38.22595012
28,3,,quantum,precond_pen=0.700,0.7,True,1,0.002699,37.92924364,37.92924364
28,3,,quantum,precond_pen=0.700,0.7,True,2,0.002793,35.52691409,35.52691409
28,3,,quantum,precond_pen=0.800,0.8,True,0,0.00012,38.22595012,38.22595012
28,3,,quantum,precond_pen=0.800,0.8,True,1,0.002822,36.52213531,36.52213531
28,3,,quantum,precond_pen=0.800,0.8,True,2,0.003027,35.52691409,35.52691409
28,3,,quantum,precond_pen=1.000,1.0,True,0,0.000106,38.22595012,38.22595012
28,3,,quantum,precond_pen=1.000,1.0,True,1,0.002978,36.56640578,36.56640578
28,3,,quantum,precond_pen=1.000,1.0,True,2,0.003163,35.52691409,35.52691409
29,3,,quantum,baseline,,True,0,0.000115,35.42782907,35.42782907
29,3,,quantum,baseline,,True,1,0.002692,34.90661777,34.90661777
29,3,,quantum,baseline,,True,2,0.002872,34.5392808,34.5392808
29,3,,quantum,baseline,,True,3,0.003028,26.92028132,26.92028132
29,3,,quantum,precond_pen=0.200,0.2,True,0,0.000106,35.42782907,35.42782907
29,3,,quantum,precond_pen=0.200,0.2,True,1,0.002582,27.59733431,27.59733431
29,3,,quantum,precond_pen=0.200,0.2,True,2,0.002727,26.92028132,26.92028132
29,3,,quantum,precond_pen=0.300,0.3,True,0,0.000107,35.42782907,35.42782907
29,3,,quantum,precond_pen=0.300,0.3,True,1,0.00278,29.54027843,29.54027843
29,3,,quantum,precond_pen=0.300,0.3,True,2,0.00299,26.92028132,26.92028132
29,3,,quantum,precond_pen=0.400,0.4,True,0,0.000106,35.42782907,35.42782907
29,3,,quantum,precond_pen=0.400,0.4,True,1,0.002675,26.92028132,26.92028132
29,3,,quantum,precond_pen=0.500,0.5,True,0,0.000105,35.42782907,35.42782907
29,3,,quantum,precond_pen=0.500,0.5,True,1,0.002709,27.59733431,27.59733431
29,3,,quantum,precond_pen=0.500,0.5,True,2,0.002882,26.92028132,26.92028132
29,3,,quantum,precond_pen=0.600,0.6,True,0,0.000124,35.42782907,35.42782907
29,3,,quantum,precond_pen=0.600,0.6,True,1,0.002741,30.11651398,30.11651398
29,3,,quantum,precond_pen=0.600,0.6,True,2,0.002948,26.92028132,26.92028132
29,3,,quantum,precond_pen=0.700,0.7,True,0,0.000106,35.42782907,35.42782907
29,3,,quantum,precond_pen=0.700,0.7,True,1,0.002805,33.79537623,33.79537623
29,3,,quantum,precond_pen=0.700,0.7,True,2,0.003087,31.36632266,31.36632266
29,3,,quantum,precond_pen=0.700,0.7,True,3,0.003295,31.17848958,31.17848958
29,3,,quantum,precond_pen=0.700,0.7,True,4,0.003409,26.92028132,26.92028132
29,3,,quantum,precond_pen=0.800,0.8,True,0,0.000107,35.42782907,35.42782907
29,3,,quantum,precond_pen=0.800,0.8,True,1,0.002768,31.24093399,31.24093399
29,3,,quantum,precond_pen=0.800,0.8,True,2,0.002969,26.92028132,26.92028132
29,3,,quantum,precond_pen=1.000,1.0,True,0,0.000107,35.42782907,35.42782907
29,3,,quantum,precond_pen=1.000,1.0,True,1,0.002814,32.92123048,32.92123048
29,3,,quantum,precond_pen=1.000,1.0,True,2,0.002923,26.92028132,26.92028132
30,3,,quantum,baseline,,True,0,0.000107,36.61229461,36.61229461
30,3,,quantum,baseline,,True,1,0.002755,34.38175538,34.38175538
30,3,,quantum,baseline,,True,2,0.003064,32.99271083,32.99271083
30,3,,quantum,baseline,,True,3,0.003229,29.55261378,29.55261378
30,3,,quantum,precond_pen=0.200,0.2,True,0,0.000107,36.61229461,36.61229461
30,3,,quantum,precond_pen=0.200,0.2,True,1,0.002566,34.38175538,34.38175538
30,3,,quantum,precond_pen=0.200,0.2,True,2,0.002726,29.55261378,29.55261378
30,3,,quantum,precond_pen=0.300,0.3,True,0,0.000111,36.61229461,36.61229461
30,3,,quantum,precond_pen=0.300,0.3,True,1,0.0025,31.6624751,31.6624751
30,3,,quantum,precond_pen=0.300,0.3,True,2,0.002645,29.55261378,29.55261378
30,3,,quantum,precond_pen=0.400,0.4,True,0,0.000108,36.61229461,36.61229461
30,3,,quantum,precond_pen=0.400,0.4,True,1,0.002661,33.47018818,33.47018818
30,3,,quantum,precond_pen=0.400,0.4,True,2,0.00293,34.38175538,33.47018818
30,3,,quantum,precond_pen=0.400,0.4,True,3,0.003095,29.55261378,29.55261378
30,3,,quantum,precond_pen=0.500,0.5,True,0,0.000109,36.61229461,36.61229461
30,3,,quantum,precond_pen=0.500,0.5,True,1,0.00268,31.59315156,31.59315156
30,3,,quantum,precond_pen=0.500,0.5,True,2,0.002974,29.55261378,29.55261378
30,3,,quantum,precond_pen=0.600,0.6,True,0,0.000107,36.61229461,36.61229461
30,3,,quantum,precond_pen=0.600,0.6,True,1,0.002752,31.59315156,31.59315156
30,3,,quantum,precond_pen=0.600,0.6,True,2,0.003049,29.55261378,29.55261378
30,3,,quantum,precond_pen=0.700,0.7,True,0,0.000111,36.61229461,36.61229461
30,3,,quantum,precond_pen=0.700,0.7,True,1,0.002767,34.24183069,34.24183069
30,3,,quantum,precond_pen=0.700,0.7,True,2,0.003034,34.38175538,34.24183069
30,3,,quantum,precond_pen=0.700,0.7,True,3,0.00321,29.55261378,29.55261378
30,3,,quantum,precond_pen=0.800,0.8,True,0,0.000107,36.61229461,36.61229461
30,3,,quantum,precond_pen=0.800,0.8,True,1,0.002839,31.99397482,31.99397482
30,3,,quantum,precond_pen=0.800,0.8,True,2,0.003024,31.59315156,31.59315156
30,3,,quantum,precond_pen=0.800,0.8,True,3,0.003153,29.55261378,29.55261378
30,3,,quantum,precond_pen=1.000,1.0,True,0,0.000107,36.61229461,36.61229461
30,3,,quantum,precond_pen=1.000,1.0,True,1,0.002881,34.42839813,34.42839813
30,3,,quantum,precond_pen=1.000,1.0,True,2,0.003038,34.38175538,34.38175538
30,3,,quantum,precond_pen=1.000,1.0,True,3,0.003309,29.55261378,29.55261378
31,3,,quantum,baseline,,True,0,0.000105,33.02833402,33.02833402
31,3,,quantum,baseline,,True,1,0.002608,31.39728866,31.39728866
31,3,,quantum,baseline,,True,2,0.009369,31.03572185,31.03572185
31,3,,quantum,precond_pen=0.200,0.2,True,0,0.000107,33.02833402,33.02833402
31,3,,quantum,precond_pen=0.200,0.2,True,1,0.002772,36.41040523,33.02833402
31,3,,quantum,precond_pen=0.200,0.2,True,2,0.002923,34.58554742,33.02833402
31,3,,quantum,precond_pen=0.200,0.2,True,3,0.003045,31.75556407,31.75556407
31,3,,quantum,precond_pen=0.300,0.3,True,0,0.000106,33.02833402,33.02833402
31,3,,quantum,precond_pen=0.300,0.3,True,1,0.002692,35.43961869,33.02833402
31,3,,quantum,precond_pen=0.300,0.3,True,2,0.002845,34.58554742,33.02833402
31,3,,quantum,precond_pen=0.300,0.3,True,3,0.002967,31.75556407,31.75556407
31,3,,quantum,precond_pen=0.400,0.4,True,0,0.000107,33.02833402,33.02833402
31,3,,quantum,precond_pen=0.400,0.4,True,1,0.002752,33.06488794,33.02833402
31,3,,quantum,precond_pen=0.400,0.4,True,2,0.00287,31.75556407,31.75556407
31,3,,quantum,precond_pen=0.500,0.5,True,0,0.000106,33.02833402,33.02833402
31,3,,quantum,precond_pen=0.500,0.5,True,1,0.00275,31.75556407,31.75556407
31,3,,quantum,precond_pen=0.600,0.6,True,0,0.000107,33.02833402,33.02833402
31,3,,quantum,precond_pen=0.600,0.6,True,1,0.002823,33.08608096,33.02833402
31,3,,quantum,precond_pen=0.600,0.6,True,2,0.00303,31.75556407,31.75556407
31,3,,quantum,precond_pen=0.700,0.7,True,0,0.000107,33.02833402,33.02833402
31,3,,quantum,precond_pen=0.700,0.7,True,1,0.002774,31.75556407,31.75556407
31,3,,quantum,precond_pen=0.800,0.8,True,0,0.000106,33.02833402,33.02833402
31,3,,quantum,precond_pen=0.800,0.8,True,1,0.002835,31.75556407,31.75556407
31,3,,quantum,precond_pen=0.800,0.8,True,2,0.003014,31.03572185,31.03572185
31,3,,quantum,precond_pen=1.000,1.0,True,0,0.000105,33.02833402,33.02833402
31,3,,quantum,precond_pen=1.000,1.0,True,1,0.003116,31.75556407,31.75556407
31,3,,quantum,precond_pen=1.000,1.0,True,2,0.00325,31.03572185,31.03572185
32,3,,quantum,baseline,,True,0,0.000112,38.83721329,38.83721329
32,3,,quantum,baseline,,True,1,0.002561,38.70525561,38.70525561
32,3,,quantum,baseline,,True,2,0.002941,37.29755164,37.29755164
32,3,,quantum,baseline,,True,3,0.003126,32.12155497,32.12155497
32,3,,quantum,baseline,,True,4,0.008635,31.98788466,31.98788466
32,3,,quantum,precond_pen=0.200,0.2,True,0,0.000107,38.83721329,38.83721329
32,3,,quantum,precond_pen=0.200,0.2,True,1,0.002642,34.90337641,34.90337641
32,3,,quantum,precond_pen=0.200,0.2,True,2,0.002779,36.09061217,34.90337641
32,3,,quantum,precond_pen=0.200,0.2,True,3,0.002926,32.12155497,32.12155497
32,3,,quantum,precond_pen=0.300,0.3,True,0,0.000106,38.83721329,38.83721329
32,3,,quantum,precond_pen=0.300,0.3,True,1,0.002766,36.09061217,36.09061217
32,3,,quantum,precond_pen=0.300,0.3,True,2,0.002975,32.12840944,32.12840944
32,3,,quantum,precond_pen=0.400,0.4,True,0,0.000106,38.83721329,38.83721329
32,3,,quantum,precond_pen=0.400,0.4,True,1,0.002711,34.6638672,34.6638672
32,3,,quantum,precond_pen=0.400,0.4,True,2,0.002898,32.12840944,32.12840944
32,3,,quantum,precond_pen=0.500,0.5,True,0,0.000107,38.83721329,38.83721329
32,3,,quantum,precond_pen=0.500,0.5,True,1,0.002791,38.92424451,38.83721329
32,3,,quantum,precond_pen=0.500,0.5,True,2,0.002975,36.09061217,36.09061217
32,3,,quantum,precond_pen=0.500,0.5,True,3,0.00311,32.8147003,32.8147003
32,3,,quantum,precond_pen=0.500,0.5,True,4,0.005621,31.98788466,31.98788466
32,3,,quantum,precond_pen=0.500,0.5,True,5,0.005687,32.12840944,31.98788466
32,3,,quantum,precond_pen=0.600,0.6,True,0,0.000106,38.83721329,38.83721329
32,3,,quantum,precond_pen=0.600,0.6,True,1,0.002784,35.992127,35.992127
32,3,,quantum,precond_pen=0.600,0.6,True,2,0.002976,36.09061217,35.992127
32,3,,quantum,precond_pen=0.600,0.6,True,3,0.003114,32.8147003,32.8147003
32,3,,quantum,precond_pen=0.600,0.6,True,4,0.006955,32.12840944,32.12840944
32,3,,quantum,precond_pen=0.700,0.7,True,0,0.000111,38.83721329,38.83721329
32,3,,quantum,precond_pen=0.700,0.7,True,1,0.002802,36.09061217,36.09061217
32,3,,quantum,precond_pen=0.700,0.7,True,2,0.002905,32.8147003,32.8147003
32,3,,quantum,precond_pen=0.700,0.7,True,3,0.007214,32.12840944,32.12840944
32,3,,quantum,precond_pen=0.800,0.8,True,0,0.000107,38.83721329,38.83721329
32,3,,quantum,precond_pen=0.800,0.8,True,1,0.002789,32.12155497,32.12155497
32,3,,quantum,precond_pen=0.800,0.8,True,2,0.007461,32.12840944,32.12155497
32,3,,quantum,precond_pen=1.000,1.0,True,0,0.000113,38.83721329,38.83721329
32,3,,quantum,precond_pen=1.000,1.0,True,1,0.002797,38.58276798,38.58276798
32,3,,quantum,precond_pen=1.000,1.0,True,2,0.002953,38.70525561,38.58276798
32,3,,quantum,precond_pen=1.000,1.0,True,3,0.003079,32.12840944,32.12840944
33,3,,quantum,baseline,,True,0,0.000109,35.88538343,35.88538343
33,3,,quantum,baseline,,True,1,0.002639,35.21223617,35.21223617
33,3,,quantum,baseline,,True,2,0.002741,30.32313427,30.32313427
33,3,,quantum,precond_pen=0.200,0.2,True,0,0.000107,35.88538343,35.88538343
33,3,,quantum,precond_pen=0.200,0.2,True,1,0.002608,35.33434488,35.33434488
33,3,,quantum,precond_pen=0.200,0.2,True,2,0.002812,30.32313427,30.32313427
33,3,,quantum,precond_pen=0.300,0.3,True,0,0.000105,35.88538343,35.88538343
33,3,,quantum,precond_pen=0.300,0.3,True,1,0.002776,30.53938263,30.53938263
33,3,,quantum,precond_pen=0.300,0.3,True,2,0.002951,30.32313427,30.32313427
33,3,,quantum,precond_pen=0.400,0.4,True,0,0.000106,35.88538343,35.88538343
33,3,,quantum,precond_pen=0.400,0.4,True,1,0.002821,34.97225536,34.97225536
33,3,,quantum,precond_pen=0.400,0.4,True,2,0.002929,30.32313427,30.32313427
33,3,,quantum,precond_pen=0.500,0.5,True,0,0.000106,35.88538343,35.88538343
33,3,,quantum,precond_pen=0.500,0.5,True,1,0.002848,34.97225536,34.97225536
33,3,,quantum,precond_pen=0.500,0.5,True,2,0.002993,30.32313427,30.32313427
33,3,,quantum,precond_pen=0.600,0.6,True,0,0.000105,35.88538343,35.88538343
33,3,,quantum,precond_pen=0.600,0.6,True,1,0.002836,31.8021498,31.8021498
33,3,,quantum,precond_pen=0.600,0.6,True,2,0.003028,30.32313427,30.32313427
33,3,,quantum,precond_pen=0.700,0.7,True,0,0.000106,35.88538343,35.88538343
33,3,,quantum,precond_pen=0.700,0.7,True,1,0.002912,32.53065149,32.53065149
33,3,,quantum,precond_pen=0.700,0.7,True,2,0.003045,32.60454865,32.53065149
33,3,,quantum,precond_pen=0.700,0.7,True,3,0.003143,30.32313427,30.32313427
33,3,,quantum,precond_pen=0.800,0.8,True,0,0.000107,35.88538343,35.88538343
33,3,,quantum,precond_pen=0.800,0.8,True,1,0.002716,33.97673187,33.97673187
33,3,,quantum,precond_pen=0.800,0.8,True,2,0.002875,32.49943687,32.49943687
33,3,,quantum,precond_pen=0.800,0.8,True,3,0.003133,32.60454865,32.49943687
33,3,,quantum,precond_pen=0.800,0.8,True,4,0.003285,30.32313427,30.32313427
33,3,,quantum,precond_pen=1.000,1.0,True,0,0.000109,35.88538343,35.88538343
33,3,,quantum,precond_pen=1.000,1.0,True,1,0.002878,35.57418143,35.57418143
33,3,,quantum,precond_pen=1.000,1.0,True,2,0.003101,33.96658621,33.96658621
33,3,,quantum,precond_pen=1.000,1.0,True,3,0.003188,31.08508418,31.08508418
33,3,,quantum,precond_pen=1.000,1.0,True,4,0.005671,30.32313427,30.32313427
34,3,,quantum,baseline,,True,0,0.00011,39.1354961,39.1354961
34,3,,quantum,baseline,,True,1,0.002672,36.54530829,36.54530829
34,3,,quantum,baseline,,True,2,0.002818,35.9851026,35.9851026
34,3,,quantum,baseline,,True,3,0.002938,30.38462525,30.38462525
34,3,,quantum,precond_pen=0.200,0.2,True,0,0.000107,39.1354961,39.1354961
34,3,,quantum,precond_pen=0.200,0.2,True,1,0.002841,32.41838164,32.41838164
34,3,,quantum,precond_pen=0.200,0.2,True,2,0.003046,30.60394399,30.60394399
34,3,,quantum,precond_pen=0.300,0.3,True,0,0.000108,39.1354961,39.1354961
34,3,,quantum,precond_pen=0.300,0.3,True,1,0.002796,33.46533936,33.46533936
34,3,,quantum,precond_pen=0.300,0.3,True,2,0.003024,30.60394399,30.60394399
34,3,,quantum,precond_pen=0.400,0.4,True,0,0.000106,39.1354961,39.1354961
34,3,,quantum,precond_pen=0.400,0.4,True,1,0.002728,36.11431627,36.11431627
34,3,,quantum,precond_pen=0.400,0.4,True,2,0.003001,36.54530829,36.11431627
34,3,,quantum,precond_pen=0.400,0.4,True,3,0.003212,35.9851026,35.9851026
34,3,,quantum,precond_pen=0.400,0.4,True,4,0.003313,30.60394399,30.60394399
34,3,,quantum,precond_pen=0.500,0.5,True,0,0.000108,39.1354961,39.1354961
34,3,,quantum,precond_pen=0.500,0.5,True,1,0.002569,30.95111403,30.95111403
34,3,,quantum,precond_pen=0.500,0.5,True,2,0.00276,30.60394399,30.60394399
34,3,,quantum,precond_pen=0.600,0.6,True,0,0.000107,39.1354961,39.1354961
34,3,,quantum,precond_pen=0.600,0.6,True,1,0.002803,30.38462525,30.38462525
34,3,,quantum,precond_pen=0.600,0.6,True,2,0.002994,30.60394399,30.38462525
34,3,,quantum,precond_pen=0.700,0.7,True,0,0.000105,39.1354961,39.1354961
34,3,,quantum,precond_pen=0.700,0.7,True,1,0.002763,32.54558128,32.54558128
34,3,,quantum,precond_pen=0.700,0.7,True,2,0.002982,30.60394399,30.60394399
34,3,,quantum,precond_pen=0.800,0.8,True,0,0.000111,39.1354961,39.1354961
34,3,,quantum,precond_pen=0.800,0.8,True,1,0.002895,31.14618581,31.14618581
34,3,,quantum,precond_pen=0.800,0.8,True,2,0.003089,30.60394399,30.60394399
34,3,,quantum,precond_pen=1.000,1.0,True,0,0.000108,39.1354961,39.1354961
34,3,,quantum,precond_pen=1.000,1.0,True,1,0.002928,32.87499003,32.87499003
34,3,,quantum,precond_pen=1.000,1.0,True,2,0.003144,30.60394399,30.60394399
35,3,,quantum,baseline,,True,0,0.000118,35.33107351,35.33107351
35,3,,quantum,baseline,,True,1,0.003041,32.20724854,32.20724854
35,3,,quantum,baseline,,True,2,0.003141,30.11131545,30.11131545
35,3,,quantum,baseline,,True,3,0.00909,28.68086851,28.68086851
35,3,,quantum,baseline,,True,4,0.010527,27.60067201,27.60067201
35,3,,quantum,precond_pen=0.200,0.2,True,0,0.000116,35.33107351,35.33107351
35,3,,quantum,precond_pen=0.200,0.2,True,1,0.003192,35.22179129,35.22179129
35,3,,quantum,precond_pen=0.200,0.2,True,2,0.003421,31.41891725,31.41891725
35,3,,quantum,precond_pen=0.200,0.2,True,3,0.003523,27.60067201,27.60067201
35,3,,quantum,precond_pen=0.300,0.3,True,0,0.000118,35.33107351,35.33107351
35,3,,quantum,precond_pen=0.300,0.3,True,1,0.003029,30.15855816,30.15855816
35,3,,quantum,precond_pen=0.300,0.3,True,2,0.003225,27.60067201,27.60067201
35,3,,quantum,precond_pen=0.400,0.4,True,0,0.000115,35.33107351,35.33107351
35,3,,quantum,precond_pen=0.400,0.4,True,1,0.002916,31.42466993,31.42466993
35,3,,quantum,precond_pen=0.400,0.4,True,2,0.003223,30.34351049,30.34351049
35,3,,quantum,precond_pen=0.400,0.4,True,3,0.00355,28.55394818,28.55394818
35,3,,quantum,precond_pen=0.400,0.4,True,4,0.003695,27.60067201,27.60067201
35,3,,quantum,precond_pen=0.500,0.5,True,0,0.000108,35.33107351,35.33107351
35,3,,quantum,precond_pen=0.500,0.5,True,1,0.002896,31.7599508,31.7599508
35,3,,quantum,precond_pen=0.500,0.5,True,2,0.003108,28.55394818,28.55394818
35,3,,quantum,precond_pen=0.500,0.5,True,3,0.003198,27.60067201,27.60067201
35,3,,quantum,precond_pen=0.600,0.6,True,0,0.00011,35.33107351,35.33107351
35,3,,quantum,precond_pen=0.600,0.6,True,1,0.002823,30.15855816,30.15855816
35,3,,quantum,precond_pen=0.600,0.6,True,2,0.002992,27.60067201,27.60067201
35,3,,quantum,precond_pen=0.700,0.7,True,0,0.000107,35.33107351,35.33107351
35,3,,quantum,precond_pen=0.700,0.7,True,1,0.002761,32.41627076,32.41627076
35,3,,quantum,precond_pen=0.700,0.7,True,2,0.002949,27.60067201,27.60067201
35,3,,quantum,precond_pen=0.800,0.8,True,0,0.000108,35.33107351,35.33107351
35,3,,quantum,precond_pen=0.800,0.8,True,1,0.003026,29.51183806,29.51183806
35,3,,quantum,precond_pen=0.800,0.8,True,2,0.003223,27.60067201,27.60067201
35,3,,quantum,precond_pen=1.000,1.0,True,0,0.000119,35.33107351,35.33107351
35,3,,quantum,precond_pen=1.000,1.0,True,1,0.002857,30.26764473,30.26764473
35,3,,quantum,precond_pen=1.000,1.0,True,2,0.003046,27.60067201,27.60067201
36,3,,quantum,baseline,,True,0,0.000114,32.41579814,32.41579814
36,3,,quantum,baseline,,True,1,0.002798,30.80248748,30.80248748
36,3,,quantum,baseline,,True,2,0.002995,25.75262703,25.75262703
36,3,,quantum,precond_pen=0.200,0.2,True,0,0.000117,32.41579814,32.41579814
36,3,,quantum,precond_pen=0.200,0.2,True,1,0.002877,30.28710648,30.28710648
36,3,,quantum,precond_pen=0.200,0.2,True,2,0.003082,25.75262703,25.75262703
36,3,,quantum,precond_pen=0.300,0.3,True,0,0.000112,32.41579814,32.41579814
36,3,,quantum,precond_pen=0.300,0.3,True,1,0.002872,25.75262703,25.75262703
36,3,,quantum,precond_pen=0.400,0.4,True,0,0.000111,32.41579814,32.41579814
36,3,,quantum,precond_pen=0.400,0.4,True,1,0.002909,25.75262703,25.75262703
36,3,,quantum,precond_pen=0.500,0.5,True,0,0.000111,32.41579814,32.41579814
36,3,,quantum,precond_pen=0.500,0.5,True,1,0.002942,32.11341034,32.11341034
36,3,,quantum,precond_pen=0.500,0.5,True,2,0.003142,25.75262703,25.75262703
36,3,,quantum,precond_pen=0.600,0.6,True,0,0.000111,32.41579814,32.41579814
36,3,,quantum,precond_pen=0.600,0.6,True,1,0.002919,29.91352452,29.91352452
36,3,,quantum,precond_pen=0.600,0.6,True,2,0.00313,25.75262703,25.75262703
36,3,,quantum,precond_pen=0.700,0.7,True,0,0.000111,32.41579814,32.41579814
36,3,,quantum,precond_pen=0.700,0.7,True,1,0.003006,25.75262703,25.75262703
36,3,,quantum,precond_pen=0.800,0.8,True,0,0.000112,32.41579814,32.41579814
36,3,,quantum,precond_pen=0.800,0.8,True,1,0.003089,30.13525082,30.13525082
36,3,,quantum,precond_pen=0.800,0.8,True,2,0.003324,25.75262703,25.75262703
36,3,,quantum,precond_pen=1.000,1.0,True,0,0.00011,32.41579814,32.41579814
36,3,,quantum,precond_pen=1.000,1.0,True,1,0.002964,31.17353285,31.17353285
36,3,,quantum,precond_pen=1.000,1.0,True,2,0.003162,30.28710648,30.28710648
36,3,,quantum,precond_pen=1.000,1.0,True,3,0.003249,25.75262703,25.75262703
37,3,,quantum,baseline,,True,0,0.000108,31.24847873,31.24847873
37,3,,quantum,baseline,,True,1,0.002571,29.1130631,29.1130631
37,3,,quantum,baseline,,True,2,0.002763,28.74551435,28.74551435
37,3,,quantum,baseline,,True,3,0.00929,28.57487089,28.57487089
37,3,,quantum,baseline,,True,4,0.009373,26.95211849,26.95211849
37,3,,quantum,precond_pen=0.200,0.2,True,0,0.000113,31.24847873,31.24847873
37,3,,quantum,precond_pen=0.200,0.2,True,1,0.002922,30.16736227,30.16736227
37,3,,quantum,precond_pen=0.200,0.2,True,2,0.003059,29.1130631,29.1130631
37,3,,quantum,precond_pen=0.200,0.2,True,3,0.00321,26.95211849,26.95211849
37,3,,quantum,precond_pen=0.300,0.3,True,0,0.000113,31.24847873,31.24847873
37,3,,quantum,precond_pen=0.300,0.3,True,1,0.003002,26.95211849,26.95211849
37,3,,quantum,precond_pen=0.400,0.4,True,0,0.000107,31.24847873,31.24847873
37,3,,quantum,precond_pen=0.400,0.4,True,1,0.002825,26.95211849,26.95211849
37,3,,quantum,precond_pen=0.500,0.5,True,0,0.000112,31.24847873,31.24847873
37,3,,quantum,precond_pen=0.500,0.5,True,1,0.002973,32.55126472,31.24847873
37,3,,quantum,precond_pen=0.500,0.5,True,2,0.003256,29.1130631,29.1130631
37,3,,quantum,precond_pen=0.500,0.5,True,3,0.003573,28.57487089,28.57487089
37,3,,quantum,precond_pen=0.500,0.5,True,4,0.00371,26.95211849,26.95211849
37,3,,quantum,precond_pen=0.600,0.6,True,0,0.000107,31.24847873,31.24847873
37,3,,quantum,precond_pen=0.600,0.6,True,1,0.002989,31.76411592,31.24847873
37,3,,quantum,precond_pen=0.600,0.6,True,2,0.003161,29.1130631,29.1130631
37,3,,quantum,precond_pen=0.600,0.6,True,3,0.003348,29.13759705,29.1130631
37,3,,quantum,precond_pen=0.600,0.6,True,4,0.003443,26.95211849,26.95211849
37,3,,quantum,precond_pen=0.700,0.7,True,0,0.000108,31.24847873,31.24847873
37,3,,quantum,precond_pen=0.700,0.7,True,1,0.003039,29.82755405,29.82755405
37,3,,quantum,precond_pen=0.700,0.7,True,2,0.003175,26.95211849,26.95211849
37,3,,quantum,precond_pen=0.800,0.8,True,0,0.00012,31.24847873,31.24847873
37,3,,quantum,precond_pen=0.800,0.8,True,1,0.002997,27.99915795,27.99915795
37,3,,quantum,precond_pen=0.800,0.8,True,2,0.003306,26.95211849,26.95211849
37,3,,quantum,precond_pen=1.000,1.0,True,0,0.000122,31.24847873,31.24847873
37,3,,quantum,precond_pen=1.000,1.0,True,1,0.002821,28.57487089,28.57487089
37,3,,quantum,precond_pen=1.000,1.0,True,2,0.003021,26.95211849,26.95211849
38,3,,quantum,baseline,,True,0,0.000111,31.60966781,31.60966781
38,3,,quantum,baseline,,True,1,0.002695,26.08238292,26.08238292
38,3,,quantum,precond_pen=0.200,0.2,True,0,0.000106,31.60966781,31.60966781
38,3,,quantum,precond_pen=0.200,0.2,True,1,0.002603,28.33947579,28.33947579
38,3,,quantum,precond_pen=0.200,0.2,True,2,0.002781,26.08238292,26.08238292
38,3,,quantum,precond_pen=0.300,0.3,True,0,0.00011,31.60966781,31.60966781
38,3,,quantum,precond_pen=0.300,0.3,True,1,0.00274,26.08238292,26.08238292
38,3,,quantum,precond_pen=0.400,0.4,True,0,0.000119,31.60966781,31.60966781
38,3,,quantum,precond_pen=0.400,0.4,True,1,0.002724,26.08238292,26.08238292
38,3,,quantum,precond_pen=0.500,0.5,True,0,0.00011,31.60966781,31.60966781
38,3,,quantum,precond_pen=0.500,0.5,True,1,0.002749,28.93127847,28.93127847
38,3,,quantum,precond_pen=0.500,0.5,True,2,0.002948,26.08238292,26.08238292
38,3,,quantum,precond_pen=0.600,0.6,True,0,0.000106,31.60966781,31.60966781
38,3,,quantum,precond_pen=0.600,0.6,True,1,0.002857,30.16058254,30.16058254
38,3,,quantum,precond_pen=0.600,0.6,True,2,0.003007,26.08238292,26.08238292
38,3,,quantum,precond_pen=0.700,0.7,True,0,0.000106,31.60966781,31.60966781
38,3,,quantum,precond_pen=0.700,0.7,True,1,0.002866,30.81922684,30.81922684
38,3,,quantum,precond_pen=0.700,0.7,True,2,0.003088,26.08238292,26.08238292
38,3,,quantum,precond_pen=0.800,0.8,True,0,0.000121,31.60966781,31.60966781
38,3,,quantum,precond_pen=0.800,0.8,True,1,0.002823,29.90876933,29.90876933
38,3,,quantum,precond_pen=0.800,0.8,True,2,0.003015,28.80144738,28.80144738
38,3,,quantum,precond_pen=0.800,0.8,True,3,0.003113,26.08238292,26.08238292
38,3,,quantum,precond_pen=1.000,1.0,True,0,0.000107,31.60966781,31.60966781
38,3,,quantum,precond_pen=1.000,1.0,True,1,0.00282,31.46432582,31.46432582
38,3,,quantum,precond_pen=1.000,1.0,True,2,0.002917,26.08238292,26.08238292
39,3,,quantum,baseline,,True,0,0.000111,40.32858422,40.32858422
39,3,,quantum,baseline,,True,1,0.002689,37.53070855,37.53070855
39,3,,quantum,baseline,,True,2,0.002779,31.18270743,31.18270743
39,3,,quantum,baseline,,True,3,0.008954,29.25662666,29.25662666
39,3,,quantum,precond_pen=0.200,0.2,True,0,0.000107,40.32858422,40.32858422
39,3,,quantum,precond_pen=0.200,0.2,True,1,0.002825,35.83045267,35.83045267
39,3,,quantum,precond_pen=0.200,0.2,True,2,0.003053,29.25662666,29.25662666
39,3,,quantum,precond_pen=0.300,0.3,True,0,0.000107,40.32858422,40.32858422
39,3,,quantum,precond_pen=0.300,0.3,True,1,0.002599,32.6390903,32.6390903
39,3,,quantum,precond_pen=0.300,0.3,True,2,0.002794,34.19510679,32.6390903
39,3,,quantum,precond_pen=0.300,0.3,True,3,0.002932,29.25662666,29.25662666
39,3,,quantum,precond_pen=0.400,0.4,True,0,0.000106,40.32858422,40.32858422
39,3,,quantum,precond_pen=0.400,0.4,True,1,0.002757,35.83045267,35.83045267
39,3,,quantum,precond_pen=0.400,0.4,True,2,0.002964,34.21492968,34.21492968
39,3,,quantum,precond_pen=0.400,0.4,True,3,0.003104,29.25662666,29.25662666
39,3,,quantum,precond_pen=0.500,0.5,True,0,0.00011,40.32858422,40.32858422
39,3,,quantum,precond_pen=0.500,0.5,True,1,0.002615,29.25662666,29.25662666
39,3,,quantum,precond_pen=0.600,0.6,True,0,0.000108,40.32858422,40.32858422
39,3,,quantum,precond_pen=0.600,0.6,True,1,0.002755,35.45581284,35.45581284
39,3,,quantum,precond_pen=0.600,0.6,True,2,0.002928,35.83045267,35.45581284
39,3,,quantum,precond_pen=0.600,0.6,True,3,0.003099,34.21492968,34.21492968
39,3,,quantum,precond_pen=0.600,0.6,True,4,0.003203,29.25662666,29.25662666
39,3,,quantum,precond_pen=0.700,0.7,True,0,0.000113,40.32858422,40.32858422
39,3,,quantum,precond_pen=0.700,0.7,True,1,0.002634,29.25662666,29.25662666
39,3,,quantum,precond_pen=0.800,0.8,True,0,0.000106,40.32858422,40.32858422
39,3,,quantum,precond_pen=0.800,0.8,True,1,0.002739,34.09997619,34.09997619
39,3,,quantum,precond_pen=0.800,0.8,True,2,0.00296,29.25662666,29.25662666
39,3,,quantum,precond_pen=1.000,1.0,True,0,0.000124,40.32858422,40.32858422
39,3,,quantum,precond_pen=1.000,1.0,True,1,0.00283,35.28901858,35.28901858
39,3,,quantum,precond_pen=1.000,1.0,True,2,0.003028,34.21492968,34.21492968
39,3,,quantum,precond_pen=1.000,1.0,True,3,0.00321,29.25662666,29.25662666
40,3,,quantum,baseline,,True,0,0.000107,27.03905801,27.03905801
40,3,,quantum,baseline,,True,1,0.002581,26.32395981,26.32395981
40,3,,quantum,baseline,,True,2,0.002773,26.03496463,26.03496463
40,3,,quantum,precond_pen=0.200,0.2,True,0,0.00012,27.03905801,27.03905801
40,3,,quantum,precond_pen=0.300,0.3,True,0,0.000105,27.03905801,27.03905801
40,3,,quantum,precond_pen=0.300,0.3,True,1,0.002723,26.32395981,26.32395981
40,3,,quantum,precond_pen=0.300,0.3,True,2,0.005545,26.34905096,26.32395981
40,3,,quantum,precond_pen=0.400,0.4,True,0,0.000106,27.03905801,27.03905801
40,3,,quantum,precond_pen=0.400,0.4,True,1,0.002871,26.32395981,26.32395981
40,3,,quantum,precond_pen=0.500,0.5,True,0,0.00011,27.03905801,27.03905801
40,3,,quantum,precond_pen=0.500,0.5,True,1,0.00271,26.32395981,26.32395981
40,3,,quantum,precond_pen=0.600,0.6,True,0,0.000106,27.03905801,27.03905801
40,3,,quantum,precond_pen=0.600,0.6,True,1,0.002783,26.32395981,26.32395981
40,3,,quantum,precond_pen=0.700,0.7,True,0,0.000119,27.03905801,27.03905801
40,3,,quantum,precond_pen=0.700,0.7,True,1,0.002908,26.32395981,26.32395981
40,3,,quantum,precond_pen=0.800,0.8,True,0,0.000119,27.03905801,27.03905801
40,3,,quantum,precond_pen=0.800,0.8,True,1,0.002783,26.32395981,26.32395981
40,3,,quantum,precond_pen=1.000,1.0,True,0,0.000106,27.03905801,27.03905801
40,3,,quantum,precond_pen=1.000,1.0,True,1,0.002754,26.32395981,26.32395981
41,3,,quantum,baseline,,True,0,0.000109,39.66825182,39.66825182
41,3,,quantum,baseline,,True,1,0.0027,38.45828306,38.45828306
41,3,,quantum,baseline,,True,2,0.002824,32.99186281,32.99186281
41,3,,quantum,precond_pen=0.200,0.2,True,0,0.000107,39.66825182,39.66825182
41,3,,quantum,precond_pen=0.200,0.2,True,1,0.002743,38.71171137,38.71171137
41,3,,quantum,precond_pen=0.200,0.2,True,2,0.002847,32.99186281,32.99186281
41,3,,quantum,precond_pen=0.300,0.3,True,0,0.000113,39.66825182,39.66825182
41,3,,quantum,precond_pen=0.300,0.3,True,1,0.002683,37.66547288,37.66547288
41,3,,quantum,precond_pen=0.300,0.3,True,2,0.002892,32.99186281,32.99186281
41,3,,quantum,precond_pen=0.400,0.4,True,0,0.000105,39.66825182,39.66825182
41,3,,quantum,precond_pen=0.400,0.4,True,1,0.002732,35.78278776,35.78278776
41,3,,quantum,precond_pen=0.400,0.4,True,2,0.002933,36.16311433,35.78278776
41,3,,quantum,precond_pen=0.400,0.4,True,3,0.003019,32.99186281,32.99186281
41,3,,quantum,precond_pen=0.500,0.5,True,0,0.000106,39.66825182,39.66825182
41,3,,quantum,precond_pen=0.500,0.5,True,1,0.002762,35.72675909,35.72675909
41,3,,quantum,precond_pen=0.500,0.5,True,2,0.003013,35.25576174,35.25576174
41,3,,quantum,precond_pen=0.500,0.5,True,3,0.003107,32.99186281,32.99186281
41,3,,quantum,precond_pen=0.600,0.6,True,0,0.000111,39.66825182,39.66825182
41,3,,quantum,precond_pen=0.600,0.6,True,1,0.002819,36.75796837,36.75796837
41,3,,quantum,precond_pen=0.600,0.6,True,2,0.003032,36.13814648,36.13814648
41,3,,quantum,precond_pen=0.600,0.6,True,3,0.003122,32.99186281,32.99186281
41,3,,quantum,precond_pen=0.700,0.7,True,0,0.000106,39.66825182,39.66825182
41,3,,quantum,precond_pen=0.700,0.7,True,1,0.002803,35.06462661,35.06462661
41,3,,quantum,precond_pen=0.700,0.7,True,2,0.003019,32.99186281,32.99186281
41,3,,quantum,precond_pen=0.800,0.8,True,0,0.000105,39.66825182,39.66825182
41,3,,quantum,precond_pen=0.800,0.8,True,1,0.002616,38.4287916,38.4287916
41,3,,quantum,precond_pen=0.800,0.8,True,2,0.002813,36.75796837,36.75796837
41,3,,quantum,precond_pen=0.800,0.8,True,3,0.002942,32.99186281,32.99186281
41,3,,quantum,precond_pen=1.000,1.0,True,0,0.000107,39.66825182,39.66825182
41,3,,quantum,precond_pen=1.000,1.0,True,1,0.002647,35.25576174,35.25576174
41,3,,quantum,precond_pen=1.000,1.0,True,2,0.002844,32.99186281,32.99186281
42,3,,quantum,baseline,,True,0,0.000107,34.2084696,34.2084696
42,3,,quantum,baseline,,True,1,0.002627,32.48079054,32.48079054
42,3,,quantum,precond_pen=0.200,0.2,True,0,0.000106,34.2084696,34.2084696
42,3,,quantum,precond_pen=0.200,0.2,True,1,0.002615,32.48079054,32.48079054
42,3,,quantum,precond_pen=0.300,0.3,True,0,0.000106,34.2084696,34.2084696
42,3,,quantum,precond_pen=0.300,0.3,True,1,0.002888,32.48079054,32.48079054
42,3,,quantum,precond_pen=0.400,0.4,True,0,0.000107,34.2084696,34.2084696
42,3,,quantum,precond_pen=0.400,0.4,True,1,0.002812,32.48079054,32.48079054
42,3,,quantum,precond_pen=0.500,0.5,True,0,0.000111,34.2084696,34.2084696
42,3,,quantum,precond_pen=0.500,0.5,True,1,0.002979,33.17097878,33.17097878
42,3,,quantum,precond_pen=0.500,0.5,True,2,0.003133,32.48079054,32.48079054
42,3,,quantum,precond_pen=0.600,0.6,True,0,0.000107,34.2084696,34.2084696
42,3,,quantum,precond_pen=0.600,0.6,True,1,0.002929,33.17097878,33.17097878
42,3,,quantum,precond_pen=0.600,0.6,True,2,0.003073,32.48079054,32.48079054
42,3,,quantum,precond_pen=0.700,0.7,True,0,0.000118,34.2084696,34.2084696
42,3,,quantum,precond_pen=0.700,0.7,True,1,0.002848,33.17097878,33.17097878
42,3,,quantum,precond_pen=0.700,0.7,True,2,0.002949,32.48079054,32.48079054
42,3,,quantum,precond_pen=0.800,0.8,True,0,0.00012,34.2084696,34.2084696
42,3,,quantum,precond_pen=0.800,0.8,True,1,0.002845,33.17097878,33.17097878
42,3,,quantum,precond_pen=0.800,0.8,True,2,0.003033,32.48079054,32.48079054
42,3,,quantum,precond_pen=1.000,1.0,True,0,0.000107,34.2084696,34.2084696
42,3,,quantum,precond_pen=1.000,1.0,True,1,0.002834,33.17097878,33.17097878
42,3,,quantum,precond_pen=1.000,1.0,True,2,0.002943,32.48079054,32.48079054
43,3,,quantum,baseline,,True,0,0.000111,29.84939858,29.84939858
43,3,,quantum,baseline,,True,1,0.002692,27.24116421,27.24116421
43,3,,quantum,baseline,,True,2,0.008822,24.13375264,24.13375264
43,3,,quantum,precond_pen=0.200,0.2,True,0,0.000128,29.84939858,29.84939858
43,3,,quantum,precond_pen=0.200,0.2,True,1,0.002807,31.23090105,29.84939858
43,3,,quantum,precond_pen=0.200,0.2,True,2,0.002993,29.73875589,29.73875589
43,3,,quantum,precond_pen=0.200,0.2,True,3,0.003132,24.13375264,24.13375264
43,3,,quantum,precond_pen=0.300,0.3,True,0,0.000108,29.84939858,29.84939858
43,3,,quantum,precond_pen=0.300,0.3,True,1,0.002689,24.13375264,24.13375264
43,3,,quantum,precond_pen=0.400,0.4,True,0,0.000109,29.84939858,29.84939858
43,3,,quantum,precond_pen=0.400,0.4,True,1,0.00274,24.13375264,24.13375264
43,3,,quantum,precond_pen=0.500,0.5,True,0,0.000108,29.84939858,29.84939858
43,3,,quantum,precond_pen=0.500,0.5,True,1,0.002621,31.4266282,29.84939858
43,3,,quantum,precond_pen=0.500,0.5,True,2,0.002819,31.23090105,29.84939858
43,3,,quantum,precond_pen=0.500,0.5,True,3,0.002924,24.13375264,24.13375264
43,3,,quantum,precond_pen=0.600,0.6,True,0,0.000108,29.84939858,29.84939858
43,3,,quantum,precond_pen=0.600,0.6,True,1,0.002779,24.13375264,24.13375264
43,3,,quantum,precond_pen=0.700,0.7,True,0,0.000123,29.84939858,29.84939858
43,3,,quantum,precond_pen=0.700,0.7,True,1,0.002763,31.23090105,29.84939858
43,3,,quantum,precond_pen=0.700,0.7,True,2,0.002872,24.13375264,24.13375264
43,3,,quantum,precond_pen=0.800,0.8,True,0,0.000106,29.84939858,29.84939858
43,3,,quantum,precond_pen=0.800,0.8,True,1,0.002773,29.47093949,29.47093949
43,3,,quantum,precond_pen=0.800,0.8,True,2,0.00296,28.24770049,28.24770049
43,3,,quantum,precond_pen=0.800,0.8,True,3,0.003047,24.13375264,24.13375264
43,3,,quantum,precond_pen=1.000,1.0,True,0,0.000108,29.84939858,29.84939858
43,3,,quantum,precond_pen=1.000,1.0,True,1,0.002938,28.24770049,28.24770049
43,3,,quantum,precond_pen=1.000,1.0,True,2,0.003066,24.13375264,24.13375264
44,3,,quantum,baseline,,True,0,0.000107,40.43310821,40.43310821
44,3,,quantum,baseline,,True,1,0.002499,36.98669146,36.98669146
44,3,,quantum,baseline,,True,2,0.002636,34.56609778,34.56609778
44,3,,quantum,baseline,,True,3,0.002753,31.24766214,31.24766214
44,3,,quantum,precond_pen=0.200,0.2,True,0,0.000122,40.43310821,40.43310821
44,3,,quantum,precond_pen=0.200,0.2,True,1,0.002773,36.98669146,36.98669146
44,3,,quantum,precond_pen=0.200,0.2,True,2,0.003058,37.28570817,36.98669146
44,3,,quantum,precond_pen=0.200,0.2,True,3,0.003231,31.38037153,31.38037153
44,3,,quantum,precond_pen=0.300,0.3,True,0,0.000105,40.43310821,40.43310821
44,3,,quantum,precond_pen=0.300,0.3,True,1,0.00261,35.48222158,35.48222158
44,3,,quantum,precond_pen=0.300,0.3,True,2,0.002823,31.24766214,31.24766214
44,3,,quantum,precond_pen=0.300,0.3,True,3,0.005623,31.38037153,31.24766214
44,3,,quantum,precond_pen=0.400,0.4,True,0,0.000105,40.43310821,40.43310821
44,3,,quantum,precond_pen=0.400,0.4,True,1,0.002613,35.35847317,35.35847317
44,3,,quantum,precond_pen=0.400,0.4,True,2,0.002821,31.38037153,31.38037153
44,3,,quantum,precond_pen=0.500,0.5,True,0,0.000117,40.43310821,40.43310821
44,3,,quantum,precond_pen=0.500,0.5,True,1,0.002618,35.48222158,35.48222158
44,3,,quantum,precond_pen=0.500,0.5,True,2,0.002828,31.38037153,31.38037153
44,3,,quantum,precond_pen=0.600,0.6,True,0,0.000106,40.43310821,40.43310821
44,3,,quantum,precond_pen=0.600,0.6,True,1,0.002757,34.56609778,34.56609778
44,3,,quantum,precond_pen=0.600,0.6,True,2,0.003068,34.57141314,34.56609778
44,3,,quantum,precond_pen=0.600,0.6,True,3,0.003241,31.24766214,31.24766214
44,3,,quantum,precond_pen=0.600,0.6,True,4,0.003413,31.38037153,31.24766214
44,3,,quantum,precond_pen=0.700,0.7,True,0,0.000111,40.43310821,40.43310821
44,3,,quantum,precond_pen=0.700,0.7,True,1,0.002779,31.38037153,31.38037153
44,3,,quantum,precond_pen=0.700,0.7,True,2,0.005367,31.24766214,31.24766214
44,3,,quantum,precond_pen=0.800,0.8,True,0,0.00011,40.43310821,40.43310821
44,3,,quantum,precond_pen=0.800,0.8,True,1,0.002817,35.73448966,35.73448966
44,3,,quantum,precond_pen=0.800,0.8,True,2,0.003001,34.56609778,34.56609778
44,3,,quantum,precond_pen=0.800,0.8,True,3,0.003142,31.24766214,31.24766214
44,3,,quantum,precond_pen=0.800,0.8,True,4,0.005617,31.38037153,31.24766214
44,3,,quantum,precond_pen=1.000,1.0,True,0,0.000109,40.43310821,40.43310821
44,3,,quantum,precond_pen=1.000,1.0,True,1,0.002817,32.4345632,32.4345632
44,3,,quantum,precond_pen=1.000,1.0,True,2,0.003018,31.24766214,31.24766214
45,3,,quantum,baseline,,True,0,0.000122,36.1395043,36.1395043
45,3,,quantum,baseline,,True,1,0.002571,35.29372618,35.29372618
45,3,,quantum,baseline,,True,2,0.002837,32.39371542,32.39371542
45,3,,quantum,baseline,,True,3,0.003019,31.8352366,31.8352366
45,3,,quantum,precond_pen=0.200,0.2,True,0,0.000108,36.1395043,36.1395043
45,3,,quantum,precond_pen=0.200,0.2,True,1,0.002608,38.44642284,36.1395043
45,3,,quantum,precond_pen=0.200,0.2,True,2,0.002726,32.39371542,32.39371542
45,3,,quantum,precond_pen=0.200,0.2,True,3,0.002888,37.75469524,32.39371542
45,3,,quantum,precond_pen=0.200,0.2,True,4,0.002985,31.93036733,31.93036733
45,3,,quantum,precond_pen=0.300,0.3,True,0,0.000109,36.1395043,36.1395043
45,3,,quantum,precond_pen=0.300,0.3,True,1,0.002835,33.44340567,33.44340567
45,3,,quantum,precond_pen=0.300,0.3,True,2,0.00303,31.93036733,31.93036733
45,3,,quantum,precond_pen=0.400,0.4,True,0,0.00012,36.1395043,36.1395043
45,3,,quantum,precond_pen=0.400,0.4,True,1,0.002791,34.44274723,34.44274723
45,3,,quantum,precond_pen=0.400,0.4,True,2,0.003061,32.39371542,32.39371542
45,3,,quantum,precond_pen=0.400,0.4,True,3,0.003241,31.93036733,31.93036733
45,3,,quantum,precond_pen=0.500,0.5,True,0,0.000112,36.1395043,36.1395043
45,3,,quantum,precond_pen=0.500,0.5,True,1,0.002776,34.62819599,34.62819599
45,3,,quantum,precond_pen=0.500,0.5,True,2,0.003045,32.39371542,32.39371542
45,3,,quantum,precond_pen=0.500,0.5,True,3,0.003226,31.93036733,31.93036733
45,3,,quantum,precond_pen=0.600,0.6,True,0,0.000108,36.1395043,36.1395043
45,3,,quantum,precond_pen=0.600,0.6,True,1,0.002729,32.39371542,32.39371542
45,3,,quantum,precond_pen=0.600,0.6,True,2,0.002943,31.93036733,31.93036733
45,3,,quantum,precond_pen=0.700,0.7,True,0,0.000127,36.1395043,36.1395043
45,3,,quantum,precond_pen=0.700,0.7,True,1,0.002804,34.05075346,34.05075346
45,3,,quantum,precond_pen=0.700,0.7,True,2,0.003022,33.61721557,33.61721557
45,3,,quantum,precond_pen=0.700,0.7,True,3,0.003154,31.93036733,31.93036733
45,3,,quantum,precond_pen=0.800,0.8,True,0,0.000107,36.1395043,36.1395043
45,3,,quantum,precond_pen=0.800,0.8,True,1,0.002837,33.21122742,33.21122742
45,3,,quantum,precond_pen=0.800,0.8,True,2,0.002993,32.39371542,32.39371542
45,3,,quantum,precond_pen=0.800,0.8,True,3,0.003132,31.93036733,31.93036733
45,3,,quantum,precond_pen=1.000,1.0,True,0,0.000106,36.1395043,36.1395043
45,3,,quantum,precond_pen=1.000,1.0,True,1,0.002962,33.40554393,33.40554393
45,3,,quantum,precond_pen=1.000,1.0,True,2,0.003124,31.93036733,31.93036733
46,3,,quantum,baseline,,True,0,0.000106,34.44616682,34.44616682
46,3,,quantum,baseline,,True,1,0.002468,33.54025034,33.54025034
46,3,,quantum,baseline,,True,2,0.002591,33.31165535,33.31165535
46,3,,quantum,baseline,,True,3,0.002702,28.38882987,28.38882987
46,3,,quantum,precond_pen=0.200,0.2,True,0,0.000107,34.44616682,34.44616682
46,3,,quantum,precond_pen=0.200,0.2,True,1,0.002697,33.05035973,33.05035973
46,3,,quantum,precond_pen=0.200,0.2,True,2,0.002815,33.54025034,33.05035973
46,3,,quantum,precond_pen=0.200,0.2,True,3,0.002977,34.2226357,33.05035973
46,3,,quantum,precond_pen=0.200,0.2,True,4,0.003066,28.38882987,28.38882987
46,3,,quantum,precond_pen=0.300,0.3,True,0,0.000109,34.44616682,34.44616682
46,3,,quantum,precond_pen=0.300,0.3,True,1,0.002647,29.89618228,29.89618228
46,3,,quantum,precond_pen=0.300,0.3,True,2,0.002997,31.06209691,29.89618228
46,3,,quantum,precond_pen=0.300,0.3,True,3,0.003128,29.02849961,29.02849961
46,3,,quantum,precond_pen=0.400,0.4,True,0,0.000107,34.44616682,34.44616682
46,3,,quantum,precond_pen=0.400,0.4,True,1,0.002809,31.59044732,31.59044732
46,3,,quantum,precond_pen=0.400,0.4,True,2,0.003002,31.06209691,31.06209691
46,3,,quantum,precond_pen=0.400,0.4,True,3,0.003092,29.02849961,29.02849961
46,3,,quantum,precond_pen=0.500,0.5,True,0,0.000111,34.44616682,34.44616682
46,3,,quantum,precond_pen=0.500,0.5,True,1,0.00262,32.02587582,32.02587582
46,3,,quantum,precond_pen=0.500,0.5,True,2,0.002815,29.519448,29.519448
46,3,,quantum,precond_pen=0.500,0.5,True,3,0.005653,29.02849961,29.02849961
46,3,,quantum,precond_pen=0.600,0.6,True,0,0.000105,34.44616682,34.44616682
46,3,,quantum,precond_pen=0.600,0.6,True,1,0.002801,31.82699057,31.82699057
46,3,,quantum,precond_pen=0.600,0.6,True,2,0.003008,29.02849961,29.02849961
46,3,,quantum,precond_pen=0.700,0.7,True,0,0.000108,34.44616682,34.44616682
46,3,,quantum,precond_pen=0.700,0.7,True,1,0.002805,31.06209691,31.06209691
46,3,,quantum,precond_pen=0.700,0.7,True,2,0.002993,29.02849961,29.02849961
46,3,,quantum,precond_pen=0.800,0.8,True,0,0.000106,34.44616682,34.44616682
46,3,,quantum,precond_pen=0.800,0.8,True,1,0.002777,31.06209691,31.06209691
46,3,,quantum,precond_pen=0.800,0.8,True,2,0.002971,29.02849961,29.02849961
46,3,,quantum,precond_pen=1.000,1.0,True,0,0.000109,34.44616682,34.44616682
46,3,,quantum,precond_pen=1.000,1.0,True,1,0.002809,29.02849961,29.02849961
46,3,,quantum,precond_pen=1.000,1.0,True,2,0.002992,28.38882987,28.38882987
47,3,,quantum,baseline,,True,0,0.000108,42.22311238,42.22311238
47,3,,quantum,baseline,,True,1,0.002746,41.18711515,41.18711515
47,3,,quantum,baseline,,True,2,0.002922,40.26078339,40.26078339
47,3,,quantum,baseline,,True,3,0.003083,40.08539713,40.08539713
47,3,,quantum,baseline,,True,4,0.003191,34.95236865,34.95236865
47,3,,quantum,baseline,,True,5,0.008917,34.24639528,34.24639528
47,3,,quantum,precond_pen=0.200,0.2,True,0,0.000108,42.22311238,42.22311238
47,3,,quantum,precond_pen=0.200,0.2,True,1,0.002537,39.77050499,39.77050499
47,3,,quantum,precond_pen=0.200,0.2,True,2,0.002693,40.08539713,39.77050499
47,3,,quantum,precond_pen=0.200,0.2,True,3,0.002823,34.67970961,34.67970961
47,3,,quantum,precond_pen=0.300,0.3,True,0,0.00011,42.22311238,42.22311238
47,3,,quantum,precond_pen=0.300,0.3,True,1,0.002632,34.24639528,34.24639528
47,3,,quantum,precond_pen=0.300,0.3,True,2,0.002785,34.67970961,34.24639528
47,3,,quantum,precond_pen=0.400,0.4,True,0,0.000107,42.22311238,42.22311238
47,3,,quantum,precond_pen=0.400,0.4,True,1,0.002648,34.67970961,34.67970961
47,3,,quantum,precond_pen=0.500,0.5,True,0,0.000111,42.22311238,42.22311238
47,3,,quantum,precond_pen=0.500,0.5,True,1,0.002768,37.89524644,37.89524644
47,3,,quantum,precond_pen=0.500,0.5,True,2,0.003114,35.4660383,35.4660383
47,3,,quantum,precond_pen=0.500,0.5,True,3,0.003257,34.67970961,34.67970961
47,3,,quantum,precond_pen=0.600,0.6,True,0,0.000108,42.22311238,42.22311238
47,3,,quantum,precond_pen=0.600,0.6,True,1,0.002768,34.24639528,34.24639528
47,3,,quantum,precond_pen=0.600,0.6,True,2,0.00296,34.67970961,34.24639528
47,3,,quantum,precond_pen=0.700,0.7,True,0,0.000113,42.22311238,42.22311238
47,3,,quantum,precond_pen=0.700,0.7,True,1,0.002806,35.87819142,35.87819142
47,3,,quantum,precond_pen=0.700,0.7,True,2,0.003073,34.95236865,34.95236865
47,3,,quantum,precond_pen=0.700,0.7,True,3,0.005581,34.67970961,34.67970961
47,3,,quantum,precond_pen=0.800,0.8,True,0,0.000106,42.22311238,42.22311238
47,3,,quantum,precond_pen=0.800,0.8,True,1,0.002814,38.68501896,38.68501896
47,3,,quantum,precond_pen=0.800,0.8,True,2,0.003163,35.4660383,35.4660383
47,3,,quantum,precond_pen=0.800,0.8,True,3,0.003289,34.95236865,34.95236865
47,3,,quantum,precond_pen=0.800,0.8,True,4,0.005998,34.24639528,34.24639528
47,3,,quantum,precond_pen=1.000,1.0,True,0,0.00012,42.22311238,42.22311238
47,3,,quantum,precond_pen=1.000,1.0,True,1,0.002917,37.96950584,37.96950584
47,3,,quantum,precond_pen=1.000,1.0,True,2,0.003157,38.02431206,37.96950584
47,3,,quantum,precond_pen=1.000,1.0,True,3,0.003267,34.24639528,34.24639528
48,3,,quantum,baseline,,True,0,0.000105,33.9065543,33.9065543
48,3,,quantum,baseline,,True,1,0.002609,29.35298121,29.35298121
48,3,,quantum,precond_pen=0.200,0.2,True,0,0.000107,33.9065543,33.9065543
48,3,,quantum,precond_pen=0.200,0.2,True,1,0.002682,33.61292354,33.61292354
48,3,,quantum,precond_pen=0.200,0.2,True,2,0.002809,29.61074151,29.61074151
48,3,,quantum,precond_pen=0.200,0.2,True,3,0.002932,29.35298121,29.35298121
48,3,,quantum,precond_pen=0.300,0.3,True,0,0.000106,33.9065543,33.9065543
48,3,,quantum,precond_pen=0.300,0.3,True,1,0.00276,34.15645893,33.9065543
48,3,,quantum,precond_pen=0.300,0.3,True,2,0.002894,30.76749824,30.76749824
48,3,,quantum,precond_pen=0.300,0.3,True,3,0.003015,29.61074151,29.61074151
48,3,,quantum,precond_pen=0.300,0.3,True,4,0.003102,29.35298121,29.35298121
48,3,,quantum,precond_pen=0.400,0.4,True,0,0.000111,33.9065543,33.9065543
48,3,,quantum,precond_pen=0.400,0.4,True,1,0.002933,33.08320834,33.08320834
48,3,,quantum,precond_pen=0.400,0.4,True,2,0.0032,29.61074151,29.61074151
48,3,,quantum,precond_pen=0.400,0.4,True,3,0.003388,29.80950012,29.61074151
48,3,,quantum,precond_pen=0.400,0.4,True,4,0.003474,29.35298121,29.35298121
48,3,,quantum,precond_pen=0.500,0.5,True,0,0.000112,33.9065543,33.9065543
48,3,,quantum,precond_pen=0.500,0.5,True,1,0.002769,32.8375896,32.8375896
48,3,,quantum,precond_pen=0.500,0.5,True,2,0.003046,29.61074151,29.61074151
48,3,,quantum,precond_pen=0.500,0.5,True,3,0.003347,29.35298121,29.35298121
48,3,,quantum,precond_pen=0.600,0.6,True,0,0.000107,33.9065543,33.9065543
48,3,,quantum,precond_pen=0.600,0.6,True,1,0.002846,29.71951033,29.71951033
48,3,,quantum,precond_pen=0.600,0.6,True,2,0.003121,29.61074151,29.61074151
48,3,,quantum,precond_pen=0.600,0.6,True,3,0.003425,29.35298121,29.35298121
48,3,,quantum,precond_pen=0.700,0.7,True,0,0.000111,33.9065543,33.9065543
48,3,,quantum,precond_pen=0.700,0.7,True,1,0.002953,29.80950012,29.80950012
48,3,,quantum,precond_pen=0.700,0.7,True,2,0.003084,29.35298121,29.35298121
48,3,,quantum,precond_pen=0.800,0.8,True,0,0.000106,33.9065543,33.9065543
48,3,,quantum,precond_pen=0.800,0.8,True,1,0.002652,33.82458565,33.82458565
48,3,,quantum,precond_pen=0.800,0.8,True,2,0.002785,29.61074151,29.61074151
48,3,,quantum,precond_pen=0.800,0.8,True,3,0.002924,29.35298121,29.35298121
48,3,,quantum,precond_pen=1.000,1.0,True,0,0.000107,33.9065543,33.9065543
48,3,,quantum,precond_pen=1.000,1.0,True,1,0.002813,32.35422459,32.35422459
48,3,,quantum,precond_pen=1.000,1.0,True,2,0.003147,30.83666518,30.83666518
48,3,,quantum,precond_pen=1.000,1.0,True,3,0.00327,29.35298121,29.35298121
49,3,,quantum,baseline,,True,0,0.00011,38.28811164,38.28811164
49,3,,quantum,baseline,,True,1,0.002752,37.69219056,37.69219056
49,3,,quantum,baseline,,True,2,0.002854,29.82916816,29.82916816
49,3,,quantum,precond_pen=0.200,0.2,True,0,0.000109,38.28811164,38.28811164
49,3,,quantum,precond_pen=0.200,0.2,True,1,0.002809,36.91710811,36.91710811
49,3,,quantum,precond_pen=0.200,0.2,True,2,0.002912,30.40455319,30.40455319
49,3,,quantum,precond_pen=0.300,0.3,True,0,0.000108,38.28811164,38.28811164
49,3,,quantum,precond_pen=0.300,0.3,True,1,0.002815,38.85269576,38.28811164
49,3,,quantum,precond_pen=0.300,0.3,True,2,0.002936,30.40455319,30.40455319
49,3,,quantum,precond_pen=0.400,0.4,True,0,0.000106,38.28811164,38.28811164
49,3,,quantum,precond_pen=0.400,0.4,True,1,0.002746,30.40455319,30.40455319
49,3,,quantum,precond_pen=0.500,0.5,True,0,0.000106,38.28811164,38.28811164
49,3,,quantum,precond_pen=0.500,0.5,True,1,0.002803,32.46353515,32.46353515
49,3,,quantum,precond_pen=0.500,0.5,True,2,0.002998,30.40455319,30.40455319
49,3,,quantum,precond_pen=0.600,0.6,True,0,0.000106,38.28811164,38.28811164
49,3,,quantum,precond_pen=0.600,0.6,True,1,0.002794,35.84454806,35.84454806
49,3,,quantum,precond_pen=0.600,0.6,True,2,0.002968,34.42810664,34.42810664
49,3,,quantum,precond_pen=0.600,0.6,True,3,0.003117,30.40455319,30.40455319
49,3,,quantum,precond_pen=0.700,0.7,True,0,0.000106,38.28811164,38.28811164
49,3,,quantum,precond_pen=0.700,0.7,True,1,0.002811,36.32512029,36.32512029
49,3,,quantum,precond_pen=0.700,0.7,True,2,0.002988,36.13855248,36.13855248
49,3,,quantum,precond_pen=0.700,0.7,True,3,0.003146,37.17024987,36.13855248
49,3,,quantum,precond_pen=0.700,0.7,True,4,0.003247,30.40455319,30.40455319
49,3,,quantum,precond_pen=0.800,0.8,True,0,0.000106,38.28811164,38.28811164
49,3,,quantum,precond_pen=0.800,0.8,True,1,0.002835,33.08140163,33.08140163
49,3,,quantum,precond_pen=0.800,0.8,True,2,0.003036,32.39482436,32.39482436
49,3,,quantum,precond_pen=0.800,0.8,True,3,0.003122,30.40455319,30.40455319
49,3,,quantum,precond_pen=1.000,1.0,True,0,0.000112,38.28811164,38.28811164
49,3,,quantum,precond_pen=1.000,1.0,True,1,0.002817,30.40455319,30.40455319
