name,n,objective_model,objective_baseline,penalty,mip_status,runtime_sec,time_to_best_sec,mip_gap,x_bits,z_bits,sum_z,presolve,trajectory,seed,preconditioner_family,layers,sweeps,data_root
baseline,16,52.153185832214,52.15318583221401,,2,0.08926701545715332,0.006876945495605469,0.0,1100001101100101,++----++-++--+-+,0,True,"[[0.000172, 73.03745402], [0.006712, 70.50479998], [0.006877, 52.15318583]]",0,quantum,2,,/local/scratch/a/rames102/Gurobi_QP/one_equality/complete_random
precond_pen=0.200,16,-20.931576594814995,52.15318583221401,0.2,2,0.015423059463500977,0.004152059555053711,0.0,0011110010011010,--++++--+--++-+-,0,True,"[[0.000123, 73.03745402], [0.003451, 71.17336398], [0.003891, 67.94388025], [0.004152, 52.15318583]]",0,quantum,2,,/local/scratch/a/rames102/Gurobi_QP/one_equality/complete_random
precond_pen=0.400,16,-24.470895988406003,52.15318583221401,0.4,2,0.010246992111206055,0.0038809776306152344,0.0,0011110010011010,--++++--+--++-+-,0,True,"[[0.000132, 73.03745402], [0.003881, 52.15318583]]",0,quantum,2,,/local/scratch/a/rames102/Gurobi_QP/one_equality/complete_random
precond_pen=0.500,16,-18.492898390341004,52.15318583221401,0.5,2,0.011049032211303711,0.004266977310180664,0.0,1100001101100101,++----++-++--+-+,0,True,"[[0.000119, 73.03745402], [0.00355, 69.76570879], [0.003734, 69.89821988], [0.00406, 66.24768333], [0.004267, 52.15318583]]",0,quantum,2,,/local/scratch/a/rames102/Gurobi_QP/one_equality/complete_random
precond_pen=0.600,16,-14.25579575099,52.15318583221401,0.6,2,0.011353015899658203,0.0043032169342041016,0.0,1100001101100101,++----++-++--+-+,0,True,"[[0.000119, 73.03745402], [0.003535, 73.2165075], [0.003733, 71.17336398], [0.004081, 66.63772467], [0.004303, 52.15318583]]",0,quantum,2,,/local/scratch/a/rames102/Gurobi_QP/one_equality/complete_random
precond_pen=0.700,16,-11.005653895238002,52.15318583221401,0.7,2,0.012660980224609375,0.00630497932434082,0.0,1100001101100101,++----++-++--+-+,0,True,"[[0.000132, 73.03745402], [0.005654, 64.38654783], [0.006137, 59.78368172], [0.006305, 52.15318583]]",0,quantum,2,,/local/scratch/a/rames102/Gurobi_QP/one_equality/complete_random
precond_pen=0.800,16,-8.612917255698001,52.15318583221401,0.8,2,0.01138615608215332,0.004285097122192383,0.0,1100001101100101,++----++-++--+-+,0,True,"[[0.00013, 73.03745402], [0.00371, 69.54723418], [0.003891, 67.94388025], [0.004093, 66.63566799], [0.004285, 52.15318583]]",0,quantum,2,,/local/scratch/a/rames102/Gurobi_QP/one_equality/complete_random
precond_pen=1.000,16,-5.631180008073003,52.15318583221401,1.0,2,0.01370096206665039,0.004106044769287109,0.0,1100001101100101,++----++-++--+-+,0,True,"[[0.000118, 73.03745402], [0.00375, 62.64454506], [0.004106, 52.15318583]]",0,quantum,2,,/local/scratch/a/rames102/Gurobi_QP/one_equality/complete_random
baseline,16,54.52969249298498,54.529692492984985,,2,0.07989192008972168,0.003777027130126953,0.0,1011100110000011,+-+++--++-----++,0,True,"[[0.00012, 70.39490808], [0.003384, 69.51964787], [0.003578, 68.22205269], [0.003777, 54.52969249]]",1,quantum,2,,/local/scratch/a/rames102/Gurobi_QP/one_equality/complete_random
precond_pen=0.200,16,-10.750915010355989,54.72989054440102,0.2,2,0.028872013092041016,0.004132986068725586,0.0,1110100110100010,+++-+--++-+---+-,0,True,"[[0.000138, 70.39490808], [0.003747, 64.4757858], [0.004133, 54.72989054]]",1,quantum,2,,/local/scratch/a/rames102/Gurobi_QP/one_equality/complete_random
precond_pen=0.400,16,-12.480876004264998,54.72989054440102,0.4,2,0.02362680435180664,0.009190797805786133,0.0,0001011001011101,---+-++--+-+++-+,0,True,"[[0.000119, 70.39490808], [0.003582, 58.63205867], [0.003929, 54.52969249], [0.009191, 54.72989054]]",1,quantum,2,,/local/scratch/a/rames102/Gurobi_QP/one_equality/complete_random
precond_pen=0.500,16,-9.744838955228,54.72989054440102,0.5,2,0.03449296951293945,0.004017829895019531,0.0,0001011001011101,---+-++--+-+++-+,0,True,"[[0.000121, 70.39490808], [0.003312, 63.64053207], [0.003803, 60.18475431], [0.004018, 54.72989054]]",1,quantum,2,,/local/scratch/a/rames102/Gurobi_QP/one_equality/complete_random
precond_pen=0.600,16,-7.556021604365997,54.72989054440102,0.6,2,0.027084827423095703,0.004399776458740234,0.0,1110100110100010,+++-+--++-+---+-,0,True,"[[0.00012, 70.39490808], [0.003918, 60.28751937], [0.004211, 57.30824953], [0.0044, 54.72989054]]",1,quantum,2,,/local/scratch/a/rames102/Gurobi_QP/one_equality/complete_random
precond_pen=0.700,16,-5.8881395061989945,54.72989054440102,0.7,2,0.03125715255737305,0.004199981689453125,0.0,1110100110100010,+++-+--++-+---+-,0,True,"[[0.000135, 70.39490808], [0.003959, 61.63605896], [0.0042, 54.72989054]]",1,quantum,2,,/local/scratch/a/rames102/Gurobi_QP/one_equality/complete_random
precond_pen=0.800,16,-4.677267468691996,54.72989054440102,0.8,2,0.028731107711791992,0.0044519901275634766,0.0,0001011001011101,---+-++--+-+++-+,0,True,"[[0.000123, 70.39490808], [0.003776, 63.58388322], [0.004247, 58.47448405], [0.004452, 54.72989054]]",1,quantum,2,,/local/scratch/a/rames102/Gurobi_QP/one_equality/complete_random
precond_pen=1.000,16,-2.1246099734319968,54.529692492984985,1.0,2,0.05504584312438965,0.05331087112426758,0.0,0100011001111100,-+---++--+++++--,0,True,"[[0.00013, 70.39490808], [0.003994, 65.89845801], [0.004178, 54.72989054], [0.053311, 54.52969249]]",1,quantum,2,,/local/scratch/a/rames102/Gurobi_QP/one_equality/complete_random
baseline,16,50.310833559542,50.310833559541976,,2,0.06245112419128418,0.003625154495239258,0.0,1010001100110011,+-+---++--++--++,0,True,"[[0.000121, 62.56545302], [0.003446, 62.25577299], [0.003625, 50.31083356]]",2,quantum,2,,/local/scratch/a/rames102/Gurobi_QP/one_equality/complete_random
precond_pen=0.200,16,-13.934941238067,50.310833559541976,0.2,2,0.01621222496032715,0.00410008430480957,0.0,1010001100110011,+-+---++--++--++,0,True,"[[0.000131, 62.56545302], [0.003738, 57.6130265], [0.0041, 50.31083356]]",2,quantum,2,,/local/scratch/a/rames102/Gurobi_QP/one_equality/complete_random
precond_pen=0.400,16,-13.669877725993999,50.310833559541976,0.4,2,0.012841939926147461,0.004016876220703125,0.0,1010001100110011,+-+---++--++--++,0,True,"[[0.00012, 62.56545302], [0.003664, 56.07147125], [0.004017, 50.31083356]]",2,quantum,2,,/local/scratch/a/rames102/Gurobi_QP/one_equality/complete_random
precond_pen=0.500,16,-10.763452654153998,50.310833559541976,0.5,2,0.013579845428466797,0.004233837127685547,0.0,0101110011001100,-+-+++--++--++--,0,True,"[[0.000132, 62.56545302], [0.003828, 58.6746804], [0.004073, 58.67694179], [0.004234, 50.31083356]]",2,quantum,2,,/local/scratch/a/rames102/Gurobi_QP/one_equality/complete_random
precond_pen=0.600,16,-8.379962847216005,50.310833559541976,0.6,2,0.015072822570800781,0.00432586669921875,0.0,1010001100110011,+-+---++--++--++,0,True,"[[0.000125, 62.56545302], [0.003857, 58.39667207], [0.004047, 58.71992557], [0.004326, 50.31083356]]",2,quantum,2,,/local/scratch/a/rames102/Gurobi_QP/one_equality/complete_random
precond_pen=0.700,16,-6.550901443744003,50.310833559541976,0.7,2,0.015588998794555664,0.004257917404174805,0.0,0101110011001100,-+-+++--++--++--,0,True,"[[0.000123, 62.56545302], [0.003859, 55.02409978], [0.004258, 50.31083356]]",2,quantum,2,,/local/scratch/a/rames102/Gurobi_QP/one_equality/complete_random
precond_pen=0.800,16,-5.219438331511008,50.310833559541976,0.8,2,0.015661001205444336,0.0042340755462646484,0.0,1010001100110011,+-+---++--++--++,0,True,"[[0.000121, 62.56545302], [0.00378, 59.60138598], [0.00398, 58.71992557], [0.004234, 50.31083356]]",2,quantum,2,,/local/scratch/a/rames102/Gurobi_QP/one_equality/complete_random
precond_pen=1.000,16,-2.331447760957997,50.310833559541976,1.0,2,0.06741786003112793,0.004314899444580078,0.0,0101110011001100,-+-+++--++--++--,0,True,"[[0.000121, 62.56545302], [0.003948, 56.96710954], [0.004315, 50.31083356]]",2,quantum,2,,/local/scratch/a/rames102/Gurobi_QP/one_equality/complete_random
baseline,16,54.82900695729201,54.829006957292,,2,0.0831758975982666,0.08050107955932617,0.0,1011101100000011,+-+++-++------++,0,True,"[[0.000122, 65.70475581], [0.003184, 64.97945169], [0.003414, 64.83970402], [0.003604, 63.19355644], [0.00375, 56.36824711], [0.064785, 56.34896126], [0.074037, 56.19319406], [0.074392, 55.29132634], [0.080501, 54.82900696]]",3,quantum,2,,/local/scratch/a/rames102/Gurobi_QP/one_equality/complete_random
precond_pen=0.200,16,-7.598765315564016,54.829006957292,0.2,2,0.08240795135498047,0.00436711311340332,0.0,1011101100000011,+-+++-++------++,0,True,"[[0.000127, 65.70475581], [0.003719, 66.7018765], [0.004107, 64.97945169], [0.004367, 54.82900696]]",3,quantum,2,,/local/scratch/a/rames102/Gurobi_QP/one_equality/complete_random
precond_pen=0.400,16,-9.938164966843006,55.29132634059605,0.4,2,0.029499053955078125,0.0041561126708984375,0.0,1001101000100111,+--++-+---+--+++,0,True,"[[0.000136, 65.70475581], [0.003652, 62.63637921], [0.003993, 62.48034428], [0.004156, 55.29132634]]",3,quantum,2,,/local/scratch/a/rames102/Gurobi_QP/one_equality/complete_random
precond_pen=0.500,16,-7.846359693018002,54.829006957292,0.5,2,0.01978898048400879,0.0040891170501708984,0.0,1011101100000011,+-+++-++------++,0,True,"[[0.000138, 65.70475581], [0.003571, 61.47387013], [0.003927, 62.01785696], [0.004089, 54.82900696]]",3,quantum,2,,/local/scratch/a/rames102/Gurobi_QP/one_equality/complete_random
precond_pen=0.600,16,-6.196536714956998,54.829006957292,0.6,2,0.029651880264282227,0.017006874084472656,0.0,0100010011111100,-+---+--++++++--,0,True,"[[0.000123, 65.70475581], [0.003764, 59.16565619], [0.004112, 58.95052423], [0.004278, 55.29132634], [0.017007, 54.82900696]]",3,quantum,2,,/local/scratch/a/rames102/Gurobi_QP/one_equality/complete_random
precond_pen=0.700,16,-4.916435931332999,54.829006957292,0.7,2,0.019912004470825195,0.009473085403442383,0.0,1011101100000011,+-+++-++------++,0,True,"[[0.000127, 65.70475581], [0.003749, 61.80626688], [0.004132, 55.29132634], [0.009473, 54.82900696]]",3,quantum,2,,/local/scratch/a/rames102/Gurobi_QP/one_equality/complete_random
precond_pen=0.800,16,-3.973708259635,54.829006957292,0.8,2,0.01810002326965332,0.016887187957763672,0.0,0100010011111100,-+---+--++++++--,0,True,"[[0.000123, 65.70475581], [0.003755, 59.58422724], [0.004137, 56.16359783], [0.009051, 55.29132634], [0.016887, 54.82900696]]",3,quantum,2,,/local/scratch/a/rames102/Gurobi_QP/one_equality/complete_random
precond_pen=1.000,16,-1.9308490503109974,54.829006957292,1.0,2,0.08206915855407715,0.06502819061279297,0.0,0100010011111100,-+---+--++++++--,0,True,"[[0.000123, 65.70475581], [0.00399, 64.05206703], [0.004117, 56.36824711], [0.008665, 55.29132634], [0.065028, 54.82900696]]",3,quantum,2,,/local/scratch/a/rames102/Gurobi_QP/one_equality/complete_random
baseline,16,55.122635289212994,55.12263528921302,,2,0.06824612617492676,0.003571033477783203,0.0,0010111101100100,--+-++++-++--+--,0,True,"[[0.000121, 68.76273039], [0.003124, 64.93774152], [0.003378, 64.75577114], [0.003571, 55.12263529]]",4,quantum,2,,/local/scratch/a/rames102/Gurobi_QP/one_equality/complete_random
precond_pen=0.200,16,-12.296278358329005,55.31451000210102,0.2,2,0.02919602394104004,0.003983974456787109,0.0,0010111001101100,--+-+++--++-++--,0,True,"[[0.000122, 68.76273039], [0.003359, 69.13499896], [0.003722, 64.93774152], [0.003984, 55.31451]]",4,quantum,2,,/local/scratch/a/rames102/Gurobi_QP/one_equality/complete_random
precond_pen=0.400,16,-16.577814710302995,55.12263528921302,0.4,2,0.011535882949829102,0.004181861877441406,0.0,1101000010011011,++-+----+--++-++,0,True,"[[0.000128, 68.76273039], [0.003693, 61.91469059], [0.004045, 63.11997301], [0.004182, 55.12263529]]",4,quantum,2,,/local/scratch/a/rames102/Gurobi_QP/one_equality/complete_random
precond_pen=0.500,16,-12.546857308804,55.12263528921302,0.5,2,0.013831138610839844,0.003981113433837891,0.0,0010111101100100,--+-++++-++--+--,0,True,"[[0.000125, 68.76273039], [0.003666, 60.369825], [0.003981, 55.12263529]]",4,quantum,2,,/local/scratch/a/rames102/Gurobi_QP/one_equality/complete_random
precond_pen=0.600,16,-9.495958367718995,55.12263528921302,0.6,2,0.012808084487915039,0.003854990005493164,0.0,0010111101100100,--+-++++-++--+--,0,True,"[[0.000124, 68.76273039], [0.003511, 59.72973278], [0.003855, 55.12263529]]",4,quantum,2,,/local/scratch/a/rames102/Gurobi_QP/one_equality/complete_random
precond_pen=0.700,16,-7.25026343505,55.12263528921302,0.7,2,0.014212846755981445,0.003815889358520508,0.0,1101000010011011,++-+----+--++-++,0,True,"[[0.000121, 68.76273039], [0.003651, 68.38165568], [0.003816, 55.12263529]]",4,quantum,2,,/local/scratch/a/rames102/Gurobi_QP/one_equality/complete_random
precond_pen=0.800,16,-5.667464422574,55.12263528921302,0.8,2,0.014492988586425781,0.0043489933013916016,0.0,1101000010011011,++-+----+--++-++,0,True,"[[0.00012, 68.76273039], [0.003617, 65.36674464], [0.00382, 64.93774152], [0.004155, 63.0752117], [0.004349, 55.12263529]]",4,quantum,2,,/local/scratch/a/rames102/Gurobi_QP/one_equality/complete_random
precond_pen=1.000,16,-2.4608201982229954,55.12263528921302,1.0,2,0.05569911003112793,0.004007101058959961,0.0,1101000010011011,++-+----+--++-++,0,True,"[[0.000119, 68.76273039], [0.003849, 63.0752117], [0.004007, 55.12263529]]",4,quantum,2,,/local/scratch/a/rames102/Gurobi_QP/one_equality/complete_random
baseline,16,52.37270996931199,52.372709969311984,,2,0.06549906730651855,0.003648042678833008,0.0,1110100000101011,+++-+-----+-+-++,0,True,"[[0.000123, 68.21373681], [0.003464, 67.56578562], [0.003648, 52.37270997]]",5,quantum,2,,/local/scratch/a/rames102/Gurobi_QP/one_equality/complete_random
precond_pen=0.200,16,-14.771002911713001,52.372709969311984,0.2,2,0.027861833572387695,0.00931406021118164,0.0,1110100000101011,+++-+-----+-+-++,0,True,"[[0.000124, 68.21373681], [0.003551, 64.13330414], [0.003914, 55.84630198], [0.009314, 52.37270997]]",5,quantum,2,,/local/scratch/a/rames102/Gurobi_QP/one_equality/complete_random
precond_pen=0.400,16,-15.48575778025,52.372709969311984,0.4,2,0.013847112655639648,0.004064083099365234,0.0,0001011111010100,---+-+++++-+-+--,0,True,"[[0.000117, 68.21373681], [0.003655, 60.57395924], [0.004064, 52.37270997]]",5,quantum,2,,/local/scratch/a/rames102/Gurobi_QP/one_equality/complete_random
precond_pen=0.500,16,-12.177893889501,52.372709969311984,0.5,2,0.013064146041870117,0.004122018814086914,0.0,1110100000101011,+++-+-----+-+-++,0,True,"[[0.000129, 68.21373681], [0.003765, 58.81790564], [0.004122, 52.37270997]]",5,quantum,2,,/local/scratch/a/rames102/Gurobi_QP/one_equality/complete_random
precond_pen=0.600,16,-9.550697278958998,52.372709969311984,0.6,2,0.02840113639831543,0.0039000511169433594,0.0,1110100000101011,+++-+-----+-+-++,0,True,"[[0.000125, 68.21373681], [0.003587, 52.97391743], [0.0039, 52.37270997]]",5,quantum,2,,/local/scratch/a/rames102/Gurobi_QP/one_equality/complete_random
precond_pen=0.700,16,-7.491618809513994,52.372709969311984,0.7,2,0.014903068542480469,0.00436091423034668,0.0,1110100000101011,+++-+-----+-+-++,0,True,"[[0.000119, 68.21373681], [0.003749, 65.45935615], [0.004018, 65.17704629], [0.004211, 63.47361485], [0.004361, 52.37270997]]",5,quantum,2,,/local/scratch/a/rames102/Gurobi_QP/one_equality/complete_random
precond_pen=0.800,16,-5.954287996717999,52.372709969311984,0.8,2,0.01485300064086914,0.004127979278564453,0.0,1110100000101011,+++-+-----+-+-++,0,True,"[[0.00012, 68.21373681], [0.003609, 62.19721689], [0.003912, 61.85646033], [0.004128, 52.37270997]]",5,quantum,2,,/local/scratch/a/rames102/Gurobi_QP/one_equality/complete_random
precond_pen=1.000,16,-2.563174869204004,52.372709969311984,1.0,2,0.02026200294494629,0.0042150020599365234,0.0,1110100000101011,+++-+-----+-+-++,0,True,"[[0.000118, 68.21373681], [0.003706, 60.82228359], [0.004027, 58.37054641], [0.004215, 52.37270997]]",5,quantum,2,,/local/scratch/a/rames102/Gurobi_QP/one_equality/complete_random
baseline,16,57.72883444011803,57.72883444011801,,2,0.07547497749328613,0.06724882125854492,0.0,0011100100110101,--+++--+--++-+-+,0,True,"[[0.00012, 69.62770689], [0.003319, 58.77051706], [0.063161, 58.04778669], [0.067249, 57.72883444]]",6,quantum,2,,/local/scratch/a/rames102/Gurobi_QP/one_equality/complete_random
precond_pen=0.200,16,-6.736264937870015,57.72883444011801,0.2,2,0.051939964294433594,0.003972053527832031,0.0,0011100100110101,--+++--+--++-+-+,0,True,"[[0.000132, 69.62770689], [0.003311, 68.31354898], [0.003686, 66.1824162], [0.003972, 57.72883444]]",6,quantum,2,,/local/scratch/a/rames102/Gurobi_QP/one_equality/complete_random
precond_pen=0.400,16,-10.909884732532998,57.72883444011801,0.4,2,0.015548944473266602,0.0041599273681640625,0.0,0011100100110101,--+++--+--++-+-+,0,True,"[[0.000126, 69.62770689], [0.003682, 64.15837831], [0.004001, 61.9776393], [0.00416, 57.72883444]]",6,quantum,2,,/local/scratch/a/rames102/Gurobi_QP/one_equality/complete_random
precond_pen=0.500,16,-8.791949485336001,57.72883444011801,0.5,2,0.01579904556274414,0.0042150020599365234,0.0,0011100100110101,--+++--+--++-+-+,0,True,"[[0.00012, 69.62770689], [0.003445, 68.36596705], [0.003659, 68.18312044], [0.004016, 67.19193255], [0.004215, 57.72883444]]",6,quantum,2,,/local/scratch/a/rames102/Gurobi_QP/one_equality/complete_random
precond_pen=0.600,16,-7.0362677710930015,57.72883444011801,0.6,2,0.03431391716003418,0.030972003936767578,0.0,1100011011001010,++---++-++--+-+-,0,True,"[[0.000119, 69.62770689], [0.003676, 65.52030177], [0.003904, 66.1824162], [0.004153, 57.94489507], [0.030972, 57.72883444]]",6,quantum,2,,/local/scratch/a/rames102/Gurobi_QP/one_equality/complete_random
precond_pen=0.700,16,-5.621272573407998,57.72883444011801,0.7,2,0.019451141357421875,0.016680002212524414,0.0,0011100100110101,--+++--+--++-+-+,0,True,"[[0.000118, 69.62770689], [0.00377, 64.96116295], [0.004201, 65.06807917], [0.004431, 64.29246907], [0.004567, 57.94489507], [0.01668, 57.72883444]]",6,quantum,2,,/local/scratch/a/rames102/Gurobi_QP/one_equality/complete_random
precond_pen=0.800,16,-4.549846044643003,57.72883444011801,0.8,2,0.03663802146911621,0.009850025177001953,0.0,0011100100110101,--+++--+--++-+-+,0,True,"[[0.000119, 69.62770689], [0.003689, 66.09493505], [0.00399, 65.06807917], [0.004166, 63.79561622], [0.0043, 57.94489507], [0.00985, 57.72883444]]",6,quantum,2,,/local/scratch/a/rames102/Gurobi_QP/one_equality/complete_random
precond_pen=1.000,16,-2.1554614072920018,57.72883444011801,1.0,2,0.07393503189086914,0.008608102798461914,0.0,1100011011001010,++---++-++--+-+-,0,True,"[[0.000123, 69.62770689], [0.003832, 68.66141988], [0.003985, 58.77051706], [0.008306, 57.94489507], [0.008608, 57.72883444]]",6,quantum,2,,/local/scratch/a/rames102/Gurobi_QP/one_equality/complete_random
baseline,16,53.18710891938896,53.18710891938902,,2,0.07082200050354004,0.003520965576171875,0.0,1110001010101010,+++---+-+-+-+-+-,0,True,"[[0.000125, 61.80104583], [0.003395, 61.00677859], [0.003521, 53.18710892]]",7,quantum,2,,/local/scratch/a/rames102/Gurobi_QP/one_equality/complete_random
precond_pen=0.200,16,-11.522658111883997,53.494110723827006,0.2,2,0.027127981185913086,0.0040400028228759766,0.0,1110000010101011,+++-----+-+-+-++,0,True,"[[0.000122, 61.80104583], [0.003553, 60.34776343], [0.003793, 60.13538063], [0.00404, 53.49411072]]",7,quantum,2,,/local/scratch/a/rames102/Gurobi_QP/one_equality/complete_random
precond_pen=0.400,16,-12.051428705133,53.494110723827006,0.4,2,0.013530969619750977,0.003698110580444336,0.0,0001111101010100,---+++++-+-+-+--,0,True,"[[0.000121, 61.80104583], [0.003367, 58.23711031], [0.003698, 53.49411072]]",7,quantum,2,,/local/scratch/a/rames102/Gurobi_QP/one_equality/complete_random
precond_pen=0.500,16,-9.38506969629,53.494110723827006,0.5,2,0.026954174041748047,0.004194021224975586,0.0,1110000010101011,+++-----+-+-+-++,0,True,"[[0.00012, 61.80104583], [0.00369, 60.53941857], [0.003918, 57.9546246], [0.004194, 53.49411072]]",7,quantum,2,,/local/scratch/a/rames102/Gurobi_QP/one_equality/complete_random
precond_pen=0.600,16,-7.329721947199001,53.494110723827006,0.6,2,0.0266110897064209,0.004045009613037109,0.0,1110000010101011,+++-----+-+-+-++,0,True,"[[0.00012, 61.80104583], [0.003524, 57.20574791], [0.003741, 57.9546246], [0.004045, 53.49411072]]",7,quantum,2,,/local/scratch/a/rames102/Gurobi_QP/one_equality/complete_random
precond_pen=0.700,16,-5.7625493594440025,53.494110723827006,0.7,2,0.02866816520690918,0.004172086715698242,0.0,0001111101010100,---+++++-+-+-+--,0,True,"[[0.000123, 61.80104583], [0.003824, 58.60081042], [0.004172, 53.49411072]]",7,quantum,2,,/local/scratch/a/rames102/Gurobi_QP/one_equality/complete_random
precond_pen=0.800,16,-4.631536196191998,53.18710891938902,0.8,2,0.030694961547851562,0.0043010711669921875,0.0,1110001010101010,+++---+-+-+-+-+-,0,True,"[[0.000128, 61.80104583], [0.003761, 60.47122261], [0.003962, 60.59485159], [0.004169, 58.59521631], [0.004301, 53.18710892]]",7,quantum,2,,/local/scratch/a/rames102/Gurobi_QP/one_equality/complete_random
precond_pen=1.000,16,-2.1362546382910024,53.18710891938902,1.0,2,0.05954694747924805,0.004244089126586914,0.0,0001110101010101,---+++-+-+-+-+-+,0,True,"[[0.000126, 61.80104583], [0.004058, 61.1963802], [0.004244, 53.18710892]]",7,quantum,2,,/local/scratch/a/rames102/Gurobi_QP/one_equality/complete_random
baseline,16,49.90665485264998,49.906654852649986,,2,0.0734720230102539,0.0037398338317871094,0.0,1111101000010001,+++++-+----+---+,0,True,"[[0.000119, 55.64886967], [0.00336, 54.54692395], [0.003565, 51.42158349], [0.00374, 49.90665485]]",8,quantum,2,,/local/scratch/a/rames102/Gurobi_QP/one_equality/complete_random
precond_pen=0.200,16,-14.857367718598002,49.906654852649986,0.2,2,0.014575958251953125,0.003983974456787109,0.0,0000010111101110,-----+-++++-+++-,0,True,"[[0.000133, 55.64886967], [0.00368, 51.42158349], [0.003984, 49.90665485]]",8,quantum,2,,/local/scratch/a/rames102/Gurobi_QP/one_equality/complete_random
precond_pen=0.400,16,-11.632148811907005,49.906654852649986,0.4,2,0.038465023040771484,0.004072904586791992,0.0,0000010111101110,-----+-++++-+++-,0,True,"[[0.000137, 55.64886967], [0.003886, 49.95668387], [0.004073, 49.90665485]]",8,quantum,2,,/local/scratch/a/rames102/Gurobi_QP/one_equality/complete_random
precond_pen=0.500,16,-8.866758071469,49.906654852649986,0.5,2,0.04161190986633301,0.0044519901275634766,0.0,0000010111101110,-----+-++++-+++-,0,True,"[[0.000117, 55.64886967], [0.004061, 52.77277018], [0.004312, 51.21879167], [0.004452, 49.90665485]]",8,quantum,2,,/local/scratch/a/rames102/Gurobi_QP/one_equality/complete_random
precond_pen=0.600,16,-6.803071974437003,49.906654852649986,0.6,2,0.04085898399353027,0.004078865051269531,0.0,1111101000010001,+++++-+----+---+,0,True,"[[0.000137, 55.64886967], [0.003443, 54.54342432], [0.003821, 51.42158349], [0.004079, 49.90665485]]",8,quantum,2,,/local/scratch/a/rames102/Gurobi_QP/one_equality/complete_random
precond_pen=0.700,16,-5.289728527444,49.906654852649986,0.7,2,0.04278206825256348,0.003947019577026367,0.0,0000010111101110,-----+-++++-+++-,0,True,"[[0.000128, 55.64886967], [0.003766, 53.89694365], [0.003947, 49.90665485]]",8,quantum,2,,/local/scratch/a/rames102/Gurobi_QP/one_equality/complete_random
precond_pen=0.800,16,-4.216374616903999,49.906654852649986,0.8,2,0.04180192947387695,0.0038650035858154297,0.0,1111101000010001,+++++-+----+---+,0,True,"[[0.000126, 55.64886967], [0.003865, 49.90665485]]",8,quantum,2,,/local/scratch/a/rames102/Gurobi_QP/one_equality/complete_random
precond_pen=1.000,16,-1.9679187460520025,49.906654852649986,1.0,2,0.06670498847961426,0.0039370059967041016,0.0,0000010111101110,-----+-++++-+++-,0,True,"[[0.000122, 55.64886967], [0.003805, 55.45626633], [0.003937, 49.90665485]]",8,quantum,2,,/local/scratch/a/rames102/Gurobi_QP/one_equality/complete_random
baseline,16,57.25525883915294,57.25525883915303,,2,0.06345319747924805,0.003614187240600586,0.0,0100001011111100,-+----+-++++++--,0,True,"[[0.000122, 65.5564928], [0.003457, 64.42284024], [0.003614, 57.25525884]]",9,quantum,2,,/local/scratch/a/rames102/Gurobi_QP/one_equality/complete_random
precond_pen=0.200,16,-7.203862290638014,57.25525883915303,0.2,2,0.04530811309814453,0.0038650035858154297,0.0,1011110100000011,+-++++-+------++,0,True,"[[0.000128, 65.5564928], [0.003474, 63.82521573], [0.003684, 63.08923499], [0.003865, 57.25525884]]",9,quantum,2,,/local/scratch/a/rames102/Gurobi_QP/one_equality/complete_random
precond_pen=0.400,16,-13.407849803988002,57.25525883915303,0.4,2,0.013631105422973633,0.00395512580871582,0.0,1011110100000011,+-++++-+------++,0,True,"[[0.000119, 65.5564928], [0.003617, 62.76658308], [0.003955, 57.25525884]]",9,quantum,2,,/local/scratch/a/rames102/Gurobi_QP/one_equality/complete_random
precond_pen=0.500,16,-10.520227868312999,57.25525883915303,0.5,2,0.013980865478515625,0.009326934814453125,0.0,1011110100000011,+-++++-+------++,0,True,"[[0.00012, 65.5564928], [0.003647, 66.79516218], [0.003814, 59.03503964], [0.009327, 57.25525884]]",9,quantum,2,,/local/scratch/a/rames102/Gurobi_QP/one_equality/complete_random
precond_pen=0.600,16,-8.072852829828001,57.25525883915303,0.6,2,0.014435052871704102,0.003863096237182617,0.0,0100001011111100,-+----+-++++++--,0,True,"[[0.000131, 65.5564928], [0.003681, 65.45972456], [0.003863, 57.25525884]]",9,quantum,2,,/local/scratch/a/rames102/Gurobi_QP/one_equality/complete_random
precond_pen=0.700,16,-6.218029694596001,57.25525883915303,0.7,2,0.014902830123901367,0.009076833724975586,0.0,1011110100000011,+-++++-+------++,0,True,"[[0.00012, 65.5564928], [0.003792, 59.03503964], [0.009077, 57.25525884]]",9,quantum,2,,/local/scratch/a/rames102/Gurobi_QP/one_equality/complete_random
precond_pen=0.800,16,-4.907811902069001,57.25525883915303,0.8,2,0.0160980224609375,0.009232044219970703,0.0,1011110100000011,+-++++-+------++,0,True,"[[0.000127, 65.5564928], [0.003756, 59.03503964], [0.009232, 57.25525884]]",9,quantum,2,,/local/scratch/a/rames102/Gurobi_QP/one_equality/complete_random
precond_pen=1.000,16,-2.2120870747140025,57.25525883915303,1.0,2,0.07187390327453613,0.04365205764770508,0.0,0100001011111100,-+----+-++++++--,0,True,"[[0.000121, 65.5564928], [0.003851, 65.45972456], [0.004011, 59.21595385], [0.008771, 59.03503964], [0.043652, 57.25525884]]",9,quantum,2,,/local/scratch/a/rames102/Gurobi_QP/one_equality/complete_random
baseline,16,52.055829077838006,52.055829077838,,2,0.06738805770874023,0.017122983932495117,0.0,0010111101001001,--+-++++-+--+--+,0,True,"[[0.000123, 64.46330545], [0.00341, 52.62063366], [0.017123, 52.05582908]]",10,quantum,2,,/local/scratch/a/rames102/Gurobi_QP/one_equality/complete_random
precond_pen=0.200,16,-11.731184546912992,53.03658979543201,0.2,2,0.026758193969726562,0.004090070724487305,0.0,1111000010100110,++++----+-+--++-,0,True,"[[0.000119, 64.46330545], [0.00361, 64.88155481], [0.003892, 63.62982936], [0.00409, 53.0365898]]",10,quantum,2,,/local/scratch/a/rames102/Gurobi_QP/one_equality/complete_random
precond_pen=0.400,16,-11.381139169678006,52.055829077838,0.4,2,0.02942800521850586,0.0039310455322265625,0.0,1101000010110110,++-+----+-++-++-,0,True,"[[0.00012, 64.46330545], [0.003566, 53.92065474], [0.003931, 52.05582908]]",10,quantum,2,,/local/scratch/a/rames102/Gurobi_QP/one_equality/complete_random
precond_pen=0.500,16,-8.821060145596999,52.055829077838,0.5,2,0.030081987380981445,0.009396076202392578,0.0,1101000010110110,++-+----+-++-++-,0,True,"[[0.00012, 64.46330545], [0.003595, 59.82936858], [0.004079, 56.8961038], [0.004289, 52.62063366], [0.009396, 52.05582908]]",10,quantum,2,,/local/scratch/a/rames102/Gurobi_QP/one_equality/complete_random
precond_pen=0.600,16,-6.7775052800280005,52.055829077838,0.6,2,0.025485992431640625,0.025005817413330078,0.0,1101000010110110,++-+----+-++-++-,0,True,"[[0.000114, 64.46330545], [0.003487, 64.25750838], [0.003682, 63.60375233], [0.004026, 56.8961038], [0.004223, 52.62063366], [0.022715, 52.05582908], [0.025006, 52.05582908]]",10,quantum,2,,/local/scratch/a/rames102/Gurobi_QP/one_equality/complete_random
precond_pen=0.700,16,-5.267541922760998,52.055829077838,0.7,2,0.03474783897399902,0.017477035522460938,0.0,1101000010110110,++-+----+-++-++-,0,True,"[[0.000123, 64.46330545], [0.003749, 57.90792885], [0.004113, 53.85955225], [0.009511, 52.62063366], [0.017477, 52.05582908]]",10,quantum,2,,/local/scratch/a/rames102/Gurobi_QP/one_equality/complete_random
precond_pen=0.800,16,-4.202924736880998,52.055829077838,0.8,2,0.036131858825683594,0.019412994384765625,0.0,1101000010110110,++-+----+-++-++-,0,True,"[[0.000132, 64.46330545], [0.003763, 59.954323], [0.004092, 58.70809356], [0.004256, 53.85955225], [0.009472, 52.62063366], [0.019413, 52.05582908]]",10,quantum,2,,/local/scratch/a/rames102/Gurobi_QP/one_equality/complete_random
precond_pen=1.000,16,-1.9849036876539987,52.055829077838,1.0,2,0.07875299453735352,0.06387710571289062,0.0,1101000010110110,++-+----+-++-++-,0,True,"[[0.000123, 64.46330545], [0.003795, 60.23344805], [0.004102, 58.70809356], [0.00424, 53.85955225], [0.063877, 52.05582908]]",10,quantum,2,,/local/scratch/a/rames102/Gurobi_QP/one_equality/complete_random
baseline,16,45.25501814482699,45.25501814482695,,2,0.06762290000915527,0.05626201629638672,0.0,1000001011101110,+-----+-+++-+++-,0,True,"[[0.00012, 52.99377053], [0.003378, 47.48460716], [0.056262, 45.25501814]]",11,quantum,2,,/local/scratch/a/rames102/Gurobi_QP/one_equality/complete_random
precond_pen=0.200,16,-15.049914517457998,45.855779684908995,0.2,2,0.014061212539672852,0.00425410270690918,0.0,0110110100011001,-++-++-+---++--+,0,True,"[[0.000121, 52.99377053], [0.003636, 54.91247727], [0.003993, 52.97625442], [0.004254, 45.85577968]]",11,quantum,2,,/local/scratch/a/rames102/Gurobi_QP/one_equality/complete_random
precond_pen=0.400,16,-12.115712686066997,45.855779684908995,0.4,2,0.013550996780395508,0.004016876220703125,0.0,1001001011100110,+--+--+-+++--++-,0,True,"[[0.000122, 52.99377053], [0.003815, 52.22367306], [0.004017, 45.85577968]]",11,quantum,2,,/local/scratch/a/rames102/Gurobi_QP/one_equality/complete_random
precond_pen=0.500,16,-9.611543570025995,45.855779684908995,0.5,2,0.04216313362121582,0.003846883773803711,0.0,1001001011100110,+--+--+-+++--++-,0,True,"[[0.000117, 52.99377053], [0.003499, 51.57780172], [0.003847, 45.85577968]]",11,quantum,2,,/local/scratch/a/rames102/Gurobi_QP/one_equality/complete_random
precond_pen=0.600,16,-7.616402741993999,45.25501814482695,0.6,2,0.04103803634643555,0.004102945327758789,0.0,1000001011101110,+-----+-+++-+++-,0,True,"[[0.000121, 52.99377053], [0.003722, 50.27037552], [0.004103, 45.25501814]]",11,quantum,2,,/local/scratch/a/rames102/Gurobi_QP/one_equality/complete_random
precond_pen=0.700,16,-6.081308560235,45.25501814482695,0.7,2,0.04198789596557617,0.004067897796630859,0.0,1000001011101110,+-----+-+++-+++-,0,True,"[[0.000123, 52.99377053], [0.003672, 52.11926556], [0.004068, 45.25501814]]",11,quantum,2,,/local/scratch/a/rames102/Gurobi_QP/one_equality/complete_random
precond_pen=0.800,16,-4.925671899721,45.25501814482695,0.8,2,0.04456615447998047,0.009461164474487305,0.0,1000001011101110,+-----+-+++-+++-,0,True,"[[0.000125, 52.99377053], [0.003702, 51.45678569], [0.004037, 48.39181553], [0.009461, 45.25501814]]",11,quantum,2,,/local/scratch/a/rames102/Gurobi_QP/one_equality/complete_random
precond_pen=1.000,16,-2.2866962015719974,45.25501814482695,1.0,2,0.05698513984680176,0.008779048919677734,0.0,1000001011101110,+-----+-+++-+++-,0,True,"[[0.000124, 52.99377053], [0.003701, 47.48460716], [0.008779, 45.25501814]]",11,quantum,2,,/local/scratch/a/rames102/Gurobi_QP/one_equality/complete_random
baseline,16,54.40757373914099,54.407573739141,,2,0.08080601692199707,0.017874956130981445,0.0,0010111010010110,--+-+++-+--+-++-,0,True,"[[0.000123, 69.10977453], [0.003343, 66.62603972], [0.003501, 58.24436744], [0.017606, 56.68045393], [0.017875, 54.40757374]]",12,quantum,2,,/local/scratch/a/rames102/Gurobi_QP/one_equality/complete_random
precond_pen=0.200,16,-9.972996801475993,55.697126445425,0.2,2,0.029531002044677734,0.004036903381347656,0.0,0010110011010110,--+-++--++-+-++-,0,True,"[[0.000128, 69.10977453], [0.003272, 70.84667914], [0.00361, 66.10275658], [0.003855, 66.46034579], [0.004037, 55.69712645]]",12,quantum,2,,/local/scratch/a/rames102/Gurobi_QP/one_equality/complete_random
precond_pen=0.400,16,-13.182826249990999,54.407573739141,0.4,2,0.025550127029418945,0.004075050354003906,0.0,0010111010010110,--+-+++-+--+-++-,0,True,"[[0.000121, 69.10977453], [0.003568, 63.98810387], [0.003841, 65.16775694], [0.004075, 54.40757374]]",12,quantum,2,,/local/scratch/a/rames102/Gurobi_QP/one_equality/complete_random
precond_pen=0.500,16,-10.559456077920995,54.407573739141,0.5,2,0.015152215957641602,0.0036661624908447266,0.0,1101000101101001,++-+---+-++-+--+,0,True,"[[0.000121, 69.10977453], [0.003274, 61.58495486], [0.003666, 54.40757374]]",12,quantum,2,,/local/scratch/a/rames102/Gurobi_QP/one_equality/complete_random
precond_pen=0.600,16,-8.427101354488002,54.407573739141,0.6,2,0.015375137329101562,0.003926992416381836,0.0,1101000101101001,++-+---+-++-+--+,0,True,"[[0.00012, 69.10977453], [0.003567, 62.0188556], [0.003927, 54.40757374]]",12,quantum,2,,/local/scratch/a/rames102/Gurobi_QP/one_equality/complete_random
precond_pen=0.700,16,-6.712302065581005,54.407573739141,0.7,2,0.014796018600463867,0.004344940185546875,0.0,1101000101101001,++-+---+-++-+--+,0,True,"[[0.000131, 69.10977453], [0.003632, 64.32481652], [0.004135, 60.9070391], [0.004345, 54.40757374]]",12,quantum,2,,/local/scratch/a/rames102/Gurobi_QP/one_equality/complete_random
precond_pen=0.800,16,-5.408181058014002,54.407573739141,0.8,2,0.01564788818359375,0.0042400360107421875,0.0,1101000101101001,++-+---+-++-+--+,0,True,"[[0.00012, 69.10977453], [0.003892, 61.49156874], [0.00424, 54.40757374]]",12,quantum,2,,/local/scratch/a/rames102/Gurobi_QP/one_equality/complete_random
precond_pen=1.000,16,-2.463945384393999,54.407573739141,1.0,2,0.032730817794799805,0.004120826721191406,0.0,0010111010010110,--+-+++-+--+-++-,0,True,"[[0.000125, 69.10977453], [0.003742, 62.49355041], [0.004121, 54.40757374]]",12,quantum,2,,/local/scratch/a/rames102/Gurobi_QP/one_equality/complete_random
baseline,16,57.09992072540301,57.09992072540301,,2,0.061334848403930664,0.00350189208984375,0.0,1100111001001001,++--+++--+--+--+,0,True,"[[0.000124, 72.06703931], [0.003172, 69.83825138], [0.003337, 65.31841], [0.003502, 57.09992073]]",13,quantum,2,,/local/scratch/a/rames102/Gurobi_QP/one_equality/complete_random
precond_pen=0.200,16,-12.624019601515013,58.39500236975302,0.2,2,0.02864813804626465,0.003648042678833008,0.0,1100011001101001,++---++--++-+--+,0,True,"[[0.000122, 72.06703931], [0.003648, 58.39500237]]",13,quantum,2,,/local/scratch/a/rames102/Gurobi_QP/one_equality/complete_random
precond_pen=0.400,16,-17.981881377547996,57.09992072540301,0.4,2,0.010380029678344727,0.0038251876831054688,0.0,1100111001001001,++--+++--+--+--+,0,True,"[[0.00012, 72.06703931], [0.003485, 61.7432287], [0.003825, 57.09992073]]",13,quantum,2,,/local/scratch/a/rames102/Gurobi_QP/one_equality/complete_random
precond_pen=0.500,16,-13.824063130443,57.09992072540301,0.5,2,0.013311147689819336,0.003940105438232422,0.0,0011000110110110,--++---++-++-++-,0,True,"[[0.000133, 72.06703931], [0.003499, 64.12166703], [0.003812, 61.04414445], [0.00394, 57.09992073]]",13,quantum,2,,/local/scratch/a/rames102/Gurobi_QP/one_equality/complete_random
precond_pen=0.600,16,-10.614136011629999,57.09992072540301,0.6,2,0.013381004333496094,0.0040950775146484375,0.0,0011000110110110,--++---++-++-++-,0,True,"[[0.000121, 72.06703931], [0.003393, 65.61954642], [0.003593, 65.31841], [0.00393, 61.04414445], [0.004095, 57.09992073]]",13,quantum,2,,/local/scratch/a/rames102/Gurobi_QP/one_equality/complete_random
precond_pen=0.700,16,-8.147145025907001,57.09992072540301,0.7,2,0.013833045959472656,0.004256010055541992,0.0,0011000110110110,--++---++-++-++-,0,True,"[[0.000119, 72.06703931], [0.003502, 68.79443854], [0.003859, 65.31841], [0.004094, 64.45262003], [0.004256, 57.09992073]]",13,quantum,2,,/local/scratch/a/rames102/Gurobi_QP/one_equality/complete_random
precond_pen=0.800,16,-6.352799408090001,57.09992072540301,0.8,2,0.015269994735717773,0.004454851150512695,0.0,0011000110110110,--++---++-++-++-,0,True,"[[0.000123, 72.06703931], [0.003723, 70.70800158], [0.003925, 65.31841], [0.004258, 64.45262003], [0.004455, 57.09992073]]",13,quantum,2,,/local/scratch/a/rames102/Gurobi_QP/one_equality/complete_random
precond_pen=1.000,16,-2.6644060956499995,57.09992072540301,1.0,2,0.03185892105102539,0.004202127456665039,0.0,0011000110110110,--++---++-++-++-,0,True,"[[0.000124, 72.06703931], [0.004031, 58.32984243], [0.004202, 57.09992073]]",13,quantum,2,,/local/scratch/a/rames102/Gurobi_QP/one_equality/complete_random
baseline,16,53.125232901941,53.12523290194102,,2,0.06737899780273438,0.017338991165161133,0.0,0011011011001001,--++-++-++--+--+,0,True,"[[0.000125, 64.34502192], [0.003542, 61.21384138], [0.003878, 56.51942124], [0.017255, 53.89049446], [0.017339, 53.1252329]]",14,quantum,2,,/local/scratch/a/rames102/Gurobi_QP/one_equality/complete_random
precond_pen=0.200,16,-11.158842832110006,53.31579278427901,0.2,2,0.04590606689453125,0.003977060317993164,0.0,1110100010100110,+++-+---+-+--++-,0,True,"[[0.00013, 64.34502192], [0.00363, 62.95306353], [0.003977, 53.31579278]]",14,quantum,2,,/local/scratch/a/rames102/Gurobi_QP/one_equality/complete_random
precond_pen=0.400,16,-11.443954643028999,53.31579278427901,0.4,2,0.015392065048217773,0.004218101501464844,0.0,0001011101011001,---+-+++-+-++--+,0,True,"[[0.000132, 64.34502192], [0.003871, 57.75005477], [0.004218, 53.31579278]]",14,quantum,2,,/local/scratch/a/rames102/Gurobi_QP/one_equality/complete_random
precond_pen=0.500,16,-8.999211122183999,53.31579278427901,0.5,2,0.01660299301147461,0.009509801864624023,0.0,0001011101011001,---+-+++-+-++--+,0,True,"[[0.000122, 64.34502192], [0.003718, 61.45324232], [0.004033, 60.2618103], [0.00419, 53.1252329], [0.00951, 53.31579278]]",14,quantum,2,,/local/scratch/a/rames102/Gurobi_QP/one_equality/complete_random
precond_pen=0.600,16,-7.150087018704,53.31579278427901,0.6,2,0.02892899513244629,0.0042459964752197266,0.0,0001011101011001,---+-+++-+-++--+,0,True,"[[0.000134, 64.34502192], [0.003464, 63.75985695], [0.003808, 61.21384138], [0.004077, 60.56510914], [0.004246, 53.31579278]]",14,quantum,2,,/local/scratch/a/rames102/Gurobi_QP/one_equality/complete_random
precond_pen=0.700,16,-5.730117090143001,53.12523290194102,0.7,2,0.033136844635009766,0.009213924407958984,0.0,0011011011001001,--++-++-++--+--+,0,True,"[[0.000114, 64.34502192], [0.003664, 59.22126659], [0.004057, 53.31579278], [0.009214, 53.1252329]]",14,quantum,2,,/local/scratch/a/rames102/Gurobi_QP/one_equality/complete_random
precond_pen=0.800,16,-4.662869060821003,53.12523290194102,0.8,2,0.03715991973876953,0.004410982131958008,0.0,0011011011001001,--++-++-++--+--+,0,True,"[[0.000141, 64.34502192], [0.003917, 61.20148247], [0.004245, 59.24323834], [0.004411, 53.1252329]]",14,quantum,2,,/local/scratch/a/rames102/Gurobi_QP/one_equality/complete_random
precond_pen=1.000,16,-2.1774372908629998,53.12523290194102,1.0,2,0.052320003509521484,0.050324201583862305,0.0,0011011011001001,--++-++-++--+--+,0,True,"[[0.000123, 64.34502192], [0.003887, 60.37356123], [0.004223, 53.89049446], [0.008563, 53.31579278], [0.050324, 53.1252329]]",14,quantum,2,,/local/scratch/a/rames102/Gurobi_QP/one_equality/complete_random
baseline,16,56.86765244234502,56.867652442345,,2,0.07787299156188965,0.0034151077270507812,0.0,1110010010010011,+++--+--+--+--++,0,True,"[[0.000122, 67.65280917], [0.003033, 65.26432876], [0.003208, 61.48547181], [0.003415, 56.86765244]]",15,quantum,2,,/local/scratch/a/rames102/Gurobi_QP/one_equality/complete_random
precond_pen=0.200,16,-6.177732697689002,56.867652442345,0.2,2,0.05385994911193848,0.004282951354980469,0.0,1110010010010011,+++--+--+--+--++,0,True,"[[0.000125, 67.65280917], [0.003703, 67.48839148], [0.004035, 65.26432876], [0.004283, 56.86765244]]",15,quantum,2,,/local/scratch/a/rames102/Gurobi_QP/one_equality/complete_random
precond_pen=0.400,16,-10.575965240224004,56.867652442345,0.4,2,0.017002105712890625,0.010382890701293945,0.0,0001101101101100,---++-++-++-++--,0,True,"[[0.000123, 67.65280917], [0.003471, 67.57992409], [0.003815, 65.26432876], [0.00419, 61.48547181], [0.004376, 57.88862811], [0.010383, 56.86765244]]",15,quantum,2,,/local/scratch/a/rames102/Gurobi_QP/one_equality/complete_random
precond_pen=0.500,16,-8.514239666073001,56.867652442345,0.5,2,0.028039932250976562,0.00416111946105957,0.0,1110010010010011,+++--+--+--+--++,0,True,"[[0.000148, 67.65280917], [0.003698, 64.2551835], [0.003909, 61.48547181], [0.004161, 56.86765244]]",15,quantum,2,,/local/scratch/a/rames102/Gurobi_QP/one_equality/complete_random
precond_pen=0.600,16,-6.705079420569001,56.867652442345,0.6,2,0.018970012664794922,0.004306793212890625,0.0,0001101101101100,---++-++-++-++--,0,True,"[[0.000123, 67.65280917], [0.003565, 65.06812284], [0.003763, 65.26432876], [0.004109, 62.10671347], [0.004307, 56.86765244]]",15,quantum,2,,/local/scratch/a/rames102/Gurobi_QP/one_equality/complete_random
precond_pen=0.700,16,-5.272549800004,56.867652442345,0.7,2,0.028912067413330078,0.004158973693847656,0.0,0001101101101100,---++-++-++-++--,0,True,"[[0.000124, 67.65280917], [0.003601, 63.24049008], [0.003803, 64.4724196], [0.003997, 62.10671347], [0.004159, 56.86765244]]",15,quantum,2,,/local/scratch/a/rames102/Gurobi_QP/one_equality/complete_random
precond_pen=0.800,16,-4.222856158358999,56.867652442345,0.8,2,0.020704030990600586,0.004425048828125,0.0,0001101101101100,---++-++-++-++--,0,True,"[[0.000126, 67.65280917], [0.003697, 66.12669677], [0.003899, 65.26432876], [0.00423, 62.10671347], [0.004425, 56.86765244]]",15,quantum,2,,/local/scratch/a/rames102/Gurobi_QP/one_equality/complete_random
precond_pen=1.000,16,-1.99820378828999,56.867652442345,1.0,2,0.07433509826660156,0.0040280818939208984,0.0,0001101101101100,---++-++-++-++--,0,True,"[[0.00012, 67.65280917], [0.003849, 64.21087749], [0.004028, 56.86765244]]",15,quantum,2,,/local/scratch/a/rames102/Gurobi_QP/one_equality/complete_random
baseline,16,55.12307955243,55.12307955243,,2,0.06609797477722168,0.0034530162811279297,0.0,0001111010010011,---++++-+--+--++,0,True,"[[0.000117, 66.08345906], [0.003053, 64.01534034], [0.003237, 63.4419686], [0.003453, 55.12307955]]",16,quantum,2,,/local/scratch/a/rames102/Gurobi_QP/one_equality/complete_random
precond_pen=0.200,16,-11.664047249564014,55.12307955243,0.2,2,0.03138017654418945,0.004004001617431641,0.0,1110000101101100,+++----+-++-++--,0,True,"[[0.000123, 66.08345906], [0.003595, 64.01534034], [0.004004, 55.12307955]]",16,quantum,2,,/local/scratch/a/rames102/Gurobi_QP/one_equality/complete_random
precond_pen=0.400,16,-13.817004976795001,55.12307955243,0.4,2,0.038369178771972656,0.008682012557983398,0.0,1110000101101100,+++----+-++-++--,0,True,"[[0.000127, 66.08345906], [0.003533, 65.02528974], [0.003745, 64.01534034], [0.003989, 56.72212149], [0.008682, 55.12307955]]",16,quantum,2,,/local/scratch/a/rames102/Gurobi_QP/one_equality/complete_random
precond_pen=0.500,16,-10.495140547242,55.12307955243,0.5,2,0.013345003128051758,0.004133939743041992,0.0,0001111010010011,---++++-+--+--++,0,True,"[[0.000119, 66.08345906], [0.003727, 62.79731826], [0.004134, 55.12307955]]",16,quantum,2,,/local/scratch/a/rames102/Gurobi_QP/one_equality/complete_random
precond_pen=0.600,16,-8.007421034078005,55.12307955243,0.6,2,0.014513969421386719,0.004319190979003906,0.0,1110000101101100,+++----+-++-++--,0,True,"[[0.000121, 66.08345906], [0.003695, 65.74444344], [0.004029, 64.01534034], [0.004319, 55.12307955]]",16,quantum,2,,/local/scratch/a/rames102/Gurobi_QP/one_equality/complete_random
precond_pen=0.700,16,-6.187942739460995,55.12307955243,0.7,2,0.015549898147583008,0.009103059768676758,0.0,0001111010010011,---++++-+--+--++,0,True,"[[0.000123, 66.08345906], [0.003792, 59.164879], [0.004145, 56.72212149], [0.009103, 55.12307955]]",16,quantum,2,,/local/scratch/a/rames102/Gurobi_QP/one_equality/complete_random
precond_pen=0.800,16,-4.897832770175001,55.12307955243,0.8,2,0.04010295867919922,0.004456043243408203,0.0,0001111010010011,---++++-+--+--++,0,True,"[[0.000124, 66.08345906], [0.003765, 61.2887259], [0.004256, 61.10585005], [0.004456, 55.12307955]]",16,quantum,2,,/local/scratch/a/rames102/Gurobi_QP/one_equality/complete_random
precond_pen=1.000,16,-2.1937765258329964,55.12307955243,1.0,2,0.07140016555786133,0.004209995269775391,0.0,0001111010010011,---++++-+--+--++,0,True,"[[0.000124, 66.08345906], [0.003676, 65.93835887], [0.00402, 62.62964315], [0.00421, 55.12307955]]",16,quantum,2,,/local/scratch/a/rames102/Gurobi_QP/one_equality/complete_random
baseline,16,51.476810919306985,51.476810919307,,2,0.07515478134155273,0.0036208629608154297,0.0,1100101011000101,++--+-+-++---+-+,0,True,"[[0.000146, 59.99779131], [0.003488, 58.47811494], [0.003621, 51.47681092]]",17,quantum,2,,/local/scratch/a/rames102/Gurobi_QP/one_equality/complete_random
precond_pen=0.200,16,-9.240952797302997,52.59257023453701,0.2,2,0.06289410591125488,0.0038878917694091797,0.0,0011111100000101,--++++++-----+-+,0,True,"[[0.000123, 59.99779131], [0.003472, 56.27424555], [0.003669, 57.33255324], [0.003888, 52.59257023]]",17,quantum,2,,/local/scratch/a/rames102/Gurobi_QP/one_equality/complete_random
precond_pen=0.400,16,-9.382928334983998,51.476810919307,0.4,2,0.03470897674560547,0.014535903930664062,0.0,1100101011000101,++--+-+-++---+-+,0,True,"[[0.000122, 59.99779131], [0.003407, 54.88558938], [0.003761, 52.41744821], [0.009157, 51.84448153], [0.014536, 51.47681092]]",17,quantum,2,,/local/scratch/a/rames102/Gurobi_QP/one_equality/complete_random
precond_pen=0.500,16,-7.333653725407001,51.476810919307,0.5,2,0.029422998428344727,0.02561497688293457,0.0,0011010100111010,--++-+-+--+++-+-,0,True,"[[0.000124, 59.99779131], [0.00378, 56.72171334], [0.004101, 56.75296776], [0.004266, 52.41744821], [0.009737, 51.84448153], [0.025615, 51.47681092]]",17,quantum,2,,/local/scratch/a/rames102/Gurobi_QP/one_equality/complete_random
precond_pen=0.600,16,-5.671187454806003,51.476810919307,0.6,2,0.02933192253112793,0.02570199966430664,0.0,0011010100111010,--++-+-+--+++-+-,0,True,"[[0.000125, 59.99779131], [0.003609, 58.57012438], [0.003808, 51.84448153], [0.025702, 51.47681092]]",17,quantum,2,,/local/scratch/a/rames102/Gurobi_QP/one_equality/complete_random
precond_pen=0.700,16,-4.441132593875003,51.476810919307,0.7,2,0.03635096549987793,0.004185914993286133,0.0,0011010100111010,--++-+-+--+++-+-,0,True,"[[0.000126, 59.99779131], [0.003649, 55.5046535], [0.003933, 54.25181201], [0.004186, 51.47681092]]",17,quantum,2,,/local/scratch/a/rames102/Gurobi_QP/one_equality/complete_random
precond_pen=0.800,16,-3.5740680297940024,51.476810919307,0.8,2,0.03900909423828125,0.009371042251586914,0.0,0011010100111010,--++-+-+--+++-+-,0,True,"[[0.000136, 59.99779131], [0.003716, 57.95345775], [0.003931, 55.76047413], [0.004157, 56.28540366], [0.004354, 51.84448153], [0.009371, 51.47681092]]",17,quantum,2,,/local/scratch/a/rames102/Gurobi_QP/one_equality/complete_random
precond_pen=1.000,16,-1.7683155159160018,51.476810919307,1.0,2,0.0888068675994873,0.008738994598388672,0.0,1100101011000101,++--+-+-++---+-+,0,True,"[[0.000122, 59.99779131], [0.003793, 57.81702729], [0.003981, 51.84448153], [0.008739, 51.47681092]]",17,quantum,2,,/local/scratch/a/rames102/Gurobi_QP/one_equality/complete_random
baseline,16,52.87104298052801,52.87104298052797,,2,0.10694694519042969,0.033432960510253906,0.0,0100100011111100,-+--+---++++++--,0,True,"[[0.00012, 59.61514206], [0.003314, 54.99593595], [0.033433, 52.87104298]]",18,quantum,2,,/local/scratch/a/rames102/Gurobi_QP/one_equality/complete_random
precond_pen=0.200,16,-12.225401122643001,53.077269684794,0.2,2,0.024817943572998047,0.0037841796875,0.0,1011001100000111,+-++--++-----+++,0,True,"[[0.000115, 59.61514206], [0.003784, 53.07726968]]",18,quantum,2,,/local/scratch/a/rames102/Gurobi_QP/one_equality/complete_random
precond_pen=0.400,16,-12.310822174799,52.87104298052797,0.4,2,0.013646125793457031,0.003982067108154297,0.0,1011011100000011,+-++-+++------++,0,True,"[[0.00012, 59.61514206], [0.003619, 56.35977337], [0.003982, 52.87104298]]",18,quantum,2,,/local/scratch/a/rames102/Gurobi_QP/one_equality/complete_random
precond_pen=0.500,16,-9.871580232167998,52.87104298052797,0.5,2,0.015291929244995117,0.004211902618408203,0.0,0100100011111100,-+--+---++++++--,0,True,"[[0.000125, 59.61514206], [0.003472, 58.82979032], [0.003811, 57.72229234], [0.004042, 56.73503599], [0.004212, 52.87104298]]",18,quantum,2,,/local/scratch/a/rames102/Gurobi_QP/one_equality/complete_random
precond_pen=0.600,16,-7.821414379933,52.87104298052797,0.6,2,0.029096126556396484,0.0038771629333496094,0.0,0100100011111100,-+--+---++++++--,0,True,"[[0.000119, 59.61514206], [0.003668, 59.54453207], [0.003877, 52.87104298]]",18,quantum,2,,/local/scratch/a/rames102/Gurobi_QP/one_equality/complete_random
precond_pen=0.700,16,-6.183837897572992,52.87104298052797,0.7,2,0.02991509437561035,0.004008054733276367,0.0,0100100011111100,-+--+---++++++--,0,True,"[[0.000121, 59.61514206], [0.003808, 55.5381035], [0.004008, 52.87104298]]",18,quantum,2,,/local/scratch/a/rames102/Gurobi_QP/one_equality/complete_random
precond_pen=0.800,16,-4.950006521492001,52.87104298052797,0.8,2,0.016433000564575195,0.00431513786315918,0.0,0100100011111100,-+--+---++++++--,0,True,"[[0.000134, 59.61514206], [0.003599, 58.60546804], [0.004105, 56.73503599], [0.004315, 52.87104298]]",18,quantum,2,,/local/scratch/a/rames102/Gurobi_QP/one_equality/complete_random
precond_pen=1.000,16,-2.230338941829001,52.87104298052797,1.0,2,0.086090087890625,0.007982969284057617,0.0,1011011100000011,+-++-+++------++,0,True,"[[0.000123, 59.61514206], [0.003698, 59.329745], [0.003834, 53.57607879], [0.007983, 52.87104298]]",18,quantum,2,,/local/scratch/a/rames102/Gurobi_QP/one_equality/complete_random
baseline,16,52.105474173337996,52.105474173337996,,2,0.08511495590209961,0.0845499038696289,0.0,0001110110000111,---+++-++----+++,0,True,"[[0.000137, 68.86817334], [0.003168, 67.16571112], [0.003369, 66.89795767], [0.003573, 63.00207325], [0.003715, 53.71935186], [0.080862, 52.64011219], [0.080943, 52.58426783], [0.081034, 52.10547417], [0.08455, 52.10547417]]",19,quantum,2,,/local/scratch/a/rames102/Gurobi_QP/one_equality/complete_random
precond_pen=0.200,16,-13.84613598811599,52.105474173337996,0.2,2,0.018297910690307617,0.003958940505981445,0.0,1110001001111000,+++---+--++++---,0,True,"[[0.000121, 68.86817334], [0.003613, 59.46485212], [0.003959, 52.10547417]]",19,quantum,2,,/local/scratch/a/rames102/Gurobi_QP/one_equality/complete_random
precond_pen=0.400,16,-15.139886939197002,52.105474173337996,0.4,2,0.012547016143798828,0.003838062286376953,0.0,0001110110000111,---+++-++----+++,0,True,"[[0.000121, 68.86817334], [0.003567, 52.58426783], [0.003838, 52.10547417]]",19,quantum,2,,/local/scratch/a/rames102/Gurobi_QP/one_equality/complete_random
precond_pen=0.500,16,-11.665928744091996,52.105474173337996,0.5,2,0.013047933578491211,0.0044019222259521484,0.0,0001110110000111,---+++-++----+++,0,True,"[[0.000118, 68.86817334], [0.003483, 65.52244687], [0.003846, 64.61752419], [0.004216, 61.71144686], [0.004402, 52.10547417]]",19,quantum,2,,/local/scratch/a/rames102/Gurobi_QP/one_equality/complete_random
precond_pen=0.600,16,-9.017003511297997,52.105474173337996,0.6,2,0.012892961502075195,0.003926992416381836,0.0,0001110110000111,---+++-++----+++,0,True,"[[0.000133, 68.86817334], [0.003515, 60.39611966], [0.003927, 52.10547417]]",19,quantum,2,,/local/scratch/a/rames102/Gurobi_QP/one_equality/complete_random
precond_pen=0.700,16,-7.020576796877002,52.105474173337996,0.7,2,0.014327049255371094,0.004281044006347656,0.0,1110001001111000,+++---+--++++---,0,True,"[[0.000119, 68.86817334], [0.003689, 64.73211119], [0.003912, 62.33426566], [0.004126, 61.3107009], [0.004281, 52.10547417]]",19,quantum,2,,/local/scratch/a/rames102/Gurobi_QP/one_equality/complete_random
precond_pen=0.800,16,-5.568315106411999,52.105474173337996,0.8,2,0.026534080505371094,0.004357099533081055,0.0,0001110110000111,---+++-++----+++,0,True,"[[0.000139, 68.86817334], [0.003782, 57.9252119], [0.004357, 52.10547417]]",19,quantum,2,,/local/scratch/a/rames102/Gurobi_QP/one_equality/complete_random
precond_pen=1.000,16,-2.4565169493749988,52.105474173337996,1.0,2,0.033030033111572266,0.00840616226196289,0.0,0001110110000111,---+++-++----+++,0,True,"[[0.000124, 68.86817334], [0.003822, 64.96707639], [0.003977, 53.71935186], [0.008406, 52.10547417]]",19,quantum,2,,/local/scratch/a/rames102/Gurobi_QP/one_equality/complete_random
baseline,16,48.848816103204996,48.848816103205024,,2,0.06326603889465332,0.0036039352416992188,0.0,1110000111011000,+++----+++-++---,0,True,"[[0.000123, 62.54334804], [0.003455, 58.8871088], [0.003604, 48.8488161]]",20,quantum,2,,/local/scratch/a/rames102/Gurobi_QP/one_equality/complete_random
precond_pen=0.200,16,-12.305391673653995,48.848816103205024,0.2,2,0.024888992309570312,0.0038781166076660156,0.0,1110000111011000,+++----+++-++---,0,True,"[[0.000137, 62.54334804], [0.003529, 55.47909835], [0.003878, 48.8488161]]",20,quantum,2,,/local/scratch/a/rames102/Gurobi_QP/one_equality/complete_random
precond_pen=0.400,16,-11.106648053226,48.848816103205024,0.4,2,0.015397071838378906,0.01335287094116211,0.0,0001111000100111,---++++---+--+++,0,True,"[[0.000122, 62.54334804], [0.003766, 58.37001213], [0.003969, 49.58158333], [0.013353, 48.8488161]]",20,quantum,2,,/local/scratch/a/rames102/Gurobi_QP/one_equality/complete_random
precond_pen=0.500,16,-8.633815365256998,48.848816103205024,0.5,2,0.03416800498962402,0.016144990921020508,0.0,1110000111011000,+++----+++-++---,0,True,"[[0.000124, 62.54334804], [0.00351, 53.55664071], [0.00385, 49.58158333], [0.016145, 48.8488161]]",20,quantum,2,,/local/scratch/a/rames102/Gurobi_QP/one_equality/complete_random
precond_pen=0.600,16,-6.624398784097004,48.848816103205024,0.6,2,0.017622947692871094,0.004787921905517578,0.0,0001111000100111,---++++---+--+++,0,True,"[[0.000123, 62.54334804], [0.003873, 60.76444836], [0.004212, 58.32317389], [0.004594, 56.73836656], [0.004788, 48.8488161]]",20,quantum,2,,/local/scratch/a/rames102/Gurobi_QP/one_equality/complete_random
precond_pen=0.700,16,-5.157657812362994,48.848816103205024,0.7,2,0.03626108169555664,0.01716899871826172,0.0,0001111000100111,---++++---+--+++,0,True,"[[0.000123, 62.54334804], [0.003742, 58.09156041], [0.003952, 55.47909835], [0.00414, 52.5862647], [0.004281, 49.58158333], [0.017169, 48.8488161]]",20,quantum,2,,/local/scratch/a/rames102/Gurobi_QP/one_equality/complete_random
precond_pen=0.800,16,-4.131203525806996,48.848816103205024,0.8,2,0.016433000564575195,0.009373188018798828,0.0,0001111000100111,---++++---+--+++,0,True,"[[0.000126, 62.54334804], [0.003794, 53.96849505], [0.00408, 50.22112427], [0.004213, 49.58158333], [0.009373, 48.8488161]]",20,quantum,2,,/local/scratch/a/rames102/Gurobi_QP/one_equality/complete_random
precond_pen=1.000,16,-1.9660574843510012,48.848816103205024,1.0,2,0.06565093994140625,0.06307291984558105,0.0,1110000111011000,+++----+++-++---,0,True,"[[0.000125, 62.54334804], [0.003815, 54.87975136], [0.003991, 49.58158333], [0.063073, 48.8488161]]",20,quantum,2,,/local/scratch/a/rames102/Gurobi_QP/one_equality/complete_random
baseline,16,53.346939705590025,53.346939705589996,,2,0.11265182495117188,0.11207389831542969,0.0,1000001101110011,+-----++-+++--++,0,True,"[[0.000121, 60.32874964], [0.003251, 59.92999146], [0.003423, 59.92685198], [0.003625, 54.06815409], [0.017669, 53.41995908], [0.093222, 53.34693971], [0.112074, 53.34693971]]",21,quantum,2,,/local/scratch/a/rames102/Gurobi_QP/one_equality/complete_random
precond_pen=0.200,16,-9.580788358922002,53.94750291995802,0.2,2,0.029243946075439453,0.004472017288208008,0.0,1100011001100101,++---++--++--+-+,0,True,"[[0.000126, 60.32874964], [0.003514, 61.44056393], [0.003866, 59.92999146], [0.004269, 58.04980662], [0.004472, 53.94750292]]",21,quantum,2,,/local/scratch/a/rames102/Gurobi_QP/one_equality/complete_random
precond_pen=0.400,16,-9.848365896415999,53.94750291995802,0.4,2,0.025391101837158203,0.00980997085571289,0.0,1100011001100101,++---++--++--+-+,0,True,"[[0.000122, 60.32874964], [0.003707, 58.35850419], [0.00407, 55.52069972], [0.004333, 55.01145079], [0.004497, 53.66111831], [0.00981, 53.94750292]]",21,quantum,2,,/local/scratch/a/rames102/Gurobi_QP/one_equality/complete_random
precond_pen=0.500,16,-7.851112783579003,53.94750291995802,0.5,2,0.02579498291015625,0.022903919219970703,0.0,1100011001100101,++---++--++--+-+,0,True,"[[0.000123, 60.32874964], [0.003619, 55.29053582], [0.003843, 55.52069972], [0.004057, 53.66111831], [0.022904, 53.94750292]]",21,quantum,2,,/local/scratch/a/rames102/Gurobi_QP/one_equality/complete_random
precond_pen=0.600,16,-6.285449606416997,53.94750291995802,0.6,2,0.02622699737548828,0.009763002395629883,0.0,1100011001100101,++---++--++--+-+,0,True,"[[0.000128, 60.32874964], [0.003567, 56.90465149], [0.003927, 55.52069972], [0.004329, 55.01145079], [0.004523, 53.66111831], [0.009763, 53.94750292]]",21,quantum,2,,/local/scratch/a/rames102/Gurobi_QP/one_equality/complete_random
precond_pen=0.700,16,-5.047525577403996,53.94750291995802,0.7,2,0.031906843185424805,0.030038833618164062,0.0,1100011001100101,++---++--++--+-+,0,True,"[[0.000131, 60.32874964], [0.003602, 59.28348252], [0.003767, 53.34693971], [0.009649, 53.66111831], [0.030039, 53.94750292]]",21,quantum,2,,/local/scratch/a/rames102/Gurobi_QP/one_equality/complete_random
precond_pen=0.800,16,-4.1053769944409995,53.94750291995802,0.8,2,0.033097028732299805,0.031530141830444336,0.0,0011100110011010,--+++--++--++-+-,0,True,"[[0.00012, 60.32874964], [0.003572, 53.58488545], [0.003906, 53.66111831], [0.03153, 53.94750292]]",21,quantum,2,,/local/scratch/a/rames102/Gurobi_QP/one_equality/complete_random
precond_pen=1.000,16,-1.9925261712739974,53.346939705589996,1.0,2,0.09630489349365234,0.09579300880432129,0.0,0111110010001100,-+++++--+---++--,0,True,"[[0.000137, 60.32874964], [0.003755, 59.68578585], [0.003933, 53.41995908], [0.094909, 53.34693971], [0.095793, 53.34693971]]",21,quantum,2,,/local/scratch/a/rames102/Gurobi_QP/one_equality/complete_random
baseline,16,55.63589205206201,55.635892052061976,,2,0.06677889823913574,0.003537893295288086,0.0,1110000110110100,+++----++-++-+--,0,True,"[[0.000122, 65.01239624], [0.003181, 65.00804539], [0.00334, 65.00343887], [0.003538, 55.63589205]]",22,quantum,2,,/local/scratch/a/rames102/Gurobi_QP/one_equality/complete_random
precond_pen=0.200,16,-8.235308976993025,55.635892052061976,0.2,2,0.04830503463745117,0.009123086929321289,0.0,1110000110110100,+++----++-++-+--,0,True,"[[0.000121, 65.01239624], [0.003638, 66.59740724], [0.003968, 58.13303639], [0.009123, 55.63589205]]",22,quantum,2,,/local/scratch/a/rames102/Gurobi_QP/one_equality/complete_random
precond_pen=0.400,16,-12.843939956187004,55.635892052061976,0.4,2,0.012533187866210938,0.003920078277587891,0.0,1110000110110100,+++----++-++-+--,0,True,"[[0.000122, 65.01239624], [0.003607, 61.42179401], [0.00392, 55.63589205]]",22,quantum,2,,/local/scratch/a/rames102/Gurobi_QP/one_equality/complete_random
precond_pen=0.500,16,-10.049635449481002,55.635892052061976,0.5,2,0.013035058975219727,0.003854990005493164,0.0,0001111001001011,---++++--+--+-++,0,True,"[[0.00012, 65.01239624], [0.003346, 62.88658902], [0.0037, 62.5908958], [0.003855, 55.63589205]]",22,quantum,2,,/local/scratch/a/rames102/Gurobi_QP/one_equality/complete_random
precond_pen=0.600,16,-7.744578497559995,55.635892052061976,0.6,2,0.013786077499389648,0.0037271976470947266,0.0,1110000110110100,+++----++-++-+--,0,True,"[[0.000121, 65.01239624], [0.00341, 60.25234469], [0.003727, 55.63589205]]",22,quantum,2,,/local/scratch/a/rames102/Gurobi_QP/one_equality/complete_random
precond_pen=0.700,16,-5.991273799291004,55.635892052061976,0.7,2,0.014991998672485352,0.0042781829833984375,0.0,0001111001001011,---++++--+--+-++,0,True,"[[0.000128, 65.01239624], [0.003766, 63.84081556], [0.004118, 62.22736347], [0.004278, 55.63589205]]",22,quantum,2,,/local/scratch/a/rames102/Gurobi_QP/one_equality/complete_random
precond_pen=0.800,16,-4.743900228955004,55.635892052061976,0.8,2,0.014882087707519531,0.009317159652709961,0.0,0001111001001011,---++++--+--+-++,0,True,"[[0.000127, 65.01239624], [0.003767, 63.64273327], [0.004129, 58.13303639], [0.009317, 55.63589205]]",22,quantum,2,,/local/scratch/a/rames102/Gurobi_QP/one_equality/complete_random
precond_pen=1.000,16,-2.1858310729250023,55.635892052061976,1.0,2,0.0546572208404541,0.05313420295715332,0.0,0001111001001011,---++++--+--+-++,0,True,"[[0.000137, 65.01239624], [0.003889, 64.19850434], [0.004155, 58.13303639], [0.053134, 55.63589205]]",22,quantum,2,,/local/scratch/a/rames102/Gurobi_QP/one_equality/complete_random
baseline,16,53.58429874295398,53.58429874295398,,2,0.07049202919006348,0.0036029815673828125,0.0,1100001001101101,++----+--++-++-+,0,True,"[[0.000117, 62.43540209], [0.003068, 61.47328807], [0.003266, 60.63664049], [0.003455, 60.12218803], [0.003603, 53.58429874]]",23,quantum,2,,/local/scratch/a/rames102/Gurobi_QP/one_equality/complete_random
precond_pen=0.200,16,-13.108023379303994,53.58429874295398,0.2,2,0.02461981773376465,0.003866910934448242,0.0,0011110110010010,--++++-++--+--+-,0,True,"[[0.000136, 62.43540209], [0.003457, 61.93163249], [0.003653, 59.59122219], [0.003867, 53.58429874]]",23,quantum,2,,/local/scratch/a/rames102/Gurobi_QP/one_equality/complete_random
precond_pen=0.400,16,-14.140144767265998,53.58429874295398,0.4,2,0.010648012161254883,0.0037500858306884766,0.0,1100001001101101,++----+--++-++-+,0,True,"[[0.000124, 62.43540209], [0.003618, 60.12218803], [0.00375, 53.58429874]]",23,quantum,2,,/local/scratch/a/rames102/Gurobi_QP/one_equality/complete_random
precond_pen=0.500,16,-10.814477243327,53.58429874295398,0.5,2,0.013839006423950195,0.004352092742919922,0.0,0011110110010010,--++++-++--+--+-,0,True,"[[0.000124, 62.43540209], [0.003694, 59.86262358], [0.004066, 59.59122219], [0.004352, 53.58429874]]",23,quantum,2,,/local/scratch/a/rames102/Gurobi_QP/one_equality/complete_random
precond_pen=0.600,16,-8.298863575571,53.58429874295398,0.6,2,0.014416933059692383,0.00426793098449707,0.0,0011110110010010,--++++-++--+--+-,0,True,"[[0.000129, 62.43540209], [0.003638, 60.61056894], [0.003999, 59.59122219], [0.004268, 53.58429874]]",23,quantum,2,,/local/scratch/a/rames102/Gurobi_QP/one_equality/complete_random
precond_pen=0.700,16,-6.432343094945997,53.58429874295398,0.7,2,0.013564109802246094,0.004208087921142578,0.0,0011110110010010,--++++-++--+--+-,0,True,"[[0.000123, 62.43540209], [0.003567, 61.5343055], [0.003938, 60.63664049], [0.004208, 53.58429874]]",23,quantum,2,,/local/scratch/a/rames102/Gurobi_QP/one_equality/complete_random
precond_pen=0.800,16,-5.094406103116006,53.58429874295398,0.8,2,0.014449119567871094,0.004374980926513672,0.0,1100001001101101,++----+--++-++-+,0,True,"[[0.000122, 62.43540209], [0.003565, 61.61122446], [0.003799, 60.63664049], [0.004171, 58.27656432], [0.004375, 53.58429874]]",23,quantum,2,,/local/scratch/a/rames102/Gurobi_QP/one_equality/complete_random
precond_pen=1.000,16,-2.286365413856995,53.58429874295398,1.0,2,0.02426600456237793,0.003773927688598633,0.0,0011110110010010,--++++-++--+--+-,0,True,"[[0.000124, 62.43540209], [0.003774, 53.58429874]]",23,quantum,2,,/local/scratch/a/rames102/Gurobi_QP/one_equality/complete_random
baseline,16,54.71327719824801,54.71327719824798,,2,0.08226203918457031,0.01715993881225586,0.0,0001001011110011,---+--+-++++--++,0,True,"[[0.000122, 63.06341451], [0.003356, 55.06980781], [0.01716, 54.7132772]]",24,quantum,2,,/local/scratch/a/rames102/Gurobi_QP/one_equality/complete_random
precond_pen=0.200,16,-9.322069642495006,54.71327719824798,0.2,2,0.04606008529663086,0.0039751529693603516,0.0,0001001011110011,---+--+-++++--++,0,True,"[[0.000122, 63.06341451], [0.003655, 55.63756433], [0.003975, 54.7132772]]",24,quantum,2,,/local/scratch/a/rames102/Gurobi_QP/one_equality/complete_random
precond_pen=0.400,16,-9.888238526424999,54.71327719824798,0.4,2,0.0245208740234375,0.004091978073120117,0.0,1110110100001100,+++-++-+----++--,0,True,"[[0.000119, 63.06341451], [0.003421, 61.79376691], [0.003828, 58.00167176], [0.004092, 54.7132772]]",24,quantum,2,,/local/scratch/a/rames102/Gurobi_QP/one_equality/complete_random
precond_pen=0.500,16,-7.761775079278997,54.71327719824798,0.5,2,0.027328014373779297,0.008799076080322266,0.0,0001001011110011,---+--+-++++--++,0,True,"[[0.000129, 63.06341451], [0.003481, 56.36059705], [0.003774, 54.99139376], [0.008799, 54.7132772]]",24,quantum,2,,/local/scratch/a/rames102/Gurobi_QP/one_equality/complete_random
precond_pen=0.600,16,-6.0634349920460044,54.71327719824798,0.6,2,0.030554771423339844,0.01850295066833496,0.0,0001001011110011,---+--+-++++--++,0,True,"[[0.000123, 63.06341451], [0.003814, 62.50353071], [0.003986, 55.06980781], [0.009261, 54.73356801], [0.018503, 54.7132772]]",24,quantum,2,,/local/scratch/a/rames102/Gurobi_QP/one_equality/complete_random
precond_pen=0.700,16,-4.773488157713001,54.71327719824798,0.7,2,0.030572175979614258,0.025053977966308594,0.0,0001001011110011,---+--+-++++--++,0,True,"[[0.000132, 63.06341451], [0.003603, 61.95341262], [0.003858, 60.62855284], [0.00404, 59.86369239], [0.004189, 54.99139376], [0.024974, 54.73356801], [0.025054, 54.7132772]]",24,quantum,2,,/local/scratch/a/rames102/Gurobi_QP/one_equality/complete_random
precond_pen=0.800,16,-3.833203360883995,54.71327719824798,0.8,2,0.035295963287353516,0.03380703926086426,0.0,0001001011110011,---+--+-++++--++,0,True,"[[0.000132, 63.06341451], [0.003799, 60.51508651], [0.004064, 58.00167176], [0.004262, 55.9014554], [0.004397, 55.06980781], [0.009646, 54.73356801], [0.033807, 54.7132772]]",24,quantum,2,,/local/scratch/a/rames102/Gurobi_QP/one_equality/complete_random
precond_pen=1.000,16,-1.8169446097709967,54.71327719824798,1.0,2,0.12204599380493164,0.12149310111999512,0.0,1110110100001100,+++-++-+----++--,0,True,"[[0.000125, 63.06341451], [0.00398, 61.51263942], [0.004103, 54.73356801], [0.121082, 54.7132772], [0.121493, 54.7132772]]",24,quantum,2,,/local/scratch/a/rames102/Gurobi_QP/one_equality/complete_random
baseline,16,50.73561711458202,50.73561711458199,,2,0.07926511764526367,0.07865190505981445,0.0,0001111011100010,---++++-+++---+-,0,True,"[[0.000128, 55.47990272], [0.003497, 51.67108166], [0.05776, 50.73561711], [0.078652, 50.73561711]]",25,quantum,2,,/local/scratch/a/rames102/Gurobi_QP/one_equality/complete_random
precond_pen=0.200,16,-10.735940628834001,51.85087399193002,0.2,2,0.030443906784057617,0.0037698745727539062,0.0,0111111001100000,-++++++--++-----,0,True,"[[0.000121, 55.47990272], [0.00377, 51.85087399]]",25,quantum,2,,/local/scratch/a/rames102/Gurobi_QP/one_equality/complete_random
precond_pen=0.400,16,-10.521736614146999,51.85087399193002,0.4,2,0.015720844268798828,0.0037488937377929688,0.0,0111111001100000,-++++++--++-----,0,True,"[[0.000123, 55.47990272], [0.003749, 51.85087399]]",25,quantum,2,,/local/scratch/a/rames102/Gurobi_QP/one_equality/complete_random
precond_pen=0.500,16,-8.178338519464997,51.85087399193002,0.5,2,0.026072978973388672,0.0035729408264160156,0.0,0111111001100000,-++++++--++-----,0,True,"[[0.000119, 55.47990272], [0.003573, 51.85087399]]",25,quantum,2,,/local/scratch/a/rames102/Gurobi_QP/one_equality/complete_random
precond_pen=0.600,16,-6.341199237170998,51.85087399193002,0.6,2,0.025842905044555664,0.008704900741577148,0.0,1000000110011111,+------++--+++++,0,True,"[[0.000122, 55.47990272], [0.003674, 51.7616211], [0.008705, 51.85087399]]",25,quantum,2,,/local/scratch/a/rames102/Gurobi_QP/one_equality/complete_random
precond_pen=0.700,16,-5.039343626627997,50.78316752332601,0.7,2,0.027983903884887695,0.009067773818969727,0.0,1010000100011111,+-+----+---+++++,0,True,"[[0.000119, 55.47990272], [0.003693, 54.5029813], [0.004048, 51.7616211], [0.009068, 50.78316752]]",25,quantum,2,,/local/scratch/a/rames102/Gurobi_QP/one_equality/complete_random
precond_pen=0.800,16,-4.092446631058003,50.78316752332601,0.8,2,0.03292489051818848,0.0039958953857421875,0.0,1010000100011111,+-+----+---+++++,0,True,"[[0.000132, 55.47990272], [0.003569, 55.57396541], [0.003837, 55.40696907], [0.003996, 50.78316752]]",25,quantum,2,,/local/scratch/a/rames102/Gurobi_QP/one_equality/complete_random
precond_pen=1.000,16,-1.9745643341970007,50.73561711458199,1.0,2,0.07987308502197266,0.06606817245483398,0.0,0001111011100010,---++++-+++---+-,0,True,"[[0.000125, 55.47990272], [0.003714, 51.67108166], [0.008179, 51.18486693], [0.066068, 50.73561711]]",25,quantum,2,,/local/scratch/a/rames102/Gurobi_QP/one_equality/complete_random
baseline,16,51.07438107428298,51.07438107428301,,2,0.06387519836425781,0.003523111343383789,0.0,0011000101001111,--++---+-+--++++,0,True,"[[0.000122, 65.83376564], [0.00334, 62.71590739], [0.003523, 51.07438107]]",26,quantum,2,,/local/scratch/a/rames102/Gurobi_QP/one_equality/complete_random
precond_pen=0.200,16,-16.434236701738,51.07438107428301,0.2,2,0.01600193977355957,0.003877878189086914,0.0,0011000101001111,--++---+-+--++++,0,True,"[[0.000122, 65.83376564], [0.003563, 54.62728006], [0.003878, 51.07438107]]",26,quantum,2,,/local/scratch/a/rames102/Gurobi_QP/one_equality/complete_random
precond_pen=0.400,16,-16.544380349007,51.07438107428301,0.4,2,0.012897014617919922,0.0039441585540771484,0.0,0011000101001111,--++---+-+--++++,0,True,"[[0.00012, 65.83376564], [0.003724, 57.8438619], [0.003944, 51.07438107]]",26,quantum,2,,/local/scratch/a/rames102/Gurobi_QP/one_equality/complete_random
precond_pen=0.500,16,-12.560662599495,51.07438107428301,0.5,2,0.012513875961303711,0.003882884979248047,0.0,1100111010110000,++--+++-+-++----,0,True,"[[0.000124, 65.83376564], [0.003552, 54.43726395], [0.003883, 51.07438107]]",26,quantum,2,,/local/scratch/a/rames102/Gurobi_QP/one_equality/complete_random
precond_pen=0.600,16,-9.553532341609998,51.07438107428301,0.6,2,0.01376199722290039,0.0037348270416259766,0.0,1100111010110000,++--+++-+-++----,0,True,"[[0.000115, 65.83376564], [0.003455, 52.20116893], [0.003735, 51.07438107]]",26,quantum,2,,/local/scratch/a/rames102/Gurobi_QP/one_equality/complete_random
precond_pen=0.700,16,-7.33892198794,51.07438107428301,0.7,2,0.014599084854125977,0.004436969757080078,0.0,0011000101001111,--++---+-+--++++,0,True,"[[0.000121, 65.83376564], [0.003667, 59.27606379], [0.003928, 59.90148487], [0.004263, 52.39655567], [0.004437, 51.07438107]]",26,quantum,2,,/local/scratch/a/rames102/Gurobi_QP/one_equality/complete_random
precond_pen=0.800,16,-5.757627369974002,51.07438107428301,0.8,2,0.014812231063842773,0.004340171813964844,0.0,0011000101001111,--++---+-+--++++,0,True,"[[0.000116, 65.83376564], [0.003646, 58.34906191], [0.004103, 53.86821488], [0.00434, 51.07438107]]",26,quantum,2,,/local/scratch/a/rames102/Gurobi_QP/one_equality/complete_random
precond_pen=1.000,16,-2.4400855511850015,51.07438107428301,1.0,2,0.0622410774230957,0.0042760372161865234,0.0,0011000101001111,--++---+-+--++++,0,True,"[[0.000137, 65.83376564], [0.003542, 63.63906401], [0.003714, 62.71590739], [0.004061, 57.67934864], [0.004276, 51.07438107]]",26,quantum,2,,/local/scratch/a/rames102/Gurobi_QP/one_equality/complete_random
baseline,16,55.47288216266205,55.472882162661975,,2,0.07387590408325195,0.003690958023071289,0.0,1101011000101010,++-+-++---+-+-+-,0,True,"[[0.000127, 68.31728327], [0.003133, 66.70996593], [0.003321, 66.00453342], [0.003527, 65.18138276], [0.003691, 55.47288216]]",27,quantum,2,,/local/scratch/a/rames102/Gurobi_QP/one_equality/complete_random
precond_pen=0.200,16,-10.805961650948003,56.214466712608,0.2,2,0.028317928314208984,0.0037970542907714844,0.0,0001100111010101,---++--+++-+-+-+,0,True,"[[0.000121, 68.31728327], [0.003367, 66.00453342], [0.003797, 56.21446671]]",27,quantum,2,,/local/scratch/a/rames102/Gurobi_QP/one_equality/complete_random
precond_pen=0.400,16,-12.356301855801,56.214466712608,0.4,2,0.015223026275634766,0.00946807861328125,0.0,1110011000101010,+++--++---+-+-+-,0,True,"[[0.000123, 68.31728327], [0.00367, 65.59812156], [0.003899, 66.00453342], [0.004271, 63.12593072], [0.004461, 55.85735124], [0.009468, 56.21446671]]",27,quantum,2,,/local/scratch/a/rames102/Gurobi_QP/one_equality/complete_random
precond_pen=0.500,16,-9.610391055398999,56.214466712608,0.5,2,0.015725135803222656,0.009302139282226562,0.0,0001100111010101,---++--+++-+-+-+,0,True,"[[0.000125, 68.31728327], [0.003492, 63.90507739], [0.003793, 64.54901792], [0.003944, 56.40239844], [0.009302, 56.21446671]]",27,quantum,2,,/local/scratch/a/rames102/Gurobi_QP/one_equality/complete_random
precond_pen=0.600,16,-7.478594279775002,56.214466712608,0.6,2,0.033576011657714844,0.004163980484008789,0.0,1110011000101010,+++--++---+-+-+-,0,True,"[[0.00013, 68.31728327], [0.003719, 66.00453342], [0.004025, 64.54901792], [0.004164, 56.21446671]]",27,quantum,2,,/local/scratch/a/rames102/Gurobi_QP/one_equality/complete_random
precond_pen=0.700,16,-5.847321477944999,56.214466712608,0.7,2,0.0356290340423584,0.017220020294189453,0.0,0001100111010101,---++--+++-+-+-+,0,True,"[[0.000136, 68.31728327], [0.003583, 70.26024242], [0.00377, 66.70996593], [0.004121, 58.61392935], [0.004289, 56.40239844], [0.009782, 55.85735124], [0.01722, 56.21446671]]",27,quantum,2,,/local/scratch/a/rames102/Gurobi_QP/one_equality/complete_random
precond_pen=0.800,16,-4.675301062236997,55.472882162661975,0.8,2,0.035284996032714844,0.004060983657836914,0.0,1101011000101010,++-+-++---+-+-+-,0,True,"[[0.000136, 68.31728327], [0.00373, 56.37173046], [0.004061, 55.47288216]]",27,quantum,2,,/local/scratch/a/rames102/Gurobi_QP/one_equality/complete_random
precond_pen=1.000,16,-2.152039828590997,55.472882162661975,1.0,2,0.06711506843566895,0.00848698616027832,0.0,0010100111010101,--+-+--+++-+-+-+,0,True,"[[0.000123, 68.31728327], [0.003677, 58.03217213], [0.003997, 55.91170857], [0.008487, 55.47288216]]",27,quantum,2,,/local/scratch/a/rames102/Gurobi_QP/one_equality/complete_random
baseline,16,59.10192928332397,59.10192928332398,,2,0.10093998908996582,0.0034580230712890625,0.0,0000111101010110,----++++-+-+-++-,0,True,"[[0.000119, 72.09207676], [0.003278, 70.04628981], [0.003458, 59.10192928]]",28,quantum,2,,/local/scratch/a/rames102/Gurobi_QP/one_equality/complete_random
precond_pen=0.200,16,-9.058826731302005,59.78197898878,0.2,2,0.04590797424316406,0.004080057144165039,0.0,0001111101010010,---+++++-+-+--+-,0,True,"[[0.000123, 72.09207676], [0.003516, 71.83425587], [0.003716, 68.43930121], [0.003921, 67.6264155], [0.00408, 59.78197899]]",28,quantum,2,,/local/scratch/a/rames102/Gurobi_QP/one_equality/complete_random
precond_pen=0.400,16,-14.086684802447003,59.78197898878,0.4,2,0.01359701156616211,0.003957033157348633,0.0,1110000010101101,+++-----+-+-++-+,0,True,"[[0.000138, 72.09207676], [0.003518, 66.91759252], [0.003812, 65.58803397], [0.003957, 59.78197899]]",28,quantum,2,,/local/scratch/a/rames102/Gurobi_QP/one_equality/complete_random
precond_pen=0.500,16,-10.780511292660997,59.10192928332398,0.5,2,0.014082908630371094,0.0038688182830810547,0.0,1111000010101001,++++----+-+-+--+,0,True,"[[0.000124, 72.09207676], [0.003526, 70.29855459], [0.003869, 59.10192928]]",28,quantum,2,,/local/scratch/a/rames102/Gurobi_QP/one_equality/complete_random
precond_pen=0.600,16,-8.543615969267005,59.10192928332398,0.6,2,0.015745878219604492,0.004307985305786133,0.0,1111000010101001,++++----+-+-+--+,0,True,"[[0.000126, 72.09207676], [0.003568, 71.1950074], [0.003788, 71.78370783], [0.004151, 71.34833824], [0.004308, 59.10192928]]",28,quantum,2,,/local/scratch/a/rames102/Gurobi_QP/one_equality/complete_random
precond_pen=0.700,16,-6.783418427246,59.10192928332398,0.7,2,0.015084028244018555,0.004228115081787109,0.0,1111000010101001,++++----+-+-+--+,0,True,"[[0.000121, 72.09207676], [0.003651, 69.1677234], [0.00388, 68.9141969], [0.004076, 67.39203672], [0.004228, 59.10192928]]",28,quantum,2,,/local/scratch/a/rames102/Gurobi_QP/one_equality/complete_random
precond_pen=0.800,16,-5.451064415502998,59.10192928332398,0.8,2,0.015045881271362305,0.004170894622802734,0.0,0000111101010110,----++++-+-+-++-,0,True,"[[0.000121, 72.09207676], [0.003625, 67.5853495], [0.003916, 66.52491045], [0.004171, 59.10192928]]",28,quantum,2,,/local/scratch/a/rames102/Gurobi_QP/one_equality/complete_random
precond_pen=1.000,16,-2.4270773041190026,59.10192928332398,1.0,2,0.025728940963745117,0.003990888595581055,0.0,1111000010101001,++++----+-+-+--+,0,True,"[[0.000121, 72.09207676], [0.003847, 67.69911668], [0.003991, 59.10192928]]",28,quantum,2,,/local/scratch/a/rames102/Gurobi_QP/one_equality/complete_random
baseline,16,51.01969925600298,51.019699256003015,,2,0.0705709457397461,0.0035789012908935547,0.0,0101111110000010,-+-++++++-----+-,0,True,"[[0.000125, 60.01319887], [0.003222, 59.47277317], [0.003415, 59.28158748], [0.003579, 51.01969926]]",29,quantum,2,,/local/scratch/a/rames102/Gurobi_QP/one_equality/complete_random
precond_pen=0.200,16,-10.735110146634002,51.019699256003015,0.2,2,0.028775930404663086,0.003785848617553711,0.0,1010000001111101,+-+------+++++-+,0,True,"[[0.000125, 60.01319887], [0.003471, 56.15425707], [0.003786, 51.01969926]]",29,quantum,2,,/local/scratch/a/rames102/Gurobi_QP/one_equality/complete_random
precond_pen=0.400,16,-11.704593975159,51.019699256003015,0.4,2,0.013396978378295898,0.003734111785888672,0.0,0101111110000010,-+-++++++-----+-,0,True,"[[0.000124, 60.01319887], [0.003734, 51.01969926]]",29,quantum,2,,/local/scratch/a/rames102/Gurobi_QP/one_equality/complete_random
precond_pen=0.500,16,-9.263047519383004,51.019699256003015,0.5,2,0.01503300666809082,0.003695964813232422,0.0,0101111110000010,-+-++++++-----+-,0,True,"[[0.000127, 60.01319887], [0.003696, 51.01969926]]",29,quantum,2,,/local/scratch/a/rames102/Gurobi_QP/one_equality/complete_random
precond_pen=0.600,16,-7.315474163968004,51.019699256003015,0.6,2,0.014402151107788086,0.0036160945892333984,0.0,0101111110000010,-+-++++++-----+-,0,True,"[[0.000122, 60.01319887], [0.003616, 51.01969926]]",29,quantum,2,,/local/scratch/a/rames102/Gurobi_QP/one_equality/complete_random
precond_pen=0.700,16,-5.808576659314,51.019699256003015,0.7,2,0.014473915100097656,0.0038039684295654297,0.0,0101111110000010,-+-++++++-----+-,0,True,"[[0.000129, 60.01319887], [0.003804, 51.01969926]]",29,quantum,2,,/local/scratch/a/rames102/Gurobi_QP/one_equality/complete_random
precond_pen=0.800,16,-4.690264067343,51.019699256003015,0.8,2,0.015729904174804688,0.003832101821899414,0.0,1010000001111101,+-+------+++++-+,0,True,"[[0.000122, 60.01319887], [0.00352, 54.6521011], [0.003832, 51.01969926]]",29,quantum,2,,/local/scratch/a/rames102/Gurobi_QP/one_equality/complete_random
precond_pen=1.000,16,-2.2062411761540064,51.019699256003015,1.0,2,0.055188894271850586,0.00886082649230957,0.0,0101111110000010,-+-++++++-----+-,0,True,"[[0.000124, 60.01319887], [0.0038, 59.28233878], [0.00395, 53.00953685], [0.008861, 51.01969926]]",29,quantum,2,,/local/scratch/a/rames102/Gurobi_QP/one_equality/complete_random
baseline,16,54.90713725593096,54.907137255931005,,2,0.06131696701049805,0.0033049583435058594,0.0,0101100010100111,-+-++---+-+--+++,0,True,"[[0.000121, 68.38602335], [0.003305, 54.90713726]]",30,quantum,2,,/local/scratch/a/rames102/Gurobi_QP/one_equality/complete_random
precond_pen=0.200,16,-12.049984904660988,54.907137255931005,0.2,2,0.039704084396362305,0.0037260055541992188,0.0,0101100010100111,-+-++---+-+--+++,0,True,"[[0.000125, 68.38602335], [0.003353, 67.71496974], [0.003525, 65.52781002], [0.003726, 54.90713726]]",30,quantum,2,,/local/scratch/a/rames102/Gurobi_QP/one_equality/complete_random
precond_pen=0.400,16,-14.310941541287997,54.907137255931005,0.4,2,0.011033058166503906,0.00463414192199707,0.0,0101100010100111,-+-++---+-+--+++,0,True,"[[0.000136, 68.38602335], [0.00374, 68.44642903], [0.004074, 65.52781002], [0.004452, 65.03706069], [0.004634, 54.90713726]]",30,quantum,2,,/local/scratch/a/rames102/Gurobi_QP/one_equality/complete_random
precond_pen=0.500,16,-10.650200962570999,54.907137255931005,0.5,2,0.013232946395874023,0.0042040348052978516,0.0,0101100010100111,-+-++---+-+--+++,0,True,"[[0.00012, 68.38602335], [0.003683, 66.84992711], [0.003878, 65.52781002], [0.004057, 64.6231943], [0.004204, 54.90713726]]",30,quantum,2,,/local/scratch/a/rames102/Gurobi_QP/one_equality/complete_random
precond_pen=0.600,16,-8.090161366194003,54.907137255931005,0.6,2,0.013068914413452148,0.0040819644927978516,0.0,0101100010100111,-+-++---+-+--+++,0,True,"[[0.000124, 68.38602335], [0.00356, 63.69614403], [0.003838, 62.58781768], [0.004082, 54.90713726]]",30,quantum,2,,/local/scratch/a/rames102/Gurobi_QP/one_equality/complete_random
precond_pen=0.700,16,-6.244356891850999,54.907137255931005,0.7,2,0.014989137649536133,0.004158973693847656,0.0,0101100010100111,-+-++---+-+--+++,0,True,"[[0.000121, 68.38602335], [0.003437, 61.27580781], [0.003872, 58.16125709], [0.004159, 54.90713726]]",30,quantum,2,,/local/scratch/a/rames102/Gurobi_QP/one_equality/complete_random
precond_pen=0.800,16,-4.939176671353,54.907137255931005,0.8,2,0.015099048614501953,0.003994941711425781,0.0,0101100010100111,-+-++---+-+--+++,0,True,"[[0.00012, 68.38602335], [0.003647, 66.2298389], [0.003844, 64.14111427], [0.003995, 54.90713726]]",30,quantum,2,,/local/scratch/a/rames102/Gurobi_QP/one_equality/complete_random
precond_pen=1.000,16,-2.2174101999499998,54.907137255931005,1.0,2,0.056884050369262695,0.0038559436798095703,0.0,0101100010100111,-+-++---+-+--+++,0,True,"[[0.000121, 68.38602335], [0.003678, 67.94284413], [0.003856, 54.90713726]]",30,quantum,2,,/local/scratch/a/rames102/Gurobi_QP/one_equality/complete_random
baseline,16,55.00379766133802,55.003797661338,,2,0.08543014526367188,0.08478116989135742,0.0,0010110101110100,--+-++-+-+++-+--,0,True,"[[0.000124, 70.79056208], [0.003418, 67.02215949], [0.003566, 55.63139223], [0.017444, 55.10047494], [0.063226, 55.00379766], [0.084781, 55.00379766]]",31,quantum,2,,/local/scratch/a/rames102/Gurobi_QP/one_equality/complete_random
precond_pen=0.200,16,-6.775923748269994,55.10047494448399,0.2,2,0.059626102447509766,0.004030942916870117,0.0,1100000101111001,++-----+-++++--+,0,True,"[[0.000125, 70.79056208], [0.003686, 58.12926931], [0.004031, 55.10047494]]",31,quantum,2,,/local/scratch/a/rames102/Gurobi_QP/one_equality/complete_random
precond_pen=0.400,16,-8.835387689217999,55.003797661338,0.4,2,0.02741098403930664,0.016870975494384766,0.0,0010110101110100,--+-++-+-+++-+--,0,True,"[[0.000124, 70.79056208], [0.003727, 59.83205333], [0.004098, 55.63139223], [0.009579, 55.10047494], [0.016871, 55.00379766]]",31,quantum,2,,/local/scratch/a/rames102/Gurobi_QP/one_equality/complete_random
precond_pen=0.500,16,-7.238409669308003,55.003797661338,0.5,2,0.0300600528717041,0.009473085403442383,0.0,1101001010001011,++-+--+-+---+-++,0,True,"[[0.000121, 70.79056208], [0.003439, 61.36696314], [0.003641, 62.21788758], [0.003809, 60.10575668], [0.003935, 55.63139223], [0.009473, 55.00379766]]",31,quantum,2,,/local/scratch/a/rames102/Gurobi_QP/one_equality/complete_random
precond_pen=0.600,16,-5.866052145101,55.003797661338,0.6,2,0.03297996520996094,0.02909398078918457,0.0,0010110101110100,--+-++-+-+++-+--,0,True,"[[0.000134, 70.79056208], [0.003849, 63.11246811], [0.004058, 62.21788758], [0.004257, 58.9756503], [0.004414, 55.63139223], [0.029094, 55.00379766]]",31,quantum,2,,/local/scratch/a/rames102/Gurobi_QP/one_equality/complete_random
precond_pen=0.700,16,-4.751577141359,55.003797661338,0.7,2,0.03211712837219238,0.02682209014892578,0.0,1101001010001011,++-+--+-+---+-++,0,True,"[[0.000122, 70.79056208], [0.003731, 62.21788758], [0.004135, 60.91212859], [0.004324, 60.45631186], [0.004485, 55.63139223], [0.009724, 55.10047494], [0.026822, 55.00379766]]",31,quantum,2,,/local/scratch/a/rames102/Gurobi_QP/one_equality/complete_random
precond_pen=0.800,16,-3.899053038685998,55.003797661338,0.8,2,0.0289609432220459,0.003988981246948242,0.0,1101001010001011,++-+--+-+---+-++,0,True,"[[0.000123, 70.79056208], [0.003668, 56.28621172], [0.003989, 55.00379766]]",31,quantum,2,,/local/scratch/a/rames102/Gurobi_QP/one_equality/complete_random
precond_pen=1.000,16,-1.9557319212940012,55.003797661338,1.0,2,0.10799193382263184,0.10736894607543945,0.0,1101001010001011,++-+--+-+---+-++,0,True,"[[0.000126, 70.79056208], [0.003798, 60.85130045], [0.004104, 59.39175297], [0.004226, 55.63139223], [0.067844, 55.10047494], [0.067922, 55.00379766], [0.107369, 55.00379766]]",31,quantum,2,,/local/scratch/a/rames102/Gurobi_QP/one_equality/complete_random
baseline,16,54.575011453616995,54.57501145361701,,2,0.06641411781311035,0.003631114959716797,0.0,0101011010110100,-+-+-++-+-++-+--,0,True,"[[0.000123, 70.50954653], [0.003478, 67.16312832], [0.003631, 54.57501145]]",32,quantum,2,,/local/scratch/a/rames102/Gurobi_QP/one_equality/complete_random
precond_pen=0.200,16,-9.73342789803199,54.57501145361701,0.2,2,0.02914118766784668,0.003790140151977539,0.0,1010100101001011,+-+-+--+-+--+-++,0,True,"[[0.000123, 70.50954653], [0.003434, 60.7810233], [0.00379, 54.57501145]]",32,quantum,2,,/local/scratch/a/rames102/Gurobi_QP/one_equality/complete_random
precond_pen=0.400,16,-11.163238769509,54.57501145361701,0.4,2,0.02916407585144043,0.0040280818939208984,0.0,1010100101001011,+-+-+--+-+--+-++,0,True,"[[0.000126, 70.50954653], [0.003649, 60.26147752], [0.004028, 54.57501145]]",32,quantum,2,,/local/scratch/a/rames102/Gurobi_QP/one_equality/complete_random
precond_pen=0.500,16,-8.922326380471995,54.57501145361701,0.5,2,0.02904200553894043,0.004021167755126953,0.0,1010100101001011,+-+-+--+-+--+-++,0,True,"[[0.000123, 70.50954653], [0.003649, 60.26147752], [0.004021, 54.57501145]]",32,quantum,2,,/local/scratch/a/rames102/Gurobi_QP/one_equality/complete_random
precond_pen=0.600,16,-7.048488616865002,54.57501145361701,0.6,2,0.02810811996459961,0.0043561458587646484,0.0,1010100101001011,+-+-+--+-+--+-++,0,True,"[[0.000124, 70.50954653], [0.00357, 70.04713129], [0.003928, 63.16918688], [0.004188, 62.19976882], [0.004356, 54.57501145]]",32,quantum,2,,/local/scratch/a/rames102/Gurobi_QP/one_equality/complete_random
precond_pen=0.700,16,-5.566499123049996,54.57501145361701,0.7,2,0.0336298942565918,0.00428009033203125,0.0,1010100101001011,+-+-+--+-+--+-++,0,True,"[[0.000127, 70.50954653], [0.003672, 62.23447485], [0.003933, 60.7810233], [0.004112, 60.67119789], [0.00428, 54.57501145]]",32,quantum,2,,/local/scratch/a/rames102/Gurobi_QP/one_equality/complete_random
precond_pen=0.800,16,-4.466811061264,54.57501145361701,0.8,2,0.03569197654724121,0.004126071929931641,0.0,1010100101001011,+-+-+--+-+--+-++,0,True,"[[0.000119, 70.50954653], [0.003567, 67.17531886], [0.003777, 63.16918688], [0.003968, 61.13193442], [0.004126, 54.57501145]]",32,quantum,2,,/local/scratch/a/rames102/Gurobi_QP/one_equality/complete_random
precond_pen=1.000,16,-2.063853760556002,54.57501145361701,1.0,2,0.06086897850036621,0.0038230419158935547,0.0,1010100101001011,+-+-+--+-+--+-++,0,True,"[[0.00012, 70.50954653], [0.003453, 61.85521082], [0.003823, 54.57501145]]",32,quantum,2,,/local/scratch/a/rames102/Gurobi_QP/one_equality/complete_random
baseline,16,51.023124532018954,51.02312453201898,,2,0.06729578971862793,0.0034117698669433594,0.0,1101011101000100,++-+-+++-+---+--,0,True,"[[0.000123, 61.51487656], [0.003412, 51.02312453]]",33,quantum,2,,/local/scratch/a/rames102/Gurobi_QP/one_equality/complete_random
precond_pen=0.200,16,-12.241469068314991,51.02312453201898,0.2,2,0.02924799919128418,0.0038099288940429688,0.0,0010100010111011,--+-+---+-+++-++,0,True,"[[0.000121, 61.51487656], [0.003522, 51.83466677], [0.00381, 51.02312453]]",33,quantum,2,,/local/scratch/a/rames102/Gurobi_QP/one_equality/complete_random
precond_pen=0.400,16,-12.479140753532997,51.02312453201898,0.4,2,0.014483928680419922,0.003701925277709961,0.0,0010100010111011,--+-+---+-+++-++,0,True,"[[0.000121, 61.51487656], [0.00341, 53.74222247], [0.003702, 51.02312453]]",33,quantum,2,,/local/scratch/a/rames102/Gurobi_QP/one_equality/complete_random
precond_pen=0.500,16,-9.693095333803,51.02312453201898,0.5,2,0.015048980712890625,0.00428009033203125,0.0,1101011101000100,++-+-+++-+---+--,0,True,"[[0.000123, 61.51487656], [0.00366, 58.16057896], [0.004003, 56.52864968], [0.00428, 51.02312453]]",33,quantum,2,,/local/scratch/a/rames102/Gurobi_QP/one_equality/complete_random
precond_pen=0.600,16,-7.437606806542002,51.02312453201898,0.6,2,0.028941869735717773,0.004142045974731445,0.0,1101011101000100,++-+-+++-+---+--,0,True,"[[0.000124, 61.51487656], [0.003693, 57.80968736], [0.003906, 56.52864968], [0.004142, 51.02312453]]",33,quantum,2,,/local/scratch/a/rames102/Gurobi_QP/one_equality/complete_random
precond_pen=0.700,16,-5.7602499089229955,51.02312453201898,0.7,2,0.03216385841369629,0.004467964172363281,0.0,0010100010111011,--+-+---+-+++-++,0,True,"[[0.000132, 61.51487656], [0.003707, 57.44525297], [0.004109, 54.80568807], [0.004331, 54.66624693], [0.004468, 51.02312453]]",33,quantum,2,,/local/scratch/a/rames102/Gurobi_QP/one_equality/complete_random
precond_pen=0.800,16,-4.573716204706001,51.02312453201898,0.8,2,0.034406185150146484,0.009356021881103516,0.0,0010100010111011,--+-+---+-+++-++,0,True,"[[0.000124, 61.51487656], [0.003774, 57.58935581], [0.004023, 55.54328549], [0.004261, 51.08263394], [0.009356, 51.02312453]]",33,quantum,2,,/local/scratch/a/rames102/Gurobi_QP/one_equality/complete_random
precond_pen=1.000,16,-2.0937801629349932,51.02312453201898,1.0,2,0.053910017013549805,0.052507877349853516,0.0,1101011101000100,++-+-+++-+---+--,0,True,"[[0.000107, 61.51487656], [0.004125, 55.85360487], [0.004302, 51.08263394], [0.052508, 51.02312453]]",33,quantum,2,,/local/scratch/a/rames102/Gurobi_QP/one_equality/complete_random
baseline,16,55.64204311779201,55.642043117792014,,2,0.0716099739074707,0.017187118530273438,0.0,0101111000110010,-+-++++---++--+-,0,True,"[[0.000108, 67.82714401], [0.003357, 66.29366424], [0.003507, 57.66067582], [0.017187, 55.64204312]]",34,quantum,2,,/local/scratch/a/rames102/Gurobi_QP/one_equality/complete_random
precond_pen=0.200,16,-9.544819326147003,56.60612046751804,0.2,2,0.04594707489013672,0.0036940574645996094,0.0,0101110000111010,-+-+++----+++-+-,0,True,"[[0.000107, 67.82714401], [0.003299, 62.77051854], [0.003477, 62.06504858], [0.003694, 56.60612047]]",34,quantum,2,,/local/scratch/a/rames102/Gurobi_QP/one_equality/complete_random
precond_pen=0.400,16,-12.292328129911997,56.60612046751804,0.4,2,0.014276981353759766,0.0041201114654541016,0.0,1010001111000101,+-+---++++---+-+,0,True,"[[0.000107, 67.82714401], [0.003541, 62.94886996], [0.003747, 62.06504858], [0.00395, 60.67178772], [0.00412, 56.60612047]]",34,quantum,2,,/local/scratch/a/rames102/Gurobi_QP/one_equality/complete_random
precond_pen=0.500,16,-9.697417727838996,55.642043117792014,0.5,2,0.015758991241455078,0.003804922103881836,0.0,1010000111001101,+-+----+++--++-+,0,True,"[[0.000107, 67.82714401], [0.003363, 61.88979666], [0.003649, 60.67178772], [0.003805, 55.64204312]]",34,quantum,2,,/local/scratch/a/rames102/Gurobi_QP/one_equality/complete_random
precond_pen=0.600,16,-7.671582658009999,55.642043117792014,0.6,2,0.014747142791748047,0.004067182540893555,0.0,0101111000110010,-+-++++---++--+-,0,True,"[[0.000121, 67.82714401], [0.003637, 63.96913294], [0.003846, 62.06504858], [0.004067, 55.64204312]]",34,quantum,2,,/local/scratch/a/rames102/Gurobi_QP/one_equality/complete_random
precond_pen=0.700,16,-6.074285903107002,55.642043117792014,0.7,2,0.015958070755004883,0.009124994277954102,0.0,0101111000110010,-+-++++---++--+-,0,True,"[[0.000107, 67.82714401], [0.003551, 63.80375227], [0.003758, 62.06504858], [0.003971, 61.15068376], [0.004132, 56.66330573], [0.009125, 55.64204312]]",34,quantum,2,,/local/scratch/a/rames102/Gurobi_QP/one_equality/complete_random
precond_pen=0.800,16,-4.8814755093930025,55.642043117792014,0.8,2,0.0171661376953125,0.0042819976806640625,0.0,1010000111001101,+-+----+++--++-+,0,True,"[[0.000107, 67.82714401], [0.003769, 62.86082774], [0.003975, 62.06504858], [0.004154, 62.54858318], [0.004282, 55.64204312]]",34,quantum,2,,/local/scratch/a/rames102/Gurobi_QP/one_equality/complete_random
precond_pen=1.000,16,-2.2535515461330027,55.642043117792014,1.0,2,0.05865788459777832,0.04685187339782715,0.0,1010000111001101,+-+----+++--++-+,0,True,"[[0.000108, 67.82714401], [0.00371, 63.08373538], [0.003917, 62.06504858], [0.004136, 61.59106748], [0.004259, 56.66330573], [0.045256, 56.46601201], [0.046852, 55.64204312]]",34,quantum,2,,/local/scratch/a/rames102/Gurobi_QP/one_equality/complete_random
baseline,16,50.319911238606,50.319911238606,,2,0.07194709777832031,0.0036590099334716797,0.0,0100111000001111,-+--+++-----++++,0,True,"[[0.000122, 62.67728118], [0.003295, 58.12500321], [0.003659, 50.31991124]]",35,quantum,2,,/local/scratch/a/rames102/Gurobi_QP/one_equality/complete_random
precond_pen=0.200,16,-10.160249109251998,53.40566137088399,0.2,2,0.03203296661376953,0.009618997573852539,0.0,0110011000001111,-++--++-----++++,0,True,"[[0.000107, 62.67728118], [0.0036, 59.31862454], [0.003941, 51.47748928], [0.009619, 53.40566137]]",35,quantum,2,,/local/scratch/a/rames102/Gurobi_QP/one_equality/complete_random
precond_pen=0.400,16,-10.866939088985,50.319911238606,0.4,2,0.014464139938354492,0.004029035568237305,0.0,1011000111110000,+-++---+++++----,0,True,"[[0.000121, 62.67728118], [0.00344, 59.97212862], [0.003667, 59.31862454], [0.003845, 57.88220591], [0.004029, 50.31991124]]",35,quantum,2,,/local/scratch/a/rames102/Gurobi_QP/one_equality/complete_random
precond_pen=0.500,16,-8.776269350905002,50.319911238606,0.5,2,0.015652894973754883,0.0041239261627197266,0.0,1011000111110000,+-++---+++++----,0,True,"[[0.000106, 62.67728118], [0.003349, 62.2284621], [0.003561, 59.95253945], [0.003901, 57.88220591], [0.004124, 50.31991124]]",35,quantum,2,,/local/scratch/a/rames102/Gurobi_QP/one_equality/complete_random
precond_pen=0.600,16,-6.988633908106996,50.319911238606,0.6,2,0.015978097915649414,0.003988027572631836,0.0,1011000111110000,+-++---+++++----,0,True,"[[0.00012, 62.67728118], [0.00359, 55.00258556], [0.003988, 50.31991124]]",35,quantum,2,,/local/scratch/a/rames102/Gurobi_QP/one_equality/complete_random
precond_pen=0.700,16,-5.567063799389001,50.319911238606,0.7,2,0.016368865966796875,0.004478931427001953,0.0,0100111000001111,-+--+++-----++++,0,True,"[[0.000111, 62.67728118], [0.003705, 61.60059448], [0.003927, 60.2304662], [0.004257, 54.78815713], [0.004479, 50.31991124]]",35,quantum,2,,/local/scratch/a/rames102/Gurobi_QP/one_equality/complete_random
precond_pen=0.800,16,-4.501400792193001,50.319911238606,0.8,2,0.01634693145751953,0.004050016403198242,0.0,0100111000001111,-+--+++-----++++,0,True,"[[0.000106, 62.67728118], [0.003683, 53.17472394], [0.00405, 50.31991124]]",35,quantum,2,,/local/scratch/a/rames102/Gurobi_QP/one_equality/complete_random
precond_pen=1.000,16,-2.1190721674369977,50.319911238606,1.0,2,0.0643310546875,0.00896310806274414,0.0,1011000111110000,+-++---+++++----,0,True,"[[0.000109, 62.67728118], [0.003788, 59.9134798], [0.003949, 51.56981889], [0.008963, 50.31991124]]",35,quantum,2,,/local/scratch/a/rames102/Gurobi_QP/one_equality/complete_random
baseline,16,49.03036796241597,49.030367962415966,,2,0.06816816329956055,0.0034990310668945312,0.0,1001110000001111,+--+++------++++,0,True,"[[0.000109, 60.3179802], [0.003355, 60.20521594], [0.003499, 49.03036796]]",36,quantum,2,,/local/scratch/a/rames102/Gurobi_QP/one_equality/complete_random
precond_pen=0.200,16,-13.919392755605998,50.65046809330198,0.2,2,0.016202211380004883,0.00445103645324707,0.0,1001111000000111,+--++++------+++,0,True,"[[0.000114, 60.3179802], [0.003874, 58.87984767], [0.004079, 57.06488307], [0.004286, 57.72585895], [0.004451, 50.65046809]]",36,quantum,2,,/local/scratch/a/rames102/Gurobi_QP/one_equality/complete_random
precond_pen=0.400,16,-11.696799748821999,49.030367962415966,0.4,2,0.013766050338745117,0.0041959285736083984,0.0,1001110000001111,+--+++------++++,0,True,"[[0.00011, 60.3179802], [0.003571, 60.07972318], [0.003797, 57.06488307], [0.004005, 55.29259448], [0.004196, 49.03036796]]",36,quantum,2,,/local/scratch/a/rames102/Gurobi_QP/one_equality/complete_random
precond_pen=0.500,16,-9.041622370522,49.030367962415966,0.5,2,0.014269113540649414,0.004157066345214844,0.0,0110001111110000,-++---++++++----,0,True,"[[0.000107, 60.3179802], [0.00365, 59.67237668], [0.003853, 58.71430326], [0.004011, 57.72799302], [0.004157, 49.03036796]]",36,quantum,2,,/local/scratch/a/rames102/Gurobi_QP/one_equality/complete_random
precond_pen=0.600,16,-7.006417180374001,49.030367962415966,0.6,2,0.014904975891113281,0.0041429996490478516,0.0,1001110000001111,+--+++------++++,0,True,"[[0.000122, 60.3179802], [0.00356, 57.95870388], [0.00378, 57.06488307], [0.00398, 55.29259448], [0.004143, 49.03036796]]",36,quantum,2,,/local/scratch/a/rames102/Gurobi_QP/one_equality/complete_random
precond_pen=0.700,16,-5.49715896174,49.030367962415966,0.7,2,0.014266014099121094,0.0038890838623046875,0.0,1001110000001111,+--+++------++++,0,True,"[[0.000107, 60.3179802], [0.003531, 52.66651391], [0.003889, 49.03036796]]",36,quantum,2,,/local/scratch/a/rames102/Gurobi_QP/one_equality/complete_random
precond_pen=0.800,16,-4.418829188151,49.030367962415966,0.8,2,0.014619112014770508,0.004057168960571289,0.0,0110001111110000,-++---++++++----,0,True,"[[0.000113, 60.3179802], [0.003535, 59.89554633], [0.003738, 58.71430326], [0.003925, 55.83439842], [0.004057, 49.03036796]]",36,quantum,2,,/local/scratch/a/rames102/Gurobi_QP/one_equality/complete_random
precond_pen=1.000,16,-2.0921977823469966,49.030367962415966,1.0,2,0.057109832763671875,0.003827810287475586,0.0,0110001111110000,-++---++++++----,0,True,"[[0.000119, 60.3179802], [0.003704, 57.61762206], [0.003828, 49.03036796]]",36,quantum,2,,/local/scratch/a/rames102/Gurobi_QP/one_equality/complete_random
baseline,16,50.27446762025803,50.274467620257944,,2,0.10066699981689453,0.0035409927368164062,0.0,1110110100100001,+++-++-+--+----+,0,True,"[[0.000109, 60.68418953], [0.00339, 60.56254765], [0.003541, 50.27446762]]",37,quantum,2,,/local/scratch/a/rames102/Gurobi_QP/one_equality/complete_random
precond_pen=0.200,16,-9.309141378654996,51.51823466104401,0.2,2,0.0286099910736084,0.009280920028686523,0.0,1010011100001110,+-+--+++----+++-,0,True,"[[0.000108, 60.68418953], [0.003365, 59.47689804], [0.003591, 55.84697318], [0.003811, 50.79483568], [0.009281, 51.51823466]]",37,quantum,2,,/local/scratch/a/rames102/Gurobi_QP/one_equality/complete_random
precond_pen=0.400,16,-8.691196764366,50.274467620257944,0.4,2,0.02881002426147461,0.025173187255859375,0.0,1110110100100001,+++-++-+--+----+,0,True,"[[0.000106, 60.68418953], [0.003409, 59.98905059], [0.003625, 57.89173495], [0.003896, 51.51823466], [0.025173, 50.27446762]]",37,quantum,2,,/local/scratch/a/rames102/Gurobi_QP/one_equality/complete_random
precond_pen=0.500,16,-7.140968583327001,50.274467620257944,0.5,2,0.02540898323059082,0.004403829574584961,0.0,0001001011011110,---+--+-++-++++-,0,True,"[[0.000106, 60.68418953], [0.003652, 59.57925549], [0.003993, 55.24831314], [0.004235, 54.19365627], [0.004404, 50.27446762]]",37,quantum,2,,/local/scratch/a/rames102/Gurobi_QP/one_equality/complete_random
precond_pen=0.600,16,-5.773276949789002,50.274467620257944,0.6,2,0.026708126068115234,0.025283098220825195,0.0,0001001011011110,---+--+-++-++++-,0,True,"[[0.000106, 60.68418953], [0.003355, 57.16665326], [0.00363, 55.96630931], [0.00398, 53.63456905], [0.004179, 51.51823466], [0.025207, 51.05820229], [0.025283, 50.27446762]]",37,quantum,2,,/local/scratch/a/rames102/Gurobi_QP/one_equality/complete_random
precond_pen=0.700,16,-4.665780656334001,50.274467620257944,0.7,2,0.020945072174072266,0.009920120239257812,0.0,0001001011011110,---+--+-++-++++-,0,True,"[[0.000106, 60.68418953], [0.003691, 56.43554639], [0.003975, 55.96630931], [0.004315, 53.63456905], [0.004513, 51.51823466], [0.00992, 50.27446762]]",37,quantum,2,,/local/scratch/a/rames102/Gurobi_QP/one_equality/complete_random
precond_pen=0.800,16,-3.8240611934520032,50.274467620257944,0.8,2,0.04426693916320801,0.04150390625,0.0,0001001011011110,---+--+-++-++++-,0,True,"[[0.000106, 60.68418953], [0.003583, 58.64440222], [0.003797, 57.89173495], [0.004128, 53.63456905], [0.004326, 51.51823466], [0.041224, 51.05820229], [0.041504, 50.27446762]]",37,quantum,2,,/local/scratch/a/rames102/Gurobi_QP/one_equality/complete_random
precond_pen=1.000,16,-1.9059327974420013,50.274467620257944,1.0,2,0.11237812042236328,0.07987809181213379,0.0,0001001011011110,---+--+-++-++++-,0,True,"[[0.000106, 60.68418953], [0.003869, 54.36168108], [0.004065, 51.33760087], [0.008406, 51.16247544], [0.05852, 51.05820229], [0.079878, 50.27446762]]",37,quantum,2,,/local/scratch/a/rames102/Gurobi_QP/one_equality/complete_random
baseline,16,48.92007484624299,48.920074846243,,2,0.08073115348815918,0.016848087310791016,0.0,1001010011100011,+--+-+--+++---++,0,True,"[[0.000108, 53.23242293], [0.003278, 49.2276037], [0.016848, 48.92007485]]",38,quantum,2,,/local/scratch/a/rames102/Gurobi_QP/one_equality/complete_random
precond_pen=0.200,16,-11.469994558678998,49.137993088316975,0.2,2,0.02733302116394043,0.024246931076049805,0.0,1001011011100010,+--+-++-+++---+-,0,True,"[[0.000107, 53.23242293], [0.003471, 50.41752625], [0.003634, 52.24142765], [0.003825, 50.3585954], [0.024247, 49.13799309]]",38,quantum,2,,/local/scratch/a/rames102/Gurobi_QP/one_equality/complete_random
precond_pen=0.400,16,-9.712988530501004,49.137993088316975,0.4,2,0.02515697479248047,0.014223098754882812,0.0,1001011011100010,+--+-++-+++---+-,0,True,"[[0.000106, 53.23242293], [0.003569, 50.09888247], [0.003865, 49.2276037], [0.013555, 49.1655569], [0.014223, 49.13799309]]",38,quantum,2,,/local/scratch/a/rames102/Gurobi_QP/one_equality/complete_random
precond_pen=0.500,16,-7.663238337059999,49.137993088316975,0.5,2,0.025920867919921875,0.013916015625,0.0,0110100100011101,-++-+--+---+++-+,0,True,"[[0.00011, 53.23242293], [0.003764, 49.2276037], [0.013916, 49.13799309]]",38,quantum,2,,/local/scratch/a/rames102/Gurobi_QP/one_equality/complete_random
precond_pen=0.600,16,-6.0370411340890024,49.137993088316975,0.6,2,0.02721881866455078,0.015076875686645508,0.0,0110100100011101,-++-+--+---+++-+,0,True,"[[0.000107, 53.23242293], [0.003947, 52.18673397], [0.004158, 49.2276037], [0.015077, 49.13799309]]",38,quantum,2,,/local/scratch/a/rames102/Gurobi_QP/one_equality/complete_random
precond_pen=0.700,16,-4.798832912194,49.137993088316975,0.7,2,0.0344698429107666,0.01669788360595703,0.0,0110100100011101,-++-+--+---+++-+,0,True,"[[0.000108, 53.23242293], [0.003556, 51.85603432], [0.003892, 52.24142765], [0.004143, 49.2276037], [0.016698, 49.13799309]]",38,quantum,2,,/local/scratch/a/rames102/Gurobi_QP/one_equality/complete_random
precond_pen=0.800,16,-3.891051663252002,49.137993088316975,0.8,2,0.04087710380554199,0.003909111022949219,0.0,0110100100011101,-++-+--+---+++-+,0,True,"[[0.000106, 53.23242293], [0.003764, 50.71358707], [0.003909, 49.13799309]]",38,quantum,2,,/local/scratch/a/rames102/Gurobi_QP/one_equality/complete_random
precond_pen=1.000,16,-1.8867771084910023,48.920074846243,1.0,2,0.12108206748962402,0.08648896217346191,0.0,0110101100011100,-++-+-++---+++--,0,True,"[[0.000107, 53.23242293], [0.003857, 49.2276037], [0.055779, 49.13799309], [0.086489, 48.92007485]]",38,quantum,2,,/local/scratch/a/rames102/Gurobi_QP/one_equality/complete_random
baseline,16,52.73576775703898,52.735767757039,,2,0.0680379867553711,0.01739192008972168,0.0,1000011011010011,+----++-++-+--++,0,True,"[[0.000121, 63.01236036], [0.003566, 55.72869612], [0.017392, 52.73576776]]",39,quantum,2,,/local/scratch/a/rames102/Gurobi_QP/one_equality/complete_random
precond_pen=0.200,16,-10.839000146668003,52.735767757039,0.2,2,0.024847030639648438,0.003782033920288086,0.0,0111100100101100,-++++--+--+-++--,0,True,"[[0.000107, 63.01236036], [0.003364, 63.39078546], [0.00356, 62.42480335], [0.003782, 52.73576776]]",39,quantum,2,,/local/scratch/a/rames102/Gurobi_QP/one_equality/complete_random
precond_pen=0.400,16,-11.608723621108005,52.735767757039,0.4,2,0.013791084289550781,0.008898019790649414,0.0,1000011011010011,+----++-++-+--++,0,True,"[[0.000111, 63.01236036], [0.00349, 55.6579229], [0.008898, 52.73576776]]",39,quantum,2,,/local/scratch/a/rames102/Gurobi_QP/one_equality/complete_random
precond_pen=0.500,16,-9.212831424955,52.735767757039,0.5,2,0.014445066452026367,0.0042531490325927734,0.0,1000011011010011,+----++-++-+--++,0,True,"[[0.000106, 63.01236036], [0.00367, 58.87520348], [0.003931, 58.5148734], [0.004123, 57.93355226], [0.004253, 52.73576776]]",39,quantum,2,,/local/scratch/a/rames102/Gurobi_QP/one_equality/complete_random
precond_pen=0.600,16,-7.291013910418003,52.735767757039,0.6,2,0.013676881790161133,0.003954887390136719,0.0,1000011011010011,+----++-++-+--++,0,True,"[[0.000107, 63.01236036], [0.003533, 61.16483078], [0.003818, 60.16132417], [0.003955, 52.73576776]]",39,quantum,2,,/local/scratch/a/rames102/Gurobi_QP/one_equality/complete_random
precond_pen=0.700,16,-5.7887448219670015,52.735767757039,0.7,2,0.014584064483642578,0.004343986511230469,0.0,1000011011010011,+----++-++-+--++,0,True,"[[0.000107, 63.01236036], [0.003691, 62.44171509], [0.004167, 59.86658852], [0.004344, 52.73576776]]",39,quantum,2,,/local/scratch/a/rames102/Gurobi_QP/one_equality/complete_random
precond_pen=0.800,16,-4.668567926245002,52.735767757039,0.8,2,0.015079975128173828,0.009033918380737305,0.0,1000011011010011,+----++-++-+--++,0,True,"[[0.000105, 63.01236036], [0.003614, 62.9381474], [0.003776, 55.72869612], [0.009034, 52.73576776]]",39,quantum,2,,/local/scratch/a/rames102/Gurobi_QP/one_equality/complete_random
precond_pen=1.000,16,-2.1958392998889984,52.735767757039,1.0,2,0.07093000411987305,0.0040209293365478516,0.0,1000011011010011,+----++-++-+--++,0,True,"[[0.000106, 63.01236036], [0.003563, 61.44403964], [0.003853, 59.31198358], [0.004021, 52.73576776]]",39,quantum,2,,/local/scratch/a/rames102/Gurobi_QP/one_equality/complete_random
baseline,16,48.87813361798696,48.878133617987075,,2,0.0639638900756836,0.003403902053833008,0.0,1111010100100100,++++-+-+--+--+--,0,True,"[[0.000109, 56.3964732], [0.003404, 48.87813362]]",40,quantum,2,,/local/scratch/a/rames102/Gurobi_QP/one_equality/complete_random
precond_pen=0.200,16,-16.739976112355006,49.47847850543907,0.2,2,0.012540817260742188,0.0038919448852539062,0.0,0010100011011011,--+-+---++-++-++,0,True,"[[0.00011, 56.3964732], [0.003559, 53.70213014], [0.003892, 49.47847851]]",40,quantum,2,,/local/scratch/a/rames102/Gurobi_QP/one_equality/complete_random
precond_pen=0.400,16,-13.701189930047004,49.47847850543907,0.4,2,0.011035919189453125,0.004623889923095703,0.0,0010100011011011,--+-+---++-++-++,0,True,"[[0.000107, 56.3964732], [0.003666, 56.54577595], [0.004061, 53.5444002], [0.004439, 50.22362818], [0.004624, 49.47847851]]",40,quantum,2,,/local/scratch/a/rames102/Gurobi_QP/one_equality/complete_random
precond_pen=0.500,16,-10.060231515060003,49.47847850543907,0.5,2,0.014738082885742188,0.00424504280090332,0.0,0010100011011011,--+-+---++-++-++,0,True,"[[0.000112, 56.3964732], [0.003614, 53.72675078], [0.004056, 50.22362818], [0.004245, 49.47847851]]",40,quantum,2,,/local/scratch/a/rames102/Gurobi_QP/one_equality/complete_random
precond_pen=0.600,16,-7.567794220483003,48.878133617987075,0.6,2,0.014256954193115234,0.0041620731353759766,0.0,1111010100100100,++++-+-+--+--+--,0,True,"[[0.000108, 56.3964732], [0.003534, 56.67572578], [0.003924, 53.5444002], [0.004162, 48.87813362]]",40,quantum,2,,/local/scratch/a/rames102/Gurobi_QP/one_equality/complete_random
precond_pen=0.700,16,-5.817415603147001,48.878133617987075,0.7,2,0.01572895050048828,0.004283905029296875,0.0,0000101011011011,----+-+-++-++-++,0,True,"[[0.000109, 56.3964732], [0.003629, 51.07256357], [0.004088, 50.31412457], [0.004284, 48.87813362]]",40,quantum,2,,/local/scratch/a/rames102/Gurobi_QP/one_equality/complete_random
precond_pen=0.800,16,-4.608694554980002,48.878133617987075,0.8,2,0.040899038314819336,0.004116058349609375,0.0,0000101011011011,----+-+-++-++-++,0,True,"[[0.000107, 56.3964732], [0.003905, 50.31412457], [0.004116, 48.87813362]]",40,quantum,2,,/local/scratch/a/rames102/Gurobi_QP/one_equality/complete_random
precond_pen=1.000,16,-2.095919564975002,48.878133617987075,1.0,2,0.02861499786376953,0.004530191421508789,0.0,0000101011011011,----+-+-++-++-++,0,True,"[[0.000107, 56.3964732], [0.003983, 56.22611379], [0.004338, 54.19127718], [0.00453, 48.87813362]]",40,quantum,2,,/local/scratch/a/rames102/Gurobi_QP/one_equality/complete_random
baseline,16,58.82524293108496,58.825242931084986,,2,0.09865784645080566,0.0035729408264160156,0.0,0000011101110101,-----+++-+++-+-+,0,True,"[[0.000108, 68.50773673], [0.003421, 67.31014482], [0.003573, 58.82524293]]",41,quantum,2,,/local/scratch/a/rames102/Gurobi_QP/one_equality/complete_random
precond_pen=0.200,16,-7.4706917145970095,58.825242931084986,0.2,2,0.05013012886047363,0.003770112991333008,0.0,1111100010001010,+++++---+---+-+-,0,True,"[[0.000107, 68.50773673], [0.003438, 67.31014482], [0.003591, 67.54589422], [0.00377, 58.82524293]]",41,quantum,2,,/local/scratch/a/rames102/Gurobi_QP/one_equality/complete_random
precond_pen=0.400,16,-11.403330316452001,58.855559447326975,0.4,2,0.026546001434326172,0.008965015411376953,0.0,0001011100110101,---+-+++--++-+-+,0,True,"[[0.000106, 68.50773673], [0.003622, 67.23994428], [0.003849, 63.45997997], [0.004074, 60.2850238], [0.008965, 58.85555945]]",41,quantum,2,,/local/scratch/a/rames102/Gurobi_QP/one_equality/complete_random
precond_pen=0.500,16,-9.169902269496998,58.855559447326975,0.5,2,0.026574134826660156,0.008891105651855469,0.0,1110100011001010,+++-+---++--+-+-,0,True,"[[0.000107, 68.50773673], [0.003422, 60.92825249], [0.003778, 60.2850238], [0.008891, 58.85555945]]",41,quantum,2,,/local/scratch/a/rames102/Gurobi_QP/one_equality/complete_random
precond_pen=0.600,16,-7.325483275855999,58.855559447326975,0.6,2,0.030705928802490234,0.009354114532470703,0.0,1110100011001010,+++-+---++--+-+-,0,True,"[[0.000106, 68.50773673], [0.003778, 67.63741539], [0.003937, 60.2850238], [0.009354, 58.85555945]]",41,quantum,2,,/local/scratch/a/rames102/Gurobi_QP/one_equality/complete_random
precond_pen=0.700,16,-5.830519782077998,58.855559447326975,0.7,2,0.040183067321777344,0.008979082107543945,0.0,1110100011001010,+++-+---++--+-+-,0,True,"[[0.000119, 68.50773673], [0.00362, 65.88924505], [0.003789, 60.23310194], [0.008979, 58.85555945]]",41,quantum,2,,/local/scratch/a/rames102/Gurobi_QP/one_equality/complete_random
precond_pen=0.800,16,-4.696567123809001,58.855559447326975,0.8,2,0.037136077880859375,0.009524106979370117,0.0,0001011100110101,---+-+++--++-+-+,0,True,"[[0.000106, 68.50773673], [0.003599, 67.64071286], [0.00376, 66.79501264], [0.00395, 65.12659224], [0.00411, 60.23310194], [0.009524, 58.85555945]]",41,quantum,2,,/local/scratch/a/rames102/Gurobi_QP/one_equality/complete_random
precond_pen=1.000,16,-2.177036508012006,58.855559447326975,1.0,2,0.06395292282104492,0.004027843475341797,0.0,0001011100110101,---+-+++--++-+-+,0,True,"[[0.000111, 68.50773673], [0.003872, 64.53562455], [0.004028, 58.85555945]]",41,quantum,2,,/local/scratch/a/rames102/Gurobi_QP/one_equality/complete_random
baseline,16,53.508881400785995,53.50888140078601,,2,0.0718851089477539,0.06554508209228516,0.0,1100001011111000,++----+-+++++---,0,True,"[[0.000109, 57.28100237], [0.003349, 54.33266577], [0.058797, 54.23838821], [0.065155, 53.5784754], [0.065545, 53.5088814]]",42,quantum,2,,/local/scratch/a/rames102/Gurobi_QP/one_equality/complete_random
precond_pen=0.200,16,-11.753879518663993,54.33266577087197,0.2,2,0.03307008743286133,0.004079103469848633,0.0,1011110110000100,+-++++-++----+--,0,True,"[[0.000108, 57.28100237], [0.00377, 55.42824311], [0.004079, 54.33266577]]",42,quantum,2,,/local/scratch/a/rames102/Gurobi_QP/one_equality/complete_random
precond_pen=0.400,16,-11.444317894807002,54.33266577087197,0.4,2,0.02638983726501465,0.003990888595581055,0.0,1011110110000100,+-++++-++----+--,0,True,"[[0.000108, 57.28100237], [0.00366, 53.5088814], [0.003991, 54.33266577]]",42,quantum,2,,/local/scratch/a/rames102/Gurobi_QP/one_equality/complete_random
precond_pen=0.500,16,-8.941570951886,53.57847540413398,0.5,2,0.028100013732910156,0.024914979934692383,0.0,0101001101110001,-+-+--++-+++---+,0,True,"[[0.000106, 57.28100237], [0.003815, 54.33266577], [0.024915, 53.5784754]]",42,quantum,2,,/local/scratch/a/rames102/Gurobi_QP/one_equality/complete_random
precond_pen=0.600,16,-6.980287759674002,53.57847540413398,0.6,2,0.028265953063964844,0.024770021438598633,0.0,1010110010001110,+-+-++--+---+++-,0,True,"[[0.000109, 57.28100237], [0.003872, 54.33266577], [0.02477, 53.5784754]]",42,quantum,2,,/local/scratch/a/rames102/Gurobi_QP/one_equality/complete_random
precond_pen=0.700,16,-5.484107286205001,53.57847540413398,0.7,2,0.03145313262939453,0.02785015106201172,0.0,0101001101110001,-+-+--++-+++---+,0,True,"[[0.000107, 57.28100237], [0.0036, 56.94034138], [0.00385, 55.60597575], [0.004063, 54.33266577], [0.02785, 53.5784754]]",42,quantum,2,,/local/scratch/a/rames102/Gurobi_QP/one_equality/complete_random
precond_pen=0.800,16,-4.391415200197001,53.57847540413398,0.8,2,0.03291201591491699,0.008952140808105469,0.0,1010110010001110,+-+-++--+---+++-,0,True,"[[0.000107, 57.28100237], [0.003809, 54.33266577], [0.008952, 53.5784754]]",42,quantum,2,,/local/scratch/a/rames102/Gurobi_QP/one_equality/complete_random
precond_pen=1.000,16,-2.0203512483599972,53.57847540413398,1.0,2,0.10413789749145508,0.0608060359954834,0.0,0101001101110001,-+-+--++-+++---+,0,True,"[[0.000108, 57.28100237], [0.003828, 54.33266577], [0.00892, 53.5088814], [0.060806, 53.5784754]]",42,quantum,2,,/local/scratch/a/rames102/Gurobi_QP/one_equality/complete_random
baseline,16,56.31625406638999,56.31625406639001,,2,0.09406614303588867,0.0036580562591552734,0.0,1100101100110010,++--+-++--++--+-,0,True,"[[0.000108, 66.61160606], [0.003244, 64.70867725], [0.003428, 62.87394182], [0.003658, 56.31625407]]",43,quantum,2,,/local/scratch/a/rames102/Gurobi_QP/one_equality/complete_random
precond_pen=0.200,16,-9.673949084842015,57.33982028307204,0.2,2,0.04607105255126953,0.004196882247924805,0.0,1111100100110000,+++++--+--++----,0,True,"[[0.000121, 66.61160606], [0.003583, 63.13017224], [0.00394, 63.88559843], [0.004197, 57.33982028]]",43,quantum,2,,/local/scratch/a/rames102/Gurobi_QP/one_equality/complete_random
precond_pen=0.400,16,-12.806942157181002,57.33982028307204,0.4,2,0.01276707649230957,0.0038411617279052734,0.0,0000011011001111,-----++-++--++++,0,True,"[[0.000107, 66.61160606], [0.003497, 61.13733804], [0.003841, 57.33982028]]",43,quantum,2,,/local/scratch/a/rames102/Gurobi_QP/one_equality/complete_random
precond_pen=0.500,16,-9.632821836162,57.33982028307204,0.5,2,0.034915924072265625,0.003964900970458984,0.0,0000011011001111,-----++-++--++++,0,True,"[[0.000109, 66.61160606], [0.003654, 58.77762398], [0.003965, 57.33982028]]",43,quantum,2,,/local/scratch/a/rames102/Gurobi_QP/one_equality/complete_random
precond_pen=0.600,16,-7.299299380591,57.207553924410014,0.6,2,0.013988018035888672,0.004118919372558594,0.0,0001010011001111,---+-+--++--++++,0,True,"[[0.000108, 66.61160606], [0.003389, 61.77572133], [0.003776, 61.13733804], [0.003984, 57.33982028], [0.004119, 57.20755392]]",43,quantum,2,,/local/scratch/a/rames102/Gurobi_QP/one_equality/complete_random
precond_pen=0.700,16,-5.68765707265,56.31625406639001,0.7,2,0.015496969223022461,0.004044055938720703,0.0,0011010011001101,--++-+--++--++-+,0,True,"[[0.000109, 66.61160606], [0.003478, 63.87578555], [0.003686, 65.01180566], [0.003876, 63.11857018], [0.004044, 56.31625407]]",43,quantum,2,,/local/scratch/a/rames102/Gurobi_QP/one_equality/complete_random
precond_pen=0.800,16,-4.5379508654739995,56.31625406639001,0.8,2,0.04193711280822754,0.0042459964752197266,0.0,0011010011001101,--++-+--++--++-+,0,True,"[[0.000105, 66.61160606], [0.003539, 65.42827417], [0.003737, 65.01180566], [0.004079, 60.47814936], [0.004246, 56.31625407]]",43,quantum,2,,/local/scratch/a/rames102/Gurobi_QP/one_equality/complete_random
precond_pen=1.000,16,-2.0864319404629983,56.31625406639001,1.0,2,0.02853989601135254,0.004333019256591797,0.0,0011010011001101,--++-+--++--++-+,0,True,"[[0.000106, 66.61160606], [0.004167, 60.47814936], [0.004333, 56.31625407]]",43,quantum,2,,/local/scratch/a/rames102/Gurobi_QP/one_equality/complete_random
baseline,16,53.15022057514402,53.150220575143976,,2,0.06132197380065918,0.017143964767456055,0.0,0101010111100100,-+-+-+-++++--+--,0,True,"[[0.000108, 66.97830628], [0.00339, 65.66431613], [0.003547, 53.29178636], [0.017144, 53.15022058]]",44,quantum,2,,/local/scratch/a/rames102/Gurobi_QP/one_equality/complete_random
precond_pen=0.200,16,-15.184195589066,53.85521010736599,0.2,2,0.02921295166015625,0.004033803939819336,0.0,1010001001110011,+-+---+--+++--++,0,True,"[[0.000106, 66.97830628], [0.003445, 70.72107447], [0.003656, 62.95531317], [0.003847, 66.53302458], [0.004034, 53.85521011]]",44,quantum,2,,/local/scratch/a/rames102/Gurobi_QP/one_equality/complete_random
precond_pen=0.400,16,-16.040106768302003,53.616019821768006,0.4,2,0.012690067291259766,0.004118919372558594,0.0,1010001001111010,+-+---+--++++-+-,0,True,"[[0.00011, 66.97830628], [0.003525, 67.34571879], [0.003748, 62.95531317], [0.003933, 64.46771049], [0.004119, 53.61601982]]",44,quantum,2,,/local/scratch/a/rames102/Gurobi_QP/one_equality/complete_random
precond_pen=0.500,16,-12.25357377174,53.616019821768006,0.5,2,0.013348102569580078,0.008708000183105469,0.0,1010001001111010,+-+---+--++++-+-,0,True,"[[0.000106, 66.97830628], [0.003314, 61.73978802], [0.003652, 53.15022058], [0.008708, 53.61601982]]",44,quantum,2,,/local/scratch/a/rames102/Gurobi_QP/one_equality/complete_random
precond_pen=0.600,16,-9.402982158546003,53.150220575143976,0.6,2,0.013958930969238281,0.009491920471191406,0.0,1010101000011011,+-+-+-+----++-++,0,True,"[[0.000105, 66.97830628], [0.003642, 64.83971267], [0.00387, 62.95531317], [0.004029, 62.63319498], [0.004208, 53.61601982], [0.009492, 53.15022058]]",44,quantum,2,,/local/scratch/a/rames102/Gurobi_QP/one_equality/complete_random
precond_pen=0.700,16,-7.284716225287003,53.150220575143976,0.7,2,0.014689922332763672,0.009024858474731445,0.0,1010101000011011,+-+-+-+----++-++,0,True,"[[0.000106, 66.97830628], [0.003589, 60.20088737], [0.003948, 53.61601982], [0.009025, 53.15022058]]",44,quantum,2,,/local/scratch/a/rames102/Gurobi_QP/one_equality/complete_random
precond_pen=0.800,16,-5.745407436780009,53.150220575143976,0.8,2,0.017898082733154297,0.008928060531616211,0.0,1010101000011011,+-+-+-+----++-++,0,True,"[[0.000108, 66.97830628], [0.00365, 59.54695458], [0.003985, 53.61601982], [0.008928, 53.15022058]]",44,quantum,2,,/local/scratch/a/rames102/Gurobi_QP/one_equality/complete_random
precond_pen=1.000,16,-2.496162167951998,53.150220575143976,1.0,2,0.06453704833984375,0.003982067108154297,0.0,0101010111100100,-+-+-+-++++--+--,0,True,"[[0.000108, 66.97830628], [0.003806, 63.73538108], [0.003982, 53.15022058]]",44,quantum,2,,/local/scratch/a/rames102/Gurobi_QP/one_equality/complete_random
baseline,16,52.970173795464014,52.970173795463964,,2,0.08781099319458008,0.08725595474243164,0.0,1010101110001001,+-+-+-+++---+--+,0,True,"[[0.000107, 64.12096068], [0.003119, 62.76205983], [0.003281, 62.70679051], [0.00348, 61.89953132], [0.003626, 54.03093178], [0.0173, 53.50755793], [0.071969, 52.9701738], [0.087256, 52.9701738]]",45,quantum,2,,/local/scratch/a/rames102/Gurobi_QP/one_equality/complete_random
precond_pen=0.200,16,-8.805171294344007,53.321138676582024,0.2,2,0.055422067642211914,0.018049955368041992,0.0,0001010111110010,---+-+-+++++--+-,0,True,"[[0.000109, 64.12096068], [0.003649, 60.21578298], [0.003849, 59.52154781], [0.004056, 54.7643465], [0.009472, 54.24229786], [0.01805, 53.32113868]]",45,quantum,2,,/local/scratch/a/rames102/Gurobi_QP/one_equality/complete_random
precond_pen=0.400,16,-10.338918226908994,52.970173795463964,0.4,2,0.02672100067138672,0.00908803939819336,0.0,1010101110001001,+-+-+-+++---+--+,0,True,"[[0.000106, 64.12096068], [0.003531, 55.70123109], [0.003819, 54.57374212], [0.004012, 53.50755793], [0.009088, 52.9701738]]",45,quantum,2,,/local/scratch/a/rames102/Gurobi_QP/one_equality/complete_random
precond_pen=0.500,16,-8.165042843373003,52.970173795463964,0.5,2,0.029432058334350586,0.004349946975708008,0.0,1010101110001001,+-+-+-+++---+--+,0,True,"[[0.000106, 64.12096068], [0.003802, 59.65608833], [0.004183, 55.82802853], [0.00435, 52.9701738]]",45,quantum,2,,/local/scratch/a/rames102/Gurobi_QP/one_equality/complete_random
precond_pen=0.600,16,-6.362629977037996,52.970173795463964,0.6,2,0.031122922897338867,0.008817911148071289,0.0,1010101110001001,+-+-+-+++---+--+,0,True,"[[0.000107, 64.12096068], [0.003712, 59.99217231], [0.003872, 53.32113868], [0.00874, 53.54140696], [0.008818, 52.9701738]]",45,quantum,2,,/local/scratch/a/rames102/Gurobi_QP/one_equality/complete_random
precond_pen=0.700,16,-4.995281530966001,52.970173795463964,0.7,2,0.03237009048461914,0.0319211483001709,0.0,0101010001110110,-+-+-+---+++-++-,0,True,"[[0.000108, 64.12096068], [0.003524, 62.57791234], [0.003744, 60.21578298], [0.003976, 58.38681168], [0.004121, 53.50755793], [0.009322, 53.32113868], [0.028837, 53.54140696], [0.028914, 52.9701738], [0.031921, 52.9701738]]",45,quantum,2,,/local/scratch/a/rames102/Gurobi_QP/one_equality/complete_random
precond_pen=0.800,16,-4.012879951347002,52.970173795463964,0.8,2,0.028996944427490234,0.028543949127197266,0.0,0101010001110110,-+-+-+---+++-++-,0,True,"[[0.000106, 64.12096068], [0.003707, 60.25393762], [0.003937, 60.50945628], [0.004121, 58.85914157], [0.004276, 53.32113868], [0.025262, 52.9701738], [0.028544, 52.9701738]]",45,quantum,2,,/local/scratch/a/rames102/Gurobi_QP/one_equality/complete_random
precond_pen=1.000,16,-1.9266396525060046,52.970173795463964,1.0,2,0.08607292175292969,0.00392603874206543,0.0,1010101110001001,+-+-+-+++---+--+,0,True,"[[0.000107, 64.12096068], [0.003797, 61.29194692], [0.003926, 52.9701738]]",45,quantum,2,,/local/scratch/a/rames102/Gurobi_QP/one_equality/complete_random
baseline,16,51.191062953102005,51.191062953101955,,2,0.07521200180053711,0.017362117767333984,0.0,0011101101011000,--+++-++-+-++---,0,True,"[[0.000107, 61.67329133], [0.003387, 58.71647211], [0.003541, 51.65703938], [0.017362, 51.19106295]]",46,quantum,2,,/local/scratch/a/rames102/Gurobi_QP/one_equality/complete_random
precond_pen=0.200,16,-9.538376543896003,51.191062953101955,0.2,2,0.03522014617919922,0.004168033599853516,0.0,0011101101011000,--+++-++-+-++---,0,True,"[[0.00011, 61.67329133], [0.003822, 56.39570465], [0.004168, 51.19106295]]",46,quantum,2,,/local/scratch/a/rames102/Gurobi_QP/one_equality/complete_random
precond_pen=0.400,16,-9.661462852250004,51.191062953101955,0.4,2,0.0299990177154541,0.029508113861083984,0.0,0011101101011000,--+++-++-+-++---,0,True,"[[0.000112, 61.67329133], [0.00365, 63.25415941], [0.00403, 58.71647211], [0.004344, 51.65703938], [0.026397, 51.19106295], [0.029508, 51.19106295]]",46,quantum,2,,/local/scratch/a/rames102/Gurobi_QP/one_equality/complete_random
precond_pen=0.500,16,-7.682470849273,51.191062953101955,0.5,2,0.025264978408813477,0.016258955001831055,0.0,1100010010100111,++---+--+-+--+++,0,True,"[[0.000118, 61.67329133], [0.00391, 61.53396931], [0.004153, 58.71647211], [0.004436, 51.65703938], [0.016259, 51.19106295]]",46,quantum,2,,/local/scratch/a/rames102/Gurobi_QP/one_equality/complete_random
precond_pen=0.600,16,-6.062941007435,51.191062953101955,0.6,2,0.02468085289001465,0.022202014923095703,0.0,1100010010100111,++---+--+-+--+++,0,True,"[[0.000108, 61.67329133], [0.003679, 52.69892897], [0.00397, 51.98647913], [0.008899, 51.65703938], [0.022202, 51.19106295]]",46,quantum,2,,/local/scratch/a/rames102/Gurobi_QP/one_equality/complete_random
precond_pen=0.700,16,-4.813040048053001,51.191062953101955,0.7,2,0.030027151107788086,0.025300025939941406,0.0,1100010010100111,++---+--+-+--+++,0,True,"[[0.000106, 61.67329133], [0.00377, 60.68007805], [0.003999, 58.71647211], [0.004243, 51.65703938], [0.0253, 51.19106295]]",46,quantum,2,,/local/scratch/a/rames102/Gurobi_QP/one_equality/complete_random
precond_pen=0.800,16,-3.896369128297998,51.191062953101955,0.8,2,0.029890060424804688,0.004333019256591797,0.0,1100010010100111,++---+--+-+--+++,0,True,"[[0.000108, 61.67329133], [0.003681, 58.97117119], [0.004167, 54.61201279], [0.004333, 51.19106295]]",46,quantum,2,,/local/scratch/a/rames102/Gurobi_QP/one_equality/complete_random
precond_pen=1.000,16,-1.8986257601229983,51.191062953101955,1.0,2,0.0815119743347168,0.07984805107116699,0.0,1100010010100111,++---+--+-+--+++,0,True,"[[0.000106, 61.67329133], [0.00394, 61.33783649], [0.004084, 51.65703938], [0.079848, 51.19106295]]",46,quantum,2,,/local/scratch/a/rames102/Gurobi_QP/one_equality/complete_random
baseline,16,57.55010545807402,57.550105458073986,,2,0.0743401050567627,0.07375812530517578,0.0,0100101100111100,-+--+-++--++++--,0,True,"[[0.000112, 74.14415895], [0.003252, 69.81351686], [0.003407, 69.33623008], [0.00357, 61.27968596], [0.016767, 59.67098493], [0.065478, 57.55010546], [0.073758, 57.55010546]]",47,quantum,2,,/local/scratch/a/rames102/Gurobi_QP/one_equality/complete_random
precond_pen=0.200,16,-6.1243897681089905,57.550105458073986,0.2,2,0.05615592002868652,0.009416818618774414,0.0,0100101100111100,-+--+-++--++++--,0,True,"[[0.000107, 74.14415895], [0.003329, 74.07248583], [0.003481, 69.33623008], [0.003688, 58.2707661], [0.009417, 57.55010546]]",47,quantum,2,,/local/scratch/a/rames102/Gurobi_QP/one_equality/complete_random
precond_pen=0.400,16,-11.857796380689997,57.550105458073986,0.4,2,0.015432119369506836,0.00445103645324707,0.0,1011010011000011,+-++-+--++----++,0,True,"[[0.000107, 74.14415895], [0.003808, 64.79930399], [0.004081, 66.52596114], [0.004299, 63.4076393], [0.004451, 57.55010546]]",47,quantum,2,,/local/scratch/a/rames102/Gurobi_QP/one_equality/complete_random
precond_pen=0.500,16,-9.558393216039995,57.550105458073986,0.5,2,0.015121221542358398,0.0041429996490478516,0.0,1011010011000011,+-++-+--++----++,0,True,"[[0.000106, 74.14415895], [0.003467, 66.51061662], [0.003884, 66.52596114], [0.004143, 57.55010546]]",47,quantum,2,,/local/scratch/a/rames102/Gurobi_QP/one_equality/complete_random
precond_pen=0.600,16,-7.559598304865,57.550105458073986,0.6,2,0.016396045684814453,0.004397153854370117,0.0,1011010011000011,+-++-+--++----++,0,True,"[[0.000107, 74.14415895], [0.003637, 69.33623008], [0.003863, 68.32682947], [0.004202, 64.24398346], [0.004397, 57.55010546]]",47,quantum,2,,/local/scratch/a/rames102/Gurobi_QP/one_equality/complete_random
precond_pen=0.700,16,-5.955491548212004,57.550105458073986,0.7,2,0.017309904098510742,0.00952911376953125,0.0,1011010011000011,+-++-+--++----++,0,True,"[[0.00011, 74.14415895], [0.003693, 64.00287723], [0.003983, 63.61570637], [0.004224, 58.2707661], [0.009529, 57.55010546]]",47,quantum,2,,/local/scratch/a/rames102/Gurobi_QP/one_equality/complete_random
precond_pen=0.800,16,-4.767160301443998,57.550105458073986,0.8,2,0.016813993453979492,0.0042040348052978516,0.0,1011010011000011,+-++-+--++----++,0,True,"[[0.000106, 74.14415895], [0.003464, 66.73781039], [0.003686, 67.3263257], [0.004035, 63.4076393], [0.004204, 57.55010546]]",47,quantum,2,,/local/scratch/a/rames102/Gurobi_QP/one_equality/complete_random
precond_pen=1.000,16,-2.2023285768930023,57.550105458073986,1.0,2,0.0568239688873291,0.008642911911010742,0.0,1011010011000011,+-++-+--++----++,0,True,"[[0.000106, 74.14415895], [0.00362, 66.22139575], [0.003873, 66.52596114], [0.004043, 61.95939972], [0.004186, 58.2707661], [0.008643, 57.55010546]]",47,quantum,2,,/local/scratch/a/rames102/Gurobi_QP/one_equality/complete_random
baseline,16,52.83573420340597,52.835734203406,,2,0.10367894172668457,0.10310697555541992,0.0,0110110010111000,-++-++--+-+++---,0,True,"[[0.000108, 61.55636568], [0.00325, 61.00093952], [0.003597, 57.90998019], [0.003875, 53.35216122], [0.098202, 52.8357342], [0.103107, 52.8357342]]",48,quantum,2,,/local/scratch/a/rames102/Gurobi_QP/one_equality/complete_random
precond_pen=0.200,16,-10.887872142580994,53.616922986814,0.2,2,0.02641916275024414,0.0038480758666992188,0.0,0001010100110111,---+-+-+--++-+++,0,True,"[[0.000106, 61.55636568], [0.00351, 57.90998019], [0.003848, 53.61692299]]",48,quantum,2,,/local/scratch/a/rames102/Gurobi_QP/one_equality/complete_random
precond_pen=0.400,16,-11.029525706641003,53.616922986814,0.4,2,0.027130126953125,0.0040400028228759766,0.0,1110101011001000,+++-+-+-++--+---,0,True,"[[0.000111, 61.55636568], [0.003445, 59.59107273], [0.003782, 61.00093952], [0.00404, 53.61692299]]",48,quantum,2,,/local/scratch/a/rames102/Gurobi_QP/one_equality/complete_random
precond_pen=0.500,16,-8.614465437818001,53.616922986814,0.5,2,0.024715900421142578,0.009325027465820312,0.0,0001010100110111,---+-+-+--++-+++,0,True,"[[0.000107, 61.55636568], [0.003685, 61.36820034], [0.003846, 53.35764548], [0.009325, 53.61692299]]",48,quantum,2,,/local/scratch/a/rames102/Gurobi_QP/one_equality/complete_random
precond_pen=0.600,16,-6.788468664586,53.616922986814,0.6,2,0.02614617347717285,0.003896951675415039,0.0,0001010100110111,---+-+-+--++-+++,0,True,"[[0.000107, 61.55636568], [0.003697, 60.29135337], [0.003897, 53.61692299]]",48,quantum,2,,/local/scratch/a/rames102/Gurobi_QP/one_equality/complete_random
precond_pen=0.700,16,-5.421266223989002,52.835734203406,0.7,2,0.034668922424316406,0.0322420597076416,0.0,1001001101000111,+--+--++-+---+++,0,True,"[[0.000106, 61.55636568], [0.003775, 53.61692299], [0.032242, 52.8357342]]",48,quantum,2,,/local/scratch/a/rames102/Gurobi_QP/one_equality/complete_random
precond_pen=0.800,16,-4.408349964857,52.835734203406,0.8,2,0.030215978622436523,0.017383813858032227,0.0,1001001101000111,+--+--++-+---+++,0,True,"[[0.000115, 61.55636568], [0.003501, 61.08400818], [0.003688, 61.00093952], [0.003933, 53.35216122], [0.017384, 52.8357342]]",48,quantum,2,,/local/scratch/a/rames102/Gurobi_QP/one_equality/complete_random
precond_pen=1.000,16,-2.0998999869480013,52.835734203406,1.0,2,0.06702804565429688,0.008487939834594727,0.0,1001001101000111,+--+--++-+---+++,0,True,"[[0.000107, 61.55636568], [0.003666, 58.68909609], [0.003861, 57.90998019], [0.00412, 53.35216122], [0.008488, 52.8357342]]",48,quantum,2,,/local/scratch/a/rames102/Gurobi_QP/one_equality/complete_random
baseline,16,52.93206856060904,52.932068560609004,,2,0.06373000144958496,0.003735065460205078,0.0,1100010100010111,++---+-+---+-+++,0,True,"[[0.000107, 71.46377212], [0.00322, 69.4039771], [0.003375, 68.55219577], [0.003571, 68.17790329], [0.003735, 52.93206856]]",49,quantum,2,,/local/scratch/a/rames102/Gurobi_QP/one_equality/complete_random
precond_pen=0.200,16,-12.615142703352992,52.932068560609004,0.2,2,0.025264978408813477,0.004004955291748047,0.0,1100010100010111,++---+-+---+-+++,0,True,"[[0.000108, 71.46377212], [0.003689, 57.57734385], [0.004005, 52.93206856]]",49,quantum,2,,/local/scratch/a/rames102/Gurobi_QP/one_equality/complete_random
precond_pen=0.400,16,-13.272096597527998,52.932068560609004,0.4,2,0.012653112411499023,0.0038521289825439453,0.0,1100010100010111,++---+-+---+-+++,0,True,"[[0.000106, 71.46377212], [0.003542, 57.57734385], [0.003852, 52.93206856]]",49,quantum,2,,/local/scratch/a/rames102/Gurobi_QP/one_equality/complete_random
precond_pen=0.500,16,-10.382201110228003,52.932068560609004,0.5,2,0.01383209228515625,0.0042591094970703125,0.0,0011101011101000,--+++-+-+++-+---,0,True,"[[0.000109, 71.46377212], [0.003638, 63.12112043], [0.003909, 60.83348767], [0.0041, 60.56208145], [0.004259, 52.93206856]]",49,quantum,2,,/local/scratch/a/rames102/Gurobi_QP/one_equality/complete_random
precond_pen=0.600,16,-8.06314708276,52.932068560609004,0.6,2,0.014460086822509766,0.004104137420654297,0.0,0011101011101000,--+++-+-+++-+---,0,True,"[[0.000107, 71.46377212], [0.003646, 65.954829], [0.003878, 60.83348767], [0.004104, 52.93206856]]",49,quantum,2,,/local/scratch/a/rames102/Gurobi_QP/one_equality/complete_random
precond_pen=0.700,16,-6.295685013523,52.932068560609004,0.7,2,0.016685009002685547,0.004137992858886719,0.0,1100010100010111,++---+-+---+-+++,0,True,"[[0.000106, 71.46377212], [0.003614, 61.26950811], [0.003859, 59.85377916], [0.004138, 52.93206856]]",49,quantum,2,,/local/scratch/a/rames102/Gurobi_QP/one_equality/complete_random
precond_pen=0.800,16,-5.011307569963999,52.932068560609004,0.8,2,0.019482135772705078,0.004441976547241211,0.0,0011101011101000,--+++-+-+++-+---,0,True,"[[0.000107, 71.46377212], [0.003811, 61.99982993], [0.004064, 60.83348767], [0.004275, 59.77568397], [0.004442, 52.93206856]]",49,quantum,2,,/local/scratch/a/rames102/Gurobi_QP/one_equality/complete_random
precond_pen=1.000,16,-2.227615077392003,52.932068560609004,1.0,2,0.061952829360961914,0.0042378902435302734,0.0,0011101011101000,--+++-+-+++-+---,0,True,"[[0.000106, 71.46377212], [0.003795, 61.31630985], [0.004085, 58.02782923], [0.004238, 52.93206856]]",49,quantum,2,,/local/scratch/a/rames102/Gurobi_QP/one_equality/complete_random
