seed,layers,sweeps,preconditioner_family,name,penalty,presolve,event_idx,time_sec,orig_obj,running_best_orig_obj
0,2,,quantum,baseline,,True,0,0.000194,109.3548078,109.3548078
0,2,,quantum,baseline,,True,1,0.006678,101.73928921,101.73928921
0,2,,quantum,baseline,,True,2,0.006984,100.75620308,100.75620308
0,2,,quantum,baseline,,True,3,0.0073,93.35214931,93.35214931
0,2,,quantum,baseline,,True,4,0.122413,93.14102728,93.14102728
0,2,,quantum,baseline,,True,5,0.156214,92.65812845,92.65812845
0,2,,quantum,baseline,,True,6,0.1651,91.93633401,91.93633401
0,2,,quantum,baseline,,True,7,0.165233,91.05430035,91.05430035
0,2,,quantum,precond_pen=0.200,0.2,True,0,0.000126,109.3548078,109.3548078
0,2,,quantum,precond_pen=0.200,0.2,True,1,0.004166,105.37390416,105.37390416
0,2,,quantum,precond_pen=0.200,0.2,True,2,0.004357,101.73928921,101.73928921
0,2,,quantum,precond_pen=0.200,0.2,True,3,0.004698,91.05430035,91.05430035
0,2,,quantum,precond_pen=0.300,0.3,True,0,0.000123,109.3548078,109.3548078
0,2,,quantum,precond_pen=0.300,0.3,True,1,0.004868,101.73928921,101.73928921
0,2,,quantum,precond_pen=0.300,0.3,True,2,0.005266,91.05430035,91.05430035
0,2,,quantum,precond_pen=0.400,0.4,True,0,0.000131,109.3548078,109.3548078
0,2,,quantum,precond_pen=0.400,0.4,True,1,0.004778,103.89049719,103.89049719
0,2,,quantum,precond_pen=0.400,0.4,True,2,0.00502,101.73928921,101.73928921
0,2,,quantum,precond_pen=0.400,0.4,True,3,0.005571,97.34478235,97.34478235
0,2,,quantum,precond_pen=0.400,0.4,True,4,0.005853,93.85441107,93.85441107
0,2,,quantum,precond_pen=0.400,0.4,True,5,0.015521,91.05430035,91.05430035
0,2,,quantum,precond_pen=0.500,0.5,True,0,0.000121,109.3548078,109.3548078
0,2,,quantum,precond_pen=0.500,0.5,True,1,0.00447,105.05239854,105.05239854
0,2,,quantum,precond_pen=0.500,0.5,True,2,0.004712,101.73928921,101.73928921
0,2,,quantum,precond_pen=0.500,0.5,True,3,0.004931,101.10962617,101.10962617
0,2,,quantum,precond_pen=0.500,0.5,True,4,0.005173,93.85441107,93.85441107
0,2,,quantum,precond_pen=0.500,0.5,True,5,0.014552,93.70979723,93.70979723
0,2,,quantum,precond_pen=0.500,0.5,True,6,0.014637,91.05430035,91.05430035
0,2,,quantum,precond_pen=0.500,0.5,True,7,0.043645,91.05430035,91.05430035
0,2,,quantum,precond_pen=0.600,0.6,True,0,0.00012,109.3548078,109.3548078
0,2,,quantum,precond_pen=0.600,0.6,True,1,0.00498,106.07509721,106.07509721
0,2,,quantum,precond_pen=0.600,0.6,True,2,0.00521,101.73928921,101.73928921
0,2,,quantum,precond_pen=0.600,0.6,True,3,0.005539,93.85441107,93.85441107
0,2,,quantum,precond_pen=0.600,0.6,True,4,0.01482,91.05430035,91.05430035
0,2,,quantum,precond_pen=0.700,0.7,True,0,0.000129,109.3548078,109.3548078
0,2,,quantum,precond_pen=0.700,0.7,True,1,0.004907,100.60056067,100.60056067
0,2,,quantum,precond_pen=0.700,0.7,True,2,0.005198,92.58481756,92.58481756
0,2,,quantum,precond_pen=0.700,0.7,True,3,0.015741,91.05430035,91.05430035
1,2,,quantum,baseline,,True,0,0.000125,99.25133438,99.25133438
1,2,,quantum,baseline,,True,1,0.004448,89.49026055,89.49026055
1,2,,quantum,baseline,,True,2,0.034319,88.09944822,88.09944822
1,2,,quantum,baseline,,True,3,0.164406,87.42019146,87.42019146
1,2,,quantum,baseline,,True,4,0.185038,86.87741286,86.87741286
1,2,,quantum,precond_pen=0.200,0.2,True,0,0.000125,99.25133438,99.25133438
1,2,,quantum,precond_pen=0.200,0.2,True,1,0.004494,95.8276157,95.8276157
1,2,,quantum,precond_pen=0.200,0.2,True,2,0.005114,86.87741286,86.87741286
1,2,,quantum,precond_pen=0.300,0.3,True,0,0.000125,99.25133438,99.25133438
1,2,,quantum,precond_pen=0.300,0.3,True,1,0.004569,98.05929085,98.05929085
1,2,,quantum,precond_pen=0.300,0.3,True,2,0.005131,95.2824903,95.2824903
1,2,,quantum,precond_pen=0.300,0.3,True,3,0.005472,86.87741286,86.87741286
1,2,,quantum,precond_pen=0.400,0.4,True,0,0.000128,99.25133438,99.25133438
1,2,,quantum,precond_pen=0.400,0.4,True,1,0.004566,93.12963083,93.12963083
1,2,,quantum,precond_pen=0.400,0.4,True,2,0.005134,86.87741286,86.87741286
1,2,,quantum,precond_pen=0.500,0.5,True,0,0.000129,99.25133438,99.25133438
1,2,,quantum,precond_pen=0.500,0.5,True,1,0.004643,97.91678395,97.91678395
1,2,,quantum,precond_pen=0.500,0.5,True,2,0.004896,98.09394461,97.91678395
1,2,,quantum,precond_pen=0.500,0.5,True,3,0.005319,95.0777627,95.0777627
1,2,,quantum,precond_pen=0.500,0.5,True,4,0.005653,86.87741286,86.87741286
1,2,,quantum,precond_pen=0.600,0.6,True,0,0.000122,99.25133438,99.25133438
1,2,,quantum,precond_pen=0.600,0.6,True,1,0.004659,95.90348086,95.90348086
1,2,,quantum,precond_pen=0.600,0.6,True,2,0.005033,95.2824903,95.2824903
1,2,,quantum,precond_pen=0.600,0.6,True,3,0.005325,94.28877132,94.28877132
1,2,,quantum,precond_pen=0.600,0.6,True,4,0.005625,86.87741286,86.87741286
1,2,,quantum,precond_pen=0.700,0.7,True,0,0.000125,99.25133438,99.25133438
1,2,,quantum,precond_pen=0.700,0.7,True,1,0.005162,93.88635161,93.88635161
1,2,,quantum,precond_pen=0.700,0.7,True,2,0.005852,86.87741286,86.87741286
2,2,,quantum,baseline,,True,0,0.000122,97.10293979,97.10293979
2,2,,quantum,baseline,,True,1,0.003853,96.61597096,96.61597096
2,2,,quantum,baseline,,True,2,0.004035,96.43400482,96.43400482
2,2,,quantum,baseline,,True,3,0.004378,87.34743637,87.34743637
2,2,,quantum,baseline,,True,4,0.033555,86.18601616,86.18601616
2,2,,quantum,precond_pen=0.200,0.2,True,0,0.000129,97.10293979,97.10293979
2,2,,quantum,precond_pen=0.200,0.2,True,1,0.004551,95.65998138,95.65998138
2,2,,quantum,precond_pen=0.200,0.2,True,2,0.005056,96.61597096,95.65998138
2,2,,quantum,precond_pen=0.200,0.2,True,3,0.005373,87.73600063,87.73600063
2,2,,quantum,precond_pen=0.300,0.3,True,0,0.00012,97.10293979,97.10293979
2,2,,quantum,precond_pen=0.300,0.3,True,1,0.004537,97.17858214,97.10293979
2,2,,quantum,precond_pen=0.300,0.3,True,2,0.004832,94.51580303,94.51580303
2,2,,quantum,precond_pen=0.300,0.3,True,3,0.005082,92.20617175,92.20617175
2,2,,quantum,precond_pen=0.300,0.3,True,4,0.005358,87.73600063,87.73600063
2,2,,quantum,precond_pen=0.400,0.4,True,0,0.000123,97.10293979,97.10293979
2,2,,quantum,precond_pen=0.400,0.4,True,1,0.004965,93.76167477,93.76167477
2,2,,quantum,precond_pen=0.400,0.4,True,2,0.005498,92.20617175,92.20617175
2,2,,quantum,precond_pen=0.400,0.4,True,3,0.005834,87.73600063,87.73600063
2,2,,quantum,precond_pen=0.400,0.4,True,4,0.079126,86.18601616,86.18601616
2,2,,quantum,precond_pen=0.500,0.5,True,0,0.000134,97.10293979,97.10293979
2,2,,quantum,precond_pen=0.500,0.5,True,1,0.004923,95.88046148,95.88046148
2,2,,quantum,precond_pen=0.500,0.5,True,2,0.005233,87.63839465,87.63839465
2,2,,quantum,precond_pen=0.500,0.5,True,3,0.016277,86.18601616,86.18601616
2,2,,quantum,precond_pen=0.600,0.6,True,0,0.000125,97.10293979,97.10293979
2,2,,quantum,precond_pen=0.600,0.6,True,1,0.006584,92.41622794,92.41622794
2,2,,quantum,precond_pen=0.600,0.6,True,2,0.006864,86.18601616,86.18601616
2,2,,quantum,precond_pen=0.700,0.7,True,0,0.000122,97.10293979,97.10293979
2,2,,quantum,precond_pen=0.700,0.7,True,1,0.005167,86.18601616,86.18601616
3,2,,quantum,baseline,,True,0,0.000132,100.2592436,100.2592436
3,2,,quantum,baseline,,True,1,0.004646,85.6764696,85.6764696
3,2,,quantum,precond_pen=0.200,0.2,True,0,0.000125,100.2592436,100.2592436
3,2,,quantum,precond_pen=0.200,0.2,True,1,0.004585,100.77057588,100.2592436
3,2,,quantum,precond_pen=0.200,0.2,True,2,0.004878,96.61527017,96.61527017
3,2,,quantum,precond_pen=0.200,0.2,True,3,0.00522,87.84885236,87.84885236
3,2,,quantum,precond_pen=0.300,0.3,True,0,0.000119,100.2592436,100.2592436
3,2,,quantum,precond_pen=0.300,0.3,True,1,0.004437,101.65523537,100.2592436
3,2,,quantum,precond_pen=0.300,0.3,True,2,0.004723,87.84885236,87.84885236
3,2,,quantum,precond_pen=0.300,0.3,True,3,0.051099,85.6764696,85.6764696
3,2,,quantum,precond_pen=0.300,0.3,True,4,0.056208,85.6764696,85.6764696
3,2,,quantum,precond_pen=0.400,0.4,True,0,0.000129,100.2592436,100.2592436
3,2,,quantum,precond_pen=0.400,0.4,True,1,0.004633,93.5383362,93.5383362
3,2,,quantum,precond_pen=0.400,0.4,True,2,0.005041,94.64808757,93.5383362
3,2,,quantum,precond_pen=0.400,0.4,True,3,0.005342,92.41411153,92.41411153
3,2,,quantum,precond_pen=0.400,0.4,True,4,0.005581,85.6764696,85.6764696
3,2,,quantum,precond_pen=0.500,0.5,True,0,0.00012,100.2592436,100.2592436
3,2,,quantum,precond_pen=0.500,0.5,True,1,0.005153,95.57337284,95.57337284
3,2,,quantum,precond_pen=0.500,0.5,True,2,0.005454,96.61527017,95.57337284
3,2,,quantum,precond_pen=0.500,0.5,True,3,0.005877,85.6764696,85.6764696
3,2,,quantum,precond_pen=0.600,0.6,True,0,0.000131,100.2592436,100.2592436
3,2,,quantum,precond_pen=0.600,0.6,True,1,0.004512,96.44994231,96.44994231
3,2,,quantum,precond_pen=0.600,0.6,True,2,0.004802,96.61527017,96.44994231
3,2,,quantum,precond_pen=0.600,0.6,True,3,0.005043,95.26102134,95.26102134
3,2,,quantum,precond_pen=0.600,0.6,True,4,0.005278,87.05925459,87.05925459
3,2,,quantum,precond_pen=0.600,0.6,True,5,0.034147,87.15203868,87.05925459
3,2,,quantum,precond_pen=0.600,0.6,True,6,0.081459,85.6764696,85.6764696
3,2,,quantum,precond_pen=0.700,0.7,True,0,0.000123,100.2592436,100.2592436
3,2,,quantum,precond_pen=0.700,0.7,True,1,0.004964,98.21053173,98.21053173
3,2,,quantum,precond_pen=0.700,0.7,True,2,0.005447,96.61527017,96.61527017
3,2,,quantum,precond_pen=0.700,0.7,True,3,0.005916,86.8557907,86.8557907
3,2,,quantum,precond_pen=0.700,0.7,True,4,0.015777,87.05925459,86.8557907
3,2,,quantum,precond_pen=0.700,0.7,True,5,0.090024,87.15203868,86.8557907
3,2,,quantum,precond_pen=0.700,0.7,True,6,0.10263,85.6764696,85.6764696
4,2,,quantum,baseline,,True,0,0.000125,108.15912238,108.15912238
4,2,,quantum,baseline,,True,1,0.004233,105.47468849,105.47468849
4,2,,quantum,baseline,,True,2,0.004489,96.22615194,96.22615194
4,2,,quantum,baseline,,True,3,0.034017,95.95165142,95.95165142
4,2,,quantum,precond_pen=0.200,0.2,True,0,0.000133,108.15912238,108.15912238
4,2,,quantum,precond_pen=0.200,0.2,True,1,0.004646,109.51072007,108.15912238
4,2,,quantum,precond_pen=0.200,0.2,True,2,0.004844,96.53066341,96.53066341
4,2,,quantum,precond_pen=0.300,0.3,True,0,0.000132,108.15912238,108.15912238
4,2,,quantum,precond_pen=0.300,0.3,True,1,0.004658,110.32963129,108.15912238
4,2,,quantum,precond_pen=0.300,0.3,True,2,0.004949,103.68933841,103.68933841
4,2,,quantum,precond_pen=0.300,0.3,True,3,0.005437,102.88601916,102.88601916
4,2,,quantum,precond_pen=0.300,0.3,True,4,0.005701,96.53066341,96.53066341
4,2,,quantum,precond_pen=0.400,0.4,True,0,0.000134,108.15912238,108.15912238
4,2,,quantum,precond_pen=0.400,0.4,True,1,0.005064,102.84926687,102.84926687
4,2,,quantum,precond_pen=0.400,0.4,True,2,0.005464,102.36562379,102.36562379
4,2,,quantum,precond_pen=0.400,0.4,True,3,0.005762,101.21979609,101.21979609
4,2,,quantum,precond_pen=0.400,0.4,True,4,0.005999,96.53066341,96.53066341
4,2,,quantum,precond_pen=0.500,0.5,True,0,0.000124,108.15912238,108.15912238
4,2,,quantum,precond_pen=0.500,0.5,True,1,0.004308,107.56635595,107.56635595
4,2,,quantum,precond_pen=0.500,0.5,True,2,0.004602,103.68933841,103.68933841
4,2,,quantum,precond_pen=0.500,0.5,True,3,0.004912,105.79682947,103.68933841
4,2,,quantum,precond_pen=0.500,0.5,True,4,0.005211,96.53066341,96.53066341
4,2,,quantum,precond_pen=0.600,0.6,True,0,0.000125,108.15912238,108.15912238
4,2,,quantum,precond_pen=0.600,0.6,True,1,0.004888,107.73061752,107.73061752
4,2,,quantum,precond_pen=0.600,0.6,True,2,0.005172,103.68933841,103.68933841
4,2,,quantum,precond_pen=0.600,0.6,True,3,0.005389,104.34771972,103.68933841
4,2,,quantum,precond_pen=0.600,0.6,True,4,0.005674,96.53066341,96.53066341
4,2,,quantum,precond_pen=0.700,0.7,True,0,0.000123,108.15912238,108.15912238
4,2,,quantum,precond_pen=0.700,0.7,True,1,0.004561,102.54086617,102.54086617
4,2,,quantum,precond_pen=0.700,0.7,True,2,0.004953,102.36562379,102.36562379
4,2,,quantum,precond_pen=0.700,0.7,True,3,0.005242,101.71376211,101.71376211
4,2,,quantum,precond_pen=0.700,0.7,True,4,0.005544,96.53066341,96.53066341
5,2,,quantum,baseline,,True,0,0.000125,105.24454556,105.24454556
5,2,,quantum,baseline,,True,1,0.004245,100.61575624,100.61575624
5,2,,quantum,baseline,,True,2,0.004442,99.63767186,99.63767186
5,2,,quantum,baseline,,True,3,0.00473,84.02401955,84.02401955
5,2,,quantum,baseline,,True,4,0.134708,82.85950408,82.85950408
5,2,,quantum,baseline,,True,5,0.177873,82.85950408,82.85950408
5,2,,quantum,precond_pen=0.200,0.2,True,0,0.000138,105.24454556,105.24454556
5,2,,quantum,precond_pen=0.200,0.2,True,1,0.004191,98.77390711,98.77390711
5,2,,quantum,precond_pen=0.200,0.2,True,2,0.004627,99.63767186,98.77390711
5,2,,quantum,precond_pen=0.200,0.2,True,3,0.005038,82.85950408,82.85950408
5,2,,quantum,precond_pen=0.300,0.3,True,0,0.000124,105.24454556,105.24454556
5,2,,quantum,precond_pen=0.300,0.3,True,1,0.004706,95.4700983,95.4700983
5,2,,quantum,precond_pen=0.300,0.3,True,2,0.005152,95.31882244,95.31882244
5,2,,quantum,precond_pen=0.300,0.3,True,3,0.005449,82.85950408,82.85950408
5,2,,quantum,precond_pen=0.400,0.4,True,0,0.000131,105.24454556,105.24454556
5,2,,quantum,precond_pen=0.400,0.4,True,1,0.004473,94.50723456,94.50723456
5,2,,quantum,precond_pen=0.400,0.4,True,2,0.004943,97.40818243,94.50723456
5,2,,quantum,precond_pen=0.400,0.4,True,3,0.005171,82.85950408,82.85950408
5,2,,quantum,precond_pen=0.500,0.5,True,0,0.000121,105.24454556,105.24454556
5,2,,quantum,precond_pen=0.500,0.5,True,1,0.00477,98.29345338,98.29345338
5,2,,quantum,precond_pen=0.500,0.5,True,2,0.005407,94.49311972,94.49311972
5,2,,quantum,precond_pen=0.500,0.5,True,3,0.005686,83.65160908,83.65160908
5,2,,quantum,precond_pen=0.500,0.5,True,4,0.015584,82.85950408,82.85950408
5,2,,quantum,precond_pen=0.600,0.6,True,0,0.000121,105.24454556,105.24454556
5,2,,quantum,precond_pen=0.600,0.6,True,1,0.004436,92.85900581,92.85900581
5,2,,quantum,precond_pen=0.600,0.6,True,2,0.00509,90.99611046,90.99611046
5,2,,quantum,precond_pen=0.600,0.6,True,3,0.005326,82.85950408,82.85950408
5,2,,quantum,precond_pen=0.700,0.7,True,0,0.000124,105.24454556,105.24454556
5,2,,quantum,precond_pen=0.700,0.7,True,1,0.004923,96.68948398,96.68948398
5,2,,quantum,precond_pen=0.700,0.7,True,2,0.005366,97.03512002,96.68948398
5,2,,quantum,precond_pen=0.700,0.7,True,3,0.005645,83.65160908,83.65160908
5,2,,quantum,precond_pen=0.700,0.7,True,4,0.015504,82.85950408,82.85950408
6,2,,quantum,baseline,,True,0,0.000125,109.73299824,109.73299824
6,2,,quantum,baseline,,True,1,0.004096,108.28913449,108.28913449
6,2,,quantum,baseline,,True,2,0.004361,93.69489405,93.69489405
6,2,,quantum,baseline,,True,3,0.034109,88.71565306,88.71565306
6,2,,quantum,precond_pen=0.200,0.2,True,0,0.000125,109.73299824,109.73299824
6,2,,quantum,precond_pen=0.200,0.2,True,1,0.00444,106.34686626,106.34686626
6,2,,quantum,precond_pen=0.200,0.2,True,2,0.004713,111.65127346,106.34686626
6,2,,quantum,precond_pen=0.200,0.2,True,3,0.00496,102.77961878,102.77961878
6,2,,quantum,precond_pen=0.200,0.2,True,4,0.005222,88.71565306,88.71565306
6,2,,quantum,precond_pen=0.300,0.3,True,0,0.000121,109.73299824,109.73299824
6,2,,quantum,precond_pen=0.300,0.3,True,1,0.004743,99.50503155,99.50503155
6,2,,quantum,precond_pen=0.300,0.3,True,2,0.005341,90.05263535,90.05263535
6,2,,quantum,precond_pen=0.300,0.3,True,3,0.015563,89.21741223,89.21741223
6,2,,quantum,precond_pen=0.400,0.4,True,0,0.000121,109.73299824,109.73299824
6,2,,quantum,precond_pen=0.400,0.4,True,1,0.004798,107.44614192,107.44614192
6,2,,quantum,precond_pen=0.400,0.4,True,2,0.005029,106.84662774,106.84662774
6,2,,quantum,precond_pen=0.400,0.4,True,3,0.005256,105.06032091,105.06032091
6,2,,quantum,precond_pen=0.400,0.4,True,4,0.005495,89.21741223,89.21741223
6,2,,quantum,precond_pen=0.500,0.5,True,0,0.000123,109.73299824,109.73299824
6,2,,quantum,precond_pen=0.500,0.5,True,1,0.00463,99.92403511,99.92403511
6,2,,quantum,precond_pen=0.500,0.5,True,2,0.005308,88.71565306,88.71565306
6,2,,quantum,precond_pen=0.600,0.6,True,0,0.000126,109.73299824,109.73299824
6,2,,quantum,precond_pen=0.600,0.6,True,1,0.005001,97.22376453,97.22376453
6,2,,quantum,precond_pen=0.600,0.6,True,2,0.005676,89.50648883,89.50648883
6,2,,quantum,precond_pen=0.600,0.6,True,3,0.014613,88.71565306,88.71565306
6,2,,quantum,precond_pen=0.700,0.7,True,0,0.000128,109.73299824,109.73299824
6,2,,quantum,precond_pen=0.700,0.7,True,1,0.004961,102.68241397,102.68241397
6,2,,quantum,precond_pen=0.700,0.7,True,2,0.005369,102.55810275,102.55810275
6,2,,quantum,precond_pen=0.700,0.7,True,3,0.005697,89.50648883,89.50648883
6,2,,quantum,precond_pen=0.700,0.7,True,4,0.014921,88.71565306,88.71565306
7,2,,quantum,baseline,,True,0,0.000127,100.42888407,100.42888407
7,2,,quantum,baseline,,True,1,0.005011,86.68155316,86.68155316
7,2,,quantum,baseline,,True,2,0.129214,85.68813474,85.68813474
7,2,,quantum,baseline,,True,3,0.180149,85.63690008,85.63690008
7,2,,quantum,baseline,,True,4,0.234398,85.63690008,85.63690008
7,2,,quantum,precond_pen=0.200,0.2,True,0,0.000126,100.42888407,100.42888407
7,2,,quantum,precond_pen=0.200,0.2,True,1,0.004899,85.68813474,85.68813474
7,2,,quantum,precond_pen=0.200,0.2,True,2,0.104969,85.90424433,85.68813474
7,2,,quantum,precond_pen=0.300,0.3,True,0,0.000123,100.42888407,100.42888407
7,2,,quantum,precond_pen=0.300,0.3,True,1,0.004397,101.68693485,100.42888407
7,2,,quantum,precond_pen=0.300,0.3,True,2,0.004646,100.44693241,100.42888407
7,2,,quantum,precond_pen=0.300,0.3,True,3,0.004948,101.23735229,100.42888407
7,2,,quantum,precond_pen=0.300,0.3,True,4,0.005198,86.00633422,86.00633422
7,2,,quantum,precond_pen=0.400,0.4,True,0,0.000125,100.42888407,100.42888407
7,2,,quantum,precond_pen=0.400,0.4,True,1,0.004855,98.13755937,98.13755937
7,2,,quantum,precond_pen=0.400,0.4,True,2,0.005124,97.5987919,97.5987919
7,2,,quantum,precond_pen=0.400,0.4,True,3,0.005348,99.0230922,97.5987919
7,2,,quantum,precond_pen=0.400,0.4,True,4,0.005585,86.00633422,86.00633422
7,2,,quantum,precond_pen=0.400,0.4,True,5,0.015892,85.90424433,85.90424433
7,2,,quantum,precond_pen=0.500,0.5,True,0,0.000141,100.42888407,100.42888407
7,2,,quantum,precond_pen=0.500,0.5,True,1,0.004885,95.29249854,95.29249854
7,2,,quantum,precond_pen=0.500,0.5,True,2,0.005366,95.29773384,95.29249854
7,2,,quantum,precond_pen=0.500,0.5,True,3,0.005616,85.63690008,85.63690008
7,2,,quantum,precond_pen=0.500,0.5,True,4,0.01507,86.00633422,85.63690008
7,2,,quantum,precond_pen=0.500,0.5,True,5,0.053738,85.90424433,85.63690008
7,2,,quantum,precond_pen=0.600,0.6,True,0,0.000125,100.42888407,100.42888407
7,2,,quantum,precond_pen=0.600,0.6,True,1,0.004712,96.99423527,96.99423527
7,2,,quantum,precond_pen=0.600,0.6,True,2,0.00536,92.2488472,92.2488472
7,2,,quantum,precond_pen=0.600,0.6,True,3,0.005644,85.90424433,85.90424433
7,2,,quantum,precond_pen=0.700,0.7,True,0,0.000125,100.42888407,100.42888407
7,2,,quantum,precond_pen=0.700,0.7,True,1,0.004852,98.92873517,98.92873517
7,2,,quantum,precond_pen=0.700,0.7,True,2,0.00511,97.5987919,97.5987919
7,2,,quantum,precond_pen=0.700,0.7,True,3,0.005502,86.68155316,86.68155316
7,2,,quantum,precond_pen=0.700,0.7,True,4,0.015906,85.63690008,85.63690008
7,2,,quantum,precond_pen=0.700,0.7,True,5,0.060667,85.90424433,85.63690008
8,2,,quantum,baseline,,True,0,0.000136,96.55726062,96.55726062
8,2,,quantum,baseline,,True,1,0.004013,95.73930033,95.73930033
8,2,,quantum,baseline,,True,2,0.004448,90.56198097,90.56198097
8,2,,quantum,baseline,,True,3,0.004783,79.77328346,79.77328346
8,2,,quantum,precond_pen=0.200,0.2,True,0,0.000125,96.55726062,96.55726062
8,2,,quantum,precond_pen=0.200,0.2,True,1,0.00475,87.21654591,87.21654591
8,2,,quantum,precond_pen=0.200,0.2,True,2,0.005327,79.77328346,79.77328346
8,2,,quantum,precond_pen=0.300,0.3,True,0,0.000126,96.55726062,96.55726062
8,2,,quantum,precond_pen=0.300,0.3,True,1,0.004488,86.61821106,86.61821106
8,2,,quantum,precond_pen=0.300,0.3,True,2,0.005034,79.77328346,79.77328346
8,2,,quantum,precond_pen=0.400,0.4,True,0,0.000124,96.55726062,96.55726062
8,2,,quantum,precond_pen=0.400,0.4,True,1,0.005003,90.77827437,90.77827437
8,2,,quantum,precond_pen=0.400,0.4,True,2,0.005287,79.77328346,79.77328346
8,2,,quantum,precond_pen=0.500,0.5,True,0,0.000123,96.55726062,96.55726062
8,2,,quantum,precond_pen=0.500,0.5,True,1,0.004852,93.28447389,93.28447389
8,2,,quantum,precond_pen=0.500,0.5,True,2,0.005154,79.77328346,79.77328346
8,2,,quantum,precond_pen=0.600,0.6,True,0,0.000124,96.55726062,96.55726062
8,2,,quantum,precond_pen=0.600,0.6,True,1,0.004977,89.84356205,89.84356205
8,2,,quantum,precond_pen=0.600,0.6,True,2,0.005261,89.05707432,89.05707432
8,2,,quantum,precond_pen=0.600,0.6,True,3,0.005701,79.77328346,79.77328346
8,2,,quantum,precond_pen=0.700,0.7,True,0,0.000125,96.55726062,96.55726062
8,2,,quantum,precond_pen=0.700,0.7,True,1,0.004756,90.0010035,90.0010035
8,2,,quantum,precond_pen=0.700,0.7,True,2,0.005212,89.05707432,89.05707432
8,2,,quantum,precond_pen=0.700,0.7,True,3,0.005679,79.77328346,79.77328346
9,2,,quantum,baseline,,True,0,0.000125,97.81162164,97.81162164
9,2,,quantum,baseline,,True,1,0.005073,89.33706487,89.33706487
9,2,,quantum,baseline,,True,2,0.034377,88.48452698,88.48452698
9,2,,quantum,precond_pen=0.200,0.2,True,0,0.000128,97.81162164,97.81162164
9,2,,quantum,precond_pen=0.200,0.2,True,1,0.005778,89.51375918,89.51375918
9,2,,quantum,precond_pen=0.300,0.3,True,0,0.000131,97.81162164,97.81162164
9,2,,quantum,precond_pen=0.300,0.3,True,1,0.005439,94.22987538,94.22987538
9,2,,quantum,precond_pen=0.300,0.3,True,2,0.006215,89.33706487,89.33706487
9,2,,quantum,precond_pen=0.300,0.3,True,3,0.015869,89.51375918,89.33706487
9,2,,quantum,precond_pen=0.400,0.4,True,0,0.000124,97.81162164,97.81162164
9,2,,quantum,precond_pen=0.400,0.4,True,1,0.004728,89.17121708,89.17121708
9,2,,quantum,precond_pen=0.400,0.4,True,2,0.005134,89.51375918,89.17121708
9,2,,quantum,precond_pen=0.500,0.5,True,0,0.000138,97.81162164,97.81162164
9,2,,quantum,precond_pen=0.500,0.5,True,1,0.005576,93.09882216,93.09882216
9,2,,quantum,precond_pen=0.500,0.5,True,2,0.005814,88.48452698,88.48452698
9,2,,quantum,precond_pen=0.600,0.6,True,0,0.000123,97.81162164,97.81162164
9,2,,quantum,precond_pen=0.600,0.6,True,1,0.004577,97.10303363,97.10303363
9,2,,quantum,precond_pen=0.600,0.6,True,2,0.005193,89.17121708,89.17121708
9,2,,quantum,precond_pen=0.600,0.6,True,3,0.005438,88.48452698,88.48452698
9,2,,quantum,precond_pen=0.700,0.7,True,0,0.000124,97.81162164,97.81162164
9,2,,quantum,precond_pen=0.700,0.7,True,1,0.005361,96.37579356,96.37579356
9,2,,quantum,precond_pen=0.700,0.7,True,2,0.005545,89.33706487,89.33706487
9,2,,quantum,precond_pen=0.700,0.7,True,3,0.037836,88.48452698,88.48452698
10,2,,quantum,baseline,,True,0,0.00012,104.2780989,104.2780989
10,2,,quantum,baseline,,True,1,0.004156,98.10284215,98.10284215
10,2,,quantum,baseline,,True,2,0.004434,97.78319211,97.78319211
10,2,,quantum,baseline,,True,3,0.004746,84.11801038,84.11801038
10,2,,quantum,baseline,,True,4,0.034164,83.23887642,83.23887642
10,2,,quantum,precond_pen=0.200,0.2,True,0,0.000127,104.2780989,104.2780989
10,2,,quantum,precond_pen=0.200,0.2,True,1,0.004667,90.00127672,90.00127672
10,2,,quantum,precond_pen=0.200,0.2,True,2,0.005282,84.12548036,84.12548036
10,2,,quantum,precond_pen=0.200,0.2,True,3,0.083513,84.11801038,84.11801038
10,2,,quantum,precond_pen=0.200,0.2,True,4,0.084446,84.11801038,84.11801038
10,2,,quantum,precond_pen=0.300,0.3,True,0,0.000135,104.2780989,104.2780989
10,2,,quantum,precond_pen=0.300,0.3,True,1,0.004709,99.2529996,99.2529996
10,2,,quantum,precond_pen=0.300,0.3,True,2,0.005082,99.11353745,99.11353745
10,2,,quantum,precond_pen=0.300,0.3,True,3,0.005341,95.71872366,95.71872366
10,2,,quantum,precond_pen=0.300,0.3,True,4,0.005574,84.11801038,84.11801038
10,2,,quantum,precond_pen=0.300,0.3,True,5,0.015539,84.12548036,84.11801038
10,2,,quantum,precond_pen=0.400,0.4,True,0,0.00013,104.2780989,104.2780989
10,2,,quantum,precond_pen=0.400,0.4,True,1,0.004743,96.7523908,96.7523908
10,2,,quantum,precond_pen=0.400,0.4,True,2,0.005118,94.42120626,94.42120626
10,2,,quantum,precond_pen=0.400,0.4,True,3,0.005343,96.10425513,94.42120626
10,2,,quantum,precond_pen=0.400,0.4,True,4,0.0057,84.11801038,84.11801038
10,2,,quantum,precond_pen=0.400,0.4,True,5,0.015407,83.23887642,83.23887642
10,2,,quantum,precond_pen=0.500,0.5,True,0,0.000167,104.2780989,104.2780989
10,2,,quantum,precond_pen=0.500,0.5,True,1,0.005154,92.83815667,92.83815667
10,2,,quantum,precond_pen=0.500,0.5,True,2,0.005822,83.23887642,83.23887642
10,2,,quantum,precond_pen=0.500,0.5,True,3,0.086403,83.23887642,83.23887642
10,2,,quantum,precond_pen=0.500,0.5,True,4,0.086776,84.51275335,83.23887642
10,2,,quantum,precond_pen=0.600,0.6,True,0,0.00013,104.2780989,104.2780989
10,2,,quantum,precond_pen=0.600,0.6,True,1,0.005035,88.07052109,88.07052109
10,2,,quantum,precond_pen=0.600,0.6,True,2,0.005594,83.23887642,83.23887642
10,2,,quantum,precond_pen=0.700,0.7,True,0,0.00012,104.2780989,104.2780989
10,2,,quantum,precond_pen=0.700,0.7,True,1,0.005616,90.51000469,90.51000469
10,2,,quantum,precond_pen=0.700,0.7,True,2,0.006244,83.23887642,83.23887642
11,2,,quantum,baseline,,True,0,0.000126,96.29156649,96.29156649
11,2,,quantum,baseline,,True,1,0.004481,88.84832625,88.84832625
11,2,,quantum,baseline,,True,2,0.004872,88.11419514,88.11419514
11,2,,quantum,baseline,,True,3,0.005212,76.31510008,76.31510008
11,2,,quantum,precond_pen=0.200,0.2,True,0,0.000127,96.29156649,96.29156649
11,2,,quantum,precond_pen=0.200,0.2,True,1,0.004667,91.19054554,91.19054554
11,2,,quantum,precond_pen=0.200,0.2,True,2,0.005268,89.15008558,89.15008558
11,2,,quantum,precond_pen=0.200,0.2,True,3,0.005679,87.76760274,87.76760274
11,2,,quantum,precond_pen=0.200,0.2,True,4,0.005991,76.31510008,76.31510008
11,2,,quantum,precond_pen=0.300,0.3,True,0,0.000152,96.29156649,96.29156649
11,2,,quantum,precond_pen=0.300,0.3,True,1,0.004834,88.03553678,88.03553678
11,2,,quantum,precond_pen=0.300,0.3,True,2,0.005217,88.82300818,88.03553678
11,2,,quantum,precond_pen=0.300,0.3,True,3,0.005458,86.25238125,86.25238125
11,2,,quantum,precond_pen=0.300,0.3,True,4,0.005699,76.31510008,76.31510008
11,2,,quantum,precond_pen=0.400,0.4,True,0,0.000126,96.29156649,96.29156649
11,2,,quantum,precond_pen=0.400,0.4,True,1,0.004825,89.00275292,89.00275292
11,2,,quantum,precond_pen=0.400,0.4,True,2,0.005217,85.56223191,85.56223191
11,2,,quantum,precond_pen=0.400,0.4,True,3,0.00564,76.31510008,76.31510008
11,2,,quantum,precond_pen=0.500,0.5,True,0,0.000124,96.29156649,96.29156649
11,2,,quantum,precond_pen=0.500,0.5,True,1,0.005045,89.78604314,89.78604314
11,2,,quantum,precond_pen=0.500,0.5,True,2,0.005424,89.15008558,89.15008558
11,2,,quantum,precond_pen=0.500,0.5,True,3,0.005803,76.31510008,76.31510008
11,2,,quantum,precond_pen=0.600,0.6,True,0,0.000127,96.29156649,96.29156649
11,2,,quantum,precond_pen=0.600,0.6,True,1,0.005036,87.1941593,87.1941593
11,2,,quantum,precond_pen=0.600,0.6,True,2,0.005443,85.56223191,85.56223191
11,2,,quantum,precond_pen=0.600,0.6,True,3,0.005821,76.31510008,76.31510008
11,2,,quantum,precond_pen=0.700,0.7,True,0,0.000124,96.29156649,96.29156649
11,2,,quantum,precond_pen=0.700,0.7,True,1,0.005154,92.19574253,92.19574253
11,2,,quantum,precond_pen=0.700,0.7,True,2,0.005708,89.15008558,89.15008558
11,2,,quantum,precond_pen=0.700,0.7,True,3,0.005974,87.50718615,87.50718615
11,2,,quantum,precond_pen=0.700,0.7,True,4,0.006279,76.31510008,76.31510008
12,2,,quantum,baseline,,True,0,0.000123,92.22246372,92.22246372
12,2,,quantum,baseline,,True,1,0.004177,91.70296296,91.70296296
12,2,,quantum,baseline,,True,2,0.004448,91.12879427,91.12879427
12,2,,quantum,baseline,,True,3,0.004687,91.05408728,91.05408728
12,2,,quantum,baseline,,True,4,0.004854,77.75058841,77.75058841
12,2,,quantum,precond_pen=0.200,0.2,True,0,0.000127,92.22246372,92.22246372
12,2,,quantum,precond_pen=0.200,0.2,True,1,0.005193,77.75058841,77.75058841
12,2,,quantum,precond_pen=0.300,0.3,True,0,0.000127,92.22246372,92.22246372
12,2,,quantum,precond_pen=0.300,0.3,True,1,0.004363,85.40413105,85.40413105
12,2,,quantum,precond_pen=0.300,0.3,True,2,0.004892,77.75058841,77.75058841
12,2,,quantum,precond_pen=0.400,0.4,True,0,0.000124,92.22246372,92.22246372
12,2,,quantum,precond_pen=0.400,0.4,True,1,0.005176,80.02180716,80.02180716
12,2,,quantum,precond_pen=0.400,0.4,True,2,0.005659,77.75058841,77.75058841
12,2,,quantum,precond_pen=0.500,0.5,True,0,0.000121,92.22246372,92.22246372
12,2,,quantum,precond_pen=0.500,0.5,True,1,0.004696,88.01118553,88.01118553
12,2,,quantum,precond_pen=0.500,0.5,True,2,0.005324,77.75058841,77.75058841
12,2,,quantum,precond_pen=0.600,0.6,True,0,0.000134,92.22246372,92.22246372
12,2,,quantum,precond_pen=0.600,0.6,True,1,0.005464,90.03696905,90.03696905
12,2,,quantum,precond_pen=0.600,0.6,True,2,0.005915,91.12879427,90.03696905
12,2,,quantum,precond_pen=0.600,0.6,True,3,0.00645,77.75058841,77.75058841
12,2,,quantum,precond_pen=0.700,0.7,True,0,0.000146,92.22246372,92.22246372
12,2,,quantum,precond_pen=0.700,0.7,True,1,0.004693,91.62161308,91.62161308
12,2,,quantum,precond_pen=0.700,0.7,True,2,0.005011,77.75058841,77.75058841
13,2,,quantum,baseline,,True,0,0.000122,106.21881692,106.21881692
13,2,,quantum,baseline,,True,1,0.00442,105.16036908,105.16036908
13,2,,quantum,baseline,,True,2,0.004635,89.74403957,89.74403957
13,2,,quantum,baseline,,True,3,0.110124,89.44390718,89.44390718
13,2,,quantum,precond_pen=0.200,0.2,True,0,0.000125,106.21881692,106.21881692
13,2,,quantum,precond_pen=0.200,0.2,True,1,0.004205,103.51276826,103.51276826
13,2,,quantum,precond_pen=0.200,0.2,True,2,0.004461,101.13648715,101.13648715
13,2,,quantum,precond_pen=0.200,0.2,True,3,0.004787,89.97816943,89.97816943
13,2,,quantum,precond_pen=0.200,0.2,True,4,0.016237,90.65645376,89.97816943
13,2,,quantum,precond_pen=0.300,0.3,True,0,0.000125,106.21881692,106.21881692
13,2,,quantum,precond_pen=0.300,0.3,True,1,0.004589,103.17405167,103.17405167
13,2,,quantum,precond_pen=0.300,0.3,True,2,0.005071,101.13648715,101.13648715
13,2,,quantum,precond_pen=0.300,0.3,True,3,0.005527,90.65645376,90.65645376
13,2,,quantum,precond_pen=0.400,0.4,True,0,0.000124,106.21881692,106.21881692
13,2,,quantum,precond_pen=0.400,0.4,True,1,0.004575,100.79852526,100.79852526
13,2,,quantum,precond_pen=0.400,0.4,True,2,0.004865,101.13648715,100.79852526
13,2,,quantum,precond_pen=0.400,0.4,True,3,0.005333,97.97305752,97.97305752
13,2,,quantum,precond_pen=0.400,0.4,True,4,0.005599,89.97816943,89.97816943
13,2,,quantum,precond_pen=0.400,0.4,True,5,0.014718,90.65645376,89.97816943
13,2,,quantum,precond_pen=0.500,0.5,True,0,0.000133,106.21881692,106.21881692
13,2,,quantum,precond_pen=0.500,0.5,True,1,0.005014,103.80329741,103.80329741
13,2,,quantum,precond_pen=0.500,0.5,True,2,0.005251,103.72570808,103.72570808
13,2,,quantum,precond_pen=0.500,0.5,True,3,0.005669,93.73262835,93.73262835
13,2,,quantum,precond_pen=0.500,0.5,True,4,0.005888,90.65645376,90.65645376
13,2,,quantum,precond_pen=0.600,0.6,True,0,0.000125,106.21881692,106.21881692
13,2,,quantum,precond_pen=0.600,0.6,True,1,0.004779,96.81756612,96.81756612
13,2,,quantum,precond_pen=0.600,0.6,True,2,0.005064,90.18476933,90.18476933
13,2,,quantum,precond_pen=0.700,0.7,True,0,0.000132,106.21881692,106.21881692
13,2,,quantum,precond_pen=0.700,0.7,True,1,0.005376,99.0612078,99.0612078
13,2,,quantum,precond_pen=0.700,0.7,True,2,0.005842,97.76073757,97.76073757
13,2,,quantum,precond_pen=0.700,0.7,True,3,0.006076,90.18476933,90.18476933
14,2,,quantum,baseline,,True,0,0.000125,96.17608724,96.17608724
14,2,,quantum,baseline,,True,1,0.004244,95.63332807,95.63332807
14,2,,quantum,baseline,,True,2,0.004449,82.31170179,82.31170179
14,2,,quantum,precond_pen=0.200,0.2,True,0,0.000126,96.17608724,96.17608724
14,2,,quantum,precond_pen=0.200,0.2,True,1,0.004617,93.51328677,93.51328677
14,2,,quantum,precond_pen=0.200,0.2,True,2,0.005197,82.31170179,82.31170179
14,2,,quantum,precond_pen=0.300,0.3,True,0,0.000125,96.17608724,96.17608724
14,2,,quantum,precond_pen=0.300,0.3,True,1,0.004523,92.78815835,92.78815835
14,2,,quantum,precond_pen=0.300,0.3,True,2,0.005101,82.31170179,82.31170179
14,2,,quantum,precond_pen=0.400,0.4,True,0,0.000121,96.17608724,96.17608724
14,2,,quantum,precond_pen=0.400,0.4,True,1,0.004733,93.47695586,93.47695586
14,2,,quantum,precond_pen=0.400,0.4,True,2,0.005451,82.31170179,82.31170179
14,2,,quantum,precond_pen=0.500,0.5,True,0,0.000149,96.17608724,96.17608724
14,2,,quantum,precond_pen=0.500,0.5,True,1,0.004441,95.89138287,95.89138287
14,2,,quantum,precond_pen=0.500,0.5,True,2,0.004738,95.45513979,95.45513979
14,2,,quantum,precond_pen=0.500,0.5,True,3,0.005149,82.31170179,82.31170179
14,2,,quantum,precond_pen=0.600,0.6,True,0,0.000126,96.17608724,96.17608724
14,2,,quantum,precond_pen=0.600,0.6,True,1,0.004975,87.0246448,87.0246448
14,2,,quantum,precond_pen=0.600,0.6,True,2,0.005518,82.31170179,82.31170179
14,2,,quantum,precond_pen=0.700,0.7,True,0,0.00013,96.17608724,96.17608724
14,2,,quantum,precond_pen=0.700,0.7,True,1,0.004781,94.21084969,94.21084969
14,2,,quantum,precond_pen=0.700,0.7,True,2,0.005365,82.31170179,82.31170179
15,2,,quantum,baseline,,True,0,0.000168,103.76901397,103.76901397
15,2,,quantum,baseline,,True,1,0.005191,100.60146456,100.60146456
15,2,,quantum,baseline,,True,2,0.005452,99.52190078,99.52190078
15,2,,quantum,baseline,,True,3,0.005691,97.82099385,97.82099385
15,2,,quantum,baseline,,True,4,0.005957,89.87867982,89.87867982
15,2,,quantum,baseline,,True,5,0.035073,89.71269176,89.71269176
15,2,,quantum,precond_pen=0.200,0.2,True,0,0.000129,103.76901397,103.76901397
15,2,,quantum,precond_pen=0.200,0.2,True,1,0.005653,105.15052592,103.76901397
15,2,,quantum,precond_pen=0.200,0.2,True,2,0.005925,99.52190078,99.52190078
15,2,,quantum,precond_pen=0.200,0.2,True,3,0.006285,89.87867982,89.87867982
15,2,,quantum,precond_pen=0.200,0.2,True,4,0.104774,89.71269176,89.71269176
15,2,,quantum,precond_pen=0.200,0.2,True,5,0.104877,90.06102017,89.71269176
15,2,,quantum,precond_pen=0.200,0.2,True,6,0.109459,90.06102017,89.71269176
15,2,,quantum,precond_pen=0.300,0.3,True,0,0.000129,103.76901397,103.76901397
15,2,,quantum,precond_pen=0.300,0.3,True,1,0.004797,98.43042121,98.43042121
15,2,,quantum,precond_pen=0.300,0.3,True,2,0.005409,90.06102017,90.06102017
15,2,,quantum,precond_pen=0.400,0.4,True,0,0.000128,103.76901397,103.76901397
15,2,,quantum,precond_pen=0.400,0.4,True,1,0.004693,102.19445917,102.19445917
15,2,,quantum,precond_pen=0.400,0.4,True,2,0.004942,90.06102017,90.06102017
15,2,,quantum,precond_pen=0.500,0.5,True,0,0.000128,103.76901397,103.76901397
15,2,,quantum,precond_pen=0.500,0.5,True,1,0.005235,99.00184947,99.00184947
15,2,,quantum,precond_pen=0.500,0.5,True,2,0.005517,99.52190078,99.00184947
15,2,,quantum,precond_pen=0.500,0.5,True,3,0.006013,89.87867982,89.87867982
15,2,,quantum,precond_pen=0.500,0.5,True,4,0.015788,90.06102017,89.87867982
15,2,,quantum,precond_pen=0.600,0.6,True,0,0.000122,103.76901397,103.76901397
15,2,,quantum,precond_pen=0.600,0.6,True,1,0.00477,98.15091981,98.15091981
15,2,,quantum,precond_pen=0.600,0.6,True,2,0.005363,89.87867982,89.87867982
15,2,,quantum,precond_pen=0.600,0.6,True,3,0.015336,90.06102017,89.87867982
15,2,,quantum,precond_pen=0.700,0.7,True,0,0.000135,103.76901397,103.76901397
15,2,,quantum,precond_pen=0.700,0.7,True,1,0.004975,100.89454153,100.89454153
15,2,,quantum,precond_pen=0.700,0.7,True,2,0.005276,90.06102017,90.06102017
16,2,,quantum,baseline,,True,0,0.000122,106.15579404,106.15579404
16,2,,quantum,baseline,,True,1,0.003916,104.59548956,104.59548956
16,2,,quantum,baseline,,True,2,0.004139,104.29108772,104.29108772
16,2,,quantum,baseline,,True,3,0.004456,82.67428161,82.67428161
16,2,,quantum,precond_pen=0.200,0.2,True,0,0.000125,106.15579404,106.15579404
16,2,,quantum,precond_pen=0.200,0.2,True,1,0.004437,92.53003335,92.53003335
16,2,,quantum,precond_pen=0.200,0.2,True,2,0.005015,82.67428161,82.67428161
16,2,,quantum,precond_pen=0.300,0.3,True,0,0.000127,106.15579404,106.15579404
16,2,,quantum,precond_pen=0.300,0.3,True,1,0.004887,96.46220703,96.46220703
16,2,,quantum,precond_pen=0.300,0.3,True,2,0.005639,82.67428161,82.67428161
16,2,,quantum,precond_pen=0.400,0.4,True,0,0.00014,106.15579404,106.15579404
16,2,,quantum,precond_pen=0.400,0.4,True,1,0.005424,98.46427337,98.46427337
16,2,,quantum,precond_pen=0.400,0.4,True,2,0.005701,82.67428161,82.67428161
16,2,,quantum,precond_pen=0.500,0.5,True,0,0.000125,106.15579404,106.15579404
16,2,,quantum,precond_pen=0.500,0.5,True,1,0.00474,96.91514758,96.91514758
16,2,,quantum,precond_pen=0.500,0.5,True,2,0.005132,97.24348628,96.91514758
16,2,,quantum,precond_pen=0.500,0.5,True,3,0.005549,90.45129998,90.45129998
16,2,,quantum,precond_pen=0.500,0.5,True,4,0.00578,82.67428161,82.67428161
16,2,,quantum,precond_pen=0.600,0.6,True,0,0.000124,106.15579404,106.15579404
16,2,,quantum,precond_pen=0.600,0.6,True,1,0.005249,96.6154534,96.6154534
16,2,,quantum,precond_pen=0.600,0.6,True,2,0.005531,82.67428161,82.67428161
16,2,,quantum,precond_pen=0.700,0.7,True,0,0.000125,106.15579404,106.15579404
16,2,,quantum,precond_pen=0.700,0.7,True,1,0.004654,95.70052857,95.70052857
16,2,,quantum,precond_pen=0.700,0.7,True,2,0.00533,92.10795796,92.10795796
16,2,,quantum,precond_pen=0.700,0.7,True,3,0.005559,82.67428161,82.67428161
17,2,,quantum,baseline,,True,0,0.000123,95.81145687,95.81145687
17,2,,quantum,baseline,,True,1,0.004422,89.66467141,89.66467141
17,2,,quantum,baseline,,True,2,0.004712,87.28941179,87.28941179
17,2,,quantum,baseline,,True,3,0.004942,82.99825671,82.99825671
17,2,,quantum,baseline,,True,4,0.033667,82.14816747,82.14816747
17,2,,quantum,precond_pen=0.200,0.2,True,0,0.000121,95.81145687,95.81145687
17,2,,quantum,precond_pen=0.200,0.2,True,1,0.004706,87.03022293,87.03022293
17,2,,quantum,precond_pen=0.200,0.2,True,2,0.00502,87.28941179,87.03022293
17,2,,quantum,precond_pen=0.200,0.2,True,3,0.005292,82.98516314,82.98516314
17,2,,quantum,precond_pen=0.300,0.3,True,0,0.000124,95.81145687,95.81145687
17,2,,quantum,precond_pen=0.300,0.3,True,1,0.004735,82.98516314,82.98516314
17,2,,quantum,precond_pen=0.400,0.4,True,0,0.000123,95.81145687,95.81145687
17,2,,quantum,precond_pen=0.400,0.4,True,1,0.004658,86.62510814,86.62510814
17,2,,quantum,precond_pen=0.400,0.4,True,2,0.005135,87.28941179,86.62510814
17,2,,quantum,precond_pen=0.400,0.4,True,3,0.005481,83.01162426,83.01162426
17,2,,quantum,precond_pen=0.400,0.4,True,4,0.015158,82.98516314,82.98516314
17,2,,quantum,precond_pen=0.500,0.5,True,0,0.000167,95.81145687,95.81145687
17,2,,quantum,precond_pen=0.500,0.5,True,1,0.005056,91.80906778,91.80906778
17,2,,quantum,precond_pen=0.500,0.5,True,2,0.005795,87.28941179,87.28941179
17,2,,quantum,precond_pen=0.500,0.5,True,3,0.006251,83.01162426,83.01162426
17,2,,quantum,precond_pen=0.500,0.5,True,4,0.015856,82.14816747,82.14816747
17,2,,quantum,precond_pen=0.600,0.6,True,0,0.000125,95.81145687,95.81145687
17,2,,quantum,precond_pen=0.600,0.6,True,1,0.004862,93.02817239,93.02817239
17,2,,quantum,precond_pen=0.600,0.6,True,2,0.005158,83.01162426,83.01162426
17,2,,quantum,precond_pen=0.600,0.6,True,3,0.015755,82.14816747,82.14816747
17,2,,quantum,precond_pen=0.700,0.7,True,0,0.000124,95.81145687,95.81145687
17,2,,quantum,precond_pen=0.700,0.7,True,1,0.005331,92.82397426,92.82397426
17,2,,quantum,precond_pen=0.700,0.7,True,2,0.005533,83.01162426,83.01162426
17,2,,quantum,precond_pen=0.700,0.7,True,3,0.015177,82.14816747,82.14816747
18,2,,quantum,baseline,,True,0,0.000136,100.33611984,100.33611984
18,2,,quantum,baseline,,True,1,0.004231,99.74992906,99.74992906
18,2,,quantum,baseline,,True,2,0.004478,97.95087393,97.95087393
18,2,,quantum,baseline,,True,3,0.004805,79.80056749,79.80056749
18,2,,quantum,precond_pen=0.200,0.2,True,0,0.000126,100.33611984,100.33611984
18,2,,quantum,precond_pen=0.200,0.2,True,1,0.004857,94.44854934,94.44854934
18,2,,quantum,precond_pen=0.200,0.2,True,2,0.005449,79.80056749,79.80056749
18,2,,quantum,precond_pen=0.300,0.3,True,0,0.000122,100.33611984,100.33611984
18,2,,quantum,precond_pen=0.300,0.3,True,1,0.004432,94.88217812,94.88217812
18,2,,quantum,precond_pen=0.300,0.3,True,2,0.005034,79.80056749,79.80056749
18,2,,quantum,precond_pen=0.400,0.4,True,0,0.000125,100.33611984,100.33611984
18,2,,quantum,precond_pen=0.400,0.4,True,1,0.004736,89.21020487,89.21020487
18,2,,quantum,precond_pen=0.400,0.4,True,2,0.005336,79.80056749,79.80056749
18,2,,quantum,precond_pen=0.500,0.5,True,0,0.000123,100.33611984,100.33611984
18,2,,quantum,precond_pen=0.500,0.5,True,1,0.004628,90.27375545,90.27375545
18,2,,quantum,precond_pen=0.500,0.5,True,2,0.005183,79.80056749,79.80056749
18,2,,quantum,precond_pen=0.600,0.6,True,0,0.000121,100.33611984,100.33611984
18,2,,quantum,precond_pen=0.600,0.6,True,1,0.004753,92.08893048,92.08893048
18,2,,quantum,precond_pen=0.600,0.6,True,2,0.005381,89.4573901,89.4573901
18,2,,quantum,precond_pen=0.600,0.6,True,3,0.005648,79.80056749,79.80056749
18,2,,quantum,precond_pen=0.700,0.7,True,0,0.000123,100.33611984,100.33611984
18,2,,quantum,precond_pen=0.700,0.7,True,1,0.004425,90.74755094,90.74755094
18,2,,quantum,precond_pen=0.700,0.7,True,2,0.004994,79.80056749,79.80056749
19,2,,quantum,baseline,,True,0,0.000125,96.97929596,96.97929596
19,2,,quantum,baseline,,True,1,0.004631,83.24679853,83.24679853
19,2,,quantum,baseline,,True,2,0.128142,83.09995656,83.09995656
19,2,,quantum,precond_pen=0.200,0.2,True,0,0.000135,96.97929596,96.97929596
19,2,,quantum,precond_pen=0.200,0.2,True,1,0.004479,93.00258084,93.00258084
19,2,,quantum,precond_pen=0.200,0.2,True,2,0.005084,83.43842215,83.43842215
19,2,,quantum,precond_pen=0.200,0.2,True,3,0.016466,83.82664631,83.43842215
19,2,,quantum,precond_pen=0.300,0.3,True,0,0.000124,96.97929596,96.97929596
19,2,,quantum,precond_pen=0.300,0.3,True,1,0.004255,93.80002444,93.80002444
19,2,,quantum,precond_pen=0.300,0.3,True,2,0.004613,92.85165919,92.85165919
19,2,,quantum,precond_pen=0.300,0.3,True,3,0.004878,94.28953156,92.85165919
19,2,,quantum,precond_pen=0.300,0.3,True,4,0.00512,83.43842215,83.43842215
19,2,,quantum,precond_pen=0.300,0.3,True,5,0.015288,83.82664631,83.43842215
19,2,,quantum,precond_pen=0.400,0.4,True,0,0.000129,96.97929596,96.97929596
19,2,,quantum,precond_pen=0.400,0.4,True,1,0.004831,97.5077433,96.97929596
19,2,,quantum,precond_pen=0.400,0.4,True,2,0.005136,83.82664631,83.82664631
19,2,,quantum,precond_pen=0.500,0.5,True,0,0.000124,96.97929596,96.97929596
19,2,,quantum,precond_pen=0.500,0.5,True,1,0.005374,88.47331275,88.47331275
19,2,,quantum,precond_pen=0.500,0.5,True,2,0.005856,83.46103734,83.46103734
19,2,,quantum,precond_pen=0.600,0.6,True,0,0.00012,96.97929596,96.97929596
19,2,,quantum,precond_pen=0.600,0.6,True,1,0.004675,94.69852815,94.69852815
19,2,,quantum,precond_pen=0.600,0.6,True,2,0.004913,95.38292357,94.69852815
19,2,,quantum,precond_pen=0.600,0.6,True,3,0.005207,93.50769332,93.50769332
19,2,,quantum,precond_pen=0.600,0.6,True,4,0.005391,86.27842801,86.27842801
19,2,,quantum,precond_pen=0.600,0.6,True,5,0.014615,83.09995656,83.09995656
19,2,,quantum,precond_pen=0.600,0.6,True,6,0.0358,83.46103734,83.09995656
19,2,,quantum,precond_pen=0.600,0.6,True,7,0.077674,84.41227808,83.09995656
19,2,,quantum,precond_pen=0.700,0.7,True,0,0.000125,96.97929596,96.97929596
19,2,,quantum,precond_pen=0.700,0.7,True,1,0.005425,95.72305772,95.72305772
19,2,,quantum,precond_pen=0.700,0.7,True,2,0.005777,92.85165919,92.85165919
19,2,,quantum,precond_pen=0.700,0.7,True,3,0.006113,83.24679853,83.24679853
20,2,,quantum,baseline,,True,0,0.000126,95.91205688,95.91205688
20,2,,quantum,baseline,,True,1,0.004279,94.59141341,94.59141341
20,2,,quantum,baseline,,True,2,0.004546,78.26556279,78.26556279
20,2,,quantum,precond_pen=0.200,0.2,True,0,0.000109,95.91205688,95.91205688
20,2,,quantum,precond_pen=0.200,0.2,True,1,0.00487,91.61286928,91.61286928
20,2,,quantum,precond_pen=0.200,0.2,True,2,0.005159,89.8619251,89.8619251
20,2,,quantum,precond_pen=0.200,0.2,True,3,0.005404,91.73182818,89.8619251
20,2,,quantum,precond_pen=0.200,0.2,True,4,0.005641,78.26556279,78.26556279
20,2,,quantum,precond_pen=0.300,0.3,True,0,0.000111,95.91205688,95.91205688
20,2,,quantum,precond_pen=0.300,0.3,True,1,0.004607,85.56334447,85.56334447
20,2,,quantum,precond_pen=0.300,0.3,True,2,0.005176,78.26556279,78.26556279
20,2,,quantum,precond_pen=0.400,0.4,True,0,0.000107,95.91205688,95.91205688
20,2,,quantum,precond_pen=0.400,0.4,True,1,0.005115,86.3634571,86.3634571
20,2,,quantum,precond_pen=0.400,0.4,True,2,0.005848,78.26556279,78.26556279
20,2,,quantum,precond_pen=0.500,0.5,True,0,0.000117,95.91205688,95.91205688
20,2,,quantum,precond_pen=0.500,0.5,True,1,0.004621,89.00323629,89.00323629
20,2,,quantum,precond_pen=0.500,0.5,True,2,0.005073,87.48730595,87.48730595
20,2,,quantum,precond_pen=0.500,0.5,True,3,0.005329,78.26556279,78.26556279
20,2,,quantum,precond_pen=0.600,0.6,True,0,0.000119,95.91205688,95.91205688
20,2,,quantum,precond_pen=0.600,0.6,True,1,0.005123,84.05059953,84.05059953
20,2,,quantum,precond_pen=0.600,0.6,True,2,0.005696,78.90643919,78.90643919
20,2,,quantum,precond_pen=0.600,0.6,True,3,0.015402,78.26556279,78.26556279
20,2,,quantum,precond_pen=0.700,0.7,True,0,0.000113,95.91205688,95.91205688
20,2,,quantum,precond_pen=0.700,0.7,True,1,0.004759,92.97953675,92.97953675
20,2,,quantum,precond_pen=0.700,0.7,True,2,0.005054,93.96424629,92.97953675
20,2,,quantum,precond_pen=0.700,0.7,True,3,0.005273,92.84882767,92.84882767
20,2,,quantum,precond_pen=0.700,0.7,True,4,0.00551,81.65007831,81.65007831
20,2,,quantum,precond_pen=0.700,0.7,True,5,0.015924,78.90643919,78.90643919
20,2,,quantum,precond_pen=0.700,0.7,True,6,0.035479,78.26556279,78.26556279
21,2,,quantum,baseline,,True,0,0.000111,102.25712846,102.25712846
21,2,,quantum,baseline,,True,1,0.004682,101.50163897,101.50163897
21,2,,quantum,baseline,,True,2,0.004998,83.11219154,83.11219154
21,2,,quantum,baseline,,True,3,0.14661,82.84862866,82.84862866
21,2,,quantum,baseline,,True,4,0.215678,82.84862866,82.84862866
21,2,,quantum,precond_pen=0.200,0.2,True,0,0.000112,102.25712846,102.25712846
21,2,,quantum,precond_pen=0.200,0.2,True,1,0.004899,96.86097958,96.86097958
21,2,,quantum,precond_pen=0.200,0.2,True,2,0.005478,83.47077278,83.47077278
21,2,,quantum,precond_pen=0.200,0.2,True,3,0.016372,83.55074665,83.47077278
21,2,,quantum,precond_pen=0.300,0.3,True,0,0.00012,102.25712846,102.25712846
21,2,,quantum,precond_pen=0.300,0.3,True,1,0.004542,97.24542912,97.24542912
21,2,,quantum,precond_pen=0.300,0.3,True,2,0.005015,97.80843995,97.24542912
21,2,,quantum,precond_pen=0.300,0.3,True,3,0.005258,83.55074665,83.55074665
21,2,,quantum,precond_pen=0.400,0.4,True,0,0.000112,102.25712846,102.25712846
21,2,,quantum,precond_pen=0.400,0.4,True,1,0.004697,92.7654587,92.7654587
21,2,,quantum,precond_pen=0.400,0.4,True,2,0.005228,83.55074665,83.55074665
21,2,,quantum,precond_pen=0.500,0.5,True,0,0.000107,102.25712846,102.25712846
21,2,,quantum,precond_pen=0.500,0.5,True,1,0.004967,95.87344444,95.87344444
21,2,,quantum,precond_pen=0.500,0.5,True,2,0.005603,83.04714759,83.04714759
21,2,,quantum,precond_pen=0.500,0.5,True,3,0.069192,83.51056257,83.04714759
21,2,,quantum,precond_pen=0.500,0.5,True,4,0.080579,83.55074665,83.04714759
21,2,,quantum,precond_pen=0.600,0.6,True,0,0.000109,102.25712846,102.25712846
21,2,,quantum,precond_pen=0.600,0.6,True,1,0.004974,95.23728722,95.23728722
21,2,,quantum,precond_pen=0.600,0.6,True,2,0.005649,83.11219154,83.11219154
21,2,,quantum,precond_pen=0.600,0.6,True,3,0.015742,83.04714759,83.04714759
21,2,,quantum,precond_pen=0.600,0.6,True,4,0.099545,83.55074665,83.04714759
21,2,,quantum,precond_pen=0.700,0.7,True,0,0.000111,102.25712846,102.25712846
21,2,,quantum,precond_pen=0.700,0.7,True,1,0.005422,93.14873458,93.14873458
21,2,,quantum,precond_pen=0.700,0.7,True,2,0.005785,83.55074665,83.55074665
22,2,,quantum,baseline,,True,0,0.00011,98.93266694,98.93266694
22,2,,quantum,baseline,,True,1,0.00415,98.88452851,98.88452851
22,2,,quantum,baseline,,True,2,0.004416,83.17262706,83.17262706
22,2,,quantum,baseline,,True,3,0.182442,83.07382704,83.07382704
22,2,,quantum,baseline,,True,4,0.247853,83.07382704,83.07382704
22,2,,quantum,precond_pen=0.200,0.2,True,0,0.000111,98.93266694,98.93266694
22,2,,quantum,precond_pen=0.200,0.2,True,1,0.004752,93.49906521,93.49906521
22,2,,quantum,precond_pen=0.200,0.2,True,2,0.00532,83.18587696,83.18587696
22,2,,quantum,precond_pen=0.300,0.3,True,0,0.00011,98.93266694,98.93266694
22,2,,quantum,precond_pen=0.300,0.3,True,1,0.0048,91.82132775,91.82132775
22,2,,quantum,precond_pen=0.300,0.3,True,2,0.005371,84.38661843,84.38661843
22,2,,quantum,precond_pen=0.300,0.3,True,3,0.016196,83.70220737,83.70220737
22,2,,quantum,precond_pen=0.300,0.3,True,4,0.016287,83.18587696,83.18587696
22,2,,quantum,precond_pen=0.400,0.4,True,0,0.000141,98.93266694,98.93266694
22,2,,quantum,precond_pen=0.400,0.4,True,1,0.005087,100.83087377,98.93266694
22,2,,quantum,precond_pen=0.400,0.4,True,2,0.00538,98.17921372,98.17921372
22,2,,quantum,precond_pen=0.400,0.4,True,3,0.005609,92.63547695,92.63547695
22,2,,quantum,precond_pen=0.400,0.4,True,4,0.005929,83.18587696,83.18587696
22,2,,quantum,precond_pen=0.500,0.5,True,0,0.000108,98.93266694,98.93266694
22,2,,quantum,precond_pen=0.500,0.5,True,1,0.004441,92.99582843,92.99582843
22,2,,quantum,precond_pen=0.500,0.5,True,2,0.005094,92.63547695,92.63547695
22,2,,quantum,precond_pen=0.500,0.5,True,3,0.00537,83.18587696,83.18587696
22,2,,quantum,precond_pen=0.600,0.6,True,0,0.000109,98.93266694,98.93266694
22,2,,quantum,precond_pen=0.600,0.6,True,1,0.00499,99.34569753,98.93266694
22,2,,quantum,precond_pen=0.600,0.6,True,2,0.005246,83.17262706,83.17262706
22,2,,quantum,precond_pen=0.700,0.7,True,0,0.000113,98.93266694,98.93266694
22,2,,quantum,precond_pen=0.700,0.7,True,1,0.0046,93.43881916,93.43881916
22,2,,quantum,precond_pen=0.700,0.7,True,2,0.00519,83.17262706,83.17262706
23,2,,quantum,baseline,,True,0,0.00011,101.64287487,101.64287487
23,2,,quantum,baseline,,True,1,0.004276,100.93796988,100.93796988
23,2,,quantum,baseline,,True,2,0.004463,99.9450731,99.9450731
23,2,,quantum,baseline,,True,3,0.004686,99.36373232,99.36373232
23,2,,quantum,baseline,,True,4,0.004892,86.23840636,86.23840636
23,2,,quantum,precond_pen=0.200,0.2,True,0,0.000112,101.64287487,101.64287487
23,2,,quantum,precond_pen=0.200,0.2,True,1,0.004324,93.84286704,93.84286704
23,2,,quantum,precond_pen=0.200,0.2,True,2,0.004892,88.05915306,88.05915306
23,2,,quantum,precond_pen=0.300,0.3,True,0,0.000109,101.64287487,101.64287487
23,2,,quantum,precond_pen=0.300,0.3,True,1,0.004512,96.61036787,96.61036787
23,2,,quantum,precond_pen=0.300,0.3,True,2,0.005041,88.05915306,88.05915306
23,2,,quantum,precond_pen=0.400,0.4,True,0,0.000109,101.64287487,101.64287487
23,2,,quantum,precond_pen=0.400,0.4,True,1,0.004448,90.21220675,90.21220675
23,2,,quantum,precond_pen=0.400,0.4,True,2,0.004994,86.23840636,86.23840636
23,2,,quantum,precond_pen=0.500,0.5,True,0,0.000108,101.64287487,101.64287487
23,2,,quantum,precond_pen=0.500,0.5,True,1,0.004988,90.00683429,90.00683429
23,2,,quantum,precond_pen=0.500,0.5,True,2,0.005574,86.23840636,86.23840636
23,2,,quantum,precond_pen=0.600,0.6,True,0,0.000115,101.64287487,101.64287487
23,2,,quantum,precond_pen=0.600,0.6,True,1,0.00481,96.64367904,96.64367904
23,2,,quantum,precond_pen=0.600,0.6,True,2,0.005483,93.60684573,93.60684573
23,2,,quantum,precond_pen=0.600,0.6,True,3,0.005703,86.23840636,86.23840636
23,2,,quantum,precond_pen=0.700,0.7,True,0,0.000112,101.64287487,101.64287487
23,2,,quantum,precond_pen=0.700,0.7,True,1,0.005252,95.30170261,95.30170261
23,2,,quantum,precond_pen=0.700,0.7,True,2,0.00586,86.23840636,86.23840636
24,2,,quantum,baseline,,True,0,0.000109,99.23764799,99.23764799
24,2,,quantum,baseline,,True,1,0.003981,98.92498045,98.92498045
24,2,,quantum,baseline,,True,2,0.00421,98.45292824,98.45292824
24,2,,quantum,baseline,,True,3,0.004484,84.39637609,84.39637609
24,2,,quantum,baseline,,True,4,0.033986,84.15095866,84.15095866
24,2,,quantum,precond_pen=0.200,0.2,True,0,0.000111,99.23764799,99.23764799
24,2,,quantum,precond_pen=0.200,0.2,True,1,0.004733,98.61242213,98.61242213
24,2,,quantum,precond_pen=0.200,0.2,True,2,0.005254,98.47629214,98.47629214
24,2,,quantum,precond_pen=0.200,0.2,True,3,0.005533,85.56870043,85.56870043
24,2,,quantum,precond_pen=0.300,0.3,True,0,0.00011,99.23764799,99.23764799
24,2,,quantum,precond_pen=0.300,0.3,True,1,0.004319,94.42971623,94.42971623
24,2,,quantum,precond_pen=0.300,0.3,True,2,0.004942,84.39637609,84.39637609
24,2,,quantum,precond_pen=0.400,0.4,True,0,0.000108,99.23764799,99.23764799
24,2,,quantum,precond_pen=0.400,0.4,True,1,0.004881,90.93407618,90.93407618
24,2,,quantum,precond_pen=0.400,0.4,True,2,0.005471,84.56573802,84.56573802
24,2,,quantum,precond_pen=0.400,0.4,True,3,0.01564,84.39637609,84.39637609
24,2,,quantum,precond_pen=0.500,0.5,True,0,0.000108,99.23764799,99.23764799
24,2,,quantum,precond_pen=0.500,0.5,True,1,0.004694,87.40969559,87.40969559
24,2,,quantum,precond_pen=0.500,0.5,True,2,0.005291,84.70094243,84.70094243
24,2,,quantum,precond_pen=0.500,0.5,True,3,0.015824,84.39637609,84.39637609
24,2,,quantum,precond_pen=0.600,0.6,True,0,0.000108,99.23764799,99.23764799
24,2,,quantum,precond_pen=0.600,0.6,True,1,0.005071,95.77194853,95.77194853
24,2,,quantum,precond_pen=0.600,0.6,True,2,0.005544,92.76021114,92.76021114
24,2,,quantum,precond_pen=0.600,0.6,True,3,0.005772,86.29386035,86.29386035
24,2,,quantum,precond_pen=0.600,0.6,True,4,0.015157,84.70094243,84.70094243
24,2,,quantum,precond_pen=0.600,0.6,True,5,0.095574,84.39637609,84.39637609
24,2,,quantum,precond_pen=0.600,0.6,True,6,0.108514,85.36006585,84.39637609
24,2,,quantum,precond_pen=0.600,0.6,True,7,0.108823,86.12531491,84.39637609
24,2,,quantum,precond_pen=0.600,0.6,True,8,0.110757,84.39637609,84.39637609
24,2,,quantum,precond_pen=0.700,0.7,True,0,0.00011,99.23764799,99.23764799
24,2,,quantum,precond_pen=0.700,0.7,True,1,0.004783,93.78311982,93.78311982
24,2,,quantum,precond_pen=0.700,0.7,True,2,0.005368,84.56573802,84.56573802
24,2,,quantum,precond_pen=0.700,0.7,True,3,0.117786,84.39637609,84.39637609
25,2,,quantum,baseline,,True,0,0.000118,94.47062093,94.47062093
25,2,,quantum,baseline,,True,1,0.00429,93.19584062,93.19584062
25,2,,quantum,baseline,,True,2,0.004562,93.09418239,93.09418239
25,2,,quantum,baseline,,True,3,0.004811,77.95130031,77.95130031
25,2,,quantum,baseline,,True,4,0.159348,77.66472207,77.66472207
25,2,,quantum,baseline,,True,5,0.179725,77.66472207,77.66472207
25,2,,quantum,precond_pen=0.200,0.2,True,0,0.00011,94.47062093,94.47062093
25,2,,quantum,precond_pen=0.200,0.2,True,1,0.004433,86.38948514,86.38948514
25,2,,quantum,precond_pen=0.200,0.2,True,2,0.004956,77.95130031,77.95130031
25,2,,quantum,precond_pen=0.300,0.3,True,0,0.000112,94.47062093,94.47062093
25,2,,quantum,precond_pen=0.300,0.3,True,1,0.004769,91.40267857,91.40267857
25,2,,quantum,precond_pen=0.300,0.3,True,2,0.005406,77.95130031,77.95130031
25,2,,quantum,precond_pen=0.400,0.4,True,0,0.00011,94.47062093,94.47062093
25,2,,quantum,precond_pen=0.400,0.4,True,1,0.00451,90.97183938,90.97183938
25,2,,quantum,precond_pen=0.400,0.4,True,2,0.00515,85.51441145,85.51441145
25,2,,quantum,precond_pen=0.400,0.4,True,3,0.005523,77.95130031,77.95130031
25,2,,quantum,precond_pen=0.500,0.5,True,0,0.00011,94.47062093,94.47062093
25,2,,quantum,precond_pen=0.500,0.5,True,1,0.005027,89.77132418,89.77132418
25,2,,quantum,precond_pen=0.500,0.5,True,2,0.005674,77.95130031,77.95130031
25,2,,quantum,precond_pen=0.600,0.6,True,0,0.000114,94.47062093,94.47062093
25,2,,quantum,precond_pen=0.600,0.6,True,1,0.004839,93.30517515,93.30517515
25,2,,quantum,precond_pen=0.600,0.6,True,2,0.005426,77.95130031,77.95130031
25,2,,quantum,precond_pen=0.700,0.7,True,0,0.000109,94.47062093,94.47062093
25,2,,quantum,precond_pen=0.700,0.7,True,1,0.005126,90.66778009,90.66778009
25,2,,quantum,precond_pen=0.700,0.7,True,2,0.005432,77.95130031,77.95130031
25,2,,quantum,precond_pen=0.700,0.7,True,3,0.016156,77.66472207,77.66472207
26,2,,quantum,baseline,,True,0,0.000113,102.49531235,102.49531235
26,2,,quantum,baseline,,True,1,0.003854,101.52668535,101.52668535
26,2,,quantum,baseline,,True,2,0.00413,101.48394763,101.48394763
26,2,,quantum,baseline,,True,3,0.004381,87.63973142,87.63973142
26,2,,quantum,baseline,,True,4,0.146371,87.21762914,87.21762914
26,2,,quantum,precond_pen=0.200,0.2,True,0,0.000111,102.49531235,102.49531235
26,2,,quantum,precond_pen=0.200,0.2,True,1,0.004171,99.98854303,99.98854303
26,2,,quantum,precond_pen=0.200,0.2,True,2,0.004689,90.23169421,90.23169421
26,2,,quantum,precond_pen=0.300,0.3,True,0,0.000109,102.49531235,102.49531235
26,2,,quantum,precond_pen=0.300,0.3,True,1,0.004427,98.44352133,98.44352133
26,2,,quantum,precond_pen=0.300,0.3,True,2,0.004955,94.55742439,94.55742439
26,2,,quantum,precond_pen=0.300,0.3,True,3,0.005294,94.0771867,94.0771867
26,2,,quantum,precond_pen=0.300,0.3,True,4,0.005477,90.23169421,90.23169421
26,2,,quantum,precond_pen=0.400,0.4,True,0,0.000109,102.49531235,102.49531235
26,2,,quantum,precond_pen=0.400,0.4,True,1,0.004814,97.89503825,97.89503825
26,2,,quantum,precond_pen=0.400,0.4,True,2,0.005162,94.55742439,94.55742439
26,2,,quantum,precond_pen=0.400,0.4,True,3,0.005419,92.76971599,92.76971599
26,2,,quantum,precond_pen=0.400,0.4,True,4,0.005752,87.21762914,87.21762914
26,2,,quantum,precond_pen=0.500,0.5,True,0,0.000108,102.49531235,102.49531235
26,2,,quantum,precond_pen=0.500,0.5,True,1,0.004563,96.49091358,96.49091358
26,2,,quantum,precond_pen=0.500,0.5,True,2,0.005027,94.0771867,94.0771867
26,2,,quantum,precond_pen=0.500,0.5,True,3,0.005311,87.21762914,87.21762914
26,2,,quantum,precond_pen=0.600,0.6,True,0,0.000112,102.49531235,102.49531235
26,2,,quantum,precond_pen=0.600,0.6,True,1,0.004862,94.65897081,94.65897081
26,2,,quantum,precond_pen=0.600,0.6,True,2,0.005372,94.61405199,94.61405199
26,2,,quantum,precond_pen=0.600,0.6,True,3,0.005575,89.49402151,89.49402151
26,2,,quantum,precond_pen=0.600,0.6,True,4,0.036328,91.27636967,89.49402151
26,2,,quantum,precond_pen=0.600,0.6,True,5,0.036668,89.47518228,89.47518228
26,2,,quantum,precond_pen=0.600,0.6,True,6,0.038208,90.23169421,89.47518228
26,2,,quantum,precond_pen=0.600,0.6,True,7,0.038415,87.21762914,87.21762914
26,2,,quantum,precond_pen=0.700,0.7,True,0,0.000107,102.49531235,102.49531235
26,2,,quantum,precond_pen=0.700,0.7,True,1,0.0045,96.87228863,96.87228863
26,2,,quantum,precond_pen=0.700,0.7,True,2,0.004844,94.55742439,94.55742439
26,2,,quantum,precond_pen=0.700,0.7,True,3,0.005192,87.63973142,87.63973142
26,2,,quantum,precond_pen=0.700,0.7,True,4,0.014859,87.21762914,87.21762914
27,2,,quantum,baseline,,True,0,0.000109,107.78376111,107.78376111
27,2,,quantum,baseline,,True,1,0.004076,100.61342916,100.61342916
27,2,,quantum,baseline,,True,2,0.004457,98.68179288,98.68179288
27,2,,quantum,baseline,,True,3,0.004759,88.76707026,88.76707026
27,2,,quantum,baseline,,True,4,0.033679,87.59195144,87.59195144
27,2,,quantum,precond_pen=0.200,0.2,True,0,0.00011,107.78376111,107.78376111
27,2,,quantum,precond_pen=0.200,0.2,True,1,0.004587,102.50016914,102.50016914
27,2,,quantum,precond_pen=0.200,0.2,True,2,0.004793,100.61342916,100.61342916
27,2,,quantum,precond_pen=0.200,0.2,True,3,0.005133,87.7959701,87.7959701
27,2,,quantum,precond_pen=0.200,0.2,True,4,0.101493,88.94866855,87.7959701
27,2,,quantum,precond_pen=0.200,0.2,True,5,0.11062,88.94866855,87.7959701
27,2,,quantum,precond_pen=0.300,0.3,True,0,0.000109,107.78376111,107.78376111
27,2,,quantum,precond_pen=0.300,0.3,True,1,0.004463,96.95267582,96.95267582
27,2,,quantum,precond_pen=0.300,0.3,True,2,0.005057,88.94866855,88.94866855
27,2,,quantum,precond_pen=0.400,0.4,True,0,0.000113,107.78376111,107.78376111
27,2,,quantum,precond_pen=0.400,0.4,True,1,0.004451,103.08980434,103.08980434
27,2,,quantum,precond_pen=0.400,0.4,True,2,0.004869,100.61342916,100.61342916
27,2,,quantum,precond_pen=0.400,0.4,True,3,0.005144,100.70529871,100.61342916
27,2,,quantum,precond_pen=0.400,0.4,True,4,0.0054,88.40420848,88.40420848
27,2,,quantum,precond_pen=0.500,0.5,True,0,0.000108,107.78376111,107.78376111
27,2,,quantum,precond_pen=0.500,0.5,True,1,0.004963,105.4727303,105.4727303
27,2,,quantum,precond_pen=0.500,0.5,True,2,0.005201,100.61342916,100.61342916
27,2,,quantum,precond_pen=0.500,0.5,True,3,0.005445,99.68702064,99.68702064
27,2,,quantum,precond_pen=0.500,0.5,True,4,0.005683,89.05041349,89.05041349
27,2,,quantum,precond_pen=0.500,0.5,True,5,0.015947,87.7959701,87.7959701
27,2,,quantum,precond_pen=0.600,0.6,True,0,0.000117,107.78376111,107.78376111
27,2,,quantum,precond_pen=0.600,0.6,True,1,0.004271,94.42929256,94.42929256
27,2,,quantum,precond_pen=0.600,0.6,True,2,0.004783,89.05041349,89.05041349
27,2,,quantum,precond_pen=0.600,0.6,True,3,0.015534,87.7959701,87.7959701
27,2,,quantum,precond_pen=0.700,0.7,True,0,0.000118,107.78376111,107.78376111
27,2,,quantum,precond_pen=0.700,0.7,True,1,0.005231,107.09741438,107.09741438
27,2,,quantum,precond_pen=0.700,0.7,True,2,0.005467,100.61342916,100.61342916
27,2,,quantum,precond_pen=0.700,0.7,True,3,0.00601,87.59195144,87.59195144
28,2,,quantum,baseline,,True,0,0.000109,112.05868104,112.05868104
28,2,,quantum,baseline,,True,1,0.004227,111.87905873,111.87905873
28,2,,quantum,baseline,,True,2,0.004473,93.11912959,93.11912959
28,2,,quantum,precond_pen=0.200,0.2,True,0,0.000119,112.05868104,112.05868104
28,2,,quantum,precond_pen=0.200,0.2,True,1,0.004196,112.29390127,112.05868104
28,2,,quantum,precond_pen=0.200,0.2,True,2,0.004652,106.76972349,106.76972349
28,2,,quantum,precond_pen=0.200,0.2,True,3,0.004991,93.11912959,93.11912959
28,2,,quantum,precond_pen=0.300,0.3,True,0,0.000108,112.05868104,112.05868104
28,2,,quantum,precond_pen=0.300,0.3,True,1,0.004535,111.78771668,111.78771668
28,2,,quantum,precond_pen=0.300,0.3,True,2,0.005119,93.11912959,93.11912959
28,2,,quantum,precond_pen=0.400,0.4,True,0,0.000124,112.05868104,112.05868104
28,2,,quantum,precond_pen=0.400,0.4,True,1,0.004933,105.77574847,105.77574847
28,2,,quantum,precond_pen=0.400,0.4,True,2,0.005177,106.76972349,105.77574847
28,2,,quantum,precond_pen=0.400,0.4,True,3,0.00541,106.57099195,105.77574847
28,2,,quantum,precond_pen=0.400,0.4,True,4,0.005677,93.11912959,93.11912959
28,2,,quantum,precond_pen=0.500,0.5,True,0,0.000107,112.05868104,112.05868104
28,2,,quantum,precond_pen=0.500,0.5,True,1,0.004616,108.8867213,108.8867213
28,2,,quantum,precond_pen=0.500,0.5,True,2,0.004874,106.76972349,106.76972349
28,2,,quantum,precond_pen=0.500,0.5,True,3,0.005284,101.52924757,101.52924757
28,2,,quantum,precond_pen=0.500,0.5,True,4,0.00556,93.11912959,93.11912959
28,2,,quantum,precond_pen=0.600,0.6,True,0,0.000109,112.05868104,112.05868104
28,2,,quantum,precond_pen=0.600,0.6,True,1,0.004966,103.94448364,103.94448364
28,2,,quantum,precond_pen=0.600,0.6,True,2,0.005619,100.67391699,100.67391699
28,2,,quantum,precond_pen=0.600,0.6,True,3,0.006044,94.2491942,94.2491942
28,2,,quantum,precond_pen=0.600,0.6,True,4,0.015474,93.11912959,93.11912959
28,2,,quantum,precond_pen=0.700,0.7,True,0,0.000119,112.05868104,112.05868104
28,2,,quantum,precond_pen=0.700,0.7,True,1,0.004711,104.6115801,104.6115801
28,2,,quantum,precond_pen=0.700,0.7,True,2,0.005164,97.1501184,97.1501184
28,2,,quantum,precond_pen=0.700,0.7,True,3,0.005361,94.2491942,94.2491942
28,2,,quantum,precond_pen=0.700,0.7,True,4,0.014505,93.11912959,93.11912959
29,2,,quantum,baseline,,True,0,0.000108,96.89743791,96.89743791
29,2,,quantum,baseline,,True,1,0.004336,95.47627379,95.47627379
29,2,,quantum,baseline,,True,2,0.004529,94.84188135,94.84188135
29,2,,quantum,baseline,,True,3,0.004754,94.12698386,94.12698386
29,2,,quantum,baseline,,True,4,0.004913,82.22633297,82.22633297
29,2,,quantum,precond_pen=0.200,0.2,True,0,0.00011,96.89743791,96.89743791
29,2,,quantum,precond_pen=0.200,0.2,True,1,0.00435,93.75236258,93.75236258
29,2,,quantum,precond_pen=0.200,0.2,True,2,0.004794,94.84188135,93.75236258
29,2,,quantum,precond_pen=0.200,0.2,True,3,0.005124,83.53142446,83.53142446
29,2,,quantum,precond_pen=0.300,0.3,True,0,0.000113,96.89743791,96.89743791
29,2,,quantum,precond_pen=0.300,0.3,True,1,0.004573,90.74183191,90.74183191
29,2,,quantum,precond_pen=0.300,0.3,True,2,0.004806,94.84188135,90.74183191
29,2,,quantum,precond_pen=0.300,0.3,True,3,0.005031,94.12698386,90.74183191
29,2,,quantum,precond_pen=0.300,0.3,True,4,0.005217,83.07542444,83.07542444
29,2,,quantum,precond_pen=0.400,0.4,True,0,0.00011,96.89743791,96.89743791
29,2,,quantum,precond_pen=0.400,0.4,True,1,0.004356,93.80605602,93.80605602
29,2,,quantum,precond_pen=0.400,0.4,True,2,0.004777,94.84188135,93.80605602
29,2,,quantum,precond_pen=0.400,0.4,True,3,0.005133,82.22633297,82.22633297
29,2,,quantum,precond_pen=0.500,0.5,True,0,0.000108,96.89743791,96.89743791
29,2,,quantum,precond_pen=0.500,0.5,True,1,0.005304,89.45435882,89.45435882
29,2,,quantum,precond_pen=0.500,0.5,True,2,0.005814,82.22633297,82.22633297
29,2,,quantum,precond_pen=0.600,0.6,True,0,0.000109,96.89743791,96.89743791
29,2,,quantum,precond_pen=0.600,0.6,True,1,0.004743,82.22633297,82.22633297
29,2,,quantum,precond_pen=0.700,0.7,True,0,0.000107,96.89743791,96.89743791
29,2,,quantum,precond_pen=0.700,0.7,True,1,0.004862,95.86404869,95.86404869
29,2,,quantum,precond_pen=0.700,0.7,True,2,0.005097,94.84188135,94.84188135
29,2,,quantum,precond_pen=0.700,0.7,True,3,0.005325,90.34621357,90.34621357
29,2,,quantum,precond_pen=0.700,0.7,True,4,0.005515,82.22633297,82.22633297
30,2,,quantum,baseline,,True,0,0.000106,104.74225618,104.74225618
30,2,,quantum,baseline,,True,1,0.003823,100.76655151,100.76655151
30,2,,quantum,baseline,,True,2,0.00427,98.81446004,98.81446004
30,2,,quantum,baseline,,True,3,0.004594,87.03918624,87.03918624
30,2,,quantum,baseline,,True,4,0.033473,84.71931037,84.71931037
30,2,,quantum,precond_pen=0.200,0.2,True,0,0.000122,104.74225618,104.74225618
30,2,,quantum,precond_pen=0.200,0.2,True,1,0.004417,94.54568047,94.54568047
30,2,,quantum,precond_pen=0.200,0.2,True,2,0.004975,84.71931037,84.71931037
30,2,,quantum,precond_pen=0.300,0.3,True,0,0.000114,104.74225618,104.74225618
30,2,,quantum,precond_pen=0.300,0.3,True,1,0.004602,100.42193309,100.42193309
30,2,,quantum,precond_pen=0.300,0.3,True,2,0.004846,101.9121372,100.42193309
30,2,,quantum,precond_pen=0.300,0.3,True,3,0.005063,102.88504956,100.42193309
30,2,,quantum,precond_pen=0.300,0.3,True,4,0.005286,84.71931037,84.71931037
30,2,,quantum,precond_pen=0.400,0.4,True,0,0.000119,104.74225618,104.74225618
30,2,,quantum,precond_pen=0.400,0.4,True,1,0.004823,96.51569292,96.51569292
30,2,,quantum,precond_pen=0.400,0.4,True,2,0.005179,95.85225058,95.85225058
30,2,,quantum,precond_pen=0.400,0.4,True,3,0.00556,84.71931037,84.71931037
30,2,,quantum,precond_pen=0.500,0.5,True,0,0.000108,104.74225618,104.74225618
30,2,,quantum,precond_pen=0.500,0.5,True,1,0.004643,88.23179089,88.23179089
30,2,,quantum,precond_pen=0.500,0.5,True,2,0.005148,84.71931037,84.71931037
30,2,,quantum,precond_pen=0.600,0.6,True,0,0.000119,104.74225618,104.74225618
30,2,,quantum,precond_pen=0.600,0.6,True,1,0.004907,97.93727339,97.93727339
30,2,,quantum,precond_pen=0.600,0.6,True,2,0.005201,98.08203247,97.93727339
30,2,,quantum,precond_pen=0.600,0.6,True,3,0.005637,84.71931037,84.71931037
30,2,,quantum,precond_pen=0.700,0.7,True,0,0.000118,104.74225618,104.74225618
30,2,,quantum,precond_pen=0.700,0.7,True,1,0.004488,95.84530999,95.84530999
30,2,,quantum,precond_pen=0.700,0.7,True,2,0.004842,94.15629632,94.15629632
30,2,,quantum,precond_pen=0.700,0.7,True,3,0.005133,92.94638374,92.94638374
30,2,,quantum,precond_pen=0.700,0.7,True,4,0.005431,87.06438165,87.06438165
30,2,,quantum,precond_pen=0.700,0.7,True,5,0.015752,84.71931037,84.71931037
31,2,,quantum,baseline,,True,0,0.00011,99.48180469,99.48180469
31,2,,quantum,baseline,,True,1,0.004233,97.2263147,97.2263147
31,2,,quantum,baseline,,True,2,0.004453,97.08089392,97.08089392
31,2,,quantum,baseline,,True,3,0.004773,91.09599186,91.09599186
31,2,,quantum,baseline,,True,4,0.03362,87.90704882,87.90704882
31,2,,quantum,precond_pen=0.200,0.2,True,0,0.00011,99.48180469,99.48180469
31,2,,quantum,precond_pen=0.200,0.2,True,1,0.004572,97.36353496,97.36353496
31,2,,quantum,precond_pen=0.200,0.2,True,2,0.005051,95.34864917,95.34864917
31,2,,quantum,precond_pen=0.200,0.2,True,3,0.005451,89.64058659,89.64058659
31,2,,quantum,precond_pen=0.300,0.3,True,0,0.000108,99.48180469,99.48180469
31,2,,quantum,precond_pen=0.300,0.3,True,1,0.004558,93.32961901,93.32961901
31,2,,quantum,precond_pen=0.300,0.3,True,2,0.005128,88.76499444,88.76499444
31,2,,quantum,precond_pen=0.400,0.4,True,0,0.000109,99.48180469,99.48180469
31,2,,quantum,precond_pen=0.400,0.4,True,1,0.004623,97.97811129,97.97811129
31,2,,quantum,precond_pen=0.400,0.4,True,2,0.004891,95.34864917,95.34864917
31,2,,quantum,precond_pen=0.400,0.4,True,3,0.00528,88.76499444,88.76499444
31,2,,quantum,precond_pen=0.500,0.5,True,0,0.000112,99.48180469,99.48180469
31,2,,quantum,precond_pen=0.500,0.5,True,1,0.005171,95.34864917,95.34864917
31,2,,quantum,precond_pen=0.500,0.5,True,2,0.005513,87.90704882,87.90704882
31,2,,quantum,precond_pen=0.600,0.6,True,0,0.000112,99.48180469,99.48180469
31,2,,quantum,precond_pen=0.600,0.6,True,1,0.004656,97.1425444,97.1425444
31,2,,quantum,precond_pen=0.600,0.6,True,2,0.00493,95.34864917,95.34864917
31,2,,quantum,precond_pen=0.600,0.6,True,3,0.005173,93.45666335,93.45666335
31,2,,quantum,precond_pen=0.600,0.6,True,4,0.005444,87.90704882,87.90704882
31,2,,quantum,precond_pen=0.700,0.7,True,0,0.000114,99.48180469,99.48180469
31,2,,quantum,precond_pen=0.700,0.7,True,1,0.005224,98.78032913,98.78032913
31,2,,quantum,precond_pen=0.700,0.7,True,2,0.00548,97.08089392,97.08089392
31,2,,quantum,precond_pen=0.700,0.7,True,3,0.005719,93.45666335,93.45666335
31,2,,quantum,precond_pen=0.700,0.7,True,4,0.006076,87.90704882,87.90704882
32,2,,quantum,baseline,,True,0,0.000114,95.23757289,95.23757289
32,2,,quantum,baseline,,True,1,0.004078,93.26727687,93.26727687
32,2,,quantum,baseline,,True,2,0.004359,92.23668488,92.23668488
32,2,,quantum,baseline,,True,3,0.004668,79.07743901,79.07743901
32,2,,quantum,baseline,,True,4,0.126861,78.56180449,78.56180449
32,2,,quantum,precond_pen=0.200,0.2,True,0,0.00011,95.23757289,95.23757289
32,2,,quantum,precond_pen=0.200,0.2,True,1,0.004721,95.29551603,95.23757289
32,2,,quantum,precond_pen=0.200,0.2,True,2,0.004957,93.26727687,93.26727687
32,2,,quantum,precond_pen=0.200,0.2,True,3,0.005355,79.41536261,79.41536261
32,2,,quantum,precond_pen=0.200,0.2,True,4,0.043037,78.56180449,78.56180449
32,2,,quantum,precond_pen=0.300,0.3,True,0,0.000119,95.23757289,95.23757289
32,2,,quantum,precond_pen=0.300,0.3,True,1,0.004541,90.08034316,90.08034316
32,2,,quantum,precond_pen=0.300,0.3,True,2,0.005097,78.56180449,78.56180449
32,2,,quantum,precond_pen=0.400,0.4,True,0,0.000108,95.23757289,95.23757289
32,2,,quantum,precond_pen=0.400,0.4,True,1,0.005022,96.21839195,95.23757289
32,2,,quantum,precond_pen=0.400,0.4,True,2,0.005359,78.56180449,78.56180449
32,2,,quantum,precond_pen=0.500,0.5,True,0,0.000121,95.23757289,95.23757289
32,2,,quantum,precond_pen=0.500,0.5,True,1,0.004705,92.46379395,92.46379395
32,2,,quantum,precond_pen=0.500,0.5,True,2,0.004937,78.56180449,78.56180449
32,2,,quantum,precond_pen=0.600,0.6,True,0,0.000108,95.23757289,95.23757289
32,2,,quantum,precond_pen=0.600,0.6,True,1,0.005333,79.07743901,79.07743901
32,2,,quantum,precond_pen=0.600,0.6,True,2,0.015492,78.56180449,78.56180449
32,2,,quantum,precond_pen=0.700,0.7,True,0,0.000119,95.23757289,95.23757289
32,2,,quantum,precond_pen=0.700,0.7,True,1,0.004775,85.43950815,85.43950815
32,2,,quantum,precond_pen=0.700,0.7,True,2,0.005332,78.56180449,78.56180449
33,2,,quantum,baseline,,True,0,0.000109,100.54670181,100.54670181
33,2,,quantum,baseline,,True,1,0.004045,97.61198768,97.61198768
33,2,,quantum,baseline,,True,2,0.004449,96.58713728,96.58713728
33,2,,quantum,baseline,,True,3,0.00481,83.67726136,83.67726136
33,2,,quantum,precond_pen=0.200,0.2,True,0,0.000112,100.54670181,100.54670181
33,2,,quantum,precond_pen=0.200,0.2,True,1,0.004669,94.71221899,94.71221899
33,2,,quantum,precond_pen=0.200,0.2,True,2,0.005214,83.67726136,83.67726136
33,2,,quantum,precond_pen=0.300,0.3,True,0,0.000109,100.54670181,100.54670181
33,2,,quantum,precond_pen=0.300,0.3,True,1,0.004376,88.30705326,88.30705326
33,2,,quantum,precond_pen=0.300,0.3,True,2,0.004907,84.24148697,84.24148697
33,2,,quantum,precond_pen=0.400,0.4,True,0,0.000113,100.54670181,100.54670181
33,2,,quantum,precond_pen=0.400,0.4,True,1,0.004522,95.36361393,95.36361393
33,2,,quantum,precond_pen=0.400,0.4,True,2,0.004963,93.37531444,93.37531444
33,2,,quantum,precond_pen=0.400,0.4,True,3,0.005215,83.67726136,83.67726136
33,2,,quantum,precond_pen=0.500,0.5,True,0,0.00011,100.54670181,100.54670181
33,2,,quantum,precond_pen=0.500,0.5,True,1,0.005043,89.4026097,89.4026097
33,2,,quantum,precond_pen=0.500,0.5,True,2,0.005672,83.67726136,83.67726136
33,2,,quantum,precond_pen=0.600,0.6,True,0,0.000109,100.54670181,100.54670181
33,2,,quantum,precond_pen=0.600,0.6,True,1,0.004681,96.85675998,96.85675998
33,2,,quantum,precond_pen=0.600,0.6,True,2,0.005062,95.00531311,95.00531311
33,2,,quantum,precond_pen=0.600,0.6,True,3,0.00541,86.83870836,86.83870836
33,2,,quantum,precond_pen=0.600,0.6,True,4,0.015193,83.67726136,83.67726136
33,2,,quantum,precond_pen=0.700,0.7,True,0,0.000111,100.54670181,100.54670181
33,2,,quantum,precond_pen=0.700,0.7,True,1,0.005128,96.87327084,96.87327084
33,2,,quantum,precond_pen=0.700,0.7,True,2,0.005354,96.58713728,96.58713728
33,2,,quantum,precond_pen=0.700,0.7,True,3,0.005777,93.93756342,93.93756342
33,2,,quantum,precond_pen=0.700,0.7,True,4,0.006222,83.67726136,83.67726136
34,2,,quantum,baseline,,True,0,0.000113,98.7367735,98.7367735
34,2,,quantum,baseline,,True,1,0.004178,82.39623808,82.39623808
34,2,,quantum,precond_pen=0.200,0.2,True,0,0.000108,98.7367735,98.7367735
34,2,,quantum,precond_pen=0.200,0.2,True,1,0.004466,100.28669299,98.7367735
34,2,,quantum,precond_pen=0.200,0.2,True,2,0.00476,99.99999389,98.7367735
34,2,,quantum,precond_pen=0.200,0.2,True,3,0.005069,83.12212391,83.12212391
34,2,,quantum,precond_pen=0.300,0.3,True,0,0.000108,98.7367735,98.7367735
34,2,,quantum,precond_pen=0.300,0.3,True,1,0.00434,85.57388167,85.57388167
34,2,,quantum,precond_pen=0.300,0.3,True,2,0.004704,83.12212391,83.12212391
34,2,,quantum,precond_pen=0.400,0.4,True,0,0.000108,98.7367735,98.7367735
34,2,,quantum,precond_pen=0.400,0.4,True,1,0.00488,91.16644644,91.16644644
34,2,,quantum,precond_pen=0.400,0.4,True,2,0.005391,82.39623808,82.39623808
34,2,,quantum,precond_pen=0.500,0.5,True,0,0.000107,98.7367735,98.7367735
34,2,,quantum,precond_pen=0.500,0.5,True,1,0.004568,95.23560355,95.23560355
34,2,,quantum,precond_pen=0.500,0.5,True,2,0.005115,82.39623808,82.39623808
34,2,,quantum,precond_pen=0.600,0.6,True,0,0.000108,98.7367735,98.7367735
34,2,,quantum,precond_pen=0.600,0.6,True,1,0.004887,99.70557728,98.7367735
34,2,,quantum,precond_pen=0.600,0.6,True,2,0.005573,93.06620478,93.06620478
34,2,,quantum,precond_pen=0.600,0.6,True,3,0.005839,82.39623808,82.39623808
34,2,,quantum,precond_pen=0.700,0.7,True,0,0.000109,98.7367735,98.7367735
34,2,,quantum,precond_pen=0.700,0.7,True,1,0.004659,93.51522777,93.51522777
34,2,,quantum,precond_pen=0.700,0.7,True,2,0.005283,82.39623808,82.39623808
35,2,,quantum,baseline,,True,0,0.000108,95.2992115,95.2992115
35,2,,quantum,baseline,,True,1,0.004711,95.23054743,95.23054743
35,2,,quantum,baseline,,True,2,0.004959,79.00556705,79.00556705
35,2,,quantum,precond_pen=0.200,0.2,True,0,0.000111,95.2992115,95.2992115
35,2,,quantum,precond_pen=0.200,0.2,True,1,0.004321,91.33369619,91.33369619
35,2,,quantum,precond_pen=0.200,0.2,True,2,0.004861,79.00556705,79.00556705
35,2,,quantum,precond_pen=0.300,0.3,True,0,0.000146,95.2992115,95.2992115
35,2,,quantum,precond_pen=0.300,0.3,True,1,0.004558,95.23305476,95.23305476
35,2,,quantum,precond_pen=0.300,0.3,True,2,0.00482,93.7386423,93.7386423
35,2,,quantum,precond_pen=0.300,0.3,True,3,0.005254,87.22560372,87.22560372
35,2,,quantum,precond_pen=0.300,0.3,True,4,0.005484,79.00556705,79.00556705
35,2,,quantum,precond_pen=0.400,0.4,True,0,0.000108,95.2992115,95.2992115
35,2,,quantum,precond_pen=0.400,0.4,True,1,0.004552,85.94588247,85.94588247
35,2,,quantum,precond_pen=0.400,0.4,True,2,0.005129,81.29764171,81.29764171
35,2,,quantum,precond_pen=0.400,0.4,True,3,0.014932,79.00556705,79.00556705
35,2,,quantum,precond_pen=0.500,0.5,True,0,0.000108,95.2992115,95.2992115
35,2,,quantum,precond_pen=0.500,0.5,True,1,0.005052,91.56307636,91.56307636
35,2,,quantum,precond_pen=0.500,0.5,True,2,0.005677,79.00556705,79.00556705
35,2,,quantum,precond_pen=0.600,0.6,True,0,0.000111,95.2992115,95.2992115
35,2,,quantum,precond_pen=0.600,0.6,True,1,0.004729,93.23006366,93.23006366
35,2,,quantum,precond_pen=0.600,0.6,True,2,0.005075,90.38396565,90.38396565
35,2,,quantum,precond_pen=0.600,0.6,True,3,0.005339,91.10758829,90.38396565
35,2,,quantum,precond_pen=0.600,0.6,True,4,0.005578,79.00556705,79.00556705
35,2,,quantum,precond_pen=0.700,0.7,True,0,0.000109,95.2992115,95.2992115
35,2,,quantum,precond_pen=0.700,0.7,True,1,0.005141,92.12066188,92.12066188
35,2,,quantum,precond_pen=0.700,0.7,True,2,0.005531,79.00556705,79.00556705
36,2,,quantum,baseline,,True,0,0.000115,97.21051435,97.21051435
36,2,,quantum,baseline,,True,1,0.004125,92.06888915,92.06888915
36,2,,quantum,baseline,,True,2,0.004387,90.54775029,90.54775029
36,2,,quantum,baseline,,True,3,0.004661,80.85941209,80.85941209
36,2,,quantum,baseline,,True,4,0.034515,80.13639809,80.13639809
36,2,,quantum,precond_pen=0.200,0.2,True,0,0.00011,97.21051435,97.21051435
36,2,,quantum,precond_pen=0.200,0.2,True,1,0.004493,90.1729136,90.1729136
36,2,,quantum,precond_pen=0.200,0.2,True,2,0.005005,81.24536577,81.24536577
36,2,,quantum,precond_pen=0.200,0.2,True,3,0.016082,80.21311944,80.21311944
36,2,,quantum,precond_pen=0.300,0.3,True,0,0.00011,97.21051435,97.21051435
36,2,,quantum,precond_pen=0.300,0.3,True,1,0.004658,89.64447772,89.64447772
36,2,,quantum,precond_pen=0.300,0.3,True,2,0.005054,87.13760881,87.13760881
36,2,,quantum,precond_pen=0.300,0.3,True,3,0.005296,86.73755777,86.73755777
36,2,,quantum,precond_pen=0.300,0.3,True,4,0.005592,80.21311944,80.21311944
36,2,,quantum,precond_pen=0.400,0.4,True,0,0.000108,97.21051435,97.21051435
36,2,,quantum,precond_pen=0.400,0.4,True,1,0.004923,86.84959442,86.84959442
36,2,,quantum,precond_pen=0.400,0.4,True,2,0.005483,80.21311944,80.21311944
36,2,,quantum,precond_pen=0.500,0.5,True,0,0.00011,97.21051435,97.21051435
36,2,,quantum,precond_pen=0.500,0.5,True,1,0.004752,97.63513026,97.21051435
36,2,,quantum,precond_pen=0.500,0.5,True,2,0.004998,96.4162644,96.4162644
36,2,,quantum,precond_pen=0.500,0.5,True,3,0.005226,94.09136707,94.09136707
36,2,,quantum,precond_pen=0.500,0.5,True,4,0.005603,80.31026291,80.31026291
36,2,,quantum,precond_pen=0.600,0.6,True,0,0.00011,97.21051435,97.21051435
36,2,,quantum,precond_pen=0.600,0.6,True,1,0.004911,93.75835929,93.75835929
36,2,,quantum,precond_pen=0.600,0.6,True,2,0.005154,91.28880683,91.28880683
36,2,,quantum,precond_pen=0.600,0.6,True,3,0.005406,89.16244599,89.16244599
36,2,,quantum,precond_pen=0.600,0.6,True,4,0.005666,80.21311944,80.21311944
36,2,,quantum,precond_pen=0.700,0.7,True,0,0.000109,97.21051435,97.21051435
36,2,,quantum,precond_pen=0.700,0.7,True,1,0.004876,94.62240512,94.62240512
36,2,,quantum,precond_pen=0.700,0.7,True,2,0.005157,90.54775029,90.54775029
36,2,,quantum,precond_pen=0.700,0.7,True,3,0.005389,87.93729631,87.93729631
36,2,,quantum,precond_pen=0.700,0.7,True,4,0.00557,80.21311944,80.21311944
37,2,,quantum,baseline,,True,0,0.000116,94.91528326,94.91528326
37,2,,quantum,baseline,,True,1,0.004684,94.62951941,94.62951941
37,2,,quantum,baseline,,True,2,0.004911,80.37211047,80.37211047
37,2,,quantum,baseline,,True,3,0.146438,79.61660727,79.61660727
37,2,,quantum,baseline,,True,4,0.146772,79.03749319,79.03749319
37,2,,quantum,precond_pen=0.200,0.2,True,0,0.000111,94.91528326,94.91528326
37,2,,quantum,precond_pen=0.200,0.2,True,1,0.004853,87.15118515,87.15118515
37,2,,quantum,precond_pen=0.200,0.2,True,2,0.00536,80.9012478,80.9012478
37,2,,quantum,precond_pen=0.300,0.3,True,0,0.000119,94.91528326,94.91528326
37,2,,quantum,precond_pen=0.300,0.3,True,1,0.004713,86.0886741,86.0886741
37,2,,quantum,precond_pen=0.300,0.3,True,2,0.005397,84.71762475,84.71762475
37,2,,quantum,precond_pen=0.300,0.3,True,3,0.005689,81.43049187,81.43049187
37,2,,quantum,precond_pen=0.400,0.4,True,0,0.000158,94.91528326,94.91528326
37,2,,quantum,precond_pen=0.400,0.4,True,1,0.004855,86.96859125,86.96859125
37,2,,quantum,precond_pen=0.400,0.4,True,2,0.005558,84.71762475,84.71762475
37,2,,quantum,precond_pen=0.400,0.4,True,3,0.005873,81.43049187,81.43049187
37,2,,quantum,precond_pen=0.400,0.4,True,4,0.080831,81.43049187,81.43049187
37,2,,quantum,precond_pen=0.500,0.5,True,0,0.000172,94.91528326,94.91528326
37,2,,quantum,precond_pen=0.500,0.5,True,1,0.005097,92.05373227,92.05373227
37,2,,quantum,precond_pen=0.500,0.5,True,2,0.005374,91.7178692,91.7178692
37,2,,quantum,precond_pen=0.500,0.5,True,3,0.005805,82.10231007,82.10231007
37,2,,quantum,precond_pen=0.500,0.5,True,4,0.006258,79.03749319,79.03749319
37,2,,quantum,precond_pen=0.600,0.6,True,0,0.000164,94.91528326,94.91528326
37,2,,quantum,precond_pen=0.600,0.6,True,1,0.006116,84.71762475,84.71762475
37,2,,quantum,precond_pen=0.600,0.6,True,2,0.006363,80.07536896,80.07536896
37,2,,quantum,precond_pen=0.600,0.6,True,3,0.074373,79.03749319,79.03749319
37,2,,quantum,precond_pen=0.700,0.7,True,0,0.000115,94.91528326,94.91528326
37,2,,quantum,precond_pen=0.700,0.7,True,1,0.005495,87.02781614,87.02781614
37,2,,quantum,precond_pen=0.700,0.7,True,2,0.006108,80.07536896,80.07536896
37,2,,quantum,precond_pen=0.700,0.7,True,3,0.01594,79.03749319,79.03749319
38,2,,quantum,baseline,,True,0,0.000166,87.95403624,87.95403624
38,2,,quantum,baseline,,True,1,0.004488,84.00364317,84.00364317
38,2,,quantum,baseline,,True,2,0.005,79.54594013,79.54594013
38,2,,quantum,precond_pen=0.200,0.2,True,0,0.000165,87.95403624,87.95403624
38,2,,quantum,precond_pen=0.200,0.2,True,1,0.004836,87.59157158,87.59157158
38,2,,quantum,precond_pen=0.200,0.2,True,2,0.005295,87.58828242,87.58828242
38,2,,quantum,precond_pen=0.200,0.2,True,3,0.005555,79.54594013,79.54594013
38,2,,quantum,precond_pen=0.300,0.3,True,0,0.000161,87.95403624,87.95403624
38,2,,quantum,precond_pen=0.300,0.3,True,1,0.004996,86.89293384,86.89293384
38,2,,quantum,precond_pen=0.300,0.3,True,2,0.005458,88.69508822,86.89293384
38,2,,quantum,precond_pen=0.300,0.3,True,3,0.005746,79.54594013,79.54594013
38,2,,quantum,precond_pen=0.400,0.4,True,0,0.00011,87.95403624,87.95403624
38,2,,quantum,precond_pen=0.400,0.4,True,1,0.005705,86.84211059,86.84211059
38,2,,quantum,precond_pen=0.400,0.4,True,2,0.006298,79.54594013,79.54594013
38,2,,quantum,precond_pen=0.500,0.5,True,0,0.000158,87.95403624,87.95403624
38,2,,quantum,precond_pen=0.500,0.5,True,1,0.004965,87.39690172,87.39690172
38,2,,quantum,precond_pen=0.500,0.5,True,2,0.00564,80.87382978,80.87382978
38,2,,quantum,precond_pen=0.500,0.5,True,3,0.015744,79.54594013,79.54594013
38,2,,quantum,precond_pen=0.600,0.6,True,0,0.000166,87.95403624,87.95403624
38,2,,quantum,precond_pen=0.600,0.6,True,1,0.005504,79.54594013,79.54594013
38,2,,quantum,precond_pen=0.700,0.7,True,0,0.000156,87.95403624,87.95403624
38,2,,quantum,precond_pen=0.700,0.7,True,1,0.005256,80.78860811,80.78860811
38,2,,quantum,precond_pen=0.700,0.7,True,2,0.042886,79.54594013,79.54594013
38,2,,quantum,precond_pen=0.700,0.7,True,3,0.04402,79.54594013,79.54594013
39,2,,quantum,baseline,,True,0,0.000169,99.74755999,99.74755999
39,2,,quantum,baseline,,True,1,0.004774,98.9603326,98.9603326
39,2,,quantum,baseline,,True,2,0.005039,80.23631276,80.23631276
39,2,,quantum,baseline,,True,3,0.034313,77.70571533,77.70571533
39,2,,quantum,precond_pen=0.200,0.2,True,0,0.000167,99.74755999,99.74755999
39,2,,quantum,precond_pen=0.200,0.2,True,1,0.005014,102.00802389,99.74755999
39,2,,quantum,precond_pen=0.200,0.2,True,2,0.005271,98.87980638,98.87980638
39,2,,quantum,precond_pen=0.200,0.2,True,3,0.005537,98.53057931,98.53057931
39,2,,quantum,precond_pen=0.200,0.2,True,4,0.00578,78.04074615,78.04074615
39,2,,quantum,precond_pen=0.300,0.3,True,0,0.000158,99.74755999,99.74755999
39,2,,quantum,precond_pen=0.300,0.3,True,1,0.005065,98.73274594,98.73274594
39,2,,quantum,precond_pen=0.300,0.3,True,2,0.005453,93.93277725,93.93277725
39,2,,quantum,precond_pen=0.300,0.3,True,3,0.005835,78.04074615,78.04074615
39,2,,quantum,precond_pen=0.400,0.4,True,0,0.000156,99.74755999,99.74755999
39,2,,quantum,precond_pen=0.400,0.4,True,1,0.004834,90.53964724,90.53964724
39,2,,quantum,precond_pen=0.400,0.4,True,2,0.005339,92.18863576,90.53964724
39,2,,quantum,precond_pen=0.400,0.4,True,3,0.005634,78.04074615,78.04074615
39,2,,quantum,precond_pen=0.500,0.5,True,0,0.000155,99.74755999,99.74755999
39,2,,quantum,precond_pen=0.500,0.5,True,1,0.005305,93.32432822,93.32432822
39,2,,quantum,precond_pen=0.500,0.5,True,2,0.005813,91.44482414,91.44482414
39,2,,quantum,precond_pen=0.500,0.5,True,3,0.006063,78.04074615,78.04074615
39,2,,quantum,precond_pen=0.600,0.6,True,0,0.000158,99.74755999,99.74755999
39,2,,quantum,precond_pen=0.600,0.6,True,1,0.004884,91.89261648,91.89261648
39,2,,quantum,precond_pen=0.600,0.6,True,2,0.00529,93.37350094,91.89261648
39,2,,quantum,precond_pen=0.600,0.6,True,3,0.005725,85.35771203,85.35771203
39,2,,quantum,precond_pen=0.600,0.6,True,4,0.006013,78.04074615,78.04074615
39,2,,quantum,precond_pen=0.700,0.7,True,0,0.000161,99.74755999,99.74755999
39,2,,quantum,precond_pen=0.700,0.7,True,1,0.005302,89.00024511,89.00024511
39,2,,quantum,precond_pen=0.700,0.7,True,2,0.00607,86.24370582,86.24370582
39,2,,quantum,precond_pen=0.700,0.7,True,3,0.00636,78.04074615,78.04074615
40,2,,quantum,baseline,,True,0,0.000171,96.05167908,96.05167908
40,2,,quantum,baseline,,True,1,0.004452,87.40785504,87.40785504
40,2,,quantum,baseline,,True,2,0.034745,81.61632994,81.61632994
40,2,,quantum,precond_pen=0.200,0.2,True,0,0.000158,96.05167908,96.05167908
40,2,,quantum,precond_pen=0.200,0.2,True,1,0.004568,97.71286518,96.05167908
40,2,,quantum,precond_pen=0.200,0.2,True,2,0.004781,91.45226541,91.45226541
40,2,,quantum,precond_pen=0.200,0.2,True,3,0.005201,81.61632994,81.61632994
40,2,,quantum,precond_pen=0.300,0.3,True,0,0.000167,96.05167908,96.05167908
40,2,,quantum,precond_pen=0.300,0.3,True,1,0.005333,94.79706053,94.79706053
40,2,,quantum,precond_pen=0.300,0.3,True,2,0.005756,91.45226541,91.45226541
40,2,,quantum,precond_pen=0.300,0.3,True,3,0.006155,81.61632994,81.61632994
40,2,,quantum,precond_pen=0.400,0.4,True,0,0.000109,96.05167908,96.05167908
40,2,,quantum,precond_pen=0.400,0.4,True,1,0.005036,81.61632994,81.61632994
40,2,,quantum,precond_pen=0.500,0.5,True,0,0.000109,96.05167908,96.05167908
40,2,,quantum,precond_pen=0.500,0.5,True,1,0.00461,89.72862228,89.72862228
40,2,,quantum,precond_pen=0.500,0.5,True,2,0.005135,88.99105186,88.99105186
40,2,,quantum,precond_pen=0.500,0.5,True,3,0.005481,81.61632994,81.61632994
40,2,,quantum,precond_pen=0.600,0.6,True,0,0.000152,96.05167908,96.05167908
40,2,,quantum,precond_pen=0.600,0.6,True,1,0.005929,89.61075492,89.61075492
40,2,,quantum,precond_pen=0.600,0.6,True,2,0.006469,81.61632994,81.61632994
40,2,,quantum,precond_pen=0.700,0.7,True,0,0.000148,96.05167908,96.05167908
40,2,,quantum,precond_pen=0.700,0.7,True,1,0.00559,94.30957403,94.30957403
40,2,,quantum,precond_pen=0.700,0.7,True,2,0.005922,81.61632994,81.61632994
41,2,,quantum,baseline,,True,0,0.000108,105.37524093,105.37524093
41,2,,quantum,baseline,,True,1,0.004624,94.43387874,94.43387874
41,2,,quantum,precond_pen=0.200,0.2,True,0,0.000114,105.37524093,105.37524093
41,2,,quantum,precond_pen=0.200,0.2,True,1,0.004389,100.9086639,100.9086639
41,2,,quantum,precond_pen=0.200,0.2,True,2,0.004982,103.66615239,100.9086639
41,2,,quantum,precond_pen=0.200,0.2,True,3,0.005333,94.43387874,94.43387874
41,2,,quantum,precond_pen=0.300,0.3,True,0,0.000121,105.37524093,105.37524093
41,2,,quantum,precond_pen=0.300,0.3,True,1,0.004823,102.71050696,102.71050696
41,2,,quantum,precond_pen=0.300,0.3,True,2,0.005192,103.66615239,102.71050696
41,2,,quantum,precond_pen=0.300,0.3,True,3,0.005563,94.43387874,94.43387874
41,2,,quantum,precond_pen=0.400,0.4,True,0,0.000111,105.37524093,105.37524093
41,2,,quantum,precond_pen=0.400,0.4,True,1,0.004658,104.19143731,104.19143731
41,2,,quantum,precond_pen=0.400,0.4,True,2,0.004932,103.59515228,103.59515228
41,2,,quantum,precond_pen=0.400,0.4,True,3,0.005413,95.24489566,95.24489566
41,2,,quantum,precond_pen=0.400,0.4,True,4,0.015792,94.43387874,94.43387874
41,2,,quantum,precond_pen=0.500,0.5,True,0,0.000108,105.37524093,105.37524093
41,2,,quantum,precond_pen=0.500,0.5,True,1,0.004812,102.19943855,102.19943855
41,2,,quantum,precond_pen=0.500,0.5,True,2,0.005061,100.9086639,100.9086639
41,2,,quantum,precond_pen=0.500,0.5,True,3,0.005441,94.43387874,94.43387874
41,2,,quantum,precond_pen=0.600,0.6,True,0,0.000118,105.37524093,105.37524093
41,2,,quantum,precond_pen=0.600,0.6,True,1,0.0048,104.26484015,104.26484015
41,2,,quantum,precond_pen=0.600,0.6,True,2,0.005035,103.59515228,103.59515228
41,2,,quantum,precond_pen=0.600,0.6,True,3,0.005374,97.68428966,97.68428966
41,2,,quantum,precond_pen=0.600,0.6,True,4,0.030743,98.16138352,97.68428966
41,2,,quantum,precond_pen=0.600,0.6,True,5,0.030833,94.43387874,94.43387874
41,2,,quantum,precond_pen=0.700,0.7,True,0,0.000113,105.37524093,105.37524093
41,2,,quantum,precond_pen=0.700,0.7,True,1,0.00512,105.47449621,105.37524093
41,2,,quantum,precond_pen=0.700,0.7,True,2,0.005379,95.24489566,95.24489566
41,2,,quantum,precond_pen=0.700,0.7,True,3,0.015269,94.43387874,94.43387874
42,2,,quantum,baseline,,True,0,0.000111,94.99804401,94.99804401
42,2,,quantum,baseline,,True,1,0.004332,84.01773115,84.01773115
42,2,,quantum,precond_pen=0.200,0.2,True,0,0.000111,94.99804401,94.99804401
42,2,,quantum,precond_pen=0.200,0.2,True,1,0.004682,96.07211188,94.99804401
42,2,,quantum,precond_pen=0.200,0.2,True,2,0.004886,94.76133816,94.76133816
42,2,,quantum,precond_pen=0.200,0.2,True,3,0.005278,85.33974039,85.33974039
42,2,,quantum,precond_pen=0.200,0.2,True,4,0.016299,84.01773115,84.01773115
42,2,,quantum,precond_pen=0.300,0.3,True,0,0.00011,94.99804401,94.99804401
42,2,,quantum,precond_pen=0.300,0.3,True,1,0.004549,93.759111,93.759111
42,2,,quantum,precond_pen=0.300,0.3,True,2,0.004747,90.15339095,90.15339095
42,2,,quantum,precond_pen=0.300,0.3,True,3,0.005167,86.32790306,86.32790306
42,2,,quantum,precond_pen=0.300,0.3,True,4,0.005408,84.01773115,84.01773115
42,2,,quantum,precond_pen=0.400,0.4,True,0,0.000152,94.99804401,94.99804401
42,2,,quantum,precond_pen=0.400,0.4,True,1,0.005351,95.99879327,94.99804401
42,2,,quantum,precond_pen=0.400,0.4,True,2,0.005991,90.15339095,90.15339095
42,2,,quantum,precond_pen=0.400,0.4,True,3,0.006385,88.37517526,88.37517526
42,2,,quantum,precond_pen=0.400,0.4,True,4,0.006696,84.01773115,84.01773115
42,2,,quantum,precond_pen=0.500,0.5,True,0,0.000111,94.99804401,94.99804401
42,2,,quantum,precond_pen=0.500,0.5,True,1,0.004775,86.05439842,86.05439842
42,2,,quantum,precond_pen=0.500,0.5,True,2,0.005262,84.01773115,84.01773115
42,2,,quantum,precond_pen=0.600,0.6,True,0,0.000108,94.99804401,94.99804401
42,2,,quantum,precond_pen=0.600,0.6,True,1,0.004878,96.02374183,94.99804401
42,2,,quantum,precond_pen=0.600,0.6,True,2,0.005085,84.01773115,84.01773115
42,2,,quantum,precond_pen=0.700,0.7,True,0,0.000125,94.99804401,94.99804401
42,2,,quantum,precond_pen=0.700,0.7,True,1,0.004749,92.774949,92.774949
42,2,,quantum,precond_pen=0.700,0.7,True,2,0.004982,90.15339095,90.15339095
42,2,,quantum,precond_pen=0.700,0.7,True,3,0.005226,89.97918929,89.97918929
42,2,,quantum,precond_pen=0.700,0.7,True,4,0.00546,84.01773115,84.01773115
43,2,,quantum,baseline,,True,0,0.00011,103.42593599,103.42593599
43,2,,quantum,baseline,,True,1,0.004403,99.92374707,99.92374707
43,2,,quantum,baseline,,True,2,0.004727,98.06776897,98.06776897
43,2,,quantum,baseline,,True,3,0.005014,85.59189282,85.59189282
43,2,,quantum,precond_pen=0.200,0.2,True,0,0.000111,103.42593599,103.42593599
43,2,,quantum,precond_pen=0.200,0.2,True,1,0.004601,99.68911566,99.68911566
43,2,,quantum,precond_pen=0.200,0.2,True,2,0.005227,86.4781384,86.4781384
43,2,,quantum,precond_pen=0.300,0.3,True,0,0.000109,103.42593599,103.42593599
43,2,,quantum,precond_pen=0.300,0.3,True,1,0.004623,97.66850348,97.66850348
43,2,,quantum,precond_pen=0.300,0.3,True,2,0.005292,93.75883917,93.75883917
43,2,,quantum,precond_pen=0.300,0.3,True,3,0.00562,86.4781384,86.4781384
43,2,,quantum,precond_pen=0.400,0.4,True,0,0.000153,103.42593599,103.42593599
43,2,,quantum,precond_pen=0.400,0.4,True,1,0.005001,100.23982124,100.23982124
43,2,,quantum,precond_pen=0.400,0.4,True,2,0.005329,86.4781384,86.4781384
43,2,,quantum,precond_pen=0.500,0.5,True,0,0.000126,103.42593599,103.42593599
43,2,,quantum,precond_pen=0.500,0.5,True,1,0.004965,93.40853186,93.40853186
43,2,,quantum,precond_pen=0.500,0.5,True,2,0.005402,93.28349075,93.28349075
43,2,,quantum,precond_pen=0.500,0.5,True,3,0.00565,85.59189282,85.59189282
43,2,,quantum,precond_pen=0.600,0.6,True,0,0.00011,103.42593599,103.42593599
43,2,,quantum,precond_pen=0.600,0.6,True,1,0.004479,95.88875302,95.88875302
43,2,,quantum,precond_pen=0.600,0.6,True,2,0.004818,94.39858165,94.39858165
43,2,,quantum,precond_pen=0.600,0.6,True,3,0.005254,92.97557141,92.97557141
43,2,,quantum,precond_pen=0.600,0.6,True,4,0.005483,85.59189282,85.59189282
43,2,,quantum,precond_pen=0.700,0.7,True,0,0.000111,103.42593599,103.42593599
43,2,,quantum,precond_pen=0.700,0.7,True,1,0.004653,101.57054006,101.57054006
43,2,,quantum,precond_pen=0.700,0.7,True,2,0.004951,100.70758642,100.70758642
43,2,,quantum,precond_pen=0.700,0.7,True,3,0.00518,101.32622361,100.70758642
43,2,,quantum,precond_pen=0.700,0.7,True,4,0.005465,85.59189282,85.59189282
44,2,,quantum,baseline,,True,0,0.000147,110.22696221,110.22696221
44,2,,quantum,baseline,,True,1,0.004373,109.41116097,109.41116097
44,2,,quantum,baseline,,True,2,0.00458,105.22035959,105.22035959
44,2,,quantum,baseline,,True,3,0.004829,88.41082091,88.41082091
44,2,,quantum,baseline,,True,4,0.034093,85.99376566,85.99376566
44,2,,quantum,precond_pen=0.200,0.2,True,0,0.000116,110.22696221,110.22696221
44,2,,quantum,precond_pen=0.200,0.2,True,1,0.005113,106.29001229,106.29001229
44,2,,quantum,precond_pen=0.200,0.2,True,2,0.005698,87.3627712,87.3627712
44,2,,quantum,precond_pen=0.200,0.2,True,3,0.099473,88.99426162,87.3627712
44,2,,quantum,precond_pen=0.200,0.2,True,4,0.106403,85.99376566,85.99376566
44,2,,quantum,precond_pen=0.300,0.3,True,0,0.000113,110.22696221,110.22696221
44,2,,quantum,precond_pen=0.300,0.3,True,1,0.004829,100.83115717,100.83115717
44,2,,quantum,precond_pen=0.300,0.3,True,2,0.005097,103.77860045,100.83115717
44,2,,quantum,precond_pen=0.300,0.3,True,3,0.005449,87.3627712,87.3627712
44,2,,quantum,precond_pen=0.300,0.3,True,4,0.029967,85.99376566,85.99376566
44,2,,quantum,precond_pen=0.400,0.4,True,0,0.000109,110.22696221,110.22696221
44,2,,quantum,precond_pen=0.400,0.4,True,1,0.005094,95.72922778,95.72922778
44,2,,quantum,precond_pen=0.400,0.4,True,2,0.00584,85.99376566,85.99376566
44,2,,quantum,precond_pen=0.500,0.5,True,0,0.000108,110.22696221,110.22696221
44,2,,quantum,precond_pen=0.500,0.5,True,1,0.004681,109.44185476,109.44185476
44,2,,quantum,precond_pen=0.500,0.5,True,2,0.004937,105.22035959,105.22035959
44,2,,quantum,precond_pen=0.500,0.5,True,3,0.005219,104.02704985,104.02704985
44,2,,quantum,precond_pen=0.500,0.5,True,4,0.005456,87.3627712,87.3627712
44,2,,quantum,precond_pen=0.500,0.5,True,5,0.015944,85.99376566,85.99376566
44,2,,quantum,precond_pen=0.600,0.6,True,0,0.000109,110.22696221,110.22696221
44,2,,quantum,precond_pen=0.600,0.6,True,1,0.00528,103.53187542,103.53187542
44,2,,quantum,precond_pen=0.600,0.6,True,2,0.005779,102.43926444,102.43926444
44,2,,quantum,precond_pen=0.600,0.6,True,3,0.00608,87.3627712,87.3627712
44,2,,quantum,precond_pen=0.600,0.6,True,4,0.038355,85.99376566,85.99376566
44,2,,quantum,precond_pen=0.700,0.7,True,0,0.000108,110.22696221,110.22696221
44,2,,quantum,precond_pen=0.700,0.7,True,1,0.0049,100.81699482,100.81699482
44,2,,quantum,precond_pen=0.700,0.7,True,2,0.00558,100.55230884,100.55230884
44,2,,quantum,precond_pen=0.700,0.7,True,3,0.005893,85.99376566,85.99376566
45,2,,quantum,baseline,,True,0,0.000114,102.95291853,102.95291853
45,2,,quantum,baseline,,True,1,0.004417,98.7766833,98.7766833
45,2,,quantum,baseline,,True,2,0.004667,98.4215626,98.4215626
45,2,,quantum,baseline,,True,3,0.004923,90.17094747,90.17094747
45,2,,quantum,baseline,,True,4,0.132636,89.42815932,89.42815932
45,2,,quantum,baseline,,True,5,0.147975,88.73984077,88.73984077
45,2,,quantum,baseline,,True,6,0.14808,88.16063719,88.16063719
45,2,,quantum,baseline,,True,7,0.148164,87.18365227,87.18365227
45,2,,quantum,baseline,,True,8,0.180798,87.18365227,87.18365227
45,2,,quantum,precond_pen=0.200,0.2,True,0,0.00011,102.95291853,102.95291853
45,2,,quantum,precond_pen=0.200,0.2,True,1,0.004997,87.18365227,87.18365227
45,2,,quantum,precond_pen=0.300,0.3,True,0,0.000109,102.95291853,102.95291853
45,2,,quantum,precond_pen=0.300,0.3,True,1,0.004521,99.48075752,99.48075752
45,2,,quantum,precond_pen=0.300,0.3,True,2,0.004952,98.7766833,98.7766833
45,2,,quantum,precond_pen=0.300,0.3,True,3,0.005358,87.18365227,87.18365227
45,2,,quantum,precond_pen=0.400,0.4,True,0,0.000108,102.95291853,102.95291853
45,2,,quantum,precond_pen=0.400,0.4,True,1,0.004702,98.65263827,98.65263827
45,2,,quantum,precond_pen=0.400,0.4,True,2,0.004954,98.7766833,98.65263827
45,2,,quantum,precond_pen=0.400,0.4,True,3,0.005253,99.19703889,98.65263827
45,2,,quantum,precond_pen=0.400,0.4,True,4,0.005501,87.18365227,87.18365227
45,2,,quantum,precond_pen=0.500,0.5,True,0,0.000123,102.95291853,102.95291853
45,2,,quantum,precond_pen=0.500,0.5,True,1,0.006811,98.57512325,98.57512325
45,2,,quantum,precond_pen=0.500,0.5,True,2,0.007169,87.18365227,87.18365227
45,2,,quantum,precond_pen=0.600,0.6,True,0,0.000114,102.95291853,102.95291853
45,2,,quantum,precond_pen=0.600,0.6,True,1,0.004397,101.14063794,101.14063794
45,2,,quantum,precond_pen=0.600,0.6,True,2,0.004662,100.6014793,100.6014793
45,2,,quantum,precond_pen=0.600,0.6,True,3,0.005123,97.10999247,97.10999247
45,2,,quantum,precond_pen=0.600,0.6,True,4,0.005459,87.18365227,87.18365227
45,2,,quantum,precond_pen=0.700,0.7,True,0,0.000117,102.95291853,102.95291853
45,2,,quantum,precond_pen=0.700,0.7,True,1,0.004707,102.61089335,102.61089335
45,2,,quantum,precond_pen=0.700,0.7,True,2,0.004946,98.7766833,98.7766833
45,2,,quantum,precond_pen=0.700,0.7,True,3,0.005211,97.10999247,97.10999247
45,2,,quantum,precond_pen=0.700,0.7,True,4,0.005508,87.18365227,87.18365227
46,2,,quantum,baseline,,True,0,0.00011,93.48682256,93.48682256
46,2,,quantum,baseline,,True,1,0.003955,91.17570095,91.17570095
46,2,,quantum,baseline,,True,2,0.004188,90.23763227,90.23763227
46,2,,quantum,baseline,,True,3,0.004526,78.00730447,78.00730447
46,2,,quantum,precond_pen=0.200,0.2,True,0,0.000111,93.48682256,93.48682256
46,2,,quantum,precond_pen=0.200,0.2,True,1,0.00526,86.80929192,86.80929192
46,2,,quantum,precond_pen=0.200,0.2,True,2,0.005802,79.40140694,79.40140694
46,2,,quantum,precond_pen=0.300,0.3,True,0,0.00011,93.48682256,93.48682256
46,2,,quantum,precond_pen=0.300,0.3,True,1,0.004545,85.59323898,85.59323898
46,2,,quantum,precond_pen=0.300,0.3,True,2,0.005063,79.11583178,79.11583178
46,2,,quantum,precond_pen=0.400,0.4,True,0,0.000109,93.48682256,93.48682256
46,2,,quantum,precond_pen=0.400,0.4,True,1,0.005125,88.03754012,88.03754012
46,2,,quantum,precond_pen=0.400,0.4,True,2,0.005621,88.35968134,88.03754012
46,2,,quantum,precond_pen=0.400,0.4,True,3,0.005912,78.51979691,78.51979691
46,2,,quantum,precond_pen=0.400,0.4,True,4,0.015126,78.0764059,78.0764059
46,2,,quantum,precond_pen=0.500,0.5,True,0,0.000109,93.48682256,93.48682256
46,2,,quantum,precond_pen=0.500,0.5,True,1,0.00442,91.72356424,91.72356424
46,2,,quantum,precond_pen=0.500,0.5,True,2,0.004657,91.17570095,91.17570095
46,2,,quantum,precond_pen=0.500,0.5,True,3,0.004887,90.1776521,90.1776521
46,2,,quantum,precond_pen=0.500,0.5,True,4,0.005114,78.25867029,78.25867029
46,2,,quantum,precond_pen=0.500,0.5,True,5,0.032698,78.0764059,78.0764059
46,2,,quantum,precond_pen=0.600,0.6,True,0,0.000113,93.48682256,93.48682256
46,2,,quantum,precond_pen=0.600,0.6,True,1,0.005077,87.43588332,87.43588332
46,2,,quantum,precond_pen=0.600,0.6,True,2,0.005678,78.25867029,78.25867029
46,2,,quantum,precond_pen=0.600,0.6,True,3,0.061208,78.0764059,78.0764059
46,2,,quantum,precond_pen=0.700,0.7,True,0,0.000109,93.48682256,93.48682256
46,2,,quantum,precond_pen=0.700,0.7,True,1,0.004844,86.59710837,86.59710837
46,2,,quantum,precond_pen=0.700,0.7,True,2,0.005478,78.25867029,78.25867029
46,2,,quantum,precond_pen=0.700,0.7,True,3,0.0664,78.0764059,78.0764059
47,2,,quantum,baseline,,True,0,0.00012,110.47216124,110.47216124
47,2,,quantum,baseline,,True,1,0.004657,105.60359554,105.60359554
47,2,,quantum,baseline,,True,2,0.004957,89.41175592,89.41175592
47,2,,quantum,precond_pen=0.200,0.2,True,0,0.00011,110.47216124,110.47216124
47,2,,quantum,precond_pen=0.200,0.2,True,1,0.005185,105.59363203,105.59363203
47,2,,quantum,precond_pen=0.200,0.2,True,2,0.00551,91.84414978,91.84414978
47,2,,quantum,precond_pen=0.300,0.3,True,0,0.000111,110.47216124,110.47216124
47,2,,quantum,precond_pen=0.300,0.3,True,1,0.004844,97.23712806,97.23712806
47,2,,quantum,precond_pen=0.300,0.3,True,2,0.005668,90.6678622,90.6678622
47,2,,quantum,precond_pen=0.300,0.3,True,3,0.016132,89.41175592,89.41175592
47,2,,quantum,precond_pen=0.400,0.4,True,0,0.000127,110.47216124,110.47216124
47,2,,quantum,precond_pen=0.400,0.4,True,1,0.004485,106.52672188,106.52672188
47,2,,quantum,precond_pen=0.400,0.4,True,2,0.005194,105.58319862,105.58319862
47,2,,quantum,precond_pen=0.400,0.4,True,3,0.005542,105.13241034,105.13241034
47,2,,quantum,precond_pen=0.400,0.4,True,4,0.005785,89.41175592,89.41175592
47,2,,quantum,precond_pen=0.500,0.5,True,0,0.000109,110.47216124,110.47216124
47,2,,quantum,precond_pen=0.500,0.5,True,1,0.004855,102.57476713,102.57476713
47,2,,quantum,precond_pen=0.500,0.5,True,2,0.005155,105.60359554,102.57476713
47,2,,quantum,precond_pen=0.500,0.5,True,3,0.005575,97.56497598,97.56497598
47,2,,quantum,precond_pen=0.500,0.5,True,4,0.005852,90.05303274,90.05303274
47,2,,quantum,precond_pen=0.500,0.5,True,5,0.068787,89.41175592,89.41175592
47,2,,quantum,precond_pen=0.600,0.6,True,0,0.000111,110.47216124,110.47216124
47,2,,quantum,precond_pen=0.600,0.6,True,1,0.00479,105.0880522,105.0880522
47,2,,quantum,precond_pen=0.600,0.6,True,2,0.005063,105.58319862,105.0880522
47,2,,quantum,precond_pen=0.600,0.6,True,3,0.005381,102.66989664,102.66989664
47,2,,quantum,precond_pen=0.600,0.6,True,4,0.005604,89.41175592,89.41175592
47,2,,quantum,precond_pen=0.700,0.7,True,0,0.00011,110.47216124,110.47216124
47,2,,quantum,precond_pen=0.700,0.7,True,1,0.005018,104.89196013,104.89196013
47,2,,quantum,precond_pen=0.700,0.7,True,2,0.005435,103.02187719,103.02187719
47,2,,quantum,precond_pen=0.700,0.7,True,3,0.005757,100.39786374,100.39786374
47,2,,quantum,precond_pen=0.700,0.7,True,4,0.006001,89.41175592,89.41175592
48,2,,quantum,baseline,,True,0,0.000111,96.43899889,96.43899889
48,2,,quantum,baseline,,True,1,0.004196,86.15627453,86.15627453
48,2,,quantum,precond_pen=0.200,0.2,True,0,0.000111,96.43899889,96.43899889
48,2,,quantum,precond_pen=0.200,0.2,True,1,0.005209,86.15627453,86.15627453
48,2,,quantum,precond_pen=0.300,0.3,True,0,0.000112,96.43899889,96.43899889
48,2,,quantum,precond_pen=0.300,0.3,True,1,0.005389,94.63962488,94.63962488
48,2,,quantum,precond_pen=0.300,0.3,True,2,0.006007,86.75105147,86.75105147
48,2,,quantum,precond_pen=0.300,0.3,True,3,0.015797,86.15627453,86.15627453
48,2,,quantum,precond_pen=0.400,0.4,True,0,0.000111,96.43899889,96.43899889
48,2,,quantum,precond_pen=0.400,0.4,True,1,0.005114,91.57276043,91.57276043
48,2,,quantum,precond_pen=0.400,0.4,True,2,0.005602,92.78858795,91.57276043
48,2,,quantum,precond_pen=0.400,0.4,True,3,0.005847,86.15627453,86.15627453
48,2,,quantum,precond_pen=0.500,0.5,True,0,0.000114,96.43899889,96.43899889
48,2,,quantum,precond_pen=0.500,0.5,True,1,0.005068,86.15627453,86.15627453
48,2,,quantum,precond_pen=0.600,0.6,True,0,0.000109,96.43899889,96.43899889
48,2,,quantum,precond_pen=0.600,0.6,True,1,0.005338,86.15627453,86.15627453
48,2,,quantum,precond_pen=0.700,0.7,True,0,0.000108,96.43899889,96.43899889
48,2,,quantum,precond_pen=0.700,0.7,True,1,0.005013,95.99945303,95.99945303
48,2,,quantum,precond_pen=0.700,0.7,True,2,0.005482,92.99289632,92.99289632
48,2,,quantum,precond_pen=0.700,0.7,True,3,0.005767,86.15627453,86.15627453
49,2,,quantum,baseline,,True,0,0.000113,98.5611487,98.5611487
49,2,,quantum,baseline,,True,1,0.004559,81.73893396,81.73893396
49,2,,quantum,precond_pen=0.200,0.2,True,0,0.000115,98.5611487,98.5611487
49,2,,quantum,precond_pen=0.200,0.2,True,1,0.005134,101.37512741,98.5611487
49,2,,quantum,precond_pen=0.200,0.2,True,2,0.005341,97.5674952,97.5674952
49,2,,quantum,precond_pen=0.200,0.2,True,3,0.005678,81.97865216,81.97865216
49,2,,quantum,precond_pen=0.300,0.3,True,0,0.000118,98.5611487,98.5611487
49,2,,quantum,precond_pen=0.300,0.3,True,1,0.004604,95.73465334,95.73465334
49,2,,quantum,precond_pen=0.300,0.3,True,2,0.004862,101.37512741,95.73465334
49,2,,quantum,precond_pen=0.300,0.3,True,3,0.005115,96.35084343,95.73465334
49,2,,quantum,precond_pen=0.300,0.3,True,4,0.005414,81.97865216,81.97865216
49,2,,quantum,precond_pen=0.400,0.4,True,0,0.000112,98.5611487,98.5611487
49,2,,quantum,precond_pen=0.400,0.4,True,1,0.004657,86.56475145,86.56475145
49,2,,quantum,precond_pen=0.400,0.4,True,2,0.005039,81.97865216,81.97865216
49,2,,quantum,precond_pen=0.500,0.5,True,0,0.000116,98.5611487,98.5611487
49,2,,quantum,precond_pen=0.500,0.5,True,1,0.005028,93.5149569,93.5149569
49,2,,quantum,precond_pen=0.500,0.5,True,2,0.005483,93.75128539,93.5149569
49,2,,quantum,precond_pen=0.500,0.5,True,3,0.005832,81.97865216,81.97865216
49,2,,quantum,precond_pen=0.600,0.6,True,0,0.000109,98.5611487,98.5611487
49,2,,quantum,precond_pen=0.600,0.6,True,1,0.004661,92.2095233,92.2095233
49,2,,quantum,precond_pen=0.600,0.6,True,2,0.005317,81.97865216,81.97865216
49,2,,quantum,precond_pen=0.700,0.7,True,0,0.000108,98.5611487,98.5611487
49,2,,quantum,precond_pen=0.700,0.7,True,1,0.005024,94.86133614,94.86133614
49,2,,quantum,precond_pen=0.700,0.7,True,2,0.005624,81.97865216,81.97865216
