name,n,objective_model,objective_baseline,penalty,mip_status,runtime_sec,time_to_best_sec,mip_gap,x_bits,z_bits,sum_z,presolve,trajectory,seed,preconditioner_family,layers,sweeps,data_root
baseline,24,130.1153685081999,130.11536850820013,,2,1.4057178497314453,0.008178949356079102,0.0,111001011110010101000001,+++--+-++++--+-+-+-----+,0,False,"[[0.000184, 151.31257109], [0.007097, 147.53358726], [0.007804, 142.88581991], [0.008179, 130.11536851]]",0,quantum,2,,/local/scratch/a/rames102/Gurobi_QP/one_equality/complete_random
precond_pen=0.200,24,-21.018289036906957,130.82748979169813,0.2,2,0.20184087753295898,0.004848957061767578,0.0,000110001001101010111110,---++---+--++-+-+-+++++-,0,False,"[[0.000135, 151.31257109], [0.003996, 143.25888673], [0.004849, 130.82748979]]",0,quantum,2,,/local/scratch/a/rames102/Gurobi_QP/one_equality/complete_random
precond_pen=0.300,24,-33.56334346171,130.82748979169813,0.3,2,0.039190053939819336,0.005407094955444336,0.0,000110001001101010111110,---++---+--++-+-+-+++++-,0,False,"[[0.000114, 151.31257109], [0.004612, 145.47820912], [0.005407, 130.82748979]]",0,quantum,2,,/local/scratch/a/rames102/Gurobi_QP/one_equality/complete_random
precond_pen=0.400,24,-24.400106701987006,130.82748979169813,0.4,2,0.15861296653747559,0.004700899124145508,0.0,000110001001101010111110,---++---+--++-+-+-+++++-,0,False,"[[0.000109, 151.31257109], [0.003767, 139.85231314], [0.004701, 130.82748979]]",0,quantum,2,,/local/scratch/a/rames102/Gurobi_QP/one_equality/complete_random
precond_pen=0.500,24,-17.918413205738005,130.82748979169813,0.5,2,0.16598796844482422,0.004508018493652344,0.0,111001110110010101000001,+++--+++-++--+-+-+-----+,0,False,"[[0.000113, 151.31257109], [0.003778, 144.00234798], [0.004073, 142.88581991], [0.004508, 130.82748979]]",0,quantum,2,,/local/scratch/a/rames102/Gurobi_QP/one_equality/complete_random
precond_pen=0.600,24,-13.324825808169994,130.82748979169813,0.6,2,0.16226911544799805,0.0050201416015625,0.0,000110001001101010111110,---++---+--++-+-+-+++++-,0,False,"[[0.000109, 151.31257109], [0.004061, 143.41766186], [0.00502, 130.82748979]]",0,quantum,2,,/local/scratch/a/rames102/Gurobi_QP/one_equality/complete_random
precond_pen=0.700,24,-9.999793992628003,130.11536850820013,0.7,2,0.17264103889465332,0.004606008529663086,0.0,000110100001101010111110,---++-+----++-+-+-+++++-,0,False,"[[0.000111, 151.31257109], [0.004251, 150.68441063], [0.004606, 130.11536851]]",0,quantum,2,,/local/scratch/a/rames102/Gurobi_QP/one_equality/complete_random
precond_pen=0.800,24,-7.7770039664820025,130.11536850820013,0.8,2,0.22102713584899902,0.004672050476074219,0.0,111001011110010101000001,+++--+-++++--+-+-+-----+,0,False,"[[0.000112, 151.31257109], [0.004672, 130.11536851]]",0,quantum,2,,/local/scratch/a/rames102/Gurobi_QP/one_equality/complete_random
precond_pen=1.000,24,-4.295173307088997,130.82748979169813,1.0,2,0.23262500762939453,0.004853963851928711,0.0,000110001001101010111110,---++---+--++-+-+-+++++-,0,False,"[[0.000112, 151.31257109], [0.003999, 140.47987071], [0.004854, 130.82748979]]",0,quantum,2,,/local/scratch/a/rames102/Gurobi_QP/one_equality/complete_random
baseline,24,121.02014177323395,121.0201417732341,,2,1.535362958908081,0.0038797855377197266,0.0,111011010101000000011101,+++-++-+-+-+-------+++-+,0,False,"[[0.000117, 151.85993202], [0.003598, 148.32766763], [0.00388, 121.02014177]]",1,quantum,2,,/local/scratch/a/rames102/Gurobi_QP/one_equality/complete_random
precond_pen=0.200,24,-18.165523822928044,121.03008842867203,0.2,2,0.25442004203796387,0.004469871520996094,0.0,000100101010101111110010,---+--+-+-+-+-++++++--+-,0,False,"[[0.000116, 151.85993202], [0.003622, 124.81120519], [0.00447, 121.03008843]]",1,quantum,2,,/local/scratch/a/rames102/Gurobi_QP/one_equality/complete_random
precond_pen=0.300,24,-25.497928955954997,121.03008842867203,0.3,2,0.08206415176391602,0.005212068557739258,0.0,111011010101010000001101,+++-++-+-+-+-+------++-+,0,False,"[[0.000112, 151.85993202], [0.004072, 134.42457945], [0.004512, 143.11929874], [0.004808, 134.23000207], [0.005212, 121.03008843]]",1,quantum,2,,/local/scratch/a/rames102/Gurobi_QP/one_equality/complete_random
precond_pen=0.400,24,-18.18874074747299,121.03008842867203,0.4,2,0.10677099227905273,0.0049839019775390625,0.0,000100101010101111110010,---+--+-+-+-+-++++++--+-,0,False,"[[0.00011, 151.85993202], [0.003717, 140.16458338], [0.004088, 144.00758003], [0.00437, 140.24213517], [0.004984, 121.03008843]]",1,quantum,2,,/local/scratch/a/rames102/Gurobi_QP/one_equality/complete_random
precond_pen=0.500,24,-13.467260821561009,121.03008842867203,0.5,2,0.11492109298706055,0.004952907562255859,0.0,000100101010101111110010,---+--+-+-+-+-++++++--+-,0,False,"[[0.00011, 151.85993202], [0.00375, 142.62579135], [0.004068, 145.33083729], [0.004335, 140.24213517], [0.004953, 121.03008843]]",1,quantum,2,,/local/scratch/a/rames102/Gurobi_QP/one_equality/complete_random
precond_pen=0.600,24,-9.943241613102005,121.03008842867203,0.6,2,0.16090011596679688,0.004966020584106445,0.0,000100101010101111110010,---+--+-+-+-+-++++++--+-,0,False,"[[0.00011, 151.85993202], [0.00408, 134.16595629], [0.004966, 121.03008843]]",1,quantum,2,,/local/scratch/a/rames102/Gurobi_QP/one_equality/complete_random
precond_pen=0.700,24,-7.510992718790998,121.03008842867203,0.7,2,0.12405610084533691,0.005181074142456055,0.0,111011010101010000001101,+++-++-+-+-+-+------++-+,0,False,"[[0.000109, 151.85993202], [0.00409, 135.84413545], [0.004613, 135.74296883], [0.005181, 121.03008843]]",1,quantum,2,,/local/scratch/a/rames102/Gurobi_QP/one_equality/complete_random
precond_pen=0.800,24,-5.91695919834201,121.03008842867203,0.8,2,0.20615410804748535,0.12962102890014648,0.0,000100101010101111110010,---+--+-+-+-+-++++++--+-,0,False,"[[0.000111, 151.85993202], [0.004213, 140.7444919], [0.004714, 139.77663081], [0.005348, 121.24790097], [0.129621, 121.03008843]]",1,quantum,2,,/local/scratch/a/rames102/Gurobi_QP/one_equality/complete_random
precond_pen=1.000,24,-2.4003656805750015,121.03008842867203,1.0,2,0.6022720336914062,0.005126953125,0.0,111011010101010000001101,+++-++-+-+-+-+------++-+,0,False,"[[0.000121, 151.85993202], [0.00401, 140.45234642], [0.004421, 139.77663081], [0.004713, 138.96083612], [0.005127, 121.03008843]]",1,quantum,2,,/local/scratch/a/rames102/Gurobi_QP/one_equality/complete_random
baseline,24,119.81107703246303,119.81107703246302,,2,4.265476942062378,0.004673004150390625,0.0,111110010011001000000111,+++++--+--++--+------+++,0,False,"[[0.000112, 146.89416462], [0.003482, 146.52662832], [0.003991, 145.34607912], [0.004319, 141.85119029], [0.004673, 119.81107703]]",2,quantum,2,,/local/scratch/a/rames102/Gurobi_QP/one_equality/complete_random
precond_pen=0.200,24,-18.280971262469016,120.53264177667508,0.2,2,0.1985790729522705,0.004951953887939453,0.0,111010010011001000100111,+++-+--+--++--+---+--+++,0,False,"[[0.000119, 146.89416462], [0.004034, 141.6601329], [0.004952, 120.53264178]]",2,quantum,2,,/local/scratch/a/rames102/Gurobi_QP/one_equality/complete_random
precond_pen=0.300,24,-22.37761030870999,120.04510978351907,0.3,2,0.1643509864807129,0.004940986633300781,0.0,111010010011001100000111,+++-+--+--++--++-----+++,0,False,"[[0.000114, 146.89416462], [0.003838, 136.98995982], [0.004549, 137.8291426], [0.004941, 120.04510978]]",2,quantum,2,,/local/scratch/a/rames102/Gurobi_QP/one_equality/complete_random
precond_pen=0.400,24,-16.742473045798,120.04510978351907,0.4,2,0.17314982414245605,0.005052804946899414,0.0,000101101100110011111000,---+-++-++--++--+++++---,0,False,"[[0.000111, 146.89416462], [0.004088, 131.33246555], [0.005053, 120.04510978]]",2,quantum,2,,/local/scratch/a/rames102/Gurobi_QP/one_equality/complete_random
precond_pen=0.500,24,-12.842257407909997,120.04510978351907,0.5,2,0.07184696197509766,0.00515294075012207,0.0,111010010011001100000111,+++-+--+--++--++-----+++,0,False,"[[0.000115, 146.89416462], [0.004033, 136.44965009], [0.004744, 135.63853059], [0.005153, 120.04510978]]",2,quantum,2,,/local/scratch/a/rames102/Gurobi_QP/one_equality/complete_random
precond_pen=0.600,24,-9.757817714233,120.04510978351907,0.6,2,0.07356095314025879,0.0051250457763671875,0.0,111010010011001100000111,+++-+--+--++--++-----+++,0,False,"[[0.000111, 146.89416462], [0.004212, 133.36430493], [0.005125, 120.04510978]]",2,quantum,2,,/local/scratch/a/rames102/Gurobi_QP/one_equality/complete_random
precond_pen=0.700,24,-7.492033310269003,120.04510978351907,0.7,2,0.09133505821228027,0.022016048431396484,0.0,111010010011001100000111,+++-+--+--++--++-----+++,0,False,"[[0.000114, 146.89416462], [0.004388, 139.76582782], [0.00508, 138.18329454], [0.005416, 121.36688993], [0.02168, 120.40661694], [0.022016, 120.04510978]]",2,quantum,2,,/local/scratch/a/rames102/Gurobi_QP/one_equality/complete_random
precond_pen=0.800,24,-5.9423755429690015,120.04510978351907,0.8,2,0.12069320678710938,0.00510406494140625,0.0,111010010011001100000111,+++-+--+--++--++-----+++,0,False,"[[0.00011, 146.89416462], [0.004558, 136.86523607], [0.005104, 120.04510978]]",2,quantum,2,,/local/scratch/a/rames102/Gurobi_QP/one_equality/complete_random
precond_pen=1.000,24,-3.005770903452998,119.81107703246302,1.0,2,0.501776933670044,0.004794120788574219,0.0,111110010011001000000111,+++++--+--++--+------+++,0,False,"[[0.000119, 146.89416462], [0.003962, 130.31995956], [0.004794, 119.81107703]]",2,quantum,2,,/local/scratch/a/rames102/Gurobi_QP/one_equality/complete_random
baseline,24,125.62957739668596,125.62957739668624,,2,1.5623421669006348,0.004220008850097656,0.0,010101001111000001100111,-+-+-+--++++-----++--+++,0,False,"[[0.00012, 146.3517384], [0.003128, 141.44536594], [0.003806, 141.21821994], [0.00422, 125.6295774]]",3,quantum,2,,/local/scratch/a/rames102/Gurobi_QP/one_equality/complete_random
precond_pen=0.200,24,-20.274015605443044,125.62957739668624,0.2,2,0.19599699974060059,0.026232004165649414,0.0,101010110000111110011000,+-+-+-++----+++++--++---,0,False,"[[0.000115, 146.3517384], [0.003571, 145.3547421], [0.004354, 136.88983418], [0.004873, 128.65870776], [0.026232, 125.6295774]]",3,quantum,2,,/local/scratch/a/rames102/Gurobi_QP/one_equality/complete_random
precond_pen=0.300,24,-29.162095483666004,125.62957739668624,0.3,2,0.10573506355285645,0.004875898361206055,0.0,010101001111000001100111,-+-+-+--++++-----++--+++,0,False,"[[0.000115, 146.3517384], [0.003814, 145.53476189], [0.004107, 147.15719371], [0.004414, 140.29462009], [0.004876, 125.6295774]]",3,quantum,2,,/local/scratch/a/rames102/Gurobi_QP/one_equality/complete_random
precond_pen=0.400,24,-21.331533126124,125.62957739668624,0.4,2,0.112152099609375,0.0051860809326171875,0.0,101010110000111110011000,+-+-+-++----+++++--++---,0,False,"[[0.000113, 146.3517384], [0.004051, 140.44287394], [0.004498, 137.04430706], [0.004772, 137.27797658], [0.005186, 125.6295774]]",3,quantum,2,,/local/scratch/a/rames102/Gurobi_QP/one_equality/complete_random
precond_pen=0.500,24,-15.776903536167984,125.62957739668624,0.5,2,0.059721946716308594,0.02185797691345215,0.0,101010110000111110011000,+-+-+-++----+++++--++---,0,False,"[[0.000111, 146.3517384], [0.004092, 144.88678077], [0.004429, 126.61297016], [0.021858, 125.6295774]]",3,quantum,2,,/local/scratch/a/rames102/Gurobi_QP/one_equality/complete_random
precond_pen=0.600,24,-11.538361730103004,125.62957739668624,0.6,2,0.08231782913208008,0.004639863967895508,0.0,101010110000111110011000,+-+-+-++----+++++--++---,0,False,"[[0.000108, 146.3517384], [0.004152, 140.37040348], [0.00464, 125.6295774]]",3,quantum,2,,/local/scratch/a/rames102/Gurobi_QP/one_equality/complete_random
precond_pen=0.700,24,-8.615517831400995,125.62957739668624,0.7,2,0.07996296882629395,0.00534510612487793,0.0,010101001111000001100111,-+-+-+--++++-----++--+++,0,False,"[[0.000115, 146.3517384], [0.004244, 140.41574749], [0.004619, 141.99555184], [0.004909, 140.97321076], [0.005345, 125.6295774]]",3,quantum,2,,/local/scratch/a/rames102/Gurobi_QP/one_equality/complete_random
precond_pen=0.800,24,-4.855884395424008,125.62957739668624,0.8,2,0.10864686965942383,0.005143880844116211,0.0,101010110000111110011000,+-+-+-++----+++++--++---,0,False,"[[0.00011, 146.3517384], [0.004072, 143.68540392], [0.004411, 144.12851781], [0.004683, 139.794804], [0.005144, 125.6295774]]",3,quantum,2,,/local/scratch/a/rames102/Gurobi_QP/one_equality/complete_random
precond_pen=1.000,24,-1.7731515517919991,125.62957739668624,1.0,2,0.6213178634643555,0.0052030086517333984,0.0,010101001111000001100111,-+-+-+--++++-----++--+++,0,False,"[[0.000109, 146.3517384], [0.004736, 142.33143616], [0.005203, 125.6295774]]",3,quantum,2,,/local/scratch/a/rames102/Gurobi_QP/one_equality/complete_random
baseline,24,137.49819129224997,137.4981912922501,,2,1.6862459182739258,0.45714807510375977,0.0,110100110101001101010100,++-+--++-+-+--++-+-+-+--,0,False,"[[0.000123, 163.78368209], [0.003491, 160.20613068], [0.003777, 159.99175187], [0.00408, 158.62010923], [0.004355, 141.19074867], [0.063407, 139.73777453], [0.408704, 139.07910577], [0.457148, 137.49819129]]",4,quantum,2,,/local/scratch/a/rames102/Gurobi_QP/one_equality/complete_random
precond_pen=0.200,24,-8.330668379742974,137.4981912922501,0.2,2,0.416201114654541,0.3659520149230957,0.0,110100110101001101010100,++-+--++-+-+--++-+-+-+--,0,False,"[[0.000117, 163.78368209], [0.003481, 160.20613068], [0.003757, 159.99175187], [0.004037, 157.2367801], [0.004326, 140.98658577], [0.365952, 137.49819129]]",4,quantum,2,,/local/scratch/a/rames102/Gurobi_QP/one_equality/complete_random
precond_pen=0.300,24,-22.921517977041006,137.4981912922501,0.3,2,0.12000703811645508,0.004960060119628906,0.0,001011001010110010101011,--+-++--+-+-++--+-+-+-++,0,False,"[[0.00011, 163.78368209], [0.003943, 155.2869547], [0.004625, 152.64208958], [0.00496, 137.49819129]]",4,quantum,2,,/local/scratch/a/rames102/Gurobi_QP/one_equality/complete_random
precond_pen=0.400,24,-17.838785834428997,137.4981912922501,0.4,2,0.0648961067199707,0.004991054534912109,0.0,001011001010110010101011,--+-++--+-+-++--+-+-+-++,0,False,"[[0.000122, 163.78368209], [0.003931, 161.36820137], [0.004204, 160.20613068], [0.00448, 155.47156299], [0.004991, 137.49819129]]",4,quantum,2,,/local/scratch/a/rames102/Gurobi_QP/one_equality/complete_random
precond_pen=0.500,24,-13.645255289858998,137.4981912922501,0.5,2,0.06888008117675781,0.06857109069824219,0.0,001011001010110010101011,--+-++--+-+-++--+-+-+-++,0,False,"[[0.000111, 163.78368209], [0.004278, 156.50206899], [0.004872, 153.85025834], [0.005208, 140.84386566], [0.023291, 139.73777453], [0.066582, 137.49819129], [0.068571, 137.49819129]]",4,quantum,2,,/local/scratch/a/rames102/Gurobi_QP/one_equality/complete_random
precond_pen=0.600,24,-10.380773123550002,137.4981912922501,0.6,2,0.07283401489257812,0.0051419734954833984,0.0,001011001010110010101011,--+-++--+-+-++--+-+-+-++,0,False,"[[0.000109, 163.78368209], [0.004145, 154.03929856], [0.004805, 147.76402675], [0.005142, 137.49819129]]",4,quantum,2,,/local/scratch/a/rames102/Gurobi_QP/one_equality/complete_random
precond_pen=0.700,24,-7.950930624062995,137.4981912922501,0.7,2,0.06904387474060059,0.005177021026611328,0.0,001011001010110010101011,--+-++--+-+-++--+-+-+-++,0,False,"[[0.00012, 163.78368209], [0.004232, 156.26269013], [0.004831, 152.34775938], [0.005177, 137.49819129]]",4,quantum,2,,/local/scratch/a/rames102/Gurobi_QP/one_equality/complete_random
precond_pen=0.800,24,-3.4440650747340005,137.4981912922501,0.8,2,0.3743269443511963,0.37370991706848145,0.0,110100110101001101010100,++-+--++-+-+--++-+-+-+--,0,False,"[[0.000111, 163.78368209], [0.00432, 157.44474439], [0.004622, 156.75108665], [0.004889, 149.42639782], [0.005152, 142.10892791], [0.022906, 139.95768795], [0.372525, 137.49819129], [0.37371, 137.49819129]]",4,quantum,2,,/local/scratch/a/rames102/Gurobi_QP/one_equality/complete_random
precond_pen=1.000,24,-1.8439303893170003,137.4981912922501,1.0,2,0.7064168453216553,0.7054600715637207,0.0,110100110101001101010100,++-+--++-+-+--++-+-+-+--,0,False,"[[0.000121, 163.78368209], [0.00466, 154.99484284], [0.005023, 139.73777453], [0.590318, 139.07910577], [0.684315, 137.49819129], [0.70546, 137.49819129]]",4,quantum,2,,/local/scratch/a/rames102/Gurobi_QP/one_equality/complete_random
baseline,24,120.608873588076,120.60887358807578,,2,4.6607561111450195,4.659451961517334,0.0,010011111011000001001011,-+--+++++-++-----+--+-++,0,False,"[[0.000112, 139.48194045], [0.003601, 122.92375639], [0.06386, 122.69803831], [0.40015, 120.73168228], [0.400263, 120.60887359], [4.659452, 120.60887359]]",5,quantum,2,,/local/scratch/a/rames102/Gurobi_QP/one_equality/complete_random
precond_pen=0.200,24,-15.007498629978018,123.949326512906,0.2,2,0.23379206657409668,0.024470090866088867,0.0,010011111011001001001010,-+--+++++-++--+--+--+-+-,0,False,"[[0.000117, 139.48194045], [0.004192, 139.69117767], [0.005042, 123.66125061], [0.02447, 123.94932651]]",5,quantum,2,,/local/scratch/a/rames102/Gurobi_QP/one_equality/complete_random
precond_pen=0.300,24,-20.103695337232,120.60887358807578,0.3,2,0.10953617095947266,0.004701137542724609,0.0,101100000100111110110100,+-++-----+--+++++-++-+--,0,False,"[[0.000121, 139.48194045], [0.003692, 136.13023475], [0.003993, 137.82728957], [0.004272, 133.1182637], [0.004701, 120.60887359]]",5,quantum,2,,/local/scratch/a/rames102/Gurobi_QP/one_equality/complete_random
precond_pen=0.400,24,-14.952849799571007,120.60887358807578,0.4,2,0.06958603858947754,0.004781961441040039,0.0,101100000100111110110100,+-++-----+--+++++-++-+--,0,False,"[[0.000109, 139.48194045], [0.003938, 127.50905139], [0.004782, 120.60887359]]",5,quantum,2,,/local/scratch/a/rames102/Gurobi_QP/one_equality/complete_random
precond_pen=0.500,24,-11.52211809861499,120.60887358807578,0.5,2,0.08145999908447266,0.02117180824279785,0.0,101100000100111110110100,+-++-----+--+++++-++-+--,0,False,"[[0.000116, 139.48194045], [0.003854, 137.30543269], [0.004179, 123.02970729], [0.021172, 120.60887359]]",5,quantum,2,,/local/scratch/a/rames102/Gurobi_QP/one_equality/complete_random
precond_pen=0.600,24,-8.771307868932999,120.60887358807578,0.6,2,0.08604192733764648,0.005384922027587891,0.0,101100000100111110110100,+-++-----+--+++++-++-+--,0,False,"[[0.00011, 139.48194045], [0.004206, 136.81474602], [0.004993, 133.42768566], [0.005385, 120.60887359]]",5,quantum,2,,/local/scratch/a/rames102/Gurobi_QP/one_equality/complete_random
precond_pen=0.700,24,-6.763580667835994,120.60887358807578,0.7,2,0.1369178295135498,0.1365950107574463,0.0,010011111011000001001011,-+--+++++-++-----+--+-++,0,False,"[[0.000117, 139.48194045], [0.004387, 135.72211728], [0.004688, 137.82728957], [0.005, 137.74558041], [0.005357, 122.58163614], [0.023212, 122.24287604], [0.135359, 120.60887359], [0.136595, 120.60887359]]",5,quantum,2,,/local/scratch/a/rames102/Gurobi_QP/one_equality/complete_random
precond_pen=0.800,24,-4.350279570644993,120.60887358807578,0.8,2,0.5147089958190918,0.5140550136566162,0.0,101100000100111110110100,+-++-----+--+++++-++-+--,0,False,"[[0.000111, 139.48194045], [0.004091, 131.73287526], [0.004674, 131.21021913], [0.005046, 121.75975396], [0.506348, 120.60887359], [0.514055, 120.60887359]]",5,quantum,2,,/local/scratch/a/rames102/Gurobi_QP/one_equality/complete_random
precond_pen=1.000,24,-3.797945784355001,120.60887358807578,1.0,2,0.4269139766693115,0.4262809753417969,0.0,101100000100111110110100,+-++-----+--+++++-++-+--,0,False,"[[0.000113, 139.48194045], [0.004921, 137.24420748], [0.005363, 122.66582375], [0.419278, 120.73168228], [0.419402, 120.60887359], [0.426281, 120.60887359]]",5,quantum,2,,/local/scratch/a/rames102/Gurobi_QP/one_equality/complete_random
baseline,24,124.94988981299596,124.94988981299589,,2,0.9142639636993408,0.004199028015136719,0.0,100011001001101010110110,+---++--+--++-+-+-++-++-,0,False,"[[0.000116, 149.48860608], [0.003457, 149.45673148], [0.004199, 124.94988981]]",6,quantum,2,,/local/scratch/a/rames102/Gurobi_QP/one_equality/complete_random
precond_pen=0.200,24,-25.242317069739038,124.94988981299589,0.2,2,0.15044403076171875,0.005179166793823242,0.0,011100110110010101001001,-+++--++-++--+-+-+--+--+,0,False,"[[0.000114, 149.48860608], [0.004015, 144.86356092], [0.004491, 147.51009235], [0.005179, 124.94988981]]",6,quantum,2,,/local/scratch/a/rames102/Gurobi_QP/one_equality/complete_random
precond_pen=0.300,24,-36.283308999235004,125.02950679020599,0.3,2,0.03361105918884277,0.004456996917724609,0.0,100011001001101010111100,+---++--+--++-+-+-++++--,0,False,"[[0.00011, 149.48860608], [0.003552, 140.22797338], [0.004457, 125.02950679]]",6,quantum,2,,/local/scratch/a/rames102/Gurobi_QP/one_equality/complete_random
precond_pen=0.400,24,-25.38540834126101,125.02950679020599,0.4,2,0.13389992713928223,0.0046918392181396484,0.0,011100110110010101000011,-+++--++-++--+-+-+----++,0,False,"[[0.00012, 149.48860608], [0.003861, 137.57131089], [0.004692, 125.02950679]]",6,quantum,2,,/local/scratch/a/rames102/Gurobi_QP/one_equality/complete_random
precond_pen=0.500,24,-18.644746386602016,125.02950679020599,0.5,2,0.14681005477905273,0.004414081573486328,0.0,100011001001101010111100,+---++--+--++-+-+-++++--,0,False,"[[0.000114, 149.48860608], [0.004066, 147.20299381], [0.004414, 125.02950679]]",6,quantum,2,,/local/scratch/a/rames102/Gurobi_QP/one_equality/complete_random
precond_pen=0.600,24,-13.793620694285,125.02950679020599,0.6,2,0.14673495292663574,0.00568699836730957,0.0,100011001001101010111100,+---++--+--++-+-+-++++--,0,False,"[[0.00012, 149.48860608], [0.004214, 142.44261327], [0.00473, 141.26390527], [0.0053, 136.07817203], [0.005687, 125.02950679]]",6,quantum,2,,/local/scratch/a/rames102/Gurobi_QP/one_equality/complete_random
precond_pen=0.700,24,-10.310846716148994,125.02950679020599,0.7,2,0.16537213325500488,0.022388219833374023,0.0,011100110110010101000011,-+++--++-++--+-+-+----++,0,False,"[[0.000111, 149.48860608], [0.004616, 150.40327822], [0.005081, 133.09626501], [0.022297, 128.15864994], [0.022388, 125.02950679]]",6,quantum,2,,/local/scratch/a/rames102/Gurobi_QP/one_equality/complete_random
precond_pen=0.800,24,-1.9993432781480025,131.27602846928394,0.8,2,0.1507110595703125,0.004903078079223633,0.0,100011001000101010111110,+---++--+---+-+-+-+++++-,0,False,"[[0.000114, 149.48860608], [0.004055, 142.62403501], [0.004903, 131.27602847]]",6,quantum,2,,/local/scratch/a/rames102/Gurobi_QP/one_equality/complete_random
precond_pen=1.000,24,-1.8000266618879888,125.02950679020599,1.0,2,0.5629489421844482,0.00514984130859375,0.0,100011001001101010111100,+---++--+--++-+-+-++++--,0,False,"[[0.000111, 149.48860608], [0.004654, 147.14080033], [0.00515, 125.02950679]]",6,quantum,2,,/local/scratch/a/rames102/Gurobi_QP/one_equality/complete_random
baseline,24,121.48948729551492,121.48948729551489,,2,1.5833311080932617,0.33824610710144043,0.0,010001010101110011001110,-+---+-+-+-+++--++--+++-,0,False,"[[0.000119, 149.37512207], [0.003559, 121.97432066], [0.28308, 121.82306171], [0.338246, 121.4894873]]",7,quantum,2,,/local/scratch/a/rames102/Gurobi_QP/one_equality/complete_random
precond_pen=0.200,24,-17.926605153501015,122.36721345740497,0.2,2,0.2147068977355957,0.005300045013427734,0.0,010011010001110001001111,-+--++-+---+++---+--++++,0,False,"[[0.000117, 149.37512207], [0.00401, 153.92748666], [0.004489, 142.78572284], [0.004817, 144.4395575], [0.0053, 122.36721346]]",7,quantum,2,,/local/scratch/a/rames102/Gurobi_QP/one_equality/complete_random
precond_pen=0.300,24,-25.672674805003005,122.36721345740497,0.3,2,0.06172490119934082,0.004682064056396484,0.0,010011010001110001001111,-+--++-+---+++---+--++++,0,False,"[[0.00011, 149.37512207], [0.003852, 133.20925498], [0.004682, 122.36721346]]",7,quantum,2,,/local/scratch/a/rames102/Gurobi_QP/one_equality/complete_random
precond_pen=0.400,24,-18.705417488747003,122.36721345740497,0.4,2,0.1646740436553955,0.0047609806060791016,0.0,010011010001110001001111,-+--++-+---+++---+--++++,0,False,"[[0.000113, 149.37512207], [0.003783, 135.937748], [0.004761, 122.36721346]]",7,quantum,2,,/local/scratch/a/rames102/Gurobi_QP/one_equality/complete_random
precond_pen=0.500,24,-14.172093919347,121.82306171022498,0.5,2,0.13749313354492188,0.021857023239135742,0.0,101100101110001100110001,+-++--+-+++---++--++---+,0,False,"[[0.000109, 149.37512207], [0.003475, 141.48860475], [0.003781, 144.13095631], [0.00409, 139.99667352], [0.004522, 123.60264515], [0.021857, 121.82306171]]",7,quantum,2,,/local/scratch/a/rames102/Gurobi_QP/one_equality/complete_random
precond_pen=0.600,24,-10.681986800325987,121.82306171022498,0.6,2,0.1616230010986328,0.005204916000366211,0.0,010011010001110011001110,-+--++-+---+++--++--+++-,0,False,"[[0.000111, 149.37512207], [0.004001, 137.90837145], [0.004806, 136.53710181], [0.005205, 121.82306171]]",7,quantum,2,,/local/scratch/a/rames102/Gurobi_QP/one_equality/complete_random
precond_pen=0.700,24,-8.117792519691994,121.82306171022498,0.7,2,0.16755294799804688,0.022557973861694336,0.0,010011010001110011001110,-+--++-+---+++--++--+++-,0,False,"[[0.000121, 149.37512207], [0.003821, 137.64169503], [0.004744, 121.97432066], [0.022558, 121.82306171]]",7,quantum,2,,/local/scratch/a/rames102/Gurobi_QP/one_equality/complete_random
precond_pen=0.800,24,-6.394350819286995,121.48948729551489,0.8,2,0.20236706733703613,0.10205793380737305,3.1277607875033216e-07,010001010101110011001110,-+---+-+-+-+++--++--+++-,0,False,"[[0.00011, 149.37512207], [0.003892, 143.59129426], [0.004229, 143.35913472], [0.00451, 137.23152511], [0.004845, 123.40355393], [0.021859, 121.97432066], [0.102058, 121.4894873]]",7,quantum,2,,/local/scratch/a/rames102/Gurobi_QP/one_equality/complete_random
precond_pen=1.000,24,-1.6877152988220026,121.48948729551489,1.0,2,0.696221113204956,0.016701936721801758,0.0,010001010101110011001110,-+---+-+-+-+++--++--+++-,0,False,"[[0.000112, 149.37512207], [0.0044, 130.71926407], [0.004657, 121.97432066], [0.016702, 121.4894873]]",7,quantum,2,,/local/scratch/a/rames102/Gurobi_QP/one_equality/complete_random
baseline,24,121.31159902354509,121.3115990235448,,2,4.482728958129883,0.0651090145111084,0.0,111010001101010100011100,+++-+---++-+-+-+---+++--,0,False,"[[0.000126, 143.54497724], [0.004003, 121.40060679], [0.065109, 121.31159902]]",8,quantum,2,,/local/scratch/a/rames102/Gurobi_QP/one_equality/complete_random
precond_pen=0.200,24,-19.92976830057501,121.40060679440091,0.2,2,0.18087005615234375,0.005876064300537109,0.0,000100100110111011100011,---+--+--++-+++-+++---++,0,False,"[[0.000119, 143.54497724], [0.004936, 134.24824512], [0.005876, 121.40060679]]",8,quantum,2,,/local/scratch/a/rames102/Gurobi_QP/one_equality/complete_random
precond_pen=0.300,24,-24.918572093759003,121.40060679440091,0.3,2,0.05201292037963867,0.005110025405883789,0.0,111011011001000100011100,+++-++-++--+---+---+++--,0,False,"[[0.000116, 143.54497724], [0.00427, 135.13545646], [0.00511, 121.40060679]]",8,quantum,2,,/local/scratch/a/rames102/Gurobi_QP/one_equality/complete_random
precond_pen=0.400,24,-17.392319927580004,121.40060679440091,0.4,2,0.05668997764587402,0.021705150604248047,0.0,111011011001000100011100,+++-++-++--+---+---+++--,0,False,"[[0.000109, 143.54497724], [0.003928, 139.81423172], [0.00448, 135.88605224], [0.004954, 133.47683497], [0.00534, 121.31159902], [0.021705, 121.40060679]]",8,quantum,2,,/local/scratch/a/rames102/Gurobi_QP/one_equality/complete_random
precond_pen=0.500,24,-12.919285258555012,121.40060679440091,0.5,2,0.062127113342285156,0.004945039749145508,0.0,000100100110111011100011,---+--+--++-+++-+++---++,0,False,"[[0.00011, 143.54497724], [0.003899, 139.43237616], [0.004217, 139.85900143], [0.004516, 138.53026845], [0.004945, 121.40060679]]",8,quantum,2,,/local/scratch/a/rames102/Gurobi_QP/one_equality/complete_random
precond_pen=0.600,24,-9.625779571899,121.40060679440091,0.6,2,0.07385396957397461,0.004786014556884766,0.0,111011011001000100011100,+++-++-++--+---+---+++--,0,False,"[[0.000109, 143.54497724], [0.003866, 135.73856183], [0.004786, 121.40060679]]",8,quantum,2,,/local/scratch/a/rames102/Gurobi_QP/one_equality/complete_random
precond_pen=0.700,24,-7.341299881571999,121.40060679440091,0.7,2,0.08306503295898438,0.005362033843994141,0.0,000100100110111011100011,---+--+--++-+++-+++---++,0,False,"[[0.000109, 143.54497724], [0.00409, 139.83023015], [0.004592, 137.96265286], [0.004859, 136.60216433], [0.005362, 121.40060679]]",8,quantum,2,,/local/scratch/a/rames102/Gurobi_QP/one_equality/complete_random
precond_pen=0.800,24,-4.243318789290987,121.40060679440091,0.8,2,0.4491240978240967,0.019474029541015625,0.0,111011011001000100011100,+++-++-++--+---+---+++--,0,False,"[[0.000111, 143.54497724], [0.004121, 141.89944865], [0.004532, 123.1852154], [0.019474, 121.40060679]]",8,quantum,2,,/local/scratch/a/rames102/Gurobi_QP/one_equality/complete_random
precond_pen=1.000,24,-4.055639004082007,121.40060679440091,1.0,2,0.5373380184173584,0.0055048465728759766,0.0,000100100110111011100011,---+--+--++-+++-+++---++,0,False,"[[0.000111, 143.54497724], [0.004219, 138.98327621], [0.004686, 137.96265286], [0.004987, 136.10372048], [0.005505, 121.40060679]]",8,quantum,2,,/local/scratch/a/rames102/Gurobi_QP/one_equality/complete_random
baseline,24,129.87992976607495,129.8799297660751,,2,5.451432943344116,5.450377941131592,0.0,011110000110101011010100,-++++----++-+-+-++-+-+--,0,False,"[[0.000111, 151.73415711], [0.003483, 130.03977138], [3.515281, 129.91584217], [3.815502, 129.87992977], [5.450378, 129.87992977]]",9,quantum,2,,/local/scratch/a/rames102/Gurobi_QP/one_equality/complete_random
precond_pen=0.200,24,-13.043858104643945,132.2765572950848,0.2,2,0.3338921070098877,0.004734992980957031,0.0,100011001100010110101011,+---++--++---+-++-+-+-++,0,False,"[[0.000117, 151.73415711], [0.00385, 138.3668214], [0.004735, 132.2765573]]",9,quantum,2,,/local/scratch/a/rames102/Gurobi_QP/one_equality/complete_random
precond_pen=0.300,24,-22.096693104101995,132.2765572950848,0.3,2,0.16538095474243164,0.004481792449951172,0.0,100011001100010110101011,+---++--++---+-++-+-+-++,0,False,"[[0.000113, 151.73415711], [0.003569, 146.22678142], [0.003841, 145.39022187], [0.004136, 144.87948309], [0.004482, 132.2765573]]",9,quantum,2,,/local/scratch/a/rames102/Gurobi_QP/one_equality/complete_random
precond_pen=0.400,24,-15.807638557919006,132.2765572950848,0.4,2,0.2208690643310547,0.004951953887939453,0.0,100011001100010110101011,+---++--++---+-++-+-+-++,0,False,"[[0.000116, 151.73415711], [0.003831, 145.35576289], [0.004107, 145.39022187], [0.004555, 137.28887615], [0.004952, 132.2765573]]",9,quantum,2,,/local/scratch/a/rames102/Gurobi_QP/one_equality/complete_random
precond_pen=0.500,24,-11.894504824834998,130.49566905331508,0.5,2,0.18941903114318848,0.18904685974121094,0.0,100011001010001111011010,+---++--+-+---++++-++-+-,0,False,"[[0.000111, 151.73415711], [0.003967, 145.14383674], [0.004431, 144.08272228], [0.00489, 139.59006665], [0.005286, 130.71153142], [0.182019, 130.49566905], [0.189047, 130.49566905]]",9,quantum,2,,/local/scratch/a/rames102/Gurobi_QP/one_equality/complete_random
precond_pen=0.600,24,-9.035458158056993,130.49566905331508,0.6,2,0.232374906539917,0.2317500114440918,0.0,011100110101110000100101,-+++--++-+-+++----+--+-+,0,False,"[[0.000115, 151.73415711], [0.003902, 140.63934527], [0.004515, 137.28887615], [0.004857, 130.71153142], [0.19891, 130.03977138], [0.208545, 130.49566905], [0.23175, 130.49566905]]",9,quantum,2,,/local/scratch/a/rames102/Gurobi_QP/one_equality/complete_random
precond_pen=0.700,24,-6.946413952220999,130.0397713842231,0.7,2,0.3237040042877197,0.021945953369140625,0.0,100001001010001111111010,+----+--+-+---+++++++-+-,0,False,"[[0.000115, 151.73415711], [0.00402, 148.79574046], [0.004283, 145.39022187], [0.004581, 144.92225765], [0.005094, 130.71153142], [0.021946, 130.03977138]]",9,quantum,2,,/local/scratch/a/rames102/Gurobi_QP/one_equality/complete_random
precond_pen=0.800,24,-4.259763470814006,129.8799297660751,0.8,2,0.4716150760650635,0.4709939956665039,0.0,011110000110101011010100,-++++----++-+-+-++-+-+--,0,False,"[[0.000111, 151.73415711], [0.004159, 147.45433061], [0.004427, 145.39022187], [0.004725, 143.38191651], [0.005219, 130.71153142], [0.463721, 129.87992977], [0.470994, 129.87992977]]",9,quantum,2,,/local/scratch/a/rames102/Gurobi_QP/one_equality/complete_random
precond_pen=1.000,24,-2.786826987981991,129.8799297660751,1.0,2,0.5817899703979492,0.0054399967193603516,0.0,100001111001010100101011,+----++++--+-+-+--+-+-++,0,False,"[[0.000115, 151.73415711], [0.004414, 142.22552454], [0.005012, 141.1351989], [0.00544, 129.87992977]]",9,quantum,2,,/local/scratch/a/rames102/Gurobi_QP/one_equality/complete_random
baseline,24,118.76675420807803,118.76675420807787,,2,1.150343894958496,0.0644998550415039,0.0,011000101101000111110100,-++---+-++-+---+++++-+--,0,False,"[[0.000113, 141.22609529], [0.003232, 140.34509419], [0.003459, 139.70773487], [0.003856, 120.47532321], [0.0645, 118.76675421]]",10,quantum,2,,/local/scratch/a/rames102/Gurobi_QP/one_equality/complete_random
precond_pen=0.200,24,-19.81083955239798,118.76675420807787,0.2,2,0.19610309600830078,0.004930973052978516,0.0,011000101101000111110100,-++---+-++-+---+++++-+--,0,False,"[[0.000125, 141.22609529], [0.004006, 137.23836322], [0.004931, 118.76675421]]",10,quantum,2,,/local/scratch/a/rames102/Gurobi_QP/one_equality/complete_random
precond_pen=0.300,24,-27.160847583068,118.76675420807787,0.3,2,0.05323910713195801,0.004910945892333984,0.0,011000101101000111110100,-++---+-++-+---+++++-+--,0,False,"[[0.000113, 141.22609529], [0.004027, 132.40565891], [0.004911, 118.76675421]]",10,quantum,2,,/local/scratch/a/rames102/Gurobi_QP/one_equality/complete_random
precond_pen=0.400,24,-19.554449487369993,118.76675420807787,0.4,2,0.051280975341796875,0.0049550533294677734,0.0,011000101101000111110100,-++---+-++-+---+++++-+--,0,False,"[[0.000109, 141.22609529], [0.004127, 133.42758603], [0.004955, 118.76675421]]",10,quantum,2,,/local/scratch/a/rames102/Gurobi_QP/one_equality/complete_random
precond_pen=0.500,24,-14.685983820683006,118.76675420807787,0.5,2,0.0506138801574707,0.0043070316314697266,0.0,011000101101000111110100,-++---+-++-+---+++++-+--,0,False,"[[0.000122, 141.22609529], [0.003955, 140.96641602], [0.004307, 118.76675421]]",10,quantum,2,,/local/scratch/a/rames102/Gurobi_QP/one_equality/complete_random
precond_pen=0.600,24,-10.868061418499996,118.76675420807787,0.6,2,0.0582270622253418,0.020188093185424805,0.0,011000101101000111110100,-++---+-++-+---+++++-+--,0,False,"[[0.00011, 141.22609529], [0.003843, 135.27813633], [0.004674, 120.47532321], [0.020188, 118.76675421]]",10,quantum,2,,/local/scratch/a/rames102/Gurobi_QP/one_equality/complete_random
precond_pen=0.700,24,-8.172840495152988,118.76675420807787,0.7,2,0.0646669864654541,0.022490978240966797,0.0,011000101101000111110100,-++---+-++-+---+++++-+--,0,False,"[[0.00011, 141.22609529], [0.00391, 135.61034719], [0.004868, 121.28217353], [0.021574, 120.47532321], [0.022491, 118.76675421]]",10,quantum,2,,/local/scratch/a/rames102/Gurobi_QP/one_equality/complete_random
precond_pen=0.800,24,-6.4057257575459925,118.76675420807787,0.8,2,0.1005401611328125,0.10022807121276855,0.0,011000101101000111110100,-++---+-++-+---+++++-+--,0,False,"[[0.00011, 141.22609529], [0.004171, 136.33115849], [0.004785, 137.45653031], [0.005202, 120.47532321], [0.021914, 119.9979703], [0.098137, 118.76675421], [0.100228, 118.76675421]]",10,quantum,2,,/local/scratch/a/rames102/Gurobi_QP/one_equality/complete_random
precond_pen=1.000,24,-2.592044747095004,118.76675420807787,1.0,2,0.5876247882843018,0.00529789924621582,0.0,100111010010111000001011,+--+++-+--+-+++-----+-++,0,False,"[[0.000112, 141.22609529], [0.004794, 137.21097423], [0.005298, 118.76675421]]",10,quantum,2,,/local/scratch/a/rames102/Gurobi_QP/one_equality/complete_random
baseline,24,114.27743181760898,114.27743181760884,,2,1.6416959762573242,0.537376880645752,0.0,100101101100001101111000,+--+-++-++----++-++++---,0,False,"[[0.00012, 147.29621742], [0.003462, 138.70892604], [0.003942, 135.23818456], [0.004404, 116.15788002], [0.505228, 115.13893148], [0.537377, 114.27743182]]",11,quantum,2,,/local/scratch/a/rames102/Gurobi_QP/one_equality/complete_random
precond_pen=0.200,24,-19.341193387934002,115.13893148031092,0.2,2,0.19273710250854492,0.19214296340942383,0.0,101101101100001101011000,+-++-++-++----++-+-++---,0,False,"[[0.000112, 147.29621742], [0.003757, 132.79184233], [0.004408, 131.43136717], [0.004763, 117.41060766], [0.190438, 115.13893148], [0.192143, 115.13893148]]",11,quantum,2,,/local/scratch/a/rames102/Gurobi_QP/one_equality/complete_random
precond_pen=0.300,24,-23.111032107737,115.13893148031092,0.3,2,0.14967703819274902,0.004931211471557617,0.0,010010010011110010100111,-+--+--+--++++--+-+--+++,0,False,"[[0.000112, 147.29621742], [0.003912, 128.94715453], [0.004486, 128.67327343], [0.004931, 115.13893148]]",11,quantum,2,,/local/scratch/a/rames102/Gurobi_QP/one_equality/complete_random
precond_pen=0.400,24,-17.570793196590003,114.27743181760884,0.4,2,0.1677839756011963,0.16724586486816406,0.0,100101101100001101111000,+--+-++-++----++-++++---,0,False,"[[0.000115, 147.29621742], [0.004011, 129.31706474], [0.004587, 128.67327343], [0.004948, 117.41060766], [0.166942, 114.27743182], [0.167246, 114.27743182]]",11,quantum,2,,/local/scratch/a/rames102/Gurobi_QP/one_equality/complete_random
precond_pen=0.500,24,-13.666217473313997,114.27743181760884,0.5,2,0.17842793464660645,0.17785096168518066,0.0,100101101100001101111000,+--+-++-++----++-++++---,0,False,"[[0.000112, 147.29621742], [0.00391, 134.30388993], [0.004231, 139.84554519], [0.004689, 124.8831049], [0.005077, 116.48293268], [0.177531, 114.27743182], [0.177851, 114.27743182]]",11,quantum,2,,/local/scratch/a/rames102/Gurobi_QP/one_equality/complete_random
precond_pen=0.600,24,-10.416095477793,114.27743181760884,0.6,2,0.204697847366333,0.005172014236450195,0.0,011010010011110010000111,-++-+--+--++++--+----+++,0,False,"[[0.00011, 147.29621742], [0.004097, 132.46045713], [0.004573, 133.57376726], [0.004844, 129.7932652], [0.005172, 114.27743182]]",11,quantum,2,,/local/scratch/a/rames102/Gurobi_QP/one_equality/complete_random
precond_pen=0.700,24,-8.028740621632993,114.27743181760884,0.7,2,0.16850686073303223,0.005012989044189453,0.0,100101101100001101111000,+--+-++-++----++-++++---,0,False,"[[0.000114, 147.29621742], [0.004146, 130.29434727], [0.005013, 114.27743182]]",11,quantum,2,,/local/scratch/a/rames102/Gurobi_QP/one_equality/complete_random
precond_pen=0.800,24,-0.6757174432759998,117.77273726751493,0.8,2,0.21631979942321777,0.004562854766845703,0.0,101101101100000101111000,+-++-++-++-----+-++++---,0,False,"[[0.000109, 147.29621742], [0.003698, 134.82266766], [0.003934, 139.69962736], [0.004563, 117.77273727]]",11,quantum,2,,/local/scratch/a/rames102/Gurobi_QP/one_equality/complete_random
precond_pen=1.000,24,-4.462237668134996,114.27743181760884,1.0,2,0.26354098320007324,0.005903959274291992,0.0,011010010011110010000111,-++-+--+--++++--+----+++,0,False,"[[0.000111, 147.29621742], [0.004463, 136.73063657], [0.004893, 135.23818456], [0.005347, 128.85601015], [0.005904, 114.27743182]]",11,quantum,2,,/local/scratch/a/rames102/Gurobi_QP/one_equality/complete_random
baseline,24,125.40906973635609,125.40906973635619,,2,1.6604011058807373,0.06393218040466309,0.0,001010110001110111001100,--+-+-++---+++-+++--++--,0,False,"[[0.000116, 141.70885495], [0.003579, 140.25248871], [0.003797, 126.80153206], [0.063932, 125.40906974]]",12,quantum,2,,/local/scratch/a/rames102/Gurobi_QP/one_equality/complete_random
precond_pen=0.200,24,-17.02912410869602,125.40906973635619,0.2,2,0.24879193305969238,0.004714012145996094,0.0,110101001110001000110011,++-+-+--+++---+---++--++,0,False,"[[0.000113, 141.70885495], [0.003903, 138.67186015], [0.004237, 138.9704107], [0.004714, 125.40906974]]",12,quantum,2,,/local/scratch/a/rames102/Gurobi_QP/one_equality/complete_random
precond_pen=0.300,24,-25.870944383229997,125.40906973635619,0.3,2,0.1394810676574707,0.004758119583129883,0.0,110101001110001000110011,++-+-+--+++---+---++--++,0,False,"[[0.000118, 141.70885495], [0.003893, 140.1508681], [0.004215, 138.9704107], [0.004758, 125.40906974]]",12,quantum,2,,/local/scratch/a/rames102/Gurobi_QP/one_equality/complete_random
precond_pen=0.400,24,-19.368746191838007,125.40906973635619,0.4,2,0.056244850158691406,0.004658937454223633,0.0,110101001110001000110011,++-+-+--+++---+---++--++,0,False,"[[0.000112, 141.70885495], [0.003712, 139.30164082], [0.004659, 125.40906974]]",12,quantum,2,,/local/scratch/a/rames102/Gurobi_QP/one_equality/complete_random
precond_pen=0.500,24,-14.884270315080991,125.40906973635619,0.5,2,0.06647801399230957,0.005074024200439453,0.0,110101001110001000110011,++-+-+--+++---+---++--++,0,False,"[[0.000114, 141.70885495], [0.003972, 142.68821043], [0.004295, 138.9704107], [0.004568, 133.09036654], [0.005074, 125.40906974]]",12,quantum,2,,/local/scratch/a/rames102/Gurobi_QP/one_equality/complete_random
precond_pen=0.600,24,-11.296773641119001,125.40906973635619,0.6,2,0.09930300712585449,0.022992849349975586,0.0,110101001110001000110011,++-+-+--+++---+---++--++,0,False,"[[0.000114, 141.70885495], [0.003987, 136.74415623], [0.004647, 138.08790133], [0.004913, 126.80153206], [0.022993, 125.40906974]]",12,quantum,2,,/local/scratch/a/rames102/Gurobi_QP/one_equality/complete_random
precond_pen=0.700,24,-8.609726211122005,125.40906973635619,0.7,2,0.10268902778625488,0.024692058563232422,0.0,110101001110001000110011,++-+-+--+++---+---++--++,0,False,"[[0.000111, 141.70885495], [0.004305, 140.20618572], [0.004619, 138.9704107], [0.005016, 136.87073685], [0.005433, 126.80153206], [0.024692, 125.40906974]]",12,quantum,2,,/local/scratch/a/rames102/Gurobi_QP/one_equality/complete_random
precond_pen=0.800,24,-6.761760083351,125.40906973635619,0.8,2,0.0968790054321289,0.004969120025634766,0.0,110101001110001000110011,++-+-+--+++---+---++--++,0,False,"[[0.000109, 141.70885495], [0.004464, 138.47670897], [0.004969, 125.40906974]]",12,quantum,2,,/local/scratch/a/rames102/Gurobi_QP/one_equality/complete_random
precond_pen=1.000,24,-2.5485007502079924,125.40906973635619,1.0,2,0.6187379360198975,0.6179258823394775,0.0,001010110001110111001100,--+-+-++---+++-+++--++--,0,False,"[[0.000111, 141.70885495], [0.004772, 140.29756165], [0.005075, 128.02993043], [0.019283, 126.80153206], [0.53034, 125.40906974], [0.617926, 125.40906974]]",12,quantum,2,,/local/scratch/a/rames102/Gurobi_QP/one_equality/complete_random
baseline,24,128.04737140866698,128.04737140866703,,2,1.3264169692993164,0.003907918930053711,0.0,111100010110000110011100,++++---+-++----++--+++--,0,False,"[[0.00012, 149.73360048], [0.00311, 143.17078969], [0.003401, 141.27753143], [0.003908, 128.04737141]]",13,quantum,2,,/local/scratch/a/rames102/Gurobi_QP/one_equality/complete_random
precond_pen=0.200,24,-14.813177292140978,128.78968095329108,0.2,2,0.249176025390625,0.02611517906188965,0.0,001011001100011001101011,--+-++--++---++--++-+-++,0,False,"[[0.000116, 149.73360048], [0.004, 143.89940655], [0.00492, 128.04737141], [0.026115, 128.78968095]]",13,quantum,2,,/local/scratch/a/rames102/Gurobi_QP/one_equality/complete_random
precond_pen=0.300,24,-23.53544919089901,128.04737140866703,0.3,2,0.12896299362182617,0.004992961883544922,0.0,000011101001111001100011,----+++-+--++++--++---++,0,False,"[[0.000112, 149.73360048], [0.003823, 143.71926491], [0.00414, 141.27753143], [0.0046, 133.55886931], [0.004993, 128.04737141]]",13,quantum,2,,/local/scratch/a/rames102/Gurobi_QP/one_equality/complete_random
precond_pen=0.400,24,-17.839884350285004,128.04737140866703,0.4,2,0.1293010711669922,0.1287682056427002,0.0,000011101001111001100011,----+++-+--++++--++---++,0,False,"[[0.000117, 149.73360048], [0.003948, 145.90869559], [0.004268, 141.27753143], [0.004647, 144.44330049], [0.005063, 128.78968095], [0.02391, 128.30646462], [0.128444, 128.04737141], [0.128768, 128.04737141]]",13,quantum,2,,/local/scratch/a/rames102/Gurobi_QP/one_equality/complete_random
precond_pen=0.500,24,-13.55036490500801,128.04737140866703,0.5,2,0.0937199592590332,0.005370140075683594,0.0,000011101001111001100011,----+++-+--++++--++---++,0,False,"[[0.00011, 149.73360048], [0.003924, 142.64334624], [0.004441, 141.73218778], [0.004901, 141.37158354], [0.00537, 128.04737141]]",13,quantum,2,,/local/scratch/a/rames102/Gurobi_QP/one_equality/complete_random
precond_pen=0.600,24,-10.152605596087001,128.04737140866703,0.6,2,0.10430502891540527,0.10398411750793457,0.0,111100010110000110011100,++++---+-++----++--+++--,0,False,"[[0.000109, 149.73360048], [0.004077, 146.87532765], [0.004348, 143.17078969], [0.004613, 144.42272089], [0.004949, 128.30646462], [0.102847, 128.04737141], [0.103984, 128.04737141]]",13,quantum,2,,/local/scratch/a/rames102/Gurobi_QP/one_equality/complete_random
precond_pen=0.700,24,-7.693099144438003,128.04737140866703,0.7,2,0.11284303665161133,0.11140608787536621,0.0,000011101001111001100011,----+++-+--++++--++---++,0,False,"[[0.00011, 149.73360048], [0.004519, 144.94429459], [0.004848, 141.27753143], [0.005145, 139.15060685], [0.005671, 128.78968095], [0.022361, 128.30646462], [0.111406, 128.04737141]]",13,quantum,2,,/local/scratch/a/rames102/Gurobi_QP/one_equality/complete_random
precond_pen=0.800,24,-6.049470833929989,128.04737140866703,0.8,2,0.09311699867248535,0.021624088287353516,0.0,000011101001111001100011,----+++-+--++++--++---++,0,False,"[[0.000109, 149.73360048], [0.004229, 144.7386881], [0.004506, 143.17078969], [0.004773, 143.4240474], [0.005093, 129.95866658], [0.021624, 128.04737141]]",13,quantum,2,,/local/scratch/a/rames102/Gurobi_QP/one_equality/complete_random
precond_pen=1.000,24,-1.5451378207439959,128.04737140866703,1.0,2,0.7450411319732666,0.7441079616546631,0.0,000011101001111001100011,----+++-+--++++--++---++,0,False,"[[0.000125, 149.73360048], [0.00459, 140.47956171], [0.004817, 129.95866658], [0.016936, 128.30646462], [0.654442, 128.04737141], [0.744108, 128.04737141]]",13,quantum,2,,/local/scratch/a/rames102/Gurobi_QP/one_equality/complete_random
baseline,24,116.52272224785007,116.52272224785003,,2,1.2615761756896973,0.003915071487426758,0.0,101010011001000110011101,+-+-+--++--+---++--+++-+,0,False,"[[0.000118, 142.15361079], [0.003915, 116.52272225]]",14,quantum,2,,/local/scratch/a/rames102/Gurobi_QP/one_equality/complete_random
precond_pen=0.200,24,-28.805645043797043,116.52272224785003,0.2,2,0.16385793685913086,0.004868984222412109,0.0,010101100110111001100010,-+-+-++--++-+++--++---+-,0,False,"[[0.000118, 142.15361079], [0.004009, 139.67031451], [0.004869, 116.52272225]]",14,quantum,2,,/local/scratch/a/rames102/Gurobi_QP/one_equality/complete_random
precond_pen=0.300,24,-31.151619944013007,118.26147738480003,0.3,2,0.07753396034240723,0.004765987396240234,0.0,010101000110111001101010,-+-+-+---++-+++--++-+-+-,0,False,"[[0.000112, 142.15361079], [0.00371, 138.11355177], [0.004337, 135.89806985], [0.004766, 118.26147738]]",14,quantum,2,,/local/scratch/a/rames102/Gurobi_QP/one_equality/complete_random
precond_pen=0.400,24,-23.709454280599005,116.52272224785003,0.4,2,0.14922595024108887,0.004733085632324219,0.0,010101100110111001100010,-+-+-++--++-+++--++---+-,0,False,"[[0.00011, 142.15361079], [0.003513, 139.62017803], [0.004328, 130.58375315], [0.004733, 116.52272225]]",14,quantum,2,,/local/scratch/a/rames102/Gurobi_QP/one_equality/complete_random
precond_pen=0.500,24,-18.021422138265006,116.52272224785003,0.5,2,0.15074682235717773,0.004818916320800781,0.0,010101100110111001100010,-+-+-++--++-+++--++---+-,0,False,"[[0.000113, 142.15361079], [0.003995, 134.33114978], [0.004819, 116.52272225]]",14,quantum,2,,/local/scratch/a/rames102/Gurobi_QP/one_equality/complete_random
precond_pen=0.600,24,-13.450453461064997,116.52272224785003,0.6,2,0.15581989288330078,0.004478931427001953,0.0,101010011001000110011101,+-+-+--++--+---++--+++-+,0,False,"[[0.000111, 142.15361079], [0.003974, 140.91709363], [0.004479, 116.52272225]]",14,quantum,2,,/local/scratch/a/rames102/Gurobi_QP/one_equality/complete_random
precond_pen=0.700,24,-10.164626231324998,116.52272224785003,0.7,2,0.16806602478027344,0.005277156829833984,0.0,010101100110111001100010,-+-+-++--++-+++--++---+-,0,False,"[[0.000118, 142.15361079], [0.004292, 135.87981141], [0.0049, 134.61962913], [0.005277, 116.52272225]]",14,quantum,2,,/local/scratch/a/rames102/Gurobi_QP/one_equality/complete_random
precond_pen=0.800,24,-7.952370329137002,116.52272224785003,0.8,2,0.19911599159240723,0.004923105239868164,0.0,010101100110111001100010,-+-+-++--++-+++--++---+-,0,False,"[[0.000113, 142.15361079], [0.004068, 129.48203026], [0.004923, 116.52272225]]",14,quantum,2,,/local/scratch/a/rames102/Gurobi_QP/one_equality/complete_random
precond_pen=1.000,24,-2.9766503717839967,116.52272224785003,1.0,2,0.454254150390625,0.00490117073059082,0.0,101010011001000110011101,+-+-+--++--+---++--+++-+,0,False,"[[0.000111, 142.15361079], [0.004901, 116.52272225]]",14,quantum,2,,/local/scratch/a/rames102/Gurobi_QP/one_equality/complete_random
baseline,24,132.94083175714405,132.9408317571441,,2,1.6079039573669434,1.606968879699707,0.0,100011110001111010001010,+---++++---++++-+---+-+-,0,False,"[[0.000114, 152.84927086], [0.003072, 149.19904334], [0.003525, 148.27704878], [0.004023, 133.58337106], [0.442679, 132.94083176], [1.606969, 132.94083176]]",15,quantum,2,,/local/scratch/a/rames102/Gurobi_QP/one_equality/complete_random
precond_pen=0.200,24,-13.162993425880984,133.89602423833014,0.2,2,0.255328893661499,0.0049228668212890625,0.0,110011111000111000001100,++--+++++---+++-----++--,0,False,"[[0.000115, 152.84927086], [0.003971, 148.27704878], [0.004455, 151.2145288], [0.004923, 133.89602424]]",15,quantum,2,,/local/scratch/a/rames102/Gurobi_QP/one_equality/complete_random
precond_pen=0.300,24,-24.812830445925,133.89602423833014,0.3,2,0.10200881958007812,0.004931926727294922,0.0,001100000111000111110011,--++-----+++---+++++--++,0,False,"[[0.000115, 152.84927086], [0.003816, 148.00809618], [0.004188, 148.27532322], [0.00452, 145.647884], [0.004932, 133.89602424]]",15,quantum,2,,/local/scratch/a/rames102/Gurobi_QP/one_equality/complete_random
precond_pen=0.400,24,-18.402433208839003,132.9408317571441,0.4,2,0.09406709671020508,0.08314394950866699,0.0,011100001110000101110101,-+++----+++----+-+++-+-+,0,False,"[[0.000114, 152.84927086], [0.004038, 147.50758593], [0.004424, 147.05633684], [0.004955, 143.3052466], [0.005409, 133.89602424], [0.083144, 132.94083176]]",15,quantum,2,,/local/scratch/a/rames102/Gurobi_QP/one_equality/complete_random
precond_pen=0.500,24,-13.843509874096005,132.9408317571441,0.5,2,0.07033395767211914,0.06311392784118652,0.0,011100001110000101110101,-+++----+++----+-+++-+-+,0,False,"[[0.000109, 152.84927086], [0.004152, 149.39716134], [0.004505, 148.33438559], [0.004988, 145.96329944], [0.005351, 133.89602424], [0.063114, 132.94083176]]",15,quantum,2,,/local/scratch/a/rames102/Gurobi_QP/one_equality/complete_random
precond_pen=0.600,24,-10.279791402473029,132.9408317571441,0.6,2,0.08530807495117188,0.08500099182128906,0.0,011100001110000101110101,-+++----+++----+-+++-+-+,0,False,"[[0.000115, 152.84927086], [0.004153, 144.99867902], [0.004938, 142.6473073], [0.005318, 133.89602424], [0.082934, 132.94083176], [0.085001, 132.94083176]]",15,quantum,2,,/local/scratch/a/rames102/Gurobi_QP/one_equality/complete_random
precond_pen=0.700,24,-7.7459549667110075,132.9408317571441,0.7,2,0.08784294128417969,0.08751606941223145,0.0,011100001110000101110101,-+++----+++----+-+++-+-+,0,False,"[[0.00011, 152.84927086], [0.004268, 146.99293141], [0.004634, 147.05633684], [0.0049, 146.27040529], [0.005346, 133.89602424], [0.086288, 132.94083176], [0.087516, 132.94083176]]",15,quantum,2,,/local/scratch/a/rames102/Gurobi_QP/one_equality/complete_random
precond_pen=0.800,24,-4.683302345588006,132.9408317571441,0.8,2,0.2215108871459961,0.2192850112915039,0.0,011100001110000101110101,-+++----+++----+-+++-+-+,0,False,"[[0.000121, 152.84927086], [0.004578, 145.01899735], [0.004938, 133.89602424], [0.219285, 132.94083176]]",15,quantum,2,,/local/scratch/a/rames102/Gurobi_QP/one_equality/complete_random
precond_pen=1.000,24,-2.9759094886149917,132.9408317571441,1.0,2,0.5618009567260742,0.005331993103027344,0.0,011100001110000101110101,-+++----+++----+-+++-+-+,0,False,"[[0.000112, 152.84927086], [0.004923, 148.76639227], [0.005332, 132.94083176]]",15,quantum,2,,/local/scratch/a/rames102/Gurobi_QP/one_equality/complete_random
baseline,24,117.59602202205602,117.596022022056,,2,1.3150408267974854,0.06393098831176758,0.0,111011010010100101000101,+++-++-+--+-+--+-+---+-+,0,False,"[[0.000119, 136.96958161], [0.003612, 132.57354016], [0.004404, 120.22779729], [0.063931, 117.59602202]]",16,quantum,2,,/local/scratch/a/rames102/Gurobi_QP/one_equality/complete_random
precond_pen=0.200,24,-22.038585326847002,120.57197525891608,0.2,2,0.18180203437805176,0.005362033843994141,0.0,000100101101111010101010,---+--+-++-++++-+-+-+-+-,0,False,"[[0.000127, 136.96958161], [0.004454, 128.74917987], [0.005362, 120.57197526]]",16,quantum,2,,/local/scratch/a/rames102/Gurobi_QP/one_equality/complete_random
precond_pen=0.300,24,-25.35885660115201,120.57197525891608,0.3,2,0.11726188659667969,0.022320032119750977,0.0,000100101101111010101010,---+--+-++-++++-+-+-+-+-,0,False,"[[0.000111, 136.96958161], [0.00389, 134.87541947], [0.004758, 128.86239919], [0.005205, 119.97737986], [0.022207, 119.74324703], [0.02232, 120.57197526]]",16,quantum,2,,/local/scratch/a/rames102/Gurobi_QP/one_equality/complete_random
precond_pen=0.400,24,-17.929056512311004,117.596022022056,0.4,2,0.16800498962402344,0.047471046447753906,0.0,111011010010100101000101,+++-++-+--+-+--+-+---+-+,0,False,"[[0.00011, 136.96958161], [0.004026, 127.71374473], [0.004828, 119.97737986], [0.021494, 119.74324703], [0.047471, 117.59602202]]",16,quantum,2,,/local/scratch/a/rames102/Gurobi_QP/one_equality/complete_random
precond_pen=0.500,24,-13.403488427652007,117.596022022056,0.5,2,0.2214949131011963,0.023488998413085938,0.0,000100101101011010111010,---+--+-++-+-++-+-+++-+-,0,False,"[[0.00011, 136.96958161], [0.004454, 135.95784302], [0.004885, 119.97737986], [0.023489, 117.59602202]]",16,quantum,2,,/local/scratch/a/rames102/Gurobi_QP/one_equality/complete_random
precond_pen=0.600,24,-10.001817617031001,117.596022022056,0.6,2,0.16852712631225586,0.00567317008972168,0.0,000100101101011010111010,---+--+-++-+-++-+-+++-+-,0,False,"[[0.000115, 136.96958161], [0.004594, 133.26201709], [0.005165, 132.6219974], [0.005673, 117.59602202]]",16,quantum,2,,/local/scratch/a/rames102/Gurobi_QP/one_equality/complete_random
precond_pen=0.700,24,-7.614529422973009,117.596022022056,0.7,2,0.2268369197845459,0.005400896072387695,0.0,000100101101011010111010,---+--+-++-+-++-+-+++-+-,0,False,"[[0.000111, 136.96958161], [0.00442, 133.32572651], [0.004972, 130.90522985], [0.005401, 117.59602202]]",16,quantum,2,,/local/scratch/a/rames102/Gurobi_QP/one_equality/complete_random
precond_pen=0.800,24,-6.023028629656995,117.596022022056,0.8,2,0.15514302253723145,0.005471944808959961,0.0,000100101101011010111010,---+--+-++-+-++-+-+++-+-,0,False,"[[0.00011, 136.96958161], [0.004609, 130.81756797], [0.005472, 117.59602202]]",16,quantum,2,,/local/scratch/a/rames102/Gurobi_QP/one_equality/complete_random
precond_pen=1.000,24,-1.8742100389010155,117.596022022056,1.0,2,0.7248380184173584,0.01748800277709961,0.0,000100101101011010111010,---+--+-++-+-++-+-+++-+-,0,False,"[[0.000112, 136.96958161], [0.004756, 136.28003471], [0.005113, 118.24501349], [0.017488, 117.59602202]]",16,quantum,2,,/local/scratch/a/rames102/Gurobi_QP/one_equality/complete_random
baseline,24,117.68792494636998,117.68792494637,,2,4.372651815414429,0.06364202499389648,0.0,000011110000110011101101,----++++----++--+++-++-+,0,False,"[[0.000113, 138.84937541], [0.003667, 137.09666712], [0.004111, 118.01194364], [0.063642, 117.68792495]]",17,quantum,2,,/local/scratch/a/rames102/Gurobi_QP/one_equality/complete_random
precond_pen=0.200,24,-19.940721937989977,118.01194363725412,0.2,2,0.1731429100036621,0.0051288604736328125,0.0,110110000111001110110000,++-++----+++--+++-++----,0,False,"[[0.000121, 138.84937541], [0.004285, 128.75813638], [0.005129, 118.01194364]]",17,quantum,2,,/local/scratch/a/rames102/Gurobi_QP/one_equality/complete_random
precond_pen=0.300,24,-24.230185436214,118.01194363725412,0.3,2,0.16260004043579102,0.0047130584716796875,0.0,110110000111001110110000,++-++----+++--+++-++----,0,False,"[[0.000111, 138.84937541], [0.003753, 135.07942956], [0.004713, 118.01194364]]",17,quantum,2,,/local/scratch/a/rames102/Gurobi_QP/one_equality/complete_random
precond_pen=0.400,24,-17.407872881549995,118.01194363725412,0.4,2,0.16782498359680176,0.023116111755371094,0.0,001001111000110001001111,--+--++++---++---+--++++,0,False,"[[0.000114, 138.84937541], [0.004065, 133.83598348], [0.004515, 131.34071846], [0.005141, 117.68792495], [0.023116, 118.01194364]]",17,quantum,2,,/local/scratch/a/rames102/Gurobi_QP/one_equality/complete_random
precond_pen=0.500,24,-12.956113027203006,118.01194363725412,0.5,2,0.21123003959655762,0.005151033401489258,0.0,110110000111001110110000,++-++----+++--+++-++----,0,False,"[[0.000111, 138.84937541], [0.004122, 137.72071289], [0.00441, 137.09666712], [0.004708, 136.83138786], [0.005151, 118.01194364]]",17,quantum,2,,/local/scratch/a/rames102/Gurobi_QP/one_equality/complete_random
precond_pen=0.600,24,-9.617854519407002,118.01194363725412,0.6,2,0.2653770446777344,0.021708011627197266,0.0,001001111000110001001111,--+--++++---++---+--++++,0,False,"[[0.000112, 138.84937541], [0.004026, 134.91076618], [0.00448, 131.34071846], [0.00515, 117.68792495], [0.021708, 118.01194364]]",17,quantum,2,,/local/scratch/a/rames102/Gurobi_QP/one_equality/complete_random
precond_pen=0.700,24,-7.325119695278005,118.01194363725412,0.7,2,0.29961585998535156,0.00494384765625,0.0,110110000111001110110000,++-++----+++--+++-++----,0,False,"[[0.000113, 138.84937541], [0.004488, 134.70908577], [0.004944, 118.01194364]]",17,quantum,2,,/local/scratch/a/rames102/Gurobi_QP/one_equality/complete_random
precond_pen=0.800,24,-5.807184902301014,118.01194363725412,0.8,2,0.3317098617553711,0.005373954772949219,0.0,001001111000110001001111,--+--++++---++---+--++++,0,False,"[[0.000111, 138.84937541], [0.004353, 128.55386584], [0.005374, 118.01194364]]",17,quantum,2,,/local/scratch/a/rames102/Gurobi_QP/one_equality/complete_random
precond_pen=1.000,24,-2.884217387706002,117.68792494637,1.0,2,0.4366011619567871,0.43595218658447266,0.0,111100001111001100010010,++++----++++--++---+--+-,0,False,"[[0.000111, 138.84937541], [0.005043, 137.29426464], [0.005446, 118.01194364], [0.428829, 117.68792495], [0.435952, 117.68792495]]",17,quantum,2,,/local/scratch/a/rames102/Gurobi_QP/one_equality/complete_random
baseline,24,123.04507007317201,123.04507007317197,,2,2.1115658283233643,2.1106009483337402,0.0,011100101100101110010100,-+++--+-++--+-+++--+-+--,0,False,"[[0.000114, 148.87751433], [0.003626, 123.29700491], [1.094831, 123.04507007], [2.110601, 123.04507007]]",18,quantum,2,,/local/scratch/a/rames102/Gurobi_QP/one_equality/complete_random
precond_pen=0.200,24,-16.838384060611034,123.43731403759024,0.2,2,0.21777820587158203,0.21712923049926758,0.0,001110101001101110010100,--+++-+-+--++-+++--+-+--,0,False,"[[0.000118, 148.87751433], [0.004075, 144.73276913], [0.004635, 143.76675898], [0.005119, 123.29700491], [0.212807, 123.04507007], [0.212936, 123.43731404], [0.217129, 123.43731404]]",18,quantum,2,,/local/scratch/a/rames102/Gurobi_QP/one_equality/complete_random
precond_pen=0.300,24,-24.721630523735996,123.43731403759024,0.3,2,0.10933208465576172,0.023600101470947266,0.0,110001010110010001101011,++---+-+-++--+---++-+-++,0,False,"[[0.000116, 148.87751433], [0.004362, 149.66509925], [0.004652, 145.55526055], [0.005171, 123.29700491], [0.0236, 123.43731404]]",18,quantum,2,,/local/scratch/a/rames102/Gurobi_QP/one_equality/complete_random
precond_pen=0.400,24,-18.467890796519992,123.43731403759024,0.4,2,0.08319306373596191,0.024279117584228516,0.0,110001010110010001101011,++---+-+-++--+---++-+-++,0,False,"[[0.000112, 148.87751433], [0.003927, 138.01250519], [0.004829, 123.29700491], [0.024279, 123.43731404]]",18,quantum,2,,/local/scratch/a/rames102/Gurobi_QP/one_equality/complete_random
precond_pen=0.500,24,-14.149761206772997,123.43731403759024,0.5,2,0.07472586631774902,0.004240989685058594,0.0,110001010110010001101011,++---+-+-++--+---++-+-++,0,False,"[[0.000109, 148.87751433], [0.00391, 142.91164028], [0.004241, 123.43731404]]",18,quantum,2,,/local/scratch/a/rames102/Gurobi_QP/one_equality/complete_random
precond_pen=0.600,24,-10.724197324236998,123.43731403759024,0.6,2,0.09417510032653809,0.09192395210266113,0.0,001110101001101110010100,--+++-+-+--++-+++--+-+--,0,False,"[[0.000109, 148.87751433], [0.003903, 139.02981953], [0.004862, 126.69444556], [0.020673, 123.29700491], [0.021689, 123.04507007], [0.091924, 123.43731404]]",18,quantum,2,,/local/scratch/a/rames102/Gurobi_QP/one_equality/complete_random
precond_pen=0.700,24,-8.206431282104997,123.04507007317197,0.7,2,0.19344091415405273,0.1096959114074707,0.0,011100101100101110010100,-+++--+-++--+-+++--+-+--,0,False,"[[0.000109, 148.87751433], [0.004265, 137.62797689], [0.004679, 123.29700491], [0.023786, 123.43731404], [0.109696, 123.04507007]]",18,quantum,2,,/local/scratch/a/rames102/Gurobi_QP/one_equality/complete_random
precond_pen=0.800,24,-6.494484117598995,123.04507007317197,0.8,2,0.19789910316467285,0.11283397674560547,0.0,011100101100101110010100,-+++--+-++--+-+++--+-+--,0,False,"[[0.000112, 148.87751433], [0.004088, 141.97416969], [0.004388, 141.67322206], [0.004669, 137.30559703], [0.005004, 123.30676892], [0.112834, 123.04507007]]",18,quantum,2,,/local/scratch/a/rames102/Gurobi_QP/one_equality/complete_random
precond_pen=1.000,24,-2.543308575554999,123.04507007317197,1.0,2,0.597174882888794,0.0050008296966552734,0.0,011100101100101110010100,-+++--+-++--+-+++--+-+--,0,False,"[[0.000112, 148.87751433], [0.004552, 142.21296086], [0.005001, 123.04507007]]",18,quantum,2,,/local/scratch/a/rames102/Gurobi_QP/one_equality/complete_random
baseline,24,121.42835876217991,121.42835876217984,,2,1.4720609188079834,0.003846883773803711,0.0,010011111100011011000100,-+--++++++---++-++---+--,0,False,"[[0.000123, 141.91562752], [0.003847, 121.42835876]]",19,quantum,2,,/local/scratch/a/rames102/Gurobi_QP/one_equality/complete_random
precond_pen=0.200,24,-16.866505938246007,121.42835876217984,0.2,2,0.22643303871154785,0.005300998687744141,0.0,010011111100011011000100,-+--++++++---++-++---+--,0,False,"[[0.000117, 141.91562752], [0.003995, 145.73503572], [0.004733, 137.4542664], [0.005301, 121.42835876]]",19,quantum,2,,/local/scratch/a/rames102/Gurobi_QP/one_equality/complete_random
precond_pen=0.300,24,-22.57721817594999,121.42835876217984,0.3,2,0.1258711814880371,0.005145072937011719,0.0,010011111100011011000100,-+--++++++---++-++---+--,0,False,"[[0.000113, 141.91562752], [0.003751, 137.80795399], [0.004494, 135.35158259], [0.005145, 121.42835876]]",19,quantum,2,,/local/scratch/a/rames102/Gurobi_QP/one_equality/complete_random
precond_pen=0.400,24,-17.527382174769002,121.42835876217984,0.4,2,0.06388998031616211,0.022861003875732422,0.0,101100000011100100111011,+-++------+++--+--+++-++,0,False,"[[0.000115, 141.91562752], [0.004845, 128.60913981], [0.005662, 123.34817328], [0.022861, 121.42835876]]",19,quantum,2,,/local/scratch/a/rames102/Gurobi_QP/one_equality/complete_random
precond_pen=0.500,24,-13.591398456621999,121.42835876217984,0.5,2,0.057817935943603516,0.004839897155761719,0.0,101100000011100100111011,+-++------+++--+--+++-++,0,False,"[[0.00011, 141.91562752], [0.00444, 136.36466482], [0.00484, 121.42835876]]",19,quantum,2,,/local/scratch/a/rames102/Gurobi_QP/one_equality/complete_random
precond_pen=0.600,24,-10.339855662840995,121.42835876217984,0.6,2,0.0669088363647461,0.0047419071197509766,0.0,101100000011100100111011,+-++------+++--+--+++-++,0,False,"[[0.000109, 141.91562752], [0.003969, 130.83413409], [0.004742, 121.42835876]]",19,quantum,2,,/local/scratch/a/rames102/Gurobi_QP/one_equality/complete_random
precond_pen=0.700,24,-7.948128341623006,121.42835876217984,0.7,2,0.07734203338623047,0.005419015884399414,0.0,010011111100011011000100,-+--++++++---++-++---+--,0,False,"[[0.000109, 141.91562752], [0.004347, 137.31102204], [0.004778, 136.6269609], [0.005419, 121.42835876]]",19,quantum,2,,/local/scratch/a/rames102/Gurobi_QP/one_equality/complete_random
precond_pen=0.800,24,-6.315715474252009,121.42835876217984,0.8,2,0.0817098617553711,0.004879951477050781,0.0,101100000011100100111011,+-++------+++--+--+++-++,0,False,"[[0.000111, 141.91562752], [0.003772, 140.8655617], [0.00403, 141.45218892], [0.004487, 129.85867585], [0.00488, 121.42835876]]",19,quantum,2,,/local/scratch/a/rames102/Gurobi_QP/one_equality/complete_random
precond_pen=1.000,24,-1.9233889441850103,121.42835876217984,1.0,2,0.6139688491821289,0.005106925964355469,0.0,101100000011100100111011,+-++------+++--+--+++-++,0,False,"[[0.000111, 141.91562752], [0.004823, 131.35489214], [0.005107, 121.42835876]]",19,quantum,2,,/local/scratch/a/rames102/Gurobi_QP/one_equality/complete_random
baseline,24,122.83460775651398,122.83460775651392,,2,2.021761894226074,0.004083871841430664,0.0,110101000000101011010111,++-+-+------+-+-++-+-+++,0,False,"[[0.000124, 145.99675772], [0.003716, 141.80394865], [0.004084, 122.83460776]]",20,quantum,2,,/local/scratch/a/rames102/Gurobi_QP/one_equality/complete_random
precond_pen=0.200,24,-14.914261650154007,123.41728687346583,0.2,2,0.28305697441101074,0.004907131195068359,0.0,110101000100101001010111,++-+-+---+--+-+--+-+-+++,0,False,"[[0.000118, 145.99675772], [0.004048, 139.57583828], [0.004907, 123.41728687]]",20,quantum,2,,/local/scratch/a/rames102/Gurobi_QP/one_equality/complete_random
precond_pen=0.300,24,-21.537004138123006,123.41728687346583,0.3,2,0.15222382545471191,0.004785776138305664,0.0,110101000100101001010111,++-+-+---+--+-+--+-+-+++,0,False,"[[0.000114, 145.99675772], [0.003638, 140.32062659], [0.003933, 143.19703654], [0.004399, 140.31829737], [0.004786, 123.41728687]]",20,quantum,2,,/local/scratch/a/rames102/Gurobi_QP/one_equality/complete_random
precond_pen=0.400,24,-16.224492943825013,122.83460775651392,0.4,2,0.23065519332885742,0.005285024642944336,0.0,110101000000101011010111,++-+-+------+-+-++-+-+++,0,False,"[[0.000111, 145.99675772], [0.00421, 136.36100635], [0.004829, 134.470137], [0.005285, 122.83460776]]",20,quantum,2,,/local/scratch/a/rames102/Gurobi_QP/one_equality/complete_random
precond_pen=0.500,24,-12.497689682848007,122.83460775651392,0.5,2,0.27803492546081543,0.004821062088012695,0.0,110101000000101011010111,++-+-+------+-+-++-+-+++,0,False,"[[0.000112, 145.99675772], [0.004007, 130.75876053], [0.004821, 122.83460776]]",20,quantum,2,,/local/scratch/a/rames102/Gurobi_QP/one_equality/complete_random
precond_pen=0.600,24,-9.459692631886,122.83460775651392,0.6,2,0.30538010597229004,0.022475004196166992,0.0,110101000000101011010111,++-+-+------+-+-++-+-+++,0,False,"[[0.000111, 145.99675772], [0.004197, 137.40813569], [0.005148, 124.37173951], [0.022475, 122.83460776]]",20,quantum,2,,/local/scratch/a/rames102/Gurobi_QP/one_equality/complete_random
precond_pen=0.700,24,-7.255295815136991,122.83460775651392,0.7,2,0.34978485107421875,0.005598783493041992,0.0,110101000000101011010111,++-+-+------+-+-++-+-+++,0,False,"[[0.000122, 145.99675772], [0.004618, 140.61388571], [0.004935, 139.57583828], [0.005255, 138.50154579], [0.005599, 122.83460776]]",20,quantum,2,,/local/scratch/a/rames102/Gurobi_QP/one_equality/complete_random
precond_pen=0.800,24,-5.76405542360801,122.83460775651392,0.8,2,0.4064950942993164,0.02244114875793457,0.0,110101000000101011010111,++-+-+------+-+-++-+-+++,0,False,"[[0.000122, 145.99675772], [0.004475, 135.76765639], [0.005245, 132.62012187], [0.005811, 124.37173951], [0.022441, 122.83460776]]",20,quantum,2,,/local/scratch/a/rames102/Gurobi_QP/one_equality/complete_random
precond_pen=1.000,24,-4.024404746363999,122.83460775651392,1.0,2,0.4428400993347168,0.02178502082824707,0.0,110101000000101011010111,++-+-+------+-+-++-+-+++,0,False,"[[0.000112, 145.99675772], [0.004796, 135.69215728], [0.005167, 124.37173951], [0.021785, 122.83460776]]",20,quantum,2,,/local/scratch/a/rames102/Gurobi_QP/one_equality/complete_random
baseline,24,118.87209048451598,118.87209048451594,,2,1.8638739585876465,0.004007816314697266,0.0,110101000001110011001110,++-+-+-----+++--++--+++-,0,False,"[[0.00012, 135.05173413], [0.003778, 133.06835362], [0.004008, 118.87209048]]",21,quantum,2,,/local/scratch/a/rames102/Gurobi_QP/one_equality/complete_random
precond_pen=0.200,24,-21.13855020907802,118.98919209857594,0.2,2,0.15757417678833008,0.005606889724731445,0.0,110001010101010101001110,++---+-+-+-+-+-+-+--+++-,0,False,"[[0.000116, 135.05173413], [0.004464, 132.72287155], [0.004968, 129.0778328], [0.005607, 118.9891921]]",21,quantum,2,,/local/scratch/a/rames102/Gurobi_QP/one_equality/complete_random
precond_pen=0.300,24,-26.017999898795004,118.98919209857594,0.3,2,0.09967684745788574,0.09415507316589355,0.0,110001010101010101001110,++---+-+-+-+-+-+-+--+++-,0,False,"[[0.000116, 135.05173413], [0.004039, 135.12226554], [0.004443, 131.93385293], [0.005051, 121.1646619], [0.094155, 118.9891921]]",21,quantum,2,,/local/scratch/a/rames102/Gurobi_QP/one_equality/complete_random
precond_pen=0.400,24,-18.763451432969,118.98919209857594,0.4,2,0.13295197486877441,0.13261103630065918,0.0,110001010101010101001110,++---+-+-+-+-+-+-+--+++-,0,False,"[[0.000114, 135.05173413], [0.003867, 128.12689366], [0.004686, 121.1646619], [0.130249, 118.9891921], [0.132611, 118.9891921]]",21,quantum,2,,/local/scratch/a/rames102/Gurobi_QP/one_equality/complete_random
precond_pen=0.500,24,-14.070080255120997,118.98919209857594,0.5,2,0.15182209014892578,0.15146994590759277,0.0,110001010101010101001110,++---+-+-+-+-+-+-+--+++-,0,False,"[[0.00011, 135.05173413], [0.004166, 133.50919785], [0.004609, 131.93385293], [0.005306, 118.87209048], [0.139353, 118.9891921], [0.15147, 118.9891921]]",21,quantum,2,,/local/scratch/a/rames102/Gurobi_QP/one_equality/complete_random
precond_pen=0.600,24,-10.495950969177002,118.98919209857594,0.6,2,0.12713909149169922,0.11729907989501953,0.0,001110101010101010110001,--+++-+-+-+-+-+-+-++---+,0,False,"[[0.000112, 135.05173413], [0.004156, 131.77240644], [0.004588, 131.93385293], [0.005231, 118.87209048], [0.117299, 118.9891921]]",21,quantum,2,,/local/scratch/a/rames102/Gurobi_QP/one_equality/complete_random
precond_pen=0.700,24,-7.9507222995850135,118.98919209857594,0.7,2,0.10847210884094238,0.10703706741333008,0.0,001110101010101010110001,--+++-+-+-+-+-+-+-++---+,0,False,"[[0.00011, 135.05173413], [0.004384, 133.1448313], [0.004848, 118.87209048], [0.107037, 118.9891921]]",21,quantum,2,,/local/scratch/a/rames102/Gurobi_QP/one_equality/complete_random
precond_pen=0.800,24,-6.2542199671559935,118.98919209857594,0.8,2,0.20219111442565918,0.1169440746307373,0.0,110001010101010101001110,++---+-+-+-+-+-+-+--+++-,0,False,"[[0.000113, 135.05173413], [0.004457, 132.97066851], [0.004797, 122.85555791], [0.021202, 118.87209048], [0.116944, 118.9891921]]",21,quantum,2,,/local/scratch/a/rames102/Gurobi_QP/one_equality/complete_random
precond_pen=1.000,24,-3.0932507996209946,118.87209048451594,1.0,2,0.4708840847015381,0.021526098251342773,0.0,110101000001110011001110,++-+-+-----+++--++--+++-,0,False,"[[0.00011, 135.05173413], [0.005185, 132.21791614], [0.005515, 119.52228113], [0.021526, 118.87209048]]",21,quantum,2,,/local/scratch/a/rames102/Gurobi_QP/one_equality/complete_random
baseline,24,113.68700063191713,113.68700063191703,,2,0.8804421424865723,0.004024028778076172,0.0,011110011000110100100110,-++++--++---++-+--+--++-,0,False,"[[0.000119, 137.94890326], [0.004024, 113.68700063]]",22,quantum,2,,/local/scratch/a/rames102/Gurobi_QP/one_equality/complete_random
precond_pen=0.200,24,-26.465912851405033,113.68700063191703,0.2,2,0.14608001708984375,0.0050699710845947266,0.0,011110011000110100100110,-++++--++---++-+--+--++-,0,False,"[[0.000115, 137.94890326], [0.004194, 131.88060755], [0.00507, 113.68700063]]",22,quantum,2,,/local/scratch/a/rames102/Gurobi_QP/one_equality/complete_random
precond_pen=0.300,24,-31.595073831706003,113.68700063191703,0.3,2,0.09376311302185059,0.004997968673706055,0.0,011110011000110100100110,-++++--++---++-+--+--++-,0,False,"[[0.000111, 137.94890326], [0.004116, 133.71014254], [0.004388, 130.73652246], [0.004998, 113.68700063]]",22,quantum,2,,/local/scratch/a/rames102/Gurobi_QP/one_equality/complete_random
precond_pen=0.400,24,-22.163057691089996,113.68700063191703,0.4,2,0.11184096336364746,0.004909038543701172,0.0,011110011000110100100110,-++++--++---++-+--+--++-,0,False,"[[0.000127, 137.94890326], [0.003912, 132.1827361], [0.004191, 130.73652246], [0.004909, 113.68700063]]",22,quantum,2,,/local/scratch/a/rames102/Gurobi_QP/one_equality/complete_random
precond_pen=0.500,24,-16.37786598633,113.68700063191703,0.5,2,0.14693117141723633,0.13881301879882812,0.0,100001100111001011011001,+----++--+++--+-++-++--+,0,False,"[[0.00011, 137.94890326], [0.004086, 135.13531984], [0.004367, 130.73652246], [0.004819, 131.14223958], [0.00519, 115.51772177], [0.138813, 113.68700063]]",22,quantum,2,,/local/scratch/a/rames102/Gurobi_QP/one_equality/complete_random
precond_pen=0.600,24,-12.050992580711997,113.68700063191703,0.6,2,0.16805219650268555,0.04931211471557617,0.0,100001100111001011011001,+----++--+++--+-++-++--+,0,False,"[[0.000123, 137.94890326], [0.004063, 133.63008555], [0.004409, 115.51772177], [0.048744, 115.8892933], [0.04896, 116.26893004], [0.049312, 113.68700063]]",22,quantum,2,,/local/scratch/a/rames102/Gurobi_QP/one_equality/complete_random
precond_pen=0.700,24,-9.061645399789,113.68700063191703,0.7,2,0.192641019821167,0.02249288558959961,0.0,011110011000110100100110,-++++--++---++-+--+--++-,0,False,"[[0.000113, 137.94890326], [0.004205, 134.9970596], [0.004481, 130.73652246], [0.004789, 130.83854765], [0.005136, 115.51772177], [0.022493, 113.68700063]]",22,quantum,2,,/local/scratch/a/rames102/Gurobi_QP/one_equality/complete_random
precond_pen=0.800,24,-5.528394713566007,113.68700063191703,0.8,2,0.1995091438293457,0.005424022674560547,0.0,011110011000110100100110,-++++--++---++-+--+--++-,0,False,"[[0.000111, 137.94890326], [0.004396, 135.3957649], [0.004649, 134.03927934], [0.005424, 113.68700063]]",22,quantum,2,,/local/scratch/a/rames102/Gurobi_QP/one_equality/complete_random
precond_pen=1.000,24,-4.86205612907299,113.68700063191703,1.0,2,0.09540200233459473,0.0054569244384765625,0.0,100001100111001011011001,+----++--+++--+-++-++--+,0,False,"[[0.000114, 137.94890326], [0.004559, 135.55561619], [0.004827, 130.73652246], [0.005115, 131.57779422], [0.005457, 113.68700063]]",22,quantum,2,,/local/scratch/a/rames102/Gurobi_QP/one_equality/complete_random
baseline,24,126.97531944097913,126.97531944097895,,2,1.4909369945526123,0.0035228729248046875,0.0,011101010010111001010100,-+++-+-+--+-+++--+-+-+--,0,False,"[[0.00011, 146.42459781], [0.003523, 126.97531944]]",23,quantum,2,,/local/scratch/a/rames102/Gurobi_QP/one_equality/complete_random
precond_pen=0.200,24,-19.86467198130797,126.97531944097895,0.2,2,0.1643362045288086,0.004770040512084961,0.0,011101010010111001010100,-+++-+-+--+-+++--+-+-+--,0,False,"[[0.000114, 146.42459781], [0.003664, 148.33573386], [0.004126, 142.73969393], [0.00477, 126.97531944]]",23,quantum,2,,/local/scratch/a/rames102/Gurobi_QP/one_equality/complete_random
precond_pen=0.300,24,-29.438000918580002,126.97531944097895,0.3,2,0.08107113838195801,0.00486302375793457,0.0,011101010010111001010100,-+++-+-+--+-+++--+-+-+--,0,False,"[[0.000112, 146.42459781], [0.003863, 142.14581652], [0.004863, 126.97531944]]",23,quantum,2,,/local/scratch/a/rames102/Gurobi_QP/one_equality/complete_random
precond_pen=0.400,24,-21.648407855859006,127.59452186406293,0.4,2,0.09877896308898926,0.0047149658203125,0.0,010101010010110100010111,-+-+-+-+--+-++-+---+-+++,0,False,"[[0.000112, 146.42459781], [0.003874, 138.40724458], [0.004715, 127.59452186]]",23,quantum,2,,/local/scratch/a/rames102/Gurobi_QP/one_equality/complete_random
precond_pen=0.500,24,-16.079671829539006,126.97531944097895,0.5,2,0.15050506591796875,0.004899024963378906,0.0,011101010010111001010100,-+++-+-+--+-+++--+-+-+--,0,False,"[[0.00011, 146.42459781], [0.00447, 141.51418331], [0.004899, 126.97531944]]",23,quantum,2,,/local/scratch/a/rames102/Gurobi_QP/one_equality/complete_random
precond_pen=0.600,24,-11.944467776429,126.97531944097895,0.6,2,0.15403103828430176,0.005347013473510742,0.0,011101010010111001010100,-+++-+-+--+-+++--+-+-+--,0,False,"[[0.000125, 146.42459781], [0.004275, 146.70935659], [0.004542, 142.73969393], [0.004905, 142.20944657], [0.005347, 126.97531944]]",23,quantum,2,,/local/scratch/a/rames102/Gurobi_QP/one_equality/complete_random
precond_pen=0.700,24,-8.995198638829997,126.97531944097895,0.7,2,0.08497095108032227,0.005304813385009766,0.0,011101010010111001010100,-+++-+-+--+-+++--+-+-+--,0,False,"[[0.00011, 146.42459781], [0.004348, 146.42547743], [0.004614, 142.73969393], [0.004881, 140.84941182], [0.005305, 126.97531944]]",23,quantum,2,,/local/scratch/a/rames102/Gurobi_QP/one_equality/complete_random
precond_pen=0.800,24,-7.0245087665999915,126.97531944097895,0.8,2,0.07946491241455078,0.023562908172607422,0.0,011101010010111001010100,-+++-+-+--+-+++--+-+-+--,0,False,"[[0.000109, 146.42459781], [0.004347, 141.45226742], [0.005255, 127.59452186], [0.023563, 126.97531944]]",23,quantum,2,,/local/scratch/a/rames102/Gurobi_QP/one_equality/complete_random
precond_pen=1.000,24,-3.3224439576319966,126.97531944097895,1.0,2,0.44051408767700195,0.00569605827331543,0.0,011101010010111001010100,-+++-+-+--+-+++--+-+-+--,0,False,"[[0.00011, 146.42459781], [0.005247, 146.72445436], [0.005696, 126.97531944]]",23,quantum,2,,/local/scratch/a/rames102/Gurobi_QP/one_equality/complete_random
baseline,24,122.59730320399491,122.59730320399491,,2,3.5134289264678955,0.0039730072021484375,0.0,000101001001010111111001,---+-+--+--+-+-++++++--+,0,False,"[[0.000113, 139.43295984], [0.003551, 137.32412379], [0.003973, 122.5973032]]",24,quantum,2,,/local/scratch/a/rames102/Gurobi_QP/one_equality/complete_random
precond_pen=0.200,24,-23.037647791892987,122.77833002403098,0.2,2,0.16708993911743164,0.0050089359283447266,0.0,000101001001010111111010,---+-+--+--+-+-++++++-+-,0,False,"[[0.00012, 139.43295984], [0.004167, 131.49902801], [0.005009, 122.77833002]]",24,quantum,2,,/local/scratch/a/rames102/Gurobi_QP/one_equality/complete_random
precond_pen=0.300,24,-27.572919885743,122.77833002403098,0.3,2,0.07496190071105957,0.004940032958984375,0.0,000101001001010111111010,---+-+--+--+-+-++++++-+-,0,False,"[[0.000112, 139.43295984], [0.003983, 133.35191988], [0.00494, 122.77833002]]",24,quantum,2,,/local/scratch/a/rames102/Gurobi_QP/one_equality/complete_random
precond_pen=0.400,24,-19.753907223074002,122.77833002403098,0.4,2,0.054342031478881836,0.005002021789550781,0.0,000101001001010111111010,---+-+--+--+-+-++++++-+-,0,False,"[[0.000111, 139.43295984], [0.003801, 141.94435519], [0.004252, 137.48965967], [0.004581, 131.50333697], [0.005002, 122.77833002]]",24,quantum,2,,/local/scratch/a/rames102/Gurobi_QP/one_equality/complete_random
precond_pen=0.500,24,-14.421330879697999,122.77833002403098,0.5,2,0.16567301750183105,0.004951953887939453,0.0,111010110110101000000101,+++-+-++-++-+-+------+-+,0,False,"[[0.000114, 139.43295984], [0.004065, 136.49373148], [0.004339, 137.48965967], [0.004952, 122.77833002]]",24,quantum,2,,/local/scratch/a/rames102/Gurobi_QP/one_equality/complete_random
precond_pen=0.600,24,-10.511682520540997,122.77833002403098,0.6,2,0.19768095016479492,0.17816805839538574,0.0,000101001001010111111010,---+-+--+--+-+-++++++-+-,0,False,"[[0.000125, 139.43295984], [0.004572, 134.15133015], [0.00487, 123.53947716], [0.073577, 123.34689602], [0.178168, 122.77833002]]",24,quantum,2,,/local/scratch/a/rames102/Gurobi_QP/one_equality/complete_random
precond_pen=0.700,24,-7.881412837323007,122.77833002403098,0.7,2,0.20205903053283691,0.1824948787689209,0.0,111010110110101000000101,+++-+-++-++-+-+------+-+,0,False,"[[0.000122, 139.43295984], [0.004249, 138.13646895], [0.004519, 137.48965967], [0.004792, 134.81950435], [0.005324, 123.53947716], [0.18218, 123.42224057], [0.182495, 122.77833002]]",24,quantum,2,,/local/scratch/a/rames102/Gurobi_QP/one_equality/complete_random
precond_pen=0.800,24,-4.254153010085995,122.77833002403098,0.8,2,0.45401906967163086,0.004851102828979492,0.0,111010110110101000000101,+++-+-++-++-+-+------+-+,0,False,"[[0.000111, 139.43295984], [0.003956, 137.48482942], [0.004224, 137.48965967], [0.004851, 122.77833002]]",24,quantum,2,,/local/scratch/a/rames102/Gurobi_QP/one_equality/complete_random
precond_pen=1.000,24,-2.9046291780470046,122.59730320399491,1.0,2,0.44232916831970215,0.0056841373443603516,0.0,111010110110101000000110,+++-+-++-++-+-+------++-,0,False,"[[0.000129, 139.43295984], [0.004797, 138.90381837], [0.005085, 137.48965967], [0.005684, 122.5973032]]",24,quantum,2,,/local/scratch/a/rames102/Gurobi_QP/one_equality/complete_random
baseline,24,124.05263951704205,124.05263951704207,,2,1.8586649894714355,0.003994941711425781,0.0,110111110001101010100000,++-+++++---++-+-+-+-----,0,False,"[[0.000115, 144.24807092], [0.003265, 141.36427032], [0.003597, 140.98987512], [0.003995, 124.05263952]]",25,quantum,2,,/local/scratch/a/rames102/Gurobi_QP/one_equality/complete_random
precond_pen=0.200,24,-17.77097534650604,126.62239425838602,0.2,2,0.22236394882202148,0.004733085632324219,0.0,110110110001101010100100,++-++-++---++-+-+-+--+--,0,False,"[[0.000117, 144.24807092], [0.003835, 139.21530807], [0.004733, 126.62239426]]",25,quantum,2,,/local/scratch/a/rames102/Gurobi_QP/one_equality/complete_random
precond_pen=0.300,24,-25.450281074240003,126.62239425838602,0.3,2,0.09041690826416016,0.004928112030029297,0.0,001001001110010101011011,--+--+--+++--+-+-+-++-++,0,False,"[[0.000123, 144.24807092], [0.004015, 132.44825553], [0.004928, 126.62239426]]",25,quantum,2,,/local/scratch/a/rames102/Gurobi_QP/one_equality/complete_random
precond_pen=0.400,24,-18.133592654907,126.62239425838602,0.4,2,0.14292216300964355,0.00495600700378418,0.0,001001001110010101011011,--+--+--+++--+-+-+-++-++,0,False,"[[0.00011, 144.24807092], [0.003997, 141.21335378], [0.004956, 126.62239426]]",25,quantum,2,,/local/scratch/a/rames102/Gurobi_QP/one_equality/complete_random
precond_pen=0.500,24,-13.89260459735501,124.05263951704207,0.5,2,0.14896297454833984,0.004982948303222656,0.0,110111110001101010100000,++-+++++---++-+-+-+-----,0,False,"[[0.000109, 144.24807092], [0.004184, 141.24690287], [0.004983, 124.05263952]]",25,quantum,2,,/local/scratch/a/rames102/Gurobi_QP/one_equality/complete_random
precond_pen=0.600,24,-10.551985884839006,124.05263951704207,0.6,2,0.14824700355529785,0.005387067794799805,0.0,001000001110010101011111,--+-----+++--+-+-+-+++++,0,False,"[[0.000119, 144.24807092], [0.004012, 140.21962973], [0.004795, 134.79186528], [0.005387, 124.05263952]]",25,quantum,2,,/local/scratch/a/rames102/Gurobi_QP/one_equality/complete_random
precond_pen=0.700,24,-8.087128377802,124.05263951704207,0.7,2,0.13527297973632812,0.004930019378662109,0.0,001000001110010101011111,--+-----+++--+-+-+-+++++,0,False,"[[0.000109, 144.24807092], [0.004397, 140.17261403], [0.00493, 124.05263952]]",25,quantum,2,,/local/scratch/a/rames102/Gurobi_QP/one_equality/complete_random
precond_pen=0.800,24,-6.402980872028008,124.05263951704207,0.8,2,0.10759520530700684,0.00533604621887207,0.0,001000001110010101011111,--+-----+++--+-+-+-+++++,0,False,"[[0.000136, 144.24807092], [0.004587, 132.19378525], [0.005336, 124.05263952]]",25,quantum,2,,/local/scratch/a/rames102/Gurobi_QP/one_equality/complete_random
precond_pen=1.000,24,-1.9689237207270072,124.05263951704207,1.0,2,0.6929421424865723,0.017081022262573242,0.0,001000001110010101011111,--+-----+++--+-+-+-+++++,0,False,"[[0.000126, 144.24807092], [0.004666, 135.15052229], [0.004891, 129.6134434], [0.017081, 124.05263952]]",25,quantum,2,,/local/scratch/a/rames102/Gurobi_QP/one_equality/complete_random
baseline,24,127.39413840973413,127.39413840973418,,2,5.423695087432861,0.28694987297058105,0.0,111011010000010100101101,+++-++-+-----+-+--+-++-+,0,False,"[[0.000115, 152.67795069], [0.003875, 128.79838398], [0.28695, 127.39413841]]",26,quantum,2,,/local/scratch/a/rames102/Gurobi_QP/one_equality/complete_random
precond_pen=0.200,24,-12.698719982269981,127.55584604159613,0.2,2,0.30100011825561523,0.004920005798339844,0.0,101011110000000100101111,+-+-++++-------+--+-++++,0,False,"[[0.000126, 152.67795069], [0.004023, 146.5616402], [0.00492, 127.55584604]]",26,quantum,2,,/local/scratch/a/rames102/Gurobi_QP/one_equality/complete_random
precond_pen=0.300,24,-19.452153924449,127.55584604159613,0.3,2,0.08443403244018555,0.005282163619995117,0.0,101011110000000100101111,+-+-++++-------+--+-++++,0,False,"[[0.000118, 152.67795069], [0.004361, 139.15847339], [0.005282, 127.55584604]]",26,quantum,2,,/local/scratch/a/rames102/Gurobi_QP/one_equality/complete_random
precond_pen=0.400,24,-14.12610014034401,127.55584604159613,0.4,2,0.27094101905822754,0.024147987365722656,0.0,010100001111111011010000,-+-+----+++++++-++-+----,0,False,"[[0.000112, 152.67795069], [0.004389, 144.56242948], [0.005301, 143.68014019], [0.005772, 128.06272944], [0.024148, 127.55584604]]",26,quantum,2,,/local/scratch/a/rames102/Gurobi_QP/one_equality/complete_random
precond_pen=0.500,24,-10.895755143682,127.55584604159613,0.5,2,0.2961459159851074,0.005299091339111328,0.0,101011110000000100101111,+-+-++++-------+--+-++++,0,False,"[[0.000113, 152.67795069], [0.004244, 140.53193985], [0.004955, 140.46209402], [0.005299, 127.55584604]]",26,quantum,2,,/local/scratch/a/rames102/Gurobi_QP/one_equality/complete_random
precond_pen=0.600,24,-8.426320011321003,127.55584604159613,0.6,2,0.31575489044189453,0.022899866104125977,0.0,101011110000000100101111,+-+-++++-------+--+-++++,0,False,"[[0.000118, 152.67795069], [0.004209, 136.1649462], [0.005051, 128.61836178], [0.022184, 127.56133983], [0.0229, 127.55584604]]",26,quantum,2,,/local/scratch/a/rames102/Gurobi_QP/one_equality/complete_random
precond_pen=0.700,24,-6.574285746216997,127.55584604159613,0.7,2,0.33153796195983887,0.021828889846801758,0.0,101011110000000100101111,+-+-++++-------+--+-++++,0,False,"[[0.000112, 152.67795069], [0.004332, 147.41523121], [0.005264, 143.04919566], [0.005642, 128.6210411], [0.021714, 127.56133983], [0.021829, 127.55584604]]",26,quantum,2,,/local/scratch/a/rames102/Gurobi_QP/one_equality/complete_random
precond_pen=0.800,24,-5.276061047801996,127.55584604159613,0.8,2,0.4587399959564209,0.39228081703186035,0.0,101011110000000100101111,+-+-++++-------+--+-++++,0,False,"[[0.00011, 152.67795069], [0.004559, 143.12399146], [0.00516, 139.10543165], [0.005671, 128.61836178], [0.023338, 128.06272944], [0.392281, 127.55584604]]",26,quantum,2,,/local/scratch/a/rames102/Gurobi_QP/one_equality/complete_random
precond_pen=1.000,24,-2.7325991965129965,127.55584604159613,1.0,2,0.6774311065673828,0.6765930652618408,0.0,101011110000000100101111,+-+-++++-------+--+-++++,0,False,"[[0.000114, 152.67795069], [0.00465, 144.87834396], [0.004988, 129.89298904], [0.021702, 128.06272944], [0.597934, 127.39413841], [0.598102, 127.55584604], [0.676593, 127.55584604]]",26,quantum,2,,/local/scratch/a/rames102/Gurobi_QP/one_equality/complete_random
baseline,24,132.14157878785892,132.1415787878592,,2,4.623749017715454,4.622693061828613,0.0,110010101010011010001110,++--+-+-+-+--++-+---+++-,0,False,"[[0.000114, 147.47040017], [0.003657, 134.4427609], [0.064515, 133.13457504], [0.835521, 132.14157879], [4.622693, 132.14157879]]",27,quantum,2,,/local/scratch/a/rames102/Gurobi_QP/one_equality/complete_random
precond_pen=0.200,24,-11.182427196022033,132.7562808776289,0.2,2,0.35574984550476074,0.024111032485961914,0.0,010100011101110110001001,-+-+---+++-+++-++---+--+,0,False,"[[0.000123, 147.47040017], [0.003714, 146.97768948], [0.004216, 146.63479356], [0.004764, 134.4427609], [0.024111, 132.75628088]]",27,quantum,2,,/local/scratch/a/rames102/Gurobi_QP/one_equality/complete_random
precond_pen=0.300,24,-21.524922581164,132.7562808776289,0.3,2,0.12337398529052734,0.005659818649291992,0.0,101011100010001001110110,+-+-+++---+---+--+++-++-,0,False,"[[0.000114, 147.47040017], [0.0042, 148.50973284], [0.004498, 147.23736866], [0.005074, 145.03008283], [0.00566, 132.75628088]]",27,quantum,2,,/local/scratch/a/rames102/Gurobi_QP/one_equality/complete_random
precond_pen=0.400,24,-16.070111014293996,132.7562808776289,0.4,2,0.13550209999084473,0.004914045333862305,0.0,010100011101110110001001,-+-+---+++-+++-++---+--+,0,False,"[[0.000114, 147.47040017], [0.004063, 142.27123765], [0.004914, 132.75628088]]",27,quantum,2,,/local/scratch/a/rames102/Gurobi_QP/one_equality/complete_random
precond_pen=0.500,24,-12.308507390928996,132.7562808776289,0.5,2,0.19084501266479492,0.004494905471801758,0.0,010100011101110110001001,-+-+---+++-+++-++---+--+,0,False,"[[0.000113, 147.47040017], [0.004142, 149.46193754], [0.004495, 132.75628088]]",27,quantum,2,,/local/scratch/a/rames102/Gurobi_QP/one_equality/complete_random
precond_pen=0.600,24,-9.425349968683987,132.7562808776289,0.6,2,0.15073204040527344,0.14225292205810547,0.0,101011100010001001110110,+-+-+++---+---+--+++-++-,0,False,"[[0.000111, 147.47040017], [0.004229, 149.46193754], [0.00467, 133.14173863], [0.142253, 132.75628088]]",27,quantum,2,,/local/scratch/a/rames102/Gurobi_QP/one_equality/complete_random
precond_pen=0.700,24,-7.240248722483006,132.7562808776289,0.7,2,0.11171913146972656,0.00459599494934082,0.0,010100011101110110001001,-+-+---+++-+++-++---+--+,0,False,"[[0.000111, 147.47040017], [0.00416, 146.44124333], [0.004596, 132.75628088]]",27,quantum,2,,/local/scratch/a/rames102/Gurobi_QP/one_equality/complete_random
precond_pen=0.800,24,-5.727313754735997,132.7562808776289,0.8,2,0.27753710746765137,0.023342132568359375,0.0,010100011101110110001001,-+-+---+++-+++-++---+--+,0,False,"[[0.000111, 147.47040017], [0.00416, 143.41497329], [0.004518, 134.4427609], [0.023342, 132.75628088]]",27,quantum,2,,/local/scratch/a/rames102/Gurobi_QP/one_equality/complete_random
precond_pen=1.000,24,-2.909788242347993,132.1415787878592,1.0,2,0.5571119785308838,0.020533084869384766,0.0,001101010101100101110001,--++-+-+-+-++--+-+++---+,0,False,"[[0.000118, 147.47040017], [0.004998, 146.86794691], [0.005413, 133.14173863], [0.020533, 132.14157879]]",27,quantum,2,,/local/scratch/a/rames102/Gurobi_QP/one_equality/complete_random
baseline,24,133.957944652624,133.95794465262384,,2,1.5353591442108154,0.003905057907104492,0.0,110000010111000101101101,++-----+-+++---+-++-++-+,0,False,"[[0.000113, 161.13941052], [0.003905, 133.95794465]]",28,quantum,2,,/local/scratch/a/rames102/Gurobi_QP/one_equality/complete_random
precond_pen=0.200,24,-13.51835842555208,137.74108753208588,0.2,2,0.2858569622039795,0.004621982574462891,0.0,110010011110000101101100,++--+--++++----+-++-++--,0,False,"[[0.000122, 161.13941052], [0.003454, 153.9850542], [0.003985, 155.93082461], [0.004622, 137.74108753]]",28,quantum,2,,/local/scratch/a/rames102/Gurobi_QP/one_equality/complete_random
precond_pen=0.300,24,-26.165584584518008,133.95794465262384,0.3,2,0.050668954849243164,0.02332305908203125,0.0,001111101000111010010010,--+++++-+---+++-+--+--+-,0,False,"[[0.000112, 161.13941052], [0.003972, 149.73353089], [0.004353, 150.7479385], [0.005045, 138.15519156], [0.023323, 133.95794465]]",28,quantum,2,,/local/scratch/a/rames102/Gurobi_QP/one_equality/complete_random
precond_pen=0.400,24,-20.485344007537996,133.95794465262384,0.4,2,0.045889854431152344,0.04400491714477539,0.0,110000010111000101101101,++-----+-+++---+-++-++-+,0,False,"[[0.00011, 161.13941052], [0.003942, 148.62326996], [0.004805, 137.12769981], [0.021994, 138.15519156], [0.044005, 133.95794465]]",28,quantum,2,,/local/scratch/a/rames102/Gurobi_QP/one_equality/complete_random
precond_pen=0.500,24,-15.750904682851008,133.95794465262384,0.5,2,0.05417299270629883,0.004757881164550781,0.0,110000010111000101101101,++-----+-+++---+-++-++-+,0,False,"[[0.000114, 161.13941052], [0.003793, 149.33592407], [0.004758, 133.95794465]]",28,quantum,2,,/local/scratch/a/rames102/Gurobi_QP/one_equality/complete_random
precond_pen=0.600,24,-12.009493811704994,133.95794465262384,0.6,2,0.05499410629272461,0.005203962326049805,0.0,110000010111000101101101,++-----+-+++---+-++-++-+,0,False,"[[0.000111, 161.13941052], [0.004012, 150.23435592], [0.004373, 150.7479385], [0.005204, 133.95794465]]",28,quantum,2,,/local/scratch/a/rames102/Gurobi_QP/one_equality/complete_random
precond_pen=0.700,24,-9.166268347092004,133.95794465262384,0.7,2,0.05715608596801758,0.005045890808105469,0.0,110000010111000101101101,++-----+-+++---+-++-++-+,0,False,"[[0.000109, 161.13941052], [0.003902, 154.5847398], [0.004168, 153.9850542], [0.004462, 153.02604524], [0.005046, 133.95794465]]",28,quantum,2,,/local/scratch/a/rames102/Gurobi_QP/one_equality/complete_random
precond_pen=0.800,24,-7.192186781570001,133.95794465262384,0.8,2,0.07339000701904297,0.004380941390991211,0.0,110000010111000101101101,++-----+-+++---+-++-++-+,0,False,"[[0.000109, 161.13941052], [0.003967, 155.27146872], [0.004381, 133.95794465]]",28,quantum,2,,/local/scratch/a/rames102/Gurobi_QP/one_equality/complete_random
precond_pen=1.000,24,-3.4885169255230064,133.95794465262384,1.0,2,0.3289661407470703,0.004667997360229492,0.0,110000010111000101101101,++-----+-+++---+-++-++-+,0,False,"[[0.000111, 161.13941052], [0.00417, 158.49697652], [0.004668, 133.95794465]]",28,quantum,2,,/local/scratch/a/rames102/Gurobi_QP/one_equality/complete_random
baseline,24,118.33310044147123,118.33310044147099,,2,1.3815929889678955,1.3806750774383545,0.0,001001101110110110010010,--+--++-+++-++-++--+--+-,0,False,"[[0.000112, 146.33502735], [0.003853, 119.7857443], [0.668965, 118.33310044], [1.380675, 118.33310044]]",29,quantum,2,,/local/scratch/a/rames102/Gurobi_QP/one_equality/complete_random
precond_pen=0.200,24,-20.767116070948013,118.33310044147099,0.2,2,0.1746349334716797,0.02608180046081543,0.0,110110010001001001101101,++-++--+---+--+--++-++-+,0,False,"[[0.000117, 146.33502735], [0.004081, 129.79424949], [0.004874, 121.25787102], [0.026082, 118.33310044]]",29,quantum,2,,/local/scratch/a/rames102/Gurobi_QP/one_equality/complete_random
precond_pen=0.300,24,-26.133021019147,118.33310044147099,0.3,2,0.11543488502502441,0.02485799789428711,0.0,110110010001001001101101,++-++--+---+--+--++-++-+,0,False,"[[0.000138, 146.33502735], [0.004258, 131.27580686], [0.005076, 119.7857443], [0.024858, 118.33310044]]",29,quantum,2,,/local/scratch/a/rames102/Gurobi_QP/one_equality/complete_random
precond_pen=0.400,24,-18.885998275911,118.33310044147099,0.4,2,0.06273317337036133,0.021505117416381836,0.0,001001101110110110010010,--+--++-+++-++-++--+--+-,0,False,"[[0.000128, 146.33502735], [0.003974, 141.0896163], [0.004434, 140.40458848], [0.004773, 140.82015817], [0.005266, 119.7857443], [0.021505, 118.33310044]]",29,quantum,2,,/local/scratch/a/rames102/Gurobi_QP/one_equality/complete_random
precond_pen=0.500,24,-14.271669554519017,118.33310044147099,0.5,2,0.1381678581237793,0.0642390251159668,0.0,001001101110110110010010,--+--++-+++-++-++--+--+-,0,False,"[[0.000127, 146.33502735], [0.004022, 136.82665091], [0.004977, 119.7857443], [0.064239, 118.33310044]]",29,quantum,2,,/local/scratch/a/rames102/Gurobi_QP/one_equality/complete_random
precond_pen=0.600,24,-10.708399005634984,118.33310044147099,0.6,2,0.0710141658782959,0.00598907470703125,0.0,001001101110110110010010,--+--++-+++-++-++--+--+-,0,False,"[[0.000201, 146.33502735], [0.005036, 135.4026773], [0.005989, 118.33310044]]",29,quantum,2,,/local/scratch/a/rames102/Gurobi_QP/one_equality/complete_random
precond_pen=0.700,24,-8.169907257323002,118.33310044147099,0.7,2,0.07883095741271973,0.07849979400634766,0.0,110110010001001001101101,++-++--+---+--+--++-++-+,0,False,"[[0.000127, 146.33502735], [0.004358, 139.0372498], [0.004594, 140.40458848], [0.004861, 139.49980912], [0.005096, 121.42765704], [0.076083, 118.33310044], [0.0785, 118.33310044]]",29,quantum,2,,/local/scratch/a/rames102/Gurobi_QP/one_equality/complete_random
precond_pen=0.800,24,-6.465934301360001,118.33310044147099,0.8,2,0.07776188850402832,0.024235010147094727,0.0,110110010001001001101101,++-++--+---+--+--++-++-+,0,False,"[[0.000124, 146.33502735], [0.004307, 136.42882349], [0.004898, 134.56302686], [0.005177, 121.42765704], [0.024235, 118.33310044]]",29,quantum,2,,/local/scratch/a/rames102/Gurobi_QP/one_equality/complete_random
precond_pen=1.000,24,-3.1963759743079976,118.33310044147099,1.0,2,0.4549250602722168,0.005154132843017578,0.0,110110010001001001101101,++-++--+---+--+--++-++-+,0,False,"[[0.000126, 146.33502735], [0.004344, 136.59274786], [0.0049, 132.72497649], [0.005154, 118.33310044]]",29,quantum,2,,/local/scratch/a/rames102/Gurobi_QP/one_equality/complete_random
baseline,24,121.46627467208708,121.466274672087,,2,4.927757978439331,0.46868109703063965,0.0,111010100000001011011011,+++-+-+-------+-++-++-++,0,False,"[[0.000138, 140.81262535], [0.003252, 138.54696213], [0.003475, 138.45414359], [0.004004, 122.74920645], [0.455419, 122.6490737], [0.455522, 122.58612498], [0.468681, 121.46627467]]",30,quantum,2,,/local/scratch/a/rames102/Gurobi_QP/one_equality/complete_random
precond_pen=0.200,24,-17.007459409770995,121.466274672087,0.2,2,0.1935720443725586,0.1929631233215332,0.0,000101011111110100100100,---+-+-+++++++-+--+--+--,0,False,"[[0.00014, 140.81262535], [0.004346, 135.23633437], [0.004881, 134.65323605], [0.005556, 123.52993575], [0.176945, 121.46627467], [0.192963, 121.46627467]]",30,quantum,2,,/local/scratch/a/rames102/Gurobi_QP/one_equality/complete_random
precond_pen=0.300,24,-21.93186579282601,121.466274672087,0.3,2,0.1799919605255127,0.005828857421875,0.0,111010100000001011011011,+++-+-+-------+-++-++-++,0,False,"[[0.000126, 140.81262535], [0.0049, 133.62278554], [0.005829, 121.46627467]]",30,quantum,2,,/local/scratch/a/rames102/Gurobi_QP/one_equality/complete_random
precond_pen=0.400,24,-16.575294174150986,121.466274672087,0.4,2,0.23484206199645996,0.022483110427856445,0.0,111010100000001011011011,+++-+-+-------+-++-++-++,0,False,"[[0.000128, 140.81262535], [0.003791, 133.40556274], [0.005006, 122.23738233], [0.022483, 121.46627467]]",30,quantum,2,,/local/scratch/a/rames102/Gurobi_QP/one_equality/complete_random
precond_pen=0.500,24,-12.680214300947004,121.466274672087,0.5,2,0.2817227840423584,0.004721879959106445,0.0,111010100000001011011011,+++-+-+-------+-++-++-++,0,False,"[[0.000127, 140.81262535], [0.003735, 139.82353141], [0.004013, 138.45414359], [0.004286, 134.30667699], [0.004722, 121.46627467]]",30,quantum,2,,/local/scratch/a/rames102/Gurobi_QP/one_equality/complete_random
precond_pen=0.600,24,-9.612823253281993,121.466274672087,0.6,2,0.32561707496643066,0.08592009544372559,0.0,111010100000001011011011,+++-+-+-------+-++-++-++,0,False,"[[0.00014, 140.81262535], [0.004112, 135.63196652], [0.004454, 134.65323605], [0.004724, 134.30667699], [0.005166, 122.14235153], [0.085619, 121.79458822], [0.08592, 121.46627467]]",30,quantum,2,,/local/scratch/a/rames102/Gurobi_QP/one_equality/complete_random
precond_pen=0.700,24,-7.392638051284001,121.466274672087,0.7,2,0.36925601959228516,0.023385047912597656,0.0,111010100000001011011011,+++-+-+-------+-++-++-++,0,False,"[[0.000139, 140.81262535], [0.004346, 133.21853041], [0.005202, 122.14235153], [0.023385, 121.46627467]]",30,quantum,2,,/local/scratch/a/rames102/Gurobi_QP/one_equality/complete_random
precond_pen=0.800,24,-3.3274055778650045,121.466274672087,0.8,2,0.5025620460510254,0.5018901824951172,0.0,000101011111110100100100,---+-+-+++++++-+--+--+--,0,False,"[[0.000128, 140.81262535], [0.004544, 133.57599572], [0.005342, 122.14235153], [0.484476, 121.91267551], [0.484642, 121.46627467], [0.50189, 121.46627467]]",30,quantum,2,,/local/scratch/a/rames102/Gurobi_QP/one_equality/complete_random
precond_pen=1.000,24,-0.10308230234300006,140.08615206915894,1.0,2,0.47376394271850586,0.0214688777923584,0.0,101011100100110000011101,+-+-+++--+--++-----+++-+,0,False,"[[0.000128, 140.81262535], [0.004882, 140.43442858], [0.005155, 137.0210958], [0.005609, 131.45605213], [0.021469, 140.08615207]]",30,quantum,2,,/local/scratch/a/rames102/Gurobi_QP/one_equality/complete_random
baseline,24,132.6642314003589,132.66423140035903,,2,4.219811916351318,4.218787908554077,0.0,001011101000011001111010,--+-+++-+----++--++++-+-,0,False,"[[0.000115, 149.69382883], [0.003269, 147.45669658], [0.003813, 146.52609766], [0.004177, 133.99605158], [0.310328, 133.23763159], [0.993589, 132.6642314], [4.218788, 132.6642314]]",31,quantum,2,,/local/scratch/a/rames102/Gurobi_QP/one_equality/complete_random
precond_pen=0.200,24,-13.19524283416603,133.28188519415488,0.2,2,0.38567090034484863,0.2354269027709961,0.0,110100000111100110001101,++-+-----++++--++---++-+,0,False,"[[0.000117, 149.69382883], [0.003748, 144.4500795], [0.004315, 146.52609766], [0.004702, 135.52466937], [0.224801, 136.85484877], [0.235427, 133.28188519]]",31,quantum,2,,/local/scratch/a/rames102/Gurobi_QP/one_equality/complete_random
precond_pen=0.300,24,-23.289473048230008,133.28188519415488,0.3,2,0.16205406188964844,0.13794898986816406,0.0,001011111000011001110010,--+-+++++----++--+++--+-,0,False,"[[0.000117, 149.69382883], [0.004566, 149.94215021], [0.005088, 146.52609766], [0.005411, 142.35885778], [0.005743, 133.30581951], [0.124059, 132.6642314], [0.137949, 133.28188519]]",31,quantum,2,,/local/scratch/a/rames102/Gurobi_QP/one_equality/complete_random
precond_pen=0.400,24,-17.938068375853007,133.28188519415488,0.4,2,0.1413421630859375,0.1409749984741211,0.0,110100000111100110001101,++-+-----++++--++---++-+,0,False,"[[0.000111, 149.69382883], [0.004057, 148.0895962], [0.004611, 133.23763159], [0.138959, 133.28188519], [0.140975, 133.28188519]]",31,quantum,2,,/local/scratch/a/rames102/Gurobi_QP/one_equality/complete_random
precond_pen=0.500,24,-13.777892714544999,132.66423140035903,0.5,2,0.18555307388305664,0.18502020835876465,0.0,110100010111100110000101,++-+---+-++++--++----+-+,0,False,"[[0.000111, 149.69382883], [0.004145, 148.05930387], [0.004476, 146.52609766], [0.004768, 140.9949952], [0.005119, 133.23763159], [0.184622, 132.6642314], [0.18502, 132.6642314]]",31,quantum,2,,/local/scratch/a/rames102/Gurobi_QP/one_equality/complete_random
precond_pen=0.600,24,-10.491303368212996,132.66423140035903,0.6,2,0.23239684104919434,0.021491050720214844,0.0,001011101000011001111010,--+-+++-+----++--++++-+-,0,False,"[[0.000122, 149.69382883], [0.004201, 144.41347461], [0.005059, 133.23763159], [0.021491, 132.6642314]]",31,quantum,2,,/local/scratch/a/rames102/Gurobi_QP/one_equality/complete_random
precond_pen=0.700,24,-8.034909498837003,132.66423140035903,0.7,2,0.2677788734436035,0.004743099212646484,0.0,110100010111100110000101,++-+---+-++++--++----+-+,0,False,"[[0.00011, 149.69382883], [0.004401, 146.40140085], [0.004743, 132.6642314]]",31,quantum,2,,/local/scratch/a/rames102/Gurobi_QP/one_equality/complete_random
precond_pen=0.800,24,-3.564329402943992,132.66423140035903,0.8,2,0.4255330562591553,0.4249389171600342,0.0,001011101000011001111010,--+-+++-+----++--++++-+-,0,False,"[[0.000111, 149.69382883], [0.005589, 148.8182594], [0.005935, 136.11661947], [0.023653, 133.23763159], [0.416552, 132.6642314], [0.424939, 132.6642314]]",31,quantum,2,,/local/scratch/a/rames102/Gurobi_QP/one_equality/complete_random
precond_pen=1.000,24,-4.382323465460001,132.66423140035903,1.0,2,0.3398580551147461,0.3393089771270752,0.0,001011101000011001111010,--+-+++-+----++--++++-+-,0,False,"[[0.000114, 149.69382883], [0.004414, 149.13463443], [0.004734, 146.52609766], [0.005182, 133.99605158], [0.022047, 133.23763159], [0.338924, 132.6642314], [0.339309, 132.6642314]]",31,quantum,2,,/local/scratch/a/rames102/Gurobi_QP/one_equality/complete_random
baseline,24,108.36902601443497,108.36902601443492,,2,0.9272608757019043,0.003944873809814453,0.0,010100101110100010011011,-+-+--+-+++-+---+--++-++,0,False,"[[0.000112, 136.50888333], [0.003076, 129.6101708], [0.003945, 108.36902601]]",32,quantum,2,,/local/scratch/a/rames102/Gurobi_QP/one_equality/complete_random
precond_pen=0.200,24,-30.21292315414201,108.36902601443492,0.2,2,0.13952398300170898,0.004987955093383789,0.0,010100101110100010011011,-+-+--+-+++-+---+--++-++,0,False,"[[0.000114, 136.50888333], [0.004062, 126.27161748], [0.004988, 108.36902601]]",32,quantum,2,,/local/scratch/a/rames102/Gurobi_QP/one_equality/complete_random
precond_pen=0.300,24,-30.750211464420993,108.36902601443492,0.3,2,0.09931588172912598,0.005101919174194336,0.0,010100101110100010011011,-+-+--+-+++-+---+--++-++,0,False,"[[0.000113, 136.50888333], [0.003831, 128.73921484], [0.004635, 123.76276218], [0.005102, 108.36902601]]",32,quantum,2,,/local/scratch/a/rames102/Gurobi_QP/one_equality/complete_random
precond_pen=0.400,24,-21.990434985064,108.36902601443492,0.4,2,0.12888002395629883,0.0045850276947021484,0.0,010100101110100010011011,-+-+--+-+++-+---+--++-++,0,False,"[[0.000117, 136.50888333], [0.004137, 129.72924376], [0.004585, 108.36902601]]",32,quantum,2,,/local/scratch/a/rames102/Gurobi_QP/one_equality/complete_random
precond_pen=0.500,24,-16.442483829880995,108.36902601443492,0.5,2,0.15665388107299805,0.005295991897583008,0.0,010100101110100010011011,-+-+--+-+++-+---+--++-++,0,False,"[[0.000116, 136.50888333], [0.004257, 128.13603748], [0.00489, 127.87931516], [0.005296, 108.36902601]]",32,quantum,2,,/local/scratch/a/rames102/Gurobi_QP/one_equality/complete_random
precond_pen=0.600,24,-12.209684637049994,108.36902601443492,0.6,2,0.17014813423156738,0.0056569576263427734,0.0,101011010001011101100100,+-+-++-+---+-+++-++--+--,0,False,"[[0.000116, 136.50888333], [0.004696, 132.44713881], [0.00498, 129.6101708], [0.005657, 108.36902601]]",32,quantum,2,,/local/scratch/a/rames102/Gurobi_QP/one_equality/complete_random
precond_pen=0.700,24,-9.220033019616002,108.36902601443492,0.7,2,0.13037705421447754,0.022593021392822266,0.0,101011010001011101100100,+-+-++-+---+-+++-++--+--,0,False,"[[0.00011, 136.50888333], [0.004244, 125.97663686], [0.005122, 109.56812673], [0.022593, 108.36902601]]",32,quantum,2,,/local/scratch/a/rames102/Gurobi_QP/one_equality/complete_random
precond_pen=0.800,24,-7.231131939084998,108.36902601443492,0.8,2,0.19204306602478027,0.02392411231994629,0.0,101011010001011101100100,+-+-++-+---+-+++-++--+--,0,False,"[[0.000111, 136.50888333], [0.004455, 127.18980975], [0.005064, 125.92522394], [0.005405, 109.56812673], [0.023924, 108.36902601]]",32,quantum,2,,/local/scratch/a/rames102/Gurobi_QP/one_equality/complete_random
precond_pen=1.000,24,-3.466917099806997,108.36902601443492,1.0,2,0.43783092498779297,0.020081043243408203,0.0,010100101110100010011011,-+-+--+-+++-+---+--++-++,0,False,"[[0.000114, 136.50888333], [0.004493, 130.64962545], [0.004896, 109.56812673], [0.020081, 108.36902601]]",32,quantum,2,,/local/scratch/a/rames102/Gurobi_QP/one_equality/complete_random
baseline,24,118.502302902067,118.50230290206693,,2,1.843458890914917,0.0041239261627197266,0.0,111111000101000011001100,++++++---+-+----++--++--,0,False,"[[0.000113, 145.09254499], [0.00379, 143.85754409], [0.004124, 118.5023029]]",33,quantum,2,,/local/scratch/a/rames102/Gurobi_QP/one_equality/complete_random
precond_pen=0.200,24,-22.699391095512997,118.99229225635108,0.2,2,0.1733570098876953,0.0050029754638671875,0.0,010000111010111100010011,-+----+++-+-++++---+--++,0,False,"[[0.000118, 145.09254499], [0.004129, 136.39449579], [0.004426, 139.89303816], [0.005003, 118.99229226]]",33,quantum,2,,/local/scratch/a/rames102/Gurobi_QP/one_equality/complete_random
precond_pen=0.300,24,-26.983098883751005,118.99229225635108,0.3,2,0.12217402458190918,0.004702091217041016,0.0,010000111010111100010011,-+----+++-+-++++---+--++,0,False,"[[0.000116, 145.09254499], [0.00376, 141.25250602], [0.004055, 139.89303816], [0.004364, 138.06571467], [0.004702, 118.99229226]]",33,quantum,2,,/local/scratch/a/rames102/Gurobi_QP/one_equality/complete_random
precond_pen=0.400,24,-17.915295456284,118.99229225635108,0.4,2,0.2094438076019287,0.005125999450683594,0.0,010000111010111100010011,-+----+++-+-++++---+--++,0,False,"[[0.000117, 145.09254499], [0.004099, 139.93486418], [0.004388, 139.89303816], [0.005126, 118.99229226]]",33,quantum,2,,/local/scratch/a/rames102/Gurobi_QP/one_equality/complete_random
precond_pen=0.500,24,-13.146409562396999,118.50230290206693,0.5,2,0.17624497413635254,0.005357027053833008,0.0,000000111010111100110011,------+++-+-++++--++--++,0,False,"[[0.000114, 145.09254499], [0.004079, 135.33636641], [0.004431, 135.54553046], [0.004756, 131.92736733], [0.005357, 118.5023029]]",33,quantum,2,,/local/scratch/a/rames102/Gurobi_QP/one_equality/complete_random
precond_pen=0.600,24,-9.772747932007995,118.50230290206693,0.6,2,0.24199700355529785,0.004837989807128906,0.0,000000111010111100110011,------+++-+-++++--++--++,0,False,"[[0.000111, 145.09254499], [0.003855, 140.42835611], [0.004136, 139.89303816], [0.004408, 135.99299193], [0.004838, 118.5023029]]",33,quantum,2,,/local/scratch/a/rames102/Gurobi_QP/one_equality/complete_random
precond_pen=0.700,24,-7.444537270887013,118.50230290206693,0.7,2,0.32000112533569336,0.005717039108276367,0.0,000000111010111100110011,------+++-+-++++--++--++,0,False,"[[0.000111, 145.09254499], [0.004322, 137.09075658], [0.004829, 133.71754252], [0.005099, 130.33799484], [0.005717, 118.5023029]]",33,quantum,2,,/local/scratch/a/rames102/Gurobi_QP/one_equality/complete_random
precond_pen=0.800,24,-4.428769085401987,118.50230290206693,0.8,2,0.37350988388061523,0.022804975509643555,0.0,111111000101000011001100,++++++---+-+----++--++--,0,False,"[[0.000112, 145.09254499], [0.004239, 128.93070818], [0.005043, 121.85125536], [0.022076, 121.68879876], [0.022805, 118.5023029]]",33,quantum,2,,/local/scratch/a/rames102/Gurobi_QP/one_equality/complete_random
precond_pen=1.000,24,-2.9448382940919995,118.50230290206693,1.0,2,0.49219608306884766,0.005773067474365234,0.0,000000111010111100110011,------+++-+-++++--++--++,0,False,"[[0.000111, 145.09254499], [0.004822, 133.30812471], [0.005361, 132.97235326], [0.005773, 118.5023029]]",33,quantum,2,,/local/scratch/a/rames102/Gurobi_QP/one_equality/complete_random
baseline,24,124.91374947545002,124.91374947544996,,2,5.045451879501343,5.044243812561035,0.0,101100010101010101011010,+-++---+-+-+-+-+-+-++-+-,0,False,"[[0.000117, 144.1352857], [0.003165, 143.26006694], [0.003497, 140.16592362], [0.003897, 125.11242857], [1.12102, 124.91374948], [5.044244, 124.91374948]]",34,quantum,2,,/local/scratch/a/rames102/Gurobi_QP/one_equality/complete_random
precond_pen=0.200,24,-15.407920820921056,125.11242857474396,0.2,2,0.24313783645629883,0.005568027496337891,0.0,111010110000001111100010,+++-+-++------+++++---+-,0,False,"[[0.000124, 144.1352857], [0.004419, 144.95319534], [0.004968, 140.27657306], [0.005568, 125.11242857]]",34,quantum,2,,/local/scratch/a/rames102/Gurobi_QP/one_equality/complete_random
precond_pen=0.300,24,-22.224953624930002,126.34165555625408,0.3,2,0.11385607719421387,0.0215151309967041,0.0,011010111000001111100010,-++-+-+++-----+++++---+-,0,False,"[[0.000111, 144.1352857], [0.003762, 137.1994392], [0.004486, 140.34038172], [0.004815, 126.18705978], [0.021515, 126.34165556]]",34,quantum,2,,/local/scratch/a/rames102/Gurobi_QP/one_equality/complete_random
precond_pen=0.400,24,-15.783968018938006,126.18705978199183,0.4,2,0.16494393348693848,0.0049610137939453125,0.0,100101010101010101011001,+--+-+-+-+-+-+-+-+-++--+,0,False,"[[0.00012, 144.1352857], [0.004142, 134.61899998], [0.004961, 126.18705978]]",34,quantum,2,,/local/scratch/a/rames102/Gurobi_QP/one_equality/complete_random
precond_pen=0.500,24,-12.126694576536998,124.91374947544996,0.5,2,0.16791391372680664,0.1672990322113037,0.0,101100010101010101011010,+-++---+-+-+-+-+-+-++-+-,0,False,"[[0.000112, 144.1352857], [0.004041, 138.73427766], [0.004734, 137.19492125], [0.005077, 127.70561939], [0.023708, 126.58785222], [0.156292, 126.67062278], [0.164997, 126.18705978], [0.165092, 125.11242857], [0.165183, 124.91374948], [0.167299, 124.91374948]]",34,quantum,2,,/local/scratch/a/rames102/Gurobi_QP/one_equality/complete_random
precond_pen=0.600,24,-9.26220954908101,124.91374947544996,0.6,2,0.19028091430664062,0.004793882369995117,0.0,010011101010101010100101,-+--+++-+-+-+-+-+-+--+-+,0,False,"[[0.000111, 144.1352857], [0.003876, 141.67801788], [0.00421, 140.16592362], [0.004524, 137.34949552], [0.004794, 124.91374948]]",34,quantum,2,,/local/scratch/a/rames102/Gurobi_QP/one_equality/complete_random
precond_pen=0.700,24,-7.129523128355009,124.91374947544996,0.7,2,0.2096102237701416,0.023057222366333008,0.0,101100010101010101011010,+-++---+-+-+-+-+-+-++-+-,0,False,"[[0.00011, 144.1352857], [0.004056, 134.55810332], [0.004706, 134.14668924], [0.005147, 125.11242857], [0.023057, 124.91374948]]",34,quantum,2,,/local/scratch/a/rames102/Gurobi_QP/one_equality/complete_random
precond_pen=0.800,24,-5.672928345991997,124.91374947544996,0.8,2,0.2945899963378906,0.29406285285949707,0.0,010011101010101010100101,-+--+++-+-+-+-+-+-+--+-+,0,False,"[[0.000111, 144.1352857], [0.004407, 133.51166357], [0.0048, 125.72215086], [0.290085, 124.91374948], [0.294063, 124.91374948]]",34,quantum,2,,/local/scratch/a/rames102/Gurobi_QP/one_equality/complete_random
precond_pen=1.000,24,-2.8893332779860117,124.91374947544996,1.0,2,0.6018531322479248,0.005641937255859375,0.0,010011101010101010100101,-+--+++-+-+-+-+-+-+--+-+,0,False,"[[0.00012, 144.1352857], [0.00461, 139.88646305], [0.005348, 133.82602185], [0.005642, 124.91374948]]",34,quantum,2,,/local/scratch/a/rames102/Gurobi_QP/one_equality/complete_random
baseline,24,119.41310822702411,119.41310822702384,,2,1.6610760688781738,0.9518289566040039,0.0,010101101110000110101010,-+-+-++-+++----++-+-+-+-,0,False,"[[0.000111, 144.06301503], [0.003242, 141.62621848], [0.003534, 140.70551332], [0.003847, 140.45360655], [0.004129, 124.45282289], [0.064229, 123.99451337], [0.064363, 121.75457927], [0.868007, 120.91671787], [0.924267, 120.86517052], [0.951829, 119.41310823]]",35,quantum,2,,/local/scratch/a/rames102/Gurobi_QP/one_equality/complete_random
precond_pen=0.200,24,-21.844070549327967,119.41310822702384,0.2,2,0.1925041675567627,0.004909992218017578,0.0,101010010001111001010101,+-+-+--+---++++--+-+-+-+,0,False,"[[0.000117, 144.06301503], [0.004057, 133.69256228], [0.00491, 119.41310823]]",35,quantum,2,,/local/scratch/a/rames102/Gurobi_QP/one_equality/complete_random
precond_pen=0.300,24,-27.566577442774,119.41310822702384,0.3,2,0.09876799583435059,0.09844493865966797,0.0,101010010001111001010101,+-+-+--+---++++--+-+-+-+,0,False,"[[0.00011, 144.06301503], [0.003859, 144.50866871], [0.004217, 142.09501554], [0.004726, 120.91671787], [0.092096, 119.41310823], [0.098445, 119.41310823]]",35,quantum,2,,/local/scratch/a/rames102/Gurobi_QP/one_equality/complete_random
precond_pen=0.400,24,-19.940416756317013,119.41310822702384,0.4,2,0.09843611717224121,0.05891704559326172,0.0,010101101110000110101010,-+-+-++-+++----++-+-+-+-,0,False,"[[0.000111, 144.06301503], [0.003889, 139.19413484], [0.004252, 139.0427646], [0.004677, 120.91671787], [0.058917, 119.41310823]]",35,quantum,2,,/local/scratch/a/rames102/Gurobi_QP/one_equality/complete_random
precond_pen=0.500,24,-15.051555480165993,119.41310822702384,0.5,2,0.06848788261413574,0.0681447982788086,0.0,101010010001111001010101,+-+-+--+---++++--+-+-+-+,0,False,"[[0.000114, 144.06301503], [0.004003, 141.36772158], [0.004363, 139.0427646], [0.004664, 136.05716862], [0.004985, 120.91671787], [0.065921, 119.41310823], [0.068145, 119.41310823]]",35,quantum,2,,/local/scratch/a/rames102/Gurobi_QP/one_equality/complete_random
precond_pen=0.600,24,-11.285403212850996,119.41310822702384,0.6,2,0.06310319900512695,0.06278014183044434,0.0,010101101110000110101010,-+-+-++-+++----++-+-+-+-,0,False,"[[0.000109, 144.06301503], [0.004018, 129.09151753], [0.004924, 120.91671787], [0.061666, 119.41310823], [0.06278, 119.41310823]]",35,quantum,2,,/local/scratch/a/rames102/Gurobi_QP/one_equality/complete_random
precond_pen=0.700,24,-8.597741601842003,119.41310822702384,0.7,2,0.0914309024810791,0.09110593795776367,0.0,101010010001111001010101,+-+-+--+---++++--+-+-+-+,0,False,"[[0.00011, 144.06301503], [0.004226, 135.98561156], [0.005049, 120.91671787], [0.088987, 119.41310823], [0.091106, 119.41310823]]",35,quantum,2,,/local/scratch/a/rames102/Gurobi_QP/one_equality/complete_random
precond_pen=0.800,24,-2.1644207023860016,119.41310822702384,0.8,2,0.6152698993682861,0.005133867263793945,0.0,010101101110000110101010,-+-+-++-+++----++-+-+-+-,0,False,"[[0.00011, 144.06301503], [0.004647, 140.95980427], [0.005134, 119.41310823]]",35,quantum,2,,/local/scratch/a/rames102/Gurobi_QP/one_equality/complete_random
precond_pen=1.000,24,-3.2473092968299877,119.41310822702384,1.0,2,0.38933587074279785,0.02095794677734375,0.0,010101101110000110101010,-+-+-++-+++----++-+-+-+-,0,False,"[[0.000117, 144.06301503], [0.004436, 133.22073781], [0.005327, 121.75457927], [0.020958, 119.41310823]]",35,quantum,2,,/local/scratch/a/rames102/Gurobi_QP/one_equality/complete_random
baseline,24,117.2509853620491,117.25098536204898,,2,1.7995190620422363,1.7985172271728516,0.0,101001011001111000101100,+-+--+-++--++++---+-++--,0,False,"[[0.000113, 139.38169263], [0.003259, 137.02300167], [0.00354, 134.25008102], [0.003994, 118.97529958], [0.065136, 118.27082222], [0.880245, 117.97763071], [0.880427, 117.81625822], [1.2684, 117.25098536], [1.798517, 117.25098536]]",36,quantum,2,,/local/scratch/a/rames102/Gurobi_QP/one_equality/complete_random
precond_pen=0.200,24,-19.520409436517983,118.08702966531499,0.2,2,0.17336392402648926,0.17273783683776855,0.0,010110000110000111110011,-+-++----++----+++++--++,0,False,"[[0.000118, 139.38169263], [0.003946, 130.5083113], [0.004823, 120.84444281], [0.160567, 118.6790181], [0.170439, 118.08702967], [0.172738, 118.08702967]]",36,quantum,2,,/local/scratch/a/rames102/Gurobi_QP/one_equality/complete_random
precond_pen=0.300,24,-22.833723455983,117.25098536204898,0.3,2,0.13895392417907715,0.005354881286621094,0.0,010110100110000111010011,-+-++-+--++----+++-+--++,0,False,"[[0.000111, 139.38169263], [0.004189, 137.52331221], [0.004502, 134.25008102], [0.004861, 131.34239595], [0.005355, 117.25098536]]",36,quantum,2,,/local/scratch/a/rames102/Gurobi_QP/one_equality/complete_random
precond_pen=0.400,24,-16.987460747344997,117.25098536204898,0.4,2,0.1344900131225586,0.02346491813659668,0.0,101001011001111000101100,+-+--+-++--++++---+-++--,0,False,"[[0.000121, 139.38169263], [0.004118, 128.41929739], [0.004891, 118.27082222], [0.023465, 117.25098536]]",36,quantum,2,,/local/scratch/a/rames102/Gurobi_QP/one_equality/complete_random
precond_pen=0.500,24,-12.746887058751994,117.25098536204898,0.5,2,0.14172697067260742,0.0052220821380615234,0.0,101001011001111000101100,+-+--+-++--++++---+-++--,0,False,"[[0.000111, 139.38169263], [0.00432, 126.80956925], [0.005222, 117.25098536]]",36,quantum,2,,/local/scratch/a/rames102/Gurobi_QP/one_equality/complete_random
precond_pen=0.600,24,-9.448160464257997,117.25098536204898,0.6,2,0.12964606285095215,0.022073030471801758,0.0,010110100110000111010011,-+-++-+--++----+++-+--++,0,False,"[[0.000111, 139.38169263], [0.004547, 129.37648081], [0.00494, 118.27082222], [0.022073, 117.25098536]]",36,quantum,2,,/local/scratch/a/rames102/Gurobi_QP/one_equality/complete_random
precond_pen=0.700,24,-7.1819118653050005,117.25098536204898,0.7,2,0.18329596519470215,0.182952880859375,0.0,010110100110000111010011,-+-++-+--++----+++-+--++,0,False,"[[0.00011, 139.38169263], [0.004822, 136.22460339], [0.005129, 134.25008102], [0.005552, 133.17394292], [0.005901, 118.27082222], [0.180725, 118.6790181], [0.181232, 117.25098536], [0.182953, 117.25098536]]",36,quantum,2,,/local/scratch/a/rames102/Gurobi_QP/one_equality/complete_random
precond_pen=0.800,24,-4.129757764672993,117.25098536204898,0.8,2,0.367603063583374,0.005681037902832031,0.0,101001011001111000101100,+-+--+-++--++++---+-++--,0,False,"[[0.000125, 139.38169263], [0.004764, 126.0677898], [0.005681, 117.25098536]]",36,quantum,2,,/local/scratch/a/rames102/Gurobi_QP/one_equality/complete_random
precond_pen=1.000,24,-1.9619646512840117,117.25098536204898,1.0,2,0.7161159515380859,0.018086910247802734,0.0,010110100110000111010011,-+-++-+--++----+++-+--++,0,False,"[[0.000113, 139.38169263], [0.00483, 124.1093612], [0.005067, 119.41187386], [0.018087, 117.25098536]]",36,quantum,2,,/local/scratch/a/rames102/Gurobi_QP/one_equality/complete_random
baseline,24,113.46519602317302,113.46519602317306,,2,1.7811429500579834,0.004051923751831055,0.0,111011010011100011000010,+++-++-+--+++---++----+-,0,False,"[[0.000114, 134.15114502], [0.003288, 133.578107], [0.003645, 133.1877107], [0.004052, 113.46519602]]",37,quantum,2,,/local/scratch/a/rames102/Gurobi_QP/one_equality/complete_random
precond_pen=0.200,24,-22.784056958296986,113.46519602317306,0.2,2,0.2018599510192871,0.004717826843261719,0.0,111011010011100011000010,+++-++-+--+++---++----+-,0,False,"[[0.000117, 134.15114502], [0.003913, 126.01862756], [0.004718, 113.46519602]]",37,quantum,2,,/local/scratch/a/rames102/Gurobi_QP/one_equality/complete_random
precond_pen=0.300,24,-25.627748732950998,113.46519602317306,0.3,2,0.0965888500213623,0.005640983581542969,0.0,111011010011100011000010,+++-++-+--+++---++----+-,0,False,"[[0.000112, 134.15114502], [0.004238, 129.43244566], [0.005174, 122.44816248], [0.005641, 113.46519602]]",37,quantum,2,,/local/scratch/a/rames102/Gurobi_QP/one_equality/complete_random
precond_pen=0.400,24,-18.590625126755,113.46519602317306,0.4,2,0.15224385261535645,0.0043468475341796875,0.0,111011010011100011000010,+++-++-+--+++---++----+-,0,False,"[[0.000117, 134.15114502], [0.003903, 129.93202563], [0.004347, 113.46519602]]",37,quantum,2,,/local/scratch/a/rames102/Gurobi_QP/one_equality/complete_random
precond_pen=0.500,24,-14.090157918260996,113.46519602317306,0.5,2,0.2200911045074463,0.0049860477447509766,0.0,111011010011100011000010,+++-++-+--+++---++----+-,0,False,"[[0.000113, 134.15114502], [0.003954, 129.74115856], [0.00459, 130.29356421], [0.004986, 113.46519602]]",37,quantum,2,,/local/scratch/a/rames102/Gurobi_QP/one_equality/complete_random
precond_pen=0.600,24,-10.572476825538,113.46519602317306,0.6,2,0.21138596534729004,0.2110118865966797,0.0,111011010011100011000010,+++-++-+--+++---++----+-,0,False,"[[0.000123, 134.15114502], [0.004116, 125.3650201], [0.00513, 114.48281813], [0.20906, 113.46519602], [0.211012, 113.46519602]]",37,quantum,2,,/local/scratch/a/rames102/Gurobi_QP/one_equality/complete_random
precond_pen=0.700,24,-8.051455784070004,113.46519602317306,0.7,2,0.19808387756347656,0.021609067916870117,0.0,111011010011100011000010,+++-++-+--+++---++----+-,0,False,"[[0.000112, 134.15114502], [0.003868, 132.06060923], [0.004372, 130.56405042], [0.004651, 128.73977358], [0.005078, 114.48281813], [0.021609, 113.46519602]]",37,quantum,2,,/local/scratch/a/rames102/Gurobi_QP/one_equality/complete_random
precond_pen=0.800,24,-2.0740683814530065,113.46519602317306,0.8,2,0.6657960414886475,0.019433021545410156,0.0,111011010011100011000010,+++-++-+--+++---++----+-,0,False,"[[0.000112, 134.15114502], [0.004906, 128.97996604], [0.005315, 117.39136752], [0.019433, 113.46519602]]",37,quantum,2,,/local/scratch/a/rames102/Gurobi_QP/one_equality/complete_random
precond_pen=1.000,24,-4.407063921069005,113.46519602317306,1.0,2,0.3987419605255127,0.3978550434112549,0.0,000100101100011100111101,---+--+-++---+++--++++-+,0,False,"[[0.000115, 134.15114502], [0.004568, 129.31604889], [0.00516, 114.48281813], [0.397413, 113.46519602], [0.397855, 113.46519602]]",37,quantum,2,,/local/scratch/a/rames102/Gurobi_QP/one_equality/complete_random
baseline,24,118.42666710757298,118.42666710757288,,2,4.929471969604492,0.06487607955932617,0.0,000111101011110101000001,---++++-+-++++-+-+-----+,0,False,"[[0.000116, 141.97613257], [0.004161, 139.52482849], [0.004453, 119.76485578], [0.064876, 118.42666711]]",38,quantum,2,,/local/scratch/a/rames102/Gurobi_QP/one_equality/complete_random
precond_pen=0.200,24,-16.62178957278097,118.6430896618009,0.2,2,0.2545590400695801,0.005011081695556641,0.0,001111101011110001000001,--+++++-+-++++---+-----+,0,False,"[[0.00012, 141.97613257], [0.004081, 134.33043358], [0.004565, 139.52482849], [0.005011, 118.64308966]]",38,quantum,2,,/local/scratch/a/rames102/Gurobi_QP/one_equality/complete_random
precond_pen=0.300,24,-20.81620365902701,118.6430896618009,0.3,2,0.058917999267578125,0.004854917526245117,0.0,110000010100001110111110,++-----+-+----+++-+++++-,0,False,"[[0.000116, 141.97613257], [0.004226, 131.85588829], [0.004855, 118.64308966]]",38,quantum,2,,/local/scratch/a/rames102/Gurobi_QP/one_equality/complete_random
precond_pen=0.400,24,-15.693828233970011,118.6430896618009,0.4,2,0.07039809226989746,0.005059957504272461,0.0,001111101011110001000001,--+++++-+-++++---+-----+,0,False,"[[0.000111, 141.97613257], [0.00396, 136.11311047], [0.004508, 133.96419878], [0.00506, 118.64308966]]",38,quantum,2,,/local/scratch/a/rames102/Gurobi_QP/one_equality/complete_random
precond_pen=0.500,24,-12.090267803838987,118.6430896618009,0.5,2,0.06639409065246582,0.005221128463745117,0.0,110000010100001110111110,++-----+-+----+++-+++++-,0,False,"[[0.000111, 141.97613257], [0.00403, 132.95077064], [0.004719, 130.45867194], [0.005221, 118.64308966]]",38,quantum,2,,/local/scratch/a/rames102/Gurobi_QP/one_equality/complete_random
precond_pen=0.600,24,-9.15959460550601,118.6430896618009,0.6,2,0.08760213851928711,0.022488117218017578,0.0,001111101011110001000001,--+++++-+-++++---+-----+,0,False,"[[0.00011, 141.97613257], [0.003938, 128.59700604], [0.004722, 121.85040091], [0.022488, 118.64308966]]",38,quantum,2,,/local/scratch/a/rames102/Gurobi_QP/one_equality/complete_random
precond_pen=0.700,24,-7.03499678561599,118.6430896618009,0.7,2,0.2019820213317871,0.0223848819732666,0.0,110000010100001110111110,++-----+-+----+++-+++++-,0,False,"[[0.000127, 141.97613257], [0.004234, 131.33935947], [0.004892, 130.83197225], [0.005319, 120.32877156], [0.022385, 118.64308966]]",38,quantum,2,,/local/scratch/a/rames102/Gurobi_QP/one_equality/complete_random
precond_pen=0.800,24,-5.593949748446999,118.6430896618009,0.8,2,0.23443102836608887,0.2340860366821289,0.0,001111101011110001000001,--+++++-+-++++---+-----+,0,False,"[[0.000113, 141.97613257], [0.004304, 131.02843627], [0.005252, 120.32877156], [0.022343, 119.76485578], [0.193954, 118.42666711], [0.232701, 118.64308966], [0.234086, 118.64308966]]",38,quantum,2,,/local/scratch/a/rames102/Gurobi_QP/one_equality/complete_random
precond_pen=1.000,24,-0.9703896306060007,124.079729114717,1.0,2,0.21668410301208496,0.0047931671142578125,0.0,110101010100001111001001,++-+-+-+-+----++++--+--+,0,False,"[[0.000111, 141.97613257], [0.003722, 124.4610994], [0.004793, 124.07972911]]",38,quantum,2,,/local/scratch/a/rames102/Gurobi_QP/one_equality/complete_random
baseline,24,120.8228290715071,120.82282907150703,,2,1.6333980560302734,1.2341558933258057,0.0,101000100101010100110111,+-+---+--+-+-+-+--++-+++,0,False,"[[0.000117, 132.68054889], [0.003745, 124.04157413], [0.312867, 123.96012005], [0.362292, 123.67719963], [0.375094, 121.18812596], [1.191513, 121.08729144], [1.234156, 120.82282907]]",39,quantum,2,,/local/scratch/a/rames102/Gurobi_QP/one_equality/complete_random
precond_pen=0.200,24,-18.820520487128,121.08729144337687,0.2,2,0.1678149700164795,0.004807949066162109,0.0,101000100111010100110110,+-+---+--+++-+-+--++-++-,0,False,"[[0.000114, 132.68054889], [0.004808, 121.08729144]]",39,quantum,2,,/local/scratch/a/rames102/Gurobi_QP/one_equality/complete_random
precond_pen=0.300,24,-25.450673172645004,121.08729144337687,0.3,2,0.16538190841674805,0.0049588680267333984,0.0,010111011000101011001001,-+-+++-++---+-+-++--+--+,0,False,"[[0.000124, 132.68054889], [0.003764, 128.77991587], [0.004451, 130.75488435], [0.004959, 121.08729144]]",39,quantum,2,,/local/scratch/a/rames102/Gurobi_QP/one_equality/complete_random
precond_pen=0.400,24,-18.599706087773008,121.08729144337687,0.4,2,0.17037606239318848,0.004202127456665039,0.0,010111011000101011001001,-+-+++-++---+-+-++--+--+,0,False,"[[0.00011, 132.68054889], [0.003867, 132.40669497], [0.004202, 121.08729144]]",39,quantum,2,,/local/scratch/a/rames102/Gurobi_QP/one_equality/complete_random
precond_pen=0.500,24,-14.129546144790012,120.82282907150703,0.5,2,0.22564983367919922,0.004511833190917969,0.0,010111011010101011001000,-+-+++-++-+-+-+-++--+---,0,False,"[[0.000121, 132.68054889], [0.004162, 131.17816474], [0.004512, 120.82282907]]",39,quantum,2,,/local/scratch/a/rames102/Gurobi_QP/one_equality/complete_random
precond_pen=0.600,24,-10.60711018630799,120.82282907150703,0.6,2,0.29106807708740234,0.17229509353637695,0.0,101000100101010100110111,+-+---+--+-+-+-+--++-+++,0,False,"[[0.000111, 132.68054889], [0.004654, 121.18812596], [0.172295, 120.82282907]]",39,quantum,2,,/local/scratch/a/rames102/Gurobi_QP/one_equality/complete_random
precond_pen=0.700,24,-8.079743393603,120.82282907150703,0.7,2,0.3165881633758545,0.0045201778411865234,0.0,010111011010101011001000,-+-+++-++-+-+-+-++--+---,0,False,"[[0.00011, 132.68054889], [0.004162, 130.17297274], [0.00452, 120.82282907]]",39,quantum,2,,/local/scratch/a/rames102/Gurobi_QP/one_equality/complete_random
precond_pen=0.800,24,-4.789850757608992,120.82282907150703,0.8,2,0.39800596237182617,0.005321025848388672,0.0,010111011010101011001000,-+-+++-++-+-+-+-++--+---,0,False,"[[0.000115, 132.68054889], [0.004568, 126.46803896], [0.005321, 120.82282907]]",39,quantum,2,,/local/scratch/a/rames102/Gurobi_QP/one_equality/complete_random
precond_pen=1.000,24,-0.535691868527,121.251247944389,1.0,2,0.06497502326965332,0.0049321651458740234,0.0,101010100101010100110110,+-+-+-+--+-+-+-+--++-++-,0,False,"[[0.000118, 132.68054889], [0.00413, 132.71422671], [0.004932, 121.25124794]]",39,quantum,2,,/local/scratch/a/rames102/Gurobi_QP/one_equality/complete_random
baseline,24,122.65377522341295,122.65377522341294,,2,1.417773962020874,0.06427502632141113,0.0,111000100110010011100011,+++---+--++--+--+++---++,0,False,"[[0.000121, 150.51896868], [0.003241, 143.96108482], [0.003705, 141.09987263], [0.004142, 123.33019449], [0.064275, 122.65377522]]",40,quantum,2,,/local/scratch/a/rames102/Gurobi_QP/one_equality/complete_random
precond_pen=0.200,24,-20.602321706581996,122.87490686345495,0.2,2,0.17263007164001465,0.005163908004760742,0.0,010111011000101101011000,-+-+++-++---+-++-+-++---,0,False,"[[0.000116, 150.51896868], [0.004026, 141.31344789], [0.0045, 141.09987263], [0.005164, 122.87490686]]",40,quantum,2,,/local/scratch/a/rames102/Gurobi_QP/one_equality/complete_random
precond_pen=0.300,24,-27.511089992552,122.87490686345495,0.3,2,0.11468005180358887,0.004426002502441406,0.0,010111011000101101011000,-+-+++-++---+-++-+-++---,0,False,"[[0.000113, 150.51896868], [0.003604, 137.27031205], [0.004426, 122.87490686]]",40,quantum,2,,/local/scratch/a/rames102/Gurobi_QP/one_equality/complete_random
precond_pen=0.400,24,-19.677858801309004,122.87490686345495,0.4,2,0.13222718238830566,0.022658109664916992,0.0,101000100111010010100111,+-+---+--+++-+--+-+--+++,0,False,"[[0.000112, 150.51896868], [0.003959, 140.02439951], [0.004242, 141.09987263], [0.004605, 133.98231715], [0.004963, 124.05898349], [0.022658, 122.87490686]]",40,quantum,2,,/local/scratch/a/rames102/Gurobi_QP/one_equality/complete_random
precond_pen=0.500,24,-14.567963786020007,122.87490686345495,0.5,2,0.19584894180297852,0.022829055786132812,0.0,010111011000101101011000,-+-+++-++---+-++-+-++---,0,False,"[[0.000112, 150.51896868], [0.003912, 130.58255586], [0.004924, 123.01465076], [0.022829, 122.87490686]]",40,quantum,2,,/local/scratch/a/rames102/Gurobi_QP/one_equality/complete_random
precond_pen=0.600,24,-10.739072895862005,122.87490686345495,0.6,2,0.17545199394226074,0.17490315437316895,0.0,101000100111010010100111,+-+---+--+++-+--+-+--+++,0,False,"[[0.00011, 150.51896868], [0.004274, 133.25952267], [0.004963, 130.73131763], [0.005328, 124.05898349], [0.021692, 123.01465076], [0.087138, 122.87490686], [0.174903, 122.87490686]]",40,quantum,2,,/local/scratch/a/rames102/Gurobi_QP/one_equality/complete_random
precond_pen=0.700,24,-8.085242840286005,122.87490686345495,0.7,2,0.30132508277893066,0.247467041015625,0.0,010111011000101101011000,-+-+++-++---+-++-+-++---,0,False,"[[0.000112, 150.51896868], [0.004158, 144.01788526], [0.004444, 141.09987263], [0.004779, 137.12095707], [0.005223, 123.01465076], [0.247467, 122.87490686]]",40,quantum,2,,/local/scratch/a/rames102/Gurobi_QP/one_equality/complete_random
precond_pen=0.800,24,-6.339889722530998,122.87490686345495,0.8,2,0.2893810272216797,0.021850109100341797,0.0,101000100111010010100111,+-+---+--+++-+--+-+--+++,0,False,"[[0.000115, 150.51896868], [0.004223, 130.10611023], [0.005156, 122.87368692], [0.02185, 122.87490686]]",40,quantum,2,,/local/scratch/a/rames102/Gurobi_QP/one_equality/complete_random
precond_pen=1.000,24,-3.0254997165139983,122.65377522341294,1.0,2,0.4885680675506592,0.0052721500396728516,0.0,111000100110010011100011,+++---+--++--+--+++---++,0,False,"[[0.000112, 150.51896868], [0.004575, 131.38863089], [0.005272, 122.65377522]]",40,quantum,2,,/local/scratch/a/rames102/Gurobi_QP/one_equality/complete_random
baseline,24,126.54004625561703,126.54004625561731,,2,1.683366060256958,0.7929279804229736,0.0,001110111010010010110100,--+++-+++-+--+--+-++-+--,0,False,"[[0.000118, 148.74227897], [0.003897, 128.25275135], [0.063811, 127.96740295], [0.792928, 126.54004626]]",41,quantum,2,,/local/scratch/a/rames102/Gurobi_QP/one_equality/complete_random
precond_pen=0.200,24,-17.459901985061002,126.54004625561731,0.2,2,0.20717906951904297,0.004659175872802734,0.0,110001000101101101001011,++---+---+-++-++-+--+-++,0,False,"[[0.000114, 148.74227897], [0.003494, 145.11944238], [0.003974, 150.28118704], [0.004337, 151.40711219], [0.004659, 126.54004626]]",41,quantum,2,,/local/scratch/a/rames102/Gurobi_QP/one_equality/complete_random
precond_pen=0.300,24,-26.683885302864006,126.54004625561731,0.3,2,0.08543515205383301,0.00451207160949707,0.0,001110111010010010110100,--+++-+++-+--+--+-++-+--,0,False,"[[0.000119, 148.74227897], [0.003593, 141.49932181], [0.004512, 126.54004626]]",41,quantum,2,,/local/scratch/a/rames102/Gurobi_QP/one_equality/complete_random
precond_pen=0.400,24,-19.986509522961995,126.54004625561731,0.4,2,0.05051708221435547,0.004973173141479492,0.0,001110111010010010110100,--+++-+++-+--+--+-++-+--,0,False,"[[0.00011, 148.74227897], [0.003841, 139.05288796], [0.004973, 126.54004626]]",41,quantum,2,,/local/scratch/a/rames102/Gurobi_QP/one_equality/complete_random
precond_pen=0.500,24,-14.938492448843999,126.54004625561731,0.5,2,0.05718111991882324,0.0048329830169677734,0.0,001110111010010010110100,--+++-+++-+--+--+-++-+--,0,False,"[[0.00011, 148.74227897], [0.003851, 148.30177222], [0.004219, 144.88239165], [0.004833, 126.54004626]]",41,quantum,2,,/local/scratch/a/rames102/Gurobi_QP/one_equality/complete_random
precond_pen=0.600,24,-11.119845792716992,126.54004625561731,0.6,2,0.05897688865661621,0.0051229000091552734,0.0,110001000101101101001011,++---+---+-++-++-+--+-++,0,False,"[[0.00011, 148.74227897], [0.00405, 145.07805477], [0.004415, 144.88239165], [0.004687, 143.66433329], [0.005123, 126.54004626]]",41,quantum,2,,/local/scratch/a/rames102/Gurobi_QP/one_equality/complete_random
precond_pen=0.700,24,-8.399577306347995,126.54004625561731,0.7,2,0.08636999130249023,0.02164292335510254,0.0,110001000101101101001011,++---+---+-++-++-+--+-++,0,False,"[[0.000111, 148.74227897], [0.003856, 145.03606027], [0.004669, 138.16594134], [0.005149, 128.25275135], [0.021643, 126.54004626]]",41,quantum,2,,/local/scratch/a/rames102/Gurobi_QP/one_equality/complete_random
precond_pen=0.800,24,-6.584200181833003,126.54004625561731,0.8,2,0.09484601020812988,0.005291938781738281,0.0,110001000101101101001011,++---+---+-++-++-+--+-++,0,False,"[[0.00011, 148.74227897], [0.004132, 144.22249182], [0.004906, 138.99710932], [0.005292, 126.54004626]]",41,quantum,2,,/local/scratch/a/rames102/Gurobi_QP/one_equality/complete_random
precond_pen=1.000,24,-2.605719911395008,126.54004625561731,1.0,2,0.556204080581665,0.5555381774902344,0.0,110001000101101101001011,++---+---+-++-++-+--+-++,0,False,"[[0.00011, 148.74227897], [0.004544, 148.98213451], [0.004919, 129.01960292], [0.0175, 128.25275135], [0.521561, 126.54004626], [0.555538, 126.54004626]]",41,quantum,2,,/local/scratch/a/rames102/Gurobi_QP/one_equality/complete_random
baseline,24,119.6151461914099,119.61514619140999,,2,1.559669017791748,0.003907203674316406,0.0,111000011011101000010101,+++----++-+++-+----+-+-+,0,False,"[[0.000126, 142.42228222], [0.003545, 136.1970093], [0.003907, 119.61514619]]",42,quantum,2,,/local/scratch/a/rames102/Gurobi_QP/one_equality/complete_random
precond_pen=0.200,24,-16.91404108932099,119.61514619140999,0.2,2,0.17407011985778809,0.005825996398925781,0.0,111000011011101000010101,+++----++-+++-+----+-+-+,0,False,"[[0.000116, 142.42228222], [0.004222, 142.91477388], [0.005069, 135.18695729], [0.005826, 119.61514619]]",42,quantum,2,,/local/scratch/a/rames102/Gurobi_QP/one_equality/complete_random
precond_pen=0.300,24,-20.641842425152003,119.76979312219213,0.3,2,0.1327829360961914,0.024531841278076172,0.0,000001100100110111101110,-----++--+--++-++++-+++-,0,False,"[[0.000113, 142.42228222], [0.004191, 135.2600917], [0.005159, 122.69748433], [0.024532, 119.76979312]]",42,quantum,2,,/local/scratch/a/rames102/Gurobi_QP/one_equality/complete_random
precond_pen=0.400,24,-15.582213295934004,119.76979312219213,0.4,2,0.13860702514648438,0.024993181228637695,0.0,111110011011001000010001,+++++--++-++--+----+---+,0,False,"[[0.000111, 142.42228222], [0.004134, 130.11733814], [0.004828, 128.27817117], [0.005179, 119.61514619], [0.024993, 119.76979312]]",42,quantum,2,,/local/scratch/a/rames102/Gurobi_QP/one_equality/complete_random
precond_pen=0.500,24,-11.934995807034996,119.76979312219213,0.5,2,0.17441606521606445,0.0241391658782959,0.0,111110011011001000010001,+++++--++-++--+----+---+,0,False,"[[0.00011, 142.42228222], [0.00409, 128.91055642], [0.004977, 122.77210595], [0.023521, 121.08741189], [0.024139, 119.76979312]]",42,quantum,2,,/local/scratch/a/rames102/Gurobi_QP/one_equality/complete_random
precond_pen=0.600,24,-9.034979882345004,119.76979312219213,0.6,2,0.16097307205200195,0.02303910255432129,0.0,111110011011001000010001,+++++--++-++--+----+---+,0,False,"[[0.000111, 142.42228222], [0.003936, 138.47760252], [0.004307, 138.2454731], [0.004753, 126.87678706], [0.005132, 121.4895901], [0.023039, 119.76979312]]",42,quantum,2,,/local/scratch/a/rames102/Gurobi_QP/one_equality/complete_random
precond_pen=0.700,24,-6.9524376022660075,119.76979312219213,0.7,2,0.20910096168518066,0.02237701416015625,0.0,111110011011001000010001,+++++--++-++--+----+---+,0,False,"[[0.00011, 142.42228222], [0.003915, 135.7997946], [0.004276, 136.1970093], [0.004584, 133.01993708], [0.004823, 121.03274193], [0.022377, 119.76979312]]",42,quantum,2,,/local/scratch/a/rames102/Gurobi_QP/one_equality/complete_random
precond_pen=0.800,24,-3.1853411842390003,119.61514619140999,0.8,2,0.4989478588104248,0.49831080436706543,0.0,111000011011101000010101,+++----++-+++-+----+-+-+,0,False,"[[0.000124, 142.42228222], [0.004792, 128.50630684], [0.005169, 121.4895901], [0.021105, 119.76979312], [0.482153, 119.61514619], [0.498311, 119.61514619]]",42,quantum,2,,/local/scratch/a/rames102/Gurobi_QP/one_equality/complete_random
precond_pen=1.000,24,-0.7504404353280001,121.08741189302806,1.0,2,0.2129359245300293,0.023240089416503906,0.0,010111001110000001111010,-+-+++--+++------++++-+-,0,False,"[[0.000113, 142.42228222], [0.00401, 143.98177371], [0.004377, 142.92190939], [0.004866, 121.34289944], [0.02324, 121.08741189]]",42,quantum,2,,/local/scratch/a/rames102/Gurobi_QP/one_equality/complete_random
baseline,24,121.42892836625401,121.4289283662539,,2,1.4815630912780762,0.0040760040283203125,0.0,010100111001111110010000,-+-+--+++--++++++--+----,0,False,"[[0.000123, 151.49797007], [0.003332, 147.12192671], [0.003609, 145.76744127], [0.004076, 121.42892837]]",43,quantum,2,,/local/scratch/a/rames102/Gurobi_QP/one_equality/complete_random
precond_pen=0.200,24,-20.67701366845501,121.4289283662539,0.2,2,0.195173978805542,0.0051081180572509766,0.0,101011000110000001101111,+-+-++---++------++-++++,0,False,"[[0.000124, 151.49797007], [0.003989, 149.47342575], [0.004459, 145.76744127], [0.004805, 147.97135426], [0.005108, 121.42892837]]",43,quantum,2,,/local/scratch/a/rames102/Gurobi_QP/one_equality/complete_random
precond_pen=0.300,24,-27.057664039937002,121.4289283662539,0.3,2,0.11308693885803223,0.0049800872802734375,0.0,101011000110000001101111,+-+-++---++------++-++++,0,False,"[[0.000112, 151.49797007], [0.004152, 137.99696051], [0.00498, 121.42892837]]",43,quantum,2,,/local/scratch/a/rames102/Gurobi_QP/one_equality/complete_random
precond_pen=0.400,24,-20.300839478418,121.4289283662539,0.4,2,0.05213499069213867,0.004612922668457031,0.0,101011000110000001101111,+-+-++---++------++-++++,0,False,"[[0.000114, 151.49797007], [0.003901, 131.04673917], [0.004613, 121.42892837]]",43,quantum,2,,/local/scratch/a/rames102/Gurobi_QP/one_equality/complete_random
precond_pen=0.500,24,-15.436912552633009,121.4289283662539,0.5,2,0.055590152740478516,0.0052890777587890625,0.0,101011000110000001101111,+-+-++---++------++-++++,0,False,"[[0.000114, 151.49797007], [0.004096, 142.0150545], [0.004905, 134.95123115], [0.005289, 121.42892837]]",43,quantum,2,,/local/scratch/a/rames102/Gurobi_QP/one_equality/complete_random
precond_pen=0.600,24,-11.553920243108989,121.4289283662539,0.6,2,0.057383060455322266,0.005133152008056641,0.0,010100111001111110010000,-+-+--+++--++++++--+----,0,False,"[[0.000108, 151.49797007], [0.00423, 143.2381406], [0.004509, 140.53483767], [0.005133, 121.42892837]]",43,quantum,2,,/local/scratch/a/rames102/Gurobi_QP/one_equality/complete_random
precond_pen=0.700,24,-8.751135240600007,121.4289283662539,0.7,2,0.06173586845397949,0.004992008209228516,0.0,101011000110000001101111,+-+-++---++------++-++++,0,False,"[[0.00011, 151.49797007], [0.004095, 131.91584738], [0.004661, 131.50762435], [0.004992, 121.42892837]]",43,quantum,2,,/local/scratch/a/rames102/Gurobi_QP/one_equality/complete_random
precond_pen=0.800,24,-2.5647081269089993,125.224047864454,0.8,2,0.14136004447937012,0.005012035369873047,0.0,101011000110000101101011,+-+-++---++----+-++-+-++,0,False,"[[0.000111, 151.49797007], [0.004042, 139.58159059], [0.004709, 143.73750284], [0.005012, 125.22404786]]",43,quantum,2,,/local/scratch/a/rames102/Gurobi_QP/one_equality/complete_random
precond_pen=1.000,24,-3.314872559215999,121.4289283662539,1.0,2,0.41533994674682617,0.019984960556030273,0.0,101011000110000001101111,+-+-++---++------++-++++,0,False,"[[0.000111, 151.49797007], [0.004054, 138.46037624], [0.004762, 124.82553108], [0.019985, 121.42892837]]",43,quantum,2,,/local/scratch/a/rames102/Gurobi_QP/one_equality/complete_random
baseline,24,116.44020799617094,116.44020799617091,,2,1.055649995803833,0.06398296356201172,0.0,101010101110111000000011,+-+-+-+-+++-+++-------++,0,False,"[[0.000112, 147.96340181], [0.003586, 140.51013457], [0.003865, 124.91252643], [0.06387, 123.96852667], [0.063983, 116.440208]]",44,quantum,2,,/local/scratch/a/rames102/Gurobi_QP/one_equality/complete_random
precond_pen=0.200,24,-25.67952961580408,116.44020799617091,0.2,2,0.14920806884765625,0.006521940231323242,0.0,101010101110111000000011,+-+-+-+-+++-+++-------++,0,False,"[[0.000117, 147.96340181], [0.004539, 149.31034238], [0.005132, 140.51013457], [0.006522, 116.440208]]",44,quantum,2,,/local/scratch/a/rames102/Gurobi_QP/one_equality/complete_random
precond_pen=0.300,24,-32.74855818178099,116.44020799617091,0.3,2,0.03272390365600586,0.004709005355834961,0.0,010101010001000111111100,-+-+-+-+---+---+++++++--,0,False,"[[0.00011, 147.96340181], [0.003609, 138.63194823], [0.004291, 139.47375858], [0.004709, 116.440208]]",44,quantum,2,,/local/scratch/a/rames102/Gurobi_QP/one_equality/complete_random
precond_pen=0.400,24,-22.518450930907,116.44020799617091,0.4,2,0.03611397743225098,0.0053250789642333984,0.0,010101010001000111111100,-+-+-+-+---+---+++++++--,0,False,"[[0.000116, 147.96340181], [0.004209, 140.62608822], [0.004593, 140.51013457], [0.004882, 133.81760429], [0.005325, 116.440208]]",44,quantum,2,,/local/scratch/a/rames102/Gurobi_QP/one_equality/complete_random
precond_pen=0.500,24,-16.467192901278,116.44020799617091,0.5,2,0.040225982666015625,0.005193948745727539,0.0,010101010001000111111100,-+-+-+-+---+---+++++++--,0,False,"[[0.00011, 147.96340181], [0.00413, 144.8871216], [0.004419, 144.74567181], [0.004691, 141.65477567], [0.005194, 116.440208]]",44,quantum,2,,/local/scratch/a/rames102/Gurobi_QP/one_equality/complete_random
precond_pen=0.600,24,-12.180440074298003,116.44020799617091,0.6,2,0.046260833740234375,0.00521087646484375,0.0,010101010001000111111100,-+-+-+-+---+---+++++++--,0,False,"[[0.000109, 147.96340181], [0.004126, 134.26278443], [0.004777, 134.46236039], [0.005211, 116.440208]]",44,quantum,2,,/local/scratch/a/rames102/Gurobi_QP/one_equality/complete_random
precond_pen=0.700,24,-9.18843972845901,116.44020799617091,0.7,2,0.051251888275146484,0.005124807357788086,0.0,101010101110111000000011,+-+-+-+-+++-+++-------++,0,False,"[[0.000108, 147.96340181], [0.004263, 135.10682366], [0.005125, 116.440208]]",44,quantum,2,,/local/scratch/a/rames102/Gurobi_QP/one_equality/complete_random
precond_pen=0.800,24,-2.2690968027809877,116.44020799617091,0.8,2,0.4741179943084717,0.004936933517456055,0.0,010101010001000111111100,-+-+-+-+---+---+++++++--,0,False,"[[0.000123, 147.96340181], [0.004585, 133.74656672], [0.004937, 116.440208]]",44,quantum,2,,/local/scratch/a/rames102/Gurobi_QP/one_equality/complete_random
precond_pen=1.000,24,-7.155459583500002,116.44020799617091,1.0,2,0.17261600494384766,0.0051729679107666016,0.0,101010101110111000000011,+-+-+-+-+++-+++-------++,0,False,"[[0.000113, 147.96340181], [0.004209, 148.17621749], [0.004669, 147.20594881], [0.005173, 116.440208]]",44,quantum,2,,/local/scratch/a/rames102/Gurobi_QP/one_equality/complete_random
baseline,24,125.86010023459806,125.86010023459801,,2,3.302324056625366,3.301335096359253,0.0,101111010001000100110011,+-++++-+---+---+--++--++,0,False,"[[0.00011, 151.08675895], [0.003281, 150.10265085], [0.003753, 149.87676551], [0.00431, 127.05490097], [2.133019, 126.63584127], [2.938712, 126.54292391], [3.092869, 125.86010023], [3.301335, 125.86010023]]",45,quantum,2,,/local/scratch/a/rames102/Gurobi_QP/one_equality/complete_random
precond_pen=0.200,24,-17.55101703062595,125.86010023459801,0.2,2,0.22657012939453125,0.005288124084472656,0.0,101111010001000100110011,+-++++-+---+---+--++--++,0,False,"[[0.000116, 151.08675895], [0.004169, 147.42164707], [0.00484, 143.87723873], [0.005288, 125.86010023]]",45,quantum,2,,/local/scratch/a/rames102/Gurobi_QP/one_equality/complete_random
precond_pen=0.300,24,-26.497273883611996,125.86010023459801,0.3,2,0.08926200866699219,0.004805088043212891,0.0,101111010001000100110011,+-++++-+---+---+--++--++,0,False,"[[0.000111, 151.08675895], [0.003736, 149.61025548], [0.004288, 142.22441855], [0.004805, 125.86010023]]",45,quantum,2,,/local/scratch/a/rames102/Gurobi_QP/one_equality/complete_random
precond_pen=0.400,24,-18.671694025847003,125.86010023459801,0.4,2,0.06492280960083008,0.0221250057220459,0.0,101111010001000100110011,+-++++-+---+---+--++--++,0,False,"[[0.000111, 151.08675895], [0.003645, 151.23393959], [0.003978, 149.87676551], [0.004255, 148.38460979], [0.004667, 126.63584127], [0.022125, 125.86010023]]",45,quantum,2,,/local/scratch/a/rames102/Gurobi_QP/one_equality/complete_random
precond_pen=0.500,24,-13.763092879560007,125.86010023459801,0.5,2,0.05640292167663574,0.02226710319519043,0.0,101111010001000100110011,+-++++-+---+---+--++--++,0,False,"[[0.000109, 151.08675895], [0.003778, 135.14012991], [0.004644, 126.63584127], [0.022267, 125.86010023]]",45,quantum,2,,/local/scratch/a/rames102/Gurobi_QP/one_equality/complete_random
precond_pen=0.600,24,-10.183862142865003,125.86010023459801,0.6,2,0.08869409561157227,0.08838200569152832,0.0,101111010001000100110011,+-++++-+---+---+--++--++,0,False,"[[0.000109, 151.08675895], [0.003981, 140.84822874], [0.004524, 142.22441855], [0.004796, 143.41381578], [0.005122, 127.89720792], [0.022755, 126.63584127], [0.087211, 125.86010023], [0.088382, 125.86010023]]",45,quantum,2,,/local/scratch/a/rames102/Gurobi_QP/one_equality/complete_random
precond_pen=0.700,24,-7.709304313779992,125.86010023459801,0.7,2,0.08544588088989258,0.0048980712890625,0.0,010000101110111011001100,-+----+-+++-+++-++--++--,0,False,"[[0.000109, 151.08675895], [0.003975, 134.92306214], [0.004898, 125.86010023]]",45,quantum,2,,/local/scratch/a/rames102/Gurobi_QP/one_equality/complete_random
precond_pen=0.800,24,-0.2900046340320004,167.01724857517402,0.8,2,0.28214192390441895,0.28160786628723145,0.0,100101010101001010111100,+--+-+-+-+-+--+-+-++++--,0,False,"[[0.000109, 151.08675895], [0.004341, 155.5856029], [0.005075, 157.7462266], [0.005462, 165.94420624], [0.281247, 167.01724858], [0.281608, 167.01724858]]",45,quantum,2,,/local/scratch/a/rames102/Gurobi_QP/one_equality/complete_random
precond_pen=1.000,24,-2.9591188798209895,125.86010023459801,1.0,2,0.4595179557800293,0.004648923873901367,0.0,010000101110111011001100,-+----+-+++-+++-++--++--,0,False,"[[0.000115, 151.08675895], [0.003848, 131.49121664], [0.004649, 125.86010023]]",45,quantum,2,,/local/scratch/a/rames102/Gurobi_QP/one_equality/complete_random
baseline,24,111.90725594530804,111.90725594530801,,2,1.6283190250396729,0.06318497657775879,0.0,101011010001010110110010,+-+-++-+---+-+-++-++--+-,0,False,"[[0.000122, 128.09314837], [0.003724, 116.10697967], [0.063185, 111.90725595]]",46,quantum,2,,/local/scratch/a/rames102/Gurobi_QP/one_equality/complete_random
precond_pen=0.200,24,-21.75378921598202,112.27194404997402,0.2,2,0.17145490646362305,0.0048029422760009766,0.0,101011010000010110110110,+-+-++-+-----+-++-++-++-,0,False,"[[0.000116, 128.09314837], [0.003927, 130.01405995], [0.004803, 112.27194405]]",46,quantum,2,,/local/scratch/a/rames102/Gurobi_QP/one_equality/complete_random
precond_pen=0.300,24,-23.666168369563998,112.27194404997402,0.3,2,0.1226799488067627,0.02208399772644043,0.0,101011010000010110110110,+-+-++-+-----+-++-++-++-,0,False,"[[0.000113, 128.09314837], [0.004222, 126.31503476], [0.004846, 125.23334598], [0.005198, 115.23781105], [0.022084, 112.27194405]]",46,quantum,2,,/local/scratch/a/rames102/Gurobi_QP/one_equality/complete_random
precond_pen=0.400,24,-17.27530847729202,112.27194404997402,0.4,2,0.17612504959106445,0.02213311195373535,0.0,010100101111101001001001,-+-+--+-+++++-+--+--+--+,0,False,"[[0.000114, 128.09314837], [0.003978, 122.00171746], [0.004798, 115.74812717], [0.022133, 112.27194405]]",46,quantum,2,,/local/scratch/a/rames102/Gurobi_QP/one_equality/complete_random
precond_pen=0.500,24,-12.988674648400005,112.27194404997402,0.5,2,0.18175315856933594,0.005056142807006836,0.0,101011010000010110110110,+-+-++-+-----+-++-++-++-,0,False,"[[0.000115, 128.09314837], [0.004211, 123.9312125], [0.005056, 112.27194405]]",46,quantum,2,,/local/scratch/a/rames102/Gurobi_QP/one_equality/complete_random
precond_pen=0.600,24,-9.661413439216998,112.27194404997402,0.6,2,0.21712112426757812,0.004786968231201172,0.0,101011010000010110110110,+-+-++-+-----+-++-++-++-,0,False,"[[0.000114, 128.09314837], [0.004787, 112.27194405]]",46,quantum,2,,/local/scratch/a/rames102/Gurobi_QP/one_equality/complete_random
precond_pen=0.700,24,-7.362057984469997,112.27194404997402,0.7,2,0.2252509593963623,0.2247018814086914,0.0,101011010000010110110110,+-+-++-+-----+-++-++-++-,0,False,"[[0.00011, 128.09314837], [0.004372, 127.26317726], [0.00513, 124.15092424], [0.005443, 113.58823791], [0.022488, 112.58736645], [0.210653, 112.27194405], [0.224702, 112.27194405]]",46,quantum,2,,/local/scratch/a/rames102/Gurobi_QP/one_equality/complete_random
precond_pen=0.800,24,-5.843563932329998,112.27194404997402,0.8,2,0.2016909122467041,0.11190390586853027,0.0,101011010000010110110110,+-+-++-+-----+-++-++-++-,0,False,"[[0.000112, 128.09314837], [0.004076, 123.86835226], [0.004439, 116.10697967], [0.107961, 116.8527738], [0.108058, 116.5357312], [0.108377, 114.79942169], [0.111904, 112.27194405]]",46,quantum,2,,/local/scratch/a/rames102/Gurobi_QP/one_equality/complete_random
precond_pen=1.000,24,-1.1646646618140002,113.89446307389997,1.0,2,0.07182192802429199,0.00487208366394043,0.0,100111010001010110010110,+--+++-+---+-+-++--+-++-,0,False,"[[0.000111, 128.09314837], [0.004445, 131.65607851], [0.004872, 113.89446307]]",46,quantum,2,,/local/scratch/a/rames102/Gurobi_QP/one_equality/complete_random
baseline,24,120.62107942650604,120.62107942650618,,2,1.7688817977905273,0.0037908554077148438,0.0,110011001000101110101001,++--++--+---+-+++-+-+--+,0,False,"[[0.000108, 143.66109197], [0.003071, 142.21230784], [0.003319, 141.74433307], [0.003791, 120.62107943]]",47,quantum,2,,/local/scratch/a/rames102/Gurobi_QP/one_equality/complete_random
precond_pen=0.200,24,-16.19545251647604,120.62107942650618,0.2,2,0.22144198417663574,0.005187034606933594,0.0,110011001000101110101001,++--++--+---+-+++-+-+--+,0,False,"[[0.000119, 143.66109197], [0.004215, 135.19783709], [0.004871, 144.29330661], [0.005187, 120.62107943]]",47,quantum,2,,/local/scratch/a/rames102/Gurobi_QP/one_equality/complete_random
precond_pen=0.300,24,-23.723788088607996,120.62107942650618,0.3,2,0.054620981216430664,0.005082845687866211,0.0,001100110111010001010110,--++--++-+++-+---+-+-++-,0,False,"[[0.000122, 143.66109197], [0.00423, 131.27522544], [0.005083, 120.62107943]]",47,quantum,2,,/local/scratch/a/rames102/Gurobi_QP/one_equality/complete_random
precond_pen=0.400,24,-17.76771478692701,120.62107942650618,0.4,2,0.052034854888916016,0.004784822463989258,0.0,110011001000101110101001,++--++--+---+-+++-+-+--+,0,False,"[[0.00011, 143.66109197], [0.003925, 135.73468619], [0.004785, 120.62107943]]",47,quantum,2,,/local/scratch/a/rames102/Gurobi_QP/one_equality/complete_random
precond_pen=0.500,24,-13.582636265767993,120.62107942650618,0.5,2,0.05251121520996094,0.004537105560302734,0.0,001100110111010001010110,--++--++-+++-+---+-+-++-,0,False,"[[0.00011, 143.66109197], [0.003696, 134.74294168], [0.004537, 120.62107943]]",47,quantum,2,,/local/scratch/a/rames102/Gurobi_QP/one_equality/complete_random
precond_pen=0.600,24,-10.216677731882994,120.62107942650618,0.6,2,0.06149482727050781,0.004490852355957031,0.0,001100110111010001010110,--++--++-+++-+---+-+-++-,0,False,"[[0.000108, 143.66109197], [0.004145, 145.22836095], [0.004491, 120.62107943]]",47,quantum,2,,/local/scratch/a/rames102/Gurobi_QP/one_equality/complete_random
precond_pen=0.700,24,-7.776275070150998,120.62107942650618,0.7,2,0.07003998756408691,0.004732847213745117,0.0,110011001000101110101001,++--++--+---+-+++-+-+--+,0,False,"[[0.000109, 143.66109197], [0.003906, 128.90479663], [0.004733, 120.62107943]]",47,quantum,2,,/local/scratch/a/rames102/Gurobi_QP/one_equality/complete_random
precond_pen=0.800,24,-6.135599802240012,120.62107942650618,0.8,2,0.08069300651550293,0.005139827728271484,0.0,001100110111010001010110,--++--++-+++-+---+-+-++-,0,False,"[[0.000122, 143.66109197], [0.004137, 131.34351854], [0.00514, 120.62107943]]",47,quantum,2,,/local/scratch/a/rames102/Gurobi_QP/one_equality/complete_random
precond_pen=1.000,24,-0.31660708972299995,124.23788314006171,1.0,2,0.367048978805542,0.365908145904541,0.0,111001001100101100101010,+++--+--++--+-++--+-+-+-,0,False,"[[0.00011, 143.66109197], [0.00416, 138.79729668], [0.00466, 136.08469275], [0.005196, 124.15867038], [0.022526, 126.99870853], [0.361869, 121.90426242], [0.365731, 123.21823067], [0.365908, 124.23788314]]",47,quantum,2,,/local/scratch/a/rames102/Gurobi_QP/one_equality/complete_random
baseline,24,118.765295863597,118.76529586359706,,2,1.4078528881072998,0.06348991394042969,0.0,111001101111100000110000,+++--++-+++++-----++----,0,False,"[[0.000112, 139.15663475], [0.003314, 133.30657004], [0.004111, 131.27567006], [0.004614, 118.97129802], [0.06349, 118.76529586]]",48,quantum,2,,/local/scratch/a/rames102/Gurobi_QP/one_equality/complete_random
precond_pen=0.200,24,-20.72926460776498,118.76529586359706,0.2,2,0.14779114723205566,0.14719009399414062,0.0,111001101111100000110000,+++--++-+++++-----++----,0,False,"[[0.00012, 139.15663475], [0.004398, 136.85285807], [0.004743, 118.97129802], [0.14433, 118.76529586], [0.14719, 118.76529586]]",48,quantum,2,,/local/scratch/a/rames102/Gurobi_QP/one_equality/complete_random
precond_pen=0.300,24,-25.553663199093002,118.76529586359706,0.3,2,0.043814897537231445,0.02230095863342285,0.0,000110010000011111001111,---++--+-----+++++--++++,0,False,"[[0.000113, 139.15663475], [0.004126, 136.00584597], [0.004545, 118.97129802], [0.022301, 118.76529586]]",48,quantum,2,,/local/scratch/a/rames102/Gurobi_QP/one_equality/complete_random
precond_pen=0.400,24,-18.224461118127998,118.76529586359706,0.4,2,0.05539298057556152,0.0048961639404296875,0.0,111001101111100000110000,+++--++-+++++-----++----,0,False,"[[0.000113, 139.15663475], [0.003861, 133.23046659], [0.004375, 131.27567006], [0.004896, 118.76529586]]",48,quantum,2,,/local/scratch/a/rames102/Gurobi_QP/one_equality/complete_random
precond_pen=0.500,24,-13.587780830686002,118.76529586359706,0.5,2,0.05395197868347168,0.004781961441040039,0.0,000110010000011111001111,---++--+-----+++++--++++,0,False,"[[0.000111, 139.15663475], [0.00396, 127.5064462], [0.004782, 118.76529586]]",48,quantum,2,,/local/scratch/a/rames102/Gurobi_QP/one_equality/complete_random
precond_pen=0.600,24,-10.098189924714003,118.76529586359706,0.6,2,0.06781291961669922,0.004910945892333984,0.0,000110010000011111001111,---++--+-----+++++--++++,0,False,"[[0.000111, 139.15663475], [0.003963, 139.94981692], [0.004231, 139.36067855], [0.004508, 138.0277658], [0.004911, 118.76529586]]",48,quantum,2,,/local/scratch/a/rames102/Gurobi_QP/one_equality/complete_random
precond_pen=0.700,24,-7.648135484186998,118.76529586359706,0.7,2,0.08010196685791016,0.005425930023193359,0.0,000110010000011111001111,---++--+-----+++++--++++,0,False,"[[0.00011, 139.15663475], [0.004197, 134.18474597], [0.004717, 131.27567006], [0.005068, 129.07648548], [0.005426, 118.76529586]]",48,quantum,2,,/local/scratch/a/rames102/Gurobi_QP/one_equality/complete_random
precond_pen=0.800,24,-6.029163616001991,118.76529586359706,0.8,2,0.15438413619995117,0.0055391788482666016,0.0,000110010000011111001111,---++--+-----+++++--++++,0,False,"[[0.000108, 139.15663475], [0.004401, 137.07764654], [0.004832, 134.74394964], [0.005102, 135.81275533], [0.005539, 118.76529586]]",48,quantum,2,,/local/scratch/a/rames102/Gurobi_QP/one_equality/complete_random
precond_pen=1.000,24,-3.0170331045810013,118.76529586359706,1.0,2,0.514024019241333,0.021023035049438477,0.0,000110010000011111001111,---++--+-----+++++--++++,0,False,"[[0.000115, 139.15663475], [0.004583, 133.30190228], [0.005034, 131.27567006], [0.005318, 130.9437382], [0.005816, 118.97129802], [0.021023, 118.76529586]]",48,quantum,2,,/local/scratch/a/rames102/Gurobi_QP/one_equality/complete_random
baseline,24,123.33808676371697,123.33808676371699,,2,1.3923671245574951,0.003973960876464844,0.0,010100100010100001111111,-+-+--+---+-+----+++++++,0,False,"[[0.000112, 145.93897089], [0.003101, 144.78752035], [0.003324, 144.7872072], [0.003622, 144.76561569], [0.003974, 123.33808676]]",49,quantum,2,,/local/scratch/a/rames102/Gurobi_QP/one_equality/complete_random
precond_pen=0.200,24,-26.072094602044956,123.33808676371699,0.2,2,0.14318490028381348,0.0052258968353271484,0.0,101011011101011110000000,+-+-++-+++-+-++++-------,0,False,"[[0.000125, 145.93897089], [0.004182, 142.33182511], [0.004655, 144.78752035], [0.005226, 123.33808676]]",49,quantum,2,,/local/scratch/a/rames102/Gurobi_QP/one_equality/complete_random
precond_pen=0.300,24,-34.15190091327198,123.33808676371699,0.3,2,0.03537702560424805,0.004982948303222656,0.0,010100100010100001111111,-+-+--+---+-+----+++++++,0,False,"[[0.000113, 145.93897089], [0.004143, 135.58705402], [0.004983, 123.33808676]]",49,quantum,2,,/local/scratch/a/rames102/Gurobi_QP/one_equality/complete_random
precond_pen=0.400,24,-23.690108123248983,123.33808676371699,0.4,2,0.040220022201538086,0.005023002624511719,0.0,101011011101011110000000,+-+-++-+++-+-++++-------,0,False,"[[0.00011, 145.93897089], [0.003964, 139.33535024], [0.004608, 136.53103814], [0.005023, 123.33808676]]",49,quantum,2,,/local/scratch/a/rames102/Gurobi_QP/one_equality/complete_random
precond_pen=0.500,24,-17.436997597790995,123.33808676371699,0.5,2,0.04708695411682129,0.005695819854736328,0.0,010100100010100001111111,-+-+--+---+-+----+++++++,0,False,"[[0.000112, 145.93897089], [0.00478, 138.7966166], [0.005696, 123.33808676]]",49,quantum,2,,/local/scratch/a/rames102/Gurobi_QP/one_equality/complete_random
precond_pen=0.600,24,-12.810484175835988,123.33808676371699,0.6,2,0.048161983489990234,0.004825115203857422,0.0,010100100010100001111111,-+-+--+---+-+----+++++++,0,False,"[[0.000109, 145.93897089], [0.004124, 129.34634201], [0.004825, 123.33808676]]",49,quantum,2,,/local/scratch/a/rames102/Gurobi_QP/one_equality/complete_random
precond_pen=0.700,24,-9.55882426113301,123.33808676371699,0.7,2,0.049321889877319336,0.005476951599121094,0.0,010100100010100001111111,-+-+--+---+-+----+++++++,0,False,"[[0.00011, 145.93897089], [0.004315, 139.03368119], [0.005082, 134.19043361], [0.005477, 123.33808676]]",49,quantum,2,,/local/scratch/a/rames102/Gurobi_QP/one_equality/complete_random
precond_pen=0.800,24,-3.9490366975069993,123.33808676371699,0.8,2,0.326566219329834,0.0050220489501953125,0.0,010100100010100001111111,-+-+--+---+-+----+++++++,0,False,"[[0.00011, 145.93897089], [0.004586, 142.25023698], [0.005022, 123.33808676]]",49,quantum,2,,/local/scratch/a/rames102/Gurobi_QP/one_equality/complete_random
precond_pen=1.000,24,-1.028451063552,123.54995179381886,1.0,2,0.285707950592041,0.005126953125,0.0,101010011101011110000100,+-+-+--+++-+-++++----+--,0,False,"[[0.000119, 145.93897089], [0.004287, 141.02782511], [0.004651, 139.57122365], [0.005127, 123.54995179]]",49,quantum,2,,/local/scratch/a/rames102/Gurobi_QP/one_equality/complete_random
