seed,layers,sweeps,preconditioner_family,name,penalty,presolve,event_idx,time_sec,orig_obj,running_best_orig_obj
0,1,,quantum,baseline,,False,0,0.000163,216.86669539,216.86669539
0,1,,quantum,baseline,,False,1,0.007917,209.50001618,209.50001618
0,1,,quantum,baseline,,False,2,0.009421,208.20871177,208.20871177
0,1,,quantum,baseline,,False,3,0.009846,202.70027902,202.70027902
0,1,,quantum,baseline,,False,4,0.010461,176.91274938,176.91274938
0,1,,quantum,precond_pen=0.200,0.2,False,0,0.000121,216.86669539,216.86669539
0,1,,quantum,precond_pen=0.200,0.2,False,1,0.005327,209.92844421,209.92844421
0,1,,quantum,precond_pen=0.200,0.2,False,2,0.005762,208.20871177,208.20871177
0,1,,quantum,precond_pen=0.200,0.2,False,3,0.006534,176.91274938,176.91274938
0,1,,quantum,precond_pen=0.300,0.3,False,0,0.000117,216.86669539,216.86669539
0,1,,quantum,precond_pen=0.300,0.3,False,1,0.005089,208.34138921,208.34138921
0,1,,quantum,precond_pen=0.300,0.3,False,2,0.005573,206.65136709,206.65136709
0,1,,quantum,precond_pen=0.300,0.3,False,3,0.005944,206.17140101,206.17140101
0,1,,quantum,precond_pen=0.300,0.3,False,4,0.006546,177.54280956,177.54280956
0,1,,quantum,precond_pen=0.400,0.4,False,0,0.000118,216.86669539,216.86669539
0,1,,quantum,precond_pen=0.400,0.4,False,1,0.005363,206.67001952,206.67001952
0,1,,quantum,precond_pen=0.400,0.4,False,2,0.006266,207.50488835,206.67001952
0,1,,quantum,precond_pen=0.400,0.4,False,3,0.007017,177.07575315,177.07575315
0,1,,quantum,precond_pen=0.500,0.5,False,0,0.000116,216.86669539,216.86669539
0,1,,quantum,precond_pen=0.500,0.5,False,1,0.005342,200.74872369,200.74872369
0,1,,quantum,precond_pen=0.500,0.5,False,2,0.006374,199.58469573,199.58469573
0,1,,quantum,precond_pen=0.500,0.5,False,3,0.007015,176.91274938,176.91274938
0,1,,quantum,precond_pen=0.500,0.5,False,4,0.252232,177.07575315,176.91274938
0,1,,quantum,precond_pen=0.700,0.7,False,0,0.000117,216.86669539,216.86669539
0,1,,quantum,precond_pen=0.700,0.7,False,1,0.005873,203.58126883,203.58126883
0,1,,quantum,precond_pen=0.700,0.7,False,2,0.006632,204.15775753,203.58126883
0,1,,quantum,precond_pen=0.700,0.7,False,3,0.007092,177.07575315,177.07575315
0,1,,quantum,precond_pen=0.800,0.8,False,0,0.00012,216.86669539,216.86669539
0,1,,quantum,precond_pen=0.800,0.8,False,1,0.006175,208.9827142,208.9827142
0,1,,quantum,precond_pen=0.800,0.8,False,2,0.006569,176.91274938,176.91274938
0,1,,quantum,precond_pen=1.000,1.0,False,0,0.000121,216.86669539,216.86669539
0,1,,quantum,precond_pen=1.000,1.0,False,1,0.005806,210.36473383,210.36473383
0,1,,quantum,precond_pen=1.000,1.0,False,2,0.006277,176.91274938,176.91274938
1,1,,quantum,baseline,,False,0,0.000115,189.51579027,189.51579027
1,1,,quantum,baseline,,False,1,0.004521,188.53795766,188.53795766
1,1,,quantum,baseline,,False,2,0.00492,165.80522431,165.80522431
1,1,,quantum,baseline,,False,3,0.107321,165.52263042,165.52263042
1,1,,quantum,baseline,,False,4,0.10772,164.34075451,164.34075451
1,1,,quantum,precond_pen=0.200,0.2,False,0,0.000124,189.51579027,189.51579027
1,1,,quantum,precond_pen=0.200,0.2,False,1,0.005406,180.03414966,180.03414966
1,1,,quantum,precond_pen=0.200,0.2,False,2,0.006706,164.80784601,164.80784601
1,1,,quantum,precond_pen=0.200,0.2,False,3,0.418208,165.16005203,164.80784601
1,1,,quantum,precond_pen=0.200,0.2,False,4,0.418392,164.95918572,164.80784601
1,1,,quantum,precond_pen=0.200,0.2,False,5,0.45004,164.95918572,164.80784601
1,1,,quantum,precond_pen=0.300,0.3,False,0,0.000116,189.51579027,189.51579027
1,1,,quantum,precond_pen=0.300,0.3,False,1,0.004909,185.48012452,185.48012452
1,1,,quantum,precond_pen=0.300,0.3,False,2,0.005465,184.05686728,184.05686728
1,1,,quantum,precond_pen=0.300,0.3,False,3,0.005792,185.09018839,184.05686728
1,1,,quantum,precond_pen=0.300,0.3,False,4,0.006398,165.77754011,165.77754011
1,1,,quantum,precond_pen=0.300,0.3,False,5,0.372038,165.63530612,165.63530612
1,1,,quantum,precond_pen=0.300,0.3,False,6,0.385427,164.80784601,164.80784601
1,1,,quantum,precond_pen=0.300,0.3,False,7,0.385962,164.80784601,164.80784601
1,1,,quantum,precond_pen=0.400,0.4,False,0,0.000124,189.51579027,189.51579027
1,1,,quantum,precond_pen=0.400,0.4,False,1,0.005056,172.23170175,172.23170175
1,1,,quantum,precond_pen=0.400,0.4,False,2,0.006167,165.77754011,165.77754011
1,1,,quantum,precond_pen=0.400,0.4,False,3,0.033796,164.95918572,164.95918572
1,1,,quantum,precond_pen=0.400,0.4,False,4,0.706953,164.80784601,164.80784601
1,1,,quantum,precond_pen=0.400,0.4,False,5,0.731313,164.80784601,164.80784601
1,1,,quantum,precond_pen=0.500,0.5,False,0,0.000148,189.51579027,189.51579027
1,1,,quantum,precond_pen=0.500,0.5,False,1,0.005501,188.77091187,188.77091187
1,1,,quantum,precond_pen=0.500,0.5,False,2,0.00601,165.77754011,165.77754011
1,1,,quantum,precond_pen=0.500,0.5,False,3,0.865312,165.02502681,165.02502681
1,1,,quantum,precond_pen=0.500,0.5,False,4,0.968598,164.80784601,164.80784601
1,1,,quantum,precond_pen=0.500,0.5,False,5,1.030607,164.80784601,164.80784601
1,1,,quantum,precond_pen=0.700,0.7,False,0,0.000134,189.51579027,189.51579027
1,1,,quantum,precond_pen=0.700,0.7,False,1,0.006291,184.75020435,184.75020435
1,1,,quantum,precond_pen=0.700,0.7,False,2,0.006718,166.60795418,166.60795418
1,1,,quantum,precond_pen=0.700,0.7,False,3,0.032798,165.52263042,165.52263042
1,1,,quantum,precond_pen=0.700,0.7,False,4,0.509493,165.02502681,165.02502681
1,1,,quantum,precond_pen=0.700,0.7,False,5,1.540402,164.95918572,164.95918572
1,1,,quantum,precond_pen=0.700,0.7,False,6,1.60739,164.34075451,164.34075451
1,1,,quantum,precond_pen=0.700,0.7,False,7,2.287992,164.34075451,164.34075451
1,1,,quantum,precond_pen=0.800,0.8,False,0,0.00013,189.51579027,189.51579027
1,1,,quantum,precond_pen=0.800,0.8,False,1,0.006211,189.54212498,189.51579027
1,1,,quantum,precond_pen=0.800,0.8,False,2,0.006603,166.60795418,166.60795418
1,1,,quantum,precond_pen=0.800,0.8,False,3,0.027414,165.02502681,165.02502681
1,1,,quantum,precond_pen=0.800,0.8,False,4,1.461597,164.80784601,164.80784601
1,1,,quantum,precond_pen=0.800,0.8,False,5,1.915921,164.34075451,164.34075451
1,1,,quantum,precond_pen=0.800,0.8,False,6,3.847686,164.34075451,164.34075451
1,1,,quantum,precond_pen=1.000,1.0,False,0,0.000132,189.51579027,189.51579027
1,1,,quantum,precond_pen=1.000,1.0,False,1,0.006002,189.42894348,189.42894348
1,1,,quantum,precond_pen=1.000,1.0,False,2,0.006607,164.95918572,164.95918572
1,1,,quantum,precond_pen=1.000,1.0,False,3,1.806022,164.80784601,164.80784601
1,1,,quantum,precond_pen=1.000,1.0,False,4,3.424121,164.34075451,164.34075451
1,1,,quantum,precond_pen=1.000,1.0,False,5,4.445337,164.34075451,164.34075451
2,1,,quantum,baseline,,False,0,0.00013,184.10834611,184.10834611
2,1,,quantum,baseline,,False,1,0.004626,171.96795728,171.96795728
2,1,,quantum,baseline,,False,2,0.26704,166.77224179,166.77224179
2,1,,quantum,baseline,,False,3,0.524458,165.84205169,165.84205169
2,1,,quantum,baseline,,False,4,0.697824,165.7982707,165.7982707
2,1,,quantum,baseline,,False,5,9.876622,165.7982707,165.7982707
2,1,,quantum,precond_pen=0.200,0.2,False,0,0.000129,184.10834611,184.10834611
2,1,,quantum,precond_pen=0.200,0.2,False,1,0.006254,165.84205169,165.84205169
2,1,,quantum,precond_pen=0.300,0.3,False,0,0.000132,184.10834611,184.10834611
2,1,,quantum,precond_pen=0.300,0.3,False,1,0.005301,179.54183181,179.54183181
2,1,,quantum,precond_pen=0.300,0.3,False,2,0.005899,165.84205169,165.84205169
2,1,,quantum,precond_pen=0.400,0.4,False,0,0.000127,184.10834611,184.10834611
2,1,,quantum,precond_pen=0.400,0.4,False,1,0.005163,182.24633362,182.24633362
2,1,,quantum,precond_pen=0.400,0.4,False,2,0.00564,180.6600011,180.6600011
2,1,,quantum,precond_pen=0.400,0.4,False,3,0.006244,169.51254466,169.51254466
2,1,,quantum,precond_pen=0.400,0.4,False,4,0.034281,167.94246955,167.94246955
2,1,,quantum,precond_pen=0.400,0.4,False,5,0.034468,165.84205169,165.84205169
2,1,,quantum,precond_pen=0.500,0.5,False,0,0.000126,184.10834611,184.10834611
2,1,,quantum,precond_pen=0.500,0.5,False,1,0.004926,180.59489355,180.59489355
2,1,,quantum,precond_pen=0.500,0.5,False,2,0.005562,179.92423851,179.92423851
2,1,,quantum,precond_pen=0.500,0.5,False,3,0.005895,178.99555805,178.99555805
2,1,,quantum,precond_pen=0.500,0.5,False,4,0.006402,167.42468829,167.42468829
2,1,,quantum,precond_pen=0.500,0.5,False,5,0.034348,165.84205169,165.84205169
2,1,,quantum,precond_pen=0.700,0.7,False,0,0.000128,184.10834611,184.10834611
2,1,,quantum,precond_pen=0.700,0.7,False,1,0.006286,182.79224742,182.79224742
2,1,,quantum,precond_pen=0.700,0.7,False,2,0.00665,169.29027616,169.29027616
2,1,,quantum,precond_pen=0.700,0.7,False,3,0.030019,165.84205169,165.84205169
2,1,,quantum,precond_pen=0.800,0.8,False,0,0.000143,184.10834611,184.10834611
2,1,,quantum,precond_pen=0.800,0.8,False,1,0.006549,178.80137785,178.80137785
2,1,,quantum,precond_pen=0.800,0.8,False,2,0.007022,168.64821281,168.64821281
2,1,,quantum,precond_pen=0.800,0.8,False,3,0.026003,165.84205169,165.84205169
2,1,,quantum,precond_pen=1.000,1.0,False,0,0.00013,184.10834611,184.10834611
2,1,,quantum,precond_pen=1.000,1.0,False,1,0.006939,165.7982707,165.7982707
3,1,,quantum,baseline,,False,0,0.000133,208.90331006,208.90331006
3,1,,quantum,baseline,,False,1,0.00436,203.13903248,203.13903248
3,1,,quantum,baseline,,False,2,0.005619,173.43890441,173.43890441
3,1,,quantum,baseline,,False,3,0.111619,169.8500759,169.8500759
3,1,,quantum,precond_pen=0.200,0.2,False,0,0.000136,208.90331006,208.90331006
3,1,,quantum,precond_pen=0.200,0.2,False,1,0.005225,196.11597184,196.11597184
3,1,,quantum,precond_pen=0.200,0.2,False,2,0.006608,170.16100371,170.16100371
3,1,,quantum,precond_pen=0.300,0.3,False,0,0.000127,208.90331006,208.90331006
3,1,,quantum,precond_pen=0.300,0.3,False,1,0.004997,193.69954976,193.69954976
3,1,,quantum,precond_pen=0.300,0.3,False,2,0.006399,169.871934,169.871934
3,1,,quantum,precond_pen=0.400,0.4,False,0,0.000126,208.90331006,208.90331006
3,1,,quantum,precond_pen=0.400,0.4,False,1,0.005405,198.96330598,198.96330598
3,1,,quantum,precond_pen=0.400,0.4,False,2,0.006255,200.31272869,198.96330598
3,1,,quantum,precond_pen=0.400,0.4,False,3,0.00685,169.871934,169.871934
3,1,,quantum,precond_pen=0.500,0.5,False,0,0.000127,208.90331006,208.90331006
3,1,,quantum,precond_pen=0.500,0.5,False,1,0.005383,199.10452695,199.10452695
3,1,,quantum,precond_pen=0.500,0.5,False,2,0.006216,198.46968701,198.46968701
3,1,,quantum,precond_pen=0.500,0.5,False,3,0.006859,169.871934,169.871934
3,1,,quantum,precond_pen=0.700,0.7,False,0,0.00013,208.90331006,208.90331006
3,1,,quantum,precond_pen=0.700,0.7,False,1,0.005747,197.17496811,197.17496811
3,1,,quantum,precond_pen=0.700,0.7,False,2,0.006217,169.871934,169.871934
3,1,,quantum,precond_pen=0.800,0.8,False,0,0.000129,208.90331006,208.90331006
3,1,,quantum,precond_pen=0.800,0.8,False,1,0.006004,199.68410868,199.68410868
3,1,,quantum,precond_pen=0.800,0.8,False,2,0.006525,169.8500759,169.8500759
3,1,,quantum,precond_pen=1.000,1.0,False,0,0.000115,208.90331006,208.90331006
3,1,,quantum,precond_pen=1.000,1.0,False,1,0.005566,200.37223961,200.37223961
3,1,,quantum,precond_pen=1.000,1.0,False,2,0.006054,169.8500759,169.8500759
4,1,,quantum,baseline,,False,0,0.000126,209.69549112,209.69549112
4,1,,quantum,baseline,,False,1,0.004176,201.66607549,201.66607549
4,1,,quantum,baseline,,False,2,0.005379,188.11622948,188.11622948
4,1,,quantum,baseline,,False,3,0.109496,186.34332473,186.34332473
4,1,,quantum,baseline,,False,4,15.653676,185.7047525,185.7047525
4,1,,quantum,baseline,,False,5,22.8494,185.7047525,185.7047525
4,1,,quantum,precond_pen=0.200,0.2,False,0,0.000123,209.69549112,209.69549112
4,1,,quantum,precond_pen=0.200,0.2,False,1,0.005604,204.79631441,204.79631441
4,1,,quantum,precond_pen=0.200,0.2,False,2,0.005984,206.71170504,204.79631441
4,1,,quantum,precond_pen=0.200,0.2,False,3,0.006471,186.99119036,186.99119036
4,1,,quantum,precond_pen=0.200,0.2,False,4,0.757756,185.7047525,185.7047525
4,1,,quantum,precond_pen=0.200,0.2,False,5,1.043687,185.7047525,185.7047525
4,1,,quantum,precond_pen=0.300,0.3,False,0,0.000112,209.69549112,209.69549112
4,1,,quantum,precond_pen=0.300,0.3,False,1,0.005013,201.37321583,201.37321583
4,1,,quantum,precond_pen=0.300,0.3,False,2,0.005436,201.68383611,201.37321583
4,1,,quantum,precond_pen=0.300,0.3,False,3,0.006167,186.34332473,186.34332473
4,1,,quantum,precond_pen=0.400,0.4,False,0,0.000112,209.69549112,209.69549112
4,1,,quantum,precond_pen=0.400,0.4,False,1,0.005201,206.57381749,206.57381749
4,1,,quantum,precond_pen=0.400,0.4,False,2,0.005615,201.68383611,201.68383611
4,1,,quantum,precond_pen=0.400,0.4,False,3,0.005948,196.31924632,196.31924632
4,1,,quantum,precond_pen=0.400,0.4,False,4,0.006462,186.87216314,186.87216314
4,1,,quantum,precond_pen=0.400,0.4,False,5,0.036153,186.34332473,186.34332473
4,1,,quantum,precond_pen=0.400,0.4,False,6,0.316836,185.7047525,185.7047525
4,1,,quantum,precond_pen=0.400,0.4,False,7,0.317236,185.7047525,185.7047525
4,1,,quantum,precond_pen=0.500,0.5,False,0,0.000114,209.69549112,209.69549112
4,1,,quantum,precond_pen=0.500,0.5,False,1,0.005956,207.50903759,207.50903759
4,1,,quantum,precond_pen=0.500,0.5,False,2,0.006302,206.71170504,206.71170504
4,1,,quantum,precond_pen=0.500,0.5,False,3,0.00696,186.87216314,186.87216314
4,1,,quantum,precond_pen=0.500,0.5,False,4,0.033189,186.34332473,186.34332473
4,1,,quantum,precond_pen=0.500,0.5,False,5,0.522302,185.7047525,185.7047525
4,1,,quantum,precond_pen=0.500,0.5,False,6,0.522815,185.7047525,185.7047525
4,1,,quantum,precond_pen=0.700,0.7,False,0,0.000127,209.69549112,209.69549112
4,1,,quantum,precond_pen=0.700,0.7,False,1,0.005674,206.254587,206.254587
4,1,,quantum,precond_pen=0.700,0.7,False,2,0.006023,201.68383611,201.68383611
4,1,,quantum,precond_pen=0.700,0.7,False,3,0.006458,201.10096996,201.10096996
4,1,,quantum,precond_pen=0.700,0.7,False,4,0.00719,186.34332473,186.34332473
4,1,,quantum,precond_pen=0.700,0.7,False,5,0.988131,185.7047525,185.7047525
4,1,,quantum,precond_pen=0.700,0.7,False,6,1.188038,185.7047525,185.7047525
4,1,,quantum,precond_pen=0.800,0.8,False,0,0.000118,209.69549112,209.69549112
4,1,,quantum,precond_pen=0.800,0.8,False,1,0.00633,186.34332473,186.34332473
4,1,,quantum,precond_pen=0.800,0.8,False,2,1.569259,185.7047525,185.7047525
4,1,,quantum,precond_pen=0.800,0.8,False,3,1.824406,185.7047525,185.7047525
4,1,,quantum,precond_pen=1.000,1.0,False,0,0.000116,209.69549112,209.69549112
4,1,,quantum,precond_pen=1.000,1.0,False,1,0.005727,208.83392696,208.83392696
4,1,,quantum,precond_pen=1.000,1.0,False,2,0.006132,192.05777111,192.05777111
4,1,,quantum,precond_pen=1.000,1.0,False,3,0.024304,186.34332473,186.34332473
4,1,,quantum,precond_pen=1.000,1.0,False,4,1.546298,185.7047525,185.7047525
4,1,,quantum,precond_pen=1.000,1.0,False,5,2.166412,185.7047525,185.7047525
5,1,,quantum,baseline,,False,0,0.000119,189.25660748,189.25660748
5,1,,quantum,baseline,,False,1,0.004535,165.42289692,165.42289692
5,1,,quantum,baseline,,False,2,0.108316,164.94155625,164.94155625
5,1,,quantum,baseline,,False,3,4.30863,164.68529182,164.68529182
5,1,,quantum,baseline,,False,4,4.457003,163.04411848,163.04411848
5,1,,quantum,precond_pen=0.200,0.2,False,0,0.00012,189.25660748,189.25660748
5,1,,quantum,precond_pen=0.200,0.2,False,1,0.005593,187.8806115,187.8806115
5,1,,quantum,precond_pen=0.200,0.2,False,2,0.005963,183.04698791,183.04698791
5,1,,quantum,precond_pen=0.200,0.2,False,3,0.006361,181.2399299,181.2399299
5,1,,quantum,precond_pen=0.200,0.2,False,4,0.006807,163.04411848,163.04411848
5,1,,quantum,precond_pen=0.300,0.3,False,0,0.000128,189.25660748,189.25660748
5,1,,quantum,precond_pen=0.300,0.3,False,1,0.005057,178.98817009,178.98817009
5,1,,quantum,precond_pen=0.300,0.3,False,2,0.006637,164.36600589,164.36600589
5,1,,quantum,precond_pen=0.300,0.3,False,3,0.035936,165.81526347,164.36600589
5,1,,quantum,precond_pen=0.300,0.3,False,4,0.038162,163.04411848,163.04411848
5,1,,quantum,precond_pen=0.400,0.4,False,0,0.000116,189.25660748,189.25660748
5,1,,quantum,precond_pen=0.400,0.4,False,1,0.005541,186.16448256,186.16448256
5,1,,quantum,precond_pen=0.400,0.4,False,2,0.005889,183.04698791,183.04698791
5,1,,quantum,precond_pen=0.400,0.4,False,3,0.006229,180.55900638,180.55900638
5,1,,quantum,precond_pen=0.400,0.4,False,4,0.0067,165.27653822,165.27653822
5,1,,quantum,precond_pen=0.400,0.4,False,5,0.48019,164.72745416,164.72745416
5,1,,quantum,precond_pen=0.400,0.4,False,6,0.480332,163.04411848,163.04411848
5,1,,quantum,precond_pen=0.400,0.4,False,7,0.480807,163.04411848,163.04411848
5,1,,quantum,precond_pen=0.500,0.5,False,0,0.000118,189.25660748,189.25660748
5,1,,quantum,precond_pen=0.500,0.5,False,1,0.005706,182.77416778,182.77416778
5,1,,quantum,precond_pen=0.500,0.5,False,2,0.006457,163.89329064,163.89329064
5,1,,quantum,precond_pen=0.500,0.5,False,3,0.720641,163.04411848,163.04411848
5,1,,quantum,precond_pen=0.500,0.5,False,4,0.765813,163.04411848,163.04411848
5,1,,quantum,precond_pen=0.700,0.7,False,0,0.000115,189.25660748,189.25660748
5,1,,quantum,precond_pen=0.700,0.7,False,1,0.00621,182.890976,182.890976
5,1,,quantum,precond_pen=0.700,0.7,False,2,0.006613,181.57045273,181.57045273
5,1,,quantum,precond_pen=0.700,0.7,False,3,0.007092,180.67130456,180.67130456
5,1,,quantum,precond_pen=0.700,0.7,False,4,0.007701,163.89329064,163.89329064
5,1,,quantum,precond_pen=0.700,0.7,False,5,1.06269,163.04411848,163.04411848
5,1,,quantum,precond_pen=0.800,0.8,False,0,0.000116,189.25660748,189.25660748
5,1,,quantum,precond_pen=0.800,0.8,False,1,0.007457,184.26492966,184.26492966
5,1,,quantum,precond_pen=0.800,0.8,False,2,0.008136,166.44755281,166.44755281
5,1,,quantum,precond_pen=0.800,0.8,False,3,0.028192,163.89329064,163.89329064
5,1,,quantum,precond_pen=0.800,0.8,False,4,1.443445,163.04411848,163.04411848
5,1,,quantum,precond_pen=1.000,1.0,False,0,0.000119,189.25660748,189.25660748
5,1,,quantum,precond_pen=1.000,1.0,False,1,0.007226,184.62870712,184.62870712
5,1,,quantum,precond_pen=1.000,1.0,False,2,0.007637,170.4483754,170.4483754
5,1,,quantum,precond_pen=1.000,1.0,False,3,0.025677,163.89329064,163.89329064
5,1,,quantum,precond_pen=1.000,1.0,False,4,1.92186,163.04411848,163.04411848
5,1,,quantum,precond_pen=1.000,1.0,False,5,3.294112,163.04411848,163.04411848
6,1,,quantum,baseline,,False,0,0.000118,209.5918113,209.5918113
6,1,,quantum,baseline,,False,1,0.004377,206.44018163,206.44018163
6,1,,quantum,baseline,,False,2,0.004911,204.78281239,204.78281239
6,1,,quantum,baseline,,False,3,0.005284,203.07277917,203.07277917
6,1,,quantum,baseline,,False,4,0.005834,171.28420631,171.28420631
6,1,,quantum,precond_pen=0.200,0.2,False,0,0.000123,209.5918113,209.5918113
6,1,,quantum,precond_pen=0.200,0.2,False,1,0.006626,193.89777848,193.89777848
6,1,,quantum,precond_pen=0.200,0.2,False,2,0.008003,171.28420631,171.28420631
6,1,,quantum,precond_pen=0.300,0.3,False,0,0.000115,209.5918113,209.5918113
6,1,,quantum,precond_pen=0.300,0.3,False,1,0.005024,202.42787522,202.42787522
6,1,,quantum,precond_pen=0.300,0.3,False,2,0.00613,192.88115558,192.88115558
6,1,,quantum,precond_pen=0.300,0.3,False,3,0.006901,171.28420631,171.28420631
6,1,,quantum,precond_pen=0.400,0.4,False,0,0.000123,209.5918113,209.5918113
6,1,,quantum,precond_pen=0.400,0.4,False,1,0.005009,198.46923453,198.46923453
6,1,,quantum,precond_pen=0.400,0.4,False,2,0.00584,194.2981939,194.2981939
6,1,,quantum,precond_pen=0.400,0.4,False,3,0.00692,171.28420631,171.28420631
6,1,,quantum,precond_pen=0.500,0.5,False,0,0.000115,209.5918113,209.5918113
6,1,,quantum,precond_pen=0.500,0.5,False,1,0.005344,191.68532136,191.68532136
6,1,,quantum,precond_pen=0.500,0.5,False,2,0.006288,189.17686471,189.17686471
6,1,,quantum,precond_pen=0.500,0.5,False,3,0.00708,171.28420631,171.28420631
6,1,,quantum,precond_pen=0.700,0.7,False,0,0.000117,209.5918113,209.5918113
6,1,,quantum,precond_pen=0.700,0.7,False,1,0.006038,204.91632853,204.91632853
6,1,,quantum,precond_pen=0.700,0.7,False,2,0.006352,204.78281239,204.78281239
6,1,,quantum,precond_pen=0.700,0.7,False,3,0.006681,202.588865,202.588865
6,1,,quantum,precond_pen=0.700,0.7,False,4,0.00724,176.50141926,176.50141926
6,1,,quantum,precond_pen=0.700,0.7,False,5,0.030028,171.28420631,171.28420631
6,1,,quantum,precond_pen=0.800,0.8,False,0,0.000118,209.5918113,209.5918113
6,1,,quantum,precond_pen=0.800,0.8,False,1,0.006493,203.3906074,203.3906074
6,1,,quantum,precond_pen=0.800,0.8,False,2,0.007009,176.50141926,176.50141926
6,1,,quantum,precond_pen=0.800,0.8,False,3,0.025871,171.28420631,171.28420631
6,1,,quantum,precond_pen=1.000,1.0,False,0,0.000122,209.5918113,209.5918113
6,1,,quantum,precond_pen=1.000,1.0,False,1,0.006217,201.38780158,201.38780158
6,1,,quantum,precond_pen=1.000,1.0,False,2,0.006613,176.50141926,176.50141926
6,1,,quantum,precond_pen=1.000,1.0,False,3,0.024377,171.28420631,171.28420631
7,1,,quantum,baseline,,False,0,0.000116,195.7544466,195.7544466
7,1,,quantum,baseline,,False,1,0.00468,167.76067416,167.76067416
7,1,,quantum,precond_pen=0.200,0.2,False,0,0.000121,195.7544466,195.7544466
7,1,,quantum,precond_pen=0.200,0.2,False,1,0.005946,198.25937606,195.7544466
7,1,,quantum,precond_pen=0.200,0.2,False,2,0.006382,192.46203291,192.46203291
7,1,,quantum,precond_pen=0.200,0.2,False,3,0.007296,167.76067416,167.76067416
7,1,,quantum,precond_pen=0.300,0.3,False,0,0.000115,195.7544466,195.7544466
7,1,,quantum,precond_pen=0.300,0.3,False,1,0.00514,186.48908325,186.48908325
7,1,,quantum,precond_pen=0.300,0.3,False,2,0.006494,167.76067416,167.76067416
7,1,,quantum,precond_pen=0.400,0.4,False,0,0.000125,195.7544466,195.7544466
7,1,,quantum,precond_pen=0.400,0.4,False,1,0.005538,190.48784209,190.48784209
7,1,,quantum,precond_pen=0.400,0.4,False,2,0.005956,190.44144677,190.44144677
7,1,,quantum,precond_pen=0.400,0.4,False,3,0.006858,167.76067416,167.76067416
7,1,,quantum,precond_pen=0.500,0.5,False,0,0.000113,195.7544466,195.7544466
7,1,,quantum,precond_pen=0.500,0.5,False,1,0.005371,180.93131244,180.93131244
7,1,,quantum,precond_pen=0.500,0.5,False,2,0.006501,169.99943231,169.99943231
7,1,,quantum,precond_pen=0.500,0.5,False,3,0.033833,167.76067416,167.76067416
7,1,,quantum,precond_pen=0.700,0.7,False,0,0.000116,195.7544466,195.7544466
7,1,,quantum,precond_pen=0.700,0.7,False,1,0.006167,183.61224866,183.61224866
7,1,,quantum,precond_pen=0.700,0.7,False,2,0.00665,168.71818314,168.71818314
7,1,,quantum,precond_pen=0.700,0.7,False,3,0.78237,167.76067416,167.76067416
7,1,,quantum,precond_pen=0.700,0.7,False,4,1.094093,167.76067416,167.76067416
7,1,,quantum,precond_pen=0.800,0.8,False,0,0.000118,195.7544466,195.7544466
7,1,,quantum,precond_pen=0.800,0.8,False,1,0.005319,188.63960307,188.63960307
7,1,,quantum,precond_pen=0.800,0.8,False,2,0.006237,179.05920523,179.05920523
7,1,,quantum,precond_pen=0.800,0.8,False,3,0.006614,168.71818314,168.71818314
7,1,,quantum,precond_pen=0.800,0.8,False,4,1.020007,168.58817524,168.58817524
7,1,,quantum,precond_pen=0.800,0.8,False,5,1.176861,167.76067416,167.76067416
7,1,,quantum,precond_pen=0.800,0.8,False,6,1.804875,167.76067416,167.76067416
7,1,,quantum,precond_pen=1.000,1.0,False,0,0.000121,195.7544466,195.7544466
7,1,,quantum,precond_pen=1.000,1.0,False,1,0.006727,181.65849515,181.65849515
7,1,,quantum,precond_pen=1.000,1.0,False,2,0.007145,167.76067416,167.76067416
8,1,,quantum,baseline,,False,0,0.000122,191.12426956,191.12426956
8,1,,quantum,baseline,,False,1,0.004607,162.44650092,162.44650092
8,1,,quantum,precond_pen=0.200,0.2,False,0,0.000129,191.12426956,191.12426956
8,1,,quantum,precond_pen=0.200,0.2,False,1,0.005211,181.5723246,181.5723246
8,1,,quantum,precond_pen=0.200,0.2,False,2,0.006584,166.03641942,166.03641942
8,1,,quantum,precond_pen=0.200,0.2,False,3,0.044239,163.35473011,163.35473011
8,1,,quantum,precond_pen=0.300,0.3,False,0,0.00012,191.12426956,191.12426956
8,1,,quantum,precond_pen=0.300,0.3,False,1,0.005214,181.1556322,181.1556322
8,1,,quantum,precond_pen=0.300,0.3,False,2,0.006458,162.44650092,162.44650092
8,1,,quantum,precond_pen=0.400,0.4,False,0,0.00012,191.12426956,191.12426956
8,1,,quantum,precond_pen=0.400,0.4,False,1,0.006305,179.66691981,179.66691981
8,1,,quantum,precond_pen=0.400,0.4,False,2,0.006973,166.03641942,166.03641942
8,1,,quantum,precond_pen=0.400,0.4,False,3,0.035107,162.44650092,162.44650092
8,1,,quantum,precond_pen=0.500,0.5,False,0,0.000113,191.12426956,191.12426956
8,1,,quantum,precond_pen=0.500,0.5,False,1,0.005675,187.85036692,187.85036692
8,1,,quantum,precond_pen=0.500,0.5,False,2,0.006043,186.97646954,186.97646954
8,1,,quantum,precond_pen=0.500,0.5,False,3,0.006366,184.89573352,184.89573352
8,1,,quantum,precond_pen=0.500,0.5,False,4,0.007028,162.44650092,162.44650092
8,1,,quantum,precond_pen=0.700,0.7,False,0,0.000115,191.12426956,191.12426956
8,1,,quantum,precond_pen=0.700,0.7,False,1,0.006246,185.55217016,185.55217016
8,1,,quantum,precond_pen=0.700,0.7,False,2,0.006742,162.44650092,162.44650092
8,1,,quantum,precond_pen=0.800,0.8,False,0,0.000116,191.12426956,191.12426956
8,1,,quantum,precond_pen=0.800,0.8,False,1,0.006361,188.38606946,188.38606946
8,1,,quantum,precond_pen=0.800,0.8,False,2,0.006942,162.44650092,162.44650092
8,1,,quantum,precond_pen=1.000,1.0,False,0,0.00012,191.12426956,191.12426956
8,1,,quantum,precond_pen=1.000,1.0,False,1,0.005948,180.1055593,180.1055593
8,1,,quantum,precond_pen=1.000,1.0,False,2,0.006455,162.44650092,162.44650092
9,1,,quantum,baseline,,False,0,0.000117,207.38060405,207.38060405
9,1,,quantum,baseline,,False,1,0.004039,201.77391187,201.77391187
9,1,,quantum,baseline,,False,2,0.005189,174.57766661,174.57766661
9,1,,quantum,baseline,,False,3,0.109637,173.91362634,173.91362634
9,1,,quantum,precond_pen=0.200,0.2,False,0,0.000129,207.38060405,207.38060405
9,1,,quantum,precond_pen=0.200,0.2,False,1,0.006285,199.34828474,199.34828474
9,1,,quantum,precond_pen=0.200,0.2,False,2,0.007227,197.39391574,197.39391574
9,1,,quantum,precond_pen=0.200,0.2,False,3,0.007653,173.91362634,173.91362634
9,1,,quantum,precond_pen=0.300,0.3,False,0,0.000118,207.38060405,207.38060405
9,1,,quantum,precond_pen=0.300,0.3,False,1,0.005223,198.46147571,198.46147571
9,1,,quantum,precond_pen=0.300,0.3,False,2,0.005701,176.67908685,176.67908685
9,1,,quantum,precond_pen=0.300,0.3,False,3,0.036327,174.26992967,174.26992967
9,1,,quantum,precond_pen=0.300,0.3,False,4,0.348987,173.91362634,173.91362634
9,1,,quantum,precond_pen=0.300,0.3,False,5,0.360411,173.91362634,173.91362634
9,1,,quantum,precond_pen=0.400,0.4,False,0,0.000124,207.38060405,207.38060405
9,1,,quantum,precond_pen=0.400,0.4,False,1,0.004691,200.1110569,200.1110569
9,1,,quantum,precond_pen=0.400,0.4,False,2,0.005774,196.2089306,196.2089306
9,1,,quantum,precond_pen=0.400,0.4,False,3,0.006579,175.10328783,175.10328783
9,1,,quantum,precond_pen=0.400,0.4,False,4,0.035345,174.26992967,174.26992967
9,1,,quantum,precond_pen=0.400,0.4,False,5,0.412722,173.91362634,173.91362634
9,1,,quantum,precond_pen=0.400,0.4,False,6,0.413231,173.91362634,173.91362634
9,1,,quantum,precond_pen=0.500,0.5,False,0,0.000123,207.38060405,207.38060405
9,1,,quantum,precond_pen=0.500,0.5,False,1,0.004927,191.9300905,191.9300905
9,1,,quantum,precond_pen=0.500,0.5,False,2,0.005919,185.768122,185.768122
9,1,,quantum,precond_pen=0.500,0.5,False,3,0.00645,173.91362634,173.91362634
9,1,,quantum,precond_pen=0.700,0.7,False,0,0.000117,207.38060405,207.38060405
9,1,,quantum,precond_pen=0.700,0.7,False,1,0.005771,200.32018857,200.32018857
9,1,,quantum,precond_pen=0.700,0.7,False,2,0.00648,199.05502814,199.05502814
9,1,,quantum,precond_pen=0.700,0.7,False,3,0.007157,176.55147045,176.55147045
9,1,,quantum,precond_pen=0.700,0.7,False,4,0.029139,174.26992967,174.26992967
9,1,,quantum,precond_pen=0.700,0.7,False,5,1.014297,173.91362634,173.91362634
9,1,,quantum,precond_pen=0.700,0.7,False,6,1.451766,173.91362634,173.91362634
9,1,,quantum,precond_pen=0.800,0.8,False,0,0.00012,207.38060405,207.38060405
9,1,,quantum,precond_pen=0.800,0.8,False,1,0.006086,198.81985773,198.81985773
9,1,,quantum,precond_pen=0.800,0.8,False,2,0.00663,173.91362634,173.91362634
9,1,,quantum,precond_pen=1.000,1.0,False,0,0.000117,207.38060405,207.38060405
9,1,,quantum,precond_pen=1.000,1.0,False,1,0.005686,185.61489084,185.61489084
9,1,,quantum,precond_pen=1.000,1.0,False,2,0.006101,173.91362634,173.91362634
10,1,,quantum,baseline,,False,0,0.00012,194.61342848,194.61342848
10,1,,quantum,baseline,,False,1,0.004003,191.80386798,191.80386798
10,1,,quantum,baseline,,False,2,0.005283,167.41336224,167.41336224
10,1,,quantum,precond_pen=0.200,0.2,False,0,0.000125,194.61342848,194.61342848
10,1,,quantum,precond_pen=0.200,0.2,False,1,0.005152,186.8430561,186.8430561
10,1,,quantum,precond_pen=0.200,0.2,False,2,0.006628,167.43875541,167.43875541
10,1,,quantum,precond_pen=0.300,0.3,False,0,0.000112,194.61342848,194.61342848
10,1,,quantum,precond_pen=0.300,0.3,False,1,0.005234,193.20626662,193.20626662
10,1,,quantum,precond_pen=0.300,0.3,False,2,0.005862,167.41336224,167.41336224
10,1,,quantum,precond_pen=0.400,0.4,False,0,0.000119,194.61342848,194.61342848
10,1,,quantum,precond_pen=0.400,0.4,False,1,0.005771,183.1692921,183.1692921
10,1,,quantum,precond_pen=0.400,0.4,False,2,0.006305,167.41336224,167.41336224
10,1,,quantum,precond_pen=0.500,0.5,False,0,0.000115,194.61342848,194.61342848
10,1,,quantum,precond_pen=0.500,0.5,False,1,0.00541,188.66731624,188.66731624
10,1,,quantum,precond_pen=0.500,0.5,False,2,0.006368,186.98006786,186.98006786
10,1,,quantum,precond_pen=0.500,0.5,False,3,0.007048,172.84636781,172.84636781
10,1,,quantum,precond_pen=0.500,0.5,False,4,0.032597,167.41336224,167.41336224
10,1,,quantum,precond_pen=0.700,0.7,False,0,0.000116,194.61342848,194.61342848
10,1,,quantum,precond_pen=0.700,0.7,False,1,0.006091,188.86512143,188.86512143
10,1,,quantum,precond_pen=0.700,0.7,False,2,0.006652,167.41336224,167.41336224
10,1,,quantum,precond_pen=0.800,0.8,False,0,0.000116,194.61342848,194.61342848
10,1,,quantum,precond_pen=0.800,0.8,False,1,0.00578,191.83927913,191.83927913
10,1,,quantum,precond_pen=0.800,0.8,False,2,0.006092,175.43017177,175.43017177
10,1,,quantum,precond_pen=0.800,0.8,False,3,0.02456,173.09262065,173.09262065
10,1,,quantum,precond_pen=0.800,0.8,False,4,0.259055,167.43875541,167.43875541
10,1,,quantum,precond_pen=0.800,0.8,False,5,0.432636,167.41336224,167.41336224
10,1,,quantum,precond_pen=1.000,1.0,False,0,0.000119,194.61342848,194.61342848
10,1,,quantum,precond_pen=1.000,1.0,False,1,0.005703,188.55729939,188.55729939
10,1,,quantum,precond_pen=1.000,1.0,False,2,0.006205,167.41336224,167.41336224
11,1,,quantum,baseline,,False,0,0.000116,194.75035761,194.75035761
11,1,,quantum,baseline,,False,1,0.004567,189.18731885,189.18731885
11,1,,quantum,baseline,,False,2,0.004912,186.0595437,186.0595437
11,1,,quantum,baseline,,False,3,0.005511,158.84896493,158.84896493
11,1,,quantum,baseline,,False,4,0.111519,154.56207709,154.56207709
11,1,,quantum,precond_pen=0.200,0.2,False,0,0.000123,194.75035761,194.75035761
11,1,,quantum,precond_pen=0.200,0.2,False,1,0.005596,177.74352826,177.74352826
11,1,,quantum,precond_pen=0.200,0.2,False,2,0.006827,157.94699447,157.94699447
11,1,,quantum,precond_pen=0.200,0.2,False,3,0.040513,154.56207709,154.56207709
11,1,,quantum,precond_pen=0.300,0.3,False,0,0.000114,194.75035761,194.75035761
11,1,,quantum,precond_pen=0.300,0.3,False,1,0.005286,182.04604902,182.04604902
11,1,,quantum,precond_pen=0.300,0.3,False,2,0.005948,179.50541905,179.50541905
11,1,,quantum,precond_pen=0.300,0.3,False,3,0.006999,156.76540992,156.76540992
11,1,,quantum,precond_pen=0.300,0.3,False,4,0.214254,154.56207709,154.56207709
11,1,,quantum,precond_pen=0.300,0.3,False,5,0.221876,154.56207709,154.56207709
11,1,,quantum,precond_pen=0.400,0.4,False,0,0.000114,194.75035761,194.75035761
11,1,,quantum,precond_pen=0.400,0.4,False,1,0.005052,182.56293645,182.56293645
11,1,,quantum,precond_pen=0.400,0.4,False,2,0.005615,183.01489391,182.56293645
11,1,,quantum,precond_pen=0.400,0.4,False,3,0.005947,177.68147269,177.68147269
11,1,,quantum,precond_pen=0.400,0.4,False,4,0.006427,154.56207709,154.56207709
11,1,,quantum,precond_pen=0.500,0.5,False,0,0.000119,194.75035761,194.75035761
11,1,,quantum,precond_pen=0.500,0.5,False,1,0.005129,178.06820597,178.06820597
11,1,,quantum,precond_pen=0.500,0.5,False,2,0.006042,177.27918233,177.27918233
11,1,,quantum,precond_pen=0.500,0.5,False,3,0.006561,160.57207134,160.57207134
11,1,,quantum,precond_pen=0.500,0.5,False,4,0.03213,158.68566575,158.68566575
11,1,,quantum,precond_pen=0.500,0.5,False,5,0.033838,154.56207709,154.56207709
11,1,,quantum,precond_pen=0.700,0.7,False,0,0.000129,194.75035761,194.75035761
11,1,,quantum,precond_pen=0.700,0.7,False,1,0.006246,172.86510791,172.86510791
11,1,,quantum,precond_pen=0.700,0.7,False,2,0.007635,154.56207709,154.56207709
11,1,,quantum,precond_pen=0.800,0.8,False,0,0.000126,194.75035761,194.75035761
11,1,,quantum,precond_pen=0.800,0.8,False,1,0.005783,173.91686532,173.91686532
11,1,,quantum,precond_pen=0.800,0.8,False,2,0.006333,154.56207709,154.56207709
11,1,,quantum,precond_pen=1.000,1.0,False,0,0.000119,194.75035761,194.75035761
11,1,,quantum,precond_pen=1.000,1.0,False,1,0.00577,180.36323854,180.36323854
11,1,,quantum,precond_pen=1.000,1.0,False,2,0.006271,154.56207709,154.56207709
12,1,,quantum,baseline,,False,0,0.000121,204.11547024,204.11547024
12,1,,quantum,baseline,,False,1,0.004281,194.14212016,194.14212016
12,1,,quantum,baseline,,False,2,0.005566,188.71403811,188.71403811
12,1,,quantum,baseline,,False,3,0.006248,175.41798108,175.41798108
12,1,,quantum,baseline,,False,4,0.110067,171.55721593,171.55721593
12,1,,quantum,precond_pen=0.200,0.2,False,0,0.000121,204.11547024,204.11547024
12,1,,quantum,precond_pen=0.200,0.2,False,1,0.005206,203.65973529,203.65973529
12,1,,quantum,precond_pen=0.200,0.2,False,2,0.005946,200.00825481,200.00825481
12,1,,quantum,precond_pen=0.200,0.2,False,3,0.006368,197.11795952,197.11795952
12,1,,quantum,precond_pen=0.200,0.2,False,4,0.007093,171.55721593,171.55721593
12,1,,quantum,precond_pen=0.300,0.3,False,0,0.000117,204.11547024,204.11547024
12,1,,quantum,precond_pen=0.300,0.3,False,1,0.004985,195.94195307,195.94195307
12,1,,quantum,precond_pen=0.300,0.3,False,2,0.005702,197.47394281,195.94195307
12,1,,quantum,precond_pen=0.300,0.3,False,3,0.006107,195.23848322,195.23848322
12,1,,quantum,precond_pen=0.300,0.3,False,4,0.006822,171.55721593,171.55721593
12,1,,quantum,precond_pen=0.400,0.4,False,0,0.000113,204.11547024,204.11547024
12,1,,quantum,precond_pen=0.400,0.4,False,1,0.004753,199.98424426,199.98424426
12,1,,quantum,precond_pen=0.400,0.4,False,2,0.005226,200.00825481,199.98424426
12,1,,quantum,precond_pen=0.400,0.4,False,3,0.005583,191.69462078,191.69462078
12,1,,quantum,precond_pen=0.400,0.4,False,4,0.006055,171.55721593,171.55721593
12,1,,quantum,precond_pen=0.500,0.5,False,0,0.000112,204.11547024,204.11547024
12,1,,quantum,precond_pen=0.500,0.5,False,1,0.004838,188.62300189,188.62300189
12,1,,quantum,precond_pen=0.500,0.5,False,2,0.006204,175.41798108,175.41798108
12,1,,quantum,precond_pen=0.500,0.5,False,3,0.03403,171.55721593,171.55721593
12,1,,quantum,precond_pen=0.700,0.7,False,0,0.000114,204.11547024,204.11547024
12,1,,quantum,precond_pen=0.700,0.7,False,1,0.005948,203.20587929,203.20587929
12,1,,quantum,precond_pen=0.700,0.7,False,2,0.00635,200.00825481,200.00825481
12,1,,quantum,precond_pen=0.700,0.7,False,3,0.006681,198.58923005,198.58923005
12,1,,quantum,precond_pen=0.700,0.7,False,4,0.00713,175.75974487,175.75974487
12,1,,quantum,precond_pen=0.700,0.7,False,5,0.027504,171.55721593,171.55721593
12,1,,quantum,precond_pen=0.800,0.8,False,0,0.000117,204.11547024,204.11547024
12,1,,quantum,precond_pen=0.800,0.8,False,1,0.00612,198.97708591,198.97708591
12,1,,quantum,precond_pen=0.800,0.8,False,2,0.006553,178.48950641,178.48950641
12,1,,quantum,precond_pen=0.800,0.8,False,3,0.025084,171.55721593,171.55721593
12,1,,quantum,precond_pen=1.000,1.0,False,0,0.000126,204.11547024,204.11547024
12,1,,quantum,precond_pen=1.000,1.0,False,1,0.00584,199.37571059,199.37571059
12,1,,quantum,precond_pen=1.000,1.0,False,2,0.006245,171.55721593,171.55721593
13,1,,quantum,baseline,,False,0,0.000117,199.60134542,199.60134542
13,1,,quantum,baseline,,False,1,0.004298,195.40356133,195.40356133
13,1,,quantum,baseline,,False,2,0.004615,190.56281956,190.56281956
13,1,,quantum,baseline,,False,3,0.005184,171.24886373,171.24886373
13,1,,quantum,baseline,,False,4,0.108064,166.35969307,166.35969307
13,1,,quantum,baseline,,False,5,0.108458,165.52632659,165.52632659
13,1,,quantum,precond_pen=0.200,0.2,False,0,0.000131,199.60134542,199.60134542
13,1,,quantum,precond_pen=0.200,0.2,False,1,0.006499,194.61955167,194.61955167
13,1,,quantum,precond_pen=0.200,0.2,False,2,0.006873,195.40356133,194.61955167
13,1,,quantum,precond_pen=0.200,0.2,False,3,0.007836,165.52632659,165.52632659
13,1,,quantum,precond_pen=0.300,0.3,False,0,0.000119,199.60134542,199.60134542
13,1,,quantum,precond_pen=0.300,0.3,False,1,0.004799,202.7245512,199.60134542
13,1,,quantum,precond_pen=0.300,0.3,False,2,0.005133,195.40356133,195.40356133
13,1,,quantum,precond_pen=0.300,0.3,False,3,0.006186,165.52632659,165.52632659
13,1,,quantum,precond_pen=0.400,0.4,False,0,0.000121,199.60134542,199.60134542
13,1,,quantum,precond_pen=0.400,0.4,False,1,0.005755,192.4909384,192.4909384
13,1,,quantum,precond_pen=0.400,0.4,False,2,0.006146,190.56281956,190.56281956
13,1,,quantum,precond_pen=0.400,0.4,False,3,0.006504,183.02125481,183.02125481
13,1,,quantum,precond_pen=0.400,0.4,False,4,0.007136,165.52632659,165.52632659
13,1,,quantum,precond_pen=0.500,0.5,False,0,0.000113,199.60134542,199.60134542
13,1,,quantum,precond_pen=0.500,0.5,False,1,0.0054,185.95522444,185.95522444
13,1,,quantum,precond_pen=0.500,0.5,False,2,0.00668,166.15942422,166.15942422
13,1,,quantum,precond_pen=0.500,0.5,False,3,0.032333,165.52632659,165.52632659
13,1,,quantum,precond_pen=0.700,0.7,False,0,0.000118,199.60134542,199.60134542
13,1,,quantum,precond_pen=0.700,0.7,False,1,0.005721,192.65331028,192.65331028
13,1,,quantum,precond_pen=0.700,0.7,False,2,0.006426,165.52632659,165.52632659
13,1,,quantum,precond_pen=0.800,0.8,False,0,0.00013,199.60134542,199.60134542
13,1,,quantum,precond_pen=0.800,0.8,False,1,0.006259,189.39990962,189.39990962
13,1,,quantum,precond_pen=0.800,0.8,False,2,0.006776,166.15942422,166.15942422
13,1,,quantum,precond_pen=0.800,0.8,False,3,0.573963,165.52632659,165.52632659
13,1,,quantum,precond_pen=0.800,0.8,False,4,1.465611,165.52632659,165.52632659
13,1,,quantum,precond_pen=1.000,1.0,False,0,0.000119,199.60134542,199.60134542
13,1,,quantum,precond_pen=1.000,1.0,False,1,0.00578,192.88030677,192.88030677
13,1,,quantum,precond_pen=1.000,1.0,False,2,0.006379,165.52632659,165.52632659
14,1,,quantum,baseline,,False,0,0.000121,191.56628962,191.56628962
14,1,,quantum,baseline,,False,1,0.004153,185.82713204,185.82713204
14,1,,quantum,baseline,,False,2,0.005326,173.2453035,173.2453035
14,1,,quantum,baseline,,False,3,0.109755,169.94244263,169.94244263
14,1,,quantum,precond_pen=0.200,0.2,False,0,0.00012,191.56628962,191.56628962
14,1,,quantum,precond_pen=0.200,0.2,False,1,0.005133,190.11616257,190.11616257
14,1,,quantum,precond_pen=0.200,0.2,False,2,0.005542,190.88078118,190.11616257
14,1,,quantum,precond_pen=0.200,0.2,False,3,0.006354,169.94244263,169.94244263
14,1,,quantum,precond_pen=0.300,0.3,False,0,0.000115,191.56628962,191.56628962
14,1,,quantum,precond_pen=0.300,0.3,False,1,0.005068,190.67337827,190.67337827
14,1,,quantum,precond_pen=0.300,0.3,False,2,0.005693,171.96315124,171.96315124
14,1,,quantum,precond_pen=0.300,0.3,False,3,0.035287,169.94244263,169.94244263
14,1,,quantum,precond_pen=0.400,0.4,False,0,0.000129,191.56628962,191.56628962
14,1,,quantum,precond_pen=0.400,0.4,False,1,0.00486,185.90976999,185.90976999
14,1,,quantum,precond_pen=0.400,0.4,False,2,0.005298,186.57841408,185.90976999
14,1,,quantum,precond_pen=0.400,0.4,False,3,0.005687,183.81685295,183.81685295
14,1,,quantum,precond_pen=0.400,0.4,False,4,0.006435,169.94244263,169.94244263
14,1,,quantum,precond_pen=0.500,0.5,False,0,0.000116,191.56628962,191.56628962
14,1,,quantum,precond_pen=0.500,0.5,False,1,0.005753,186.68663804,186.68663804
14,1,,quantum,precond_pen=0.500,0.5,False,2,0.00639,171.00055416,171.00055416
14,1,,quantum,precond_pen=0.500,0.5,False,3,0.034202,169.94244263,169.94244263
14,1,,quantum,precond_pen=0.700,0.7,False,0,0.000117,191.56628962,191.56628962
14,1,,quantum,precond_pen=0.700,0.7,False,1,0.006139,179.93279557,179.93279557
14,1,,quantum,precond_pen=0.700,0.7,False,2,0.006556,171.00055416,171.00055416
14,1,,quantum,precond_pen=0.700,0.7,False,3,0.028566,169.94244263,169.94244263
14,1,,quantum,precond_pen=0.800,0.8,False,0,0.000114,191.56628962,191.56628962
14,1,,quantum,precond_pen=0.800,0.8,False,1,0.005671,179.93279557,179.93279557
14,1,,quantum,precond_pen=0.800,0.8,False,2,0.006006,171.00055416,171.00055416
14,1,,quantum,precond_pen=0.800,0.8,False,3,1.176147,169.94244263,169.94244263
14,1,,quantum,precond_pen=0.800,0.8,False,4,1.915275,169.94244263,169.94244263
14,1,,quantum,precond_pen=1.000,1.0,False,0,0.000117,191.56628962,191.56628962
14,1,,quantum,precond_pen=1.000,1.0,False,1,0.006028,191.37709052,191.37709052
14,1,,quantum,precond_pen=1.000,1.0,False,2,0.006348,172.86350726,172.86350726
14,1,,quantum,precond_pen=1.000,1.0,False,3,0.023589,172.53781843,172.53781843
14,1,,quantum,precond_pen=1.000,1.0,False,4,1.296195,171.79760226,171.79760226
14,1,,quantum,precond_pen=1.000,1.0,False,5,1.35,171.83536127,171.79760226
14,1,,quantum,precond_pen=1.000,1.0,False,6,1.844466,169.94244263,169.94244263
15,1,,quantum,baseline,,False,0,0.000117,209.20319871,209.20319871
15,1,,quantum,baseline,,False,1,0.004474,206.79789695,206.79789695
15,1,,quantum,baseline,,False,2,0.005113,176.34991418,176.34991418
15,1,,quantum,precond_pen=0.200,0.2,False,0,0.000131,209.20319871,209.20319871
15,1,,quantum,precond_pen=0.200,0.2,False,1,0.005115,200.61462878,200.61462878
15,1,,quantum,precond_pen=0.200,0.2,False,2,0.006197,199.44676999,199.44676999
15,1,,quantum,precond_pen=0.200,0.2,False,3,0.007006,177.08421667,177.08421667
15,1,,quantum,precond_pen=0.200,0.2,False,4,0.401254,176.5084702,176.5084702
15,1,,quantum,precond_pen=0.200,0.2,False,5,0.429332,176.78884553,176.5084702
15,1,,quantum,precond_pen=0.200,0.2,False,6,0.739663,176.78884553,176.5084702
15,1,,quantum,precond_pen=0.300,0.3,False,0,0.000117,209.20319871,209.20319871
15,1,,quantum,precond_pen=0.300,0.3,False,1,0.00513,199.04254283,199.04254283
15,1,,quantum,precond_pen=0.300,0.3,False,2,0.005833,199.44676999,199.04254283
15,1,,quantum,precond_pen=0.300,0.3,False,3,0.006789,177.08421667,177.08421667
15,1,,quantum,precond_pen=0.400,0.4,False,0,0.000114,209.20319871,209.20319871
15,1,,quantum,precond_pen=0.400,0.4,False,1,0.005778,196.97718288,196.97718288
15,1,,quantum,precond_pen=0.400,0.4,False,2,0.006256,176.5084702,176.5084702
15,1,,quantum,precond_pen=0.400,0.4,False,3,0.489737,176.765054,176.5084702
15,1,,quantum,precond_pen=0.400,0.4,False,4,0.494376,177.08421667,176.5084702
15,1,,quantum,precond_pen=0.400,0.4,False,5,0.495094,177.08421667,176.5084702
15,1,,quantum,precond_pen=0.500,0.5,False,0,0.000116,209.20319871,209.20319871
15,1,,quantum,precond_pen=0.500,0.5,False,1,0.005406,191.32690948,191.32690948
15,1,,quantum,precond_pen=0.500,0.5,False,2,0.006206,188.53468898,188.53468898
15,1,,quantum,precond_pen=0.500,0.5,False,3,0.006705,177.38246031,177.38246031
15,1,,quantum,precond_pen=0.500,0.5,False,4,0.035908,176.5084702,176.5084702
15,1,,quantum,precond_pen=0.500,0.5,False,5,0.847386,177.08421667,176.5084702
15,1,,quantum,precond_pen=0.500,0.5,False,6,0.859326,177.08421667,176.5084702
15,1,,quantum,precond_pen=0.700,0.7,False,0,0.000117,209.20319871,209.20319871
15,1,,quantum,precond_pen=0.700,0.7,False,1,0.006348,195.41950125,195.41950125
15,1,,quantum,precond_pen=0.700,0.7,False,2,0.006918,176.34991418,176.34991418
15,1,,quantum,precond_pen=0.800,0.8,False,0,0.000118,209.20319871,209.20319871
15,1,,quantum,precond_pen=0.800,0.8,False,1,0.006274,190.03222292,190.03222292
15,1,,quantum,precond_pen=0.800,0.8,False,2,0.006741,178.51513035,178.51513035
15,1,,quantum,precond_pen=0.800,0.8,False,3,0.02575,177.38246031,177.38246031
15,1,,quantum,precond_pen=0.800,0.8,False,4,1.12907,176.34991418,176.34991418
15,1,,quantum,precond_pen=0.800,0.8,False,5,3.205357,176.34991418,176.34991418
15,1,,quantum,precond_pen=1.000,1.0,False,0,0.000117,209.20319871,209.20319871
15,1,,quantum,precond_pen=1.000,1.0,False,1,0.005995,191.50326953,191.50326953
15,1,,quantum,precond_pen=1.000,1.0,False,2,0.006501,177.38246031,177.38246031
15,1,,quantum,precond_pen=1.000,1.0,False,3,1.096637,176.765054,176.765054
15,1,,quantum,precond_pen=1.000,1.0,False,4,1.404501,176.34991418,176.34991418
16,1,,quantum,baseline,,False,0,0.000126,192.74573651,192.74573651
16,1,,quantum,baseline,,False,1,0.005315,192.69541669,192.69541669
16,1,,quantum,baseline,,False,2,0.005834,174.44206604,174.44206604
16,1,,quantum,baseline,,False,3,0.110559,169.04097631,169.04097631
16,1,,quantum,precond_pen=0.200,0.2,False,0,0.000121,192.74573651,192.74573651
16,1,,quantum,precond_pen=0.200,0.2,False,1,0.005364,191.4570935,191.4570935
16,1,,quantum,precond_pen=0.200,0.2,False,2,0.005968,190.07874672,190.07874672
16,1,,quantum,precond_pen=0.200,0.2,False,3,0.006722,169.04097631,169.04097631
16,1,,quantum,precond_pen=0.300,0.3,False,0,0.000117,192.74573651,192.74573651
16,1,,quantum,precond_pen=0.300,0.3,False,1,0.005635,182.24863166,182.24863166
16,1,,quantum,precond_pen=0.300,0.3,False,2,0.006192,173.72462864,173.72462864
16,1,,quantum,precond_pen=0.300,0.3,False,3,0.035457,169.04097631,169.04097631
16,1,,quantum,precond_pen=0.400,0.4,False,0,0.000114,192.74573651,192.74573651
16,1,,quantum,precond_pen=0.400,0.4,False,1,0.00506,192.69687867,192.69687867
16,1,,quantum,precond_pen=0.400,0.4,False,2,0.005378,190.07874672,190.07874672
16,1,,quantum,precond_pen=0.400,0.4,False,3,0.00574,185.6615719,185.6615719
16,1,,quantum,precond_pen=0.400,0.4,False,4,0.006247,173.07976063,173.07976063
16,1,,quantum,precond_pen=0.400,0.4,False,5,0.032695,169.04097631,169.04097631
16,1,,quantum,precond_pen=0.500,0.5,False,0,0.000116,192.74573651,192.74573651
16,1,,quantum,precond_pen=0.500,0.5,False,1,0.006348,169.04097631,169.04097631
16,1,,quantum,precond_pen=0.700,0.7,False,0,0.000114,192.74573651,192.74573651
16,1,,quantum,precond_pen=0.700,0.7,False,1,0.006739,185.0083409,185.0083409
16,1,,quantum,precond_pen=0.700,0.7,False,2,0.007407,169.04097631,169.04097631
16,1,,quantum,precond_pen=0.800,0.8,False,0,0.000127,192.74573651,192.74573651
16,1,,quantum,precond_pen=0.800,0.8,False,1,0.006393,187.80603418,187.80603418
16,1,,quantum,precond_pen=0.800,0.8,False,2,0.006955,173.07976063,173.07976063
16,1,,quantum,precond_pen=0.800,0.8,False,3,0.025177,169.04097631,169.04097631
16,1,,quantum,precond_pen=1.000,1.0,False,0,0.000117,192.74573651,192.74573651
16,1,,quantum,precond_pen=1.000,1.0,False,1,0.006108,188.89925125,188.89925125
16,1,,quantum,precond_pen=1.000,1.0,False,2,0.006682,174.44206604,174.44206604
16,1,,quantum,precond_pen=1.000,1.0,False,3,1.286119,169.04097631,169.04097631
16,1,,quantum,precond_pen=1.000,1.0,False,4,2.19919,169.04097631,169.04097631
17,1,,quantum,baseline,,False,0,0.000117,194.19487254,194.19487254
17,1,,quantum,baseline,,False,1,0.003959,191.76891475,191.76891475
17,1,,quantum,baseline,,False,2,0.004508,191.48255754,191.48255754
17,1,,quantum,baseline,,False,3,0.004835,189.71912232,189.71912232
17,1,,quantum,baseline,,False,4,0.005362,159.91831062,159.91831062
17,1,,quantum,precond_pen=0.200,0.2,False,0,0.000121,194.19487254,194.19487254
17,1,,quantum,precond_pen=0.200,0.2,False,1,0.005482,183.92399274,183.92399274
17,1,,quantum,precond_pen=0.200,0.2,False,2,0.007269,159.91831062,159.91831062
17,1,,quantum,precond_pen=0.300,0.3,False,0,0.000122,194.19487254,194.19487254
17,1,,quantum,precond_pen=0.300,0.3,False,1,0.005251,188.81607836,188.81607836
17,1,,quantum,precond_pen=0.300,0.3,False,2,0.005904,159.91831062,159.91831062
17,1,,quantum,precond_pen=0.400,0.4,False,0,0.000123,194.19487254,194.19487254
17,1,,quantum,precond_pen=0.400,0.4,False,1,0.004768,192.20462809,192.20462809
17,1,,quantum,precond_pen=0.400,0.4,False,2,0.005236,191.81378083,191.81378083
17,1,,quantum,precond_pen=0.400,0.4,False,3,0.005577,185.01918697,185.01918697
17,1,,quantum,precond_pen=0.400,0.4,False,4,0.006238,159.91831062,159.91831062
17,1,,quantum,precond_pen=0.500,0.5,False,0,0.000119,194.19487254,194.19487254
17,1,,quantum,precond_pen=0.500,0.5,False,1,0.005206,177.72864368,177.72864368
17,1,,quantum,precond_pen=0.500,0.5,False,2,0.0066,159.91831062,159.91831062
17,1,,quantum,precond_pen=0.500,0.5,False,3,0.59975,159.91831062,159.91831062
17,1,,quantum,precond_pen=0.700,0.7,False,0,0.000115,194.19487254,194.19487254
17,1,,quantum,precond_pen=0.700,0.7,False,1,0.005891,182.24202955,182.24202955
17,1,,quantum,precond_pen=0.700,0.7,False,2,0.006823,181.93390414,181.93390414
17,1,,quantum,precond_pen=0.700,0.7,False,3,0.007274,159.91831062,159.91831062
17,1,,quantum,precond_pen=0.800,0.8,False,0,0.000119,194.19487254,194.19487254
17,1,,quantum,precond_pen=0.800,0.8,False,1,0.005911,185.23554925,185.23554925
17,1,,quantum,precond_pen=0.800,0.8,False,2,0.006357,163.39452385,163.39452385
17,1,,quantum,precond_pen=0.800,0.8,False,3,0.02474,159.91831062,159.91831062
17,1,,quantum,precond_pen=1.000,1.0,False,0,0.000117,194.19487254,194.19487254
17,1,,quantum,precond_pen=1.000,1.0,False,1,0.005845,181.40936354,181.40936354
17,1,,quantum,precond_pen=1.000,1.0,False,2,0.006275,163.39452385,163.39452385
17,1,,quantum,precond_pen=1.000,1.0,False,3,0.02363,159.91831062,159.91831062
18,1,,quantum,baseline,,False,0,0.000118,202.67107212,202.67107212
18,1,,quantum,baseline,,False,1,0.004237,197.38261953,197.38261953
18,1,,quantum,baseline,,False,2,0.004597,197.29639939,197.29639939
18,1,,quantum,baseline,,False,3,0.005381,170.92622292,170.92622292
18,1,,quantum,baseline,,False,4,9.288706,169.59759579,169.59759579
18,1,,quantum,precond_pen=0.200,0.2,False,0,0.000123,202.67107212,202.67107212
18,1,,quantum,precond_pen=0.200,0.2,False,1,0.005585,195.55491805,195.55491805
18,1,,quantum,precond_pen=0.200,0.2,False,2,0.006849,172.32361928,172.32361928
18,1,,quantum,precond_pen=0.200,0.2,False,3,0.036389,169.59759579,169.59759579
18,1,,quantum,precond_pen=0.300,0.3,False,0,0.000114,202.67107212,202.67107212
18,1,,quantum,precond_pen=0.300,0.3,False,1,0.005287,203.79790306,202.67107212
18,1,,quantum,precond_pen=0.300,0.3,False,2,0.00562,201.80579167,201.80579167
18,1,,quantum,precond_pen=0.300,0.3,False,3,0.005953,198.17202286,198.17202286
18,1,,quantum,precond_pen=0.300,0.3,False,4,0.006519,172.32361928,172.32361928
18,1,,quantum,precond_pen=0.300,0.3,False,5,0.425209,171.2070401,171.2070401
18,1,,quantum,precond_pen=0.300,0.3,False,6,0.425338,169.59759579,169.59759579
18,1,,quantum,precond_pen=0.300,0.3,False,7,0.42573,169.59759579,169.59759579
18,1,,quantum,precond_pen=0.400,0.4,False,0,0.000116,202.67107212,202.67107212
18,1,,quantum,precond_pen=0.400,0.4,False,1,0.005542,193.39487977,193.39487977
18,1,,quantum,precond_pen=0.400,0.4,False,2,0.006926,171.07082545,171.07082545
18,1,,quantum,precond_pen=0.400,0.4,False,3,0.635495,169.59759579,169.59759579
18,1,,quantum,precond_pen=0.400,0.4,False,4,0.637055,169.59759579,169.59759579
18,1,,quantum,precond_pen=0.500,0.5,False,0,0.000118,202.67107212,202.67107212
18,1,,quantum,precond_pen=0.500,0.5,False,1,0.005495,184.44014847,184.44014847
18,1,,quantum,precond_pen=0.500,0.5,False,2,0.006353,183.50477776,183.50477776
18,1,,quantum,precond_pen=0.500,0.5,False,3,0.006839,171.07082545,171.07082545
18,1,,quantum,precond_pen=0.500,0.5,False,4,0.876284,169.59759579,169.59759579
18,1,,quantum,precond_pen=0.500,0.5,False,5,0.885653,169.59759579,169.59759579
18,1,,quantum,precond_pen=0.700,0.7,False,0,0.000119,202.67107212,202.67107212
18,1,,quantum,precond_pen=0.700,0.7,False,1,0.005537,189.34049499,189.34049499
18,1,,quantum,precond_pen=0.700,0.7,False,2,0.00611,171.96290829,171.96290829
18,1,,quantum,precond_pen=0.700,0.7,False,3,1.019495,169.59759579,169.59759579
18,1,,quantum,precond_pen=0.800,0.8,False,0,0.000118,202.67107212,202.67107212
18,1,,quantum,precond_pen=0.800,0.8,False,1,0.006221,197.23214777,197.23214777
18,1,,quantum,precond_pen=0.800,0.8,False,2,0.006612,173.57845893,173.57845893
18,1,,quantum,precond_pen=0.800,0.8,False,3,0.917378,171.77373791,171.77373791
18,1,,quantum,precond_pen=0.800,0.8,False,4,0.970293,170.92622292,170.92622292
18,1,,quantum,precond_pen=0.800,0.8,False,5,1.715769,169.59759579,169.59759579
18,1,,quantum,precond_pen=1.000,1.0,False,0,0.000118,202.67107212,202.67107212
18,1,,quantum,precond_pen=1.000,1.0,False,1,0.005641,191.07814626,191.07814626
18,1,,quantum,precond_pen=1.000,1.0,False,2,0.006157,173.57845893,173.57845893
18,1,,quantum,precond_pen=1.000,1.0,False,3,0.023643,172.32361928,172.32361928
18,1,,quantum,precond_pen=1.000,1.0,False,4,1.150564,169.59759579,169.59759579
18,1,,quantum,precond_pen=1.000,1.0,False,5,2.771985,169.59759579,169.59759579
19,1,,quantum,baseline,,False,0,0.000142,198.55570163,198.55570163
19,1,,quantum,baseline,,False,1,0.004597,195.13910364,195.13910364
19,1,,quantum,baseline,,False,2,0.005629,194.32478757,194.32478757
19,1,,quantum,baseline,,False,3,0.006385,165.55548495,165.55548495
19,1,,quantum,precond_pen=0.200,0.2,False,0,0.000119,198.55570163,198.55570163
19,1,,quantum,precond_pen=0.200,0.2,False,1,0.005372,198.65472186,198.55570163
19,1,,quantum,precond_pen=0.200,0.2,False,2,0.005821,197.2063597,197.2063597
19,1,,quantum,precond_pen=0.200,0.2,False,3,0.006626,165.55548495,165.55548495
19,1,,quantum,precond_pen=0.300,0.3,False,0,0.000113,198.55570163,198.55570163
19,1,,quantum,precond_pen=0.300,0.3,False,1,0.004832,193.11415245,193.11415245
19,1,,quantum,precond_pen=0.300,0.3,False,2,0.006125,165.55548495,165.55548495
19,1,,quantum,precond_pen=0.400,0.4,False,0,0.000115,198.55570163,198.55570163
19,1,,quantum,precond_pen=0.400,0.4,False,1,0.005221,193.38296629,193.38296629
19,1,,quantum,precond_pen=0.400,0.4,False,2,0.00634,191.94321756,191.94321756
19,1,,quantum,precond_pen=0.400,0.4,False,3,0.006838,165.55548495,165.55548495
19,1,,quantum,precond_pen=0.500,0.5,False,0,0.000115,198.55570163,198.55570163
19,1,,quantum,precond_pen=0.500,0.5,False,1,0.005545,193.79559974,193.79559974
19,1,,quantum,precond_pen=0.500,0.5,False,2,0.006157,165.55548495,165.55548495
19,1,,quantum,precond_pen=0.700,0.7,False,0,0.000119,198.55570163,198.55570163
19,1,,quantum,precond_pen=0.700,0.7,False,1,0.005896,197.62420099,197.62420099
19,1,,quantum,precond_pen=0.700,0.7,False,2,0.006452,165.55548495,165.55548495
19,1,,quantum,precond_pen=0.800,0.8,False,0,0.000137,198.55570163,198.55570163
19,1,,quantum,precond_pen=0.800,0.8,False,1,0.006247,195.55920137,195.55920137
19,1,,quantum,precond_pen=0.800,0.8,False,2,0.006665,170.14023041,170.14023041
19,1,,quantum,precond_pen=0.800,0.8,False,3,0.025834,168.76525358,168.76525358
19,1,,quantum,precond_pen=0.800,0.8,False,4,0.026851,165.55548495,165.55548495
19,1,,quantum,precond_pen=1.000,1.0,False,0,0.000117,198.55570163,198.55570163
19,1,,quantum,precond_pen=1.000,1.0,False,1,0.006026,187.1679247,187.1679247
19,1,,quantum,precond_pen=1.000,1.0,False,2,0.006419,168.26630991,168.26630991
19,1,,quantum,precond_pen=1.000,1.0,False,3,1.43021,167.3539756,167.3539756
19,1,,quantum,precond_pen=1.000,1.0,False,4,1.602065,165.55548495,165.55548495
20,1,,quantum,baseline,,False,0,0.000123,204.37596661,204.37596661
20,1,,quantum,baseline,,False,1,0.004022,199.85884294,199.85884294
20,1,,quantum,baseline,,False,2,0.004667,197.49784683,197.49784683
20,1,,quantum,baseline,,False,3,0.005348,163.97192167,163.97192167
20,1,,quantum,precond_pen=0.200,0.2,False,0,0.000125,204.37596661,204.37596661
20,1,,quantum,precond_pen=0.200,0.2,False,1,0.005653,193.95583072,193.95583072
20,1,,quantum,precond_pen=0.200,0.2,False,2,0.006534,189.93456004,189.93456004
20,1,,quantum,precond_pen=0.200,0.2,False,3,0.007415,164.27915045,164.27915045
20,1,,quantum,precond_pen=0.200,0.2,False,4,0.040335,164.13607558,164.13607558
20,1,,quantum,precond_pen=0.300,0.3,False,0,0.000115,204.37596661,204.37596661
20,1,,quantum,precond_pen=0.300,0.3,False,1,0.005503,173.44167068,173.44167068
20,1,,quantum,precond_pen=0.300,0.3,False,2,0.007547,164.13607558,164.13607558
20,1,,quantum,precond_pen=0.400,0.4,False,0,0.000122,204.37596661,204.37596661
20,1,,quantum,precond_pen=0.400,0.4,False,1,0.005366,180.95816166,180.95816166
20,1,,quantum,precond_pen=0.400,0.4,False,2,0.006911,163.97192167,163.97192167
20,1,,quantum,precond_pen=0.500,0.5,False,0,0.000117,204.37596661,204.37596661
20,1,,quantum,precond_pen=0.500,0.5,False,1,0.006132,192.45946988,192.45946988
20,1,,quantum,precond_pen=0.500,0.5,False,2,0.007093,189.93456004,189.93456004
20,1,,quantum,precond_pen=0.500,0.5,False,3,0.007446,184.2018163,184.2018163
20,1,,quantum,precond_pen=0.500,0.5,False,4,0.007937,167.16922662,167.16922662
20,1,,quantum,precond_pen=0.500,0.5,False,5,0.033461,167.34332217,167.16922662
20,1,,quantum,precond_pen=0.500,0.5,False,6,0.379933,166.74119099,166.74119099
20,1,,quantum,precond_pen=0.500,0.5,False,7,0.875938,164.47494584,164.47494584
20,1,,quantum,precond_pen=0.500,0.5,False,8,0.961365,164.13607558,164.13607558
20,1,,quantum,precond_pen=0.500,0.5,False,9,0.961483,163.97192167,163.97192167
20,1,,quantum,precond_pen=0.500,0.5,False,10,1.044155,163.97192167,163.97192167
20,1,,quantum,precond_pen=0.700,0.7,False,0,0.000118,204.37596661,204.37596661
20,1,,quantum,precond_pen=0.700,0.7,False,1,0.005908,179.42047789,179.42047789
20,1,,quantum,precond_pen=0.700,0.7,False,2,0.007291,164.27915045,164.27915045
20,1,,quantum,precond_pen=0.700,0.7,False,3,1.041987,164.13607558,164.13607558
20,1,,quantum,precond_pen=0.700,0.7,False,4,1.154154,163.97192167,163.97192167
20,1,,quantum,precond_pen=0.800,0.8,False,0,0.000117,204.37596661,204.37596661
20,1,,quantum,precond_pen=0.800,0.8,False,1,0.007257,194.19103916,194.19103916
20,1,,quantum,precond_pen=0.800,0.8,False,2,0.007658,167.34332217,167.34332217
20,1,,quantum,precond_pen=0.800,0.8,False,3,0.024585,166.93554043,166.93554043
20,1,,quantum,precond_pen=0.800,0.8,False,4,1.101096,164.47494584,164.47494584
20,1,,quantum,precond_pen=0.800,0.8,False,5,1.468238,164.56925377,164.47494584
20,1,,quantum,precond_pen=0.800,0.8,False,6,1.46842,164.27915045,164.27915045
20,1,,quantum,precond_pen=0.800,0.8,False,7,2.356381,164.13607558,164.13607558
20,1,,quantum,precond_pen=0.800,0.8,False,8,2.409281,163.97192167,163.97192167
20,1,,quantum,precond_pen=1.000,1.0,False,0,0.000117,204.37596661,204.37596661
20,1,,quantum,precond_pen=1.000,1.0,False,1,0.006836,186.72838912,186.72838912
20,1,,quantum,precond_pen=1.000,1.0,False,2,0.007337,165.28569908,165.28569908
20,1,,quantum,precond_pen=1.000,1.0,False,3,1.31612,164.23795318,164.23795318
20,1,,quantum,precond_pen=1.000,1.0,False,4,1.375826,163.97192167,163.97192167
20,1,,quantum,precond_pen=1.000,1.0,False,5,3.466252,163.97192167,163.97192167
21,1,,quantum,baseline,,False,0,0.000119,191.00193356,191.00193356
21,1,,quantum,baseline,,False,1,0.006168,167.45144223,167.45144223
21,1,,quantum,baseline,,False,2,0.108408,164.89426128,164.89426128
21,1,,quantum,precond_pen=0.200,0.2,False,0,0.000123,191.00193356,191.00193356
21,1,,quantum,precond_pen=0.200,0.2,False,1,0.005023,188.62549034,188.62549034
21,1,,quantum,precond_pen=0.200,0.2,False,2,0.006238,165.82236993,165.82236993
21,1,,quantum,precond_pen=0.200,0.2,False,3,0.036781,165.02310616,165.02310616
21,1,,quantum,precond_pen=0.300,0.3,False,0,0.000112,191.00193356,191.00193356
21,1,,quantum,precond_pen=0.300,0.3,False,1,0.004749,182.82594353,182.82594353
21,1,,quantum,precond_pen=0.300,0.3,False,2,0.005967,165.02310616,165.02310616
21,1,,quantum,precond_pen=0.400,0.4,False,0,0.000116,191.00193356,191.00193356
21,1,,quantum,precond_pen=0.400,0.4,False,1,0.005103,188.13680345,188.13680345
21,1,,quantum,precond_pen=0.400,0.4,False,2,0.005986,187.01555388,187.01555388
21,1,,quantum,precond_pen=0.400,0.4,False,3,0.006621,166.01730578,166.01730578
21,1,,quantum,precond_pen=0.400,0.4,False,4,0.452635,165.02310616,165.02310616
21,1,,quantum,precond_pen=0.400,0.4,False,5,0.453062,165.02310616,165.02310616
21,1,,quantum,precond_pen=0.500,0.5,False,0,0.000114,191.00193356,191.00193356
21,1,,quantum,precond_pen=0.500,0.5,False,1,0.005964,183.97733226,183.97733226
21,1,,quantum,precond_pen=0.500,0.5,False,2,0.007216,165.02310616,165.02310616
21,1,,quantum,precond_pen=0.700,0.7,False,0,0.000127,191.00193356,191.00193356
21,1,,quantum,precond_pen=0.700,0.7,False,1,0.005668,183.84917818,183.84917818
21,1,,quantum,precond_pen=0.700,0.7,False,2,0.006167,165.02310616,165.02310616
21,1,,quantum,precond_pen=0.800,0.8,False,0,0.000117,191.00193356,191.00193356
21,1,,quantum,precond_pen=0.800,0.8,False,1,0.006153,188.62534233,188.62534233
21,1,,quantum,precond_pen=0.800,0.8,False,2,0.006628,165.02310616,165.02310616
21,1,,quantum,precond_pen=1.000,1.0,False,0,0.000122,191.00193356,191.00193356
21,1,,quantum,precond_pen=1.000,1.0,False,1,0.006431,165.82236993,165.82236993
21,1,,quantum,precond_pen=1.000,1.0,False,2,1.898332,165.87010337,165.82236993
21,1,,quantum,precond_pen=1.000,1.0,False,3,2.143039,165.02310616,165.02310616
21,1,,quantum,precond_pen=1.000,1.0,False,4,2.519106,165.02310616,165.02310616
22,1,,quantum,baseline,,False,0,0.000128,190.42904559,190.42904559
22,1,,quantum,baseline,,False,1,0.00393,186.81623225,186.81623225
22,1,,quantum,baseline,,False,2,0.004257,186.52636952,186.52636952
22,1,,quantum,baseline,,False,3,0.004788,164.29344317,164.29344317
22,1,,quantum,precond_pen=0.200,0.2,False,0,0.000121,190.42904559,190.42904559
22,1,,quantum,precond_pen=0.200,0.2,False,1,0.005616,189.50183865,189.50183865
22,1,,quantum,precond_pen=0.200,0.2,False,2,0.006199,186.52636952,186.52636952
22,1,,quantum,precond_pen=0.200,0.2,False,3,0.006661,185.75200677,185.75200677
22,1,,quantum,precond_pen=0.200,0.2,False,4,0.007384,164.29344317,164.29344317
22,1,,quantum,precond_pen=0.200,0.2,False,5,0.475543,164.66565322,164.29344317
22,1,,quantum,precond_pen=0.200,0.2,False,6,0.539094,164.66565322,164.29344317
22,1,,quantum,precond_pen=0.300,0.3,False,0,0.000125,190.42904559,190.42904559
22,1,,quantum,precond_pen=0.300,0.3,False,1,0.005181,186.48491611,186.48491611
22,1,,quantum,precond_pen=0.300,0.3,False,2,0.005543,186.53015912,186.48491611
22,1,,quantum,precond_pen=0.300,0.3,False,3,0.005932,183.77594261,183.77594261
22,1,,quantum,precond_pen=0.300,0.3,False,4,0.006495,164.29344317,164.29344317
22,1,,quantum,precond_pen=0.300,0.3,False,5,0.335314,164.66565322,164.29344317
22,1,,quantum,precond_pen=0.300,0.3,False,6,0.335849,164.66565322,164.29344317
22,1,,quantum,precond_pen=0.400,0.4,False,0,0.000114,190.42904559,190.42904559
22,1,,quantum,precond_pen=0.400,0.4,False,1,0.005327,180.36847642,180.36847642
22,1,,quantum,precond_pen=0.400,0.4,False,2,0.005804,179.6417527,179.6417527
22,1,,quantum,precond_pen=0.400,0.4,False,3,0.0066,165.76021892,165.76021892
22,1,,quantum,precond_pen=0.400,0.4,False,4,0.034847,164.29344317,164.29344317
22,1,,quantum,precond_pen=0.500,0.5,False,0,0.000115,190.42904559,190.42904559
22,1,,quantum,precond_pen=0.500,0.5,False,1,0.005618,189.21376534,189.21376534
22,1,,quantum,precond_pen=0.500,0.5,False,2,0.005949,186.52636952,186.52636952
22,1,,quantum,precond_pen=0.500,0.5,False,3,0.006343,183.31963274,183.31963274
22,1,,quantum,precond_pen=0.500,0.5,False,4,0.006921,164.76061536,164.76061536
22,1,,quantum,precond_pen=0.500,0.5,False,5,0.636451,164.29344317,164.29344317
22,1,,quantum,precond_pen=0.500,0.5,False,6,0.670466,164.29344317,164.29344317
22,1,,quantum,precond_pen=0.700,0.7,False,0,0.000115,190.42904559,190.42904559
22,1,,quantum,precond_pen=0.700,0.7,False,1,0.006284,186.74138322,186.74138322
22,1,,quantum,precond_pen=0.700,0.7,False,2,0.006825,164.76061536,164.76061536
22,1,,quantum,precond_pen=0.700,0.7,False,3,0.027258,164.29344317,164.29344317
22,1,,quantum,precond_pen=0.800,0.8,False,0,0.000117,190.42904559,190.42904559
22,1,,quantum,precond_pen=0.800,0.8,False,1,0.007429,186.82911528,186.82911528
22,1,,quantum,precond_pen=0.800,0.8,False,2,0.00797,164.76061536,164.76061536
22,1,,quantum,precond_pen=0.800,0.8,False,3,1.445583,164.29344317,164.29344317
22,1,,quantum,precond_pen=1.000,1.0,False,0,0.000122,190.42904559,190.42904559
22,1,,quantum,precond_pen=1.000,1.0,False,1,0.005816,188.60225105,188.60225105
22,1,,quantum,precond_pen=1.000,1.0,False,2,0.006294,164.76061536,164.76061536
22,1,,quantum,precond_pen=1.000,1.0,False,3,0.024842,164.66565322,164.66565322
22,1,,quantum,precond_pen=1.000,1.0,False,4,2.804159,164.29344317,164.29344317
22,1,,quantum,precond_pen=1.000,1.0,False,5,3.290191,164.29344317,164.29344317
23,1,,quantum,baseline,,False,0,0.000111,200.46559804,200.46559804
23,1,,quantum,baseline,,False,1,0.004883,175.26224143,175.26224143
23,1,,quantum,baseline,,False,2,0.110551,173.86364117,173.86364117
23,1,,quantum,precond_pen=0.200,0.2,False,0,0.000116,200.46559804,200.46559804
23,1,,quantum,precond_pen=0.200,0.2,False,1,0.0055,199.8495281,199.8495281
23,1,,quantum,precond_pen=0.200,0.2,False,2,0.00626,198.26459476,198.26459476
23,1,,quantum,precond_pen=0.200,0.2,False,3,0.006944,175.26224143,175.26224143
23,1,,quantum,precond_pen=0.200,0.2,False,4,0.420781,173.86364117,173.86364117
23,1,,quantum,precond_pen=0.200,0.2,False,5,0.442272,173.86364117,173.86364117
23,1,,quantum,precond_pen=0.300,0.3,False,0,0.00011,200.46559804,200.46559804
23,1,,quantum,precond_pen=0.300,0.3,False,1,0.005181,200.75833431,200.46559804
23,1,,quantum,precond_pen=0.300,0.3,False,2,0.00563,175.26224143,175.26224143
23,1,,quantum,precond_pen=0.300,0.3,False,3,0.034598,173.86364117,173.86364117
23,1,,quantum,precond_pen=0.400,0.4,False,0,0.00011,200.46559804,200.46559804
23,1,,quantum,precond_pen=0.400,0.4,False,1,0.005133,199.13558114,199.13558114
23,1,,quantum,precond_pen=0.400,0.4,False,2,0.005896,196.6580961,196.6580961
23,1,,quantum,precond_pen=0.400,0.4,False,3,0.006258,195.5714897,195.5714897
23,1,,quantum,precond_pen=0.400,0.4,False,4,0.006838,175.09394598,175.09394598
23,1,,quantum,precond_pen=0.400,0.4,False,5,0.033585,175.26224143,175.09394598
23,1,,quantum,precond_pen=0.400,0.4,False,6,0.16486,173.86364117,173.86364117
23,1,,quantum,precond_pen=0.400,0.4,False,7,0.16729,173.86364117,173.86364117
23,1,,quantum,precond_pen=0.500,0.5,False,0,0.000106,200.46559804,200.46559804
23,1,,quantum,precond_pen=0.500,0.5,False,1,0.005772,195.06190982,195.06190982
23,1,,quantum,precond_pen=0.500,0.5,False,2,0.006365,175.26224143,175.26224143
23,1,,quantum,precond_pen=0.500,0.5,False,3,0.220906,173.86364117,173.86364117
23,1,,quantum,precond_pen=0.500,0.5,False,4,0.236127,173.86364117,173.86364117
23,1,,quantum,precond_pen=0.700,0.7,False,0,0.000108,200.46559804,200.46559804
23,1,,quantum,precond_pen=0.700,0.7,False,1,0.005542,199.45669687,199.45669687
23,1,,quantum,precond_pen=0.700,0.7,False,2,0.005911,198.66586773,198.66586773
23,1,,quantum,precond_pen=0.700,0.7,False,3,0.00624,198.36508653,198.36508653
23,1,,quantum,precond_pen=0.700,0.7,False,4,0.006669,175.26224143,175.26224143
23,1,,quantum,precond_pen=0.700,0.7,False,5,0.031006,173.86364117,173.86364117
23,1,,quantum,precond_pen=0.800,0.8,False,0,0.000109,200.46559804,200.46559804
23,1,,quantum,precond_pen=0.800,0.8,False,1,0.005956,197.04581657,197.04581657
23,1,,quantum,precond_pen=0.800,0.8,False,2,0.006449,175.26224143,175.26224143
23,1,,quantum,precond_pen=0.800,0.8,False,3,0.29391,175.04861896,175.04861896
23,1,,quantum,precond_pen=0.800,0.8,False,4,0.541009,173.86364117,173.86364117
23,1,,quantum,precond_pen=1.000,1.0,False,0,0.000118,200.46559804,200.46559804
23,1,,quantum,precond_pen=1.000,1.0,False,1,0.005621,197.31254307,197.31254307
23,1,,quantum,precond_pen=1.000,1.0,False,2,0.00623,173.86364117,173.86364117
24,1,,quantum,baseline,,False,0,0.000119,192.24887735,192.24887735
24,1,,quantum,baseline,,False,1,0.003808,189.1187026,189.1187026
24,1,,quantum,baseline,,False,2,0.004375,186.43982918,186.43982918
24,1,,quantum,baseline,,False,3,0.004963,165.24783739,165.24783739
24,1,,quantum,baseline,,False,4,0.109562,161.80027797,161.80027797
24,1,,quantum,precond_pen=0.200,0.2,False,0,0.000123,192.24887735,192.24887735
24,1,,quantum,precond_pen=0.200,0.2,False,1,0.005324,187.11472981,187.11472981
24,1,,quantum,precond_pen=0.200,0.2,False,2,0.006222,182.68108867,182.68108867
24,1,,quantum,precond_pen=0.200,0.2,False,3,0.00711,161.80027797,161.80027797
24,1,,quantum,precond_pen=0.300,0.3,False,0,0.000115,192.24887735,192.24887735
24,1,,quantum,precond_pen=0.300,0.3,False,1,0.005244,187.77073695,187.77073695
24,1,,quantum,precond_pen=0.300,0.3,False,2,0.00583,161.80027797,161.80027797
24,1,,quantum,precond_pen=0.400,0.4,False,0,0.000118,192.24887735,192.24887735
24,1,,quantum,precond_pen=0.400,0.4,False,1,0.00496,185.92070947,185.92070947
24,1,,quantum,precond_pen=0.400,0.4,False,2,0.005562,182.68108867,182.68108867
24,1,,quantum,precond_pen=0.400,0.4,False,3,0.005889,184.34185475,182.68108867
24,1,,quantum,precond_pen=0.400,0.4,False,4,0.006425,169.36247494,169.36247494
24,1,,quantum,precond_pen=0.400,0.4,False,5,0.032222,161.80027797,161.80027797
24,1,,quantum,precond_pen=0.500,0.5,False,0,0.000126,192.24887735,192.24887735
24,1,,quantum,precond_pen=0.500,0.5,False,1,0.006152,180.31700313,180.31700313
24,1,,quantum,precond_pen=0.500,0.5,False,2,0.007286,165.24783739,165.24783739
24,1,,quantum,precond_pen=0.500,0.5,False,3,0.0351,161.80027797,161.80027797
24,1,,quantum,precond_pen=0.700,0.7,False,0,0.000118,192.24887735,192.24887735
24,1,,quantum,precond_pen=0.700,0.7,False,1,0.006451,182.65651721,182.65651721
24,1,,quantum,precond_pen=0.700,0.7,False,2,0.006814,161.80027797,161.80027797
24,1,,quantum,precond_pen=0.800,0.8,False,0,0.000115,192.24887735,192.24887735
24,1,,quantum,precond_pen=0.800,0.8,False,1,0.006501,182.3127054,182.3127054
24,1,,quantum,precond_pen=0.800,0.8,False,2,0.006869,161.80027797,161.80027797
24,1,,quantum,precond_pen=1.000,1.0,False,0,0.000115,192.24887735,192.24887735
24,1,,quantum,precond_pen=1.000,1.0,False,1,0.005856,190.41697201,190.41697201
24,1,,quantum,precond_pen=1.000,1.0,False,2,0.006272,161.80027797,161.80027797
25,1,,quantum,baseline,,False,0,0.000119,208.94677369,208.94677369
25,1,,quantum,baseline,,False,1,0.00433,205.97684233,205.97684233
25,1,,quantum,baseline,,False,2,0.004728,205.7188984,205.7188984
25,1,,quantum,baseline,,False,3,0.00515,199.72982034,199.72982034
25,1,,quantum,baseline,,False,4,0.005806,174.06175571,174.06175571
25,1,,quantum,precond_pen=0.200,0.2,False,0,0.000124,208.94677369,208.94677369
25,1,,quantum,precond_pen=0.200,0.2,False,1,0.004965,203.35389854,203.35389854
25,1,,quantum,precond_pen=0.200,0.2,False,2,0.005956,202.23961145,202.23961145
25,1,,quantum,precond_pen=0.200,0.2,False,3,0.006847,174.06175571,174.06175571
25,1,,quantum,precond_pen=0.300,0.3,False,0,0.000116,208.94677369,208.94677369
25,1,,quantum,precond_pen=0.300,0.3,False,1,0.005148,194.63329925,194.63329925
25,1,,quantum,precond_pen=0.300,0.3,False,2,0.006671,174.06175571,174.06175571
25,1,,quantum,precond_pen=0.400,0.4,False,0,0.000121,208.94677369,208.94677369
25,1,,quantum,precond_pen=0.400,0.4,False,1,0.004907,201.07569045,201.07569045
25,1,,quantum,precond_pen=0.400,0.4,False,2,0.005957,191.71925147,191.71925147
25,1,,quantum,precond_pen=0.400,0.4,False,3,0.006872,176.7221321,176.7221321
25,1,,quantum,precond_pen=0.400,0.4,False,4,0.036305,174.06175571,174.06175571
25,1,,quantum,precond_pen=0.500,0.5,False,0,0.000114,208.94677369,208.94677369
25,1,,quantum,precond_pen=0.500,0.5,False,1,0.005338,202.90303614,202.90303614
25,1,,quantum,precond_pen=0.500,0.5,False,2,0.005797,202.53155427,202.53155427
25,1,,quantum,precond_pen=0.500,0.5,False,3,0.006859,174.06175571,174.06175571
25,1,,quantum,precond_pen=0.700,0.7,False,0,0.000117,208.94677369,208.94677369
25,1,,quantum,precond_pen=0.700,0.7,False,1,0.006217,204.60748225,204.60748225
25,1,,quantum,precond_pen=0.700,0.7,False,2,0.006812,174.06175571,174.06175571
25,1,,quantum,precond_pen=0.800,0.8,False,0,0.000128,208.94677369,208.94677369
25,1,,quantum,precond_pen=0.800,0.8,False,1,0.006223,196.3109236,196.3109236
25,1,,quantum,precond_pen=0.800,0.8,False,2,0.006802,176.60816176,176.60816176
25,1,,quantum,precond_pen=0.800,0.8,False,3,1.227496,176.30055716,176.30055716
25,1,,quantum,precond_pen=0.800,0.8,False,4,1.364621,174.91112891,174.91112891
25,1,,quantum,precond_pen=0.800,0.8,False,5,1.641019,174.06175571,174.06175571
25,1,,quantum,precond_pen=1.000,1.0,False,0,0.000121,208.94677369,208.94677369
25,1,,quantum,precond_pen=1.000,1.0,False,1,0.005799,201.06842072,201.06842072
25,1,,quantum,precond_pen=1.000,1.0,False,2,0.006208,176.7221321,176.7221321
25,1,,quantum,precond_pen=1.000,1.0,False,3,1.227614,176.30055716,176.30055716
25,1,,quantum,precond_pen=1.000,1.0,False,4,1.367617,174.91112891,174.91112891
25,1,,quantum,precond_pen=1.000,1.0,False,5,1.815512,174.06175571,174.06175571
26,1,,quantum,baseline,,False,0,0.000118,198.22858224,198.22858224
26,1,,quantum,baseline,,False,1,0.004091,194.16862247,194.16862247
26,1,,quantum,baseline,,False,2,0.004756,194.05240314,194.05240314
26,1,,quantum,baseline,,False,3,0.005456,176.07267351,176.07267351
26,1,,quantum,precond_pen=0.200,0.2,False,0,0.000127,198.22858224,198.22858224
26,1,,quantum,precond_pen=0.200,0.2,False,1,0.005183,198.31594546,198.22858224
26,1,,quantum,precond_pen=0.200,0.2,False,2,0.005923,196.53643935,196.53643935
26,1,,quantum,precond_pen=0.200,0.2,False,3,0.006361,196.33734152,196.33734152
26,1,,quantum,precond_pen=0.200,0.2,False,4,0.007113,176.07267351,176.07267351
26,1,,quantum,precond_pen=0.200,0.2,False,5,0.792132,177.6641505,176.07267351
26,1,,quantum,precond_pen=0.200,0.2,False,6,1.235454,177.6641505,176.07267351
26,1,,quantum,precond_pen=0.300,0.3,False,0,0.000115,198.22858224,198.22858224
26,1,,quantum,precond_pen=0.300,0.3,False,1,0.004996,188.92863897,188.92863897
26,1,,quantum,precond_pen=0.300,0.3,False,2,0.006263,178.08412037,178.08412037
26,1,,quantum,precond_pen=0.300,0.3,False,3,0.035384,177.31285655,177.31285655
26,1,,quantum,precond_pen=0.300,0.3,False,4,0.306189,178.81989368,177.31285655
26,1,,quantum,precond_pen=0.300,0.3,False,5,0.306311,177.88987106,177.31285655
26,1,,quantum,precond_pen=0.300,0.3,False,6,0.395155,176.07267351,176.07267351
26,1,,quantum,precond_pen=0.300,0.3,False,7,0.396415,176.07267351,176.07267351
26,1,,quantum,precond_pen=0.400,0.4,False,0,0.000117,198.22858224,198.22858224
26,1,,quantum,precond_pen=0.400,0.4,False,1,0.004936,196.66751477,196.66751477
26,1,,quantum,precond_pen=0.400,0.4,False,2,0.005526,194.05240314,194.05240314
26,1,,quantum,precond_pen=0.400,0.4,False,3,0.006319,177.92856051,177.92856051
26,1,,quantum,precond_pen=0.400,0.4,False,4,0.033986,176.07267351,176.07267351
26,1,,quantum,precond_pen=0.500,0.5,False,0,0.000118,198.22858224,198.22858224
26,1,,quantum,precond_pen=0.500,0.5,False,1,0.005469,197.92772234,197.92772234
26,1,,quantum,precond_pen=0.500,0.5,False,2,0.005918,196.53643935,196.53643935
26,1,,quantum,precond_pen=0.500,0.5,False,3,0.006252,192.80377216,192.80377216
26,1,,quantum,precond_pen=0.500,0.5,False,4,0.00672,178.08412037,178.08412037
26,1,,quantum,precond_pen=0.500,0.5,False,5,0.034859,176.07267351,176.07267351
26,1,,quantum,precond_pen=0.700,0.7,False,0,0.000126,198.22858224,198.22858224
26,1,,quantum,precond_pen=0.700,0.7,False,1,0.005853,194.38176261,194.38176261
26,1,,quantum,precond_pen=0.700,0.7,False,2,0.006325,177.95736971,177.95736971
26,1,,quantum,precond_pen=0.700,0.7,False,3,0.033574,177.31285655,177.31285655
26,1,,quantum,precond_pen=0.700,0.7,False,4,0.837112,176.07267351,176.07267351
26,1,,quantum,precond_pen=0.700,0.7,False,5,1.352465,176.07267351,176.07267351
26,1,,quantum,precond_pen=0.800,0.8,False,0,0.000117,198.22858224,198.22858224
26,1,,quantum,precond_pen=0.800,0.8,False,1,0.005973,197.33005635,197.33005635
26,1,,quantum,precond_pen=0.800,0.8,False,2,0.006385,178.08412037,178.08412037
26,1,,quantum,precond_pen=0.800,0.8,False,3,0.02447,176.07267351,176.07267351
26,1,,quantum,precond_pen=1.000,1.0,False,0,0.000119,198.22858224,198.22858224
26,1,,quantum,precond_pen=1.000,1.0,False,1,0.006071,196.89311629,196.89311629
26,1,,quantum,precond_pen=1.000,1.0,False,2,0.006465,178.08412037,178.08412037
26,1,,quantum,precond_pen=1.000,1.0,False,3,0.024603,176.07267351,176.07267351
27,1,,quantum,baseline,,False,0,0.000113,207.72741462,207.72741462
27,1,,quantum,baseline,,False,1,0.004735,205.0891845,205.0891845
27,1,,quantum,baseline,,False,2,0.005205,200.43544511,200.43544511
27,1,,quantum,baseline,,False,3,0.005928,177.85045641,177.85045641
27,1,,quantum,precond_pen=0.200,0.2,False,0,0.000111,207.72741462,207.72741462
27,1,,quantum,precond_pen=0.200,0.2,False,1,0.00615,200.01962224,200.01962224
27,1,,quantum,precond_pen=0.200,0.2,False,2,0.006914,198.46317198,198.46317198
27,1,,quantum,precond_pen=0.200,0.2,False,3,0.007963,180.9811495,180.9811495
27,1,,quantum,precond_pen=0.200,0.2,False,4,0.526511,177.89053851,177.89053851
27,1,,quantum,precond_pen=0.200,0.2,False,5,0.632291,177.89053851,177.89053851
27,1,,quantum,precond_pen=0.300,0.3,False,0,0.00011,207.72741462,207.72741462
27,1,,quantum,precond_pen=0.300,0.3,False,1,0.005331,192.85130769,192.85130769
27,1,,quantum,precond_pen=0.300,0.3,False,2,0.006601,189.53921701,189.53921701
27,1,,quantum,precond_pen=0.300,0.3,False,3,0.007312,177.89053851,177.89053851
27,1,,quantum,precond_pen=0.400,0.4,False,0,0.000107,207.72741462,207.72741462
27,1,,quantum,precond_pen=0.400,0.4,False,1,0.005503,198.42169262,198.42169262
27,1,,quantum,precond_pen=0.400,0.4,False,2,0.006326,177.89053851,177.89053851
27,1,,quantum,precond_pen=0.500,0.5,False,0,0.000114,207.72741462,207.72741462
27,1,,quantum,precond_pen=0.500,0.5,False,1,0.005684,199.13418861,199.13418861
27,1,,quantum,precond_pen=0.500,0.5,False,2,0.006221,180.46894583,180.46894583
27,1,,quantum,precond_pen=0.500,0.5,False,3,0.033302,179.43614089,179.43614089
27,1,,quantum,precond_pen=0.500,0.5,False,4,0.344581,177.89053851,177.89053851
27,1,,quantum,precond_pen=0.500,0.5,False,5,0.345845,177.89053851,177.89053851
27,1,,quantum,precond_pen=0.700,0.7,False,0,0.000115,207.72741462,207.72741462
27,1,,quantum,precond_pen=0.700,0.7,False,1,0.006517,198.16800257,198.16800257
27,1,,quantum,precond_pen=0.700,0.7,False,2,0.007106,196.06195024,196.06195024
27,1,,quantum,precond_pen=0.700,0.7,False,3,0.007912,180.46894583,180.46894583
27,1,,quantum,precond_pen=0.700,0.7,False,4,0.031046,177.89053851,177.89053851
27,1,,quantum,precond_pen=0.800,0.8,False,0,0.000112,207.72741462,207.72741462
27,1,,quantum,precond_pen=0.800,0.8,False,1,0.0062,200.38135014,200.38135014
27,1,,quantum,precond_pen=0.800,0.8,False,2,0.006767,177.85045641,177.85045641
27,1,,quantum,precond_pen=0.800,0.8,False,3,0.023335,177.89053851,177.85045641
27,1,,quantum,precond_pen=1.000,1.0,False,0,0.000111,207.72741462,207.72741462
27,1,,quantum,precond_pen=1.000,1.0,False,1,0.005976,202.51555032,202.51555032
27,1,,quantum,precond_pen=1.000,1.0,False,2,0.006401,183.87589459,183.87589459
27,1,,quantum,precond_pen=1.000,1.0,False,3,0.024113,177.89053851,177.89053851
28,1,,quantum,baseline,,False,0,0.000123,207.32000238,207.32000238
28,1,,quantum,baseline,,False,1,0.005659,187.13710859,187.13710859
28,1,,quantum,precond_pen=0.200,0.2,False,0,0.000125,207.32000238,207.32000238
28,1,,quantum,precond_pen=0.200,0.2,False,1,0.005983,207.79893941,207.32000238
28,1,,quantum,precond_pen=0.200,0.2,False,2,0.007467,187.2322907,187.2322907
28,1,,quantum,precond_pen=0.300,0.3,False,0,0.000124,207.32000238,207.32000238
28,1,,quantum,precond_pen=0.300,0.3,False,1,0.005894,187.2322907,187.2322907
28,1,,quantum,precond_pen=0.400,0.4,False,0,0.000116,207.32000238,207.32000238
28,1,,quantum,precond_pen=0.400,0.4,False,1,0.005234,204.71665016,204.71665016
28,1,,quantum,precond_pen=0.400,0.4,False,2,0.00644,204.0878938,204.0878938
28,1,,quantum,precond_pen=0.400,0.4,False,3,0.007249,187.38129056,187.38129056
28,1,,quantum,precond_pen=0.400,0.4,False,4,0.03511,187.2322907,187.2322907
28,1,,quantum,precond_pen=0.500,0.5,False,0,0.000115,207.32000238,207.32000238
28,1,,quantum,precond_pen=0.500,0.5,False,1,0.005446,204.95914317,204.95914317
28,1,,quantum,precond_pen=0.500,0.5,False,2,0.006233,187.13710859,187.13710859
28,1,,quantum,precond_pen=0.500,0.5,False,3,0.398412,187.2322907,187.13710859
28,1,,quantum,precond_pen=0.700,0.7,False,0,0.000117,207.32000238,207.32000238
28,1,,quantum,precond_pen=0.700,0.7,False,1,0.006533,206.6900268,206.6900268
28,1,,quantum,precond_pen=0.700,0.7,False,2,0.007357,204.40972257,204.40972257
28,1,,quantum,precond_pen=0.700,0.7,False,3,0.008072,187.13710859,187.13710859
28,1,,quantum,precond_pen=0.700,0.7,False,4,0.847867,187.2322907,187.13710859
28,1,,quantum,precond_pen=0.700,0.7,False,5,0.922057,187.2322907,187.13710859
28,1,,quantum,precond_pen=0.800,0.8,False,0,0.00012,207.32000238,207.32000238
28,1,,quantum,precond_pen=0.800,0.8,False,1,0.007096,187.13710859,187.13710859
28,1,,quantum,precond_pen=0.800,0.8,False,2,1.086076,187.2322907,187.13710859
28,1,,quantum,precond_pen=0.800,0.8,False,3,1.756282,187.2322907,187.13710859
28,1,,quantum,precond_pen=1.000,1.0,False,0,0.000116,207.32000238,207.32000238
28,1,,quantum,precond_pen=1.000,1.0,False,1,0.005969,201.18133115,201.18133115
28,1,,quantum,precond_pen=1.000,1.0,False,2,0.006602,187.13710859,187.13710859
29,1,,quantum,baseline,,False,0,0.000113,195.46678777,195.46678777
29,1,,quantum,baseline,,False,1,0.004377,191.11330259,191.11330259
29,1,,quantum,baseline,,False,2,0.00507,190.61231636,190.61231636
29,1,,quantum,baseline,,False,3,0.005883,173.13634896,173.13634896
29,1,,quantum,baseline,,False,4,0.110052,169.60871974,169.60871974
29,1,,quantum,baseline,,False,5,14.08451,168.62712227,168.62712227
29,1,,quantum,baseline,,False,6,19.14606,168.62712227,168.62712227
29,1,,quantum,precond_pen=0.200,0.2,False,0,0.000113,195.46678777,195.46678777
29,1,,quantum,precond_pen=0.200,0.2,False,1,0.005937,191.9892587,191.9892587
29,1,,quantum,precond_pen=0.200,0.2,False,2,0.006523,191.33879658,191.33879658
29,1,,quantum,precond_pen=0.200,0.2,False,3,0.007695,168.62712227,168.62712227
29,1,,quantum,precond_pen=0.300,0.3,False,0,0.000111,195.46678777,195.46678777
29,1,,quantum,precond_pen=0.300,0.3,False,1,0.005217,187.74374962,187.74374962
29,1,,quantum,precond_pen=0.300,0.3,False,2,0.006485,168.62712227,168.62712227
29,1,,quantum,precond_pen=0.300,0.3,False,3,0.349874,169.72603227,168.62712227
29,1,,quantum,precond_pen=0.300,0.3,False,4,0.448777,169.72603227,168.62712227
29,1,,quantum,precond_pen=0.400,0.4,False,0,0.00011,195.46678777,195.46678777
29,1,,quantum,precond_pen=0.400,0.4,False,1,0.00557,189.39795607,189.39795607
29,1,,quantum,precond_pen=0.400,0.4,False,2,0.006199,189.85244541,189.39795607
29,1,,quantum,precond_pen=0.400,0.4,False,3,0.006534,189.52988759,189.39795607
29,1,,quantum,precond_pen=0.400,0.4,False,4,0.007014,169.60871974,169.60871974
29,1,,quantum,precond_pen=0.400,0.4,False,5,0.036953,168.62712227,168.62712227
29,1,,quantum,precond_pen=0.500,0.5,False,0,0.000122,195.46678777,195.46678777
29,1,,quantum,precond_pen=0.500,0.5,False,1,0.0058,194.53846895,194.53846895
29,1,,quantum,precond_pen=0.500,0.5,False,2,0.006272,169.93819375,169.93819375
29,1,,quantum,precond_pen=0.500,0.5,False,3,0.031121,169.60871974,169.60871974
29,1,,quantum,precond_pen=0.500,0.5,False,4,0.723484,169.72603227,169.60871974
29,1,,quantum,precond_pen=0.500,0.5,False,5,0.752088,168.62712227,168.62712227
29,1,,quantum,precond_pen=0.500,0.5,False,6,0.77,168.62712227,168.62712227
29,1,,quantum,precond_pen=0.700,0.7,False,0,0.000113,195.46678777,195.46678777
29,1,,quantum,precond_pen=0.700,0.7,False,1,0.007213,190.41957365,190.41957365
29,1,,quantum,precond_pen=0.700,0.7,False,2,0.008027,169.93819375,169.93819375
29,1,,quantum,precond_pen=0.700,0.7,False,3,1.516391,170.07662115,169.93819375
29,1,,quantum,precond_pen=0.700,0.7,False,4,1.665424,168.62712227,168.62712227
29,1,,quantum,precond_pen=0.700,0.7,False,5,2.555,168.62712227,168.62712227
29,1,,quantum,precond_pen=0.800,0.8,False,0,0.000112,195.46678777,195.46678777
29,1,,quantum,precond_pen=0.800,0.8,False,1,0.006048,191.18116495,191.18116495
29,1,,quantum,precond_pen=0.800,0.8,False,2,0.00658,169.72603227,169.72603227
29,1,,quantum,precond_pen=0.800,0.8,False,3,2.059529,168.62712227,168.62712227
29,1,,quantum,precond_pen=0.800,0.8,False,4,3.328021,168.62712227,168.62712227
29,1,,quantum,precond_pen=1.000,1.0,False,0,0.000112,195.46678777,195.46678777
29,1,,quantum,precond_pen=1.000,1.0,False,1,0.007141,183.78402589,183.78402589
29,1,,quantum,precond_pen=1.000,1.0,False,2,0.007481,170.11940183,170.11940183
29,1,,quantum,precond_pen=1.000,1.0,False,3,1.768664,169.83222709,169.83222709
29,1,,quantum,precond_pen=1.000,1.0,False,4,1.880555,169.60871974,169.60871974
29,1,,quantum,precond_pen=1.000,1.0,False,5,2.729105,168.62712227,168.62712227
29,1,,quantum,precond_pen=1.000,1.0,False,6,3.876187,168.62712227,168.62712227
30,1,,quantum,baseline,,False,0,0.000119,200.02265707,200.02265707
30,1,,quantum,baseline,,False,1,0.004065,200.0024408,200.0024408
30,1,,quantum,baseline,,False,2,0.004641,199.82576178,199.82576178
30,1,,quantum,baseline,,False,3,0.005555,168.62128017,168.62128017
30,1,,quantum,precond_pen=0.200,0.2,False,0,0.000118,200.02265707,200.02265707
30,1,,quantum,precond_pen=0.200,0.2,False,1,0.005199,197.40666263,197.40666263
30,1,,quantum,precond_pen=0.200,0.2,False,2,0.005864,197.06198286,197.06198286
30,1,,quantum,precond_pen=0.200,0.2,False,3,0.006656,169.96933773,169.96933773
30,1,,quantum,precond_pen=0.200,0.2,False,4,0.303449,168.62128017,168.62128017
30,1,,quantum,precond_pen=0.200,0.2,False,5,0.454899,168.62128017,168.62128017
30,1,,quantum,precond_pen=0.300,0.3,False,0,0.000125,200.02265707,200.02265707
30,1,,quantum,precond_pen=0.300,0.3,False,1,0.005964,194.45903525,194.45903525
30,1,,quantum,precond_pen=0.300,0.3,False,2,0.006869,195.0950937,194.45903525
30,1,,quantum,precond_pen=0.300,0.3,False,3,0.007613,169.96933773,169.96933773
30,1,,quantum,precond_pen=0.300,0.3,False,4,0.272947,168.62128017,168.62128017
30,1,,quantum,precond_pen=0.300,0.3,False,5,0.273457,168.62128017,168.62128017
30,1,,quantum,precond_pen=0.400,0.4,False,0,0.000118,200.02265707,200.02265707
30,1,,quantum,precond_pen=0.400,0.4,False,1,0.00522,187.5575243,187.5575243
30,1,,quantum,precond_pen=0.400,0.4,False,2,0.006582,169.96933773,169.96933773
30,1,,quantum,precond_pen=0.400,0.4,False,3,0.34885,168.62128017,168.62128017
30,1,,quantum,precond_pen=0.400,0.4,False,4,0.349271,168.62128017,168.62128017
30,1,,quantum,precond_pen=0.500,0.5,False,0,0.000113,200.02265707,200.02265707
30,1,,quantum,precond_pen=0.500,0.5,False,1,0.005424,189.67045179,189.67045179
30,1,,quantum,precond_pen=0.500,0.5,False,2,0.006646,173.74220606,173.74220606
30,1,,quantum,precond_pen=0.500,0.5,False,3,0.032983,168.62128017,168.62128017
30,1,,quantum,precond_pen=0.700,0.7,False,0,0.000117,200.02265707,200.02265707
30,1,,quantum,precond_pen=0.700,0.7,False,1,0.005905,192.13735558,192.13735558
30,1,,quantum,precond_pen=0.700,0.7,False,2,0.00685,185.28992423,185.28992423
30,1,,quantum,precond_pen=0.700,0.7,False,3,0.007347,173.65975223,173.65975223
30,1,,quantum,precond_pen=0.700,0.7,False,4,0.030234,168.62128017,168.62128017
30,1,,quantum,precond_pen=0.800,0.8,False,0,0.000129,200.02265707,200.02265707
30,1,,quantum,precond_pen=0.800,0.8,False,1,0.006265,196.74767688,196.74767688
30,1,,quantum,precond_pen=0.800,0.8,False,2,0.006686,173.65975223,173.65975223
30,1,,quantum,precond_pen=0.800,0.8,False,3,0.025161,169.96933773,169.96933773
30,1,,quantum,precond_pen=0.800,0.8,False,4,2.036006,168.62128017,168.62128017
30,1,,quantum,precond_pen=1.000,1.0,False,0,0.000136,200.02265707,200.02265707
30,1,,quantum,precond_pen=1.000,1.0,False,1,0.005783,183.02295336,183.02295336
30,1,,quantum,precond_pen=1.000,1.0,False,2,0.006207,172.32461539,172.32461539
30,1,,quantum,precond_pen=1.000,1.0,False,3,1.257697,172.3003205,172.3003205
30,1,,quantum,precond_pen=1.000,1.0,False,4,1.257879,171.77238997,171.77238997
30,1,,quantum,precond_pen=1.000,1.0,False,5,1.341218,170.97229412,170.97229412
30,1,,quantum,precond_pen=1.000,1.0,False,6,1.737024,170.48258042,170.48258042
30,1,,quantum,precond_pen=1.000,1.0,False,7,1.794839,169.96933773,169.96933773
30,1,,quantum,precond_pen=1.000,1.0,False,8,1.794998,168.62128017,168.62128017
31,1,,quantum,baseline,,False,0,0.000122,205.5701103,205.5701103
31,1,,quantum,baseline,,False,1,0.004005,203.01184325,203.01184325
31,1,,quantum,baseline,,False,2,0.004804,200.98212885,200.98212885
31,1,,quantum,baseline,,False,3,0.005506,169.87942357,169.87942357
31,1,,quantum,baseline,,False,4,17.178309,169.80866215,169.80866215
31,1,,quantum,precond_pen=0.200,0.2,False,0,0.000129,205.5701103,205.5701103
31,1,,quantum,precond_pen=0.200,0.2,False,1,0.005774,195.63962188,195.63962188
31,1,,quantum,precond_pen=0.200,0.2,False,2,0.007012,170.77015679,170.77015679
31,1,,quantum,precond_pen=0.200,0.2,False,3,0.403393,171.19805316,170.77015679
31,1,,quantum,precond_pen=0.200,0.2,False,4,0.403582,169.87942357,169.87942357
31,1,,quantum,precond_pen=0.300,0.3,False,0,0.000119,205.5701103,205.5701103
31,1,,quantum,precond_pen=0.300,0.3,False,1,0.005547,196.28156868,196.28156868
31,1,,quantum,precond_pen=0.300,0.3,False,2,0.00607,170.77015679,170.77015679
31,1,,quantum,precond_pen=0.300,0.3,False,3,0.256413,169.87942357,169.87942357
31,1,,quantum,precond_pen=0.400,0.4,False,0,0.000122,205.5701103,205.5701103
31,1,,quantum,precond_pen=0.400,0.4,False,1,0.00535,188.36284171,188.36284171
31,1,,quantum,precond_pen=0.400,0.4,False,2,0.006186,187.36724438,187.36724438
31,1,,quantum,precond_pen=0.400,0.4,False,3,0.006664,171.74966457,171.74966457
31,1,,quantum,precond_pen=0.400,0.4,False,4,0.036178,171.64700099,171.64700099
31,1,,quantum,precond_pen=0.400,0.4,False,5,0.292352,170.68682776,170.68682776
31,1,,quantum,precond_pen=0.400,0.4,False,6,0.293143,170.77015679,170.68682776
31,1,,quantum,precond_pen=0.400,0.4,False,7,0.505238,169.87942357,169.87942357
31,1,,quantum,precond_pen=0.400,0.4,False,8,0.505772,169.87942357,169.87942357
31,1,,quantum,precond_pen=0.500,0.5,False,0,0.000109,205.5701103,205.5701103
31,1,,quantum,precond_pen=0.500,0.5,False,1,0.005343,198.10343603,198.10343603
31,1,,quantum,precond_pen=0.500,0.5,False,2,0.006168,194.76201033,194.76201033
31,1,,quantum,precond_pen=0.500,0.5,False,3,0.006664,171.43948273,171.43948273
31,1,,quantum,precond_pen=0.500,0.5,False,4,0.680571,169.87942357,169.87942357
31,1,,quantum,precond_pen=0.500,0.5,False,5,0.68302,169.87942357,169.87942357
31,1,,quantum,precond_pen=0.700,0.7,False,0,0.000113,205.5701103,205.5701103
31,1,,quantum,precond_pen=0.700,0.7,False,1,0.005723,186.1961152,186.1961152
31,1,,quantum,precond_pen=0.700,0.7,False,2,0.006645,186.51560416,186.1961152
31,1,,quantum,precond_pen=0.700,0.7,False,3,0.007223,172.94458697,172.94458697
31,1,,quantum,precond_pen=0.700,0.7,False,4,0.029696,171.43948273,171.43948273
31,1,,quantum,precond_pen=0.700,0.7,False,5,0.03209,170.77015679,170.77015679
31,1,,quantum,precond_pen=0.700,0.7,False,6,1.105219,169.87942357,169.87942357
31,1,,quantum,precond_pen=0.700,0.7,False,7,1.50007,169.87942357,169.87942357
31,1,,quantum,precond_pen=0.800,0.8,False,0,0.000114,205.5701103,205.5701103
31,1,,quantum,precond_pen=0.800,0.8,False,1,0.005818,190.17161583,190.17161583
31,1,,quantum,precond_pen=0.800,0.8,False,2,0.006326,169.80866215,169.80866215
31,1,,quantum,precond_pen=0.800,0.8,False,3,1.783689,169.87942357,169.80866215
31,1,,quantum,precond_pen=0.800,0.8,False,4,2.319451,169.87942357,169.80866215
31,1,,quantum,precond_pen=1.000,1.0,False,0,0.000109,205.5701103,205.5701103
31,1,,quantum,precond_pen=1.000,1.0,False,1,0.005807,189.83022262,189.83022262
31,1,,quantum,precond_pen=1.000,1.0,False,2,0.0063,169.80866215,169.80866215
31,1,,quantum,precond_pen=1.000,1.0,False,3,1.960408,169.87942357,169.80866215
31,1,,quantum,precond_pen=1.000,1.0,False,4,2.837869,169.87942357,169.80866215
32,1,,quantum,baseline,,False,0,0.000119,180.24853285,180.24853285
32,1,,quantum,baseline,,False,1,0.004444,177.54446966,177.54446966
32,1,,quantum,baseline,,False,2,0.004961,177.52334023,177.52334023
32,1,,quantum,baseline,,False,3,0.005863,157.21731769,157.21731769
32,1,,quantum,precond_pen=0.200,0.2,False,0,0.000123,180.24853285,180.24853285
32,1,,quantum,precond_pen=0.200,0.2,False,1,0.005574,178.78114825,178.78114825
32,1,,quantum,precond_pen=0.200,0.2,False,2,0.006821,157.21731769,157.21731769
32,1,,quantum,precond_pen=0.300,0.3,False,0,0.000114,180.24853285,180.24853285
32,1,,quantum,precond_pen=0.300,0.3,False,1,0.004761,182.86595354,180.24853285
32,1,,quantum,precond_pen=0.300,0.3,False,2,0.005154,177.54446966,177.54446966
32,1,,quantum,precond_pen=0.300,0.3,False,3,0.005519,176.29072487,176.29072487
32,1,,quantum,precond_pen=0.300,0.3,False,4,0.006128,157.21731769,157.21731769
32,1,,quantum,precond_pen=0.400,0.4,False,0,0.000119,180.24853285,180.24853285
32,1,,quantum,precond_pen=0.400,0.4,False,1,0.005346,177.33567969,177.33567969
32,1,,quantum,precond_pen=0.400,0.4,False,2,0.006785,157.21731769,157.21731769
32,1,,quantum,precond_pen=0.500,0.5,False,0,0.000112,180.24853285,180.24853285
32,1,,quantum,precond_pen=0.500,0.5,False,1,0.005316,173.26800453,173.26800453
32,1,,quantum,precond_pen=0.500,0.5,False,2,0.006668,157.21731769,157.21731769
32,1,,quantum,precond_pen=0.700,0.7,False,0,0.000114,180.24853285,180.24853285
32,1,,quantum,precond_pen=0.700,0.7,False,1,0.006223,177.8509835,177.8509835
32,1,,quantum,precond_pen=0.700,0.7,False,2,0.006711,159.20019245,159.20019245
32,1,,quantum,precond_pen=0.700,0.7,False,3,0.027758,157.21731769,157.21731769
32,1,,quantum,precond_pen=0.800,0.8,False,0,0.00012,180.24853285,180.24853285
32,1,,quantum,precond_pen=0.800,0.8,False,1,0.00644,157.21731769,157.21731769
32,1,,quantum,precond_pen=1.000,1.0,False,0,0.000127,180.24853285,180.24853285
32,1,,quantum,precond_pen=1.000,1.0,False,1,0.005607,178.92941451,178.92941451
32,1,,quantum,precond_pen=1.000,1.0,False,2,0.006018,157.21731769,157.21731769
33,1,,quantum,baseline,,False,0,0.000112,190.25956597,190.25956597
33,1,,quantum,baseline,,False,1,0.004714,166.34865081,166.34865081
33,1,,quantum,baseline,,False,2,0.109856,160.26302426,160.26302426
33,1,,quantum,precond_pen=0.200,0.2,False,0,0.000114,190.25956597,190.25956597
33,1,,quantum,precond_pen=0.200,0.2,False,1,0.005304,185.38252227,185.38252227
33,1,,quantum,precond_pen=0.200,0.2,False,2,0.00674,160.26302426,160.26302426
33,1,,quantum,precond_pen=0.300,0.3,False,0,0.000107,190.25956597,190.25956597
33,1,,quantum,precond_pen=0.300,0.3,False,1,0.005136,189.02096461,189.02096461
33,1,,quantum,precond_pen=0.300,0.3,False,2,0.005516,187.647051,187.647051
33,1,,quantum,precond_pen=0.300,0.3,False,3,0.005967,186.19085633,186.19085633
33,1,,quantum,precond_pen=0.300,0.3,False,4,0.006717,160.26302426,160.26302426
33,1,,quantum,precond_pen=0.400,0.4,False,0,0.000105,190.25956597,190.25956597
33,1,,quantum,precond_pen=0.400,0.4,False,1,0.005258,184.15220013,184.15220013
33,1,,quantum,precond_pen=0.400,0.4,False,2,0.006564,180.50929057,180.50929057
33,1,,quantum,precond_pen=0.400,0.4,False,3,0.007301,165.79471783,165.79471783
33,1,,quantum,precond_pen=0.400,0.4,False,4,0.034892,160.26302426,160.26302426
33,1,,quantum,precond_pen=0.500,0.5,False,0,0.000105,190.25956597,190.25956597
33,1,,quantum,precond_pen=0.500,0.5,False,1,0.005355,187.20314193,187.20314193
33,1,,quantum,precond_pen=0.500,0.5,False,2,0.005794,185.78850066,185.78850066
33,1,,quantum,precond_pen=0.500,0.5,False,3,0.006134,182.20489344,182.20489344
33,1,,quantum,precond_pen=0.500,0.5,False,4,0.006637,160.26302426,160.26302426
33,1,,quantum,precond_pen=0.700,0.7,False,0,0.000113,190.25956597,190.25956597
33,1,,quantum,precond_pen=0.700,0.7,False,1,0.005631,186.03376779,186.03376779
33,1,,quantum,precond_pen=0.700,0.7,False,2,0.006238,160.26302426,160.26302426
33,1,,quantum,precond_pen=0.800,0.8,False,0,0.000114,190.25956597,190.25956597
33,1,,quantum,precond_pen=0.800,0.8,False,1,0.005631,178.62390293,178.62390293
33,1,,quantum,precond_pen=0.800,0.8,False,2,0.006609,166.55492998,166.55492998
33,1,,quantum,precond_pen=0.800,0.8,False,3,0.025282,160.26302426,160.26302426
33,1,,quantum,precond_pen=1.000,1.0,False,0,0.000108,190.25956597,190.25956597
33,1,,quantum,precond_pen=1.000,1.0,False,1,0.006058,185.65607609,185.65607609
33,1,,quantum,precond_pen=1.000,1.0,False,2,0.006483,160.26302426,160.26302426
34,1,,quantum,baseline,,False,0,0.000129,191.78740851,191.78740851
34,1,,quantum,baseline,,False,1,0.005146,180.88941971,180.88941971
34,1,,quantum,baseline,,False,2,0.110557,171.69635225,171.69635225
34,1,,quantum,precond_pen=0.200,0.2,False,0,0.000129,191.78740851,191.78740851
34,1,,quantum,precond_pen=0.200,0.2,False,1,0.006282,171.69635225,171.69635225
34,1,,quantum,precond_pen=0.300,0.3,False,0,0.000114,191.78740851,191.78740851
34,1,,quantum,precond_pen=0.300,0.3,False,1,0.005405,191.58070059,191.58070059
34,1,,quantum,precond_pen=0.300,0.3,False,2,0.006027,171.69635225,171.69635225
34,1,,quantum,precond_pen=0.400,0.4,False,0,0.000112,191.78740851,191.78740851
34,1,,quantum,precond_pen=0.400,0.4,False,1,0.0055,187.37561115,187.37561115
34,1,,quantum,precond_pen=0.400,0.4,False,2,0.007023,171.69635225,171.69635225
34,1,,quantum,precond_pen=0.500,0.5,False,0,0.000112,191.78740851,191.78740851
34,1,,quantum,precond_pen=0.500,0.5,False,1,0.006011,191.3925761,191.3925761
34,1,,quantum,precond_pen=0.500,0.5,False,2,0.006374,178.32108276,178.32108276
34,1,,quantum,precond_pen=0.500,0.5,False,3,0.033799,177.87788786,177.87788786
34,1,,quantum,precond_pen=0.500,0.5,False,4,0.034298,171.69635225,171.69635225
34,1,,quantum,precond_pen=0.700,0.7,False,0,0.000117,191.78740851,191.78740851
34,1,,quantum,precond_pen=0.700,0.7,False,1,0.005798,191.57219423,191.57219423
34,1,,quantum,precond_pen=0.700,0.7,False,2,0.006531,177.72080407,177.72080407
34,1,,quantum,precond_pen=0.700,0.7,False,3,0.030817,171.69635225,171.69635225
34,1,,quantum,precond_pen=0.800,0.8,False,0,0.000116,191.78740851,191.78740851
34,1,,quantum,precond_pen=0.800,0.8,False,1,0.006722,178.39762929,178.39762929
34,1,,quantum,precond_pen=0.800,0.8,False,2,0.026652,171.69635225,171.69635225
34,1,,quantum,precond_pen=1.000,1.0,False,0,0.000125,191.78740851,191.78740851
34,1,,quantum,precond_pen=1.000,1.0,False,1,0.006315,191.5783707,191.5783707
34,1,,quantum,precond_pen=1.000,1.0,False,2,0.007132,171.69635225,171.69635225
35,1,,quantum,baseline,,False,0,0.000113,189.53822007,189.53822007
35,1,,quantum,baseline,,False,1,0.004699,165.89615529,165.89615529
35,1,,quantum,baseline,,False,2,0.110222,161.41107053,161.41107053
35,1,,quantum,precond_pen=0.200,0.2,False,0,0.000116,189.53822007,189.53822007
35,1,,quantum,precond_pen=0.200,0.2,False,1,0.005655,188.78741374,188.78741374
35,1,,quantum,precond_pen=0.200,0.2,False,2,0.006581,161.41107053,161.41107053
35,1,,quantum,precond_pen=0.300,0.3,False,0,0.000112,189.53822007,189.53822007
35,1,,quantum,precond_pen=0.300,0.3,False,1,0.005172,175.95492979,175.95492979
35,1,,quantum,precond_pen=0.300,0.3,False,2,0.006452,167.26279375,167.26279375
35,1,,quantum,precond_pen=0.300,0.3,False,3,0.034144,166.09283781,166.09283781
35,1,,quantum,precond_pen=0.300,0.3,False,4,0.214517,161.41107053,161.41107053
35,1,,quantum,precond_pen=0.300,0.3,False,5,0.22544,161.41107053,161.41107053
35,1,,quantum,precond_pen=0.400,0.4,False,0,0.000106,189.53822007,189.53822007
35,1,,quantum,precond_pen=0.400,0.4,False,1,0.004973,183.48700534,183.48700534
35,1,,quantum,precond_pen=0.400,0.4,False,2,0.005853,182.70463106,182.70463106
35,1,,quantum,precond_pen=0.400,0.4,False,3,0.006474,166.09283781,166.09283781
35,1,,quantum,precond_pen=0.400,0.4,False,4,0.033156,161.41107053,161.41107053
35,1,,quantum,precond_pen=0.500,0.5,False,0,0.000104,189.53822007,189.53822007
35,1,,quantum,precond_pen=0.500,0.5,False,1,0.005311,177.36901983,177.36901983
35,1,,quantum,precond_pen=0.500,0.5,False,2,0.006085,177.04166505,177.04166505
35,1,,quantum,precond_pen=0.500,0.5,False,3,0.006694,161.41107053,161.41107053
35,1,,quantum,precond_pen=0.700,0.7,False,0,0.000108,189.53822007,189.53822007
35,1,,quantum,precond_pen=0.700,0.7,False,1,0.005747,182.19924242,182.19924242
35,1,,quantum,precond_pen=0.700,0.7,False,2,0.006666,161.41107053,161.41107053
35,1,,quantum,precond_pen=0.800,0.8,False,0,0.000131,189.53822007,189.53822007
35,1,,quantum,precond_pen=0.800,0.8,False,1,0.006043,187.75908382,187.75908382
35,1,,quantum,precond_pen=0.800,0.8,False,2,0.006465,166.09283781,166.09283781
35,1,,quantum,precond_pen=0.800,0.8,False,3,0.024098,161.41107053,161.41107053
35,1,,quantum,precond_pen=1.000,1.0,False,0,0.000111,189.53822007,189.53822007
35,1,,quantum,precond_pen=1.000,1.0,False,1,0.005837,185.49036816,185.49036816
35,1,,quantum,precond_pen=1.000,1.0,False,2,0.006216,165.89615529,165.89615529
35,1,,quantum,precond_pen=1.000,1.0,False,3,0.024589,161.41107053,161.41107053
36,1,,quantum,baseline,,False,0,0.000117,187.26178082,187.26178082
36,1,,quantum,baseline,,False,1,0.004577,161.33072624,161.33072624
36,1,,quantum,precond_pen=0.200,0.2,False,0,0.000127,187.26178082,187.26178082
36,1,,quantum,precond_pen=0.200,0.2,False,1,0.005038,186.17797703,186.17797703
36,1,,quantum,precond_pen=0.200,0.2,False,2,0.006524,163.22129798,163.22129798
36,1,,quantum,precond_pen=0.200,0.2,False,3,0.040557,161.33072624,161.33072624
36,1,,quantum,precond_pen=0.300,0.3,False,0,0.000116,187.26178082,187.26178082
36,1,,quantum,precond_pen=0.300,0.3,False,1,0.005142,175.23438524,175.23438524
36,1,,quantum,precond_pen=0.300,0.3,False,2,0.006702,163.22129798,163.22129798
36,1,,quantum,precond_pen=0.300,0.3,False,3,0.036515,161.33072624,161.33072624
36,1,,quantum,precond_pen=0.400,0.4,False,0,0.000113,187.26178082,187.26178082
36,1,,quantum,precond_pen=0.400,0.4,False,1,0.005774,186.0077742,186.0077742
36,1,,quantum,precond_pen=0.400,0.4,False,2,0.006292,164.78905507,164.78905507
36,1,,quantum,precond_pen=0.400,0.4,False,3,0.032867,161.33072624,161.33072624
36,1,,quantum,precond_pen=0.500,0.5,False,0,0.000114,187.26178082,187.26178082
36,1,,quantum,precond_pen=0.500,0.5,False,1,0.006216,161.82440317,161.82440317
36,1,,quantum,precond_pen=0.500,0.5,False,2,0.736681,161.33072624,161.33072624
36,1,,quantum,precond_pen=0.500,0.5,False,3,0.737225,161.33072624,161.33072624
36,1,,quantum,precond_pen=0.700,0.7,False,0,0.000126,187.26178082,187.26178082
36,1,,quantum,precond_pen=0.700,0.7,False,1,0.005381,183.45244988,183.45244988
36,1,,quantum,precond_pen=0.700,0.7,False,2,0.006151,182.63882625,182.63882625
36,1,,quantum,precond_pen=0.700,0.7,False,3,0.006626,164.78905507,164.78905507
36,1,,quantum,precond_pen=0.700,0.7,False,4,0.027657,161.82440317,161.82440317
36,1,,quantum,precond_pen=0.700,0.7,False,5,1.033228,161.33072624,161.33072624
36,1,,quantum,precond_pen=0.700,0.7,False,6,1.434644,161.33072624,161.33072624
36,1,,quantum,precond_pen=0.800,0.8,False,0,0.000124,187.26178082,187.26178082
36,1,,quantum,precond_pen=0.800,0.8,False,1,0.005918,183.28635923,183.28635923
36,1,,quantum,precond_pen=0.800,0.8,False,2,0.006378,161.82440317,161.82440317
36,1,,quantum,precond_pen=0.800,0.8,False,3,0.025493,161.33072624,161.33072624
36,1,,quantum,precond_pen=1.000,1.0,False,0,0.000119,187.26178082,187.26178082
36,1,,quantum,precond_pen=1.000,1.0,False,1,0.006648,186.43819979,186.43819979
36,1,,quantum,precond_pen=1.000,1.0,False,2,0.007217,161.82440317,161.82440317
36,1,,quantum,precond_pen=1.000,1.0,False,3,1.535772,161.33072624,161.33072624
36,1,,quantum,precond_pen=1.000,1.0,False,4,2.59584,161.33072624,161.33072624
37,1,,quantum,baseline,,False,0,0.000119,186.82195133,186.82195133
37,1,,quantum,baseline,,False,1,0.004104,185.21625944,185.21625944
37,1,,quantum,baseline,,False,2,0.004712,178.73657304,178.73657304
37,1,,quantum,baseline,,False,3,0.005612,158.0945343,158.0945343
37,1,,quantum,precond_pen=0.200,0.2,False,0,0.000121,186.82195133,186.82195133
37,1,,quantum,precond_pen=0.200,0.2,False,1,0.004897,188.11117208,186.82195133
37,1,,quantum,precond_pen=0.200,0.2,False,2,0.005511,178.73657304,178.73657304
37,1,,quantum,precond_pen=0.200,0.2,False,3,0.006464,161.8334456,161.8334456
37,1,,quantum,precond_pen=0.200,0.2,False,4,0.406898,161.50729979,161.50729979
37,1,,quantum,precond_pen=0.200,0.2,False,5,0.407047,160.57989609,160.57989609
37,1,,quantum,precond_pen=0.200,0.2,False,6,0.425349,159.43296707,159.43296707
37,1,,quantum,precond_pen=0.200,0.2,False,7,0.437995,158.0945343,158.0945343
37,1,,quantum,precond_pen=0.200,0.2,False,8,0.438134,159.54227747,158.0945343
37,1,,quantum,precond_pen=0.200,0.2,False,9,0.444926,159.54227747,158.0945343
37,1,,quantum,precond_pen=0.300,0.3,False,0,0.000116,186.82195133,186.82195133
37,1,,quantum,precond_pen=0.300,0.3,False,1,0.004876,172.250698,172.250698
37,1,,quantum,precond_pen=0.300,0.3,False,2,0.00628,158.42830675,158.42830675
37,1,,quantum,precond_pen=0.300,0.3,False,3,0.034335,158.0945343,158.0945343
37,1,,quantum,precond_pen=0.400,0.4,False,0,0.000115,186.82195133,186.82195133
37,1,,quantum,precond_pen=0.400,0.4,False,1,0.006374,175.79138258,175.79138258
37,1,,quantum,precond_pen=0.400,0.4,False,2,0.006786,162.11985287,162.11985287
37,1,,quantum,precond_pen=0.400,0.4,False,3,0.034429,161.8334456,161.8334456
37,1,,quantum,precond_pen=0.400,0.4,False,4,0.293774,159.54227747,159.54227747
37,1,,quantum,precond_pen=0.400,0.4,False,5,0.293898,158.42830675,158.42830675
37,1,,quantum,precond_pen=0.400,0.4,False,6,0.29557,158.0945343,158.0945343
37,1,,quantum,precond_pen=0.500,0.5,False,0,0.000142,186.82195133,186.82195133
37,1,,quantum,precond_pen=0.500,0.5,False,1,0.005983,174.30172283,174.30172283
37,1,,quantum,precond_pen=0.500,0.5,False,2,0.006832,173.46335166,173.46335166
37,1,,quantum,precond_pen=0.500,0.5,False,3,0.007194,162.11985287,162.11985287
37,1,,quantum,precond_pen=0.500,0.5,False,4,0.035655,161.8334456,161.8334456
37,1,,quantum,precond_pen=0.500,0.5,False,5,0.698559,158.0945343,158.0945343
37,1,,quantum,precond_pen=0.500,0.5,False,6,0.699,158.0945343,158.0945343
37,1,,quantum,precond_pen=0.700,0.7,False,0,0.000125,186.82195133,186.82195133
37,1,,quantum,precond_pen=0.700,0.7,False,1,0.006333,178.44514074,178.44514074
37,1,,quantum,precond_pen=0.700,0.7,False,2,0.006907,162.11985287,162.11985287
37,1,,quantum,precond_pen=0.700,0.7,False,3,0.028966,158.0945343,158.0945343
37,1,,quantum,precond_pen=0.800,0.8,False,0,0.000118,186.82195133,186.82195133
37,1,,quantum,precond_pen=0.800,0.8,False,1,0.006297,175.26990201,175.26990201
37,1,,quantum,precond_pen=0.800,0.8,False,2,0.006869,158.0945343,158.0945343
37,1,,quantum,precond_pen=1.000,1.0,False,0,0.000119,186.82195133,186.82195133
37,1,,quantum,precond_pen=1.000,1.0,False,1,0.005891,184.52841638,184.52841638
37,1,,quantum,precond_pen=1.000,1.0,False,2,0.006479,158.0945343,158.0945343
38,1,,quantum,baseline,,False,0,0.000127,188.89697337,188.89697337
38,1,,quantum,baseline,,False,1,0.0044,185.51942062,185.51942062
38,1,,quantum,baseline,,False,2,0.005105,185.31761246,185.31761246
38,1,,quantum,baseline,,False,3,0.005909,160.19006204,160.19006204
38,1,,quantum,precond_pen=0.200,0.2,False,0,0.000122,188.89697337,188.89697337
38,1,,quantum,precond_pen=0.200,0.2,False,1,0.005316,184.63413597,184.63413597
38,1,,quantum,precond_pen=0.200,0.2,False,2,0.006125,183.2729759,183.2729759
38,1,,quantum,precond_pen=0.200,0.2,False,3,0.006566,180.85989026,180.85989026
38,1,,quantum,precond_pen=0.200,0.2,False,4,0.007165,164.87811409,164.87811409
38,1,,quantum,precond_pen=0.200,0.2,False,5,0.040505,162.42137804,162.42137804
38,1,,quantum,precond_pen=0.200,0.2,False,6,0.363387,160.19006204,160.19006204
38,1,,quantum,precond_pen=0.200,0.2,False,7,0.363989,160.19006204,160.19006204
38,1,,quantum,precond_pen=0.300,0.3,False,0,0.000118,188.89697337,188.89697337
38,1,,quantum,precond_pen=0.300,0.3,False,1,0.005144,179.13328125,179.13328125
38,1,,quantum,precond_pen=0.300,0.3,False,2,0.006404,162.78916538,162.78916538
38,1,,quantum,precond_pen=0.300,0.3,False,3,0.034092,160.19006204,160.19006204
38,1,,quantum,precond_pen=0.400,0.4,False,0,0.000115,188.89697337,188.89697337
38,1,,quantum,precond_pen=0.400,0.4,False,1,0.005862,180.28994669,180.28994669
38,1,,quantum,precond_pen=0.400,0.4,False,2,0.006554,164.87811409,164.87811409
38,1,,quantum,precond_pen=0.400,0.4,False,3,0.037691,162.78916538,162.78916538
38,1,,quantum,precond_pen=0.400,0.4,False,4,0.234736,160.19006204,160.19006204
38,1,,quantum,precond_pen=0.400,0.4,False,5,0.23805,160.19006204,160.19006204
38,1,,quantum,precond_pen=0.500,0.5,False,0,0.000116,188.89697337,188.89697337
38,1,,quantum,precond_pen=0.500,0.5,False,1,0.005553,184.90356318,184.90356318
38,1,,quantum,precond_pen=0.500,0.5,False,2,0.006248,183.2729759,183.2729759
38,1,,quantum,precond_pen=0.500,0.5,False,3,0.006612,176.11862899,176.11862899
38,1,,quantum,precond_pen=0.500,0.5,False,4,0.007131,164.87811409,164.87811409
38,1,,quantum,precond_pen=0.500,0.5,False,5,0.034329,160.19006204,160.19006204
38,1,,quantum,precond_pen=0.700,0.7,False,0,0.00012,188.89697337,188.89697337
38,1,,quantum,precond_pen=0.700,0.7,False,1,0.005929,186.24822201,186.24822201
38,1,,quantum,precond_pen=0.700,0.7,False,2,0.006373,185.7444408,185.7444408
38,1,,quantum,precond_pen=0.700,0.7,False,3,0.0067,175.60548445,175.60548445
38,1,,quantum,precond_pen=0.700,0.7,False,4,0.007293,164.87811409,164.87811409
38,1,,quantum,precond_pen=0.700,0.7,False,5,0.031834,162.78916538,162.78916538
38,1,,quantum,precond_pen=0.700,0.7,False,6,0.943489,160.19006204,160.19006204
38,1,,quantum,precond_pen=0.800,0.8,False,0,0.000117,188.89697337,188.89697337
38,1,,quantum,precond_pen=0.800,0.8,False,1,0.00627,188.21872656,188.21872656
38,1,,quantum,precond_pen=0.800,0.8,False,2,0.006677,162.78916538,162.78916538
38,1,,quantum,precond_pen=0.800,0.8,False,3,1.508965,162.42137804,162.42137804
38,1,,quantum,precond_pen=0.800,0.8,False,4,1.78716,160.19006204,160.19006204
38,1,,quantum,precond_pen=0.800,0.8,False,5,2.032886,160.19006204,160.19006204
38,1,,quantum,precond_pen=1.000,1.0,False,0,0.00012,188.89697337,188.89697337
38,1,,quantum,precond_pen=1.000,1.0,False,1,0.005978,180.12255658,180.12255658
38,1,,quantum,precond_pen=1.000,1.0,False,2,0.006399,162.78916538,162.78916538
38,1,,quantum,precond_pen=1.000,1.0,False,3,0.024104,160.19006204,160.19006204
39,1,,quantum,baseline,,False,0,0.000122,200.39614847,200.39614847
39,1,,quantum,baseline,,False,1,0.006095,193.38095043,193.38095043
39,1,,quantum,baseline,,False,2,0.006763,192.67315426,192.67315426
39,1,,quantum,baseline,,False,3,0.007395,172.25536454,172.25536454
39,1,,quantum,baseline,,False,4,0.110113,170.5863815,170.5863815
39,1,,quantum,precond_pen=0.200,0.2,False,0,0.000123,200.39614847,200.39614847
39,1,,quantum,precond_pen=0.200,0.2,False,1,0.005222,198.25981452,198.25981452
39,1,,quantum,precond_pen=0.200,0.2,False,2,0.005902,198.17481147,198.17481147
39,1,,quantum,precond_pen=0.200,0.2,False,3,0.006321,196.188126,196.188126
39,1,,quantum,precond_pen=0.200,0.2,False,4,0.006787,174.09946049,174.09946049
39,1,,quantum,precond_pen=0.200,0.2,False,5,0.03705,172.25536454,172.25536454
39,1,,quantum,precond_pen=0.200,0.2,False,6,0.037548,171.21856463,171.21856463
39,1,,quantum,precond_pen=0.200,0.2,False,7,0.037875,170.5863815,170.5863815
39,1,,quantum,precond_pen=0.300,0.3,False,0,0.000114,200.39614847,200.39614847
39,1,,quantum,precond_pen=0.300,0.3,False,1,0.004834,195.81894502,195.81894502
39,1,,quantum,precond_pen=0.300,0.3,False,2,0.005227,198.17481147,195.81894502
39,1,,quantum,precond_pen=0.300,0.3,False,3,0.005561,189.10224352,189.10224352
39,1,,quantum,precond_pen=0.300,0.3,False,4,0.006311,170.5863815,170.5863815
39,1,,quantum,precond_pen=0.400,0.4,False,0,0.00014,200.39614847,200.39614847
39,1,,quantum,precond_pen=0.400,0.4,False,1,0.005202,192.30568836,192.30568836
39,1,,quantum,precond_pen=0.400,0.4,False,2,0.00577,192.67315426,192.30568836
39,1,,quantum,precond_pen=0.400,0.4,False,3,0.006106,189.28217514,189.28217514
39,1,,quantum,precond_pen=0.400,0.4,False,4,0.006889,170.5863815,170.5863815
39,1,,quantum,precond_pen=0.500,0.5,False,0,0.000113,200.39614847,200.39614847
39,1,,quantum,precond_pen=0.500,0.5,False,1,0.005222,185.7399122,185.7399122
39,1,,quantum,precond_pen=0.500,0.5,False,2,0.00662,172.25536454,172.25536454
39,1,,quantum,precond_pen=0.500,0.5,False,3,0.471129,171.21856463,171.21856463
39,1,,quantum,precond_pen=0.500,0.5,False,4,0.509335,170.5863815,170.5863815
39,1,,quantum,precond_pen=0.500,0.5,False,5,0.50977,170.5863815,170.5863815
39,1,,quantum,precond_pen=0.700,0.7,False,0,0.000114,200.39614847,200.39614847
39,1,,quantum,precond_pen=0.700,0.7,False,1,0.00602,185.55246988,185.55246988
39,1,,quantum,precond_pen=0.700,0.7,False,2,0.006729,170.5863815,170.5863815
39,1,,quantum,precond_pen=0.800,0.8,False,0,0.000118,200.39614847,200.39614847
39,1,,quantum,precond_pen=0.800,0.8,False,1,0.006091,193.46249696,193.46249696
39,1,,quantum,precond_pen=0.800,0.8,False,2,0.006471,172.25536454,172.25536454
39,1,,quantum,precond_pen=0.800,0.8,False,3,1.081418,170.5863815,170.5863815
39,1,,quantum,precond_pen=1.000,1.0,False,0,0.000119,200.39614847,200.39614847
39,1,,quantum,precond_pen=1.000,1.0,False,1,0.005886,183.60367852,183.60367852
39,1,,quantum,precond_pen=1.000,1.0,False,2,0.006388,174.09946049,174.09946049
39,1,,quantum,precond_pen=1.000,1.0,False,3,1.05215,174.12238038,174.09946049
39,1,,quantum,precond_pen=1.000,1.0,False,4,1.123213,172.4178225,172.4178225
39,1,,quantum,precond_pen=1.000,1.0,False,5,1.270343,172.39802436,172.39802436
39,1,,quantum,precond_pen=1.000,1.0,False,6,1.546992,170.5863815,170.5863815
40,1,,quantum,baseline,,False,0,0.000119,197.01518744,197.01518744
40,1,,quantum,baseline,,False,1,0.004854,196.91269363,196.91269363
40,1,,quantum,baseline,,False,2,0.005283,170.15739719,170.15739719
40,1,,quantum,baseline,,False,3,0.109938,169.11585902,169.11585902
40,1,,quantum,baseline,,False,4,11.840194,168.70974556,168.70974556
40,1,,quantum,precond_pen=0.200,0.2,False,0,0.000121,197.01518744,197.01518744
40,1,,quantum,precond_pen=0.200,0.2,False,1,0.005209,194.53727174,194.53727174
40,1,,quantum,precond_pen=0.200,0.2,False,2,0.005822,192.88960188,192.88960188
40,1,,quantum,precond_pen=0.200,0.2,False,3,0.006219,192.91951181,192.88960188
40,1,,quantum,precond_pen=0.200,0.2,False,4,0.006803,169.15082556,169.15082556
40,1,,quantum,precond_pen=0.300,0.3,False,0,0.000119,197.01518744,197.01518744
40,1,,quantum,precond_pen=0.300,0.3,False,1,0.00508,193.54426679,193.54426679
40,1,,quantum,precond_pen=0.300,0.3,False,2,0.005448,192.88960188,192.88960188
40,1,,quantum,precond_pen=0.300,0.3,False,3,0.006247,169.31729296,169.31729296
40,1,,quantum,precond_pen=0.300,0.3,False,4,0.034606,169.15082556,169.15082556
40,1,,quantum,precond_pen=0.300,0.3,False,5,0.321448,168.70974556,168.70974556
40,1,,quantum,precond_pen=0.300,0.3,False,6,0.321972,168.70974556,168.70974556
40,1,,quantum,precond_pen=0.400,0.4,False,0,0.000115,197.01518744,197.01518744
40,1,,quantum,precond_pen=0.400,0.4,False,1,0.005095,190.81884469,190.81884469
40,1,,quantum,precond_pen=0.400,0.4,False,2,0.006196,187.9619857,187.9619857
40,1,,quantum,precond_pen=0.400,0.4,False,3,0.006853,169.15082556,169.15082556
40,1,,quantum,precond_pen=0.400,0.4,False,4,0.444901,168.70974556,168.70974556
40,1,,quantum,precond_pen=0.400,0.4,False,5,0.449513,168.70974556,168.70974556
40,1,,quantum,precond_pen=0.500,0.5,False,0,0.000117,197.01518744,197.01518744
40,1,,quantum,precond_pen=0.500,0.5,False,1,0.005211,184.60774261,184.60774261
40,1,,quantum,precond_pen=0.500,0.5,False,2,0.005996,183.70679899,183.70679899
40,1,,quantum,precond_pen=0.500,0.5,False,3,0.006547,169.31729296,169.31729296
40,1,,quantum,precond_pen=0.500,0.5,False,4,0.70391,168.70974556,168.70974556
40,1,,quantum,precond_pen=0.500,0.5,False,5,0.730656,168.70974556,168.70974556
40,1,,quantum,precond_pen=0.700,0.7,False,0,0.000116,197.01518744,197.01518744
40,1,,quantum,precond_pen=0.700,0.7,False,1,0.005556,189.80392934,189.80392934
40,1,,quantum,precond_pen=0.700,0.7,False,2,0.006274,187.74150366,187.74150366
40,1,,quantum,precond_pen=0.700,0.7,False,3,0.007019,169.15082556,169.15082556
40,1,,quantum,precond_pen=0.700,0.7,False,4,0.028471,168.70974556,168.70974556
40,1,,quantum,precond_pen=0.800,0.8,False,0,0.000118,197.01518744,197.01518744
40,1,,quantum,precond_pen=0.800,0.8,False,1,0.005766,192.49460215,192.49460215
40,1,,quantum,precond_pen=0.800,0.8,False,2,0.006273,169.11585902,169.11585902
40,1,,quantum,precond_pen=0.800,0.8,False,3,1.234212,168.70974556,168.70974556
40,1,,quantum,precond_pen=0.800,0.8,False,4,2.809808,168.70974556,168.70974556
40,1,,quantum,precond_pen=1.000,1.0,False,0,0.000123,197.01518744,197.01518744
40,1,,quantum,precond_pen=1.000,1.0,False,1,0.005932,189.09836092,189.09836092
40,1,,quantum,precond_pen=1.000,1.0,False,2,0.006414,169.11585902,169.11585902
40,1,,quantum,precond_pen=1.000,1.0,False,3,1.731055,168.70974556,168.70974556
40,1,,quantum,precond_pen=1.000,1.0,False,4,3.061713,168.70974556,168.70974556
41,1,,quantum,baseline,,False,0,0.00011,199.10912158,199.10912158
41,1,,quantum,baseline,,False,1,0.004606,181.20750419,181.20750419
41,1,,quantum,baseline,,False,2,0.108342,178.56794896,178.56794896
41,1,,quantum,baseline,,False,3,7.16565,177.93862857,177.93862857
41,1,,quantum,baseline,,False,4,19.143913,177.84411758,177.84411758
41,1,,quantum,baseline,,False,5,20.327319,177.84411758,177.84411758
41,1,,quantum,precond_pen=0.200,0.2,False,0,0.000117,199.10912158,199.10912158
41,1,,quantum,precond_pen=0.200,0.2,False,1,0.005248,190.4584773,190.4584773
41,1,,quantum,precond_pen=0.200,0.2,False,2,0.00665,178.96593759,178.96593759
41,1,,quantum,precond_pen=0.200,0.2,False,3,0.03999,179.08881557,178.96593759
41,1,,quantum,precond_pen=0.200,0.2,False,4,0.6408,178.73127509,178.73127509
41,1,,quantum,precond_pen=0.200,0.2,False,5,1.002676,178.73127509,178.73127509
41,1,,quantum,precond_pen=0.300,0.3,False,0,0.000112,199.10912158,199.10912158
41,1,,quantum,precond_pen=0.300,0.3,False,1,0.004951,191.14820568,191.14820568
41,1,,quantum,precond_pen=0.300,0.3,False,2,0.006503,178.73127509,178.73127509
41,1,,quantum,precond_pen=0.400,0.4,False,0,0.000108,199.10912158,199.10912158
41,1,,quantum,precond_pen=0.400,0.4,False,1,0.005701,197.1550567,197.1550567
41,1,,quantum,precond_pen=0.400,0.4,False,2,0.006061,179.08881557,179.08881557
41,1,,quantum,precond_pen=0.400,0.4,False,3,0.553112,178.33746899,178.33746899
41,1,,quantum,precond_pen=0.400,0.4,False,4,0.566163,178.09044128,178.09044128
41,1,,quantum,precond_pen=0.400,0.4,False,5,0.566286,177.93862857,177.93862857
41,1,,quantum,precond_pen=0.400,0.4,False,6,0.566852,177.93862857,177.93862857
41,1,,quantum,precond_pen=0.500,0.5,False,0,0.000111,199.10912158,199.10912158
41,1,,quantum,precond_pen=0.500,0.5,False,1,0.005718,192.14914882,192.14914882
41,1,,quantum,precond_pen=0.500,0.5,False,2,0.006939,178.71474288,178.71474288
41,1,,quantum,precond_pen=0.500,0.5,False,3,0.790429,177.84411758,177.84411758
41,1,,quantum,precond_pen=0.500,0.5,False,4,0.79063,177.93862857,177.84411758
41,1,,quantum,precond_pen=0.500,0.5,False,5,0.801438,177.93862857,177.84411758
41,1,,quantum,precond_pen=0.700,0.7,False,0,0.000112,199.10912158,199.10912158
41,1,,quantum,precond_pen=0.700,0.7,False,1,0.005841,191.56680528,191.56680528
41,1,,quantum,precond_pen=0.700,0.7,False,2,0.006978,178.7174828,178.7174828
41,1,,quantum,precond_pen=0.700,0.7,False,3,0.028167,177.93862857,177.93862857
41,1,,quantum,precond_pen=0.700,0.7,False,4,1.030511,177.84411758,177.84411758
41,1,,quantum,precond_pen=0.700,0.7,False,5,1.999077,177.84411758,177.84411758
41,1,,quantum,precond_pen=0.800,0.8,False,0,0.000113,199.10912158,199.10912158
41,1,,quantum,precond_pen=0.800,0.8,False,1,0.006534,181.20750419,181.20750419
41,1,,quantum,precond_pen=0.800,0.8,False,2,0.024757,178.56794896,178.56794896
41,1,,quantum,precond_pen=0.800,0.8,False,3,1.061587,178.73127509,178.56794896
41,1,,quantum,precond_pen=0.800,0.8,False,4,1.185405,177.93862857,177.93862857
41,1,,quantum,precond_pen=0.800,0.8,False,5,1.185646,177.84411758,177.84411758
41,1,,quantum,precond_pen=1.000,1.0,False,0,0.000111,199.10912158,199.10912158
41,1,,quantum,precond_pen=1.000,1.0,False,1,0.006352,181.20750419,181.20750419
41,1,,quantum,precond_pen=1.000,1.0,False,2,0.024307,178.56794896,178.56794896
41,1,,quantum,precond_pen=1.000,1.0,False,3,2.286391,177.93862857,177.93862857
41,1,,quantum,precond_pen=1.000,1.0,False,4,2.397847,177.84411758,177.84411758
42,1,,quantum,baseline,,False,0,0.000121,186.6096884,186.6096884
42,1,,quantum,baseline,,False,1,0.006639,168.62482093,168.62482093
42,1,,quantum,baseline,,False,2,5.242398,168.52695443,168.52695443
42,1,,quantum,baseline,,False,3,5.343164,167.68706517,167.68706517
42,1,,quantum,baseline,,False,4,8.229275,167.32008675,167.32008675
42,1,,quantum,precond_pen=0.200,0.2,False,0,0.000121,186.6096884,186.6096884
42,1,,quantum,precond_pen=0.200,0.2,False,1,0.00482,186.05900332,186.05900332
42,1,,quantum,precond_pen=0.200,0.2,False,2,0.005236,186.30310179,186.05900332
42,1,,quantum,precond_pen=0.200,0.2,False,3,0.005902,168.77980759,168.77980759
42,1,,quantum,precond_pen=0.200,0.2,False,4,0.03475,167.68706517,167.68706517
42,1,,quantum,precond_pen=0.200,0.2,False,5,0.67725,167.32008675,167.32008675
42,1,,quantum,precond_pen=0.200,0.2,False,6,0.858808,167.32008675,167.32008675
42,1,,quantum,precond_pen=0.300,0.3,False,0,0.000117,186.6096884,186.6096884
42,1,,quantum,precond_pen=0.300,0.3,False,1,0.005018,191.80793815,186.6096884
42,1,,quantum,precond_pen=0.300,0.3,False,2,0.005482,184.07074079,184.07074079
42,1,,quantum,precond_pen=0.300,0.3,False,3,0.006358,167.68706517,167.68706517
42,1,,quantum,precond_pen=0.400,0.4,False,0,0.000122,186.6096884,186.6096884
42,1,,quantum,precond_pen=0.400,0.4,False,1,0.005835,186.66902153,186.6096884
42,1,,quantum,precond_pen=0.400,0.4,False,2,0.006491,167.68706517,167.68706517
42,1,,quantum,precond_pen=0.500,0.5,False,0,0.000118,186.6096884,186.6096884
42,1,,quantum,precond_pen=0.500,0.5,False,1,0.005682,187.10378245,186.6096884
42,1,,quantum,precond_pen=0.500,0.5,False,2,0.006086,186.30310179,186.30310179
42,1,,quantum,precond_pen=0.500,0.5,False,3,0.006414,183.51529803,183.51529803
42,1,,quantum,precond_pen=0.500,0.5,False,4,0.007046,167.68706517,167.68706517
42,1,,quantum,precond_pen=0.700,0.7,False,0,0.000118,186.6096884,186.6096884
42,1,,quantum,precond_pen=0.700,0.7,False,1,0.00658,183.41688172,183.41688172
42,1,,quantum,precond_pen=0.700,0.7,False,2,0.007166,167.68706517,167.68706517
42,1,,quantum,precond_pen=0.700,0.7,False,3,0.027965,167.32008675,167.32008675
42,1,,quantum,precond_pen=0.800,0.8,False,0,0.000127,186.6096884,186.6096884
42,1,,quantum,precond_pen=0.800,0.8,False,1,0.006311,185.33938406,185.33938406
42,1,,quantum,precond_pen=0.800,0.8,False,2,0.006749,168.77980759,168.77980759
42,1,,quantum,precond_pen=0.800,0.8,False,3,0.024792,168.62482093,168.62482093
42,1,,quantum,precond_pen=0.800,0.8,False,4,1.059456,167.68706517,167.68706517
42,1,,quantum,precond_pen=0.800,0.8,False,5,2.116625,167.32008675,167.32008675
42,1,,quantum,precond_pen=0.800,0.8,False,6,2.935981,167.32008675,167.32008675
42,1,,quantum,precond_pen=1.000,1.0,False,0,0.000119,186.6096884,186.6096884
42,1,,quantum,precond_pen=1.000,1.0,False,1,0.006055,186.74257074,186.6096884
42,1,,quantum,precond_pen=1.000,1.0,False,2,0.006664,167.68706517,167.68706517
42,1,,quantum,precond_pen=1.000,1.0,False,3,1.481553,167.32008675,167.32008675
43,1,,quantum,baseline,,False,0,0.000116,197.12455308,197.12455308
43,1,,quantum,baseline,,False,1,0.00431,196.53529027,196.53529027
43,1,,quantum,baseline,,False,2,0.005169,166.26714621,166.26714621
43,1,,quantum,precond_pen=0.200,0.2,False,0,0.000118,197.12455308,197.12455308
43,1,,quantum,precond_pen=0.200,0.2,False,1,0.005442,195.46450184,195.46450184
43,1,,quantum,precond_pen=0.200,0.2,False,2,0.006155,190.12915366,190.12915366
43,1,,quantum,precond_pen=0.200,0.2,False,3,0.006982,166.26714621,166.26714621
43,1,,quantum,precond_pen=0.300,0.3,False,0,0.000105,197.12455308,197.12455308
43,1,,quantum,precond_pen=0.300,0.3,False,1,0.004647,195.5807223,195.5807223
43,1,,quantum,precond_pen=0.300,0.3,False,2,0.00509,190.12915366,190.12915366
43,1,,quantum,precond_pen=0.300,0.3,False,3,0.006048,166.26714621,166.26714621
43,1,,quantum,precond_pen=0.400,0.4,False,0,0.000108,197.12455308,197.12455308
43,1,,quantum,precond_pen=0.400,0.4,False,1,0.005105,194.33907837,194.33907837
43,1,,quantum,precond_pen=0.400,0.4,False,2,0.005535,190.12915366,190.12915366
43,1,,quantum,precond_pen=0.400,0.4,False,3,0.006519,166.26714621,166.26714621
43,1,,quantum,precond_pen=0.500,0.5,False,0,0.000108,197.12455308,197.12455308
43,1,,quantum,precond_pen=0.500,0.5,False,1,0.005751,191.86005551,191.86005551
43,1,,quantum,precond_pen=0.500,0.5,False,2,0.006164,190.12915366,190.12915366
43,1,,quantum,precond_pen=0.500,0.5,False,3,0.006721,183.48962546,183.48962546
43,1,,quantum,precond_pen=0.500,0.5,False,4,0.007398,166.26714621,166.26714621
43,1,,quantum,precond_pen=0.700,0.7,False,0,0.000107,197.12455308,197.12455308
43,1,,quantum,precond_pen=0.700,0.7,False,1,0.005963,192.55884471,192.55884471
43,1,,quantum,precond_pen=0.700,0.7,False,2,0.006676,166.26714621,166.26714621
43,1,,quantum,precond_pen=0.800,0.8,False,0,0.000115,197.12455308,197.12455308
43,1,,quantum,precond_pen=0.800,0.8,False,1,0.006618,188.37954137,188.37954137
43,1,,quantum,precond_pen=0.800,0.8,False,2,0.007255,166.26714621,166.26714621
43,1,,quantum,precond_pen=1.000,1.0,False,0,0.000113,197.12455308,197.12455308
43,1,,quantum,precond_pen=1.000,1.0,False,1,0.006007,190.85757976,190.85757976
43,1,,quantum,precond_pen=1.000,1.0,False,2,0.006527,166.26714621,166.26714621
44,1,,quantum,baseline,,False,0,0.000117,189.84504944,189.84504944
44,1,,quantum,baseline,,False,1,0.004744,166.1887532,166.1887532
44,1,,quantum,baseline,,False,2,0.10875,161.22225038,161.22225038
44,1,,quantum,precond_pen=0.200,0.2,False,0,0.000121,189.84504944,189.84504944
44,1,,quantum,precond_pen=0.200,0.2,False,1,0.005528,184.2309087,184.2309087
44,1,,quantum,precond_pen=0.200,0.2,False,2,0.005867,186.77538368,184.2309087
44,1,,quantum,precond_pen=0.200,0.2,False,3,0.00658,161.99992301,161.99992301
44,1,,quantum,precond_pen=0.300,0.3,False,0,0.000116,189.84504944,189.84504944
44,1,,quantum,precond_pen=0.300,0.3,False,1,0.005098,188.44936118,188.44936118
44,1,,quantum,precond_pen=0.300,0.3,False,2,0.005436,186.77538368,186.77538368
44,1,,quantum,precond_pen=0.300,0.3,False,3,0.005993,177.59655072,177.59655072
44,1,,quantum,precond_pen=0.300,0.3,False,4,0.006751,161.99992301,161.99992301
44,1,,quantum,precond_pen=0.400,0.4,False,0,0.000114,189.84504944,189.84504944
44,1,,quantum,precond_pen=0.400,0.4,False,1,0.00542,177.28198393,177.28198393
44,1,,quantum,precond_pen=0.400,0.4,False,2,0.006672,163.72841849,163.72841849
44,1,,quantum,precond_pen=0.400,0.4,False,3,0.033928,161.64772345,161.64772345
44,1,,quantum,precond_pen=0.400,0.4,False,4,0.034058,161.22225038,161.22225038
44,1,,quantum,precond_pen=0.500,0.5,False,0,0.000113,189.84504944,189.84504944
44,1,,quantum,precond_pen=0.500,0.5,False,1,0.005484,173.02315868,173.02315868
44,1,,quantum,precond_pen=0.500,0.5,False,2,0.00674,161.22225038,161.22225038
44,1,,quantum,precond_pen=0.700,0.7,False,0,0.000139,189.84504944,189.84504944
44,1,,quantum,precond_pen=0.700,0.7,False,1,0.005471,186.79419035,186.79419035
44,1,,quantum,precond_pen=0.700,0.7,False,2,0.005796,186.77538368,186.77538368
44,1,,quantum,precond_pen=0.700,0.7,False,3,0.006117,180.16012772,180.16012772
44,1,,quantum,precond_pen=0.700,0.7,False,4,0.006669,161.22225038,161.22225038
44,1,,quantum,precond_pen=0.800,0.8,False,0,0.00012,189.84504944,189.84504944
44,1,,quantum,precond_pen=0.800,0.8,False,1,0.006315,181.32595103,181.32595103
44,1,,quantum,precond_pen=0.800,0.8,False,2,0.006729,168.45160268,168.45160268
44,1,,quantum,precond_pen=0.800,0.8,False,3,0.025875,161.64772345,161.64772345
44,1,,quantum,precond_pen=0.800,0.8,False,4,1.064338,161.22225038,161.22225038
44,1,,quantum,precond_pen=0.800,0.8,False,5,1.359135,161.22225038,161.22225038
44,1,,quantum,precond_pen=1.000,1.0,False,0,0.00012,189.84504944,189.84504944
44,1,,quantum,precond_pen=1.000,1.0,False,1,0.006098,178.78035778,178.78035778
44,1,,quantum,precond_pen=1.000,1.0,False,2,0.006633,161.22225038,161.22225038
45,1,,quantum,baseline,,False,0,0.000109,191.72589128,191.72589128
45,1,,quantum,baseline,,False,1,0.003879,188.40957996,188.40957996
45,1,,quantum,baseline,,False,2,0.00526,167.39843631,167.39843631
45,1,,quantum,precond_pen=0.200,0.2,False,0,0.00012,191.72589128,191.72589128
45,1,,quantum,precond_pen=0.200,0.2,False,1,0.005744,186.11005793,186.11005793
45,1,,quantum,precond_pen=0.200,0.2,False,2,0.006946,167.68094751,167.68094751
45,1,,quantum,precond_pen=0.300,0.3,False,0,0.000109,191.72589128,191.72589128
45,1,,quantum,precond_pen=0.300,0.3,False,1,0.006033,189.88977328,189.88977328
45,1,,quantum,precond_pen=0.300,0.3,False,2,0.007709,167.39843631,167.39843631
45,1,,quantum,precond_pen=0.400,0.4,False,0,0.000106,191.72589128,191.72589128
45,1,,quantum,precond_pen=0.400,0.4,False,1,0.005447,186.75702073,186.75702073
45,1,,quantum,precond_pen=0.400,0.4,False,2,0.006506,183.02386565,183.02386565
45,1,,quantum,precond_pen=0.400,0.4,False,3,0.007201,167.39843631,167.39843631
45,1,,quantum,precond_pen=0.500,0.5,False,0,0.000118,191.72589128,191.72589128
45,1,,quantum,precond_pen=0.500,0.5,False,1,0.005595,187.31952485,187.31952485
45,1,,quantum,precond_pen=0.500,0.5,False,2,0.006961,168.13929938,168.13929938
45,1,,quantum,precond_pen=0.500,0.5,False,3,0.0348,167.39843631,167.39843631
45,1,,quantum,precond_pen=0.700,0.7,False,0,0.000109,191.72589128,191.72589128
45,1,,quantum,precond_pen=0.700,0.7,False,1,0.007041,167.39843631,167.39843631
45,1,,quantum,precond_pen=0.800,0.8,False,0,0.000114,191.72589128,191.72589128
45,1,,quantum,precond_pen=0.800,0.8,False,1,0.006769,188.6077004,188.6077004
45,1,,quantum,precond_pen=0.800,0.8,False,2,0.007244,167.39843631,167.39843631
45,1,,quantum,precond_pen=1.000,1.0,False,0,0.000111,191.72589128,191.72589128
45,1,,quantum,precond_pen=1.000,1.0,False,1,0.006729,167.39843631,167.39843631
46,1,,quantum,baseline,,False,0,0.00012,176.15312436,176.15312436
46,1,,quantum,baseline,,False,1,0.004439,175.66128181,175.66128181
46,1,,quantum,baseline,,False,2,0.004782,175.16665751,175.16665751
46,1,,quantum,baseline,,False,3,0.005462,157.11188937,157.11188937
46,1,,quantum,precond_pen=0.200,0.2,False,0,0.000123,176.15312436,176.15312436
46,1,,quantum,precond_pen=0.200,0.2,False,1,0.005214,176.80247304,176.15312436
46,1,,quantum,precond_pen=0.200,0.2,False,2,0.005546,175.16665751,175.16665751
46,1,,quantum,precond_pen=0.200,0.2,False,3,0.005946,174.78096735,174.78096735
46,1,,quantum,precond_pen=0.200,0.2,False,4,0.006568,157.11188937,157.11188937
46,1,,quantum,precond_pen=0.300,0.3,False,0,0.000113,176.15312436,176.15312436
46,1,,quantum,precond_pen=0.300,0.3,False,1,0.005096,172.20115371,172.20115371
46,1,,quantum,precond_pen=0.300,0.3,False,2,0.005722,157.38518433,157.38518433
46,1,,quantum,precond_pen=0.300,0.3,False,3,0.038995,157.11188937,157.11188937
46,1,,quantum,precond_pen=0.400,0.4,False,0,0.000114,176.15312436,176.15312436
46,1,,quantum,precond_pen=0.400,0.4,False,1,0.005072,177.49594002,176.15312436
46,1,,quantum,precond_pen=0.400,0.4,False,2,0.005402,175.16665751,175.16665751
46,1,,quantum,precond_pen=0.400,0.4,False,3,0.005746,170.59151819,170.59151819
46,1,,quantum,precond_pen=0.400,0.4,False,4,0.006361,157.38518433,157.38518433
46,1,,quantum,precond_pen=0.400,0.4,False,5,0.295354,157.11188937,157.11188937
46,1,,quantum,precond_pen=0.400,0.4,False,6,0.297133,157.11188937,157.11188937
46,1,,quantum,precond_pen=0.500,0.5,False,0,0.000121,176.15312436,176.15312436
46,1,,quantum,precond_pen=0.500,0.5,False,1,0.00571,174.05204629,174.05204629
46,1,,quantum,precond_pen=0.500,0.5,False,2,0.006219,157.11188937,157.11188937
46,1,,quantum,precond_pen=0.700,0.7,False,0,0.000126,176.15312436,176.15312436
46,1,,quantum,precond_pen=0.700,0.7,False,1,0.006189,174.72869527,174.72869527
46,1,,quantum,precond_pen=0.700,0.7,False,2,0.006789,157.38518433,157.38518433
46,1,,quantum,precond_pen=0.700,0.7,False,3,0.031252,157.11188937,157.11188937
46,1,,quantum,precond_pen=0.800,0.8,False,0,0.000177,176.15312436,176.15312436
46,1,,quantum,precond_pen=0.800,0.8,False,1,0.006095,170.16170783,170.16170783
46,1,,quantum,precond_pen=0.800,0.8,False,2,0.006625,157.11188937,157.11188937
46,1,,quantum,precond_pen=1.000,1.0,False,0,0.000142,176.15312436,176.15312436
46,1,,quantum,precond_pen=1.000,1.0,False,1,0.005935,174.48765827,174.48765827
46,1,,quantum,precond_pen=1.000,1.0,False,2,0.006542,157.38518433,157.38518433
46,1,,quantum,precond_pen=1.000,1.0,False,3,0.024913,157.11188937,157.11188937
47,1,,quantum,baseline,,False,0,0.000122,189.77411453,189.77411453
47,1,,quantum,baseline,,False,1,0.00478,172.70389659,172.70389659
47,1,,quantum,baseline,,False,2,0.108789,170.0451923,170.0451923
47,1,,quantum,precond_pen=0.200,0.2,False,0,0.000123,189.77411453,189.77411453
47,1,,quantum,precond_pen=0.200,0.2,False,1,0.005534,186.90564961,186.90564961
47,1,,quantum,precond_pen=0.200,0.2,False,2,0.006106,184.51447963,184.51447963
47,1,,quantum,precond_pen=0.200,0.2,False,3,0.006809,172.70389659,172.70389659
47,1,,quantum,precond_pen=0.200,0.2,False,4,0.040828,171.13644384,171.13644384
47,1,,quantum,precond_pen=0.300,0.3,False,0,0.000124,189.77411453,189.77411453
47,1,,quantum,precond_pen=0.300,0.3,False,1,0.005021,188.82176722,188.82176722
47,1,,quantum,precond_pen=0.300,0.3,False,2,0.005357,186.9360386,186.9360386
47,1,,quantum,precond_pen=0.300,0.3,False,3,0.006224,173.77301702,173.77301702
47,1,,quantum,precond_pen=0.300,0.3,False,4,0.034887,172.70389659,172.70389659
47,1,,quantum,precond_pen=0.300,0.3,False,5,0.035013,170.0451923,170.0451923
47,1,,quantum,precond_pen=0.400,0.4,False,0,0.000117,189.77411453,189.77411453
47,1,,quantum,precond_pen=0.400,0.4,False,1,0.005596,189.08000145,189.08000145
47,1,,quantum,precond_pen=0.400,0.4,False,2,0.00593,184.51447963,184.51447963
47,1,,quantum,precond_pen=0.400,0.4,False,3,0.006846,173.77301702,173.77301702
47,1,,quantum,precond_pen=0.400,0.4,False,4,0.036495,170.0451923,170.0451923
47,1,,quantum,precond_pen=0.500,0.5,False,0,0.000117,189.77411453,189.77411453
47,1,,quantum,precond_pen=0.500,0.5,False,1,0.005459,184.89658197,184.89658197
47,1,,quantum,precond_pen=0.500,0.5,False,2,0.005928,182.83440082,182.83440082
47,1,,quantum,precond_pen=0.500,0.5,False,3,0.006847,173.77301702,173.77301702
47,1,,quantum,precond_pen=0.500,0.5,False,4,0.03488,172.70389659,172.70389659
47,1,,quantum,precond_pen=0.500,0.5,False,5,0.41373,172.72505932,172.70389659
47,1,,quantum,precond_pen=0.500,0.5,False,6,0.55838,171.13644384,171.13644384
47,1,,quantum,precond_pen=0.500,0.5,False,7,0.558524,170.0451923,170.0451923
47,1,,quantum,precond_pen=0.500,0.5,False,8,0.559042,170.0451923,170.0451923
47,1,,quantum,precond_pen=0.700,0.7,False,0,0.000157,189.77411453,189.77411453
47,1,,quantum,precond_pen=0.700,0.7,False,1,0.00615,188.84675667,188.84675667
47,1,,quantum,precond_pen=0.700,0.7,False,2,0.006603,173.77301702,173.77301702
47,1,,quantum,precond_pen=0.700,0.7,False,3,0.031473,171.13644384,171.13644384
47,1,,quantum,precond_pen=0.700,0.7,False,4,0.74197,170.0451923,170.0451923
47,1,,quantum,precond_pen=0.700,0.7,False,5,1.061795,170.0451923,170.0451923
47,1,,quantum,precond_pen=0.800,0.8,False,0,0.000116,189.77411453,189.77411453
47,1,,quantum,precond_pen=0.800,0.8,False,1,0.006056,189.09468937,189.09468937
47,1,,quantum,precond_pen=0.800,0.8,False,2,0.006585,171.13644384,171.13644384
47,1,,quantum,precond_pen=0.800,0.8,False,3,0.028111,170.0451923,170.0451923
47,1,,quantum,precond_pen=1.000,1.0,False,0,0.000123,189.77411453,189.77411453
47,1,,quantum,precond_pen=1.000,1.0,False,1,0.006738,172.70389659,172.70389659
47,1,,quantum,precond_pen=1.000,1.0,False,2,0.537925,172.6421468,172.6421468
47,1,,quantum,precond_pen=1.000,1.0,False,3,0.538046,170.0451923,170.0451923
47,1,,quantum,precond_pen=1.000,1.0,False,4,2.259788,170.0451923,170.0451923
48,1,,quantum,baseline,,False,0,0.000117,183.97429537,183.97429537
48,1,,quantum,baseline,,False,1,0.003962,181.49585972,181.49585972
48,1,,quantum,baseline,,False,2,0.005177,169.15060624,169.15060624
48,1,,quantum,precond_pen=0.200,0.2,False,0,0.000123,183.97429537,183.97429537
48,1,,quantum,precond_pen=0.200,0.2,False,1,0.005603,183.01073049,183.01073049
48,1,,quantum,precond_pen=0.200,0.2,False,2,0.006302,181.63697914,181.63697914
48,1,,quantum,precond_pen=0.200,0.2,False,3,0.007102,169.94405881,169.94405881
48,1,,quantum,precond_pen=0.300,0.3,False,0,0.000117,183.97429537,183.97429537
48,1,,quantum,precond_pen=0.300,0.3,False,1,0.004815,182.01303411,182.01303411
48,1,,quantum,precond_pen=0.300,0.3,False,2,0.005242,181.63697914,181.63697914
48,1,,quantum,precond_pen=0.300,0.3,False,3,0.006131,169.94405881,169.94405881
48,1,,quantum,precond_pen=0.400,0.4,False,0,0.000118,183.97429537,183.97429537
48,1,,quantum,precond_pen=0.400,0.4,False,1,0.005963,173.21255805,173.21255805
48,1,,quantum,precond_pen=0.400,0.4,False,2,0.232654,170.75064816,170.75064816
48,1,,quantum,precond_pen=0.400,0.4,False,3,0.236367,170.40185606,170.40185606
48,1,,quantum,precond_pen=0.400,0.4,False,4,0.289214,169.66039868,169.66039868
48,1,,quantum,precond_pen=0.400,0.4,False,5,0.29603,169.94405881,169.66039868
48,1,,quantum,precond_pen=0.400,0.4,False,6,0.29635,169.73768898,169.66039868
48,1,,quantum,precond_pen=0.400,0.4,False,7,0.299298,169.73768898,169.66039868
48,1,,quantum,precond_pen=0.500,0.5,False,0,0.000115,183.97429537,183.97429537
48,1,,quantum,precond_pen=0.500,0.5,False,1,0.006409,173.21255805,173.21255805
48,1,,quantum,precond_pen=0.500,0.5,False,2,0.417675,169.66039868,169.66039868
48,1,,quantum,precond_pen=0.500,0.5,False,3,0.422576,169.15060624,169.15060624
48,1,,quantum,precond_pen=0.500,0.5,False,4,0.424956,169.39954655,169.15060624
48,1,,quantum,precond_pen=0.500,0.5,False,5,0.425059,169.73768898,169.15060624
48,1,,quantum,precond_pen=0.500,0.5,False,6,0.425564,169.73768898,169.15060624
48,1,,quantum,precond_pen=0.700,0.7,False,0,0.000116,183.97429537,183.97429537
48,1,,quantum,precond_pen=0.700,0.7,False,1,0.006283,172.9327147,172.9327147
48,1,,quantum,precond_pen=0.700,0.7,False,2,0.793436,169.66039868,169.66039868
48,1,,quantum,precond_pen=0.700,0.7,False,3,0.793612,169.73768898,169.66039868
48,1,,quantum,precond_pen=0.700,0.7,False,4,0.966879,169.15060624,169.15060624
48,1,,quantum,precond_pen=0.800,0.8,False,0,0.000123,183.97429537,183.97429537
48,1,,quantum,precond_pen=0.800,0.8,False,1,0.006672,172.9327147,172.9327147
48,1,,quantum,precond_pen=0.800,0.8,False,2,1.016697,172.49557669,172.49557669
48,1,,quantum,precond_pen=0.800,0.8,False,3,1.084272,172.30019292,172.30019292
48,1,,quantum,precond_pen=0.800,0.8,False,4,1.176472,169.68958752,169.68958752
48,1,,quantum,precond_pen=0.800,0.8,False,5,1.23528,169.73768898,169.68958752
48,1,,quantum,precond_pen=0.800,0.8,False,6,1.264188,169.15060624,169.15060624
48,1,,quantum,precond_pen=1.000,1.0,False,0,0.000117,183.97429537,183.97429537
48,1,,quantum,precond_pen=1.000,1.0,False,1,0.006301,172.9327147,172.9327147
48,1,,quantum,precond_pen=1.000,1.0,False,2,1.060595,170.58531067,170.58531067
48,1,,quantum,precond_pen=1.000,1.0,False,3,1.120126,170.27537789,170.27537789
48,1,,quantum,precond_pen=1.000,1.0,False,4,1.175356,169.73768898,169.73768898
48,1,,quantum,precond_pen=1.000,1.0,False,5,1.640658,169.39954655,169.39954655
48,1,,quantum,precond_pen=1.000,1.0,False,6,1.815284,169.15060624,169.15060624
48,1,,quantum,precond_pen=1.000,1.0,False,7,2.178867,169.15060624,169.15060624
49,1,,quantum,baseline,,False,0,0.000115,204.81576048,204.81576048
49,1,,quantum,baseline,,False,1,0.003926,192.47743654,192.47743654
49,1,,quantum,baseline,,False,2,0.00444,191.51811648,191.51811648
49,1,,quantum,baseline,,False,3,0.005092,173.61238808,173.61238808
49,1,,quantum,baseline,,False,4,0.108436,169.89779924,169.89779924
49,1,,quantum,baseline,,False,5,5.009425,168.78779037,168.78779037
49,1,,quantum,precond_pen=0.200,0.2,False,0,0.000122,204.81576048,204.81576048
49,1,,quantum,precond_pen=0.200,0.2,False,1,0.006321,192.50114906,192.50114906
49,1,,quantum,precond_pen=0.200,0.2,False,2,0.007086,188.52849739,188.52849739
49,1,,quantum,precond_pen=0.200,0.2,False,3,0.007716,168.78779037,168.78779037
49,1,,quantum,precond_pen=0.300,0.3,False,0,0.000107,204.81576048,204.81576048
49,1,,quantum,precond_pen=0.300,0.3,False,1,0.00511,185.99606293,185.99606293
49,1,,quantum,precond_pen=0.300,0.3,False,2,0.006292,184.34518558,184.34518558
49,1,,quantum,precond_pen=0.300,0.3,False,3,0.006968,168.78779037,168.78779037
49,1,,quantum,precond_pen=0.400,0.4,False,0,0.000106,204.81576048,204.81576048
49,1,,quantum,precond_pen=0.400,0.4,False,1,0.005275,189.88109946,189.88109946
49,1,,quantum,precond_pen=0.400,0.4,False,2,0.005993,188.52849739,188.52849739
49,1,,quantum,precond_pen=0.400,0.4,False,3,0.00649,188.738248,188.52849739
49,1,,quantum,precond_pen=0.400,0.4,False,4,0.007003,175.23390483,175.23390483
49,1,,quantum,precond_pen=0.400,0.4,False,5,0.034417,173.83498733,173.83498733
49,1,,quantum,precond_pen=0.400,0.4,False,6,0.034546,173.61238808,173.61238808
49,1,,quantum,precond_pen=0.400,0.4,False,7,0.03465,173.15348511,173.15348511
49,1,,quantum,precond_pen=0.400,0.4,False,8,0.119918,172.52724897,172.52724897
49,1,,quantum,precond_pen=0.400,0.4,False,9,0.124751,169.89779924,169.89779924
49,1,,quantum,precond_pen=0.400,0.4,False,10,0.341165,168.78779037,168.78779037
49,1,,quantum,precond_pen=0.400,0.4,False,11,0.341528,168.78779037,168.78779037
49,1,,quantum,precond_pen=0.500,0.5,False,0,0.000115,204.81576048,204.81576048
49,1,,quantum,precond_pen=0.500,0.5,False,1,0.005932,182.59220642,182.59220642
49,1,,quantum,precond_pen=0.500,0.5,False,2,0.007034,173.61238808,173.61238808
49,1,,quantum,precond_pen=0.500,0.5,False,3,0.035604,173.15348511,173.15348511
49,1,,quantum,precond_pen=0.500,0.5,False,4,0.451802,172.53406078,172.53406078
49,1,,quantum,precond_pen=0.500,0.5,False,5,0.451919,171.99124917,171.99124917
49,1,,quantum,precond_pen=0.500,0.5,False,6,0.610185,168.78779037,168.78779037
49,1,,quantum,precond_pen=0.500,0.5,False,7,0.61075,168.78779037,168.78779037
49,1,,quantum,precond_pen=0.700,0.7,False,0,0.000116,204.81576048,204.81576048
49,1,,quantum,precond_pen=0.700,0.7,False,1,0.006262,187.17719281,187.17719281
49,1,,quantum,precond_pen=0.700,0.7,False,2,0.007688,169.89779924,169.89779924
49,1,,quantum,precond_pen=0.700,0.7,False,3,1.012744,168.78779037,168.78779037
49,1,,quantum,precond_pen=0.700,0.7,False,4,1.390547,168.78779037,168.78779037
49,1,,quantum,precond_pen=0.800,0.8,False,0,0.000112,204.81576048,204.81576048
49,1,,quantum,precond_pen=0.800,0.8,False,1,0.005592,189.15053906,189.15053906
49,1,,quantum,precond_pen=0.800,0.8,False,2,0.006169,188.52849739,188.52849739
49,1,,quantum,precond_pen=0.800,0.8,False,3,0.006787,179.35986794,179.35986794
49,1,,quantum,precond_pen=0.800,0.8,False,4,0.024063,173.5998805,173.5998805
49,1,,quantum,precond_pen=0.800,0.8,False,5,0.026341,169.89779924,169.89779924
49,1,,quantum,precond_pen=0.800,0.8,False,6,1.088569,168.78779037,168.78779037
49,1,,quantum,precond_pen=0.800,0.8,False,7,1.846244,168.78779037,168.78779037
49,1,,quantum,precond_pen=1.000,1.0,False,0,0.00015,204.81576048,204.81576048
49,1,,quantum,precond_pen=1.000,1.0,False,1,0.005741,194.54068758,194.54068758
49,1,,quantum,precond_pen=1.000,1.0,False,2,0.006145,172.53406078,172.53406078
49,1,,quantum,precond_pen=1.000,1.0,False,3,0.023862,168.78779037,168.78779037
