name,n,objective_model,objective_baseline,penalty,mip_status,runtime_sec,time_to_best_sec,mip_gap,x_bits,z_bits,sum_z,presolve,trajectory,seed,preconditioner_family,layers,sweeps,data_root
baseline,28,176.9127493817959,176.91274938179572,,2,2.7128679752349854,0.011337041854858398,0.0,0001110000111110010101100110,---+++----+++++--+-+-++--++-,0,True,"[[0.00018, 216.86669539], [0.008753, 209.50001618], [0.010278, 208.20871177], [0.0107, 202.70027902], [0.011337, 176.91274938]]",0,quantum,3,,/local/scratch/a/rames102/Gurobi_QP/one_equality/complete_random
precond_pen=0.200,28,-28.764183384417095,177.5428095635158,0.2,2,0.2448740005493164,0.008297920227050781,0.0,0101110000011110010101100110,-+-+++-----++++--+-+-++--++-,0,True,"[[0.00012, 216.86669539], [0.00648, 211.07716205], [0.007249, 208.20871177], [0.007644, 209.92844421], [0.008298, 177.54280956]]",0,quantum,3,,/local/scratch/a/rames102/Gurobi_QP/one_equality/complete_random
precond_pen=0.300,28,-74.872195073728,177.5428095635158,0.3,2,0.04223895072937012,0.00816488265991211,0.0,1010001111100001101010011001,+-+---+++++----++-+-+--++--+,0,True,"[[0.000113, 216.86669539], [0.006811, 203.9540197], [0.008165, 177.54280956]]",0,quantum,3,,/local/scratch/a/rames102/Gurobi_QP/one_equality/complete_random
precond_pen=0.400,28,-51.52742580665401,177.5428095635158,0.4,2,0.03821611404418945,0.008015155792236328,0.0,0101110000011110010101100110,-+-+++-----++++--+-+-++--++-,0,True,"[[0.000117, 216.86669539], [0.006717, 204.87887479], [0.008015, 177.54280956]]",0,quantum,3,,/local/scratch/a/rames102/Gurobi_QP/one_equality/complete_random
precond_pen=0.500,28,-32.59964388233199,177.5428095635158,0.5,2,0.053214073181152344,0.008033037185668945,0.0,1010001111100001101010011001,+-+---+++++----++-+-+--++--+,0,True,"[[0.000109, 216.86669539], [0.006699, 192.8273461], [0.008033, 177.54280956]]",0,quantum,3,,/local/scratch/a/rames102/Gurobi_QP/one_equality/complete_random
precond_pen=0.700,28,-24.136168425307986,177.5428095635158,0.7,2,0.08865499496459961,0.008538961410522461,0.0,0101110000011110010101100110,-+-+++-----++++--+-+-++--++-,0,True,"[[0.000111, 216.86669539], [0.007013, 203.13195543], [0.007905, 196.43685145], [0.008539, 177.54280956]]",0,quantum,3,,/local/scratch/a/rames102/Gurobi_QP/one_equality/complete_random
precond_pen=0.800,28,-1.2941220767620054,183.55995751785986,0.8,2,0.37122201919555664,0.008075952529907227,0.0,1010001111000010101010111001,+-+---++++----+-+-+-+-+++--+,0,True,"[[0.00011, 216.86669539], [0.00614, 219.04065197], [0.006994, 212.89708809], [0.007414, 206.25011526], [0.008076, 183.55995752]]",0,quantum,3,,/local/scratch/a/rames102/Gurobi_QP/one_equality/complete_random
precond_pen=1.000,28,-3.3721652654340044,176.91274938179572,1.0,2,0.9439749717712402,0.00920414924621582,0.0,1110001111000001101010011001,+++---++++-----++-+-+--++--+,0,True,"[[0.000112, 216.86669539], [0.007928, 206.87571105], [0.008684, 199.82216795], [0.009204, 176.91274938]]",0,quantum,3,,/local/scratch/a/rames102/Gurobi_QP/one_equality/complete_random
baseline,28,164.34075451243604,164.3407545124361,,2,4.165608167648315,4.164646148681641,0.0,1010001101000111011001001011,+-+---++-+---+++-++--+--+-++,0,True,"[[0.000124, 189.51579027], [0.006374, 188.53795766], [0.006775, 165.80522431], [0.108765, 165.52263042], [2.622011, 164.80784601], [4.082149, 164.34075451], [4.164646, 164.34075451]]",1,quantum,3,,/local/scratch/a/rames102/Gurobi_QP/one_equality/complete_random
precond_pen=0.200,28,-24.301849751253066,164.95918571790793,0.2,2,0.39792895317077637,0.39722108840942383,0.0,0011011000001111110101000011,--++-++-----++++++-+-+----++,0,True,"[[0.000118, 189.51579027], [0.007429, 193.84588558], [0.008087, 190.25738472], [0.008432, 190.09241739], [0.009023, 167.58360451], [0.312498, 164.95918572], [0.397221, 164.95918572]]",1,quantum,3,,/local/scratch/a/rames102/Gurobi_QP/one_equality/complete_random
precond_pen=0.300,28,-34.40353759434599,164.95918571790793,0.3,2,0.20233607292175293,0.2017991542816162,0.0,1100100111110000001010111100,++--+--+++++------+-+-++++--,0,True,"[[0.000117, 189.51579027], [0.007127, 193.66471643], [0.007753, 168.82754356], [0.036603, 167.24866531], [0.201378, 164.95918572], [0.201799, 164.95918572]]",1,quantum,3,,/local/scratch/a/rames102/Gurobi_QP/one_equality/complete_random
precond_pen=0.400,28,-24.610296592026007,164.95918571790793,0.4,2,0.22026300430297852,0.03720903396606445,0.0,1100100111110000001010111100,++--+--+++++------+-+-++++--,0,True,"[[0.000119, 189.51579027], [0.007002, 183.40490356], [0.008627, 164.80784601], [0.037209, 164.95918572]]",1,quantum,3,,/local/scratch/a/rames102/Gurobi_QP/one_equality/complete_random
precond_pen=0.500,28,-18.198948329700997,164.95918571790793,0.5,2,0.21321487426757812,0.007818937301635742,0.0,0011011000001111110101000011,--++-++-----++++++-+-+----++,0,True,"[[0.000114, 189.51579027], [0.007178, 188.13777864], [0.007819, 164.95918572]]",1,quantum,3,,/local/scratch/a/rames102/Gurobi_QP/one_equality/complete_random
precond_pen=0.700,28,-15.41813040553799,164.95918571790793,0.7,2,0.2707788944244385,0.008249044418334961,0.0,1100100111110000001010111100,++--+--+++++------+-+-++++--,0,True,"[[0.000114, 189.51579027], [0.007111, 173.18023726], [0.008249, 164.95918572]]",1,quantum,3,,/local/scratch/a/rames102/Gurobi_QP/one_equality/complete_random
precond_pen=0.800,28,-7.782116089604001,164.80784600685183,0.8,2,0.5656049251556396,0.5649738311767578,0.0,1011001110000110010001010111,+-++--+++----++--+---+-+-+++,0,True,"[[0.000113, 189.51579027], [0.007466, 183.92588404], [0.008115, 164.95918572], [0.560599, 164.80784601], [0.564974, 164.80784601]]",1,quantum,3,,/local/scratch/a/rames102/Gurobi_QP/one_equality/complete_random
precond_pen=1.000,28,-3.309638656831005,164.3407545124361,1.0,2,1.578739881515503,1.5778779983520508,0.0,0101110010111000100110110100,-+-+++--+-+++---+--++-++-+--,0,True,"[[0.000117, 189.51579027], [0.008224, 178.39678054], [0.009424, 166.70475849], [0.034852, 165.02502681], [1.190784, 164.34075451], [1.577878, 164.34075451]]",1,quantum,3,,/local/scratch/a/rames102/Gurobi_QP/one_equality/complete_random
baseline,28,165.79827070364917,165.798270703649,,2,2.812974214553833,0.7141821384429932,0.0,0101001111100110101010000110,-+-+--+++++--++-+-+-+----++-,0,True,"[[0.000124, 184.10834611], [0.006876, 171.96795728], [0.472985, 171.37074414], [0.526473, 167.09271777], [0.555452, 165.84205169], [0.714182, 165.7982707]]",2,quantum,3,,/local/scratch/a/rames102/Gurobi_QP/one_equality/complete_random
precond_pen=0.200,28,-26.233203943419,165.84205169187703,0.2,2,0.3142080307006836,0.24513506889343262,0.0,1010110000111001010001111001,+-+-++----+++--+-+---++++--+,0,True,"[[0.000115, 184.10834611], [0.006376, 183.82618783], [0.007388, 191.18770578], [0.00784, 167.94246955], [0.245135, 165.84205169]]",2,quantum,3,,/local/scratch/a/rames102/Gurobi_QP/one_equality/complete_random
precond_pen=0.300,28,-43.037841481703,165.84205169187703,0.3,2,0.17814207077026367,0.008328914642333984,0.0,0101001111000110101110000110,-+-+--++++---++-+-+++----++-,0,True,"[[0.000122, 184.10834611], [0.006961, 180.53912734], [0.008329, 165.84205169]]",2,quantum,3,,/local/scratch/a/rames102/Gurobi_QP/one_equality/complete_random
precond_pen=0.400,28,-32.144081133431996,165.84205169187703,0.4,2,0.2026669979095459,0.00842595100402832,0.0,0101001111000110101110000110,-+-+--++++---++-+-+++----++-,0,True,"[[0.000113, 184.10834611], [0.006869, 179.64306253], [0.008426, 165.84205169]]",2,quantum,3,,/local/scratch/a/rames102/Gurobi_QP/one_equality/complete_random
precond_pen=0.500,28,-24.935711223292998,165.84205169187703,0.5,2,0.17025208473205566,0.008327960968017578,0.0,1010110000111001010001111001,+-+-++----+++--+-+---++++--+,0,True,"[[0.000111, 184.10834611], [0.007071, 183.34968528], [0.008328, 165.84205169]]",2,quantum,3,,/local/scratch/a/rames102/Gurobi_QP/one_equality/complete_random
precond_pen=0.700,28,-19.001024717263,165.84205169187703,0.7,2,0.17519116401672363,0.007923126220703125,0.0,1010110000111001010001111001,+-+-++----+++--+-+---++++--+,0,True,"[[0.000123, 184.10834611], [0.007441, 182.03832874], [0.007923, 165.84205169]]",2,quantum,3,,/local/scratch/a/rames102/Gurobi_QP/one_equality/complete_random
precond_pen=0.800,28,-12.750343359041988,165.84205169187703,0.8,2,0.1847550868988037,0.008649110794067383,0.0,0101001111000110101110000110,-+-+--++++---++-+-+++----++-,0,True,"[[0.000127, 184.10834611], [0.006968, 181.52940174], [0.007573, 180.70293449], [0.008649, 165.84205169]]",2,quantum,3,,/local/scratch/a/rames102/Gurobi_QP/one_equality/complete_random
precond_pen=1.000,28,-12.30147235676501,165.84205169187703,1.0,2,0.1627941131591797,0.00817418098449707,0.0,0101001111000110101110000110,-+-+--++++---++-+-+++----++-,0,True,"[[0.000112, 184.10834611], [0.008174, 165.84205169]]",2,quantum,3,,/local/scratch/a/rames102/Gurobi_QP/one_equality/complete_random
baseline,28,169.85007589582392,169.85007589582403,,2,2.3616530895233154,0.007430076599121094,0.0,1001001101010011111100101000,+--+--++-+-+--++++++--+-+---,0,True,"[[0.000113, 208.90331006], [0.006026, 203.13903248], [0.00679, 202.85982487], [0.00743, 169.8500759]]",3,quantum,3,,/local/scratch/a/rames102/Gurobi_QP/one_equality/complete_random
precond_pen=0.200,28,-33.92464592923109,169.8719339959821,0.2,2,0.24839401245117188,0.007804155349731445,0.0,0110110010101100000011110110,-++-++--+-+-++------++++-++-,0,True,"[[0.000122, 208.90331006], [0.006639, 205.33460673], [0.00709, 206.49809696], [0.007804, 169.871934]]",3,quantum,3,,/local/scratch/a/rames102/Gurobi_QP/one_equality/complete_random
precond_pen=0.300,28,-52.370771213854994,169.8719339959821,0.3,2,0.14683008193969727,0.0088958740234375,0.0,0110110010101100000011110110,-++-++--+-+-++------++++-++-,0,True,"[[0.000115, 208.90331006], [0.007184, 204.51793531], [0.007894, 206.14661023], [0.008269, 195.70630325], [0.008896, 169.871934]]",3,quantum,3,,/local/scratch/a/rames102/Gurobi_QP/one_equality/complete_random
precond_pen=0.400,28,-36.52305448791499,170.16100371295607,0.4,2,0.18187713623046875,0.00879812240600586,0.0,1001001101010011111100001100,+--+--++-+-+--++++++----++--,0,True,"[[0.000117, 208.90331006], [0.007361, 189.75932933], [0.008798, 170.16100371]]",3,quantum,3,,/local/scratch/a/rames102/Gurobi_QP/one_equality/complete_random
precond_pen=0.500,28,-27.642242345536992,170.16100371295607,0.5,2,0.2389538288116455,0.23537182807922363,0.0,0110110010101100000011110011,-++-++--+-+-++------++++--++,0,True,"[[0.000111, 208.90331006], [0.00721, 197.63824953], [0.008724, 170.16100371], [0.235372, 173.87548398]]",3,quantum,3,,/local/scratch/a/rames102/Gurobi_QP/one_equality/complete_random
precond_pen=0.700,28,-20.747027545095005,170.16100371295607,0.7,2,0.2267899513244629,0.2234189510345459,0.0,1001001101010011111100001100,+--+--++-+-+--++++++----++--,0,True,"[[0.000111, 208.90331006], [0.007345, 202.45373471], [0.00856, 186.24711841], [0.009356, 170.16100371], [0.223419, 170.91823033]]",3,quantum,3,,/local/scratch/a/rames102/Gurobi_QP/one_equality/complete_random
precond_pen=0.800,28,-18.156688077860995,170.16100371295607,0.8,2,0.23818707466125488,0.2351059913635254,0.0,0110110010101100000011110011,-++-++--+-+-++------++++--++,0,True,"[[0.000113, 208.90331006], [0.007344, 193.73676325], [0.008815, 170.16100371], [0.235106, 170.81570792]]",3,quantum,3,,/local/scratch/a/rames102/Gurobi_QP/one_equality/complete_random
precond_pen=1.000,28,-0.10649887807000004,171.32812369468797,1.0,2,0.4521760940551758,0.03695201873779297,0.0,0110110010101101000011010011,-++-++--+-+-++-+----++-+--++,0,True,"[[0.00011, 208.90331006], [0.007695, 188.09944073], [0.008141, 206.05693933], [0.00869, 200.48239651], [0.009247, 177.89569305], [0.036952, 171.32812369]]",3,quantum,3,,/local/scratch/a/rames102/Gurobi_QP/one_equality/complete_random
baseline,28,185.70475249517415,185.70475249517403,,2,4.165557861328125,4.16461181640625,0.0,1001011101011000001010111010,+--+-+++-+-++-----+-+-+++-+-,0,True,"[[0.000113, 209.69549112], [0.006081, 201.66607549], [0.007319, 188.11622948], [0.111646, 186.87216314], [0.111765, 186.34332473], [4.046504, 185.7047525], [4.164612, 185.7047525]]",4,quantum,3,,/local/scratch/a/rames102/Gurobi_QP/one_equality/complete_random
precond_pen=0.200,28,-11.50588729353099,188.95406044269401,0.2,2,0.6619491577148438,0.008101940155029297,0.0,1111010111011001001010000001,++++-+-+++-++--+--+-+------+,0,True,"[[0.000125, 209.69549112], [0.008102, 188.95406044]]",4,quantum,3,,/local/scratch/a/rames102/Gurobi_QP/one_equality/complete_random
precond_pen=0.300,28,-56.502768153825,188.91219703849225,0.3,2,0.06425690650939941,0.008955955505371094,0.0,0000101001100110110101011110,----+-+--++--++-++-+-+-++++-,0,True,"[[0.000118, 209.69549112], [0.006982, 198.03422468], [0.007739, 201.68383611], [0.008438, 201.86029386], [0.008956, 188.91219704]]",4,quantum,3,,/local/scratch/a/rames102/Gurobi_QP/one_equality/complete_random
precond_pen=0.400,28,-38.503507969114,188.91219703849225,0.4,2,0.1251969337463379,0.008795022964477539,0.0,0000101001100110110101011110,----+-+--++--++-++-+-+-++++-,0,True,"[[0.000117, 209.69549112], [0.007245, 195.43233643], [0.008795, 188.91219704]]",4,quantum,3,,/local/scratch/a/rames102/Gurobi_QP/one_equality/complete_random
precond_pen=0.500,28,-25.88953546695802,188.91219703849225,0.5,2,0.19211792945861816,0.008141040802001953,0.0,0000101001100110110101011110,----+-+--++--++-++-+-+-++++-,0,True,"[[0.000112, 209.69549112], [0.00758, 204.66519239], [0.008141, 188.91219704]]",4,quantum,3,,/local/scratch/a/rames102/Gurobi_QP/one_equality/complete_random
precond_pen=0.700,28,-18.19314749371501,186.9911903583901,0.7,2,0.23436903953552246,0.03628897666931152,0.0,1111110110010001001010100001,++++++-++--+---+--+-+-+----+,0,True,"[[0.000122, 209.69549112], [0.007671, 202.89271872], [0.008326, 185.7047525], [0.036289, 186.99119036]]",4,quantum,3,,/local/scratch/a/rames102/Gurobi_QP/one_equality/complete_random
precond_pen=0.800,28,-12.668879390908002,185.70475249517403,0.8,2,0.23479080200195312,0.2342369556427002,0.0,0110100010100111110101000101,-++-+---+-+--+++++-+-+---+-+,0,True,"[[0.00011, 209.69549112], [0.007465, 207.80570633], [0.008267, 186.34332473], [0.233897, 185.7047525], [0.234237, 185.7047525]]",4,quantum,3,,/local/scratch/a/rames102/Gurobi_QP/one_equality/complete_random
precond_pen=1.000,28,-8.915621527815999,185.70475249517403,1.0,2,0.2497560977935791,0.24915409088134766,0.0,1001011101011000001010111010,+--+-+++-+-++-----+-+-+++-+-,0,True,"[[0.000114, 209.69549112], [0.007584, 205.95399867], [0.007948, 206.71170504], [0.008323, 201.72425622], [0.008984, 186.87216314], [0.039719, 186.34332473], [0.247026, 185.7047525], [0.249154, 185.7047525]]",4,quantum,3,,/local/scratch/a/rames102/Gurobi_QP/one_equality/complete_random
baseline,28,163.0441184787851,163.0441184787851,,2,3.488018035888672,3.486968994140625,0.0,1000001110101111010001110100,+-----+++-+-++++-+---+++-+--,0,True,"[[0.000118, 189.25660748], [0.00644, 165.42289692], [0.110616, 164.94155625], [0.284978, 163.04411848], [3.486969, 163.04411848]]",5,quantum,3,,/local/scratch/a/rames102/Gurobi_QP/one_equality/complete_random
precond_pen=0.200,28,-30.030814834820994,168.96356137565687,0.2,2,0.4785120487213135,0.47756004333496094,0.0,1110000110101111110000100010,+++----++-+-++++++----+---+-,0,True,"[[0.00012, 189.25660748], [0.00751, 185.93618019], [0.008917, 167.17462139], [0.338415, 168.96356138], [0.47756, 168.96356138]]",5,quantum,3,,/local/scratch/a/rames102/Gurobi_QP/one_equality/complete_random
precond_pen=0.300,28,-39.61180851213901,163.0441184787851,0.3,2,0.2656211853027344,0.007908105850219727,0.0,0111110001010000101110001011,-+++++---+-+----+-+++---+-++,0,True,"[[0.000132, 189.25660748], [0.007447, 186.81150686], [0.007908, 163.04411848]]",5,quantum,3,,/local/scratch/a/rames102/Gurobi_QP/one_equality/complete_random
precond_pen=0.400,28,-28.075576471683988,163.0441184787851,0.4,2,0.18037700653076172,0.041860103607177734,0.0,0111110001010000101110001011,-+++++---+-+----+-+++---+-++,0,True,"[[0.000129, 189.25660748], [0.007275, 179.43554508], [0.00859, 164.63926597], [0.039835, 165.96874463], [0.04186, 163.04411848]]",5,quantum,3,,/local/scratch/a/rames102/Gurobi_QP/one_equality/complete_random
precond_pen=0.500,28,-20.426282168943,163.0441184787851,0.5,2,0.2057499885559082,0.00893712043762207,0.0,0111110001010000101110001011,-+++++---+-+----+-+++---+-++,0,True,"[[0.000126, 189.25660748], [0.007365, 186.48968308], [0.007858, 181.57045273], [0.008286, 180.91258538], [0.008937, 163.04411848]]",5,quantum,3,,/local/scratch/a/rames102/Gurobi_QP/one_equality/complete_random
precond_pen=0.700,28,-17.707699696409,163.0441184787851,0.7,2,0.30436205863952637,0.038223981857299805,0.0,0111110001010000101110001011,-+++++---+-+----+-+++---+-++,0,True,"[[0.000126, 189.25660748], [0.007163, 180.33879319], [0.008597, 166.24356999], [0.038224, 163.04411848]]",5,quantum,3,,/local/scratch/a/rames102/Gurobi_QP/one_equality/complete_random
precond_pen=0.800,28,-11.743276531459005,163.0441184787851,0.8,2,0.3958711624145508,0.03636598587036133,0.0,0111110001010000101110001011,-+++++---+-+----+-+++---+-++,0,True,"[[0.000143, 189.25660748], [0.007431, 181.30110495], [0.008346, 178.78138239], [0.008945, 164.63926597], [0.036366, 163.04411848]]",5,quantum,3,,/local/scratch/a/rames102/Gurobi_QP/one_equality/complete_random
precond_pen=1.000,28,-1.7486931515860036,163.0441184787851,1.0,2,2.52604603767395,2.5251779556274414,0.0,0111110001010000101110001011,-+++++---+-+----+-+++---+-++,0,True,"[[0.00013, 189.25660748], [0.008413, 186.89123636], [0.008914, 163.89329064], [2.033679, 163.04411848], [2.525178, 163.04411848]]",5,quantum,3,,/local/scratch/a/rames102/Gurobi_QP/one_equality/complete_random
baseline,28,171.28420630724403,171.2842063072439,,2,2.9020371437072754,0.008021116256713867,0.0,1010011001001111001101001100,+-+--++--+--++++--++-+--++--,0,True,"[[0.000133, 209.5918113], [0.006525, 206.44018163], [0.007153, 204.78281239], [0.007515, 203.07277917], [0.008021, 171.28420631]]",6,quantum,3,,/local/scratch/a/rames102/Gurobi_QP/one_equality/complete_random
precond_pen=0.200,28,-32.64592033254307,173.4877316938858,0.2,2,0.23626995086669922,0.009161949157714844,0.0,0101100010110001110010110011,-+-++---+-++---+++--+-++--++,0,True,"[[0.000142, 209.5918113], [0.007261, 203.7051743], [0.008244, 204.93489247], [0.00861, 198.85701503], [0.009162, 173.48773169]]",6,quantum,3,,/local/scratch/a/rames102/Gurobi_QP/one_equality/complete_random
precond_pen=0.300,28,-47.96659977467601,173.4877316938858,0.3,2,0.16840195655822754,0.008443117141723633,0.0,0101100010110001110010110011,-+-++---+-++---+++--+-++--++,0,True,"[[0.000127, 209.5918113], [0.007115, 206.31718065], [0.007454, 204.78281239], [0.007818, 201.95226094], [0.008443, 173.48773169]]",6,quantum,3,,/local/scratch/a/rames102/Gurobi_QP/one_equality/complete_random
precond_pen=0.400,28,-36.928614190731984,172.777646405042,0.4,2,0.2197098731994629,0.009198904037475586,0.0,1010011101000111001101001100,+-+--+++-+---+++--++-+--++--,0,True,"[[0.000128, 209.5918113], [0.007561, 197.33548534], [0.008502, 199.28100345], [0.009199, 172.77764641]]",6,quantum,3,,/local/scratch/a/rames102/Gurobi_QP/one_equality/complete_random
precond_pen=0.500,28,-27.796553657930993,171.2842063072439,0.5,2,0.3082129955291748,0.009217977523803711,0.0,0101100110110000110010110011,-+-++--++-++----++--+-++--++,0,True,"[[0.000128, 209.5918113], [0.007564, 204.48427567], [0.008578, 197.5721835], [0.009218, 171.28420631]]",6,quantum,3,,/local/scratch/a/rames102/Gurobi_QP/one_equality/complete_random
precond_pen=0.700,28,-22.238066896794003,171.2842063072439,0.7,2,0.3197798728942871,0.009484052658081055,0.0,0101100110110000110010110011,-+-++--++-++----++--+-++--++,0,True,"[[0.000132, 209.5918113], [0.007658, 200.58150261], [0.008579, 200.31713932], [0.009484, 171.28420631]]",6,quantum,3,,/local/scratch/a/rames102/Gurobi_QP/one_equality/complete_random
precond_pen=0.800,28,-19.398168862394996,171.2842063072439,0.8,2,0.3117339611053467,0.008888959884643555,0.0,1010011001001111001101001100,+-+--++--+--++++--++-+--++--,0,True,"[[0.00013, 209.5918113], [0.007343, 209.60237989], [0.007794, 206.19621866], [0.008142, 199.36779752], [0.008889, 171.28420631]]",6,quantum,3,,/local/scratch/a/rames102/Gurobi_QP/one_equality/complete_random
precond_pen=1.000,28,-0.7918283931150008,225.5921179933742,1.0,2,0.3520979881286621,0.008177995681762695,0.0,0011010011000011100111001011,--++-+--++----+++--+++--+-++,0,True,"[[0.000127, 209.5918113], [0.007544, 210.79932602], [0.008178, 225.59211799]]",6,quantum,3,,/local/scratch/a/rames102/Gurobi_QP/one_equality/complete_random
baseline,28,167.76067416360615,167.76067416360587,,2,3.506455898284912,0.006609916687011719,0.0,1111000111010000011110010001,++++---+++-+-----++++--+---+,0,True,"[[0.000134, 195.7544466], [0.00661, 167.76067416]]",7,quantum,3,,/local/scratch/a/rames102/Gurobi_QP/one_equality/complete_random
precond_pen=0.200,28,-31.570124417760013,168.58817523882374,0.2,2,0.2920651435852051,0.008037090301513672,0.0,1111001111010000011010100001,++++--++++-+-----++-+-+----+,0,True,"[[0.00014, 195.7544466], [0.007055, 196.32301573], [0.007392, 196.50118654], [0.008037, 168.58817524]]",7,quantum,3,,/local/scratch/a/rames102/Gurobi_QP/one_equality/complete_random
precond_pen=0.300,28,-52.33145791317499,168.58817523882374,0.3,2,0.06290793418884277,0.008633852005004883,0.0,0000110000101111100101011110,----++----+-+++++--+-+-++++-,0,True,"[[0.00013, 195.7544466], [0.007039, 191.9911265], [0.007461, 192.46203291], [0.007792, 190.44144677], [0.008634, 168.58817524]]",7,quantum,3,,/local/scratch/a/rames102/Gurobi_QP/one_equality/complete_random
precond_pen=0.400,28,-36.251234980811006,168.58817523882374,0.4,2,0.13994812965393066,0.007624149322509766,0.0,1111001111010000011010100001,++++--++++-+-----++-+-+----+,0,True,"[[0.000127, 195.7544466], [0.007073, 194.28501574], [0.007624, 168.58817524]]",7,quantum,3,,/local/scratch/a/rames102/Gurobi_QP/one_equality/complete_random
precond_pen=0.500,28,-25.882698260283014,168.58817523882374,0.5,2,0.11670804023742676,0.008645057678222656,0.0,0000110000101111100101011110,----++----+-+++++--+-+-++++-,0,True,"[[0.000126, 195.7544466], [0.007287, 188.90912653], [0.008645, 168.58817524]]",7,quantum,3,,/local/scratch/a/rames102/Gurobi_QP/one_equality/complete_random
precond_pen=0.700,28,-19.723577845481994,168.58817523882374,0.7,2,0.18239092826843262,0.17079877853393555,0.0,0000110000101111100101011110,----++----+-+++++--+-+-++++-,0,True,"[[0.000128, 195.7544466], [0.007533, 189.72708734], [0.008274, 167.76067416], [0.170799, 168.58817524]]",7,quantum,3,,/local/scratch/a/rames102/Gurobi_QP/one_equality/complete_random
precond_pen=0.800,28,-4.551569108970995,167.76067416360587,0.8,2,0.7609858512878418,0.00916600227355957,0.0,0000111000101111100001101110,----+++---+-+++++----++-+++-,0,True,"[[0.000149, 195.7544466], [0.007817, 190.3977267], [0.00822, 190.44144677], [0.008555, 189.42145927], [0.009166, 167.76067416]]",7,quantum,3,,/local/scratch/a/rames102/Gurobi_QP/one_equality/complete_random
precond_pen=1.000,28,-0.7105479189599998,168.58817523882374,1.0,2,0.30326104164123535,0.009346961975097656,0.0,0000110000101111100101011110,----++----+-+++++--+-+-++++-,0,True,"[[0.000138, 195.7544466], [0.007669, 192.94662866], [0.009347, 168.58817524]]",7,quantum,3,,/local/scratch/a/rames102/Gurobi_QP/one_equality/complete_random
baseline,28,162.44650091943208,162.44650091943177,,2,2.1497690677642822,0.007689952850341797,0.0,1111110000100101100111000001,++++++----+--+-++--+++-----+,0,True,"[[0.000126, 191.12426956], [0.00769, 162.44650092]]",8,quantum,3,,/local/scratch/a/rames102/Gurobi_QP/one_equality/complete_random
precond_pen=0.200,28,-38.269972291322006,163.35473011085386,0.2,2,0.2861490249633789,0.00872492790222168,0.0,1111110000101001100111000001,++++++----+-+--++--+++-----+,0,True,"[[0.000147, 191.12426956], [0.00751, 192.04937703], [0.008725, 163.35473011]]",8,quantum,3,,/local/scratch/a/rames102/Gurobi_QP/one_equality/complete_random
precond_pen=0.300,28,-52.818896019369014,163.0994474766317,0.3,2,0.12650799751281738,0.009510040283203125,0.0,1111110000101101100111000000,++++++----+-++-++--+++------,0,True,"[[0.000128, 191.12426956], [0.008143, 191.42640819], [0.00951, 163.09944748]]",8,quantum,3,,/local/scratch/a/rames102/Gurobi_QP/one_equality/complete_random
precond_pen=0.400,28,-36.211134418216986,163.35473011085386,0.4,2,0.13878512382507324,0.00826716423034668,0.0,1111110000101001100111000001,++++++----+-+--++--+++-----+,0,True,"[[0.000129, 191.12426956], [0.006882, 182.16449061], [0.008267, 163.35473011]]",8,quantum,3,,/local/scratch/a/rames102/Gurobi_QP/one_equality/complete_random
precond_pen=0.500,28,-27.661303859992003,163.35473011085386,0.5,2,0.1573789119720459,0.008706808090209961,0.0,1111110000101001100111000001,++++++----+-+--++--+++-----+,0,True,"[[0.000124, 191.12426956], [0.00729, 181.34637232], [0.008707, 163.35473011]]",8,quantum,3,,/local/scratch/a/rames102/Gurobi_QP/one_equality/complete_random
precond_pen=0.700,28,-20.49145468415399,163.35473011085386,0.7,2,0.19475007057189941,0.03712105751037598,0.0,0000001111010110011000111110,------++++-+-++--++---+++++-,0,True,"[[0.000129, 191.12426956], [0.007339, 185.05168786], [0.008524, 182.58823859], [0.009212, 166.03641942], [0.037121, 163.35473011]]",8,quantum,3,,/local/scratch/a/rames102/Gurobi_QP/one_equality/complete_random
precond_pen=0.800,28,-0.258896288291,212.68578371518586,0.8,2,0.22236204147338867,0.008491992950439453,0.0,1111100001001111110000000101,+++++----+--++++++-------+-+,0,True,"[[0.00019, 191.12426956], [0.007085, 187.66466416], [0.008492, 212.68578372]]",8,quantum,3,,/local/scratch/a/rames102/Gurobi_QP/one_equality/complete_random
precond_pen=1.000,28,-1.9076848963669946,162.44650091943177,1.0,2,1.2523751258850098,0.008350133895874023,0.0,0000001111011010011000111110,------++++-++-+--++---+++++-,0,True,"[[0.000129, 191.12426956], [0.007924, 178.57654749], [0.00835, 162.44650092]]",8,quantum,3,,/local/scratch/a/rames102/Gurobi_QP/one_equality/complete_random
baseline,28,173.9136263427929,173.91362634279312,,2,4.1267828941345215,0.11023783683776855,0.0,0010010011111110000001010111,--+--+--+++++++------+-+-+++,0,True,"[[0.000139, 207.38060405], [0.006061, 201.77391187], [0.0073, 174.57766661], [0.110238, 173.91362634]]",9,quantum,3,,/local/scratch/a/rames102/Gurobi_QP/one_equality/complete_random
precond_pen=0.200,28,-17.814387228382017,176.53755543128517,0.2,2,0.3034329414367676,0.00742793083190918,0.0,1101111100000001111110001000,++-+++++-------++++++---+---,0,True,"[[0.000131, 207.38060405], [0.007011, 203.24010272], [0.007428, 176.53755543]]",9,quantum,3,,/local/scratch/a/rames102/Gurobi_QP/one_equality/complete_random
precond_pen=0.300,28,-44.627752082074,176.53755543128517,0.3,2,0.16579198837280273,0.04045891761779785,0.0,1101111100000001111110001000,++-+++++-------++++++---+---,0,True,"[[0.000129, 207.38060405], [0.007573, 194.17191973], [0.008825, 177.31356944], [0.040459, 176.53755543]]",9,quantum,3,,/local/scratch/a/rames102/Gurobi_QP/one_equality/complete_random
precond_pen=0.400,28,-31.36066813751701,176.53755543128517,0.4,2,0.17991399765014648,0.03587603569030762,0.0,0010000011111110000001110111,--+-----+++++++------+++-+++,0,True,"[[0.000132, 207.38060405], [0.00695, 197.02956439], [0.008229, 177.01743365], [0.035876, 176.53755543]]",9,quantum,3,,/local/scratch/a/rames102/Gurobi_QP/one_equality/complete_random
precond_pen=0.500,28,-22.903295864533,176.53755543128517,0.5,2,0.22265219688415527,0.008460044860839844,0.0,1101111100000001111110001000,++-+++++-------++++++---+---,0,True,"[[0.000125, 207.38060405], [0.007213, 191.13892621], [0.00846, 176.53755543]]",9,quantum,3,,/local/scratch/a/rames102/Gurobi_QP/one_equality/complete_random
precond_pen=0.700,28,-18.059700660315002,174.727508425277,0.7,2,0.34171605110168457,0.009534120559692383,0.0,1101101100000001111110001001,++-++-++-------++++++---+--+,0,True,"[[0.000127, 207.38060405], [0.00733, 186.7992803], [0.009534, 174.72750843]]",9,quantum,3,,/local/scratch/a/rames102/Gurobi_QP/one_equality/complete_random
precond_pen=0.800,28,-15.60932662482401,174.727508425277,0.8,2,0.2572450637817383,0.009015083312988281,0.0,1101101100000001111110001001,++-++-++-------++++++---+--+,0,True,"[[0.000136, 207.38060405], [0.00767, 192.90188015], [0.009015, 174.72750843]]",9,quantum,3,,/local/scratch/a/rames102/Gurobi_QP/one_equality/complete_random
precond_pen=1.000,28,-5.6633233475749964,173.91362634279312,1.0,2,0.6403868198394775,0.009039878845214844,0.0,0010010011111110000001010111,--+--+--+++++++------+-+-+++,0,True,"[[0.000132, 207.38060405], [0.007588, 195.62647196], [0.008419, 192.90545658], [0.00904, 173.91362634]]",9,quantum,3,,/local/scratch/a/rames102/Gurobi_QP/one_equality/complete_random
baseline,28,167.41336223744622,167.41336223744608,,2,2.3754758834838867,0.007771015167236328,0.0,1000111011100011000010111100,+---+++-+++---++----+-++++--,0,True,"[[0.000131, 194.61342848], [0.006349, 191.80386798], [0.007029, 190.42471903], [0.007771, 167.41336224]]",10,quantum,3,,/local/scratch/a/rames102/Gurobi_QP/one_equality/complete_random
precond_pen=0.200,28,-30.363499848037982,167.4387554099561,0.2,2,0.2653820514678955,0.00887298583984375,0.0,1000111011100011001010101100,+---+++-+++---++--+-+-+-++--,0,True,"[[0.000139, 194.61342848], [0.006788, 195.69881902], [0.008033, 188.05919547], [0.008873, 167.43875541]]",10,quantum,3,,/local/scratch/a/rames102/Gurobi_QP/one_equality/complete_random
precond_pen=0.300,28,-53.20924905160201,167.4387554099561,0.3,2,0.1717689037322998,0.008534908294677734,0.0,1000111011100011001010101100,+---+++-+++---++--+-+-+-++--,0,True,"[[0.000131, 194.61342848], [0.007172, 180.96052284], [0.008535, 167.43875541]]",10,quantum,3,,/local/scratch/a/rames102/Gurobi_QP/one_equality/complete_random
precond_pen=0.400,28,-36.596289561666,167.4387554099561,0.4,2,0.16272902488708496,0.008869171142578125,0.0,1000111011100011001010101100,+---+++-+++---++--+-+-+-++--,0,True,"[[0.000128, 194.61342848], [0.007266, 190.78729065], [0.008869, 167.43875541]]",10,quantum,3,,/local/scratch/a/rames102/Gurobi_QP/one_equality/complete_random
precond_pen=0.500,28,-27.587183905215007,167.4387554099561,0.5,2,0.23325085639953613,0.008620023727416992,0.0,1000111011100011001010101100,+---+++-+++---++--+-+-+-++--,0,True,"[[0.000128, 194.61342848], [0.006873, 193.52369011], [0.007371, 194.50532817], [0.007717, 185.34022255], [0.00862, 167.43875541]]",10,quantum,3,,/local/scratch/a/rames102/Gurobi_QP/one_equality/complete_random
precond_pen=0.700,28,-20.407128469593005,167.4387554099561,0.7,2,0.3115971088409424,0.00905299186706543,0.0,1000111011100011001010101100,+---+++-+++---++--+-+-+-++--,0,True,"[[0.000133, 194.61342848], [0.007238, 186.82090609], [0.007964, 188.05919547], [0.009053, 167.43875541]]",10,quantum,3,,/local/scratch/a/rames102/Gurobi_QP/one_equality/complete_random
precond_pen=0.800,28,-17.858771002952004,167.4387554099561,0.8,2,0.29964709281921387,0.009608030319213867,0.0,1000111011100011001010101100,+---+++-+++---++--+-+-+-++--,0,True,"[[0.00014, 194.61342848], [0.007601, 190.14420987], [0.008206, 191.99389472], [0.008681, 190.98116704], [0.009608, 167.43875541]]",10,quantum,3,,/local/scratch/a/rames102/Gurobi_QP/one_equality/complete_random
precond_pen=1.000,28,-1.8228906736069979,223.1298073731779,1.0,2,0.5706019401550293,0.007860898971557617,0.0,1000111100110010011100110010,+---++++--++--+--+++--++--+-,0,True,"[[0.000132, 194.61342848], [0.006395, 199.05964427], [0.00712, 203.63506146], [0.007861, 223.12980737]]",10,quantum,3,,/local/scratch/a/rames102/Gurobi_QP/one_equality/complete_random
baseline,28,154.56207709474037,154.56207709473995,,2,2.7077531814575195,0.11313915252685547,0.0,1001000011101101111010110000,+--+----+++-++-++++-+-++----,0,True,"[[0.000129, 194.75035761], [0.006745, 189.18731885], [0.007121, 186.0595437], [0.007698, 158.84896493], [0.113139, 154.56207709]]",11,quantum,3,,/local/scratch/a/rames102/Gurobi_QP/one_equality/complete_random
precond_pen=0.200,28,-36.99188223209997,157.43333189534002,0.2,2,0.29842305183410645,0.008980035781860352,0.0,1001000011101101101110110000,+--+----+++-++-++-+++-++----,0,True,"[[0.000134, 194.75035761], [0.007627, 176.08560142], [0.00898, 157.4333319]]",11,quantum,3,,/local/scratch/a/rames102/Gurobi_QP/one_equality/complete_random
precond_pen=0.300,28,-45.203982776494,157.43333189534002,0.3,2,0.15685081481933594,0.008949995040893555,0.0,0110111100010010010001001111,-++-++++---+--+--+---+--++++,0,True,"[[0.00013, 194.75035761], [0.007127, 176.71296668], [0.008061, 179.76807496], [0.00895, 157.4333319]]",11,quantum,3,,/local/scratch/a/rames102/Gurobi_QP/one_equality/complete_random
precond_pen=0.400,28,-31.964084747494006,154.56207709473995,0.4,2,0.16731691360473633,0.008532047271728516,0.0,0110111100010010000101001111,-++-++++---+--+----+-+--++++,0,True,"[[0.000139, 194.75035761], [0.007189, 176.68431367], [0.008532, 154.56207709]]",11,quantum,3,,/local/scratch/a/rames102/Gurobi_QP/one_equality/complete_random
precond_pen=0.500,28,-24.61287864581501,154.56207709473995,0.5,2,0.14219212532043457,0.008541107177734375,0.0,0110111100010010000101001111,-++-++++---+--+----+-+--++++,0,True,"[[0.000146, 194.75035761], [0.007208, 176.94654273], [0.008541, 154.56207709]]",11,quantum,3,,/local/scratch/a/rames102/Gurobi_QP/one_equality/complete_random
precond_pen=0.700,28,-18.664208223557015,154.56207709473995,0.7,2,0.12422990798950195,0.00850987434387207,0.0,0110111100010010000101001111,-++-++++---+--+----+-+--++++,0,True,"[[0.000131, 194.75035761], [0.007032, 191.21138984], [0.007433, 186.0595437], [0.007776, 181.47276335], [0.00851, 154.56207709]]",11,quantum,3,,/local/scratch/a/rames102/Gurobi_QP/one_equality/complete_random
precond_pen=0.800,28,-16.189811410118985,154.56207709473995,0.8,2,0.13607406616210938,0.036180973052978516,0.0,0110111100010010000101001111,-++-++++---+--+----+-+--++++,0,True,"[[0.000132, 194.75035761], [0.007051, 169.83863006], [0.00848, 159.02085674], [0.036181, 154.56207709]]",11,quantum,3,,/local/scratch/a/rames102/Gurobi_QP/one_equality/complete_random
precond_pen=1.000,28,-4.336903740406036,157.43333189534002,1.0,2,0.3478739261627197,0.1091160774230957,0.0,1001000011101101101110110000,+--+----+++-++-++-+++-++----,0,True,"[[0.000125, 194.75035761], [0.005682, 190.67579559], [0.006074, 186.0595437], [0.00673, 159.74367808], [0.109116, 157.4333319]]",11,quantum,3,,/local/scratch/a/rames102/Gurobi_QP/one_equality/complete_random
baseline,28,171.55721592534016,171.55721592534016,,2,3.4741320610046387,0.11112117767333984,0.0,0001000011010110111110010011,---+----++-+-++-+++++--+--++,0,True,"[[0.000129, 204.11547024], [0.006227, 194.14212016], [0.007429, 193.21271304], [0.008045, 188.71403811], [0.008945, 175.41798108], [0.111121, 171.55721593]]",12,quantum,3,,/local/scratch/a/rames102/Gurobi_QP/one_equality/complete_random
precond_pen=0.200,28,-24.211569476741914,173.882317110858,0.2,2,0.30052685737609863,0.008319854736328125,0.0,1110101100101000000101111100,+++-+-++--+-+------+-+++++--,0,True,"[[0.000135, 204.11547024], [0.007788, 200.8111619], [0.00832, 173.88231711]]",12,quantum,3,,/local/scratch/a/rames102/Gurobi_QP/one_equality/complete_random
precond_pen=0.300,28,-47.963577137197,173.882317110858,0.3,2,0.13091206550598145,0.008659124374389648,0.0,0001010011010111111010000011,---+-+--++-+-++++++-+-----++,0,True,"[[0.000134, 204.11547024], [0.007294, 199.90590085], [0.00783, 197.47394281], [0.008176, 189.729642], [0.008659, 173.88231711]]",12,quantum,3,,/local/scratch/a/rames102/Gurobi_QP/one_equality/complete_random
precond_pen=0.400,28,-34.79112171607301,173.882317110858,0.4,2,0.1477360725402832,0.00834512710571289,0.0,0001010011010111111010000011,---+-+--++-+-++++++-+-----++,0,True,"[[0.00013, 204.11547024], [0.007712, 192.8947435], [0.008345, 173.88231711]]",12,quantum,3,,/local/scratch/a/rames102/Gurobi_QP/one_equality/complete_random
precond_pen=0.500,28,-25.13539438250699,173.882317110858,0.5,2,0.15387487411499023,0.008148908615112305,0.0,0001010011010111111010000011,---+-+--++-+-++++++-+-----++,0,True,"[[0.000127, 204.11547024], [0.006707, 201.99976635], [0.007192, 200.00825481], [0.007541, 194.94064554], [0.008149, 173.88231711]]",12,quantum,3,,/local/scratch/a/rames102/Gurobi_QP/one_equality/complete_random
precond_pen=0.700,28,-19.441402357317,173.882317110858,0.7,2,0.17117714881896973,0.008819103240966797,0.0,0001010011010111111010000011,---+-+--++-+-++++++-+-----++,0,True,"[[0.000138, 204.11547024], [0.007307, 193.96815226], [0.007823, 197.47394281], [0.008167, 190.05683211], [0.008819, 173.88231711]]",12,quantum,3,,/local/scratch/a/rames102/Gurobi_QP/one_equality/complete_random
precond_pen=0.800,28,-14.171864111648,171.55721592534016,0.8,2,0.31050896644592285,0.008465051651000977,0.0,1110111100101001000001101100,+++-++++--+-+--+-----++-++--,0,True,"[[0.000135, 204.11547024], [0.006879, 198.95432454], [0.007408, 197.47394281], [0.007749, 194.12272533], [0.008465, 171.55721593]]",12,quantum,3,,/local/scratch/a/rames102/Gurobi_QP/one_equality/complete_random
precond_pen=1.000,28,-12.814362955646995,171.55721592534016,1.0,2,0.30069994926452637,0.008770942687988281,0.0,0001000011010110111110010011,---+----++-+-++-+++++--+--++,0,True,"[[0.000129, 204.11547024], [0.007473, 181.70857971], [0.008771, 171.55721593]]",12,quantum,3,,/local/scratch/a/rames102/Gurobi_QP/one_equality/complete_random
baseline,28,165.52632658703897,165.5263265870391,,2,1.509032964706421,0.10959792137145996,0.0,1101001010110000010110101110,++-+--+-+-++-----+-++-+-+++-,0,True,"[[0.000129, 199.60134542], [0.006256, 195.40356133], [0.006602, 190.56281956], [0.007179, 171.24886373], [0.109477, 166.35969307], [0.109598, 165.52632659]]",13,quantum,3,,/local/scratch/a/rames102/Gurobi_QP/one_equality/complete_random
precond_pen=0.200,28,-43.28077752900997,165.5263265870391,0.2,2,0.23117899894714355,0.008877992630004883,0.0,0010110101001111101001010001,--+-++-+-+--+++++-+--+-+---+,0,True,"[[0.00013, 199.60134542], [0.007249, 205.29029131], [0.007925, 190.56281956], [0.008329, 194.3780727], [0.008878, 165.52632659]]",13,quantum,3,,/local/scratch/a/rames102/Gurobi_QP/one_equality/complete_random
precond_pen=0.300,28,-71.24330176131099,165.5263265870391,0.3,2,0.047757863998413086,0.007781982421875,0.0,1101001010110000010110101110,++-+--+-+-++-----+-++-+-+++-,0,True,"[[0.000125, 199.60134542], [0.007327, 192.59557301], [0.007782, 165.52632659]]",13,quantum,3,,/local/scratch/a/rames102/Gurobi_QP/one_equality/complete_random
precond_pen=0.400,28,-42.00428616025201,165.5263265870391,0.4,2,0.059017181396484375,0.009245157241821289,0.0,1101001010110000010110101110,++-+--+-+-++-----+-++-+-+++-,0,True,"[[0.000131, 199.60134542], [0.007869, 197.43008047], [0.008264, 190.56281956], [0.008634, 192.17332114], [0.009245, 165.52632659]]",13,quantum,3,,/local/scratch/a/rames102/Gurobi_QP/one_equality/complete_random
precond_pen=0.500,28,-28.268301452503014,165.5263265870391,0.5,2,0.0698249340057373,0.00832509994506836,0.0,1101001010110000010110101110,++-+--+-+-++-----+-++-+-+++-,0,True,"[[0.00013, 199.60134542], [0.007131, 196.23931873], [0.007509, 190.56281956], [0.007853, 187.16711746], [0.008325, 165.52632659]]",13,quantum,3,,/local/scratch/a/rames102/Gurobi_QP/one_equality/complete_random
precond_pen=0.700,28,-25.27060212369,165.5263265870391,0.7,2,0.09317898750305176,0.009586811065673828,0.0,1101001010110000010110101110,++-+--+-+-++-----+-++-+-+++-,0,True,"[[0.000133, 199.60134542], [0.00809, 185.07028997], [0.009587, 165.52632659]]",13,quantum,3,,/local/scratch/a/rames102/Gurobi_QP/one_equality/complete_random
precond_pen=0.800,28,-4.7878930597660005,165.5263265870391,0.8,2,0.5378692150115967,0.009192228317260742,0.0,0010110101001111101001010001,--+-++-+-+--+++++-+--+-+---+,0,True,"[[0.000127, 199.60134542], [0.007876, 194.03360373], [0.008229, 190.56281956], [0.008597, 189.74090399], [0.009192, 165.52632659]]",13,quantum,3,,/local/scratch/a/rames102/Gurobi_QP/one_equality/complete_random
precond_pen=1.000,28,-5.2853704425370065,165.5263265870391,1.0,2,0.32964611053466797,0.009341955184936523,0.0,1101001010110000010110101110,++-+--+-+-++-----+-++-+-+++-,0,True,"[[0.000144, 199.60134542], [0.007575, 189.04597752], [0.008591, 185.74729769], [0.009342, 165.52632659]]",13,quantum,3,,/local/scratch/a/rames102/Gurobi_QP/one_equality/complete_random
baseline,28,169.94244263236604,169.94244263236587,,2,4.217899799346924,0.1114499568939209,0.0,1111001101011100001001100100,++++--++-+-+++----+--++--+--,0,True,"[[0.000131, 191.56628962], [0.005944, 185.82713204], [0.007169, 173.2453035], [0.11145, 169.94244263]]",14,quantum,3,,/local/scratch/a/rames102/Gurobi_QP/one_equality/complete_random
precond_pen=0.200,28,-23.771599763054994,171.0818926676499,0.2,2,0.434100866317749,0.00836491584777832,0.0,1111011101011100001001000100,++++-+++-+-+++----+--+---+--,0,True,"[[0.000134, 191.56628962], [0.008365, 171.08189267]]",14,quantum,3,,/local/scratch/a/rames102/Gurobi_QP/one_equality/complete_random
precond_pen=0.300,28,-39.74625660280199,169.94244263236587,0.3,2,0.18039417266845703,0.009549140930175781,0.0,1111001101011100001001100100,++++--++-+-+++----+--++--+--,0,True,"[[0.000139, 191.56628962], [0.008212, 188.5842899], [0.009549, 169.94244263]]",14,quantum,3,,/local/scratch/a/rames102/Gurobi_QP/one_equality/complete_random
precond_pen=0.400,28,-29.59252706141899,169.94244263236587,0.4,2,0.17529582977294922,0.009258031845092773,0.0,0000110010100011110110011011,----++--+-+---++++-++--++-++,0,True,"[[0.00013, 191.56628962], [0.006984, 190.10296514], [0.008577, 185.0546279], [0.009258, 169.94244263]]",14,quantum,3,,/local/scratch/a/rames102/Gurobi_QP/one_equality/complete_random
precond_pen=0.500,28,-22.738359300459987,169.94244263236587,0.5,2,0.23894000053405762,0.23831415176391602,0.0,1111001101011100001001100100,++++--++-+-+++----+--++--+--,0,True,"[[0.000129, 191.56628962], [0.007114, 189.28404415], [0.007555, 188.22479131], [0.008214, 171.83536127], [0.237962, 169.94244263], [0.238314, 169.94244263]]",14,quantum,3,,/local/scratch/a/rames102/Gurobi_QP/one_equality/complete_random
precond_pen=0.700,28,-17.87008907024501,169.94244263236587,0.7,2,0.19812607765197754,0.19750499725341797,0.0,0000110010100011110110011011,----++--+-+---++++-++--++-++,0,True,"[[0.000129, 191.56628962], [0.007424, 189.20709718], [0.008082, 171.83536127], [0.197095, 169.94244263], [0.197505, 169.94244263]]",14,quantum,3,,/local/scratch/a/rames102/Gurobi_QP/one_equality/complete_random
precond_pen=0.800,28,-12.16925194120999,169.94244263236587,0.8,2,0.2330639362335205,0.008625984191894531,0.0,0000110010100011110110011011,----++--+-+---++++-++--++-++,0,True,"[[0.000142, 191.56628962], [0.007032, 190.65500198], [0.007473, 188.22479131], [0.00798, 183.97176409], [0.008626, 169.94244263]]",14,quantum,3,,/local/scratch/a/rames102/Gurobi_QP/one_equality/complete_random
precond_pen=1.000,28,-7.810786691350989,169.94244263236587,1.0,2,0.309812068939209,0.009365081787109375,0.0,0000110010100011110110011011,----++--+-+---++++-++--++-++,0,True,"[[0.000137, 191.56628962], [0.007539, 186.89362917], [0.007977, 188.22479131], [0.008411, 184.75962494], [0.009365, 169.94244263]]",14,quantum,3,,/local/scratch/a/rames102/Gurobi_QP/one_equality/complete_random
baseline,28,176.3499141776072,176.3499141776068,,2,3.765183925628662,0.007954120635986328,0.0,0011011100010001011110011001,--++-+++---+---+-++++--++--+,0,True,"[[0.000133, 209.20319871], [0.007337, 206.79789695], [0.007954, 176.34991418]]",15,quantum,3,,/local/scratch/a/rames102/Gurobi_QP/one_equality/complete_random
precond_pen=0.200,28,-16.25016466365996,177.7401662710748,0.2,2,0.3799290657043457,0.007966041564941406,0.0,1010011110011100001110010100,+-+--++++--+++----+++--+-+--,0,True,"[[0.000135, 209.20319871], [0.007966, 177.74016627]]",15,quantum,3,,/local/scratch/a/rames102/Gurobi_QP/one_equality/complete_random
precond_pen=0.300,28,-40.52772575133,177.7401662710748,0.3,2,0.19826483726501465,0.008852958679199219,0.0,0101100001100011110001101011,-+-++----++---++++---++-+-++,0,True,"[[0.00013, 209.20319871], [0.007324, 195.56478973], [0.008853, 177.74016627]]",15,quantum,3,,/local/scratch/a/rames102/Gurobi_QP/one_equality/complete_random
precond_pen=0.400,28,-29.412810041193993,177.084216670759,0.4,2,0.22354912757873535,0.038995981216430664,0.0,1010011110011100100110010100,+-+--++++--+++--+--++--+-+--,0,True,"[[0.000132, 209.20319871], [0.007687, 192.20161073], [0.00896, 176.78884553], [0.038996, 177.08421667]]",15,quantum,3,,/local/scratch/a/rames102/Gurobi_QP/one_equality/complete_random
precond_pen=0.500,28,-22.557883581467998,177.084216670759,0.5,2,0.22407913208007812,0.009526968002319336,0.0,0101100001100011011001101011,-+-++----++---++-++--++-+-++,0,True,"[[0.000138, 209.20319871], [0.007649, 195.22325212], [0.008837, 193.51247531], [0.009527, 177.08421667]]",15,quantum,3,,/local/scratch/a/rames102/Gurobi_QP/one_equality/complete_random
precond_pen=0.700,28,-17.318744923228003,177.084216670759,0.7,2,0.24959683418273926,0.009150981903076172,0.0,0101100001100011011001101011,-+-++----++---++-++--++-+-++,0,True,"[[0.000131, 209.20319871], [0.007702, 195.11663298], [0.009151, 177.08421667]]",15,quantum,3,,/local/scratch/a/rames102/Gurobi_QP/one_equality/complete_random
precond_pen=0.800,28,-11.996507328224002,177.084216670759,0.8,2,0.2672080993652344,0.00937509536743164,0.0,0101100001100011011001101011,-+-++----++---++-++--++-+-++,0,True,"[[0.000128, 209.20319871], [0.007456, 200.80543398], [0.008205, 199.44676999], [0.008751, 199.75636024], [0.009375, 177.08421667]]",15,quantum,3,,/local/scratch/a/rames102/Gurobi_QP/one_equality/complete_random
precond_pen=1.000,28,-3.5153596013080115,176.3499141776068,1.0,2,1.2476580142974854,0.009402036666870117,0.0,0011011100010001011110011001,--++-+++---+---+-++++--++--+,0,True,"[[0.000149, 209.20319871], [0.008594, 195.93120232], [0.009402, 176.34991418]]",15,quantum,3,,/local/scratch/a/rames102/Gurobi_QP/one_equality/complete_random
baseline,28,169.04097631270196,169.04097631270193,,2,3.076792001724243,0.1113882064819336,0.0,0011011001001101000000111111,--++-++--+--++-+------++++++,0,True,"[[0.000134, 192.74573651], [0.006903, 192.69541669], [0.007435, 174.44206604], [0.111388, 169.04097631]]",16,quantum,3,,/local/scratch/a/rames102/Gurobi_QP/one_equality/complete_random
precond_pen=0.200,28,-20.079568584507044,169.04097631270193,0.2,2,1.201951026916504,0.5282540321350098,0.0,1100100110110010111111000000,++--+--++-++--+-++++++------,0,True,"[[0.000127, 192.74573651], [0.006787, 175.76179728], [0.429001, 171.58740426], [0.528254, 169.04097631]]",16,quantum,3,,/local/scratch/a/rames102/Gurobi_QP/one_equality/complete_random
precond_pen=0.300,28,-48.51587265931799,169.04097631270193,0.3,2,0.18159985542297363,0.008962869644165039,0.0,1100100110110010111111000000,++--+--++-++--+-++++++------,0,True,"[[0.000125, 192.74573651], [0.007425, 194.34223135], [0.008399, 185.41087013], [0.008963, 169.04097631]]",16,quantum,3,,/local/scratch/a/rames102/Gurobi_QP/one_equality/complete_random
precond_pen=0.400,28,-34.20022529667199,169.04097631270193,0.4,2,0.07753610610961914,0.00897216796875,0.0,1100100110110010111111000000,++--+--++-++--+-++++++------,0,True,"[[0.000141, 192.74573651], [0.007437, 195.48119283], [0.008972, 169.04097631]]",16,quantum,3,,/local/scratch/a/rames102/Gurobi_QP/one_equality/complete_random
precond_pen=0.500,28,-24.307566165043994,169.04097631270193,0.5,2,0.08899307250976562,0.008764982223510742,0.0,0011011001001101000000111111,--++-++--+--++-+------++++++,0,True,"[[0.000122, 192.74573651], [0.007437, 192.10551516], [0.007772, 190.07874672], [0.008146, 191.57211819], [0.008765, 169.04097631]]",16,quantum,3,,/local/scratch/a/rames102/Gurobi_QP/one_equality/complete_random
precond_pen=0.700,28,-18.89581448771899,169.04097631270193,0.7,2,0.1067819595336914,0.008929967880249023,0.0,0011011001001101000000111111,--++-++--+--++-+------++++++,0,True,"[[0.000128, 192.74573651], [0.007639, 196.48467247], [0.007982, 190.07874672], [0.008322, 188.86240158], [0.00893, 169.04097631]]",16,quantum,3,,/local/scratch/a/rames102/Gurobi_QP/one_equality/complete_random
precond_pen=0.800,28,-16.174697902704004,169.04097631270193,0.8,2,0.13812494277954102,0.03881120681762695,0.0,1100100110110010111111000000,++--+--++-++--+-++++++------,0,True,"[[0.00011, 192.74573651], [0.00689, 194.409932], [0.007219, 190.07874672], [0.007558, 187.11294463], [0.008198, 173.72462864], [0.038811, 169.04097631]]",16,quantum,3,,/local/scratch/a/rames102/Gurobi_QP/one_equality/complete_random
precond_pen=1.000,28,-2.3884356391520045,193.81530366097806,1.0,2,0.2976808547973633,0.00825190544128418,0.0,0101010000001101101001111011,-+-+-+------++-++-+--++++-++,0,True,"[[0.000111, 192.74573651], [0.00691, 197.13740163], [0.008252, 193.81530366]]",16,quantum,3,,/local/scratch/a/rames102/Gurobi_QP/one_equality/complete_random
baseline,28,159.9183106165251,159.91831061652513,,2,1.9810090065002441,0.00716710090637207,0.0,0011011000000111110101101010,--++-++------+++++-+-++-+-+-,0,True,"[[0.000116, 194.19487254], [0.005772, 191.76891475], [0.006316, 191.48255754], [0.006637, 189.71912232], [0.007167, 159.91831062]]",17,quantum,3,,/local/scratch/a/rames102/Gurobi_QP/one_equality/complete_random
precond_pen=0.200,28,-36.88087234871301,160.92906705655307,0.2,2,0.31011486053466797,0.008502006530761719,0.0,1100100111011001001010010101,++--+--+++-++--+--+-+--+-+-+,0,True,"[[0.000115, 194.19487254], [0.007154, 191.61020983], [0.00792, 191.81378083], [0.008502, 160.92906706]]",17,quantum,3,,/local/scratch/a/rames102/Gurobi_QP/one_equality/complete_random
precond_pen=0.300,28,-46.478995495735,159.91831061652513,0.3,2,0.12044000625610352,0.008397102355957031,0.0,1100100111111000001010010101,++--+--++++++-----+-+--+-+-+,0,True,"[[0.000113, 194.19487254], [0.006994, 187.03782648], [0.008397, 159.91831062]]",17,quantum,3,,/local/scratch/a/rames102/Gurobi_QP/one_equality/complete_random
precond_pen=0.400,28,-33.41891869598401,159.91831061652513,0.4,2,0.12316203117370605,0.008454084396362305,0.0,0011011000000111110101101010,--++-++------+++++-+-++-+-+-,0,True,"[[0.000112, 194.19487254], [0.00699, 179.16868638], [0.007851, 182.86570504], [0.008454, 159.91831062]]",17,quantum,3,,/local/scratch/a/rames102/Gurobi_QP/one_equality/complete_random
precond_pen=0.500,28,-26.368061298707005,159.91831061652513,0.5,2,0.15265107154846191,0.04063916206359863,0.0,1100100111111000001010010101,++--+--++++++-----+-+--+-+-+,0,True,"[[0.000111, 194.19487254], [0.007018, 181.38426433], [0.007641, 161.49018576], [0.040639, 159.91831062]]",17,quantum,3,,/local/scratch/a/rames102/Gurobi_QP/one_equality/complete_random
precond_pen=0.700,28,-19.814223710782,159.91831061652513,0.7,2,0.16434311866760254,0.03755521774291992,0.0,1100100111111000001010010101,++--+--++++++-----+-+--+-+-+,0,True,"[[0.000111, 194.19487254], [0.007522, 182.32286529], [0.00816, 161.49018576], [0.037555, 159.91831062]]",17,quantum,3,,/local/scratch/a/rames102/Gurobi_QP/one_equality/complete_random
precond_pen=0.800,28,-16.834030703991008,159.91831061652513,0.8,2,0.16788721084594727,0.03936409950256348,0.0,1100100111111000001010010101,++--+--++++++-----+-+--+-+-+,0,True,"[[0.000111, 194.19487254], [0.006931, 184.68517597], [0.007432, 191.48255754], [0.008065, 177.42476354], [0.008491, 163.57256182], [0.039364, 159.91831062]]",17,quantum,3,,/local/scratch/a/rames102/Gurobi_QP/one_equality/complete_random
precond_pen=1.000,28,-5.2124571434659845,159.91831061652513,1.0,2,0.29436302185058594,0.008778810501098633,0.0,1100100111111000001010010101,++--+--++++++-----+-+--+-+-+,0,True,"[[0.000112, 194.19487254], [0.007393, 177.29427991], [0.008779, 159.91831062]]",17,quantum,3,,/local/scratch/a/rames102/Gurobi_QP/one_equality/complete_random
baseline,28,169.5975957893471,169.59759578934697,,2,5.440480947494507,5.439507007598877,0.0,1110001010101011011101000010,+++---+-+-+-+-++-+++-+----+-,0,True,"[[0.000114, 202.67107212], [0.005972, 197.38261953], [0.006296, 197.29639939], [0.007106, 170.92622292], [4.547996, 169.59759579], [5.439507, 169.59759579]]",18,quantum,3,,/local/scratch/a/rames102/Gurobi_QP/one_equality/complete_random
precond_pen=0.200,28,-21.66262356261302,171.0708254505229,0.2,2,0.35762691497802734,0.04457497596740723,0.0,1000110100011100100010111101,+---++-+---+++--+---+-++++-+,0,True,"[[0.000118, 202.67107212], [0.007256, 174.81594228], [0.044575, 171.07082545]]",18,quantum,3,,/local/scratch/a/rames102/Gurobi_QP/one_equality/complete_random
precond_pen=0.300,28,-40.74044403421501,171.0708254505229,0.3,2,0.18111801147460938,0.009286165237426758,0.0,1000110100011100100010111101,+---++-+---+++--+---+-++++-+,0,True,"[[0.000113, 202.67107212], [0.00744, 194.75001425], [0.008654, 190.56219781], [0.009286, 171.07082545]]",18,quantum,3,,/local/scratch/a/rames102/Gurobi_QP/one_equality/complete_random
precond_pen=0.400,28,-28.915535960369013,171.0708254505229,0.4,2,0.16015911102294922,0.1573779582977295,0.0,1000110100011100100010111101,+---++-+---+++--+---+-++++-+,0,True,"[[0.000114, 202.67107212], [0.007081, 191.36171156], [0.00844, 171.07082545], [0.157378, 171.07082545]]",18,quantum,3,,/local/scratch/a/rames102/Gurobi_QP/one_equality/complete_random
precond_pen=0.500,28,-21.230590166509,171.0708254505229,0.5,2,0.2073500156402588,0.039643049240112305,0.0,1000110100011100100010111101,+---++-+---+++--+---+-++++-+,0,True,"[[0.000135, 202.67107212], [0.00791, 199.83492991], [0.008296, 197.29639939], [0.008629, 197.95407163], [0.009242, 172.32361928], [0.039643, 171.07082545]]",18,quantum,3,,/local/scratch/a/rames102/Gurobi_QP/one_equality/complete_random
precond_pen=0.700,28,-16.395060115343988,171.0708254505229,0.7,2,0.19090700149536133,0.008680105209350586,0.0,1000110100011100100010111101,+---++-+---+++--+---+-++++-+,0,True,"[[0.000139, 202.67107212], [0.007226, 184.11821082], [0.00868, 171.07082545]]",18,quantum,3,,/local/scratch/a/rames102/Gurobi_QP/one_equality/complete_random
precond_pen=0.800,28,-14.170258101702013,171.0708254505229,0.8,2,0.21321797370910645,0.008665800094604492,0.0,0111001011100011011101000010,-+++--+-+++---++-+++-+----+-,0,True,"[[0.000126, 202.67107212], [0.007471, 198.64018496], [0.00784, 197.29639939], [0.008182, 189.37959964], [0.008666, 171.07082545]]",18,quantum,3,,/local/scratch/a/rames102/Gurobi_QP/one_equality/complete_random
precond_pen=1.000,28,-10.54556905797499,169.59759578934697,1.0,2,0.24739503860473633,0.035900115966796875,0.0,0001110101010100100010111101,---+++-+-+-+-+--+---+-++++-+,0,True,"[[0.000126, 202.67107212], [0.007478, 185.54491598], [0.008393, 185.26128572], [0.008914, 172.32361928], [0.0359, 169.59759579]]",18,quantum,3,,/local/scratch/a/rames102/Gurobi_QP/one_equality/complete_random
baseline,28,165.5554849501289,165.55548495012914,,2,3.4878711700439453,0.008228063583374023,0.0,1100000111111110001100001010,++-----++++++++---++----+-+-,0,True,"[[0.00013, 198.55570163], [0.006433, 195.13910364], [0.007473, 194.32478757], [0.008228, 165.55548495]]",19,quantum,3,,/local/scratch/a/rames102/Gurobi_QP/one_equality/complete_random
precond_pen=0.200,28,-32.61212827894897,165.55548495012914,0.2,2,0.36481380462646484,0.008301973342895508,0.0,0011111000000001110011110101,--+++++--------+++--++++-+-+,0,True,"[[0.00013, 198.55570163], [0.006916, 190.97847227], [0.008302, 165.55548495]]",19,quantum,3,,/local/scratch/a/rames102/Gurobi_QP/one_equality/complete_random
precond_pen=0.300,28,-53.28648670540699,165.55548495012914,0.3,2,0.16976308822631836,0.008115053176879883,0.0,1100000111111110001100001010,++-----++++++++---++----+-+-,0,True,"[[0.000131, 198.55570163], [0.007001, 180.5214023], [0.008115, 165.55548495]]",19,quantum,3,,/local/scratch/a/rames102/Gurobi_QP/one_equality/complete_random
precond_pen=0.400,28,-35.702855319651,165.55548495012914,0.4,2,0.17626404762268066,0.00806283950805664,0.0,0011111000000001110011110101,--+++++--------+++--++++-+-+,0,True,"[[0.000127, 198.55570163], [0.006654, 190.71081108], [0.008063, 165.55548495]]",19,quantum,3,,/local/scratch/a/rames102/Gurobi_QP/one_equality/complete_random
precond_pen=0.500,28,-25.163402633146994,165.55548495012914,0.5,2,0.27756285667419434,0.008105993270874023,0.0,1100000111111110001100001010,++-----++++++++---++----+-+-,0,True,"[[0.000128, 198.55570163], [0.00678, 192.81698561], [0.008106, 165.55548495]]",19,quantum,3,,/local/scratch/a/rames102/Gurobi_QP/one_equality/complete_random
precond_pen=0.700,28,-20.092234152426997,165.55548495012914,0.7,2,0.22863101959228516,0.00860595703125,0.0,0011111000000001110011110101,--+++++--------+++--++++-+-+,0,True,"[[0.000132, 198.55570163], [0.00703, 190.84846745], [0.008606, 165.55548495]]",19,quantum,3,,/local/scratch/a/rames102/Gurobi_QP/one_equality/complete_random
precond_pen=0.800,28,-17.096862889831005,165.55548495012914,0.8,2,0.28707003593444824,0.008443117141723633,0.0,0011111000000001110011110101,--+++++--------+++--++++-+-+,0,True,"[[0.000127, 198.55570163], [0.006904, 187.1031877], [0.008443, 165.55548495]]",19,quantum,3,,/local/scratch/a/rames102/Gurobi_QP/one_equality/complete_random
precond_pen=1.000,28,-4.46882730105199,165.55548495012914,1.0,2,0.7297689914703369,0.03435492515563965,0.0,1100000111111110001100001010,++-----++++++++---++----+-+-,0,True,"[[0.000128, 198.55570163], [0.007514, 190.87799733], [0.008471, 188.17104288], [0.008827, 168.76525358], [0.034355, 165.55548495]]",19,quantum,3,,/local/scratch/a/rames102/Gurobi_QP/one_equality/complete_random
baseline,28,163.97192166516905,163.97192166516888,,2,4.134338140487671,0.0073320865631103516,0.0,1110000001111110011000010110,+++------++++++--++----+-++-,0,True,"[[0.000129, 204.37596661], [0.0059, 199.85884294], [0.006637, 197.49784683], [0.007332, 163.97192167]]",20,quantum,3,,/local/scratch/a/rames102/Gurobi_QP/one_equality/complete_random
precond_pen=0.200,28,-23.48567983566103,164.27915045135907,0.2,2,0.358612060546875,0.00902104377746582,0.0,0010101101011110001100100110,--+-+-++-+-++++---++--+--++-,0,True,"[[0.000133, 204.37596661], [0.006777, 199.49348147], [0.007984, 189.10575052], [0.008429, 190.39824967], [0.009021, 164.27915045]]",20,quantum,3,,/local/scratch/a/rames102/Gurobi_QP/one_equality/complete_random
precond_pen=0.300,28,-32.699838662426004,164.1360755810248,0.3,2,0.2207200527191162,0.008414983749389648,0.0,1110100000111110011000010110,+++-+-----+++++--++----+-++-,0,True,"[[0.000134, 204.37596661], [0.007013, 182.19800556], [0.008415, 164.13607558]]",20,quantum,3,,/local/scratch/a/rames102/Gurobi_QP/one_equality/complete_random
precond_pen=0.400,28,-24.618475325224004,164.27915045135907,0.4,2,0.23032903671264648,0.037654876708984375,0.0,0010101101011110001100100110,--+-+-++-+-++++---++--+--++-,0,True,"[[0.000129, 204.37596661], [0.007003, 183.38860243], [0.008324, 164.13607558], [0.037655, 164.27915045]]",20,quantum,3,,/local/scratch/a/rames102/Gurobi_QP/one_equality/complete_random
precond_pen=0.500,28,-20.260131413798007,164.27915045135907,0.5,2,0.2456951141357422,0.24515604972839355,0.0,1101010010100001110011011001,++-+-+--+-+----+++--++-++--+,0,True,"[[0.000132, 204.37596661], [0.007354, 186.8741436], [0.008299, 187.58847216], [0.009102, 168.50077841], [0.206645, 166.96540209], [0.242495, 164.27915045], [0.245156, 164.27915045]]",20,quantum,3,,/local/scratch/a/rames102/Gurobi_QP/one_equality/complete_random
precond_pen=0.700,28,-16.06547617604099,164.27915045135907,0.7,2,0.3177828788757324,0.03859090805053711,0.0,0010101101011110001100100110,--+-+-++-+-++++---++--+--++-,0,True,"[[0.000131, 204.37596661], [0.007559, 179.83061853], [0.008995, 163.97192167], [0.038591, 164.27915045]]",20,quantum,3,,/local/scratch/a/rames102/Gurobi_QP/one_equality/complete_random
precond_pen=0.800,28,-14.01807342627601,164.27915045135907,0.8,2,0.3231661319732666,0.2767601013183594,0.0,0010101101011110001100100110,--+-+-++-+-++++---++--+--++-,0,True,"[[0.00013, 204.37596661], [0.007619, 177.13180176], [0.008913, 165.6269475], [0.034079, 163.97192167], [0.27676, 164.27915045]]",20,quantum,3,,/local/scratch/a/rames102/Gurobi_QP/one_equality/complete_random
precond_pen=1.000,28,-7.173028563142996,163.97192166516888,1.0,2,0.6529979705810547,0.035531044006347656,0.0,0001111110000001100111101001,---++++++------++--++++-+--+,0,True,"[[0.00013, 204.37596661], [0.00736, 195.64166694], [0.007963, 189.93456004], [0.008338, 185.38993178], [0.008809, 167.59003746], [0.035531, 163.97192167]]",20,quantum,3,,/local/scratch/a/rames102/Gurobi_QP/one_equality/complete_random
baseline,28,164.89426128460187,164.89426128460173,,2,2.666980028152466,0.11025786399841309,0.0,0101000111100110011011000110,-+-+---++++--++--++-++---++-,0,True,"[[0.000126, 191.00193356], [0.006908, 167.45144223], [0.110258, 164.89426128]]",21,quantum,3,,/local/scratch/a/rames102/Gurobi_QP/one_equality/complete_random
precond_pen=0.200,28,-31.31576452045705,165.02310616348382,0.2,2,0.2825138568878174,0.008677005767822266,0.0,1010111100011001100100011001,+-+-++++---++--++--+---++--+,0,True,"[[0.000134, 191.00193356], [0.007209, 189.59968031], [0.007884, 191.1099619], [0.008677, 165.02310616]]",21,quantum,3,,/local/scratch/a/rames102/Gurobi_QP/one_equality/complete_random
precond_pen=0.300,28,-45.67979042741401,165.02310616348382,0.3,2,0.1368119716644287,0.007849931716918945,0.0,1010111100011001100100011001,+-+-++++---++--++--+---++--+,0,True,"[[0.000128, 191.00193356], [0.006749, 187.81080672], [0.00711, 191.1099619], [0.00785, 165.02310616]]",21,quantum,3,,/local/scratch/a/rames102/Gurobi_QP/one_equality/complete_random
precond_pen=0.400,28,-32.86284680525701,165.02310616348382,0.4,2,0.19167208671569824,0.007862091064453125,0.0,0101000011100110011011100110,-+-+----+++--++--++-+++--++-,0,True,"[[0.00013, 191.00193356], [0.007215, 192.262507], [0.007862, 165.02310616]]",21,quantum,3,,/local/scratch/a/rames102/Gurobi_QP/one_equality/complete_random
precond_pen=0.500,28,-24.952187901966,165.02310616348382,0.5,2,0.1625669002532959,0.008704900741577148,0.0,0101000011100110011011100110,-+-+----+++--++--++-+++--++-,0,True,"[[0.000136, 191.00193356], [0.007134, 186.66479125], [0.008705, 165.02310616]]",21,quantum,3,,/local/scratch/a/rames102/Gurobi_QP/one_equality/complete_random
precond_pen=0.700,28,-19.252984015434993,165.02310616348382,0.7,2,0.185075044631958,0.17775607109069824,0.0,0101000011100110011011100110,-+-+----+++--++--++-+++--++-,0,True,"[[0.000125, 191.00193356], [0.00841, 166.2790063], [0.177756, 165.02310616]]",21,quantum,3,,/local/scratch/a/rames102/Gurobi_QP/one_equality/complete_random
precond_pen=0.800,28,-6.826561408987001,165.02310616348382,0.8,2,0.26923489570617676,0.037277936935424805,0.0,1010111100011001100100011001,+-+-++++---++--++--+---++--+,0,True,"[[0.000129, 191.00193356], [0.007642, 185.68486734], [0.008135, 167.1453807], [0.037278, 165.02310616]]",21,quantum,3,,/local/scratch/a/rames102/Gurobi_QP/one_equality/complete_random
precond_pen=1.000,28,-1.7979910991259977,165.02310616348382,1.0,2,1.826296091079712,0.0246429443359375,0.0,0101000011100110011011100110,-+-+----+++--++--++-+++--++-,0,True,"[[0.000126, 191.00193356], [0.0073, 190.70131252], [0.007718, 166.70882544], [0.024643, 165.02310616]]",21,quantum,3,,/local/scratch/a/rames102/Gurobi_QP/one_equality/complete_random
baseline,28,164.29344316580202,164.29344316580205,,2,3.9755828380584717,0.0072748661041259766,0.0,1101100111110001000010100101,++-++--+++++---+----+-+--+-+,0,True,"[[0.000135, 190.42904559], [0.00601, 186.81623225], [0.006681, 186.52636952], [0.007275, 164.29344317]]",22,quantum,3,,/local/scratch/a/rames102/Gurobi_QP/one_equality/complete_random
precond_pen=0.200,28,-24.003360670888064,166.8761691746758,0.2,2,0.4342041015625,0.008745193481445312,0.0,1101100011111001100010100100,++-++---+++++--++---+-+--+--,0,True,"[[0.000135, 190.42904559], [0.007158, 185.12881075], [0.008077, 181.04015317], [0.008745, 166.87616917]]",22,quantum,3,,/local/scratch/a/rames102/Gurobi_QP/one_equality/complete_random
precond_pen=0.300,28,-36.729603607177005,166.8761691746758,0.3,2,0.24049997329711914,0.03952503204345703,0.0,1101100011111001100010100100,++-++---+++++--++---+-+--+--,0,True,"[[0.000131, 190.42904559], [0.007079, 167.85049472], [0.008352, 168.82825183], [0.039525, 166.87616917]]",22,quantum,3,,/local/scratch/a/rames102/Gurobi_QP/one_equality/complete_random
precond_pen=0.400,28,-25.278283163483003,166.8761691746758,0.4,2,0.20298099517822266,0.20241713523864746,0.0,1101100011111001100010100100,++-++---+++++--++---+-+--+--,0,True,"[[0.000129, 190.42904559], [0.007367, 189.99343427], [0.007738, 186.53015912], [0.008247, 182.7193757], [0.008909, 166.47839985], [0.202056, 166.87616917], [0.202417, 166.87616917]]",22,quantum,3,,/local/scratch/a/rames102/Gurobi_QP/one_equality/complete_random
precond_pen=0.500,28,-19.64205412755,164.66565321971188,0.5,2,0.23614501953125,0.008750200271606445,0.0,1001100111111001100010100100,+--++--++++++--++---+-+--+--,0,True,"[[0.000127, 190.42904559], [0.007333, 184.09435203], [0.007804, 179.6417527], [0.00875, 164.66565322]]",22,quantum,3,,/local/scratch/a/rames102/Gurobi_QP/one_equality/complete_random
precond_pen=0.700,28,-16.206818587095007,164.66565321971188,0.7,2,0.3788261413574219,0.31444215774536133,0.0,1001100111111001100010100100,+--++--++++++--++---+-+--+--,0,True,"[[0.00013, 190.42904559], [0.007157, 183.39894689], [0.008051, 165.13118238], [0.037615, 164.29344317], [0.314442, 164.66565322]]",22,quantum,3,,/local/scratch/a/rames102/Gurobi_QP/one_equality/complete_random
precond_pen=0.800,28,-2.175462948947006,164.29344316580205,0.8,2,2.3326900005340576,1.6768620014190674,0.0,0010011000001110111101011010,--+--++-----+++-++++-+-++-+-,0,True,"[[0.000132, 190.42904559], [0.007892, 181.65566058], [0.008546, 164.66565322], [1.676862, 164.29344317]]",22,quantum,3,,/local/scratch/a/rames102/Gurobi_QP/one_equality/complete_random
precond_pen=1.000,28,-6.2638701563770045,164.29344316580205,1.0,2,0.5026121139526367,0.00881195068359375,0.0,1101100111110001000010100101,++-++--+++++---+----+-+--+-+,0,True,"[[0.000128, 190.42904559], [0.007533, 180.12464785], [0.007985, 179.6417527], [0.008812, 164.29344317]]",22,quantum,3,,/local/scratch/a/rames102/Gurobi_QP/one_equality/complete_random
baseline,28,173.86364117281119,173.863641172811,,2,2.327481985092163,0.11050295829772949,0.0,0010100010111110110111100000,--+-+---+-+++++-++-++++-----,0,True,"[[0.000126, 200.46559804], [0.006761, 175.26224143], [0.110503, 173.86364117]]",23,quantum,3,,/local/scratch/a/rames102/Gurobi_QP/one_equality/complete_random
precond_pen=0.200,28,-35.948685969598046,175.2622414314791,0.2,2,0.25533199310302734,0.008404970169067383,0.0,1101011101000110001000011011,++-+-+++-+---++---+----++-++,0,True,"[[0.000133, 200.46559804], [0.006691, 198.75972622], [0.007666, 198.26459476], [0.008405, 175.26224143]]",23,quantum,3,,/local/scratch/a/rames102/Gurobi_QP/one_equality/complete_random
precond_pen=0.300,28,-66.60817478690801,175.2622414314791,0.3,2,0.06317496299743652,0.008409976959228516,0.0,1101011101000110001000011011,++-+-+++-+---++---+----++-++,0,True,"[[0.000125, 200.46559804], [0.007168, 204.10319743], [0.00841, 175.26224143]]",23,quantum,3,,/local/scratch/a/rames102/Gurobi_QP/one_equality/complete_random
precond_pen=0.400,28,-47.44137441642899,175.2622414314791,0.4,2,0.07347512245178223,0.008715152740478516,0.0,1101011101000110001000011011,++-+-+++-+---++---+----++-++,0,True,"[[0.000128, 200.46559804], [0.007256, 208.03236962], [0.00779, 201.11877566], [0.008134, 195.68060327], [0.008715, 175.26224143]]",23,quantum,3,,/local/scratch/a/rames102/Gurobi_QP/one_equality/complete_random
precond_pen=0.500,28,-34.43182349212601,175.2622414314791,0.5,2,0.08301186561584473,0.04014301300048828,0.0,1101011101000110001000011011,++-+-+++-+---++---+----++-++,0,True,"[[0.000129, 200.46559804], [0.00681, 200.05414623], [0.007784, 192.69859997], [0.008419, 175.04861896], [0.040143, 175.26224143]]",23,quantum,3,,/local/scratch/a/rames102/Gurobi_QP/one_equality/complete_random
precond_pen=0.700,28,-25.45008516484799,175.2622414314791,0.7,2,0.15692687034606934,0.036038875579833984,0.0,0010100010111001110111100100,--+-+---+-+++--+++-++++--+--,0,True,"[[0.000124, 200.46559804], [0.007163, 196.69660042], [0.007933, 173.86364117], [0.036039, 175.26224143]]",23,quantum,3,,/local/scratch/a/rames102/Gurobi_QP/one_equality/complete_random
precond_pen=0.800,28,-21.756023384043004,175.2622414314791,0.8,2,0.15293622016906738,0.00842905044555664,0.0,1101011101000110001000011011,++-+-+++-+---++---+----++-++,0,True,"[[0.000138, 200.46559804], [0.007097, 196.73995269], [0.008429, 175.26224143]]",23,quantum,3,,/local/scratch/a/rames102/Gurobi_QP/one_equality/complete_random
precond_pen=1.000,28,-2.9685001412259986,178.39022133939906,1.0,2,0.334089994430542,0.006860017776489258,0.0,0010100010111011110111100000,--+-+---+-+++-++++-++++-----,0,True,"[[0.000126, 200.46559804], [0.006123, 201.87797875], [0.00686, 178.39022134]]",23,quantum,3,,/local/scratch/a/rames102/Gurobi_QP/one_equality/complete_random
baseline,28,161.80027797471996,161.8002779747203,,2,2.6661529541015625,0.7226390838623047,0.0,1010001000111001110010010111,+-+---+---+++--+++--+--+-+++,0,True,"[[0.000134, 192.24887735], [0.006002, 189.1187026], [0.006664, 186.43982918], [0.007273, 165.24783739], [0.368128, 164.87423851], [0.393336, 164.40238151], [0.722639, 161.80027797]]",24,quantum,3,,/local/scratch/a/rames102/Gurobi_QP/one_equality/complete_random
precond_pen=0.200,28,-38.35785415884795,165.48357094812644,0.2,2,0.28859400749206543,0.00793600082397461,0.0,1010000000111001110010011111,+-+-------+++--+++--+--+++++,0,True,"[[0.000133, 192.24887735], [0.006493, 183.9139201], [0.007936, 165.48357095]]",24,quantum,3,,/local/scratch/a/rames102/Gurobi_QP/one_equality/complete_random
precond_pen=0.300,28,-51.35037431002799,165.48357094812644,0.3,2,0.06368708610534668,0.008481979370117188,0.0,1010000000111001110010011111,+-+-------+++--+++--+--+++++,0,True,"[[0.000129, 192.24887735], [0.007273, 187.19660841], [0.007615, 186.43982918], [0.007981, 186.15451364], [0.008482, 165.48357095]]",24,quantum,3,,/local/scratch/a/rames102/Gurobi_QP/one_equality/complete_random
precond_pen=0.400,28,-36.22424510756499,165.48357094812644,0.4,2,0.13839197158813477,0.008758068084716797,0.0,1010000000111001110010011111,+-+-------+++--+++--+--+++++,0,True,"[[0.000132, 192.24887735], [0.007077, 177.96202397], [0.008239, 181.06136271], [0.008758, 165.48357095]]",24,quantum,3,,/local/scratch/a/rames102/Gurobi_QP/one_equality/complete_random
precond_pen=0.500,28,-26.97134598216501,165.48357094812644,0.5,2,0.18739700317382812,0.18280982971191406,0.0,1010000000111001110010011111,+-+-------+++--+++--+--+++++,0,True,"[[0.000133, 192.24887735], [0.007579, 187.06449382], [0.007943, 186.43982918], [0.008333, 189.50793327], [0.008955, 165.48357095], [0.18281, 167.76680092]]",24,quantum,3,,/local/scratch/a/rames102/Gurobi_QP/one_equality/complete_random
precond_pen=0.700,28,-21.090556650693006,161.8002779747203,0.7,2,0.1381070613861084,0.008047103881835938,0.0,1010001000111001110010010111,+-+---+---+++--+++--+--+-+++,0,True,"[[0.000129, 192.24887735], [0.007514, 188.47348005], [0.008047, 161.80027797]]",24,quantum,3,,/local/scratch/a/rames102/Gurobi_QP/one_equality/complete_random
precond_pen=0.800,28,-18.088404388667005,161.8002779747203,0.8,2,0.16238903999328613,0.008187055587768555,0.0,0101110111000110001101101000,-+-+++-+++---++---++-++-+---,0,True,"[[0.000129, 192.24887735], [0.007451, 193.30319148], [0.008187, 161.80027797]]",24,quantum,3,,/local/scratch/a/rames102/Gurobi_QP/one_equality/complete_random
precond_pen=1.000,28,-6.467403615389994,161.8002779747203,1.0,2,0.23694992065429688,0.00911402702331543,0.0,1010001000111001110010010111,+-+---+---+++--+++--+--+-+++,0,True,"[[0.000126, 192.24887735], [0.007827, 186.15267329], [0.008162, 186.43982918], [0.008501, 182.95495616], [0.009114, 161.80027797]]",24,quantum,3,,/local/scratch/a/rames102/Gurobi_QP/one_equality/complete_random
baseline,28,174.06175570802083,174.06175570802083,,2,2.441112995147705,0.007434844970703125,0.0,1101000010011110101001010110,++-+----+--++++-+-+--+-+-++-,0,True,"[[0.000131, 208.94677369], [0.00607, 205.97684233], [0.006464, 205.7188984], [0.0068, 199.72982034], [0.007435, 174.06175571]]",25,quantum,3,,/local/scratch/a/rames102/Gurobi_QP/one_equality/complete_random
precond_pen=0.200,28,-22.044836826392093,174.06175570802083,0.2,2,0.37242698669433594,0.008141040802001953,0.0,0010111101100001010110101001,--+-++++-++----+-+-++-+-+--+,0,True,"[[0.000133, 208.94677369], [0.006501, 204.77809615], [0.007293, 204.31925443], [0.008141, 174.06175571]]",25,quantum,3,,/local/scratch/a/rames102/Gurobi_QP/one_equality/complete_random
precond_pen=0.300,28,-45.810923537218,174.06175570802083,0.3,2,0.13686108589172363,0.008387088775634766,0.0,1101000010011110101001010110,++-+----+--++++-+-+--+-+-++-,0,True,"[[0.000127, 208.94677369], [0.007068, 201.40021364], [0.007462, 205.7188984], [0.007795, 206.2727487], [0.008387, 174.06175571]]",25,quantum,3,,/local/scratch/a/rames102/Gurobi_QP/one_equality/complete_random
precond_pen=0.400,28,-34.727101859068,174.06175570802083,0.4,2,0.17060613632202148,0.008481025695800781,0.0,0010111101100001010110101001,--+-++++-++----+-+-++-+-+--+,0,True,"[[0.000125, 208.94677369], [0.006961, 200.16302013], [0.007865, 202.21201787], [0.008481, 174.06175571]]",25,quantum,3,,/local/scratch/a/rames102/Gurobi_QP/one_equality/complete_random
precond_pen=0.500,28,-26.814614391283992,174.06175570802083,0.5,2,0.15496206283569336,0.008301019668579102,0.0,0010111101100001010110101001,--+-++++-++----+-+-++-+-+--+,0,True,"[[0.000131, 208.94677369], [0.00702, 198.89992184], [0.008301, 174.06175571]]",25,quantum,3,,/local/scratch/a/rames102/Gurobi_QP/one_equality/complete_random
precond_pen=0.700,28,-19.860800218194996,174.06175570802083,0.7,2,0.13921785354614258,0.008589982986450195,0.0,0010111101100001010110101001,--+-++++-++----+-+-++-+-+--+,0,True,"[[0.000134, 208.94677369], [0.007141, 195.48732835], [0.007994, 196.26759103], [0.00859, 174.06175571]]",25,quantum,3,,/local/scratch/a/rames102/Gurobi_QP/one_equality/complete_random
precond_pen=0.800,28,-2.4050508075679957,174.06175570802083,0.8,2,1.6995408535003662,0.02636098861694336,0.0,1101000010011110101001010110,++-+----+--++++-+-+--+-+-++-,0,True,"[[0.000126, 208.94677369], [0.007969, 204.15187483], [0.008573, 176.7221321], [0.026361, 174.06175571]]",25,quantum,3,,/local/scratch/a/rames102/Gurobi_QP/one_equality/complete_random
precond_pen=1.000,28,-0.8960859900860001,222.6362025874531,1.0,2,0.5893259048461914,0.008939027786254883,0.0,0000011110001010111011010110,-----++++---+-+-+++-++-+-++-,0,True,"[[0.000139, 208.94677369], [0.007574, 213.87246102], [0.008416, 219.91855576], [0.008939, 222.63620259]]",25,quantum,3,,/local/scratch/a/rames102/Gurobi_QP/one_equality/complete_random
baseline,28,176.07267351005612,176.0726735100558,,2,3.946942090988159,0.007533073425292969,0.0,0010110110101101011100010010,--+-++-++-+-++-+-+++---+--+-,0,True,"[[0.000136, 198.22858224], [0.006197, 194.16862247], [0.006843, 194.05240314], [0.007533, 176.07267351]]",26,quantum,3,,/local/scratch/a/rames102/Gurobi_QP/one_equality/complete_random
precond_pen=0.200,28,-20.73842865186495,179.40237953277605,0.2,2,0.40922999382019043,0.008519172668457031,0.0,1100001001100010000011111111,++----+--++---+-----++++++++,0,True,"[[0.000136, 198.22858224], [0.006977, 195.13718108], [0.008519, 179.40237953]]",26,quantum,3,,/local/scratch/a/rames102/Gurobi_QP/one_equality/complete_random
precond_pen=0.300,28,-48.00024633939199,179.40237953277605,0.3,2,0.07048201560974121,0.008262157440185547,0.0,0011110110011101111100000000,--++++-++--+++-+++++--------,0,True,"[[0.00013, 198.22858224], [0.006918, 204.50490357], [0.007475, 197.29459589], [0.007819, 189.73331926], [0.008262, 179.40237953]]",26,quantum,3,,/local/scratch/a/rames102/Gurobi_QP/one_equality/complete_random
precond_pen=0.400,28,-33.73170979708401,179.40237953277605,0.4,2,0.14834308624267578,0.0086212158203125,0.0,1100001001100010000011111111,++----+--++---+-----++++++++,0,True,"[[0.000128, 198.22858224], [0.007191, 198.60003452], [0.008621, 179.40237953]]",26,quantum,3,,/local/scratch/a/rames102/Gurobi_QP/one_equality/complete_random
precond_pen=0.500,28,-23.10146688851401,179.40237953277605,0.5,2,0.26663899421691895,0.007802009582519531,0.0,1100001001100010000011111111,++----+--++---+-----++++++++,0,True,"[[0.000126, 198.22858224], [0.007008, 195.05889266], [0.007802, 179.40237953]]",26,quantum,3,,/local/scratch/a/rames102/Gurobi_QP/one_equality/complete_random
precond_pen=0.700,28,-16.679882421397004,178.02449341111188,0.7,2,0.33055996894836426,0.008554935455322266,0.0,0011110110000101111100110000,--++++-++----+-+++++--++----,0,True,"[[0.000145, 198.22858224], [0.007072, 189.24829342], [0.008555, 178.02449341]]",26,quantum,3,,/local/scratch/a/rames102/Gurobi_QP/one_equality/complete_random
precond_pen=0.800,28,-14.518855803054988,178.02449341111188,0.8,2,0.31920886039733887,0.3185908794403076,0.0,0011110110000101111100110000,--++++-++----+-+++++--++----,0,True,"[[0.000131, 198.22858224], [0.007339, 193.90976198], [0.008774, 178.81989368], [0.034702, 177.6641505], [0.310392, 176.07267351], [0.31497, 178.02449341], [0.318591, 178.02449341]]",26,quantum,3,,/local/scratch/a/rames102/Gurobi_QP/one_equality/complete_random
precond_pen=1.000,28,-0.6036936555200025,229.50144857345592,1.0,2,1.407012939453125,0.031248092651367188,0.0,1011000111010010001101001110,+-++---+++-+--+---++-+--+++-,0,True,"[[0.000139, 198.22858224], [0.00823, 207.8279821], [0.008855, 217.81709948], [0.031248, 229.50144857]]",26,quantum,3,,/local/scratch/a/rames102/Gurobi_QP/one_equality/complete_random
baseline,28,177.85045641016814,177.85045641016782,,2,3.8716509342193604,0.008259057998657227,0.0,1110111100001010100101100001,+++-++++----+-+-+--+-++----+,0,True,"[[0.000142, 207.72741462], [0.007026, 205.0891845], [0.007528, 200.43544511], [0.008259, 177.85045641]]",27,quantum,3,,/local/scratch/a/rames102/Gurobi_QP/one_equality/complete_random
precond_pen=0.200,28,-19.248171347873992,183.92675871164593,0.2,2,0.4694631099700928,0.007703065872192383,0.0,0001110001110100011010110110,---+++---+++-+---++-+-++-++-,0,True,"[[0.000146, 207.72741462], [0.007145, 207.0984461], [0.007703, 183.92675871]]",27,quantum,3,,/local/scratch/a/rames102/Gurobi_QP/one_equality/complete_random
precond_pen=0.300,28,-49.038858394142984,180.98114950251178,0.3,2,0.15875720977783203,0.04087400436401367,0.0,0011010001110100011011010110,--++-+---+++-+---++-++-+-++-,0,True,"[[0.00013, 207.72741462], [0.006775, 202.47245296], [0.007387, 196.63205121], [0.008135, 177.89053851], [0.040874, 180.9811495]]",27,quantum,3,,/local/scratch/a/rames102/Gurobi_QP/one_equality/complete_random
precond_pen=0.400,28,-37.229887214170006,177.89053851007006,0.4,2,0.20774412155151367,0.008530139923095703,0.0,0111111101010100001011010000,-+++++++-+-+-+----+-++-+----,0,True,"[[0.000126, 207.72741462], [0.00714, 200.1110518], [0.007761, 196.63205121], [0.00853, 177.89053851]]",27,quantum,3,,/local/scratch/a/rames102/Gurobi_QP/one_equality/complete_random
precond_pen=0.500,28,-27.491105053424,177.89053851007006,0.5,2,0.18027400970458984,0.04056501388549805,0.0,1000000010101011110100101111,+-------+-+-+-++++-+--+-++++,0,True,"[[0.000129, 207.72741462], [0.007337, 197.16485139], [0.008775, 180.9811495], [0.040565, 177.89053851]]",27,quantum,3,,/local/scratch/a/rames102/Gurobi_QP/one_equality/complete_random
precond_pen=0.700,28,-21.01002310679601,177.89053851007006,0.7,2,0.18409395217895508,0.009099960327148438,0.0,1000000010101011110100101111,+-------+-+-+-++++-+--+-++++,0,True,"[[0.000128, 207.72741462], [0.00761, 205.98330755], [0.008113, 200.43544511], [0.00848, 203.70831651], [0.0091, 177.89053851]]",27,quantum,3,,/local/scratch/a/rames102/Gurobi_QP/one_equality/complete_random
precond_pen=0.800,28,-7.2254683374330035,177.89053851007006,0.8,2,0.2982971668243408,0.2976970672607422,0.0,1000000010101011110100101111,+-------+-+-+-++++-+--+-++++,0,True,"[[0.000134, 207.72741462], [0.007471, 194.11472615], [0.008756, 180.39234413], [0.034091, 179.43614089], [0.263771, 177.85045641], [0.297349, 177.89053851], [0.297697, 177.89053851]]",27,quantum,3,,/local/scratch/a/rames102/Gurobi_QP/one_equality/complete_random
precond_pen=1.000,28,-3.206824318295995,177.89053851007006,1.0,2,1.0749139785766602,1.0742228031158447,0.0,0111111101010100001011010000,-+++++++-+-+-+----+-++-+----,0,True,"[[0.000127, 207.72741462], [0.008402, 191.18737831], [0.008824, 179.81301231], [0.03073, 177.85045641], [0.884656, 177.89053851], [1.074223, 177.89053851]]",27,quantum,3,,/local/scratch/a/rames102/Gurobi_QP/one_equality/complete_random
baseline,28,187.1371085874458,187.13710858744588,,2,3.5420188903808594,0.007930994033813477,0.0,1011010101101111000100010001,+-++-+-+-++-++++---+---+---+,0,True,"[[0.000137, 207.32000238], [0.007931, 187.13710859]]",28,quantum,3,,/local/scratch/a/rames102/Gurobi_QP/one_equality/complete_random
precond_pen=0.200,28,-11.313318418177005,193.97458820555823,0.2,2,0.25331687927246094,0.0076410770416259766,0.0,0111001010010001010010101111,-+++--+-+--+---+-+--+-+-++++,0,True,"[[0.000146, 207.32000238], [0.006351, 203.54891032], [0.007641, 193.97458821]]",28,quantum,3,,/local/scratch/a/rames102/Gurobi_QP/one_equality/complete_random
precond_pen=0.300,28,-48.410926661562,187.81653175278632,0.3,2,0.14702606201171875,0.008218050003051758,0.0,0111101000010100010010101111,-++++-+----+-+---+--+-+-++++,0,True,"[[0.000131, 207.32000238], [0.006871, 206.76689198], [0.007736, 209.79502109], [0.008218, 187.81653175]]",28,quantum,3,,/local/scratch/a/rames102/Gurobi_QP/one_equality/complete_random
precond_pen=0.400,28,-36.28479808395901,187.81653175278632,0.4,2,0.08458089828491211,0.008568048477172852,0.0,0111101000010100010010101111,-++++-+----+-+---+--+-+-++++,0,True,"[[0.000128, 207.32000238], [0.007255, 210.96139083], [0.008568, 187.81653175]]",28,quantum,3,,/local/scratch/a/rames102/Gurobi_QP/one_equality/complete_random
precond_pen=0.500,28,-25.915704803902994,187.81653175278632,0.5,2,0.11244487762451172,0.008139848709106445,0.0,0111101000010100010010101111,-++++-+----+-+---+--+-+-++++,0,True,"[[0.00013, 207.32000238], [0.007407, 206.97034754], [0.00814, 187.81653175]]",28,quantum,3,,/local/scratch/a/rames102/Gurobi_QP/one_equality/complete_random
precond_pen=0.700,28,-19.462384315116008,187.81653175278632,0.7,2,0.13407492637634277,0.008605003356933594,0.0,0111101000010100010010101111,-++++-+----+-+---+--+-+-++++,0,True,"[[0.000132, 207.32000238], [0.007145, 199.72515253], [0.008605, 187.81653175]]",28,quantum,3,,/local/scratch/a/rames102/Gurobi_QP/one_equality/complete_random
precond_pen=0.800,28,-8.590497741542988,187.81653175278632,0.8,2,0.32468199729919434,0.00878000259399414,0.0,0111101000010100010010101111,-++++-+----+-+---+--+-+-++++,0,True,"[[0.000133, 207.32000238], [0.007417, 207.38983512], [0.00878, 187.81653175]]",28,quantum,3,,/local/scratch/a/rames102/Gurobi_QP/one_equality/complete_random
precond_pen=1.000,28,-3.121844924062998,187.23229070328824,1.0,2,1.119046926498413,0.009179115295410156,0.0,0111001000010110010010101111,-+++--+----+-++--+--+-+-++++,0,True,"[[0.000129, 207.32000238], [0.008601, 206.72535108], [0.009179, 187.2322907]]",28,quantum,3,,/local/scratch/a/rames102/Gurobi_QP/one_equality/complete_random
baseline,28,168.62712226700597,168.6271222670061,,2,2.569082021713257,2.5680761337280273,0.0,0110110111100010010100001101,-++-++-++++---+--+-+----++-+,0,True,"[[0.000143, 195.46678777], [0.00638, 191.11330259], [0.007101, 190.61231636], [0.007888, 173.13634896], [0.111737, 169.93819375], [0.111857, 169.72603227], [0.392872, 169.60871974], [0.689032, 168.62712227], [2.568076, 168.62712227]]",29,quantum,3,,/local/scratch/a/rames102/Gurobi_QP/one_equality/complete_random
precond_pen=0.200,28,-23.40999035182292,172.22156979142193,0.2,2,0.3376641273498535,0.04471898078918457,0.0,1001100010011101010011010101,+--++---+--+++-+-+--++-+-+-+,0,True,"[[0.000135, 195.46678777], [0.00673, 194.4215464], [0.007416, 191.33879658], [0.007873, 195.05402155], [0.008587, 171.85867973], [0.044719, 172.22156979]]",29,quantum,3,,/local/scratch/a/rames102/Gurobi_QP/one_equality/complete_random
precond_pen=0.300,28,-41.051843093341006,170.64968646597578,0.3,2,0.18282508850097656,0.008671998977661133,0.0,0110011101100010101110100010,-++--+++-++---+-+-+++-+---+-,0,True,"[[0.000128, 195.46678777], [0.007305, 188.4161749], [0.008672, 170.64968647]]",29,quantum,3,,/local/scratch/a/rames102/Gurobi_QP/one_equality/complete_random
precond_pen=0.400,28,-28.966671362317,170.64968646597578,0.4,2,0.2372579574584961,0.23665285110473633,0.0,1001100010011101010001011101,+--++---+--+++-+-+---+-+++-+,0,True,"[[0.00014, 195.46678777], [0.007516, 185.42752556], [0.00893, 170.98131193], [0.236164, 170.64968647], [0.236653, 170.64968647]]",29,quantum,3,,/local/scratch/a/rames102/Gurobi_QP/one_equality/complete_random
precond_pen=0.500,28,-21.490268143818987,170.64968646597578,0.5,2,0.21223902702331543,0.21162199974060059,0.0,0110011101100010101110100010,-++--+++-++---+-+-+++-+---+-,0,True,"[[0.000129, 195.46678777], [0.007582, 196.15198514], [0.008172, 169.72603227], [0.209578, 170.64968647], [0.211622, 170.64968647]]",29,quantum,3,,/local/scratch/a/rames102/Gurobi_QP/one_equality/complete_random
precond_pen=0.700,28,-16.127528050905006,169.72603227455994,0.7,2,0.2596621513366699,0.008073091506958008,0.0,1001100010011111000011010101,+--++---+--+++++----++-+-+-+,0,True,"[[0.00013, 195.46678777], [0.007436, 192.66915773], [0.008073, 169.72603227]]",29,quantum,3,,/local/scratch/a/rames102/Gurobi_QP/one_equality/complete_random
precond_pen=0.800,28,-11.37539311934799,169.72603227455994,0.8,2,0.3729739189147949,0.00884699821472168,0.0,1001100010011111000011010101,+--++---+--+++++----++-+-+-+,0,True,"[[0.000131, 195.46678777], [0.007167, 190.21188671], [0.007814, 190.61231636], [0.008161, 190.23992949], [0.008847, 169.72603227]]",29,quantum,3,,/local/scratch/a/rames102/Gurobi_QP/one_equality/complete_random
precond_pen=1.000,28,-7.206629989999991,168.6271222670061,1.0,2,0.4883878231048584,0.487717866897583,0.0,0110110111100010010100001101,-++-++-++++---+--+-+----++-+,0,True,"[[0.000147, 195.46678777], [0.008129, 188.88210039], [0.008537, 169.60871974], [0.47496, 168.62712227], [0.487718, 168.62712227]]",29,quantum,3,,/local/scratch/a/rames102/Gurobi_QP/one_equality/complete_random
baseline,28,168.62128017048306,168.62128017048295,,2,3.1030869483947754,0.007354021072387695,0.0,0101101001011001010101011010,-+-++-+--+-++--+-+-+-+-++-+-,0,True,"[[0.00013, 200.02265707], [0.005837, 200.0024408], [0.006429, 199.82576178], [0.007354, 168.62128017]]",30,quantum,3,,/local/scratch/a/rames102/Gurobi_QP/one_equality/complete_random
precond_pen=0.200,28,-21.221693979766968,169.969337734417,0.2,2,0.4104490280151367,0.04516100883483887,0.0,1010010101100011001110100110,+-+--+-+-++---++--+++-+--++-,0,True,"[[0.000131, 200.02265707], [0.006622, 200.44081926], [0.006977, 201.08130825], [0.007311, 198.7831804], [0.00775, 170.14401742], [0.045161, 169.96933773]]",30,quantum,3,,/local/scratch/a/rames102/Gurobi_QP/one_equality/complete_random
precond_pen=0.300,28,-45.853653777144,169.969337734417,0.3,2,0.1868131160736084,0.008075952529907227,0.0,0101101010011100110001011001,-+-++-+-+--+++--++---+-++--+,0,True,"[[0.000128, 200.02265707], [0.006671, 195.2775516], [0.008076, 169.96933773]]",30,quantum,3,,/local/scratch/a/rames102/Gurobi_QP/one_equality/complete_random
precond_pen=0.400,28,-30.621990656922026,171.25369901845286,0.4,2,0.1542038917541504,0.008270025253295898,0.0,0101101011011100110001010001,-+-++-+-++-+++--++---+-+---+,0,True,"[[0.000135, 200.02265707], [0.006835, 197.56436222], [0.00827, 171.25369902]]",30,quantum,3,,/local/scratch/a/rames102/Gurobi_QP/one_equality/complete_random
precond_pen=0.500,28,-23.08731492789402,171.25369901845286,0.5,2,0.19278502464294434,0.19217514991760254,0.0,0101101011011100110001010001,-+-++-+-++-+++--++---+-+---+,0,True,"[[0.000129, 200.02265707], [0.007106, 196.36818478], [0.007604, 171.49587263], [0.036115, 168.62128017], [0.191775, 171.25369902], [0.192175, 171.25369902]]",30,quantum,3,,/local/scratch/a/rames102/Gurobi_QP/one_equality/complete_random
precond_pen=0.700,28,-18.745819159527993,168.62128017048295,0.7,2,0.2643730640411377,0.008152008056640625,0.0,1010010110100110101010100101,+-+--+-++-+--++-+-+-+-+--+-+,0,True,"[[0.000126, 200.02265707], [0.007541, 198.18362201], [0.008152, 168.62128017]]",30,quantum,3,,/local/scratch/a/rames102/Gurobi_QP/one_equality/complete_random
precond_pen=0.800,28,-9.066105278901992,168.62128017048295,0.8,2,0.25094079971313477,0.009222984313964844,0.0,0101101001011001010101011010,-+-++-+--+-++--+-+-+-+-++-+-,0,True,"[[0.000129, 200.02265707], [0.007363, 195.13190665], [0.008544, 189.1246517], [0.009223, 168.62128017]]",30,quantum,3,,/local/scratch/a/rames102/Gurobi_QP/one_equality/complete_random
precond_pen=1.000,28,-12.17424131071701,168.62128017048295,1.0,2,0.24514007568359375,0.22134900093078613,0.0,1010010110100110101010100101,+-+--+-++-+--++-+-+-+-+--+-+,0,True,"[[0.00013, 200.02265707], [0.007152, 184.81812562], [0.008429, 171.49587263], [0.035538, 169.96933773], [0.221349, 168.62128017]]",30,quantum,3,,/local/scratch/a/rames102/Gurobi_QP/one_equality/complete_random
baseline,28,169.8086621533619,169.80866215336187,,2,3.255979061126709,3.254971981048584,0.0,1101010100011110110001000110,++-+-+-+---++++-++---+---++-,0,True,"[[0.000133, 205.5701103], [0.005792, 203.01184325], [0.006669, 200.98212885], [0.007385, 169.87942357], [2.670474, 169.80866215], [3.254972, 169.80866215]]",31,quantum,3,,/local/scratch/a/rames102/Gurobi_QP/one_equality/complete_random
precond_pen=0.200,28,-25.76806963015696,169.87942357247601,0.2,2,0.348707914352417,0.00847482681274414,0.0,0011101011000011101110110000,--+++-+-++----+++-+++-++----,0,True,"[[0.000134, 205.5701103], [0.007163, 202.99774278], [0.008475, 169.87942357]]",31,quantum,3,,/local/scratch/a/rames102/Gurobi_QP/one_equality/complete_random
precond_pen=0.300,28,-40.21605062595,170.77015678906207,0.3,2,0.22585391998291016,0.008502960205078125,0.0,1100011000111010010001001111,++---++---+++-+--+---+--++++,0,True,"[[0.000129, 205.5701103], [0.00708, 196.78309709], [0.008503, 170.77015679]]",31,quantum,3,,/local/scratch/a/rames102/Gurobi_QP/one_equality/complete_random
precond_pen=0.400,28,-30.28161391787001,170.77015678906207,0.4,2,0.15125513076782227,0.008666038513183594,0.0,1100011000111010010001001111,++---++---+++-+--+---+--++++,0,True,"[[0.000128, 205.5701103], [0.007209, 198.03139459], [0.008666, 170.77015679]]",31,quantum,3,,/local/scratch/a/rames102/Gurobi_QP/one_equality/complete_random
precond_pen=0.500,28,-23.354716008992995,170.77015678906207,0.5,2,0.21163296699523926,0.00870203971862793,0.0,0011100111000101101110110000,--+++--+++---+-++-+++-++----,0,True,"[[0.000128, 205.5701103], [0.00718, 187.17262564], [0.008702, 170.77015679]]",31,quantum,3,,/local/scratch/a/rames102/Gurobi_QP/one_equality/complete_random
precond_pen=0.700,28,-18.019424778556008,169.87942357247601,0.7,2,0.2095940113067627,0.20897793769836426,0.0,0011101011000011101110110000,--+++-+-++----+++-+++-++----,0,True,"[[0.000134, 205.5701103], [0.007583, 193.3108045], [0.009171, 170.77015679], [0.208564, 169.87942357], [0.208978, 169.87942357]]",31,quantum,3,,/local/scratch/a/rames102/Gurobi_QP/one_equality/complete_random
precond_pen=0.800,28,-6.492282070299996,169.87942357247601,0.8,2,0.4704251289367676,0.4698021411895752,0.0,0011101011000011101110110000,--+++-+-++----+++-+++-++----,0,True,"[[0.000135, 205.5701103], [0.00786, 197.19796787], [0.009041, 194.04204873], [0.009702, 169.80866215], [0.038349, 170.77015679], [0.469353, 169.87942357], [0.469802, 169.87942357]]",31,quantum,3,,/local/scratch/a/rames102/Gurobi_QP/one_equality/complete_random
precond_pen=1.000,28,-1.6661794947059998,170.77015678906207,1.0,2,0.29027485847473145,0.008761882781982422,0.0,0011100111000101101110110000,--+++--+++---+-++-+++-++----,0,True,"[[0.00013, 205.5701103], [0.007251, 196.47707403], [0.007894, 193.67412566], [0.008762, 170.77015679]]",31,quantum,3,,/local/scratch/a/rames102/Gurobi_QP/one_equality/complete_random
baseline,28,157.21731768607006,157.21731768606995,,2,1.6764848232269287,0.007726907730102539,0.0,0011111000110000011110110001,--+++++---++-----++++-++---+,0,True,"[[0.000128, 180.24853285], [0.006277, 177.54446966], [0.006806, 177.52334023], [0.007727, 157.21731769]]",32,quantum,3,,/local/scratch/a/rames102/Gurobi_QP/one_equality/complete_random
precond_pen=0.200,28,-48.34495337910701,158.01046051014592,0.2,2,0.22214818000793457,0.008476972579956055,0.0,0011111000010000111110110001,--+++++----+----+++++-++---+,0,True,"[[0.000132, 180.24853285], [0.007137, 176.24413596], [0.008477, 158.01046051]]",32,quantum,3,,/local/scratch/a/rames102/Gurobi_QP/one_equality/complete_random
precond_pen=0.300,28,-53.338190286071,158.01046051014592,0.3,2,0.07567310333251953,0.007573127746582031,0.0,1100000111101111000001001110,++-----++++-++++-----+--+++-,0,True,"[[0.000128, 180.24853285], [0.007573, 158.01046051]]",32,quantum,3,,/local/scratch/a/rames102/Gurobi_QP/one_equality/complete_random
precond_pen=0.400,28,-37.667663428777,157.21731768606995,0.4,2,0.19542694091796875,0.00823211669921875,0.0,0011111000110000011110110001,--+++++---++-----++++-++---+,0,True,"[[0.000129, 180.24853285], [0.006805, 177.1947578], [0.008232, 157.21731769]]",32,quantum,3,,/local/scratch/a/rames102/Gurobi_QP/one_equality/complete_random
precond_pen=0.500,28,-28.540811669692992,157.21731768606995,0.5,2,0.10202383995056152,0.00863790512084961,0.0,0011111000110000011110110001,--+++++---++-----++++-++---+,0,True,"[[0.000135, 180.24853285], [0.007135, 185.99641773], [0.007564, 177.54446966], [0.007911, 181.97491808], [0.008638, 157.21731769]]",32,quantum,3,,/local/scratch/a/rames102/Gurobi_QP/one_equality/complete_random
precond_pen=0.700,28,-22.597632940117997,157.21731768606995,0.7,2,0.12966108322143555,0.007899045944213867,0.0,1100000111001111100001001110,++-----+++--+++++----+--+++-,0,True,"[[0.000137, 180.24853285], [0.007899, 157.21731769]]",32,quantum,3,,/local/scratch/a/rames102/Gurobi_QP/one_equality/complete_random
precond_pen=0.800,28,-10.56289990952001,157.21731768606995,0.8,2,0.20885086059570312,0.008594989776611328,0.0,0011111000110000011110110001,--+++++---++-----++++-++---+,0,True,"[[0.000129, 180.24853285], [0.007478, 178.59069051], [0.00784, 178.21814775], [0.008595, 157.21731769]]",32,quantum,3,,/local/scratch/a/rames102/Gurobi_QP/one_equality/complete_random
precond_pen=1.000,28,-3.277505045160998,157.21731768606995,1.0,2,1.0255329608917236,0.008999109268188477,0.0,1100000111001111100001001110,++-----+++--+++++----+--+++-,0,True,"[[0.000126, 180.24853285], [0.008999, 157.21731769]]",32,quantum,3,,/local/scratch/a/rames102/Gurobi_QP/one_equality/complete_random
baseline,28,160.26302425626795,160.263024256268,,2,2.6434359550476074,0.11128497123718262,0.0,1011000110101110010010011100,+-++---++-+-+++--+--+--+++--,0,True,"[[0.000133, 190.25956597], [0.006744, 166.34865081], [0.111285, 160.26302426]]",33,quantum,3,,/local/scratch/a/rames102/Gurobi_QP/one_equality/complete_random
precond_pen=0.200,28,-42.99766145626103,160.263024256268,0.2,2,0.22057700157165527,0.008791923522949219,0.0,0100111001010001101101100011,-+--+++--+-+---++-++-++---++,0,True,"[[0.000136, 190.25956597], [0.007372, 187.60043377], [0.008792, 160.26302426]]",33,quantum,3,,/local/scratch/a/rames102/Gurobi_QP/one_equality/complete_random
precond_pen=0.300,28,-57.172775956425,160.263024256268,0.3,2,0.06086397171020508,0.008511066436767578,0.0,1011000110101110010010011100,+-++---++-+-+++--+--+--+++--,0,True,"[[0.000128, 190.25956597], [0.007147, 197.46467346], [0.007565, 187.647051], [0.008511, 160.26302426]]",33,quantum,3,,/local/scratch/a/rames102/Gurobi_QP/one_equality/complete_random
precond_pen=0.400,28,-38.338349294423,160.263024256268,0.4,2,0.1520249843597412,0.008404970169067383,0.0,0100111001010001101101100011,-+--+++--+-+---++-++-++---++,0,True,"[[0.000129, 190.25956597], [0.006992, 181.44140277], [0.008405, 160.26302426]]",33,quantum,3,,/local/scratch/a/rames102/Gurobi_QP/one_equality/complete_random
precond_pen=0.500,28,-28.174426141629002,160.263024256268,0.5,2,0.17539501190185547,0.008407115936279297,0.0,0100111001010001101101100011,-+--+++--+-+---++-++-++---++,0,True,"[[0.00013, 190.25956597], [0.006966, 180.59944945], [0.008407, 160.26302426]]",33,quantum,3,,/local/scratch/a/rames102/Gurobi_QP/one_equality/complete_random
precond_pen=0.700,28,-20.963017199148993,160.263024256268,0.7,2,0.09385490417480469,0.008738994598388672,0.0,1011000110101110010010011100,+-++---++-+-+++--+--+--+++--,0,True,"[[0.000134, 190.25956597], [0.007012, 182.25164494], [0.008739, 160.26302426]]",33,quantum,3,,/local/scratch/a/rames102/Gurobi_QP/one_equality/complete_random
precond_pen=0.800,28,-13.839300744511002,160.263024256268,0.8,2,0.11885905265808105,0.008861064910888672,0.0,1011000110101110010010011100,+-++---++-+-+++--+--+--+++--,0,True,"[[0.000125, 190.25956597], [0.007365, 186.90429826], [0.007761, 187.647051], [0.00825, 182.88508141], [0.008861, 160.26302426]]",33,quantum,3,,/local/scratch/a/rames102/Gurobi_QP/one_equality/complete_random
precond_pen=1.000,28,-7.610255870340005,160.263024256268,1.0,2,0.27271103858947754,0.03671407699584961,0.0,0100111001010001101101100011,-+--+++--+-+---++-++-++---++,0,True,"[[0.000129, 190.25956597], [0.007517, 179.72267387], [0.008864, 167.46310864], [0.035928, 165.79471783], [0.036714, 160.26302426]]",33,quantum,3,,/local/scratch/a/rames102/Gurobi_QP/one_equality/complete_random
baseline,28,171.696352254249,171.69635225424906,,2,3.5219340324401855,0.111328125,0.0,0001010110101011001001101011,---+-+-++-+-+-++--+--++-+-++,0,True,"[[0.000129, 191.78740851], [0.006981, 180.88941971], [0.111328, 171.69635225]]",34,quantum,3,,/local/scratch/a/rames102/Gurobi_QP/one_equality/complete_random
precond_pen=0.200,28,-21.29890648470304,174.329354394785,0.2,2,0.27482104301452637,0.008733034133911133,0.0,1110101001010000110110110100,+++-+-+--+-+----++-++-++-+--,0,True,"[[0.000144, 191.78740851], [0.007223, 189.23563495], [0.008318, 191.26447864], [0.008733, 174.32935439]]",34,quantum,3,,/local/scratch/a/rames102/Gurobi_QP/one_equality/complete_random
precond_pen=0.300,28,-44.185593884317015,174.329354394785,0.3,2,0.16368389129638672,0.008633852005004883,0.0,1110101001010000110110110100,+++-+-+--+-+----++-++-++-+--,0,True,"[[0.000133, 191.78740851], [0.007285, 190.89228536], [0.008184, 191.54194178], [0.008634, 174.32935439]]",34,quantum,3,,/local/scratch/a/rames102/Gurobi_QP/one_equality/complete_random
precond_pen=0.400,28,-29.817823241279,174.329354394785,0.4,2,0.15991902351379395,0.008478879928588867,0.0,1110101001010000110110110100,+++-+-+--+-+----++-++-++-+--,0,True,"[[0.000134, 191.78740851], [0.00705, 185.09269216], [0.008479, 174.32935439]]",34,quantum,3,,/local/scratch/a/rames102/Gurobi_QP/one_equality/complete_random
precond_pen=0.500,28,-21.19157915467398,171.69635225424906,0.5,2,0.16249704360961914,0.0077970027923583984,0.0,1110101001010100110110010100,+++-+-+--+-+-+--++-++--+-+--,0,True,"[[0.000128, 191.78740851], [0.007312, 188.44081189], [0.007797, 171.69635225]]",34,quantum,3,,/local/scratch/a/rames102/Gurobi_QP/one_equality/complete_random
precond_pen=0.700,28,-16.799145383170003,171.69635225424906,0.7,2,0.13935399055480957,0.03845500946044922,0.0,0001010110101011001001101011,---+-+-++-+-+-++--+--++-+-++,0,True,"[[0.000139, 191.78740851], [0.007879, 191.43534525], [0.009229, 175.40481132], [0.038455, 171.69635225]]",34,quantum,3,,/local/scratch/a/rames102/Gurobi_QP/one_equality/complete_random
precond_pen=0.800,28,-2.2712975286249932,171.69635225424906,0.8,2,2.0787670612335205,0.02804088592529297,0.0,1110101001010100110110010100,+++-+-+--+-+-+--++-++--+-+--,0,True,"[[0.000124, 191.78740851], [0.008534, 178.39762929], [0.028041, 171.69635225]]",34,quantum,3,,/local/scratch/a/rames102/Gurobi_QP/one_equality/complete_random
precond_pen=1.000,28,-7.141923727169999,171.69635225424906,1.0,2,0.34102416038513184,0.00929117202758789,0.0,0001010110101011001001101011,---+-+-++-+-+-++--+--++-+-++,0,True,"[[0.000131, 191.78740851], [0.007715, 190.79143836], [0.00806, 189.23563495], [0.009291, 171.69635225]]",34,quantum,3,,/local/scratch/a/rames102/Gurobi_QP/one_equality/complete_random
baseline,28,161.41107053225286,161.41107053225315,,2,2.7812700271606445,0.6622850894927979,0.0,0110001100011111110001100010,-++---++---+++++++---++---+-,0,True,"[[0.000126, 189.53822007], [0.006568, 165.89615529], [0.51884, 164.59996209], [0.534656, 163.29600807], [0.662285, 161.41107053]]",35,quantum,3,,/local/scratch/a/rames102/Gurobi_QP/one_equality/complete_random
precond_pen=0.200,28,-35.57688760723903,161.41107053225315,0.2,2,0.276076078414917,0.008619070053100586,0.0,1001110011100000001110011101,+--+++--+++-------+++--+++-+,0,True,"[[0.00013, 189.53822007], [0.007068, 185.73477895], [0.008619, 161.41107053]]",35,quantum,3,,/local/scratch/a/rames102/Gurobi_QP/one_equality/complete_random
precond_pen=0.300,28,-47.211755112271,161.41107053225315,0.3,2,0.1492321491241455,0.00887608528137207,0.0,1001110011100000001110011101,+--+++--+++-------+++--+++-+,0,True,"[[0.000134, 189.53822007], [0.007106, 184.11439988], [0.008113, 179.49868566], [0.008876, 161.41107053]]",35,quantum,3,,/local/scratch/a/rames102/Gurobi_QP/one_equality/complete_random
precond_pen=0.400,28,-34.634329629284,161.41107053225315,0.4,2,0.15609407424926758,0.008213043212890625,0.0,0110001100011111110001100010,-++---++---+++++++---++---+-,0,True,"[[0.000126, 189.53822007], [0.006614, 193.35088354], [0.007059, 187.43999638], [0.007698, 180.11308984], [0.008213, 161.41107053]]",35,quantum,3,,/local/scratch/a/rames102/Gurobi_QP/one_equality/complete_random
precond_pen=0.500,28,-26.670358384144,161.41107053225315,0.5,2,0.18501901626586914,0.008114099502563477,0.0,1001110011100000001110011101,+--+++--+++-------+++--+++-+,0,True,"[[0.000127, 189.53822007], [0.007395, 183.95519499], [0.008114, 161.41107053]]",35,quantum,3,,/local/scratch/a/rames102/Gurobi_QP/one_equality/complete_random
precond_pen=0.700,28,-20.63904879257599,161.41107053225315,0.7,2,0.11648011207580566,0.009172201156616211,0.0,1001110011100000001110011101,+--+++--+++-------+++--+++-+,0,True,"[[0.000123, 189.53822007], [0.007331, 186.84381463], [0.008274, 181.41548012], [0.009172, 161.41107053]]",35,quantum,3,,/local/scratch/a/rames102/Gurobi_QP/one_equality/complete_random
precond_pen=0.800,28,-18.191284523331007,161.41107053225315,0.8,2,0.13126492500305176,0.008206844329833984,0.0,0110001100011111110001100010,-++---++---+++++++---++---+-,0,True,"[[0.000126, 189.53822007], [0.007522, 180.19403494], [0.008207, 161.41107053]]",35,quantum,3,,/local/scratch/a/rames102/Gurobi_QP/one_equality/complete_random
precond_pen=1.000,28,-13.400376601129999,161.41107053225315,1.0,2,0.1682279109954834,0.009140968322753906,0.0,0110001100011111110001100010,-++---++---+++++++---++---+-,0,True,"[[0.00013, 189.53822007], [0.007296, 184.01082856], [0.008471, 177.3419711], [0.009141, 161.41107053]]",35,quantum,3,,/local/scratch/a/rames102/Gurobi_QP/one_equality/complete_random
baseline,28,161.330726236272,161.3307262362717,,2,3.302690029144287,0.00636601448059082,0.0,1101011110101100101110000000,++-+-++++-+-++--+-+++-------,0,True,"[[0.000127, 187.26178082], [0.006366, 161.33072624]]",36,quantum,3,,/local/scratch/a/rames102/Gurobi_QP/one_equality/complete_random
precond_pen=0.200,28,-31.454534708288012,164.34620669279985,0.2,2,0.38594818115234375,0.00805521011352539,0.0,0010100001010111000101110111,--+-+----+-+-+++---+-+++-+++,0,True,"[[0.000132, 187.26178082], [0.006599, 182.19870545], [0.008055, 164.34620669]]",36,quantum,3,,/local/scratch/a/rames102/Gurobi_QP/one_equality/complete_random
precond_pen=0.300,28,-41.98420418170598,164.34620669279985,0.3,2,0.16120505332946777,0.008049964904785156,0.0,0010100001010111000101110111,--+-+----+-+-+++---+-+++-+++,0,True,"[[0.000127, 187.26178082], [0.007286, 186.28724416], [0.00805, 164.34620669]]",36,quantum,3,,/local/scratch/a/rames102/Gurobi_QP/one_equality/complete_random
precond_pen=0.400,28,-29.195322883094008,164.34620669279985,0.4,2,0.2100389003753662,0.00806283950805664,0.0,0010100001010111000101110111,--+-+----+-+-+++---+-+++-+++,0,True,"[[0.000126, 187.26178082], [0.006758, 188.41172704], [0.007194, 186.08387165], [0.007536, 182.24468393], [0.008063, 164.34620669]]",36,quantum,3,,/local/scratch/a/rames102/Gurobi_QP/one_equality/complete_random
precond_pen=0.500,28,-23.248001084540988,161.3307262362717,0.5,2,0.20836710929870605,0.20436716079711914,0.0,1101011110101100101110000000,++-+-++++-+-++--+-+++-------,0,True,"[[0.00013, 187.26178082], [0.007452, 188.00002519], [0.007882, 186.08387165], [0.008648, 161.33072624], [0.204367, 169.57969746]]",36,quantum,3,,/local/scratch/a/rames102/Gurobi_QP/one_equality/complete_random
precond_pen=0.700,28,-18.62480498412501,161.3307262362717,0.7,2,0.2211148738861084,0.0380859375,0.0,1101011110101100101110000000,++-+-++++-+-++--+-+++-------,0,True,"[[0.000124, 187.26178082], [0.007225, 180.2167754], [0.008126, 184.41099145], [0.00874, 163.22129798], [0.038086, 161.33072624]]",36,quantum,3,,/local/scratch/a/rames102/Gurobi_QP/one_equality/complete_random
precond_pen=0.800,28,-8.377227002799,161.3307262362717,0.8,2,0.27542805671691895,0.039808034896850586,0.0,1101011110101100101110000000,++-+-++++-+-++--+-+++-------,0,True,"[[0.000125, 187.26178082], [0.007592, 173.84998959], [0.009019, 166.46845125], [0.038232, 164.78905507], [0.039808, 161.33072624]]",36,quantum,3,,/local/scratch/a/rames102/Gurobi_QP/one_equality/complete_random
precond_pen=1.000,28,-1.786839240985998,171.74026848686793,1.0,2,1.202847957611084,0.5879058837890625,0.0,1001010010101011111110000001,+--+-+--+-+-+-+++++++------+,0,True,"[[0.000124, 187.26178082], [0.005546, 192.97164247], [0.005924, 191.39514213], [0.006593, 186.86287013], [0.587906, 171.74026849]]",36,quantum,3,,/local/scratch/a/rames102/Gurobi_QP/one_equality/complete_random
baseline,28,158.094534300616,158.09453430061615,,2,2.7228710651397705,0.007520914077758789,0.0,0010111011001110100100001011,--+-+++-++--+++-+--+----+-++,0,True,"[[0.000132, 186.82195133], [0.005942, 185.21625944], [0.006631, 178.73657304], [0.007521, 158.0945343]]",37,quantum,3,,/local/scratch/a/rames102/Gurobi_QP/one_equality/complete_random
precond_pen=0.200,28,-32.56821492413001,159.54227746784233,0.2,2,0.31804680824279785,0.007991790771484375,0.0,0010111011001111100000001011,--+-+++-++--+++++-------+-++,0,True,"[[0.000132, 186.82195133], [0.006511, 188.71444084], [0.007221, 178.73657304], [0.007992, 159.54227747]]",37,quantum,3,,/local/scratch/a/rames102/Gurobi_QP/one_equality/complete_random
precond_pen=0.300,28,-41.956181795366,159.54227746784233,0.3,2,0.14308905601501465,0.00855398178100586,0.0,1101000100110000011111110100,++-+---+--++-----+++++++-+--,0,True,"[[0.000127, 186.82195133], [0.007242, 179.8291489], [0.007613, 178.73657304], [0.007962, 176.68958197], [0.008554, 159.54227747]]",37,quantum,3,,/local/scratch/a/rames102/Gurobi_QP/one_equality/complete_random
precond_pen=0.400,28,-31.057575755675998,159.54227746784233,0.4,2,0.14784502983093262,0.0347590446472168,0.0,0010111011001111100000001011,--+-+++-++--+++++-------+-++,0,True,"[[0.000126, 186.82195133], [0.007131, 178.49355092], [0.007493, 178.73657304], [0.007904, 173.93131109], [0.008397, 161.8334456], [0.034759, 159.54227747]]",37,quantum,3,,/local/scratch/a/rames102/Gurobi_QP/one_equality/complete_random
precond_pen=0.500,28,-24.547044572223,159.54227746784233,0.5,2,0.15485596656799316,0.007544994354248047,0.0,0010111011001111100000001011,--+-+++-++--+++++-------+-++,0,True,"[[0.000125, 186.82195133], [0.006939, 182.15200172], [0.007545, 159.54227747]]",37,quantum,3,,/local/scratch/a/rames102/Gurobi_QP/one_equality/complete_random
precond_pen=0.700,28,-18.806502633017,159.54227746784233,0.7,2,0.24600887298583984,0.19486784934997559,0.0,0010111011001111100000001011,--+-+++-++--+++++-------+-++,0,True,"[[0.000126, 186.82195133], [0.007272, 171.71696857], [0.007883, 161.8334456], [0.19474, 158.0945343], [0.194868, 159.54227747]]",37,quantum,3,,/local/scratch/a/rames102/Gurobi_QP/one_equality/complete_random
precond_pen=0.800,28,-16.73461446490799,159.54227746784233,0.8,2,0.22803878784179688,0.03699493408203125,0.0,1101000100110000011111110100,++-+---+--++-----+++++++-+--,0,True,"[[0.000128, 186.82195133], [0.00764, 175.30445386], [0.008316, 161.8334456], [0.036995, 159.54227747]]",37,quantum,3,,/local/scratch/a/rames102/Gurobi_QP/one_equality/complete_random
precond_pen=1.000,28,-9.457940993217,158.09453430061615,1.0,2,0.29520201683044434,0.008480072021484375,0.0,1101000100110001011011110100,++-+---+--++---+-++-++++-+--,0,True,"[[0.000132, 186.82195133], [0.00721, 173.89019677], [0.00848, 158.0945343]]",37,quantum,3,,/local/scratch/a/rames102/Gurobi_QP/one_equality/complete_random
baseline,28,160.19006204180496,160.19006204180488,,2,3.187999963760376,0.007712841033935547,0.0,0111101000011010011110010100,-++++-+----++-+--++++--+-+--,0,True,"[[0.000129, 188.89697337], [0.006213, 185.51942062], [0.006921, 185.31761246], [0.007713, 160.19006204]]",38,quantum,3,,/local/scratch/a/rames102/Gurobi_QP/one_equality/complete_random
precond_pen=0.200,28,-36.79540535777896,160.19006204180488,0.2,2,0.2601602077484131,0.008735179901123047,0.0,1000010111100101100001101011,+----+-++++--+-++----++-+-++,0,True,"[[0.000135, 188.89697337], [0.007228, 178.9894345], [0.008735, 160.19006204]]",38,quantum,3,,/local/scratch/a/rames102/Gurobi_QP/one_equality/complete_random
precond_pen=0.300,28,-48.34800204968602,160.19006204180488,0.3,2,0.11658191680908203,0.008101940155029297,0.0,0111101000011010011110010100,-++++-+----++-+--++++--+-+--,0,True,"[[0.000131, 188.89697337], [0.006843, 181.7453271], [0.008102, 160.19006204]]",38,quantum,3,,/local/scratch/a/rames102/Gurobi_QP/one_equality/complete_random
precond_pen=0.400,28,-36.053564783321,160.19006204180488,0.4,2,0.15066099166870117,0.15007305145263672,0.0,1000010111100101100001101011,+----+-++++--+-++----++-+-++,0,True,"[[0.000124, 188.89697337], [0.00693, 183.59951964], [0.007705, 183.2729759], [0.008072, 183.65865122], [0.008596, 165.79312029], [0.03953, 160.19006204], [0.150073, 160.19006204]]",38,quantum,3,,/local/scratch/a/rames102/Gurobi_QP/one_equality/complete_random
precond_pen=0.500,28,-28.33330412098301,160.19006204180488,0.5,2,0.16856718063354492,0.007992029190063477,0.0,1000010111100101100001101011,+----+-++++--+-++----++-+-++,0,True,"[[0.000125, 188.89697337], [0.007227, 183.65865122], [0.007992, 160.19006204]]",38,quantum,3,,/local/scratch/a/rames102/Gurobi_QP/one_equality/complete_random
precond_pen=0.700,28,-21.344013488109027,160.19006204180488,0.7,2,0.16245818138122559,0.03904414176940918,0.0,0111101000011010011110010100,-++++-+----++-+--++++--+-+--,0,True,"[[0.000127, 188.89697337], [0.006874, 185.08185806], [0.007387, 185.7444408], [0.008336, 165.79312029], [0.036956, 162.42137804], [0.039044, 160.19006204]]",38,quantum,3,,/local/scratch/a/rames102/Gurobi_QP/one_equality/complete_random
precond_pen=0.800,28,-18.53488799426301,160.19006204180488,0.8,2,0.19171810150146484,0.09380102157592773,0.0,1000010111100101100001101011,+----+-++++--+-++----++-+-++,0,True,"[[0.000137, 188.89697337], [0.007485, 184.37155101], [0.008105, 163.38644993], [0.093801, 160.19006204]]",38,quantum,3,,/local/scratch/a/rames102/Gurobi_QP/one_equality/complete_random
precond_pen=1.000,28,-2.111269878814996,160.19006204180488,1.0,2,1.2300670146942139,0.008397102355957031,0.0,1000010111100101100001101011,+----+-++++--+-++----++-+-++,0,True,"[[0.000134, 188.89697337], [0.007984, 180.16231323], [0.008397, 160.19006204]]",38,quantum,3,,/local/scratch/a/rames102/Gurobi_QP/one_equality/complete_random
baseline,28,170.5863814971919,170.58638149719218,,2,2.6012158393859863,0.10855293273925781,0.0,1100111010111000111100000001,++--+++-+-+++---++++-------+,0,True,"[[0.000127, 200.39614847], [0.005953, 193.38095043], [0.006634, 192.67315426], [0.007303, 172.25536454], [0.108553, 170.5863815]]",39,quantum,3,,/local/scratch/a/rames102/Gurobi_QP/one_equality/complete_random
precond_pen=0.200,28,-25.116634593430945,170.58638149719218,0.2,2,0.37442588806152344,0.008504867553710938,0.0,0011000101000111000011111110,--++---+-+---+++----+++++++-,0,True,"[[0.000144, 200.39614847], [0.006746, 200.6378211], [0.007521, 199.63303747], [0.007936, 196.65490396], [0.008505, 170.5863815]]",39,quantum,3,,/local/scratch/a/rames102/Gurobi_QP/one_equality/complete_random
precond_pen=0.300,28,-49.218149289633,170.58638149719218,0.3,2,0.1406099796295166,0.008502006530761719,0.0,1100111010111000111100000001,++--+++-+-+++---++++-------+,0,True,"[[0.000131, 200.39614847], [0.007239, 181.96143619], [0.008502, 170.5863815]]",39,quantum,3,,/local/scratch/a/rames102/Gurobi_QP/one_equality/complete_random
precond_pen=0.400,28,-36.483606745359005,170.58638149719218,0.4,2,0.14563202857971191,0.008783817291259766,0.0,1100111010111000111100000001,++--+++-+-+++---++++-------+,0,True,"[[0.000135, 200.39614847], [0.007145, 191.42890901], [0.007913, 189.61163014], [0.008784, 170.5863815]]",39,quantum,3,,/local/scratch/a/rames102/Gurobi_QP/one_equality/complete_random
precond_pen=0.500,28,-27.671954747757,170.58638149719218,0.5,2,0.15712594985961914,0.008394956588745117,0.0,1100111010111000111100000001,++--+++-+-+++---++++-------+,0,True,"[[0.000133, 200.39614847], [0.007086, 196.48369364], [0.00761, 198.51181178], [0.008395, 170.5863815]]",39,quantum,3,,/local/scratch/a/rames102/Gurobi_QP/one_equality/complete_random
precond_pen=0.700,28,-21.179432262646,170.58638149719218,0.7,2,0.16559195518493652,0.008888006210327148,0.0,0011000101000111000011111110,--++---+-+---+++----+++++++-,0,True,"[[0.000125, 200.39614847], [0.007, 193.14627714], [0.007761, 189.61163014], [0.008281, 189.39575675], [0.008888, 170.5863815]]",39,quantum,3,,/local/scratch/a/rames102/Gurobi_QP/one_equality/complete_random
precond_pen=0.800,28,-14.430468623283009,170.58638149719218,0.8,2,0.14864897727966309,0.00875711441040039,0.0,0011000101000111000011111110,--++---+-+---+++----+++++++-,0,True,"[[0.000127, 200.39614847], [0.006902, 192.94291751], [0.007533, 193.34710802], [0.007883, 193.18616908], [0.008757, 170.5863815]]",39,quantum,3,,/local/scratch/a/rames102/Gurobi_QP/one_equality/complete_random
precond_pen=1.000,28,-7.900204468224997,170.58638149719218,1.0,2,0.17206192016601562,0.008785009384155273,0.0,0011000101000111000011111110,--++---+-+---+++----+++++++-,0,True,"[[0.000131, 200.39614847], [0.006949, 198.95465122], [0.007349, 198.17481147], [0.007989, 189.28217514], [0.008785, 170.5863815]]",39,quantum,3,,/local/scratch/a/rames102/Gurobi_QP/one_equality/complete_random
baseline,28,168.70974555731993,168.7097455573197,,2,3.4875900745391846,0.3729381561279297,0.0,0001100111101001010001111001,---++--++++-+--+-+---++++--+,0,True,"[[0.000126, 197.01518744], [0.006511, 196.91269363], [0.006928, 170.15739719], [0.112359, 169.11585902], [0.372938, 168.70974556]]",40,quantum,3,,/local/scratch/a/rames102/Gurobi_QP/one_equality/complete_random
precond_pen=0.200,28,-23.286753171319006,169.175997273618,0.2,2,0.4803800582885742,0.04394817352294922,0.0,1110011010100100101010100110,+++--++-+-+--+--+-+-+-+--++-,0,True,"[[0.00012, 197.01518744], [0.006525, 189.82853944], [0.007884, 169.70506409], [0.043948, 169.17599727]]",40,quantum,3,,/local/scratch/a/rames102/Gurobi_QP/one_equality/complete_random
precond_pen=0.300,28,-42.585599995151014,169.61178002892007,0.3,2,0.22525405883789062,0.008233070373535156,0.0,1110011000110100101010100110,+++--++---++-+--+-+-+-+--++-,0,True,"[[0.000124, 197.01518744], [0.006877, 194.48113003], [0.007254, 192.88960188], [0.007662, 190.13087906], [0.008233, 169.61178003]]",40,quantum,3,,/local/scratch/a/rames102/Gurobi_QP/one_equality/complete_random
precond_pen=0.400,28,-29.975044856346003,169.61178002892007,0.4,2,0.2719559669494629,0.27132391929626465,0.0,0001100111001011010101011001,---++--+++--+-++-+-+-+-++--+,0,True,"[[0.000114, 197.01518744], [0.006693, 190.79238266], [0.008011, 168.70974556], [0.037407, 169.70506409], [0.26394, 169.17599727], [0.27077, 169.61178003], [0.271324, 169.61178003]]",40,quantum,3,,/local/scratch/a/rames102/Gurobi_QP/one_equality/complete_random
precond_pen=0.500,28,-22.500448947461987,169.61178002892007,0.5,2,0.23874807357788086,0.23815703392028809,0.0,1110011000110100101010100110,+++--++---++-+--+-+-+-+--++-,0,True,"[[0.000117, 197.01518744], [0.00704, 191.40549742], [0.007713, 191.96480387], [0.008065, 184.24347016], [0.008552, 169.15082556], [0.237596, 169.61178003], [0.238157, 169.61178003]]",40,quantum,3,,/local/scratch/a/rames102/Gurobi_QP/one_equality/complete_random
precond_pen=0.700,28,-16.490460658479,169.61178002892007,0.7,2,0.2922999858856201,0.09418892860412598,0.0,1110011000110100101010100110,+++--++---++-+--+-+-+-+--++-,0,True,"[[0.000125, 197.01518744], [0.006963, 185.8573044], [0.008281, 171.16040987], [0.035323, 169.31729296], [0.037443, 169.15082556], [0.094189, 169.61178003]]",40,quantum,3,,/local/scratch/a/rames102/Gurobi_QP/one_equality/complete_random
precond_pen=0.800,28,-5.210311850350003,168.7097455573197,0.8,2,0.7185368537902832,0.4876418113708496,0.0,1110011000010110101110000110,+++--++----+-++-+-+++----++-,0,True,"[[0.000112, 197.01518744], [0.00722, 181.51634368], [0.008309, 177.12164199], [0.009117, 169.17599727], [0.487642, 168.70974556]]",40,quantum,3,,/local/scratch/a/rames102/Gurobi_QP/one_equality/complete_random
precond_pen=1.000,28,-2.7637124289889847,168.7097455573197,1.0,2,1.8184559345245361,1.817612886428833,0.0,0001100111101001010001111001,---++--++++-+--+-+---++++--+,0,True,"[[0.000114, 197.01518744], [0.007387, 189.09836092], [0.007928, 169.11585902], [1.628724, 168.70974556], [1.817613, 168.70974556]]",40,quantum,3,,/local/scratch/a/rames102/Gurobi_QP/one_equality/complete_random
baseline,28,177.84411758246205,177.8441175824623,,2,4.776015043258667,1.049818992614746,0.0,0110010010100110001111111000,-++--+--+-+--++---+++++++---,0,True,"[[0.000117, 199.10912158], [0.006836, 181.20750419], [0.110057, 178.56794896], [1.049819, 177.84411758]]",41,quantum,3,,/local/scratch/a/rames102/Gurobi_QP/one_equality/complete_random
precond_pen=0.200,28,-13.956087739147165,178.73127509468426,0.2,2,0.38613200187683105,0.0069200992584228516,0.0,0110010111100110001110101000,-++--+-++++--++---+++-+-+---,0,True,"[[0.000129, 199.10912158], [0.00692, 178.73127509]]",41,quantum,3,,/local/scratch/a/rames102/Gurobi_QP/one_equality/complete_random
precond_pen=0.300,28,-40.824172657271994,178.73127509468426,0.3,2,0.18210697174072266,0.008615970611572266,0.0,0110010111100110001110101000,-++--+-++++--++---+++-+-+---,0,True,"[[0.000121, 199.10912158], [0.0074, 191.23007177], [0.008616, 178.73127509]]",41,quantum,3,,/local/scratch/a/rames102/Gurobi_QP/one_equality/complete_random
precond_pen=0.400,28,-28.927419951824987,178.73127509468426,0.4,2,0.2091050148010254,0.03573417663574219,0.0,0110010111100110001110101000,-++--+-++++--++---+++-+-+---,0,True,"[[0.000113, 199.10912158], [0.007157, 203.09998502], [0.007783, 179.08881557], [0.035734, 178.73127509]]",41,quantum,3,,/local/scratch/a/rames102/Gurobi_QP/one_equality/complete_random
precond_pen=0.500,28,-20.757549953092,178.73127509468426,0.5,2,0.22458696365356445,0.22401809692382812,0.0,0110010111100110001110101000,-++--+-++++--++---+++-+-+---,0,True,"[[0.000113, 199.10912158], [0.006962, 195.10402244], [0.008285, 179.7564406], [0.035768, 179.08881557], [0.22318, 178.73127509], [0.224018, 178.73127509]]",41,quantum,3,,/local/scratch/a/rames102/Gurobi_QP/one_equality/complete_random
precond_pen=0.700,28,-16.206816995878004,178.73127509468426,0.7,2,0.24781203269958496,0.0356440544128418,0.0,0110010111100110001110101000,-++--+-++++--++---+++-+-+---,0,True,"[[0.000121, 199.10912158], [0.007716, 178.71474288], [0.035644, 178.73127509]]",41,quantum,3,,/local/scratch/a/rames102/Gurobi_QP/one_equality/complete_random
precond_pen=0.800,28,-5.685879669111991,177.93862857349436,0.8,2,0.6065201759338379,0.03524613380432129,0.0,1001101001011000110001010111,+--++-+--+-++---++---+-+-+++,0,True,"[[0.000125, 199.10912158], [0.007667, 197.98060068], [0.00805, 197.46963816], [0.008865, 178.71474288], [0.035246, 177.93862857]]",41,quantum,3,,/local/scratch/a/rames102/Gurobi_QP/one_equality/complete_random
precond_pen=1.000,28,-10.485071170292008,178.73127509468426,1.0,2,0.38401007652282715,0.008533954620361328,0.0,1001101000011001110001010111,+--++-+----++--+++---+-+-+++,0,True,"[[0.000115, 199.10912158], [0.007267, 199.51894607], [0.007659, 197.46963816], [0.008018, 195.33304569], [0.008534, 178.73127509]]",41,quantum,3,,/local/scratch/a/rames102/Gurobi_QP/one_equality/complete_random
baseline,28,167.32008674962705,167.32008674962708,,2,4.177838087081909,4.1768739223480225,0.0,1110110000001111100110011000,+++-++------+++++--++--++---,0,True,"[[0.000117, 186.6096884], [0.00697, 168.62482093], [2.972598, 168.52695443], [3.513711, 167.68706517], [3.659367, 167.32008675], [4.176874, 167.32008675]]",42,quantum,3,,/local/scratch/a/rames102/Gurobi_QP/one_equality/complete_random
precond_pen=0.200,28,-22.198330869785103,168.76069876094311,0.2,2,0.3564581871032715,0.008172988891601562,0.0,0000000011110010011011110111,--------++++--+--++-++++-+++,0,True,"[[0.000119, 186.6096884], [0.006765, 186.36232597], [0.008173, 168.76069876]]",42,quantum,3,,/local/scratch/a/rames102/Gurobi_QP/one_equality/complete_random
precond_pen=0.300,28,-38.172362840833,169.0239966807834,0.3,2,0.17676711082458496,0.008567094802856445,0.0,1111111100001100010101001000,++++++++----++---+-+-+--+---,0,True,"[[0.000116, 186.6096884], [0.006928, 191.66874019], [0.00766, 186.30310179], [0.008567, 169.02399668]]",42,quantum,3,,/local/scratch/a/rames102/Gurobi_QP/one_equality/complete_random
precond_pen=0.400,28,-27.563705022815988,169.0239966807834,0.4,2,0.1883070468902588,0.18477606773376465,0.0,0000000011110011101010110111,--------++++--+++-+-+-++-+++,0,True,"[[0.000116, 186.6096884], [0.00732, 185.55264093], [0.00863, 169.02399668], [0.184446, 169.7786286], [0.184776, 171.22676454]]",42,quantum,3,,/local/scratch/a/rames102/Gurobi_QP/one_equality/complete_random
precond_pen=0.500,28,-19.978859768684003,169.0239966807834,0.5,2,0.19597291946411133,0.03850388526916504,0.0,1111111100001100010101001000,++++++++----++---+-+-+--+---,0,True,"[[0.000113, 186.6096884], [0.006964, 184.50185111], [0.008259, 167.32008675], [0.038346, 167.68706517], [0.038504, 169.02399668]]",42,quantum,3,,/local/scratch/a/rames102/Gurobi_QP/one_equality/complete_random
precond_pen=0.700,28,-15.954737911345003,167.687065173483,0.7,2,0.2556459903717041,0.00865316390991211,0.0,0010000001110111101010010111,--+------+++-++++-+-+--+-+++,0,True,"[[0.000113, 186.6096884], [0.00723, 189.09823996], [0.007648, 186.30310179], [0.008132, 185.78769875], [0.008653, 167.68706517]]",42,quantum,3,,/local/scratch/a/rames102/Gurobi_QP/one_equality/complete_random
precond_pen=0.800,28,-11.018545503329992,167.687065173483,0.8,2,0.3114960193634033,0.037106990814208984,0.0,0010000001110111101010010111,--+------+++-++++-+-+--+-+++,0,True,"[[0.000118, 186.6096884], [0.008241, 184.15708547], [0.009265, 183.68686767], [0.010034, 168.76069876], [0.037107, 167.68706517]]",42,quantum,3,,/local/scratch/a/rames102/Gurobi_QP/one_equality/complete_random
precond_pen=1.000,28,-2.0821502988469955,167.32008674962708,1.0,2,2.407738208770752,1.4945080280303955,0.0,0001001111110000011001100111,---+--++++++-----++--++--+++,0,True,"[[0.000113, 186.6096884], [0.008003, 175.4699981], [0.008442, 167.68706517], [1.494508, 167.32008675]]",42,quantum,3,,/local/scratch/a/rames102/Gurobi_QP/one_equality/complete_random
baseline,28,166.26714621420618,166.2671462142061,,2,2.1367199420928955,0.007421970367431641,0.0,1000110101011101001110001100,+---++-+-+-+++-+--+++---++--,0,True,"[[0.000116, 197.12455308], [0.006561, 196.53529027], [0.007422, 166.26714621]]",43,quantum,3,,/local/scratch/a/rames102/Gurobi_QP/one_equality/complete_random
precond_pen=0.200,28,-33.48912156049205,169.13304936106198,0.2,2,0.22478795051574707,0.00849008560180664,0.0,1100110101011001001110001100,++--++-+-+-++--+--+++---++--,0,True,"[[0.000119, 197.12455308], [0.006931, 193.00890195], [0.007727, 190.12915366], [0.00849, 169.13304936]]",43,quantum,3,,/local/scratch/a/rames102/Gurobi_QP/one_equality/complete_random
precond_pen=0.300,28,-65.13306533475301,168.0417498951782,0.3,2,0.042793989181518555,0.00822901725769043,0.0,1000110101011001001110101100,+---++-+-+-++--+--+++-+-++--,0,True,"[[0.000116, 197.12455308], [0.006816, 199.01813223], [0.00728, 190.12915366], [0.008229, 168.0417499]]",43,quantum,3,,/local/scratch/a/rames102/Gurobi_QP/one_equality/complete_random
precond_pen=0.400,28,-43.23758018989201,168.0417498951782,0.4,2,0.06043720245361328,0.008285999298095703,0.0,0111001010100110110001010011,-+++--+-+-+--++-++---+-+--++,0,True,"[[0.000116, 197.12455308], [0.007029, 182.49093497], [0.008286, 168.0417499]]",43,quantum,3,,/local/scratch/a/rames102/Gurobi_QP/one_equality/complete_random
precond_pen=0.500,28,-30.930726639134996,168.0417498951782,0.5,2,0.07991909980773926,0.008391141891479492,0.0,0111001010100110110001010011,-+++--+-+-+--++-++---+-+--++,0,True,"[[0.000111, 197.12455308], [0.007107, 185.90704195], [0.008391, 168.0417499]]",43,quantum,3,,/local/scratch/a/rames102/Gurobi_QP/one_equality/complete_random
precond_pen=0.700,28,-23.27942260418301,166.2671462142061,0.7,2,0.08847808837890625,0.007819890975952148,0.0,1000110101011101001110001100,+---++-+-+-+++-+--+++---++--,0,True,"[[0.000115, 197.12455308], [0.00782, 166.26714621]]",43,quantum,3,,/local/scratch/a/rames102/Gurobi_QP/one_equality/complete_random
precond_pen=0.800,28,-6.5442666869030095,166.2671462142061,0.8,2,0.24376583099365234,0.008450984954833984,0.0,0111001010100010110001110011,-+++--+-+-+---+-++---+++--++,0,True,"[[0.000112, 197.12455308], [0.007938, 194.659388], [0.008451, 166.26714621]]",43,quantum,3,,/local/scratch/a/rames102/Gurobi_QP/one_equality/complete_random
precond_pen=1.000,28,-2.0081671226909954,166.2671462142061,1.0,2,1.283092975616455,0.00821995735168457,0.0,0111001010100010110001110011,-+++--+-+-+---+-++---+++--++,0,True,"[[0.000112, 197.12455308], [0.00779, 184.23073117], [0.00822, 166.26714621]]",43,quantum,3,,/local/scratch/a/rames102/Gurobi_QP/one_equality/complete_random
baseline,28,161.22225038190803,161.2222503819082,,2,2.0340511798858643,0.10985398292541504,0.0,1010000101110111001000110011,+-+----+-+++-+++--+---++--++,0,True,"[[0.000122, 189.84504944], [0.006842, 166.1887532], [0.109854, 161.22225038]]",44,quantum,3,,/local/scratch/a/rames102/Gurobi_QP/one_equality/complete_random
precond_pen=0.200,28,-44.06121288201403,161.99992300716403,0.2,2,0.22847986221313477,0.008198022842407227,0.0,1010001111110011011000000011,+-+---++++++--++-++-------++,0,True,"[[0.000119, 189.84504944], [0.007161, 190.89388744], [0.007511, 186.77538368], [0.008198, 161.99992301]]",44,quantum,3,,/local/scratch/a/rames102/Gurobi_QP/one_equality/complete_random
precond_pen=0.300,28,-61.54303221854002,161.99992300716403,0.3,2,0.0668938159942627,0.007690906524658203,0.0,0101110000001100100111111100,-+-+++------++--+--+++++++--,0,True,"[[0.000116, 189.84504944], [0.006933, 164.46088334], [0.007691, 161.99992301]]",44,quantum,3,,/local/scratch/a/rames102/Gurobi_QP/one_equality/complete_random
precond_pen=0.400,28,-39.85866663143,161.99992300716403,0.4,2,0.07606887817382812,0.00870203971862793,0.0,0101110000001100100111111100,-+-+++------++--+--+++++++--,0,True,"[[0.000111, 189.84504944], [0.007244, 186.20176777], [0.007595, 186.77538368], [0.008073, 183.53509142], [0.008702, 161.99992301]]",44,quantum,3,,/local/scratch/a/rames102/Gurobi_QP/one_equality/complete_random
precond_pen=0.500,28,-26.848072718001998,161.99992300716403,0.5,2,0.20540618896484375,0.13182401657104492,0.0,0101110000001100100111111100,-+-+++------++--+--+++++++--,0,True,"[[0.000112, 189.84504944], [0.00709, 183.64357137], [0.00744, 186.77538368], [0.008294, 161.22225038], [0.131824, 161.99992301]]",44,quantum,3,,/local/scratch/a/rames102/Gurobi_QP/one_equality/complete_random
precond_pen=0.700,28,-21.75571442766499,161.99992300716403,0.7,2,0.17738795280456543,0.16577696800231934,0.0,0101110000001100100111111100,-+-+++------++--+--+++++++--,0,True,"[[0.000117, 189.84504944], [0.007408, 189.16889942], [0.008012, 161.22225038], [0.158612, 161.64772345], [0.165777, 161.99992301]]",44,quantum,3,,/local/scratch/a/rames102/Gurobi_QP/one_equality/complete_random
precond_pen=0.800,28,-10.59810642484999,161.64772344649802,0.8,2,0.23021602630615234,0.008948087692260742,0.0,0111110000001100100111110100,-+++++------++--+--+++++-+--,0,True,"[[0.000116, 189.84504944], [0.007502, 183.77585889], [0.008153, 182.75894905], [0.008483, 181.93146008], [0.008948, 161.64772345]]",44,quantum,3,,/local/scratch/a/rames102/Gurobi_QP/one_equality/complete_random
precond_pen=1.000,28,-13.710468476900001,161.99992300716403,1.0,2,0.22490406036376953,0.009081840515136719,0.0,1010001111110011011000000011,+-+---++++++--++-++-------++,0,True,"[[0.000115, 189.84504944], [0.007566, 177.85091594], [0.008264, 180.63979396], [0.009082, 161.99992301]]",44,quantum,3,,/local/scratch/a/rames102/Gurobi_QP/one_equality/complete_random
baseline,28,167.39843630694406,167.39843630694392,,2,2.1705398559570312,0.11137986183166504,0.0,0100100011100011110011101010,-+--+---+++---++++--+++-+-+-,0,True,"[[0.000112, 191.72589128], [0.005877, 188.40957996], [0.006554, 188.15852084], [0.007011, 175.48126166], [0.11138, 167.39843631]]",45,quantum,3,,/local/scratch/a/rames102/Gurobi_QP/one_equality/complete_random
precond_pen=0.200,28,-31.66819884887807,168.6706462748639,0.2,2,0.22127699851989746,0.007338047027587891,0.0,1011111100011100001000010101,+-++++++---+++----+----+-+-+,0,True,"[[0.000117, 191.72589128], [0.007338, 168.67064627]]",45,quantum,3,,/local/scratch/a/rames102/Gurobi_QP/one_equality/complete_random
precond_pen=0.300,28,-54.85642224163101,168.6706462748639,0.3,2,0.11540889739990234,0.007988929748535156,0.0,0100000011100011110111101010,-+------+++---++++-++++-+-+-,0,True,"[[0.000116, 191.72589128], [0.006937, 177.65844606], [0.007989, 168.67064627]]",45,quantum,3,,/local/scratch/a/rames102/Gurobi_QP/one_equality/complete_random
precond_pen=0.400,28,-38.87393141640101,167.39843630694392,0.4,2,0.15454387664794922,0.007931947708129883,0.0,1011011100011100001100010101,+-++-+++---+++----++---+-+-+,0,True,"[[0.000113, 191.72589128], [0.007001, 187.4053385], [0.007932, 167.39843631]]",45,quantum,3,,/local/scratch/a/rames102/Gurobi_QP/one_equality/complete_random
precond_pen=0.500,28,-29.697961309947985,167.39843630694392,0.5,2,0.1986219882965088,0.19561982154846191,0.0,0100100011100011110011101010,-+--+---+++---++++--+++-+-+-,0,True,"[[0.000113, 191.72589128], [0.007024, 176.20493819], [0.008247, 167.39843631], [0.19562, 168.13929938]]",45,quantum,3,,/local/scratch/a/rames102/Gurobi_QP/one_equality/complete_random
precond_pen=0.700,28,-22.149065031767,167.39843630694392,0.7,2,0.22607016563415527,0.008036136627197266,0.0,0100100011100011110011101010,-+--+---+++---++++--+++-+-+-,0,True,"[[0.000114, 191.72589128], [0.006652, 188.0938591], [0.007535, 186.56260335], [0.008036, 167.39843631]]",45,quantum,3,,/local/scratch/a/rames102/Gurobi_QP/one_equality/complete_random
precond_pen=0.800,28,-10.030397224987006,167.39843630694392,0.8,2,0.25523900985717773,0.2526099681854248,0.0,0100100011100011110011101010,-+--+---+++---++++--+++-+-+-,0,True,"[[0.000113, 191.72589128], [0.007613, 179.6320876], [0.008165, 168.13929938], [0.039063, 167.39843631], [0.25261, 169.27721702]]",45,quantum,3,,/local/scratch/a/rames102/Gurobi_QP/one_equality/complete_random
precond_pen=1.000,28,-7.781239167107994,167.39843630694392,1.0,2,0.2936210632324219,0.03741598129272461,0.0,1011011100011100001100010101,+-++-+++---+++----++---+-+-+,0,True,"[[0.000111, 191.72589128], [0.0081, 168.13929938], [0.037416, 167.39843631]]",45,quantum,3,,/local/scratch/a/rames102/Gurobi_QP/one_equality/complete_random
baseline,28,157.11188936547697,157.11188936547674,,2,2.9474148750305176,0.007134914398193359,0.0,1100111011100001010010100110,++--+++-+++----+-+--+-+--++-,0,True,"[[0.000114, 176.15312436], [0.006105, 175.66128181], [0.006429, 175.16665751], [0.007135, 157.11188937]]",46,quantum,3,,/local/scratch/a/rames102/Gurobi_QP/one_equality/complete_random
precond_pen=0.200,28,-45.30121108211401,157.978784775661,0.2,2,0.19312405586242676,0.00878596305847168,0.0,1100110011100101010010100110,++--++--+++--+-+-+--+-+--++-,0,True,"[[0.000127, 176.15312436], [0.007068, 176.46052829], [0.008026, 170.88470595], [0.008786, 157.97878478]]",46,quantum,3,,/local/scratch/a/rames102/Gurobi_QP/one_equality/complete_random
precond_pen=0.300,28,-50.72601234153898,157.978784775661,0.3,2,0.06973505020141602,0.008621931076049805,0.0,1100110011100101010010100110,++--++--+++--+-+-+--+-+--++-,0,True,"[[0.000118, 176.15312436], [0.007057, 171.57101477], [0.008622, 157.97878478]]",46,quantum,3,,/local/scratch/a/rames102/Gurobi_QP/one_equality/complete_random
precond_pen=0.400,28,-34.295960140305986,157.978784775661,0.4,2,0.09364104270935059,0.008270025253295898,0.0,0011001100011010101101011001,--++--++---++-+-+-++-+-++--+,0,True,"[[0.000114, 176.15312436], [0.006991, 177.07365461], [0.007328, 175.16665751], [0.00767, 174.12198268], [0.00827, 157.97878478]]",46,quantum,3,,/local/scratch/a/rames102/Gurobi_QP/one_equality/complete_random
precond_pen=0.500,28,-26.258169612263995,157.978784775661,0.5,2,0.09657716751098633,0.008580207824707031,0.0,0011001100011010101101011001,--++--++---++-+-+-++-+-++--+,0,True,"[[0.000111, 176.15312436], [0.007059, 175.57504662], [0.007514, 176.11294308], [0.007938, 174.49712255], [0.00858, 157.97878478]]",46,quantum,3,,/local/scratch/a/rames102/Gurobi_QP/one_equality/complete_random
precond_pen=0.700,28,-20.55418598191099,157.978784775661,0.7,2,0.16871309280395508,0.008387088775634766,0.0,0011001100011010101101011001,--++--++---++-+-+-++-+-++--+,0,True,"[[0.000112, 176.15312436], [0.006942, 174.33112621], [0.007276, 175.16665751], [0.007747, 170.36702879], [0.008387, 157.97878478]]",46,quantum,3,,/local/scratch/a/rames102/Gurobi_QP/one_equality/complete_random
precond_pen=0.800,28,-17.522318894759998,157.978784775661,0.8,2,0.17572498321533203,0.007767915725708008,0.0,0011001100011010101101011001,--++--++---++-+-+-++-+-++--+,0,True,"[[0.000112, 176.15312436], [0.0071, 178.13573578], [0.007768, 157.97878478]]",46,quantum,3,,/local/scratch/a/rames102/Gurobi_QP/one_equality/complete_random
precond_pen=1.000,28,-3.641323836638996,157.11188936547674,1.0,2,1.062119960784912,0.0327610969543457,0.0,1100111011100001010010100110,++--+++-+++----+-+--+-+--++-,0,True,"[[0.000111, 176.15312436], [0.008356, 172.95301677], [0.008881, 170.88470595], [0.009226, 168.11328279], [0.009822, 157.38518433], [0.032761, 157.11188937]]",46,quantum,3,,/local/scratch/a/rames102/Gurobi_QP/one_equality/complete_random
baseline,28,170.04519229797495,170.0451922979749,,2,2.323423147201538,0.11019015312194824,0.0,0000111100100000111111101100,----++++--+-----+++++++-++--,0,True,"[[0.00012, 189.77411453], [0.006675, 172.70389659], [0.11019, 170.0451923]]",47,quantum,3,,/local/scratch/a/rames102/Gurobi_QP/one_equality/complete_random
precond_pen=0.200,28,-18.7409468061021,171.1364438369547,0.2,2,0.4006011486053467,0.007561922073364258,0.0,0110111100100101011010100100,-++-++++--+--+-+-++-+-+--+--,0,True,"[[0.000119, 189.77411453], [0.006357, 194.19395779], [0.006698, 184.51447963], [0.007562, 171.13644384]]",47,quantum,3,,/local/scratch/a/rames102/Gurobi_QP/one_equality/complete_random
precond_pen=0.300,28,-43.723177160643004,171.1364438369547,0.3,2,0.18862390518188477,0.18805193901062012,0.0,1001000011011010100101011011,+--+----++-++-+-+--+-+-++-++,0,True,"[[0.000125, 189.77411453], [0.007019, 192.50632177], [0.007617, 170.0451923], [0.187689, 171.13644384], [0.188052, 171.13644384]]",47,quantum,3,,/local/scratch/a/rames102/Gurobi_QP/one_equality/complete_random
precond_pen=0.400,28,-32.114245350931995,171.1364438369547,0.4,2,0.17647504806518555,0.008332967758178711,0.0,0110111100100101011010100100,-++-++++--+--+-+-++-+-+--+--,0,True,"[[0.000115, 189.77411453], [0.007032, 186.04660667], [0.007367, 184.51447963], [0.007706, 186.46132022], [0.008333, 171.13644384]]",47,quantum,3,,/local/scratch/a/rames102/Gurobi_QP/one_equality/complete_random
precond_pen=0.500,28,-24.541694070871998,171.1364438369547,0.5,2,0.1867210865020752,0.18615007400512695,0.0,1001000011011010100101011011,+--+----++-++-+-+--+-+-++-++,0,True,"[[0.000116, 189.77411453], [0.007134, 191.48114739], [0.007483, 184.51447963], [0.008515, 173.77301702], [0.185803, 171.13644384], [0.18615, 171.13644384]]",47,quantum,3,,/local/scratch/a/rames102/Gurobi_QP/one_equality/complete_random
precond_pen=0.700,28,-19.65301649879901,171.1364438369547,0.7,2,0.1959688663482666,0.036607980728149414,0.0,0110111100100101011010100100,-++-++++--+--+-+-++-+-+--+--,0,True,"[[0.00012, 189.77411453], [0.006998, 183.54393887], [0.008516, 170.0451923], [0.036608, 171.13644384]]",47,quantum,3,,/local/scratch/a/rames102/Gurobi_QP/one_equality/complete_random
precond_pen=0.800,28,-17.06117915630699,171.1364438369547,0.8,2,0.20058798789978027,0.20004010200500488,0.0,1001000011011010100101011011,+--+----++-++-+-+--+-+-++-++,0,True,"[[0.000114, 189.77411453], [0.007266, 188.52997734], [0.00786, 170.0451923], [0.199702, 171.13644384], [0.20004, 171.13644384]]",47,quantum,3,,/local/scratch/a/rames102/Gurobi_QP/one_equality/complete_random
precond_pen=1.000,28,-1.8279607652360035,170.0451922979749,1.0,2,2.0945870876312256,2.093456983566284,0.0,0000111100100000111111101100,----++++--+-----+++++++-++--,0,True,"[[0.000114, 189.77411453], [0.008294, 172.70389659], [1.326485, 172.57008145], [1.459545, 172.34338992], [1.54932, 171.56319483], [1.649306, 170.0451923], [2.093457, 170.0451923]]",47,quantum,3,,/local/scratch/a/rames102/Gurobi_QP/one_equality/complete_random
baseline,28,169.15060624441494,169.15060624441492,,2,3.641045093536377,0.0073130130767822266,0.0,1110010101000010010010011111,+++--+-+-+----+--+--+--+++++,0,True,"[[0.000121, 183.97429537], [0.006091, 181.49585972], [0.007313, 169.15060624]]",48,quantum,3,,/local/scratch/a/rames102/Gurobi_QP/one_equality/complete_random
precond_pen=0.200,28,-29.991525573885895,171.02681736169313,0.2,2,0.3557901382446289,0.008775949478149414,0.0,1100001101000010011010111110,++----++-+----+--++-+-+++++-,0,True,"[[0.000124, 183.97429537], [0.00737, 188.56893836], [0.008776, 171.02681736]]",48,quantum,3,,/local/scratch/a/rames102/Gurobi_QP/one_equality/complete_random
precond_pen=0.300,28,-50.51002125839799,171.2376668390571,0.3,2,0.16213202476501465,0.008445024490356445,0.0,1100000101000110011010111110,++-----+-+---++--++-+-+++++-,0,True,"[[0.000114, 183.97429537], [0.007046, 189.40358831], [0.008445, 171.23766684]]",48,quantum,3,,/local/scratch/a/rames102/Gurobi_QP/one_equality/complete_random
precond_pen=0.400,28,-35.42739490424599,171.02681736169313,0.4,2,0.1796889305114746,0.00845193862915039,0.0,0011110010111101100101000001,--++++--+-++++-++--+-+-----+,0,True,"[[0.000113, 183.97429537], [0.007049, 184.83904996], [0.007578, 182.10029789], [0.008452, 171.02681736]]",48,quantum,3,,/local/scratch/a/rames102/Gurobi_QP/one_equality/complete_random
precond_pen=0.500,28,-26.328651398758012,171.02681736169313,0.5,2,0.1813499927520752,0.16125202178955078,0.0,0011110010111101100101000001,--++++--+-++++-++--+-+-----+,0,True,"[[0.000113, 183.97429537], [0.006764, 182.22797679], [0.008012, 170.27537789], [0.153608, 172.53748977], [0.161252, 171.02681736]]",48,quantum,3,,/local/scratch/a/rames102/Gurobi_QP/one_equality/complete_random
precond_pen=0.700,28,-20.150147993738994,169.94405881238492,0.7,2,0.20044493675231934,0.1998729705810547,0.0,1100010101000110011010011110,++---+-+-+---++--++-+--++++-,0,True,"[[0.000127, 183.97429537], [0.00725, 185.89323411], [0.007591, 185.0833588], [0.008423, 170.27537789], [0.197709, 169.94405881], [0.199873, 169.94405881]]",48,quantum,3,,/local/scratch/a/rames102/Gurobi_QP/one_equality/complete_random
precond_pen=0.800,28,-8.235546464659997,169.73768897578708,0.8,2,0.36515212059020996,0.008069992065429688,0.0,0011111010111101000101000001,--+++++-+-++++-+---+-+-----+,0,True,"[[0.000114, 183.97429537], [0.00807, 169.73768898]]",48,quantum,3,,/local/scratch/a/rames102/Gurobi_QP/one_equality/complete_random
precond_pen=1.000,28,-9.719683331298004,169.94405881238492,1.0,2,0.37265801429748535,0.37156105041503906,0.0,0011101010111001100101100001,--+++-+-+-+++--++--+-++----+,0,True,"[[0.000129, 183.97429537], [0.008285, 169.73768898], [0.371561, 169.94405881]]",48,quantum,3,,/local/scratch/a/rames102/Gurobi_QP/one_equality/complete_random
baseline,28,168.78779037312907,168.78779037312893,,2,3.120812177658081,1.290687084197998,0.0,0111101011100000001101110001,-++++-+-+++-------++-+++---+,0,True,"[[0.000117, 204.81576048], [0.005761, 192.47743654], [0.00629, 191.51811648], [0.006981, 173.61238808], [0.109821, 169.89779924], [1.290687, 168.78779037]]",49,quantum,3,,/local/scratch/a/rames102/Gurobi_QP/one_equality/complete_random
precond_pen=0.200,28,-26.17436195025718,170.53694640605903,0.2,2,0.34049296379089355,0.007997989654541016,0.0,1000010100011111100010001111,+----+-+---++++++---+---++++,0,True,"[[0.000119, 204.81576048], [0.006687, 197.241462], [0.007998, 170.53694641]]",49,quantum,3,,/local/scratch/a/rames102/Gurobi_QP/one_equality/complete_random
precond_pen=0.300,28,-51.582922730769,169.8977992411709,0.3,2,0.25869202613830566,0.008581876754760742,0.0,0111101001100000011101110100,-++++-+--++------+++-+++-+--,0,True,"[[0.000121, 204.81576048], [0.00696, 204.71251486], [0.007733, 188.52849739], [0.008582, 169.89779924]]",49,quantum,3,,/local/scratch/a/rames102/Gurobi_QP/one_equality/complete_random
precond_pen=0.400,28,-34.49253203406701,169.8977992411709,0.4,2,0.19818997383117676,0.008558034896850586,0.0,1000010110011111100010001011,+----+-++--++++++---+---+-++,0,True,"[[0.000113, 204.81576048], [0.006966, 185.16412969], [0.007895, 182.16429713], [0.008558, 169.89779924]]",49,quantum,3,,/local/scratch/a/rames102/Gurobi_QP/one_equality/complete_random
precond_pen=0.500,28,-25.006798504903003,168.78779037312893,0.5,2,0.23715806007385254,0.008913993835449219,0.0,1000010100011111110010001110,+----+-+---+++++++--+---+++-,0,True,"[[0.000111, 204.81576048], [0.00696, 191.82585415], [0.00772, 188.52849739], [0.00836, 182.43778646], [0.008914, 168.78779037]]",49,quantum,3,,/local/scratch/a/rames102/Gurobi_QP/one_equality/complete_random
precond_pen=0.700,28,-19.44940300693401,168.78779037312893,0.7,2,0.2024528980255127,0.00884389877319336,0.0,1000010100011111110010001110,+----+-+---+++++++--+---+++-,0,True,"[[0.000113, 204.81576048], [0.007054, 200.06298897], [0.007394, 201.73475661], [0.00803, 185.49301013], [0.008844, 168.78779037]]",49,quantum,3,,/local/scratch/a/rames102/Gurobi_QP/one_equality/complete_random
precond_pen=0.800,28,-2.3775534020449953,168.78779037312893,0.8,2,1.9297099113464355,1.9288489818572998,0.0,0111101011100000001101110001,-++++-+-+++-------++-+++---+,0,True,"[[0.000115, 204.81576048], [0.00802, 204.12170554], [0.00855, 173.5998805], [0.031125, 172.45432366], [1.141255, 171.19868045], [1.299424, 170.74479272], [1.646528, 169.97183809], [1.752597, 168.78779037], [1.928849, 168.78779037]]",49,quantum,3,,/local/scratch/a/rames102/Gurobi_QP/one_equality/complete_random
precond_pen=1.000,28,-12.390527958734994,168.78779037312893,1.0,2,0.2046799659729004,0.00875711441040039,0.0,1000010100011111110010001110,+----+-+---+++++++--+---+++-,0,True,"[[0.000119, 204.81576048], [0.007403, 198.00572062], [0.007773, 198.78098909], [0.008123, 190.70073549], [0.008757, 168.78779037]]",49,quantum,3,,/local/scratch/a/rames102/Gurobi_QP/one_equality/complete_random
