seed,layers,sweeps,preconditioner_family,name,penalty,presolve,event_idx,time_sec,orig_obj,running_best_orig_obj
0,2,,quantum,baseline,,True,0,0.000166,216.86669539,216.86669539
0,2,,quantum,baseline,,True,1,0.009353,209.50001618,209.50001618
0,2,,quantum,baseline,,True,2,0.010992,208.20871177,208.20871177
0,2,,quantum,baseline,,True,3,0.011431,202.70027902,202.70027902
0,2,,quantum,baseline,,True,4,0.01212,176.91274938,176.91274938
0,2,,quantum,precond_pen=0.200,0.2,True,0,0.000124,216.86669539,216.86669539
0,2,,quantum,precond_pen=0.200,0.2,True,1,0.007183,208.96796155,208.96796155
0,2,,quantum,precond_pen=0.200,0.2,True,2,0.008557,177.54280956,177.54280956
0,2,,quantum,precond_pen=0.300,0.3,True,0,0.000111,216.86669539,216.86669539
0,2,,quantum,precond_pen=0.300,0.3,True,1,0.007631,209.9508394,209.9508394
0,2,,quantum,precond_pen=0.300,0.3,True,2,0.008375,177.54280956,177.54280956
0,2,,quantum,precond_pen=0.400,0.4,True,0,0.000118,216.86669539,216.86669539
0,2,,quantum,precond_pen=0.400,0.4,True,1,0.006875,206.61938418,206.61938418
0,2,,quantum,precond_pen=0.400,0.4,True,2,0.0081,202.2840014,202.2840014
0,2,,quantum,precond_pen=0.400,0.4,True,3,0.008636,177.54280956,177.54280956
0,2,,quantum,precond_pen=0.500,0.5,True,0,0.000112,216.86669539,216.86669539
0,2,,quantum,precond_pen=0.500,0.5,True,1,0.006875,190.11496517,190.11496517
0,2,,quantum,precond_pen=0.500,0.5,True,2,0.008268,177.54280956,177.54280956
0,2,,quantum,precond_pen=0.600,0.6,True,0,0.000114,216.86669539,216.86669539
0,2,,quantum,precond_pen=0.600,0.6,True,1,0.00699,209.17963441,209.17963441
0,2,,quantum,precond_pen=0.600,0.6,True,2,0.00741,208.20871177,208.20871177
0,2,,quantum,precond_pen=0.600,0.6,True,3,0.007745,206.29846464,206.29846464
0,2,,quantum,precond_pen=0.600,0.6,True,4,0.00846,177.54280956,177.54280956
0,2,,quantum,precond_pen=0.700,0.7,True,0,0.000109,216.86669539,216.86669539
0,2,,quantum,precond_pen=0.700,0.7,True,1,0.007212,205.4462608,205.4462608
0,2,,quantum,precond_pen=0.700,0.7,True,2,0.008111,203.06731128,203.06731128
0,2,,quantum,precond_pen=0.700,0.7,True,3,0.008739,177.54280956,177.54280956
0,2,,quantum,precond_pen=0.800,0.8,True,0,0.000112,216.86669539,216.86669539
0,2,,quantum,precond_pen=0.800,0.8,True,1,0.007301,200.39060339,200.39060339
0,2,,quantum,precond_pen=0.800,0.8,True,2,0.008791,177.54280956,177.54280956
0,2,,quantum,precond_pen=1.000,1.0,True,0,0.000119,216.86669539,216.86669539
0,2,,quantum,precond_pen=1.000,1.0,True,1,0.00656,212.89708809,212.89708809
0,2,,quantum,precond_pen=1.000,1.0,True,2,0.007188,183.55995752,183.55995752
1,2,,quantum,baseline,,True,0,0.000129,189.51579027,189.51579027
1,2,,quantum,baseline,,True,1,0.0064,188.53795766,188.53795766
1,2,,quantum,baseline,,True,2,0.006799,165.80522431,165.80522431
1,2,,quantum,baseline,,True,3,0.109029,165.52263042,165.52263042
1,2,,quantum,baseline,,True,4,2.620558,164.80784601,164.80784601
1,2,,quantum,baseline,,True,5,4.082222,164.34075451,164.34075451
1,2,,quantum,baseline,,True,6,4.16441,164.34075451,164.34075451
1,2,,quantum,precond_pen=0.200,0.2,True,0,0.000122,189.51579027,189.51579027
1,2,,quantum,precond_pen=0.200,0.2,True,1,0.00736,189.82451633,189.51579027
1,2,,quantum,precond_pen=0.200,0.2,True,2,0.007782,186.18927205,186.18927205
1,2,,quantum,precond_pen=0.200,0.2,True,3,0.008179,187.33050216,186.18927205
1,2,,quantum,precond_pen=0.200,0.2,True,4,0.00876,164.95918572,164.95918572
1,2,,quantum,precond_pen=0.300,0.3,True,0,0.000114,189.51579027,189.51579027
1,2,,quantum,precond_pen=0.300,0.3,True,1,0.007038,184.56241844,184.56241844
1,2,,quantum,precond_pen=0.300,0.3,True,2,0.007565,187.30093231,184.56241844
1,2,,quantum,precond_pen=0.300,0.3,True,3,0.008387,167.01509984,167.01509984
1,2,,quantum,precond_pen=0.300,0.3,True,4,0.036664,167.24866531,167.01509984
1,2,,quantum,precond_pen=0.300,0.3,True,5,0.232408,164.95918572,164.95918572
1,2,,quantum,precond_pen=0.300,0.3,True,6,0.232917,164.95918572,164.95918572
1,2,,quantum,precond_pen=0.400,0.4,True,0,0.000114,189.51579027,189.51579027
1,2,,quantum,precond_pen=0.400,0.4,True,1,0.007163,173.69876991,173.69876991
1,2,,quantum,precond_pen=0.400,0.4,True,2,0.008682,164.80784601,164.80784601
1,2,,quantum,precond_pen=0.400,0.4,True,3,0.036085,164.95918572,164.80784601
1,2,,quantum,precond_pen=0.500,0.5,True,0,0.000112,189.51579027,189.51579027
1,2,,quantum,precond_pen=0.500,0.5,True,1,0.006974,178.64146554,178.64146554
1,2,,quantum,precond_pen=0.500,0.5,True,2,0.008312,164.80784601,164.80784601
1,2,,quantum,precond_pen=0.600,0.6,True,0,0.000119,189.51579027,189.51579027
1,2,,quantum,precond_pen=0.600,0.6,True,1,0.007141,181.33782207,181.33782207
1,2,,quantum,precond_pen=0.600,0.6,True,2,0.007897,181.11859451,181.11859451
1,2,,quantum,precond_pen=0.600,0.6,True,3,0.008734,165.80522431,165.80522431
1,2,,quantum,precond_pen=0.600,0.6,True,4,0.036719,165.77754011,165.77754011
1,2,,quantum,precond_pen=0.600,0.6,True,5,0.373415,164.95918572,164.95918572
1,2,,quantum,precond_pen=0.600,0.6,True,6,0.383796,164.80784601,164.80784601
1,2,,quantum,precond_pen=0.600,0.6,True,7,0.385445,164.80784601,164.80784601
1,2,,quantum,precond_pen=0.700,0.7,True,0,0.000111,189.51579027,189.51579027
1,2,,quantum,precond_pen=0.700,0.7,True,1,0.007334,180.02966138,180.02966138
1,2,,quantum,precond_pen=0.700,0.7,True,2,0.008414,180.70222469,180.02966138
1,2,,quantum,precond_pen=0.700,0.7,True,3,0.008911,165.77754011,165.77754011
1,2,,quantum,precond_pen=0.700,0.7,True,4,0.034964,164.95918572,164.95918572
1,2,,quantum,precond_pen=0.700,0.7,True,5,0.455521,164.80784601,164.80784601
1,2,,quantum,precond_pen=0.700,0.7,True,6,0.456103,164.80784601,164.80784601
1,2,,quantum,precond_pen=0.800,0.8,True,0,0.000117,189.51579027,189.51579027
1,2,,quantum,precond_pen=0.800,0.8,True,1,0.007371,182.86422799,182.86422799
1,2,,quantum,precond_pen=0.800,0.8,True,2,0.008039,182.88842856,182.86422799
1,2,,quantum,precond_pen=0.800,0.8,True,3,0.009014,166.51968146,166.51968146
1,2,,quantum,precond_pen=0.800,0.8,True,4,0.036922,165.52263042,165.52263042
1,2,,quantum,precond_pen=0.800,0.8,True,5,0.037937,164.80784601,164.80784601
1,2,,quantum,precond_pen=1.000,1.0,True,0,0.000114,189.51579027,189.51579027
1,2,,quantum,precond_pen=1.000,1.0,True,1,0.00809,182.2253646,182.2253646
1,2,,quantum,precond_pen=1.000,1.0,True,2,0.008536,166.38871138,166.38871138
1,2,,quantum,precond_pen=1.000,1.0,True,3,0.033163,164.34075451,164.34075451
2,2,,quantum,baseline,,True,0,0.000123,184.10834611,184.10834611
2,2,,quantum,baseline,,True,1,0.006638,171.96795728,171.96795728
2,2,,quantum,baseline,,True,2,0.472753,171.37074414,171.37074414
2,2,,quantum,baseline,,True,3,0.526084,167.09271777,167.09271777
2,2,,quantum,baseline,,True,4,0.555187,165.84205169,165.84205169
2,2,,quantum,baseline,,True,5,0.714191,165.7982707,165.7982707
2,2,,quantum,precond_pen=0.200,0.2,True,0,0.000142,184.10834611,184.10834611
2,2,,quantum,precond_pen=0.200,0.2,True,1,0.006703,184.15971354,184.10834611
2,2,,quantum,precond_pen=0.200,0.2,True,2,0.007171,181.85948223,181.85948223
2,2,,quantum,precond_pen=0.200,0.2,True,3,0.007882,165.84205169,165.84205169
2,2,,quantum,precond_pen=0.300,0.3,True,0,0.000128,184.10834611,184.10834611
2,2,,quantum,precond_pen=0.300,0.3,True,1,0.007185,182.70298599,182.70298599
2,2,,quantum,precond_pen=0.300,0.3,True,2,0.007788,180.70293449,180.70293449
2,2,,quantum,precond_pen=0.300,0.3,True,3,0.008843,165.84205169,165.84205169
2,2,,quantum,precond_pen=0.400,0.4,True,0,0.000132,184.10834611,184.10834611
2,2,,quantum,precond_pen=0.400,0.4,True,1,0.007527,182.03832874,182.03832874
2,2,,quantum,precond_pen=0.400,0.4,True,2,0.008036,165.84205169,165.84205169
2,2,,quantum,precond_pen=0.500,0.5,True,0,0.000127,184.10834611,184.10834611
2,2,,quantum,precond_pen=0.500,0.5,True,1,0.007373,183.72113792,183.72113792
2,2,,quantum,precond_pen=0.500,0.5,True,2,0.007992,180.70293449,180.70293449
2,2,,quantum,precond_pen=0.500,0.5,True,3,0.009105,165.84205169,165.84205169
2,2,,quantum,precond_pen=0.600,0.6,True,0,0.00013,184.10834611,184.10834611
2,2,,quantum,precond_pen=0.600,0.6,True,1,0.007992,165.84205169,165.84205169
2,2,,quantum,precond_pen=0.700,0.7,True,0,0.000128,184.10834611,184.10834611
2,2,,quantum,precond_pen=0.700,0.7,True,1,0.007747,182.89795925,182.89795925
2,2,,quantum,precond_pen=0.700,0.7,True,2,0.008293,165.84205169,165.84205169
2,2,,quantum,precond_pen=0.800,0.8,True,0,0.000129,184.10834611,184.10834611
2,2,,quantum,precond_pen=0.800,0.8,True,1,0.007545,181.34244263,181.34244263
2,2,,quantum,precond_pen=0.800,0.8,True,2,0.008121,180.70293449,180.70293449
2,2,,quantum,precond_pen=0.800,0.8,True,3,0.00932,165.84205169,165.84205169
2,2,,quantum,precond_pen=1.000,1.0,True,0,0.000129,184.10834611,184.10834611
2,2,,quantum,precond_pen=1.000,1.0,True,1,0.008258,178.43329187,178.43329187
2,2,,quantum,precond_pen=1.000,1.0,True,2,0.0089,167.71802224,167.71802224
2,2,,quantum,precond_pen=1.000,1.0,True,3,0.037379,165.84205169,165.84205169
3,2,,quantum,baseline,,True,0,0.00013,208.90331006,208.90331006
3,2,,quantum,baseline,,True,1,0.006286,203.13903248,203.13903248
3,2,,quantum,baseline,,True,2,0.007052,202.85982487,202.85982487
3,2,,quantum,baseline,,True,3,0.007704,169.8500759,169.8500759
3,2,,quantum,precond_pen=0.200,0.2,True,0,0.000136,208.90331006,208.90331006
3,2,,quantum,precond_pen=0.200,0.2,True,1,0.007242,203.23180851,203.23180851
3,2,,quantum,precond_pen=0.200,0.2,True,2,0.008638,170.16100371,170.16100371
3,2,,quantum,precond_pen=0.300,0.3,True,0,0.00013,208.90331006,208.90331006
3,2,,quantum,precond_pen=0.300,0.3,True,1,0.007096,195.60843645,195.60843645
3,2,,quantum,precond_pen=0.300,0.3,True,2,0.00848,169.871934,169.871934
3,2,,quantum,precond_pen=0.400,0.4,True,0,0.000127,208.90331006,208.90331006
3,2,,quantum,precond_pen=0.400,0.4,True,1,0.007398,189.9404634,189.9404634
3,2,,quantum,precond_pen=0.400,0.4,True,2,0.008701,170.16100371,170.16100371
3,2,,quantum,precond_pen=0.400,0.4,True,3,0.239651,169.8500759,169.8500759
3,2,,quantum,precond_pen=0.400,0.4,True,4,0.240046,169.8500759,169.8500759
3,2,,quantum,precond_pen=0.500,0.5,True,0,0.000128,208.90331006,208.90331006
3,2,,quantum,precond_pen=0.500,0.5,True,1,0.007309,181.85487822,181.85487822
3,2,,quantum,precond_pen=0.500,0.5,True,2,0.008492,170.16100371,170.16100371
3,2,,quantum,precond_pen=0.600,0.6,True,0,0.000126,208.90331006,208.90331006
3,2,,quantum,precond_pen=0.600,0.6,True,1,0.007173,184.84548736,184.84548736
3,2,,quantum,precond_pen=0.600,0.6,True,2,0.008718,169.871934,169.871934
3,2,,quantum,precond_pen=0.700,0.7,True,0,0.000126,208.90331006,208.90331006
3,2,,quantum,precond_pen=0.700,0.7,True,1,0.007494,188.6717801,188.6717801
3,2,,quantum,precond_pen=0.700,0.7,True,2,0.009055,169.871934,169.871934
3,2,,quantum,precond_pen=0.800,0.8,True,0,0.000127,208.90331006,208.90331006
3,2,,quantum,precond_pen=0.800,0.8,True,1,0.007532,188.76408673,188.76408673
3,2,,quantum,precond_pen=0.800,0.8,True,2,0.008779,169.8500759,169.8500759
3,2,,quantum,precond_pen=1.000,1.0,True,0,0.000128,208.90331006,208.90331006
3,2,,quantum,precond_pen=1.000,1.0,True,1,0.007529,198.02608979,198.02608979
3,2,,quantum,precond_pen=1.000,1.0,True,2,0.007966,169.8500759,169.8500759
4,2,,quantum,baseline,,True,0,0.000134,209.69549112,209.69549112
4,2,,quantum,baseline,,True,1,0.006298,201.66607549,201.66607549
4,2,,quantum,baseline,,True,2,0.00758,188.11622948,188.11622948
4,2,,quantum,baseline,,True,3,0.111949,186.87216314,186.87216314
4,2,,quantum,baseline,,True,4,0.112065,186.34332473,186.34332473
4,2,,quantum,baseline,,True,5,4.047237,185.7047525,185.7047525
4,2,,quantum,baseline,,True,6,4.165687,185.7047525,185.7047525
4,2,,quantum,precond_pen=0.200,0.2,True,0,0.000135,209.69549112,209.69549112
4,2,,quantum,precond_pen=0.200,0.2,True,1,0.007294,188.91219704,188.91219704
4,2,,quantum,precond_pen=0.300,0.3,True,0,0.000129,209.69549112,209.69549112
4,2,,quantum,precond_pen=0.300,0.3,True,1,0.007137,202.24578739,202.24578739
4,2,,quantum,precond_pen=0.300,0.3,True,2,0.007516,206.71170504,202.24578739
4,2,,quantum,precond_pen=0.300,0.3,True,3,0.007971,204.6346395,202.24578739
4,2,,quantum,precond_pen=0.300,0.3,True,4,0.008473,188.91219704,188.91219704
4,2,,quantum,precond_pen=0.400,0.4,True,0,0.000135,209.69549112,209.69549112
4,2,,quantum,precond_pen=0.400,0.4,True,1,0.00768,206.77810175,206.77810175
4,2,,quantum,precond_pen=0.400,0.4,True,2,0.008127,201.68383611,201.68383611
4,2,,quantum,precond_pen=0.400,0.4,True,3,0.008889,188.91219704,188.91219704
4,2,,quantum,precond_pen=0.500,0.5,True,0,0.000131,209.69549112,209.69549112
4,2,,quantum,precond_pen=0.500,0.5,True,1,0.007597,205.69915902,205.69915902
4,2,,quantum,precond_pen=0.500,0.5,True,2,0.008326,201.68383611,201.68383611
4,2,,quantum,precond_pen=0.500,0.5,True,3,0.009115,186.99119036,186.99119036
4,2,,quantum,precond_pen=0.600,0.6,True,0,0.000131,209.69549112,209.69549112
4,2,,quantum,precond_pen=0.600,0.6,True,1,0.008076,205.12897568,205.12897568
4,2,,quantum,precond_pen=0.600,0.6,True,2,0.008502,201.68383611,201.68383611
4,2,,quantum,precond_pen=0.600,0.6,True,3,0.009053,200.8654953,200.8654953
4,2,,quantum,precond_pen=0.600,0.6,True,4,0.009724,186.34332473,186.34332473
4,2,,quantum,precond_pen=0.600,0.6,True,5,0.2368,185.7047525,185.7047525
4,2,,quantum,precond_pen=0.700,0.7,True,0,0.000144,209.69549112,209.69549112
4,2,,quantum,precond_pen=0.700,0.7,True,1,0.007783,200.62259463,200.62259463
4,2,,quantum,precond_pen=0.700,0.7,True,2,0.009155,185.7047525,185.7047525
4,2,,quantum,precond_pen=0.800,0.8,True,0,0.000131,209.69549112,209.69549112
4,2,,quantum,precond_pen=0.800,0.8,True,1,0.008126,206.32690116,206.32690116
4,2,,quantum,precond_pen=0.800,0.8,True,2,0.008489,192.40576089,192.40576089
4,2,,quantum,precond_pen=0.800,0.8,True,3,0.035027,186.87216314,186.87216314
4,2,,quantum,precond_pen=0.800,0.8,True,4,0.769055,185.7047525,185.7047525
4,2,,quantum,precond_pen=0.800,0.8,True,5,0.804922,185.7047525,185.7047525
4,2,,quantum,precond_pen=1.000,1.0,True,0,0.00013,209.69549112,209.69549112
4,2,,quantum,precond_pen=1.000,1.0,True,1,0.00778,207.57298815,207.57298815
4,2,,quantum,precond_pen=1.000,1.0,True,2,0.008236,190.22864835,190.22864835
4,2,,quantum,precond_pen=1.000,1.0,True,3,0.026551,185.7047525,185.7047525
5,2,,quantum,baseline,,True,0,0.000134,189.25660748,189.25660748
5,2,,quantum,baseline,,True,1,0.006705,165.42289692,165.42289692
5,2,,quantum,baseline,,True,2,0.110893,164.94155625,164.94155625
5,2,,quantum,baseline,,True,3,0.285937,163.04411848,163.04411848
5,2,,quantum,baseline,,True,4,3.489146,163.04411848,163.04411848
5,2,,quantum,precond_pen=0.200,0.2,True,0,0.000137,189.25660748,189.25660748
5,2,,quantum,precond_pen=0.200,0.2,True,1,0.007173,185.10437219,185.10437219
5,2,,quantum,precond_pen=0.200,0.2,True,2,0.008494,163.04411848,163.04411848
5,2,,quantum,precond_pen=0.300,0.3,True,0,0.000127,189.25660748,189.25660748
5,2,,quantum,precond_pen=0.300,0.3,True,1,0.007115,184.16008474,184.16008474
5,2,,quantum,precond_pen=0.300,0.3,True,2,0.007602,165.96874463,165.96874463
5,2,,quantum,precond_pen=0.300,0.3,True,3,0.036062,163.04411848,163.04411848
5,2,,quantum,precond_pen=0.400,0.4,True,0,0.000125,189.25660748,189.25660748
5,2,,quantum,precond_pen=0.400,0.4,True,1,0.007117,186.23412367,186.23412367
5,2,,quantum,precond_pen=0.400,0.4,True,2,0.00748,183.04698791,183.04698791
5,2,,quantum,precond_pen=0.400,0.4,True,3,0.007899,183.54195737,183.04698791
5,2,,quantum,precond_pen=0.400,0.4,True,4,0.008497,163.04411848,163.04411848
5,2,,quantum,precond_pen=0.500,0.5,True,0,0.000144,189.25660748,189.25660748
5,2,,quantum,precond_pen=0.500,0.5,True,1,0.006975,176.62037245,176.62037245
5,2,,quantum,precond_pen=0.500,0.5,True,2,0.008449,166.24356999,166.24356999
5,2,,quantum,precond_pen=0.500,0.5,True,3,0.037107,163.04411848,163.04411848
5,2,,quantum,precond_pen=0.600,0.6,True,0,0.000127,189.25660748,189.25660748
5,2,,quantum,precond_pen=0.600,0.6,True,1,0.007639,189.26086287,189.25660748
5,2,,quantum,precond_pen=0.600,0.6,True,2,0.008009,183.04698791,183.04698791
5,2,,quantum,precond_pen=0.600,0.6,True,3,0.008475,181.326427,181.326427
5,2,,quantum,precond_pen=0.600,0.6,True,4,0.009231,164.36600589,164.36600589
5,2,,quantum,precond_pen=0.600,0.6,True,5,0.036696,165.81526347,164.36600589
5,2,,quantum,precond_pen=0.600,0.6,True,6,0.03683,163.04411848,163.04411848
5,2,,quantum,precond_pen=0.700,0.7,True,0,0.000131,189.25660748,189.25660748
5,2,,quantum,precond_pen=0.700,0.7,True,1,0.007658,188.43649335,188.43649335
5,2,,quantum,precond_pen=0.700,0.7,True,2,0.008236,163.04411848,163.04411848
5,2,,quantum,precond_pen=0.800,0.8,True,0,0.000127,189.25660748,189.25660748
5,2,,quantum,precond_pen=0.800,0.8,True,1,0.008024,183.42628679,183.42628679
5,2,,quantum,precond_pen=0.800,0.8,True,2,0.008757,163.89329064,163.89329064
5,2,,quantum,precond_pen=0.800,0.8,True,3,0.834304,163.04411848,163.04411848
5,2,,quantum,precond_pen=0.800,0.8,True,4,0.852309,163.04411848,163.04411848
5,2,,quantum,precond_pen=1.000,1.0,True,0,0.00013,189.25660748,189.25660748
5,2,,quantum,precond_pen=1.000,1.0,True,1,0.008594,171.411483,171.411483
5,2,,quantum,precond_pen=1.000,1.0,True,2,0.009215,165.27653822,165.27653822
5,2,,quantum,precond_pen=1.000,1.0,True,3,0.894198,163.04411848,163.04411848
5,2,,quantum,precond_pen=1.000,1.0,True,4,0.914359,163.04411848,163.04411848
6,2,,quantum,baseline,,True,0,0.000129,209.5918113,209.5918113
6,2,,quantum,baseline,,True,1,0.006346,206.44018163,206.44018163
6,2,,quantum,baseline,,True,2,0.006995,204.78281239,204.78281239
6,2,,quantum,baseline,,True,3,0.007353,203.07277917,203.07277917
6,2,,quantum,baseline,,True,4,0.007877,171.28420631,171.28420631
6,2,,quantum,precond_pen=0.200,0.2,True,0,0.000131,209.5918113,209.5918113
6,2,,quantum,precond_pen=0.200,0.2,True,1,0.007997,193.14946829,193.14946829
6,2,,quantum,precond_pen=0.200,0.2,True,2,0.009374,173.48773169,173.48773169
6,2,,quantum,precond_pen=0.300,0.3,True,0,0.000136,209.5918113,209.5918113
6,2,,quantum,precond_pen=0.300,0.3,True,1,0.007,182.70425437,182.70425437
6,2,,quantum,precond_pen=0.300,0.3,True,2,0.008269,173.48773169,173.48773169
6,2,,quantum,precond_pen=0.400,0.4,True,0,0.000129,209.5918113,209.5918113
6,2,,quantum,precond_pen=0.400,0.4,True,1,0.007295,197.05639792,197.05639792
6,2,,quantum,precond_pen=0.400,0.4,True,2,0.008619,190.77394088,190.77394088
6,2,,quantum,precond_pen=0.400,0.4,True,3,0.009565,171.28420631,171.28420631
6,2,,quantum,precond_pen=0.500,0.5,True,0,0.000129,209.5918113,209.5918113
6,2,,quantum,precond_pen=0.500,0.5,True,1,0.007248,192.9378816,192.9378816
6,2,,quantum,precond_pen=0.500,0.5,True,2,0.008308,191.37834095,191.37834095
6,2,,quantum,precond_pen=0.500,0.5,True,3,0.009093,171.28420631,171.28420631
6,2,,quantum,precond_pen=0.600,0.6,True,0,0.000126,209.5918113,209.5918113
6,2,,quantum,precond_pen=0.600,0.6,True,1,0.007428,190.35968393,190.35968393
6,2,,quantum,precond_pen=0.600,0.6,True,2,0.009017,171.28420631,171.28420631
6,2,,quantum,precond_pen=0.700,0.7,True,0,0.000131,209.5918113,209.5918113
6,2,,quantum,precond_pen=0.700,0.7,True,1,0.007529,198.49678518,198.49678518
6,2,,quantum,precond_pen=0.700,0.7,True,2,0.008757,188.91045361,188.91045361
6,2,,quantum,precond_pen=0.700,0.7,True,3,0.009185,178.31080061,178.31080061
6,2,,quantum,precond_pen=0.700,0.7,True,4,0.037869,171.28420631,171.28420631
6,2,,quantum,precond_pen=0.800,0.8,True,0,0.000129,209.5918113,209.5918113
6,2,,quantum,precond_pen=0.800,0.8,True,1,0.006926,183.193995,183.193995
6,2,,quantum,precond_pen=1.000,1.0,True,0,0.000153,209.5918113,209.5918113
6,2,,quantum,precond_pen=1.000,1.0,True,1,0.008148,201.38780158,201.38780158
6,2,,quantum,precond_pen=1.000,1.0,True,2,0.008539,176.50141926,176.50141926
6,2,,quantum,precond_pen=1.000,1.0,True,3,1.02212,171.81080038,171.81080038
6,2,,quantum,precond_pen=1.000,1.0,True,4,1.209597,171.28420631,171.28420631
6,2,,quantum,precond_pen=1.000,1.0,True,5,1.42768,171.28420631,171.28420631
7,2,,quantum,baseline,,True,0,0.00013,195.7544466,195.7544466
7,2,,quantum,baseline,,True,1,0.006797,167.76067416,167.76067416
7,2,,quantum,precond_pen=0.200,0.2,True,0,0.000132,195.7544466,195.7544466
7,2,,quantum,precond_pen=0.200,0.2,True,1,0.007657,192.77912373,192.77912373
7,2,,quantum,precond_pen=0.200,0.2,True,2,0.008506,192.46203291,192.46203291
7,2,,quantum,precond_pen=0.200,0.2,True,3,0.009198,168.58817524,168.58817524
7,2,,quantum,precond_pen=0.300,0.3,True,0,0.000132,195.7544466,195.7544466
7,2,,quantum,precond_pen=0.300,0.3,True,1,0.007231,181.21678267,181.21678267
7,2,,quantum,precond_pen=0.300,0.3,True,2,0.008465,168.58817524,168.58817524
7,2,,quantum,precond_pen=0.400,0.4,True,0,0.00013,195.7544466,195.7544466
7,2,,quantum,precond_pen=0.400,0.4,True,1,0.007443,190.02953759,190.02953759
7,2,,quantum,precond_pen=0.400,0.4,True,2,0.009093,168.58817524,168.58817524
7,2,,quantum,precond_pen=0.500,0.5,True,0,0.000153,195.7544466,195.7544466
7,2,,quantum,precond_pen=0.500,0.5,True,1,0.007322,192.24350822,192.24350822
7,2,,quantum,precond_pen=0.500,0.5,True,2,0.007795,190.44144677,190.44144677
7,2,,quantum,precond_pen=0.500,0.5,True,3,0.008451,182.3241009,182.3241009
7,2,,quantum,precond_pen=0.500,0.5,True,4,0.009,167.76067416,167.76067416
7,2,,quantum,precond_pen=0.500,0.5,True,5,0.184555,168.58817524,167.76067416
7,2,,quantum,precond_pen=0.500,0.5,True,6,0.199137,168.58817524,167.76067416
7,2,,quantum,precond_pen=0.600,0.6,True,0,0.000126,195.7544466,195.7544466
7,2,,quantum,precond_pen=0.600,0.6,True,1,0.007633,196.64185453,195.7544466
7,2,,quantum,precond_pen=0.600,0.6,True,2,0.00805,192.46203291,192.46203291
7,2,,quantum,precond_pen=0.600,0.6,True,3,0.008433,190.6697987,190.6697987
7,2,,quantum,precond_pen=0.600,0.6,True,4,0.008948,167.76067416,167.76067416
7,2,,quantum,precond_pen=0.700,0.7,True,0,0.000128,195.7544466,195.7544466
7,2,,quantum,precond_pen=0.700,0.7,True,1,0.007689,186.32124922,186.32124922
7,2,,quantum,precond_pen=0.700,0.7,True,2,0.009039,168.58817524,168.58817524
7,2,,quantum,precond_pen=0.700,0.7,True,3,0.250038,167.76067416,167.76067416
7,2,,quantum,precond_pen=0.700,0.7,True,4,0.253378,167.76067416,167.76067416
7,2,,quantum,precond_pen=0.800,0.8,True,0,0.000127,195.7544466,195.7544466
7,2,,quantum,precond_pen=0.800,0.8,True,1,0.007864,185.98123932,185.98123932
7,2,,quantum,precond_pen=0.800,0.8,True,2,0.008301,168.71818314,168.71818314
7,2,,quantum,precond_pen=0.800,0.8,True,3,0.036604,167.76067416,167.76067416
7,2,,quantum,precond_pen=1.000,1.0,True,0,0.000126,195.7544466,195.7544466
7,2,,quantum,precond_pen=1.000,1.0,True,1,0.007631,179.33183741,179.33183741
7,2,,quantum,precond_pen=1.000,1.0,True,2,0.007964,168.71818314,168.71818314
7,2,,quantum,precond_pen=1.000,1.0,True,3,1.258514,167.76067416,167.76067416
7,2,,quantum,precond_pen=1.000,1.0,True,4,1.777994,167.76067416,167.76067416
8,2,,quantum,baseline,,True,0,0.000134,191.12426956,191.12426956
8,2,,quantum,baseline,,True,1,0.006939,162.44650092,162.44650092
8,2,,quantum,precond_pen=0.200,0.2,True,0,0.000151,191.12426956,191.12426956
8,2,,quantum,precond_pen=0.200,0.2,True,1,0.00731,188.17892082,188.17892082
8,2,,quantum,precond_pen=0.200,0.2,True,2,0.008506,163.35473011,163.35473011
8,2,,quantum,precond_pen=0.300,0.3,True,0,0.000127,191.12426956,191.12426956
8,2,,quantum,precond_pen=0.300,0.3,True,1,0.007338,190.86031743,190.86031743
8,2,,quantum,precond_pen=0.300,0.3,True,2,0.008002,163.35473011,163.35473011
8,2,,quantum,precond_pen=0.400,0.4,True,0,0.000133,191.12426956,191.12426956
8,2,,quantum,precond_pen=0.400,0.4,True,1,0.007596,181.11094393,181.11094393
8,2,,quantum,precond_pen=0.400,0.4,True,2,0.008988,163.35473011,163.35473011
8,2,,quantum,precond_pen=0.500,0.5,True,0,0.000128,191.12426956,191.12426956
8,2,,quantum,precond_pen=0.500,0.5,True,1,0.007409,189.21116171,189.21116171
8,2,,quantum,precond_pen=0.500,0.5,True,2,0.008307,183.91546491,183.91546491
8,2,,quantum,precond_pen=0.500,0.5,True,3,0.008931,166.03641942,166.03641942
8,2,,quantum,precond_pen=0.500,0.5,True,4,0.039799,163.35473011,163.35473011
8,2,,quantum,precond_pen=0.600,0.6,True,0,0.00013,191.12426956,191.12426956
8,2,,quantum,precond_pen=0.600,0.6,True,1,0.00763,186.01308522,186.01308522
8,2,,quantum,precond_pen=0.600,0.6,True,2,0.00883,180.82576876,180.82576876
8,2,,quantum,precond_pen=0.600,0.6,True,3,0.00949,171.73592301,171.73592301
8,2,,quantum,precond_pen=0.600,0.6,True,4,0.037875,166.03641942,166.03641942
8,2,,quantum,precond_pen=0.600,0.6,True,5,0.039137,162.44650092,162.44650092
8,2,,quantum,precond_pen=0.700,0.7,True,0,0.000134,191.12426956,191.12426956
8,2,,quantum,precond_pen=0.700,0.7,True,1,0.007909,186.18979839,186.18979839
8,2,,quantum,precond_pen=0.700,0.7,True,2,0.008806,184.92050233,184.92050233
8,2,,quantum,precond_pen=0.700,0.7,True,3,0.009581,166.03641942,166.03641942
8,2,,quantum,precond_pen=0.700,0.7,True,4,0.038348,162.44650092,162.44650092
8,2,,quantum,precond_pen=0.800,0.8,True,0,0.00013,191.12426956,191.12426956
8,2,,quantum,precond_pen=0.800,0.8,True,1,0.008245,191.67730904,191.12426956
8,2,,quantum,precond_pen=0.800,0.8,True,2,0.008756,166.03641942,166.03641942
8,2,,quantum,precond_pen=0.800,0.8,True,3,0.03793,162.44650092,162.44650092
8,2,,quantum,precond_pen=1.000,1.0,True,0,0.00013,191.12426956,191.12426956
8,2,,quantum,precond_pen=1.000,1.0,True,1,0.007997,183.63152609,183.63152609
8,2,,quantum,precond_pen=1.000,1.0,True,2,0.009139,178.3914042,178.3914042
8,2,,quantum,precond_pen=1.000,1.0,True,3,0.009698,162.44650092,162.44650092
9,2,,quantum,baseline,,True,0,0.000132,207.38060405,207.38060405
9,2,,quantum,baseline,,True,1,0.006024,201.77391187,201.77391187
9,2,,quantum,baseline,,True,2,0.007245,174.57766661,174.57766661
9,2,,quantum,baseline,,True,3,0.110487,173.91362634,173.91362634
9,2,,quantum,precond_pen=0.200,0.2,True,0,0.000144,207.38060405,207.38060405
9,2,,quantum,precond_pen=0.200,0.2,True,1,0.008873,176.53755543,176.53755543
9,2,,quantum,precond_pen=0.300,0.3,True,0,0.000134,207.38060405,207.38060405
9,2,,quantum,precond_pen=0.300,0.3,True,1,0.007194,196.1287298,196.1287298
9,2,,quantum,precond_pen=0.300,0.3,True,2,0.008466,176.53755543,176.53755543
9,2,,quantum,precond_pen=0.400,0.4,True,0,0.000132,207.38060405,207.38060405
9,2,,quantum,precond_pen=0.400,0.4,True,1,0.007364,198.87586724,198.87586724
9,2,,quantum,precond_pen=0.400,0.4,True,2,0.00885,175.10328783,175.10328783
9,2,,quantum,precond_pen=0.400,0.4,True,3,0.037707,174.72750843,174.72750843
9,2,,quantum,precond_pen=0.500,0.5,True,0,0.000151,207.38060405,207.38060405
9,2,,quantum,precond_pen=0.500,0.5,True,1,0.007376,198.1938969,198.1938969
9,2,,quantum,precond_pen=0.500,0.5,True,2,0.008596,192.5192096,192.5192096
9,2,,quantum,precond_pen=0.500,0.5,True,3,0.009402,174.72750843,174.72750843
9,2,,quantum,precond_pen=0.600,0.6,True,0,0.000127,207.38060405,207.38060405
9,2,,quantum,precond_pen=0.600,0.6,True,1,0.007421,202.07206846,202.07206846
9,2,,quantum,precond_pen=0.600,0.6,True,2,0.008659,192.53430338,192.53430338
9,2,,quantum,precond_pen=0.600,0.6,True,3,0.0092,175.10328783,175.10328783
9,2,,quantum,precond_pen=0.600,0.6,True,4,0.037681,173.91362634,173.91362634
9,2,,quantum,precond_pen=0.700,0.7,True,0,0.000131,207.38060405,207.38060405
9,2,,quantum,precond_pen=0.700,0.7,True,1,0.007539,203.3457347,203.3457347
9,2,,quantum,precond_pen=0.700,0.7,True,2,0.008479,197.58166785,197.58166785
9,2,,quantum,precond_pen=0.700,0.7,True,3,0.009128,176.67908685,176.67908685
9,2,,quantum,precond_pen=0.700,0.7,True,4,0.035754,176.13326589,176.13326589
9,2,,quantum,precond_pen=0.700,0.7,True,5,0.291368,173.91362634,173.91362634
9,2,,quantum,precond_pen=0.700,0.7,True,6,0.322276,173.91362634,173.91362634
9,2,,quantum,precond_pen=0.800,0.8,True,0,0.00013,207.38060405,207.38060405
9,2,,quantum,precond_pen=0.800,0.8,True,1,0.00751,202.1894013,202.1894013
9,2,,quantum,precond_pen=0.800,0.8,True,2,0.008689,195.87055889,195.87055889
9,2,,quantum,precond_pen=0.800,0.8,True,3,0.009371,173.91362634,173.91362634
9,2,,quantum,precond_pen=1.000,1.0,True,0,0.000132,207.38060405,207.38060405
9,2,,quantum,precond_pen=1.000,1.0,True,1,0.007713,191.97331834,191.97331834
9,2,,quantum,precond_pen=1.000,1.0,True,2,0.008519,189.82945725,189.82945725
9,2,,quantum,precond_pen=1.000,1.0,True,3,0.009109,173.91362634,173.91362634
10,2,,quantum,baseline,,True,0,0.000132,194.61342848,194.61342848
10,2,,quantum,baseline,,True,1,0.006155,191.80386798,191.80386798
10,2,,quantum,baseline,,True,2,0.006873,190.42471903,190.42471903
10,2,,quantum,baseline,,True,3,0.007586,167.41336224,167.41336224
10,2,,quantum,precond_pen=0.200,0.2,True,0,0.000134,194.61342848,194.61342848
10,2,,quantum,precond_pen=0.200,0.2,True,1,0.007429,193.96447232,193.96447232
10,2,,quantum,precond_pen=0.200,0.2,True,2,0.008369,194.50532817,193.96447232
10,2,,quantum,precond_pen=0.200,0.2,True,3,0.009492,167.43875541,167.43875541
10,2,,quantum,precond_pen=0.300,0.3,True,0,0.000173,194.61342848,194.61342848
10,2,,quantum,precond_pen=0.300,0.3,True,1,0.007231,192.57291571,192.57291571
10,2,,quantum,precond_pen=0.300,0.3,True,2,0.007964,167.43875541,167.43875541
10,2,,quantum,precond_pen=0.400,0.4,True,0,0.000126,194.61342848,194.61342848
10,2,,quantum,precond_pen=0.400,0.4,True,1,0.007757,185.34022255,185.34022255
10,2,,quantum,precond_pen=0.400,0.4,True,2,0.008385,167.43875541,167.43875541
10,2,,quantum,precond_pen=0.500,0.5,True,0,0.000128,194.61342848,194.61342848
10,2,,quantum,precond_pen=0.500,0.5,True,1,0.007585,193.83054192,193.83054192
10,2,,quantum,precond_pen=0.500,0.5,True,2,0.008079,194.50532817,193.83054192
10,2,,quantum,precond_pen=0.500,0.5,True,3,0.009184,167.41336224,167.41336224
10,2,,quantum,precond_pen=0.500,0.5,True,4,0.270188,169.07679276,167.41336224
10,2,,quantum,precond_pen=0.600,0.6,True,0,0.000131,194.61342848,194.61342848
10,2,,quantum,precond_pen=0.600,0.6,True,1,0.007684,190.12685678,190.12685678
10,2,,quantum,precond_pen=0.600,0.6,True,2,0.009165,167.41336224,167.41336224
10,2,,quantum,precond_pen=0.700,0.7,True,0,0.000129,194.61342848,194.61342848
10,2,,quantum,precond_pen=0.700,0.7,True,1,0.007465,194.41166818,194.41166818
10,2,,quantum,precond_pen=0.700,0.7,True,2,0.008305,167.41336224,167.41336224
10,2,,quantum,precond_pen=0.800,0.8,True,0,0.000128,194.61342848,194.61342848
10,2,,quantum,precond_pen=0.800,0.8,True,1,0.007926,192.50049465,192.50049465
10,2,,quantum,precond_pen=0.800,0.8,True,2,0.008511,191.99389472,191.99389472
10,2,,quantum,precond_pen=0.800,0.8,True,3,0.009489,167.41336224,167.41336224
10,2,,quantum,precond_pen=1.000,1.0,True,0,0.000133,194.61342848,194.61342848
10,2,,quantum,precond_pen=1.000,1.0,True,1,0.009155,172.84636781,172.84636781
10,2,,quantum,precond_pen=1.000,1.0,True,2,0.870408,168.86848661,168.86848661
10,2,,quantum,precond_pen=1.000,1.0,True,3,0.916716,168.55377005,168.55377005
10,2,,quantum,precond_pen=1.000,1.0,True,4,0.963239,167.43875541,167.43875541
10,2,,quantum,precond_pen=1.000,1.0,True,5,1.188583,167.41336224,167.41336224
11,2,,quantum,baseline,,True,0,0.000143,194.75035761,194.75035761
11,2,,quantum,baseline,,True,1,0.006978,189.18731885,189.18731885
11,2,,quantum,baseline,,True,2,0.007373,186.0595437,186.0595437
11,2,,quantum,baseline,,True,3,0.007941,158.84896493,158.84896493
11,2,,quantum,baseline,,True,4,0.113067,154.56207709,154.56207709
11,2,,quantum,precond_pen=0.200,0.2,True,0,0.000133,194.75035761,194.75035761
11,2,,quantum,precond_pen=0.200,0.2,True,1,0.00731,182.00967326,182.00967326
11,2,,quantum,precond_pen=0.200,0.2,True,2,0.008531,178.87828073,178.87828073
11,2,,quantum,precond_pen=0.200,0.2,True,3,0.009262,158.76823855,158.76823855
11,2,,quantum,precond_pen=0.200,0.2,True,4,0.045597,154.56207709,154.56207709
11,2,,quantum,precond_pen=0.300,0.3,True,0,0.000134,194.75035761,194.75035761
11,2,,quantum,precond_pen=0.300,0.3,True,1,0.007183,178.88889488,178.88889488
11,2,,quantum,precond_pen=0.300,0.3,True,2,0.009056,154.56207709,154.56207709
11,2,,quantum,precond_pen=0.400,0.4,True,0,0.00013,194.75035761,194.75035761
11,2,,quantum,precond_pen=0.400,0.4,True,1,0.006834,192.53846035,192.53846035
11,2,,quantum,precond_pen=0.400,0.4,True,2,0.007233,186.0595437,186.0595437
11,2,,quantum,precond_pen=0.400,0.4,True,3,0.008096,154.56207709,154.56207709
11,2,,quantum,precond_pen=0.500,0.5,True,0,0.000133,194.75035761,194.75035761
11,2,,quantum,precond_pen=0.500,0.5,True,1,0.007102,178.20957719,178.20957719
11,2,,quantum,precond_pen=0.500,0.5,True,2,0.008568,154.56207709,154.56207709
11,2,,quantum,precond_pen=0.600,0.6,True,0,0.000127,194.75035761,194.75035761
11,2,,quantum,precond_pen=0.600,0.6,True,1,0.006983,179.59289434,179.59289434
11,2,,quantum,precond_pen=0.600,0.6,True,2,0.0077,179.50541905,179.50541905
11,2,,quantum,precond_pen=0.600,0.6,True,3,0.008072,177.71862476,177.71862476
11,2,,quantum,precond_pen=0.600,0.6,True,4,0.008674,154.56207709,154.56207709
11,2,,quantum,precond_pen=0.700,0.7,True,0,0.000129,194.75035761,194.75035761
11,2,,quantum,precond_pen=0.700,0.7,True,1,0.007393,178.4085897,178.4085897
11,2,,quantum,precond_pen=0.700,0.7,True,2,0.008175,178.87828073,178.4085897
11,2,,quantum,precond_pen=0.700,0.7,True,3,0.008651,178.83461461,178.4085897
11,2,,quantum,precond_pen=0.700,0.7,True,4,0.00916,157.54097569,157.54097569
11,2,,quantum,precond_pen=0.700,0.7,True,5,0.212167,154.56207709,154.56207709
11,2,,quantum,precond_pen=0.700,0.7,True,6,0.213867,154.56207709,154.56207709
11,2,,quantum,precond_pen=0.800,0.8,True,0,0.000126,194.75035761,194.75035761
11,2,,quantum,precond_pen=0.800,0.8,True,1,0.007544,213.43679052,194.75035761
11,2,,quantum,precond_pen=1.000,1.0,True,0,0.000129,194.75035761,194.75035761
11,2,,quantum,precond_pen=1.000,1.0,True,1,0.007583,183.32600733,183.32600733
11,2,,quantum,precond_pen=1.000,1.0,True,2,0.008151,183.01489391,183.01489391
11,2,,quantum,precond_pen=1.000,1.0,True,3,0.008456,182.67434529,182.67434529
11,2,,quantum,precond_pen=1.000,1.0,True,4,0.008972,157.69652203,157.69652203
11,2,,quantum,precond_pen=1.000,1.0,True,5,0.035372,156.76540992,156.76540992
11,2,,quantum,precond_pen=1.000,1.0,True,6,0.664311,154.56207709,154.56207709
11,2,,quantum,precond_pen=1.000,1.0,True,7,0.664786,154.56207709,154.56207709
12,2,,quantum,baseline,,True,0,0.00014,204.11547024,204.11547024
12,2,,quantum,baseline,,True,1,0.006422,194.14212016,194.14212016
12,2,,quantum,baseline,,True,2,0.007333,193.21271304,193.21271304
12,2,,quantum,baseline,,True,3,0.007714,188.71403811,188.71403811
12,2,,quantum,baseline,,True,4,0.008347,175.41798108,175.41798108
12,2,,quantum,baseline,,True,5,0.111033,171.55721593,171.55721593
12,2,,quantum,precond_pen=0.200,0.2,True,0,0.000158,204.11547024,204.11547024
12,2,,quantum,precond_pen=0.200,0.2,True,1,0.006691,198.82487988,198.82487988
12,2,,quantum,precond_pen=0.200,0.2,True,2,0.007367,206.04681308,198.82487988
12,2,,quantum,precond_pen=0.200,0.2,True,3,0.007857,194.02813323,194.02813323
12,2,,quantum,precond_pen=0.200,0.2,True,4,0.008354,173.88231711,173.88231711
12,2,,quantum,precond_pen=0.300,0.3,True,0,0.000142,204.11547024,204.11547024
12,2,,quantum,precond_pen=0.300,0.3,True,1,0.007355,196.15144021,196.15144021
12,2,,quantum,precond_pen=0.300,0.3,True,2,0.007847,200.00825481,196.15144021
12,2,,quantum,precond_pen=0.300,0.3,True,3,0.008216,194.93206057,194.93206057
12,2,,quantum,precond_pen=0.300,0.3,True,4,0.008814,173.88231711,173.88231711
12,2,,quantum,precond_pen=0.400,0.4,True,0,0.000129,204.11547024,204.11547024
12,2,,quantum,precond_pen=0.400,0.4,True,1,0.007405,199.37890328,199.37890328
12,2,,quantum,precond_pen=0.400,0.4,True,2,0.007901,200.00825481,199.37890328
12,2,,quantum,precond_pen=0.400,0.4,True,3,0.008239,198.76788255,198.76788255
12,2,,quantum,precond_pen=0.400,0.4,True,4,0.008873,175.75974487,175.75974487
12,2,,quantum,precond_pen=0.400,0.4,True,5,0.038768,173.88231711,173.88231711
12,2,,quantum,precond_pen=0.500,0.5,True,0,0.000128,204.11547024,204.11547024
12,2,,quantum,precond_pen=0.500,0.5,True,1,0.007181,193.24303506,193.24303506
12,2,,quantum,precond_pen=0.500,0.5,True,2,0.007865,195.87084298,193.24303506
12,2,,quantum,precond_pen=0.500,0.5,True,3,0.008681,173.88231711,173.88231711
12,2,,quantum,precond_pen=0.600,0.6,True,0,0.000127,204.11547024,204.11547024
12,2,,quantum,precond_pen=0.600,0.6,True,1,0.007576,197.02564128,197.02564128
12,2,,quantum,precond_pen=0.600,0.6,True,2,0.008105,197.47394281,197.02564128
12,2,,quantum,precond_pen=0.600,0.6,True,3,0.008495,194.64478902,194.64478902
12,2,,quantum,precond_pen=0.600,0.6,True,4,0.009126,171.55721593,171.55721593
12,2,,quantum,precond_pen=0.700,0.7,True,0,0.00013,204.11547024,204.11547024
12,2,,quantum,precond_pen=0.700,0.7,True,1,0.00755,196.11929786,196.11929786
12,2,,quantum,precond_pen=0.700,0.7,True,2,0.009091,171.55721593,171.55721593
12,2,,quantum,precond_pen=0.800,0.8,True,0,0.000129,204.11547024,204.11547024
12,2,,quantum,precond_pen=0.800,0.8,True,1,0.007489,191.50627553,191.50627553
12,2,,quantum,precond_pen=0.800,0.8,True,2,0.008516,189.64909159,189.64909159
12,2,,quantum,precond_pen=0.800,0.8,True,3,0.009467,171.55721593,171.55721593
12,2,,quantum,precond_pen=1.000,1.0,True,0,0.000128,204.11547024,204.11547024
12,2,,quantum,precond_pen=1.000,1.0,True,1,0.008086,202.63070698,202.63070698
12,2,,quantum,precond_pen=1.000,1.0,True,2,0.008717,171.55721593,171.55721593
13,2,,quantum,baseline,,True,0,0.000131,199.60134542,199.60134542
13,2,,quantum,baseline,,True,1,0.006612,195.40356133,195.40356133
13,2,,quantum,baseline,,True,2,0.006956,190.56281956,190.56281956
13,2,,quantum,baseline,,True,3,0.007538,171.24886373,171.24886373
13,2,,quantum,baseline,,True,4,0.109978,166.35969307,166.35969307
13,2,,quantum,baseline,,True,5,0.110107,165.52632659,165.52632659
13,2,,quantum,precond_pen=0.200,0.2,True,0,0.000134,199.60134542,199.60134542
13,2,,quantum,precond_pen=0.200,0.2,True,1,0.007639,192.95427427,192.95427427
13,2,,quantum,precond_pen=0.200,0.2,True,2,0.008866,188.98915394,188.98915394
13,2,,quantum,precond_pen=0.200,0.2,True,3,0.00975,165.52632659,165.52632659
13,2,,quantum,precond_pen=0.300,0.3,True,0,0.00013,199.60134542,199.60134542
13,2,,quantum,precond_pen=0.300,0.3,True,1,0.007137,198.71305016,198.71305016
13,2,,quantum,precond_pen=0.300,0.3,True,2,0.007482,195.40356133,195.40356133
13,2,,quantum,precond_pen=0.300,0.3,True,3,0.007834,192.69817573,192.69817573
13,2,,quantum,precond_pen=0.300,0.3,True,4,0.00843,165.52632659,165.52632659
13,2,,quantum,precond_pen=0.400,0.4,True,0,0.000128,199.60134542,199.60134542
13,2,,quantum,precond_pen=0.400,0.4,True,1,0.00733,191.75488381,191.75488381
13,2,,quantum,precond_pen=0.400,0.4,True,2,0.008073,191.42181353,191.42181353
13,2,,quantum,precond_pen=0.400,0.4,True,3,0.008474,192.22731183,191.42181353
13,2,,quantum,precond_pen=0.400,0.4,True,4,0.009091,165.52632659,165.52632659
13,2,,quantum,precond_pen=0.500,0.5,True,0,0.000127,199.60134542,199.60134542
13,2,,quantum,precond_pen=0.500,0.5,True,1,0.007613,192.22930062,192.22930062
13,2,,quantum,precond_pen=0.500,0.5,True,2,0.008258,165.52632659,165.52632659
13,2,,quantum,precond_pen=0.600,0.6,True,0,0.000128,199.60134542,199.60134542
13,2,,quantum,precond_pen=0.600,0.6,True,1,0.007945,194.82434111,194.82434111
13,2,,quantum,precond_pen=0.600,0.6,True,2,0.008321,190.56281956,190.56281956
13,2,,quantum,precond_pen=0.600,0.6,True,3,0.008699,191.04405095,190.56281956
13,2,,quantum,precond_pen=0.600,0.6,True,4,0.009301,165.52632659,165.52632659
13,2,,quantum,precond_pen=0.700,0.7,True,0,0.000125,199.60134542,199.60134542
13,2,,quantum,precond_pen=0.700,0.7,True,1,0.007384,185.47552257,185.47552257
13,2,,quantum,precond_pen=0.700,0.7,True,2,0.008375,182.88013343,182.88013343
13,2,,quantum,precond_pen=0.700,0.7,True,3,0.008994,165.52632659,165.52632659
13,2,,quantum,precond_pen=0.800,0.8,True,0,0.000126,199.60134542,199.60134542
13,2,,quantum,precond_pen=0.800,0.8,True,1,0.007777,196.68812802,196.68812802
13,2,,quantum,precond_pen=0.800,0.8,True,2,0.008407,165.52632659,165.52632659
13,2,,quantum,precond_pen=1.000,1.0,True,0,0.000133,199.60134542,199.60134542
13,2,,quantum,precond_pen=1.000,1.0,True,1,0.00756,192.88030677,192.88030677
13,2,,quantum,precond_pen=1.000,1.0,True,2,0.008183,165.52632659,165.52632659
14,2,,quantum,baseline,,True,0,0.000139,191.56628962,191.56628962
14,2,,quantum,baseline,,True,1,0.006372,185.82713204,185.82713204
14,2,,quantum,baseline,,True,2,0.007612,173.2453035,173.2453035
14,2,,quantum,baseline,,True,3,0.111756,169.94244263,169.94244263
14,2,,quantum,precond_pen=0.200,0.2,True,0,0.000148,191.56628962,191.56628962
14,2,,quantum,precond_pen=0.200,0.2,True,1,0.007557,185.77287745,185.77287745
14,2,,quantum,precond_pen=0.200,0.2,True,2,0.009039,171.6799712,171.6799712
14,2,,quantum,precond_pen=0.300,0.3,True,0,0.00013,191.56628962,191.56628962
14,2,,quantum,precond_pen=0.300,0.3,True,1,0.007292,184.67139214,184.67139214
14,2,,quantum,precond_pen=0.300,0.3,True,2,0.007976,169.94244263,169.94244263
14,2,,quantum,precond_pen=0.400,0.4,True,0,0.00013,191.56628962,191.56628962
14,2,,quantum,precond_pen=0.400,0.4,True,1,0.007612,182.25177923,182.25177923
14,2,,quantum,precond_pen=0.400,0.4,True,2,0.008181,171.83536127,171.83536127
14,2,,quantum,precond_pen=0.400,0.4,True,3,0.242643,169.94244263,169.94244263
14,2,,quantum,precond_pen=0.400,0.4,True,4,0.244377,169.94244263,169.94244263
14,2,,quantum,precond_pen=0.500,0.5,True,0,0.000128,191.56628962,191.56628962
14,2,,quantum,precond_pen=0.500,0.5,True,1,0.007041,184.00907672,184.00907672
14,2,,quantum,precond_pen=0.500,0.5,True,2,0.007947,183.81685295,183.81685295
14,2,,quantum,precond_pen=0.500,0.5,True,3,0.008603,169.94244263,169.94244263
14,2,,quantum,precond_pen=0.600,0.6,True,0,0.000128,191.56628962,191.56628962
14,2,,quantum,precond_pen=0.600,0.6,True,1,0.00765,188.41146151,188.41146151
14,2,,quantum,precond_pen=0.600,0.6,True,2,0.008086,188.22479131,188.22479131
14,2,,quantum,precond_pen=0.600,0.6,True,3,0.008433,186.68653121,186.68653121
14,2,,quantum,precond_pen=0.600,0.6,True,4,0.009078,169.94244263,169.94244263
14,2,,quantum,precond_pen=0.700,0.7,True,0,0.000131,191.56628962,191.56628962
14,2,,quantum,precond_pen=0.700,0.7,True,1,0.007554,185.25072118,185.25072118
14,2,,quantum,precond_pen=0.700,0.7,True,2,0.008971,183.98063562,183.98063562
14,2,,quantum,precond_pen=0.700,0.7,True,3,0.009651,171.00055416,171.00055416
14,2,,quantum,precond_pen=0.700,0.7,True,4,0.03709,169.94244263,169.94244263
14,2,,quantum,precond_pen=0.800,0.8,True,0,0.00013,191.56628962,191.56628962
14,2,,quantum,precond_pen=0.800,0.8,True,1,0.007961,181.216296,181.216296
14,2,,quantum,precond_pen=0.800,0.8,True,2,0.008375,171.00055416,171.00055416
14,2,,quantum,precond_pen=0.800,0.8,True,3,0.035546,169.94244263,169.94244263
14,2,,quantum,precond_pen=1.000,1.0,True,0,0.000129,191.56628962,191.56628962
14,2,,quantum,precond_pen=1.000,1.0,True,1,0.008962,169.94244263,169.94244263
15,2,,quantum,baseline,,True,0,0.000141,209.20319871,209.20319871
15,2,,quantum,baseline,,True,1,0.006586,206.79789695,206.79789695
15,2,,quantum,baseline,,True,2,0.007232,176.34991418,176.34991418
15,2,,quantum,precond_pen=0.200,0.2,True,0,0.000133,209.20319871,209.20319871
15,2,,quantum,precond_pen=0.200,0.2,True,1,0.007168,201.12201708,201.12201708
15,2,,quantum,precond_pen=0.200,0.2,True,2,0.008561,176.78884553,176.78884553
15,2,,quantum,precond_pen=0.300,0.3,True,0,0.000131,209.20319871,209.20319871
15,2,,quantum,precond_pen=0.300,0.3,True,1,0.007602,200.81899384,200.81899384
15,2,,quantum,precond_pen=0.300,0.3,True,2,0.008096,176.78884553,176.78884553
15,2,,quantum,precond_pen=0.300,0.3,True,3,0.18459,177.08421667,176.78884553
15,2,,quantum,precond_pen=0.400,0.4,True,0,0.000144,209.20319871,209.20319871
15,2,,quantum,precond_pen=0.400,0.4,True,1,0.007603,197.16625366,197.16625366
15,2,,quantum,precond_pen=0.400,0.4,True,2,0.009013,176.78884553,176.78884553
15,2,,quantum,precond_pen=0.400,0.4,True,3,0.04173,177.08421667,176.78884553
15,2,,quantum,precond_pen=0.500,0.5,True,0,0.00013,209.20319871,209.20319871
15,2,,quantum,precond_pen=0.500,0.5,True,1,0.007854,194.38117525,194.38117525
15,2,,quantum,precond_pen=0.500,0.5,True,2,0.008722,197.98153306,194.38117525
15,2,,quantum,precond_pen=0.500,0.5,True,3,0.009527,177.08421667,177.08421667
15,2,,quantum,precond_pen=0.600,0.6,True,0,0.000129,209.20319871,209.20319871
15,2,,quantum,precond_pen=0.600,0.6,True,1,0.007763,197.92916738,197.92916738
15,2,,quantum,precond_pen=0.600,0.6,True,2,0.008685,198.73109869,197.92916738
15,2,,quantum,precond_pen=0.600,0.6,True,3,0.009299,176.78884553,176.78884553
15,2,,quantum,precond_pen=0.600,0.6,True,4,0.038319,177.08421667,176.78884553
15,2,,quantum,precond_pen=0.700,0.7,True,0,0.000135,209.20319871,209.20319871
15,2,,quantum,precond_pen=0.700,0.7,True,1,0.008052,191.16977672,191.16977672
15,2,,quantum,precond_pen=0.700,0.7,True,2,0.009381,187.39243887,187.39243887
15,2,,quantum,precond_pen=0.700,0.7,True,3,0.010105,177.08421667,177.08421667
15,2,,quantum,precond_pen=0.800,0.8,True,0,0.000133,209.20319871,209.20319871
15,2,,quantum,precond_pen=0.800,0.8,True,1,0.008205,197.76114781,197.76114781
15,2,,quantum,precond_pen=0.800,0.8,True,2,0.009072,194.02434909,194.02434909
15,2,,quantum,precond_pen=0.800,0.8,True,3,0.009735,177.08421667,177.08421667
15,2,,quantum,precond_pen=0.800,0.8,True,4,0.778412,176.5084702,176.5084702
15,2,,quantum,precond_pen=0.800,0.8,True,5,0.819369,176.5084702,176.5084702
15,2,,quantum,precond_pen=1.000,1.0,True,0,0.00013,209.20319871,209.20319871
15,2,,quantum,precond_pen=1.000,1.0,True,1,0.008205,192.34270043,192.34270043
15,2,,quantum,precond_pen=1.000,1.0,True,2,0.009586,176.765054,176.765054
15,2,,quantum,precond_pen=1.000,1.0,True,3,1.013046,176.34991418,176.34991418
15,2,,quantum,precond_pen=1.000,1.0,True,4,1.448726,176.34991418,176.34991418
16,2,,quantum,baseline,,True,0,0.000129,192.74573651,192.74573651
16,2,,quantum,baseline,,True,1,0.006626,192.69541669,192.69541669
16,2,,quantum,baseline,,True,2,0.007139,174.44206604,174.44206604
16,2,,quantum,baseline,,True,3,0.111258,169.04097631,169.04097631
16,2,,quantum,precond_pen=0.200,0.2,True,0,0.000135,192.74573651,192.74573651
16,2,,quantum,precond_pen=0.200,0.2,True,1,0.006575,190.07874672,190.07874672
16,2,,quantum,precond_pen=0.200,0.2,True,2,0.007315,188.89440812,188.89440812
16,2,,quantum,precond_pen=0.200,0.2,True,3,0.008067,169.04097631,169.04097631
16,2,,quantum,precond_pen=0.300,0.3,True,0,0.000128,192.74573651,192.74573651
16,2,,quantum,precond_pen=0.300,0.3,True,1,0.007163,190.08216735,190.08216735
16,2,,quantum,precond_pen=0.300,0.3,True,2,0.007795,169.04097631,169.04097631
16,2,,quantum,precond_pen=0.400,0.4,True,0,0.000126,192.74573651,192.74573651
16,2,,quantum,precond_pen=0.400,0.4,True,1,0.007304,190.08318449,190.08318449
16,2,,quantum,precond_pen=0.400,0.4,True,2,0.008543,188.45948577,188.45948577
16,2,,quantum,precond_pen=0.400,0.4,True,3,0.009087,169.04097631,169.04097631
16,2,,quantum,precond_pen=0.500,0.5,True,0,0.000129,192.74573651,192.74573651
16,2,,quantum,precond_pen=0.500,0.5,True,1,0.00713,196.48467247,192.74573651
16,2,,quantum,precond_pen=0.500,0.5,True,2,0.007461,190.07874672,190.07874672
16,2,,quantum,precond_pen=0.500,0.5,True,3,0.007805,187.37591813,187.37591813
16,2,,quantum,precond_pen=0.500,0.5,True,4,0.008465,173.72462864,173.72462864
16,2,,quantum,precond_pen=0.500,0.5,True,5,0.037507,169.04097631,169.04097631
16,2,,quantum,precond_pen=0.600,0.6,True,0,0.000138,192.74573651,192.74573651
16,2,,quantum,precond_pen=0.600,0.6,True,1,0.00794,192.83010155,192.74573651
16,2,,quantum,precond_pen=0.600,0.6,True,2,0.00829,190.07874672,190.07874672
16,2,,quantum,precond_pen=0.600,0.6,True,3,0.008945,181.71675589,181.71675589
16,2,,quantum,precond_pen=0.600,0.6,True,4,0.009639,169.04097631,169.04097631
16,2,,quantum,precond_pen=0.700,0.7,True,0,0.000137,192.74573651,192.74573651
16,2,,quantum,precond_pen=0.700,0.7,True,1,0.008452,188.79632669,188.79632669
16,2,,quantum,precond_pen=0.700,0.7,True,2,0.009327,182.48661605,182.48661605
16,2,,quantum,precond_pen=0.700,0.7,True,3,0.009837,169.04097631,169.04097631
16,2,,quantum,precond_pen=0.800,0.8,True,0,0.000129,192.74573651,192.74573651
16,2,,quantum,precond_pen=0.800,0.8,True,1,0.007886,187.04588923,187.04588923
16,2,,quantum,precond_pen=0.800,0.8,True,2,0.009047,182.46013874,182.46013874
16,2,,quantum,precond_pen=0.800,0.8,True,3,0.009597,169.04097631,169.04097631
16,2,,quantum,precond_pen=1.000,1.0,True,0,0.000128,192.74573651,192.74573651
16,2,,quantum,precond_pen=1.000,1.0,True,1,0.007945,192.5166329,192.5166329
16,2,,quantum,precond_pen=1.000,1.0,True,2,0.008322,187.35855105,187.35855105
16,2,,quantum,precond_pen=1.000,1.0,True,3,0.00875,173.07976063,173.07976063
16,2,,quantum,precond_pen=1.000,1.0,True,4,0.025112,169.04097631,169.04097631
17,2,,quantum,baseline,,True,0,0.000129,194.19487254,194.19487254
17,2,,quantum,baseline,,True,1,0.006084,191.76891475,191.76891475
17,2,,quantum,baseline,,True,2,0.006643,191.48255754,191.48255754
17,2,,quantum,baseline,,True,3,0.007019,189.71912232,189.71912232
17,2,,quantum,baseline,,True,4,0.007543,159.91831062,159.91831062
17,2,,quantum,precond_pen=0.200,0.2,True,0,0.000135,194.19487254,194.19487254
17,2,,quantum,precond_pen=0.200,0.2,True,1,0.007281,177.4057075,177.4057075
17,2,,quantum,precond_pen=0.200,0.2,True,2,0.008794,159.91831062,159.91831062
17,2,,quantum,precond_pen=0.300,0.3,True,0,0.000125,194.19487254,194.19487254
17,2,,quantum,precond_pen=0.300,0.3,True,1,0.007089,182.3427688,182.3427688
17,2,,quantum,precond_pen=0.300,0.3,True,2,0.008514,161.49018576,161.49018576
17,2,,quantum,precond_pen=0.300,0.3,True,3,0.036949,159.91831062,159.91831062
17,2,,quantum,precond_pen=0.400,0.4,True,0,0.000129,194.19487254,194.19487254
17,2,,quantum,precond_pen=0.400,0.4,True,1,0.007047,177.22102484,177.22102484
17,2,,quantum,precond_pen=0.400,0.4,True,2,0.008386,176.79930225,176.79930225
17,2,,quantum,precond_pen=0.400,0.4,True,3,0.008952,159.91831062,159.91831062
17,2,,quantum,precond_pen=0.500,0.5,True,0,0.000164,194.19487254,194.19487254
17,2,,quantum,precond_pen=0.500,0.5,True,1,0.006908,186.24760775,186.24760775
17,2,,quantum,precond_pen=0.500,0.5,True,2,0.007404,191.48255754,186.24760775
17,2,,quantum,precond_pen=0.500,0.5,True,3,0.007809,187.56215833,186.24760775
17,2,,quantum,precond_pen=0.500,0.5,True,4,0.008317,163.57256182,163.57256182
17,2,,quantum,precond_pen=0.500,0.5,True,5,0.037587,159.91831062,159.91831062
17,2,,quantum,precond_pen=0.600,0.6,True,0,0.000128,194.19487254,194.19487254
17,2,,quantum,precond_pen=0.600,0.6,True,1,0.007282,181.93858534,181.93858534
17,2,,quantum,precond_pen=0.600,0.6,True,2,0.008246,180.52676257,180.52676257
17,2,,quantum,precond_pen=0.600,0.6,True,3,0.008759,159.91831062,159.91831062
17,2,,quantum,precond_pen=0.700,0.7,True,0,0.000128,194.19487254,194.19487254
17,2,,quantum,precond_pen=0.700,0.7,True,1,0.007476,180.36437812,180.36437812
17,2,,quantum,precond_pen=0.700,0.7,True,2,0.008974,159.91831062,159.91831062
17,2,,quantum,precond_pen=0.800,0.8,True,0,0.000125,194.19487254,194.19487254
17,2,,quantum,precond_pen=0.800,0.8,True,1,0.007573,189.40424456,189.40424456
17,2,,quantum,precond_pen=0.800,0.8,True,2,0.00806,191.48255754,189.40424456
17,2,,quantum,precond_pen=0.800,0.8,True,3,0.008428,185.07550462,185.07550462
17,2,,quantum,precond_pen=0.800,0.8,True,4,0.009217,159.91831062,159.91831062
17,2,,quantum,precond_pen=1.000,1.0,True,0,0.000142,194.19487254,194.19487254
17,2,,quantum,precond_pen=1.000,1.0,True,1,0.00834,189.09938078,189.09938078
17,2,,quantum,precond_pen=1.000,1.0,True,2,0.008927,164.98710386,164.98710386
17,2,,quantum,precond_pen=1.000,1.0,True,3,0.033185,159.91831062,159.91831062
18,2,,quantum,baseline,,True,0,0.000159,202.67107212,202.67107212
18,2,,quantum,baseline,,True,1,0.006271,197.38261953,197.38261953
18,2,,quantum,baseline,,True,2,0.006603,197.29639939,197.29639939
18,2,,quantum,baseline,,True,3,0.007415,170.92622292,170.92622292
18,2,,quantum,baseline,,True,4,4.555318,169.59759579,169.59759579
18,2,,quantum,baseline,,True,5,5.448768,169.59759579,169.59759579
18,2,,quantum,precond_pen=0.200,0.2,True,0,0.000136,202.67107212,202.67107212
18,2,,quantum,precond_pen=0.200,0.2,True,1,0.008412,196.4611099,196.4611099
18,2,,quantum,precond_pen=0.200,0.2,True,2,0.008812,197.29639939,196.4611099
18,2,,quantum,precond_pen=0.200,0.2,True,3,0.009573,172.32361928,172.32361928
18,2,,quantum,precond_pen=0.200,0.2,True,4,0.357541,172.45636151,172.32361928
18,2,,quantum,precond_pen=0.200,0.2,True,5,0.357719,171.2070401,171.2070401
18,2,,quantum,precond_pen=0.200,0.2,True,6,0.37608,171.07082545,171.07082545
18,2,,quantum,precond_pen=0.300,0.3,True,0,0.000129,202.67107212,202.67107212
18,2,,quantum,precond_pen=0.300,0.3,True,1,0.007656,201.71060823,201.71060823
18,2,,quantum,precond_pen=0.300,0.3,True,2,0.008362,172.32361928,172.32361928
18,2,,quantum,precond_pen=0.300,0.3,True,3,0.094422,171.2070401,171.2070401
18,2,,quantum,precond_pen=0.300,0.3,True,4,0.210944,171.07082545,171.07082545
18,2,,quantum,precond_pen=0.400,0.4,True,0,0.000132,202.67107212,202.67107212
18,2,,quantum,precond_pen=0.400,0.4,True,1,0.00732,182.38988287,182.38988287
18,2,,quantum,precond_pen=0.400,0.4,True,2,0.008688,171.07082545,171.07082545
18,2,,quantum,precond_pen=0.500,0.5,True,0,0.000131,202.67107212,202.67107212
18,2,,quantum,precond_pen=0.500,0.5,True,1,0.007622,189.73586479,189.73586479
18,2,,quantum,precond_pen=0.500,0.5,True,2,0.009096,171.07082545,171.07082545
18,2,,quantum,precond_pen=0.600,0.6,True,0,0.000154,202.67107212,202.67107212
18,2,,quantum,precond_pen=0.600,0.6,True,1,0.007559,188.28109806,188.28109806
18,2,,quantum,precond_pen=0.600,0.6,True,2,0.00859,187.96596526,187.96596526
18,2,,quantum,precond_pen=0.600,0.6,True,3,0.009098,171.07082545,171.07082545
18,2,,quantum,precond_pen=0.600,0.6,True,4,0.255806,169.59759579,169.59759579
18,2,,quantum,precond_pen=0.600,0.6,True,5,0.286089,169.59759579,169.59759579
18,2,,quantum,precond_pen=0.700,0.7,True,0,0.000137,202.67107212,202.67107212
18,2,,quantum,precond_pen=0.700,0.7,True,1,0.007729,187.00923548,187.00923548
18,2,,quantum,precond_pen=0.700,0.7,True,2,0.009174,171.96290829,171.96290829
18,2,,quantum,precond_pen=0.700,0.7,True,3,0.037666,172.32361928,171.96290829
18,2,,quantum,precond_pen=0.700,0.7,True,4,0.03873,171.07082545,171.07082545
18,2,,quantum,precond_pen=0.700,0.7,True,5,0.298085,169.59759579,169.59759579
18,2,,quantum,precond_pen=0.700,0.7,True,6,0.300049,169.59759579,169.59759579
18,2,,quantum,precond_pen=0.800,0.8,True,0,0.000141,202.67107212,202.67107212
18,2,,quantum,precond_pen=0.800,0.8,True,1,0.007719,183.09139271,183.09139271
18,2,,quantum,precond_pen=0.800,0.8,True,2,0.008646,183.88454606,183.09139271
18,2,,quantum,precond_pen=0.800,0.8,True,3,0.009194,172.32361928,172.32361928
18,2,,quantum,precond_pen=0.800,0.8,True,4,0.497482,169.59759579,169.59759579
18,2,,quantum,precond_pen=0.800,0.8,True,5,0.497908,169.59759579,169.59759579
18,2,,quantum,precond_pen=1.000,1.0,True,0,0.000132,202.67107212,202.67107212
18,2,,quantum,precond_pen=1.000,1.0,True,1,0.007741,188.8905728,188.8905728
18,2,,quantum,precond_pen=1.000,1.0,True,2,0.008602,187.71951003,187.71951003
18,2,,quantum,precond_pen=1.000,1.0,True,3,0.008963,171.83940651,171.83940651
18,2,,quantum,precond_pen=1.000,1.0,True,4,1.45029,171.2070401,171.2070401
18,2,,quantum,precond_pen=1.000,1.0,True,5,1.480596,169.59759579,169.59759579
19,2,,quantum,baseline,,True,0,0.000137,198.55570163,198.55570163
19,2,,quantum,baseline,,True,1,0.006718,195.13910364,195.13910364
19,2,,quantum,baseline,,True,2,0.00781,194.32478757,194.32478757
19,2,,quantum,baseline,,True,3,0.00858,165.55548495,165.55548495
19,2,,quantum,precond_pen=0.200,0.2,True,0,0.000144,198.55570163,198.55570163
19,2,,quantum,precond_pen=0.200,0.2,True,1,0.007018,190.96614659,190.96614659
19,2,,quantum,precond_pen=0.200,0.2,True,2,0.00843,169.74379333,169.74379333
19,2,,quantum,precond_pen=0.200,0.2,True,3,0.046543,165.55548495,165.55548495
19,2,,quantum,precond_pen=0.300,0.3,True,0,0.00013,198.55570163,198.55570163
19,2,,quantum,precond_pen=0.300,0.3,True,1,0.007196,189.9560864,189.9560864
19,2,,quantum,precond_pen=0.300,0.3,True,2,0.00862,165.55548495,165.55548495
19,2,,quantum,precond_pen=0.400,0.4,True,0,0.000131,198.55570163,198.55570163
19,2,,quantum,precond_pen=0.400,0.4,True,1,0.007165,186.90662392,186.90662392
19,2,,quantum,precond_pen=0.400,0.4,True,2,0.008764,165.55548495,165.55548495
19,2,,quantum,precond_pen=0.500,0.5,True,0,0.00013,198.55570163,198.55570163
19,2,,quantum,precond_pen=0.500,0.5,True,1,0.007328,196.98538111,196.98538111
19,2,,quantum,precond_pen=0.500,0.5,True,2,0.007693,197.71937304,196.98538111
19,2,,quantum,precond_pen=0.500,0.5,True,3,0.008033,192.00980583,192.00980583
19,2,,quantum,precond_pen=0.500,0.5,True,4,0.008673,165.55548495,165.55548495
19,2,,quantum,precond_pen=0.600,0.6,True,0,0.000132,198.55570163,198.55570163
19,2,,quantum,precond_pen=0.600,0.6,True,1,0.007379,173.37529307,173.37529307
19,2,,quantum,precond_pen=0.600,0.6,True,2,0.008583,165.55548495,165.55548495
19,2,,quantum,precond_pen=0.700,0.7,True,0,0.00013,198.55570163,198.55570163
19,2,,quantum,precond_pen=0.700,0.7,True,1,0.007439,169.19120778,169.19120778
19,2,,quantum,precond_pen=0.700,0.7,True,2,0.008503,165.55548495,165.55548495
19,2,,quantum,precond_pen=0.800,0.8,True,0,0.00013,198.55570163,198.55570163
19,2,,quantum,precond_pen=0.800,0.8,True,1,0.007449,190.3463201,190.3463201
19,2,,quantum,precond_pen=0.800,0.8,True,2,0.008634,187.13126548,187.13126548
19,2,,quantum,precond_pen=0.800,0.8,True,3,0.009161,168.26630991,168.26630991
19,2,,quantum,precond_pen=0.800,0.8,True,4,0.037707,165.55548495,165.55548495
19,2,,quantum,precond_pen=1.000,1.0,True,0,0.00018,198.55570163,198.55570163
19,2,,quantum,precond_pen=1.000,1.0,True,1,0.008006,192.90506638,192.90506638
19,2,,quantum,precond_pen=1.000,1.0,True,2,0.008565,168.76525358,168.76525358
19,2,,quantum,precond_pen=1.000,1.0,True,3,0.027481,168.26630991,168.26630991
19,2,,quantum,precond_pen=1.000,1.0,True,4,2.295799,165.55548495,165.55548495
19,2,,quantum,precond_pen=1.000,1.0,True,5,2.40629,165.55548495,165.55548495
20,2,,quantum,baseline,,True,0,0.000135,204.37596661,204.37596661
20,2,,quantum,baseline,,True,1,0.00605,199.85884294,199.85884294
20,2,,quantum,baseline,,True,2,0.006824,197.49784683,197.49784683
20,2,,quantum,baseline,,True,3,0.007528,163.97192167,163.97192167
20,2,,quantum,precond_pen=0.200,0.2,True,0,0.000174,204.37596661,204.37596661
20,2,,quantum,precond_pen=0.200,0.2,True,1,0.00706,194.76017169,194.76017169
20,2,,quantum,precond_pen=0.200,0.2,True,2,0.008757,164.27915045,164.27915045
20,2,,quantum,precond_pen=0.200,0.2,True,3,0.320027,164.13607558,164.13607558
20,2,,quantum,precond_pen=0.200,0.2,True,4,0.387789,164.13607558,164.13607558
20,2,,quantum,precond_pen=0.300,0.3,True,0,0.00013,204.37596661,204.37596661
20,2,,quantum,precond_pen=0.300,0.3,True,1,0.007771,194.25969315,194.25969315
20,2,,quantum,precond_pen=0.300,0.3,True,2,0.008277,200.13522655,194.25969315
20,2,,quantum,precond_pen=0.300,0.3,True,3,0.008624,197.96687385,194.25969315
20,2,,quantum,precond_pen=0.300,0.3,True,4,0.009393,168.50077841,168.50077841
20,2,,quantum,precond_pen=0.300,0.3,True,5,0.038561,168.40670317,168.40670317
20,2,,quantum,precond_pen=0.300,0.3,True,6,0.253762,164.27915045,164.27915045
20,2,,quantum,precond_pen=0.300,0.3,True,7,0.253894,164.13607558,164.13607558
20,2,,quantum,precond_pen=0.300,0.3,True,8,0.254282,164.13607558,164.13607558
20,2,,quantum,precond_pen=0.400,0.4,True,0,0.000154,204.37596661,204.37596661
20,2,,quantum,precond_pen=0.400,0.4,True,1,0.007531,192.37917835,192.37917835
20,2,,quantum,precond_pen=0.400,0.4,True,2,0.008195,189.93456004,189.93456004
20,2,,quantum,precond_pen=0.400,0.4,True,3,0.009587,164.27915045,164.27915045
20,2,,quantum,precond_pen=0.500,0.5,True,0,0.000131,204.37596661,204.37596661
20,2,,quantum,precond_pen=0.500,0.5,True,1,0.007501,172.11208245,172.11208245
20,2,,quantum,precond_pen=0.500,0.5,True,2,0.009022,164.27915045,164.27915045
20,2,,quantum,precond_pen=0.600,0.6,True,0,0.000199,204.37596661,204.37596661
20,2,,quantum,precond_pen=0.600,0.6,True,1,0.007989,178.32556096,178.32556096
20,2,,quantum,precond_pen=0.600,0.6,True,2,0.00969,164.27915045,164.27915045
20,2,,quantum,precond_pen=0.700,0.7,True,0,0.000132,204.37596661,204.37596661
20,2,,quantum,precond_pen=0.700,0.7,True,1,0.008861,195.85548732,195.85548732
20,2,,quantum,precond_pen=0.700,0.7,True,2,0.00958,189.93456004,189.93456004
20,2,,quantum,precond_pen=0.700,0.7,True,3,0.009926,182.63077303,182.63077303
20,2,,quantum,precond_pen=0.700,0.7,True,4,0.010686,164.47494584,164.47494584
20,2,,quantum,precond_pen=0.700,0.7,True,5,0.513606,164.56925377,164.47494584
20,2,,quantum,precond_pen=0.700,0.7,True,6,0.526751,164.27915045,164.27915045
20,2,,quantum,precond_pen=0.700,0.7,True,7,0.526881,163.97192167,163.97192167
20,2,,quantum,precond_pen=0.700,0.7,True,8,0.531364,163.97192167,163.97192167
20,2,,quantum,precond_pen=0.800,0.8,True,0,0.000136,204.37596661,204.37596661
20,2,,quantum,precond_pen=0.800,0.8,True,1,0.00811,187.81018097,187.81018097
20,2,,quantum,precond_pen=0.800,0.8,True,2,0.009315,180.65141419,180.65141419
20,2,,quantum,precond_pen=0.800,0.8,True,3,0.009769,167.34332217,167.34332217
20,2,,quantum,precond_pen=0.800,0.8,True,4,0.693712,164.27915045,164.27915045
20,2,,quantum,precond_pen=0.800,0.8,True,5,0.693871,163.97192167,163.97192167
20,2,,quantum,precond_pen=0.800,0.8,True,6,0.711581,163.97192167,163.97192167
20,2,,quantum,precond_pen=1.000,1.0,True,0,0.000131,204.37596661,204.37596661
20,2,,quantum,precond_pen=1.000,1.0,True,1,0.007908,188.00800334,188.00800334
20,2,,quantum,precond_pen=1.000,1.0,True,2,0.008755,185.70482775,185.70482775
20,2,,quantum,precond_pen=1.000,1.0,True,3,0.009649,163.97192167,163.97192167
21,2,,quantum,baseline,,True,0,0.000144,191.00193356,191.00193356
21,2,,quantum,baseline,,True,1,0.007309,167.45144223,167.45144223
21,2,,quantum,baseline,,True,2,0.110755,164.89426128,164.89426128
21,2,,quantum,precond_pen=0.200,0.2,True,0,0.000146,191.00193356,191.00193356
21,2,,quantum,precond_pen=0.200,0.2,True,1,0.006984,189.56597242,189.56597242
21,2,,quantum,precond_pen=0.200,0.2,True,2,0.007714,191.1099619,189.56597242
21,2,,quantum,precond_pen=0.200,0.2,True,3,0.008494,165.02310616,165.02310616
21,2,,quantum,precond_pen=0.300,0.3,True,0,0.000134,191.00193356,191.00193356
21,2,,quantum,precond_pen=0.300,0.3,True,1,0.006966,188.92424316,188.92424316
21,2,,quantum,precond_pen=0.300,0.3,True,2,0.008605,165.02310616,165.02310616
21,2,,quantum,precond_pen=0.400,0.4,True,0,0.000157,191.00193356,191.00193356
21,2,,quantum,precond_pen=0.400,0.4,True,1,0.007252,181.89661051,181.89661051
21,2,,quantum,precond_pen=0.400,0.4,True,2,0.009053,166.2790063,166.2790063
21,2,,quantum,precond_pen=0.400,0.4,True,3,0.036195,165.02310616,165.02310616
21,2,,quantum,precond_pen=0.500,0.5,True,0,0.000129,191.00193356,191.00193356
21,2,,quantum,precond_pen=0.500,0.5,True,1,0.007423,194.37466767,191.00193356
21,2,,quantum,precond_pen=0.500,0.5,True,2,0.00884,185.66929935,185.66929935
21,2,,quantum,precond_pen=0.500,0.5,True,3,0.009487,165.02310616,165.02310616
21,2,,quantum,precond_pen=0.600,0.6,True,0,0.000127,191.00193356,191.00193356
21,2,,quantum,precond_pen=0.600,0.6,True,1,0.007741,190.07843054,190.07843054
21,2,,quantum,precond_pen=0.600,0.6,True,2,0.00877,185.66929935,185.66929935
21,2,,quantum,precond_pen=0.600,0.6,True,3,0.009743,165.02310616,165.02310616
21,2,,quantum,precond_pen=0.700,0.7,True,0,0.00013,191.00193356,191.00193356
21,2,,quantum,precond_pen=0.700,0.7,True,1,0.007655,184.54762266,184.54762266
21,2,,quantum,precond_pen=0.700,0.7,True,2,0.008519,186.87200972,184.54762266
21,2,,quantum,precond_pen=0.700,0.7,True,3,0.00916,167.1453807,167.1453807
21,2,,quantum,precond_pen=0.700,0.7,True,4,0.247437,165.82359154,165.82359154
21,2,,quantum,precond_pen=0.700,0.7,True,5,0.247597,165.02310616,165.02310616
21,2,,quantum,precond_pen=0.800,0.8,True,0,0.000131,191.00193356,191.00193356
21,2,,quantum,precond_pen=0.800,0.8,True,1,0.00783,188.41171692,188.41171692
21,2,,quantum,precond_pen=0.800,0.8,True,2,0.008469,167.1453807,167.1453807
21,2,,quantum,precond_pen=0.800,0.8,True,3,0.037591,165.02310616,165.02310616
21,2,,quantum,precond_pen=1.000,1.0,True,0,0.000131,191.00193356,191.00193356
21,2,,quantum,precond_pen=1.000,1.0,True,1,0.008238,187.26772706,187.26772706
21,2,,quantum,precond_pen=1.000,1.0,True,2,0.009112,165.02310616,165.02310616
22,2,,quantum,baseline,,True,0,0.000131,190.42904559,190.42904559
22,2,,quantum,baseline,,True,1,0.006053,186.81623225,186.81623225
22,2,,quantum,baseline,,True,2,0.006696,186.52636952,186.52636952
22,2,,quantum,baseline,,True,3,0.007287,164.29344317,164.29344317
22,2,,quantum,precond_pen=0.200,0.2,True,0,0.000154,190.42904559,190.42904559
22,2,,quantum,precond_pen=0.200,0.2,True,1,0.007747,185.13319344,185.13319344
22,2,,quantum,precond_pen=0.200,0.2,True,2,0.008448,186.37196879,185.13319344
22,2,,quantum,precond_pen=0.200,0.2,True,3,0.009426,166.87616917,166.87616917
22,2,,quantum,precond_pen=0.300,0.3,True,0,0.000129,190.42904559,190.42904559
22,2,,quantum,precond_pen=0.300,0.3,True,1,0.008266,180.99529245,180.99529245
22,2,,quantum,precond_pen=0.300,0.3,True,2,0.008748,179.6417527,179.6417527
22,2,,quantum,precond_pen=0.300,0.3,True,3,0.009549,166.87616917,166.87616917
22,2,,quantum,precond_pen=0.400,0.4,True,0,0.000134,190.42904559,190.42904559
22,2,,quantum,precond_pen=0.400,0.4,True,1,0.007909,179.67474859,179.67474859
22,2,,quantum,precond_pen=0.400,0.4,True,2,0.008635,179.6417527,179.6417527
22,2,,quantum,precond_pen=0.400,0.4,True,3,0.00979,165.13118238,165.13118238
22,2,,quantum,precond_pen=0.400,0.4,True,4,0.039383,164.29344317,164.29344317
22,2,,quantum,precond_pen=0.400,0.4,True,5,0.350685,164.66565322,164.29344317
22,2,,quantum,precond_pen=0.400,0.4,True,6,0.35114,164.66565322,164.29344317
22,2,,quantum,precond_pen=0.500,0.5,True,0,0.000134,190.42904559,190.42904559
22,2,,quantum,precond_pen=0.500,0.5,True,1,0.00745,181.17337696,181.17337696
22,2,,quantum,precond_pen=0.500,0.5,True,2,0.007925,179.6417527,179.6417527
22,2,,quantum,precond_pen=0.500,0.5,True,3,0.008772,164.29344317,164.29344317
22,2,,quantum,precond_pen=0.500,0.5,True,4,0.297498,164.66565322,164.29344317
22,2,,quantum,precond_pen=0.500,0.5,True,5,0.300033,164.66565322,164.29344317
22,2,,quantum,precond_pen=0.600,0.6,True,0,0.000135,190.42904559,190.42904559
22,2,,quantum,precond_pen=0.600,0.6,True,1,0.008959,180.58731502,180.58731502
22,2,,quantum,precond_pen=0.600,0.6,True,2,0.009754,165.58517904,165.58517904
22,2,,quantum,precond_pen=0.600,0.6,True,3,0.038308,164.66565322,164.66565322
22,2,,quantum,precond_pen=0.700,0.7,True,0,0.000129,190.42904559,190.42904559
22,2,,quantum,precond_pen=0.700,0.7,True,1,0.007395,175.70080468,175.70080468
22,2,,quantum,precond_pen=0.700,0.7,True,2,0.008739,164.66565322,164.66565322
22,2,,quantum,precond_pen=0.700,0.7,True,3,0.409464,164.29344317,164.29344317
22,2,,quantum,precond_pen=0.700,0.7,True,4,0.410618,164.29344317,164.29344317
22,2,,quantum,precond_pen=0.800,0.8,True,0,0.000148,190.42904559,190.42904559
22,2,,quantum,precond_pen=0.800,0.8,True,1,0.007829,178.83252242,178.83252242
22,2,,quantum,precond_pen=0.800,0.8,True,2,0.008492,178.91717591,178.83252242
22,2,,quantum,precond_pen=0.800,0.8,True,3,0.008877,176.26052008,176.26052008
22,2,,quantum,precond_pen=0.800,0.8,True,4,0.009505,164.66565322,164.66565322
22,2,,quantum,precond_pen=0.800,0.8,True,5,0.647596,164.29344317,164.29344317
22,2,,quantum,precond_pen=0.800,0.8,True,6,0.664542,164.29344317,164.29344317
22,2,,quantum,precond_pen=1.000,1.0,True,0,0.000143,190.42904559,190.42904559
22,2,,quantum,precond_pen=1.000,1.0,True,1,0.007767,186.67370482,186.67370482
22,2,,quantum,precond_pen=1.000,1.0,True,2,0.008123,186.53015912,186.53015912
22,2,,quantum,precond_pen=1.000,1.0,True,3,0.008765,177.51042103,177.51042103
22,2,,quantum,precond_pen=1.000,1.0,True,4,0.009389,165.58517904,165.58517904
22,2,,quantum,precond_pen=1.000,1.0,True,5,0.034201,164.29344317,164.29344317
23,2,,quantum,baseline,,True,0,0.00013,200.46559804,200.46559804
23,2,,quantum,baseline,,True,1,0.006913,175.26224143,175.26224143
23,2,,quantum,baseline,,True,2,0.110769,173.86364117,173.86364117
23,2,,quantum,precond_pen=0.200,0.2,True,0,0.000149,200.46559804,200.46559804
23,2,,quantum,precond_pen=0.200,0.2,True,1,0.006851,201.36913217,200.46559804
23,2,,quantum,precond_pen=0.200,0.2,True,2,0.00788,198.26459476,198.26459476
23,2,,quantum,precond_pen=0.200,0.2,True,3,0.008546,175.26224143,175.26224143
23,2,,quantum,precond_pen=0.300,0.3,True,0,0.000128,200.46559804,200.46559804
23,2,,quantum,precond_pen=0.300,0.3,True,1,0.007628,195.68068042,195.68068042
23,2,,quantum,precond_pen=0.300,0.3,True,2,0.008792,180.50937674,180.50937674
23,2,,quantum,precond_pen=0.300,0.3,True,3,0.040614,175.26224143,175.26224143
23,2,,quantum,precond_pen=0.400,0.4,True,0,0.000128,200.46559804,200.46559804
23,2,,quantum,precond_pen=0.400,0.4,True,1,0.007291,197.08464212,197.08464212
23,2,,quantum,precond_pen=0.400,0.4,True,2,0.008094,198.00375341,197.08464212
23,2,,quantum,precond_pen=0.400,0.4,True,3,0.008896,175.26224143,175.26224143
23,2,,quantum,precond_pen=0.500,0.5,True,0,0.000162,200.46559804,200.46559804
23,2,,quantum,precond_pen=0.500,0.5,True,1,0.007069,203.80120127,200.46559804
23,2,,quantum,precond_pen=0.500,0.5,True,2,0.007688,198.26459476,198.26459476
23,2,,quantum,precond_pen=0.500,0.5,True,3,0.008092,196.69660042,196.69660042
23,2,,quantum,precond_pen=0.500,0.5,True,4,0.008836,173.86364117,173.86364117
23,2,,quantum,precond_pen=0.500,0.5,True,5,0.038632,175.26224143,173.86364117
23,2,,quantum,precond_pen=0.600,0.6,True,0,0.000129,200.46559804,200.46559804
23,2,,quantum,precond_pen=0.600,0.6,True,1,0.00778,196.65155426,196.65155426
23,2,,quantum,precond_pen=0.600,0.6,True,2,0.008411,175.26224143,175.26224143
23,2,,quantum,precond_pen=0.600,0.6,True,3,0.167229,173.86364117,173.86364117
23,2,,quantum,precond_pen=0.700,0.7,True,0,0.00013,200.46559804,200.46559804
23,2,,quantum,precond_pen=0.700,0.7,True,1,0.007715,195.06190982,195.06190982
23,2,,quantum,precond_pen=0.700,0.7,True,2,0.008487,175.26224143,175.26224143
23,2,,quantum,precond_pen=0.700,0.7,True,3,0.170796,173.86364117,173.86364117
23,2,,quantum,precond_pen=0.800,0.8,True,0,0.000167,200.46559804,200.46559804
23,2,,quantum,precond_pen=0.800,0.8,True,1,0.00774,193.60833155,193.60833155
23,2,,quantum,precond_pen=0.800,0.8,True,2,0.009218,173.86364117,173.86364117
23,2,,quantum,precond_pen=1.000,1.0,True,0,0.000129,200.46559804,200.46559804
23,2,,quantum,precond_pen=1.000,1.0,True,1,0.007835,198.26459476,198.26459476
23,2,,quantum,precond_pen=1.000,1.0,True,2,0.008677,175.26224143,175.26224143
23,2,,quantum,precond_pen=1.000,1.0,True,3,0.581477,173.86364117,173.86364117
24,2,,quantum,baseline,,True,0,0.000135,192.24887735,192.24887735
24,2,,quantum,baseline,,True,1,0.006013,189.1187026,189.1187026
24,2,,quantum,baseline,,True,2,0.006673,186.43982918,186.43982918
24,2,,quantum,baseline,,True,3,0.007307,165.24783739,165.24783739
24,2,,quantum,baseline,,True,4,0.368529,164.87423851,164.87423851
24,2,,quantum,baseline,,True,5,0.393937,164.40238151,164.40238151
24,2,,quantum,baseline,,True,6,0.724774,161.80027797,161.80027797
24,2,,quantum,precond_pen=0.200,0.2,True,0,0.000135,192.24887735,192.24887735
24,2,,quantum,precond_pen=0.200,0.2,True,1,0.008436,188.60617836,188.60617836
24,2,,quantum,precond_pen=0.200,0.2,True,2,0.009108,186.43982918,186.43982918
24,2,,quantum,precond_pen=0.200,0.2,True,3,0.009956,165.48357095,165.48357095
24,2,,quantum,precond_pen=0.300,0.3,True,0,0.000128,192.24887735,192.24887735
24,2,,quantum,precond_pen=0.300,0.3,True,1,0.007248,177.41875568,177.41875568
24,2,,quantum,precond_pen=0.300,0.3,True,2,0.008332,165.48357095,165.48357095
24,2,,quantum,precond_pen=0.400,0.4,True,0,0.00013,192.24887735,192.24887735
24,2,,quantum,precond_pen=0.400,0.4,True,1,0.00792,177.20257174,177.20257174
24,2,,quantum,precond_pen=0.400,0.4,True,2,0.008474,161.80027797,161.80027797
24,2,,quantum,precond_pen=0.500,0.5,True,0,0.000129,192.24887735,192.24887735
24,2,,quantum,precond_pen=0.500,0.5,True,1,0.007271,180.71957278,180.71957278
24,2,,quantum,precond_pen=0.500,0.5,True,2,0.00805,181.55318618,180.71957278
24,2,,quantum,precond_pen=0.500,0.5,True,3,0.008994,161.80027797,161.80027797
24,2,,quantum,precond_pen=0.600,0.6,True,0,0.000135,192.24887735,192.24887735
24,2,,quantum,precond_pen=0.600,0.6,True,1,0.007693,184.34185475,184.34185475
24,2,,quantum,precond_pen=0.600,0.6,True,2,0.008357,161.80027797,161.80027797
24,2,,quantum,precond_pen=0.700,0.7,True,0,0.000141,192.24887735,192.24887735
24,2,,quantum,precond_pen=0.700,0.7,True,1,0.007813,183.23270025,183.23270025
24,2,,quantum,precond_pen=0.700,0.7,True,2,0.008572,181.55318618,181.55318618
24,2,,quantum,precond_pen=0.700,0.7,True,3,0.009521,161.80027797,161.80027797
24,2,,quantum,precond_pen=0.800,0.8,True,0,0.000129,192.24887735,192.24887735
24,2,,quantum,precond_pen=0.800,0.8,True,1,0.008609,181.4415598,181.4415598
24,2,,quantum,precond_pen=0.800,0.8,True,2,0.009037,161.80027797,161.80027797
24,2,,quantum,precond_pen=1.000,1.0,True,0,0.000132,192.24887735,192.24887735
24,2,,quantum,precond_pen=1.000,1.0,True,1,0.008148,186.07262084,186.07262084
24,2,,quantum,precond_pen=1.000,1.0,True,2,0.008731,182.68108867,182.68108867
24,2,,quantum,precond_pen=1.000,1.0,True,3,0.009237,180.82586453,180.82586453
24,2,,quantum,precond_pen=1.000,1.0,True,4,0.009607,161.80027797,161.80027797
25,2,,quantum,baseline,,True,0,0.000132,208.94677369,208.94677369
25,2,,quantum,baseline,,True,1,0.006405,205.97684233,205.97684233
25,2,,quantum,baseline,,True,2,0.006813,205.7188984,205.7188984
25,2,,quantum,baseline,,True,3,0.007155,199.72982034,199.72982034
25,2,,quantum,baseline,,True,4,0.007786,174.06175571,174.06175571
25,2,,quantum,precond_pen=0.200,0.2,True,0,0.000132,208.94677369,208.94677369
25,2,,quantum,precond_pen=0.200,0.2,True,1,0.007183,205.23980409,205.23980409
25,2,,quantum,precond_pen=0.200,0.2,True,2,0.007772,174.06175571,174.06175571
25,2,,quantum,precond_pen=0.300,0.3,True,0,0.000135,208.94677369,208.94677369
25,2,,quantum,precond_pen=0.300,0.3,True,1,0.007269,203.24333803,203.24333803
25,2,,quantum,precond_pen=0.300,0.3,True,2,0.007686,205.7188984,203.24333803
25,2,,quantum,precond_pen=0.300,0.3,True,3,0.00803,200.53268437,200.53268437
25,2,,quantum,precond_pen=0.300,0.3,True,4,0.00888,174.06175571,174.06175571
25,2,,quantum,precond_pen=0.400,0.4,True,0,0.000131,208.94677369,208.94677369
25,2,,quantum,precond_pen=0.400,0.4,True,1,0.007056,189.76255878,189.76255878
25,2,,quantum,precond_pen=0.400,0.4,True,2,0.00828,174.06175571,174.06175571
25,2,,quantum,precond_pen=0.500,0.5,True,0,0.000132,208.94677369,208.94677369
25,2,,quantum,precond_pen=0.500,0.5,True,1,0.007376,202.95537058,202.95537058
25,2,,quantum,precond_pen=0.500,0.5,True,2,0.007916,205.21813287,202.95537058
25,2,,quantum,precond_pen=0.500,0.5,True,3,0.008566,193.84337917,193.84337917
25,2,,quantum,precond_pen=0.500,0.5,True,4,0.009222,174.06175571,174.06175571
25,2,,quantum,precond_pen=0.600,0.6,True,0,0.000166,208.94677369,208.94677369
25,2,,quantum,precond_pen=0.600,0.6,True,1,0.007747,201.93580545,201.93580545
25,2,,quantum,precond_pen=0.600,0.6,True,2,0.008642,176.7221321,176.7221321
25,2,,quantum,precond_pen=0.600,0.6,True,3,0.191041,174.06175571,174.06175571
25,2,,quantum,precond_pen=0.700,0.7,True,0,0.000129,208.94677369,208.94677369
25,2,,quantum,precond_pen=0.700,0.7,True,1,0.007656,186.80232275,186.80232275
25,2,,quantum,precond_pen=0.700,0.7,True,2,0.008803,177.02529191,177.02529191
25,2,,quantum,precond_pen=0.700,0.7,True,3,0.210203,174.06175571,174.06175571
25,2,,quantum,precond_pen=0.700,0.7,True,4,0.211961,174.06175571,174.06175571
25,2,,quantum,precond_pen=0.800,0.8,True,0,0.000163,208.94677369,208.94677369
25,2,,quantum,precond_pen=0.800,0.8,True,1,0.007857,200.60809905,200.60809905
25,2,,quantum,precond_pen=0.800,0.8,True,2,0.008739,201.90685606,200.60809905
25,2,,quantum,precond_pen=0.800,0.8,True,3,0.009498,174.06175571,174.06175571
25,2,,quantum,precond_pen=1.000,1.0,True,0,0.000122,208.94677369,208.94677369
25,2,,quantum,precond_pen=1.000,1.0,True,1,0.007909,207.91220322,207.91220322
25,2,,quantum,precond_pen=1.000,1.0,True,2,0.008531,176.60816176,176.60816176
25,2,,quantum,precond_pen=1.000,1.0,True,3,1.173163,176.7221321,176.60816176
25,2,,quantum,precond_pen=1.000,1.0,True,4,1.2536,176.30055716,176.30055716
25,2,,quantum,precond_pen=1.000,1.0,True,5,1.418101,174.06175571,174.06175571
25,2,,quantum,precond_pen=1.000,1.0,True,6,1.746691,174.06175571,174.06175571
26,2,,quantum,baseline,,True,0,0.000141,198.22858224,198.22858224
26,2,,quantum,baseline,,True,1,0.006567,194.16862247,194.16862247
26,2,,quantum,baseline,,True,2,0.007229,194.05240314,194.05240314
26,2,,quantum,baseline,,True,3,0.008043,176.07267351,176.07267351
26,2,,quantum,precond_pen=0.200,0.2,True,0,0.000137,198.22858224,198.22858224
26,2,,quantum,precond_pen=0.200,0.2,True,1,0.007199,193.8155645,193.8155645
26,2,,quantum,precond_pen=0.200,0.2,True,2,0.008369,195.44404042,193.8155645
26,2,,quantum,precond_pen=0.200,0.2,True,3,0.009381,179.40237953,179.40237953
26,2,,quantum,precond_pen=0.300,0.3,True,0,0.00013,198.22858224,198.22858224
26,2,,quantum,precond_pen=0.300,0.3,True,1,0.007072,202.16463797,198.22858224
26,2,,quantum,precond_pen=0.300,0.3,True,2,0.007808,195.80524313,195.80524313
26,2,,quantum,precond_pen=0.300,0.3,True,3,0.008154,194.98382826,194.98382826
26,2,,quantum,precond_pen=0.300,0.3,True,4,0.008801,179.40237953,179.40237953
26,2,,quantum,precond_pen=0.400,0.4,True,0,0.000138,198.22858224,198.22858224
26,2,,quantum,precond_pen=0.400,0.4,True,1,0.007276,194.52337443,194.52337443
26,2,,quantum,precond_pen=0.400,0.4,True,2,0.008787,176.07267351,176.07267351
26,2,,quantum,precond_pen=0.400,0.4,True,3,0.036368,177.92856051,176.07267351
26,2,,quantum,precond_pen=0.400,0.4,True,4,0.036513,178.81989368,176.07267351
26,2,,quantum,precond_pen=0.500,0.5,True,0,0.000127,198.22858224,198.22858224
26,2,,quantum,precond_pen=0.500,0.5,True,1,0.00701,197.56126451,197.56126451
26,2,,quantum,precond_pen=0.500,0.5,True,2,0.007761,195.44404042,195.44404042
26,2,,quantum,precond_pen=0.500,0.5,True,3,0.008158,193.42673966,193.42673966
26,2,,quantum,precond_pen=0.500,0.5,True,4,0.008821,178.81989368,178.81989368
26,2,,quantum,precond_pen=0.500,0.5,True,5,0.310203,178.02449341,178.02449341
26,2,,quantum,precond_pen=0.500,0.5,True,6,0.313378,178.02449341,178.02449341
26,2,,quantum,precond_pen=0.600,0.6,True,0,0.000123,198.22858224,198.22858224
26,2,,quantum,precond_pen=0.600,0.6,True,1,0.007599,193.09012808,193.09012808
26,2,,quantum,precond_pen=0.600,0.6,True,2,0.009194,177.88987106,177.88987106
26,2,,quantum,precond_pen=0.600,0.6,True,3,0.037535,176.07267351,176.07267351
26,2,,quantum,precond_pen=0.700,0.7,True,0,0.00013,198.22858224,198.22858224
26,2,,quantum,precond_pen=0.700,0.7,True,1,0.007909,197.63430516,197.63430516
26,2,,quantum,precond_pen=0.700,0.7,True,2,0.008544,177.88987106,177.88987106
26,2,,quantum,precond_pen=0.700,0.7,True,3,0.034293,176.07267351,176.07267351
26,2,,quantum,precond_pen=0.800,0.8,True,0,0.000136,198.22858224,198.22858224
26,2,,quantum,precond_pen=0.800,0.8,True,1,0.008119,189.86208842,189.86208842
26,2,,quantum,precond_pen=0.800,0.8,True,2,0.009686,176.07267351,176.07267351
26,2,,quantum,precond_pen=1.000,1.0,True,0,0.000133,198.22858224,198.22858224
26,2,,quantum,precond_pen=1.000,1.0,True,1,0.00849,176.07267351,176.07267351
27,2,,quantum,baseline,,True,0,0.000133,207.72741462,207.72741462
27,2,,quantum,baseline,,True,1,0.006919,205.0891845,205.0891845
27,2,,quantum,baseline,,True,2,0.007451,200.43544511,200.43544511
27,2,,quantum,baseline,,True,3,0.008164,177.85045641,177.85045641
27,2,,quantum,precond_pen=0.200,0.2,True,0,0.000135,207.72741462,207.72741462
27,2,,quantum,precond_pen=0.200,0.2,True,1,0.007031,201.95407263,201.95407263
27,2,,quantum,precond_pen=0.200,0.2,True,2,0.008089,196.63205121,196.63205121
27,2,,quantum,precond_pen=0.200,0.2,True,3,0.008816,177.89053851,177.89053851
27,2,,quantum,precond_pen=0.200,0.2,True,4,0.295646,180.9811495,177.89053851
27,2,,quantum,precond_pen=0.300,0.3,True,0,0.00014,207.72741462,207.72741462
27,2,,quantum,precond_pen=0.300,0.3,True,1,0.007319,202.76440006,202.76440006
27,2,,quantum,precond_pen=0.300,0.3,True,2,0.007929,180.9811495,180.9811495
27,2,,quantum,precond_pen=0.300,0.3,True,3,0.178884,177.89053851,177.89053851
27,2,,quantum,precond_pen=0.300,0.3,True,4,0.17932,177.89053851,177.89053851
27,2,,quantum,precond_pen=0.400,0.4,True,0,0.000177,207.72741462,207.72741462
27,2,,quantum,precond_pen=0.400,0.4,True,1,0.007473,208.76210467,207.72741462
27,2,,quantum,precond_pen=0.400,0.4,True,2,0.007961,200.43544511,200.43544511
27,2,,quantum,precond_pen=0.400,0.4,True,3,0.008604,197.48930017,197.48930017
27,2,,quantum,precond_pen=0.400,0.4,True,4,0.009256,177.89053851,177.89053851
27,2,,quantum,precond_pen=0.500,0.5,True,0,0.000128,207.72741462,207.72741462
27,2,,quantum,precond_pen=0.500,0.5,True,1,0.007159,198.91240274,198.91240274
27,2,,quantum,precond_pen=0.500,0.5,True,2,0.007929,193.82521848,193.82521848
27,2,,quantum,precond_pen=0.500,0.5,True,3,0.008606,188.78146604,188.78146604
27,2,,quantum,precond_pen=0.500,0.5,True,4,0.009164,177.89053851,177.89053851
27,2,,quantum,precond_pen=0.600,0.6,True,0,0.000132,207.72741462,207.72741462
27,2,,quantum,precond_pen=0.600,0.6,True,1,0.007768,202.76471684,202.76471684
27,2,,quantum,precond_pen=0.600,0.6,True,2,0.008472,201.30018942,201.30018942
27,2,,quantum,precond_pen=0.600,0.6,True,3,0.009153,195.34292323,195.34292323
27,2,,quantum,precond_pen=0.600,0.6,True,4,0.009716,177.89053851,177.89053851
27,2,,quantum,precond_pen=0.700,0.7,True,0,0.000133,207.72741462,207.72741462
27,2,,quantum,precond_pen=0.700,0.7,True,1,0.007953,199.98477427,199.98477427
27,2,,quantum,precond_pen=0.700,0.7,True,2,0.008482,177.89053851,177.89053851
27,2,,quantum,precond_pen=0.800,0.8,True,0,0.000128,207.72741462,207.72741462
27,2,,quantum,precond_pen=0.800,0.8,True,1,0.007703,201.1608408,201.1608408
27,2,,quantum,precond_pen=0.800,0.8,True,2,0.008172,200.43544511,200.43544511
27,2,,quantum,precond_pen=0.800,0.8,True,3,0.008568,199.57240803,199.57240803
27,2,,quantum,precond_pen=0.800,0.8,True,4,0.009099,180.39234413,180.39234413
27,2,,quantum,precond_pen=0.800,0.8,True,5,0.036278,177.89053851,177.89053851
27,2,,quantum,precond_pen=1.000,1.0,True,0,0.00013,207.72741462,207.72741462
27,2,,quantum,precond_pen=1.000,1.0,True,1,0.008165,203.48257463,203.48257463
27,2,,quantum,precond_pen=1.000,1.0,True,2,0.0086,200.43544511,200.43544511
27,2,,quantum,precond_pen=1.000,1.0,True,3,0.009059,193.56735853,193.56735853
27,2,,quantum,precond_pen=1.000,1.0,True,4,0.00953,179.81301231,179.81301231
27,2,,quantum,precond_pen=1.000,1.0,True,5,0.034588,177.85045641,177.85045641
27,2,,quantum,precond_pen=1.000,1.0,True,6,0.607208,177.89053851,177.85045641
27,2,,quantum,precond_pen=1.000,1.0,True,7,0.649766,177.89053851,177.85045641
28,2,,quantum,baseline,,True,0,0.00013,207.32000238,207.32000238
28,2,,quantum,baseline,,True,1,0.007744,187.13710859,187.13710859
28,2,,quantum,precond_pen=0.200,0.2,True,0,0.000134,207.32000238,207.32000238
28,2,,quantum,precond_pen=0.200,0.2,True,1,0.008274,187.81653175,187.81653175
28,2,,quantum,precond_pen=0.300,0.3,True,0,0.000129,207.32000238,207.32000238
28,2,,quantum,precond_pen=0.300,0.3,True,1,0.006789,210.98406106,207.32000238
28,2,,quantum,precond_pen=0.300,0.3,True,2,0.007761,211.57919397,207.32000238
28,2,,quantum,precond_pen=0.300,0.3,True,3,0.008361,187.81653175,187.81653175
28,2,,quantum,precond_pen=0.400,0.4,True,0,0.000131,207.32000238,207.32000238
28,2,,quantum,precond_pen=0.400,0.4,True,1,0.007747,187.38129056,187.38129056
28,2,,quantum,precond_pen=0.400,0.4,True,2,0.036277,187.81653175,187.38129056
28,2,,quantum,precond_pen=0.500,0.5,True,0,0.00013,207.32000238,207.32000238
28,2,,quantum,precond_pen=0.500,0.5,True,1,0.008473,187.81653175,187.81653175
28,2,,quantum,precond_pen=0.600,0.6,True,0,0.000135,207.32000238,207.32000238
28,2,,quantum,precond_pen=0.600,0.6,True,1,0.007523,201.94586989,201.94586989
28,2,,quantum,precond_pen=0.600,0.6,True,2,0.008902,187.81653175,187.81653175
28,2,,quantum,precond_pen=0.700,0.7,True,0,0.00013,207.32000238,207.32000238
28,2,,quantum,precond_pen=0.700,0.7,True,1,0.008712,187.38129056,187.38129056
28,2,,quantum,precond_pen=0.700,0.7,True,2,0.039408,187.81653175,187.38129056
28,2,,quantum,precond_pen=0.800,0.8,True,0,0.000129,207.32000238,207.32000238
28,2,,quantum,precond_pen=0.800,0.8,True,1,0.007501,202.4492243,202.4492243
28,2,,quantum,precond_pen=0.800,0.8,True,2,0.008795,187.2322907,187.2322907
28,2,,quantum,precond_pen=1.000,1.0,True,0,0.000148,207.32000238,207.32000238
28,2,,quantum,precond_pen=1.000,1.0,True,1,0.008177,206.06939536,206.06939536
28,2,,quantum,precond_pen=1.000,1.0,True,2,0.008678,187.2322907,187.2322907
29,2,,quantum,baseline,,True,0,0.00013,195.46678777,195.46678777
29,2,,quantum,baseline,,True,1,0.006359,191.11330259,191.11330259
29,2,,quantum,baseline,,True,2,0.007085,190.61231636,190.61231636
29,2,,quantum,baseline,,True,3,0.007875,173.13634896,173.13634896
29,2,,quantum,baseline,,True,4,0.111872,169.93819375,169.93819375
29,2,,quantum,baseline,,True,5,0.111992,169.72603227,169.72603227
29,2,,quantum,baseline,,True,6,0.39299,169.60871974,169.60871974
29,2,,quantum,baseline,,True,7,0.68643,168.62712227,168.62712227
29,2,,quantum,baseline,,True,8,2.567629,168.62712227,168.62712227
29,2,,quantum,precond_pen=0.200,0.2,True,0,0.000136,195.46678777,195.46678777
29,2,,quantum,precond_pen=0.200,0.2,True,1,0.007559,188.06587379,188.06587379
29,2,,quantum,precond_pen=0.200,0.2,True,2,0.00863,190.71290865,188.06587379
29,2,,quantum,precond_pen=0.200,0.2,True,3,0.009516,169.72603227,169.72603227
29,2,,quantum,precond_pen=0.200,0.2,True,4,0.38807,170.52620758,169.72603227
29,2,,quantum,precond_pen=0.200,0.2,True,5,0.415041,170.64968647,169.72603227
29,2,,quantum,precond_pen=0.300,0.3,True,0,0.000121,195.46678777,195.46678777
29,2,,quantum,precond_pen=0.300,0.3,True,1,0.00819,186.20580041,186.20580041
29,2,,quantum,precond_pen=0.300,0.3,True,2,0.009102,184.07718523,184.07718523
29,2,,quantum,precond_pen=0.300,0.3,True,3,0.009595,170.98131193,170.98131193
29,2,,quantum,precond_pen=0.300,0.3,True,4,0.041066,170.64968647,170.64968647
29,2,,quantum,precond_pen=0.400,0.4,True,0,0.000118,195.46678777,195.46678777
29,2,,quantum,precond_pen=0.400,0.4,True,1,0.00748,194.84878322,194.84878322
29,2,,quantum,precond_pen=0.400,0.4,True,2,0.008245,169.72603227,169.72603227
29,2,,quantum,precond_pen=0.400,0.4,True,3,0.23902,170.64968647,169.72603227
29,2,,quantum,precond_pen=0.400,0.4,True,4,0.242558,170.64968647,169.72603227
29,2,,quantum,precond_pen=0.500,0.5,True,0,0.000115,195.46678777,195.46678777
29,2,,quantum,precond_pen=0.500,0.5,True,1,0.007572,195.66111087,195.46678777
29,2,,quantum,precond_pen=0.500,0.5,True,2,0.008331,170.28904199,170.28904199
29,2,,quantum,precond_pen=0.500,0.5,True,3,0.185151,170.52620758,170.28904199
29,2,,quantum,precond_pen=0.500,0.5,True,4,0.185908,170.64968647,170.28904199
29,2,,quantum,precond_pen=0.500,0.5,True,5,0.233336,169.72603227,169.72603227
29,2,,quantum,precond_pen=0.600,0.6,True,0,0.000117,195.46678777,195.46678777
29,2,,quantum,precond_pen=0.600,0.6,True,1,0.007467,179.41579161,179.41579161
29,2,,quantum,precond_pen=0.600,0.6,True,2,0.008868,168.62712227,168.62712227
29,2,,quantum,precond_pen=0.600,0.6,True,3,0.286386,169.72603227,168.62712227
29,2,,quantum,precond_pen=0.600,0.6,True,4,0.290748,169.72603227,168.62712227
29,2,,quantum,precond_pen=0.700,0.7,True,0,0.000115,195.46678777,195.46678777
29,2,,quantum,precond_pen=0.700,0.7,True,1,0.007666,193.93847829,193.93847829
29,2,,quantum,precond_pen=0.700,0.7,True,2,0.008408,170.28904199,170.28904199
29,2,,quantum,precond_pen=0.700,0.7,True,3,0.035635,170.07662115,170.07662115
29,2,,quantum,precond_pen=0.700,0.7,True,4,0.037489,169.60871974,169.60871974
29,2,,quantum,precond_pen=0.700,0.7,True,5,0.299668,169.72603227,169.60871974
29,2,,quantum,precond_pen=0.700,0.7,True,6,0.362843,169.72603227,169.60871974
29,2,,quantum,precond_pen=0.800,0.8,True,0,0.000114,195.46678777,195.46678777
29,2,,quantum,precond_pen=0.800,0.8,True,1,0.008729,184.14983914,184.14983914
29,2,,quantum,precond_pen=0.800,0.8,True,2,0.01042,168.62712227,168.62712227
29,2,,quantum,precond_pen=1.000,1.0,True,0,0.000114,195.46678777,195.46678777
29,2,,quantum,precond_pen=1.000,1.0,True,1,0.009007,195.26936406,195.26936406
29,2,,quantum,precond_pen=1.000,1.0,True,2,0.009458,174.5413043,174.5413043
29,2,,quantum,precond_pen=1.000,1.0,True,3,0.032275,169.60871974,169.60871974
29,2,,quantum,precond_pen=1.000,1.0,True,4,1.069037,169.72603227,169.60871974
29,2,,quantum,precond_pen=1.000,1.0,True,5,1.340869,168.62712227,168.62712227
29,2,,quantum,precond_pen=1.000,1.0,True,6,1.543507,168.62712227,168.62712227
30,2,,quantum,baseline,,True,0,0.000127,200.02265707,200.02265707
30,2,,quantum,baseline,,True,1,0.006147,200.0024408,200.0024408
30,2,,quantum,baseline,,True,2,0.007138,199.82576178,199.82576178
30,2,,quantum,baseline,,True,3,0.008468,168.62128017,168.62128017
30,2,,quantum,precond_pen=0.200,0.2,True,0,0.000122,200.02265707,200.02265707
30,2,,quantum,precond_pen=0.200,0.2,True,1,0.006482,192.50082666,192.50082666
30,2,,quantum,precond_pen=0.200,0.2,True,2,0.007861,169.96933773,169.96933773
30,2,,quantum,precond_pen=0.200,0.2,True,3,0.043117,168.62128017,168.62128017
30,2,,quantum,precond_pen=0.300,0.3,True,0,0.000116,200.02265707,200.02265707
30,2,,quantum,precond_pen=0.300,0.3,True,1,0.0076,189.06990662,189.06990662
30,2,,quantum,precond_pen=0.300,0.3,True,2,0.008857,169.96933773,169.96933773
30,2,,quantum,precond_pen=0.400,0.4,True,0,0.000116,200.02265707,200.02265707
30,2,,quantum,precond_pen=0.400,0.4,True,1,0.007107,197.54113341,197.54113341
30,2,,quantum,precond_pen=0.400,0.4,True,2,0.008475,169.96933773,169.96933773
30,2,,quantum,precond_pen=0.400,0.4,True,3,0.034407,168.62128017,168.62128017
30,2,,quantum,precond_pen=0.500,0.5,True,0,0.000116,200.02265707,200.02265707
30,2,,quantum,precond_pen=0.500,0.5,True,1,0.007521,184.90723281,184.90723281
30,2,,quantum,precond_pen=0.500,0.5,True,2,0.008957,169.96933773,169.96933773
30,2,,quantum,precond_pen=0.500,0.5,True,3,0.240682,168.62128017,168.62128017
30,2,,quantum,precond_pen=0.500,0.5,True,4,0.263318,168.62128017,168.62128017
30,2,,quantum,precond_pen=0.600,0.6,True,0,0.000116,200.02265707,200.02265707
30,2,,quantum,precond_pen=0.600,0.6,True,1,0.007562,192.70358411,192.70358411
30,2,,quantum,precond_pen=0.600,0.6,True,2,0.008734,184.49905681,184.49905681
30,2,,quantum,precond_pen=0.600,0.6,True,3,0.00941,168.62128017,168.62128017
30,2,,quantum,precond_pen=0.700,0.7,True,0,0.000118,200.02265707,200.02265707
30,2,,quantum,precond_pen=0.700,0.7,True,1,0.007707,193.17706611,193.17706611
30,2,,quantum,precond_pen=0.700,0.7,True,2,0.009157,170.42726525,170.42726525
30,2,,quantum,precond_pen=0.700,0.7,True,3,0.03865,169.96933773,169.96933773
30,2,,quantum,precond_pen=0.700,0.7,True,4,0.247484,168.62128017,168.62128017
30,2,,quantum,precond_pen=0.700,0.7,True,5,0.283575,168.62128017,168.62128017
30,2,,quantum,precond_pen=0.800,0.8,True,0,0.000113,200.02265707,200.02265707
30,2,,quantum,precond_pen=0.800,0.8,True,1,0.007953,189.72079611,189.72079611
30,2,,quantum,precond_pen=0.800,0.8,True,2,0.009177,173.29907556,173.29907556
30,2,,quantum,precond_pen=0.800,0.8,True,3,0.037903,169.96933773,169.96933773
30,2,,quantum,precond_pen=0.800,0.8,True,4,0.808454,168.62128017,168.62128017
30,2,,quantum,precond_pen=0.800,0.8,True,5,0.840846,168.62128017,168.62128017
30,2,,quantum,precond_pen=1.000,1.0,True,0,0.000136,200.02265707,200.02265707
30,2,,quantum,precond_pen=1.000,1.0,True,1,0.007875,206.86382853,200.02265707
30,2,,quantum,precond_pen=1.000,1.0,True,2,0.009286,221.32588042,200.02265707
30,2,,quantum,precond_pen=1.000,1.0,True,3,0.038141,211.13682104,200.02265707
30,2,,quantum,precond_pen=1.000,1.0,True,4,0.108171,214.54748389,200.02265707
31,2,,quantum,baseline,,True,0,0.000124,205.5701103,205.5701103
31,2,,quantum,baseline,,True,1,0.00586,203.01184325,203.01184325
31,2,,quantum,baseline,,True,2,0.006756,200.98212885,200.98212885
31,2,,quantum,baseline,,True,3,0.007482,169.87942357,169.87942357
31,2,,quantum,baseline,,True,4,2.669429,169.80866215,169.80866215
31,2,,quantum,baseline,,True,5,3.254155,169.80866215,169.80866215
31,2,,quantum,precond_pen=0.200,0.2,True,0,0.000116,205.5701103,205.5701103
31,2,,quantum,precond_pen=0.200,0.2,True,1,0.007572,201.73514864,201.73514864
31,2,,quantum,precond_pen=0.200,0.2,True,2,0.009244,169.87942357,169.87942357
31,2,,quantum,precond_pen=0.300,0.3,True,0,0.00013,205.5701103,205.5701103
31,2,,quantum,precond_pen=0.300,0.3,True,1,0.008166,202.68452406,202.68452406
31,2,,quantum,precond_pen=0.300,0.3,True,2,0.00913,194.35048235,194.35048235
31,2,,quantum,precond_pen=0.300,0.3,True,3,0.009884,170.77015679,170.77015679
31,2,,quantum,precond_pen=0.400,0.4,True,0,0.000117,205.5701103,205.5701103
31,2,,quantum,precond_pen=0.400,0.4,True,1,0.007142,194.26523574,194.26523574
31,2,,quantum,precond_pen=0.400,0.4,True,2,0.00849,169.87942357,169.87942357
31,2,,quantum,precond_pen=0.400,0.4,True,3,0.036508,170.77015679,169.87942357
31,2,,quantum,precond_pen=0.500,0.5,True,0,0.000114,205.5701103,205.5701103
31,2,,quantum,precond_pen=0.500,0.5,True,1,0.007306,193.05458999,193.05458999
31,2,,quantum,precond_pen=0.500,0.5,True,2,0.008391,190.84463995,190.84463995
31,2,,quantum,precond_pen=0.500,0.5,True,3,0.008994,170.77015679,170.77015679
31,2,,quantum,precond_pen=0.500,0.5,True,4,0.038361,169.87942357,169.87942357
31,2,,quantum,precond_pen=0.600,0.6,True,0,0.000116,205.5701103,205.5701103
31,2,,quantum,precond_pen=0.600,0.6,True,1,0.008881,193.57257777,193.57257777
31,2,,quantum,precond_pen=0.600,0.6,True,2,0.009942,190.84463995,190.84463995
31,2,,quantum,precond_pen=0.600,0.6,True,3,0.010546,170.77015679,170.77015679
31,2,,quantum,precond_pen=0.600,0.6,True,4,0.262544,169.87942357,169.87942357
31,2,,quantum,precond_pen=0.600,0.6,True,5,0.264977,169.87942357,169.87942357
31,2,,quantum,precond_pen=0.700,0.7,True,0,0.000113,205.5701103,205.5701103
31,2,,quantum,precond_pen=0.700,0.7,True,1,0.007507,193.24578494,193.24578494
31,2,,quantum,precond_pen=0.700,0.7,True,2,0.008404,188.47474742,188.47474742
31,2,,quantum,precond_pen=0.700,0.7,True,3,0.009136,169.87942357,169.87942357
31,2,,quantum,precond_pen=0.800,0.8,True,0,0.000126,205.5701103,205.5701103
31,2,,quantum,precond_pen=0.800,0.8,True,1,0.007707,196.32891865,196.32891865
31,2,,quantum,precond_pen=0.800,0.8,True,2,0.00851,196.03483301,196.03483301
31,2,,quantum,precond_pen=0.800,0.8,True,3,0.009002,171.74966457,171.74966457
31,2,,quantum,precond_pen=0.800,0.8,True,4,0.786516,171.43948273,171.43948273
31,2,,quantum,precond_pen=0.800,0.8,True,5,0.786682,169.87942357,169.87942357
31,2,,quantum,precond_pen=0.800,0.8,True,6,0.827158,169.87942357,169.87942357
31,2,,quantum,precond_pen=1.000,1.0,True,0,0.000123,205.5701103,205.5701103
31,2,,quantum,precond_pen=1.000,1.0,True,1,0.007759,198.9600016,198.9600016
31,2,,quantum,precond_pen=1.000,1.0,True,2,0.008501,198.14589391,198.14589391
31,2,,quantum,precond_pen=1.000,1.0,True,3,0.009146,185.40318443,185.40318443
31,2,,quantum,precond_pen=1.000,1.0,True,4,0.0097,171.64700099,171.64700099
31,2,,quantum,precond_pen=1.000,1.0,True,5,0.040311,170.77015679,170.77015679
31,2,,quantum,precond_pen=1.000,1.0,True,6,0.570797,169.87942357,169.87942357
31,2,,quantum,precond_pen=1.000,1.0,True,7,0.571359,169.87942357,169.87942357
32,2,,quantum,baseline,,True,0,0.000119,180.24853285,180.24853285
32,2,,quantum,baseline,,True,1,0.006467,177.54446966,177.54446966
32,2,,quantum,baseline,,True,2,0.007004,177.52334023,177.52334023
32,2,,quantum,baseline,,True,3,0.00794,157.21731769,157.21731769
32,2,,quantum,precond_pen=0.200,0.2,True,0,0.000143,180.24853285,180.24853285
32,2,,quantum,precond_pen=0.200,0.2,True,1,0.007713,187.54263023,180.24853285
32,2,,quantum,precond_pen=0.200,0.2,True,2,0.008792,180.3073151,180.24853285
32,2,,quantum,precond_pen=0.200,0.2,True,3,0.009398,158.01046051,158.01046051
32,2,,quantum,precond_pen=0.300,0.3,True,0,0.000116,180.24853285,180.24853285
32,2,,quantum,precond_pen=0.300,0.3,True,1,0.006867,179.89791016,179.89791016
32,2,,quantum,precond_pen=0.300,0.3,True,2,0.008277,157.21731769,157.21731769
32,2,,quantum,precond_pen=0.400,0.4,True,0,0.000127,180.24853285,180.24853285
32,2,,quantum,precond_pen=0.400,0.4,True,1,0.007152,180.30668656,180.24853285
32,2,,quantum,precond_pen=0.400,0.4,True,2,0.008636,157.21731769,157.21731769
32,2,,quantum,precond_pen=0.500,0.5,True,0,0.00012,180.24853285,180.24853285
32,2,,quantum,precond_pen=0.500,0.5,True,1,0.007831,157.21731769,157.21731769
32,2,,quantum,precond_pen=0.600,0.6,True,0,0.000115,180.24853285,180.24853285
32,2,,quantum,precond_pen=0.600,0.6,True,1,0.007434,179.72220169,179.72220169
32,2,,quantum,precond_pen=0.600,0.6,True,2,0.008109,157.21731769,157.21731769
32,2,,quantum,precond_pen=0.700,0.7,True,0,0.000131,180.24853285,180.24853285
32,2,,quantum,precond_pen=0.700,0.7,True,1,0.007368,172.29528512,172.29528512
32,2,,quantum,precond_pen=0.700,0.7,True,2,0.008835,157.21731769,157.21731769
32,2,,quantum,precond_pen=0.800,0.8,True,0,0.00012,180.24853285,180.24853285
32,2,,quantum,precond_pen=0.800,0.8,True,1,0.00788,179.31981625,179.31981625
32,2,,quantum,precond_pen=0.800,0.8,True,2,0.008953,157.21731769,157.21731769
32,2,,quantum,precond_pen=1.000,1.0,True,0,0.000126,180.24853285,180.24853285
32,2,,quantum,precond_pen=1.000,1.0,True,1,0.008531,157.21731769,157.21731769
33,2,,quantum,baseline,,True,0,0.000116,190.25956597,190.25956597
33,2,,quantum,baseline,,True,1,0.006846,166.34865081,166.34865081
33,2,,quantum,baseline,,True,2,0.110955,160.26302426,160.26302426
33,2,,quantum,precond_pen=0.200,0.2,True,0,0.000125,190.25956597,190.25956597
33,2,,quantum,precond_pen=0.200,0.2,True,1,0.007226,179.21346964,179.21346964
33,2,,quantum,precond_pen=0.200,0.2,True,2,0.008526,160.26302426,160.26302426
33,2,,quantum,precond_pen=0.300,0.3,True,0,0.000118,190.25956597,190.25956597
33,2,,quantum,precond_pen=0.300,0.3,True,1,0.007,178.64770738,178.64770738
33,2,,quantum,precond_pen=0.300,0.3,True,2,0.0084,160.26302426,160.26302426
33,2,,quantum,precond_pen=0.400,0.4,True,0,0.000116,190.25956597,190.25956597
33,2,,quantum,precond_pen=0.400,0.4,True,1,0.007263,181.65740727,181.65740727
33,2,,quantum,precond_pen=0.400,0.4,True,2,0.008727,160.26302426,160.26302426
33,2,,quantum,precond_pen=0.500,0.5,True,0,0.000115,190.25956597,190.25956597
33,2,,quantum,precond_pen=0.500,0.5,True,1,0.00741,178.77958594,178.77958594
33,2,,quantum,precond_pen=0.500,0.5,True,2,0.00887,163.91342023,163.91342023
33,2,,quantum,precond_pen=0.500,0.5,True,3,0.037342,160.26302426,160.26302426
33,2,,quantum,precond_pen=0.600,0.6,True,0,0.000117,190.25956597,190.25956597
33,2,,quantum,precond_pen=0.600,0.6,True,1,0.007364,175.13282177,175.13282177
33,2,,quantum,precond_pen=0.600,0.6,True,2,0.00863,160.26302426,160.26302426
33,2,,quantum,precond_pen=0.700,0.7,True,0,0.000122,190.25956597,190.25956597
33,2,,quantum,precond_pen=0.700,0.7,True,1,0.007679,178.19792395,178.19792395
33,2,,quantum,precond_pen=0.700,0.7,True,2,0.008735,173.63321614,173.63321614
33,2,,quantum,precond_pen=0.700,0.7,True,3,0.009246,160.26302426,160.26302426
33,2,,quantum,precond_pen=0.800,0.8,True,0,0.000124,190.25956597,190.25956597
33,2,,quantum,precond_pen=0.800,0.8,True,1,0.007967,187.55510271,187.55510271
33,2,,quantum,precond_pen=0.800,0.8,True,2,0.008364,187.647051,187.55510271
33,2,,quantum,precond_pen=0.800,0.8,True,3,0.009001,178.60688762,178.60688762
33,2,,quantum,precond_pen=0.800,0.8,True,4,0.009569,165.79471783,165.79471783
33,2,,quantum,precond_pen=0.800,0.8,True,5,0.622668,160.26302426,160.26302426
33,2,,quantum,precond_pen=0.800,0.8,True,6,0.623034,160.26302426,160.26302426
33,2,,quantum,precond_pen=1.000,1.0,True,0,0.000149,190.25956597,190.25956597
33,2,,quantum,precond_pen=1.000,1.0,True,1,0.008073,183.5088863,183.5088863
33,2,,quantum,precond_pen=1.000,1.0,True,2,0.008831,160.26302426,160.26302426
34,2,,quantum,baseline,,True,0,0.000121,191.78740851,191.78740851
34,2,,quantum,baseline,,True,1,0.007191,180.88941971,180.88941971
34,2,,quantum,baseline,,True,2,0.111308,171.69635225,171.69635225
34,2,,quantum,precond_pen=0.200,0.2,True,0,0.000119,191.78740851,191.78740851
34,2,,quantum,precond_pen=0.200,0.2,True,1,0.007409,189.23563495,189.23563495
34,2,,quantum,precond_pen=0.200,0.2,True,2,0.008732,174.32935439,174.32935439
34,2,,quantum,precond_pen=0.300,0.3,True,0,0.000122,191.78740851,191.78740851
34,2,,quantum,precond_pen=0.300,0.3,True,1,0.007022,189.9861049,189.9861049
34,2,,quantum,precond_pen=0.300,0.3,True,2,0.007387,189.23563495,189.23563495
34,2,,quantum,precond_pen=0.300,0.3,True,3,0.007839,191.54194178,189.23563495
34,2,,quantum,precond_pen=0.300,0.3,True,4,0.008324,174.32935439,174.32935439
34,2,,quantum,precond_pen=0.400,0.4,True,0,0.000122,191.78740851,191.78740851
34,2,,quantum,precond_pen=0.400,0.4,True,1,0.007365,189.19505525,189.19505525
34,2,,quantum,precond_pen=0.400,0.4,True,2,0.008514,171.69635225,171.69635225
34,2,,quantum,precond_pen=0.500,0.5,True,0,0.000115,191.78740851,191.78740851
34,2,,quantum,precond_pen=0.500,0.5,True,1,0.007366,187.05246531,187.05246531
34,2,,quantum,precond_pen=0.500,0.5,True,2,0.00863,171.69635225,171.69635225
34,2,,quantum,precond_pen=0.600,0.6,True,0,0.000126,191.78740851,191.78740851
34,2,,quantum,precond_pen=0.600,0.6,True,1,0.007403,186.53621629,186.53621629
34,2,,quantum,precond_pen=0.600,0.6,True,2,0.009142,171.69635225,171.69635225
34,2,,quantum,precond_pen=0.700,0.7,True,0,0.000197,191.78740851,191.78740851
34,2,,quantum,precond_pen=0.700,0.7,True,1,0.009275,187.9919492,187.9919492
34,2,,quantum,precond_pen=0.700,0.7,True,2,0.009911,171.69635225,171.69635225
34,2,,quantum,precond_pen=0.800,0.8,True,0,0.000114,191.78740851,191.78740851
34,2,,quantum,precond_pen=0.800,0.8,True,1,0.008835,182.68457582,182.68457582
34,2,,quantum,precond_pen=0.800,0.8,True,2,0.010599,175.40481132,175.40481132
34,2,,quantum,precond_pen=0.800,0.8,True,3,0.307081,171.69635225,171.69635225
34,2,,quantum,precond_pen=0.800,0.8,True,4,0.308619,171.69635225,171.69635225
34,2,,quantum,precond_pen=1.000,1.0,True,0,0.000117,191.78740851,191.78740851
34,2,,quantum,precond_pen=1.000,1.0,True,1,0.008284,190.70503837,190.70503837
34,2,,quantum,precond_pen=1.000,1.0,True,2,0.008891,171.69635225,171.69635225
35,2,,quantum,baseline,,True,0,0.000116,189.53822007,189.53822007
35,2,,quantum,baseline,,True,1,0.00687,165.89615529,165.89615529
35,2,,quantum,baseline,,True,2,0.519094,164.59996209,164.59996209
35,2,,quantum,baseline,,True,3,0.534919,163.29600807,163.29600807
35,2,,quantum,baseline,,True,4,0.662579,161.41107053,161.41107053
35,2,,quantum,precond_pen=0.200,0.2,True,0,0.000123,189.53822007,189.53822007
35,2,,quantum,precond_pen=0.200,0.2,True,1,0.008676,188.14344231,188.14344231
35,2,,quantum,precond_pen=0.200,0.2,True,2,0.010103,183.84571423,183.84571423
35,2,,quantum,precond_pen=0.200,0.2,True,3,0.010998,161.41107053,161.41107053
35,2,,quantum,precond_pen=0.300,0.3,True,0,0.000125,189.53822007,189.53822007
35,2,,quantum,precond_pen=0.300,0.3,True,1,0.008249,183.97105455,183.97105455
35,2,,quantum,precond_pen=0.300,0.3,True,2,0.009456,184.85817882,183.97105455
35,2,,quantum,precond_pen=0.300,0.3,True,3,0.010262,161.41107053,161.41107053
35,2,,quantum,precond_pen=0.400,0.4,True,0,0.000115,189.53822007,189.53822007
35,2,,quantum,precond_pen=0.400,0.4,True,1,0.007319,185.24146875,185.24146875
35,2,,quantum,precond_pen=0.400,0.4,True,2,0.009053,178.53109927,178.53109927
35,2,,quantum,precond_pen=0.400,0.4,True,3,0.010236,161.41107053,161.41107053
35,2,,quantum,precond_pen=0.500,0.5,True,0,0.000119,189.53822007,189.53822007
35,2,,quantum,precond_pen=0.500,0.5,True,1,0.007518,188.43394738,188.43394738
35,2,,quantum,precond_pen=0.500,0.5,True,2,0.008741,178.02987679,178.02987679
35,2,,quantum,precond_pen=0.500,0.5,True,3,0.009682,161.41107053,161.41107053
35,2,,quantum,precond_pen=0.600,0.6,True,0,0.000115,189.53822007,189.53822007
35,2,,quantum,precond_pen=0.600,0.6,True,1,0.008019,180.87324267,180.87324267
35,2,,quantum,precond_pen=0.600,0.6,True,2,0.008702,161.41107053,161.41107053
35,2,,quantum,precond_pen=0.700,0.7,True,0,0.000114,189.53822007,189.53822007
35,2,,quantum,precond_pen=0.700,0.7,True,1,0.007686,182.24771964,182.24771964
35,2,,quantum,precond_pen=0.700,0.7,True,2,0.008583,177.3419711,177.3419711
35,2,,quantum,precond_pen=0.700,0.7,True,3,0.009201,161.41107053,161.41107053
35,2,,quantum,precond_pen=0.800,0.8,True,0,0.000116,189.53822007,189.53822007
35,2,,quantum,precond_pen=0.800,0.8,True,1,0.008157,182.34710535,182.34710535
35,2,,quantum,precond_pen=0.800,0.8,True,2,0.008684,166.09283781,166.09283781
35,2,,quantum,precond_pen=0.800,0.8,True,3,1.266219,164.30716369,164.30716369
35,2,,quantum,precond_pen=0.800,0.8,True,4,1.408594,161.41107053,161.41107053
35,2,,quantum,precond_pen=1.000,1.0,True,0,0.000119,189.53822007,189.53822007
35,2,,quantum,precond_pen=1.000,1.0,True,1,0.008104,177.64410477,177.64410477
35,2,,quantum,precond_pen=1.000,1.0,True,2,0.008898,176.56081204,176.56081204
35,2,,quantum,precond_pen=1.000,1.0,True,3,0.009396,161.41107053,161.41107053
36,2,,quantum,baseline,,True,0,0.000123,187.26178082,187.26178082
36,2,,quantum,baseline,,True,1,0.006743,161.33072624,161.33072624
36,2,,quantum,precond_pen=0.200,0.2,True,0,0.000122,187.26178082,187.26178082
36,2,,quantum,precond_pen=0.200,0.2,True,1,0.007212,186.97941213,186.97941213
36,2,,quantum,precond_pen=0.200,0.2,True,2,0.008765,164.34620669,164.34620669
36,2,,quantum,precond_pen=0.300,0.3,True,0,0.000134,187.26178082,187.26178082
36,2,,quantum,precond_pen=0.300,0.3,True,1,0.010232,175.75243708,175.75243708
36,2,,quantum,precond_pen=0.300,0.3,True,2,0.011837,164.34620669,164.34620669
36,2,,quantum,precond_pen=0.300,0.3,True,3,0.041305,161.33072624,161.33072624
36,2,,quantum,precond_pen=0.400,0.4,True,0,0.000115,187.26178082,187.26178082
36,2,,quantum,precond_pen=0.400,0.4,True,1,0.007279,185.54694141,185.54694141
36,2,,quantum,precond_pen=0.400,0.4,True,2,0.008458,179.06776788,179.06776788
36,2,,quantum,precond_pen=0.400,0.4,True,3,0.009273,164.34620669,164.34620669
36,2,,quantum,precond_pen=0.400,0.4,True,4,0.232366,161.33072624,161.33072624
36,2,,quantum,precond_pen=0.500,0.5,True,0,0.000117,187.26178082,187.26178082
36,2,,quantum,precond_pen=0.500,0.5,True,1,0.007374,181.81214129,181.81214129
36,2,,quantum,precond_pen=0.500,0.5,True,2,0.008296,180.61241802,180.61241802
36,2,,quantum,precond_pen=0.500,0.5,True,3,0.009052,163.22129798,163.22129798
36,2,,quantum,precond_pen=0.500,0.5,True,4,0.039515,161.33072624,161.33072624
36,2,,quantum,precond_pen=0.600,0.6,True,0,0.000122,187.26178082,187.26178082
36,2,,quantum,precond_pen=0.600,0.6,True,1,0.007678,174.37935736,174.37935736
36,2,,quantum,precond_pen=0.600,0.6,True,2,0.009106,161.82440317,161.82440317
36,2,,quantum,precond_pen=0.600,0.6,True,3,0.040127,161.33072624,161.33072624
36,2,,quantum,precond_pen=0.700,0.7,True,0,0.000118,187.26178082,187.26178082
36,2,,quantum,precond_pen=0.700,0.7,True,1,0.008441,177.51957139,177.51957139
36,2,,quantum,precond_pen=0.700,0.7,True,2,0.010003,161.33072624,161.33072624
36,2,,quantum,precond_pen=0.800,0.8,True,0,0.000116,187.26178082,187.26178082
36,2,,quantum,precond_pen=0.800,0.8,True,1,0.007847,184.79214701,184.79214701
36,2,,quantum,precond_pen=0.800,0.8,True,2,0.008502,161.82440317,161.82440317
36,2,,quantum,precond_pen=0.800,0.8,True,3,0.685304,161.33072624,161.33072624
36,2,,quantum,precond_pen=0.800,0.8,True,4,0.690592,161.33072624,161.33072624
36,2,,quantum,precond_pen=1.000,1.0,True,0,0.000121,187.26178082,187.26178082
36,2,,quantum,precond_pen=1.000,1.0,True,1,0.007911,186.50721061,186.50721061
36,2,,quantum,precond_pen=1.000,1.0,True,2,0.008394,164.76349225,164.76349225
36,2,,quantum,precond_pen=1.000,1.0,True,3,1.178843,164.64652682,164.64652682
36,2,,quantum,precond_pen=1.000,1.0,True,4,1.45724,163.44568973,163.44568973
36,2,,quantum,precond_pen=1.000,1.0,True,5,1.509253,163.06851966,163.06851966
36,2,,quantum,precond_pen=1.000,1.0,True,6,1.676681,161.82440317,161.82440317
36,2,,quantum,precond_pen=1.000,1.0,True,7,2.335974,161.33072624,161.33072624
37,2,,quantum,baseline,,True,0,0.000119,186.82195133,186.82195133
37,2,,quantum,baseline,,True,1,0.006326,185.21625944,185.21625944
37,2,,quantum,baseline,,True,2,0.00704,178.73657304,178.73657304
37,2,,quantum,baseline,,True,3,0.008003,158.0945343,158.0945343
37,2,,quantum,precond_pen=0.200,0.2,True,0,0.000124,186.82195133,186.82195133
37,2,,quantum,precond_pen=0.200,0.2,True,1,0.00711,176.68958197,176.68958197
37,2,,quantum,precond_pen=0.200,0.2,True,2,0.008117,174.19355659,174.19355659
37,2,,quantum,precond_pen=0.200,0.2,True,3,0.008604,159.54227747,159.54227747
37,2,,quantum,precond_pen=0.300,0.3,True,0,0.00014,186.82195133,186.82195133
37,2,,quantum,precond_pen=0.300,0.3,True,1,0.007624,178.81105268,178.81105268
37,2,,quantum,precond_pen=0.300,0.3,True,2,0.008321,178.73657304,178.73657304
37,2,,quantum,precond_pen=0.300,0.3,True,3,0.009395,161.8334456,161.8334456
37,2,,quantum,precond_pen=0.300,0.3,True,4,0.152975,162.90368129,161.8334456
37,2,,quantum,precond_pen=0.300,0.3,True,5,0.182688,158.42830675,158.42830675
37,2,,quantum,precond_pen=0.300,0.3,True,6,0.199824,159.54227747,158.42830675
37,2,,quantum,precond_pen=0.300,0.3,True,7,0.200173,159.54227747,158.42830675
37,2,,quantum,precond_pen=0.400,0.4,True,0,0.000132,186.82195133,186.82195133
37,2,,quantum,precond_pen=0.400,0.4,True,1,0.008041,189.18654419,186.82195133
37,2,,quantum,precond_pen=0.400,0.4,True,2,0.00871,176.76303365,176.76303365
37,2,,quantum,precond_pen=0.400,0.4,True,3,0.009378,159.54227747,159.54227747
37,2,,quantum,precond_pen=0.400,0.4,True,4,0.196094,158.0945343,158.0945343
37,2,,quantum,precond_pen=0.500,0.5,True,0,0.000133,186.82195133,186.82195133
37,2,,quantum,precond_pen=0.500,0.5,True,1,0.006939,183.20148992,183.20148992
37,2,,quantum,precond_pen=0.500,0.5,True,2,0.00731,178.73657304,178.73657304
37,2,,quantum,precond_pen=0.500,0.5,True,3,0.007646,176.76303365,176.76303365
37,2,,quantum,precond_pen=0.500,0.5,True,4,0.008286,159.54227747,159.54227747
37,2,,quantum,precond_pen=0.600,0.6,True,0,0.000131,186.82195133,186.82195133
37,2,,quantum,precond_pen=0.600,0.6,True,1,0.007518,175.01685831,175.01685831
37,2,,quantum,precond_pen=0.600,0.6,True,2,0.008807,158.42830675,158.42830675
37,2,,quantum,precond_pen=0.600,0.6,True,3,0.226115,158.0945343,158.0945343
37,2,,quantum,precond_pen=0.600,0.6,True,4,0.228161,158.0945343,158.0945343
37,2,,quantum,precond_pen=0.700,0.7,True,0,0.000128,186.82195133,186.82195133
37,2,,quantum,precond_pen=0.700,0.7,True,1,0.007721,177.79573514,177.79573514
37,2,,quantum,precond_pen=0.700,0.7,True,2,0.008343,176.78503944,176.78503944
37,2,,quantum,precond_pen=0.700,0.7,True,3,0.008709,177.12842053,176.78503944
37,2,,quantum,precond_pen=0.700,0.7,True,4,0.009319,158.0945343,158.0945343
37,2,,quantum,precond_pen=0.800,0.8,True,0,0.00013,186.82195133,186.82195133
37,2,,quantum,precond_pen=0.800,0.8,True,1,0.008024,178.08990055,178.08990055
37,2,,quantum,precond_pen=0.800,0.8,True,2,0.008576,158.0945343,158.0945343
37,2,,quantum,precond_pen=1.000,1.0,True,0,0.000141,186.82195133,186.82195133
37,2,,quantum,precond_pen=1.000,1.0,True,1,0.008146,173.9229034,173.9229034
37,2,,quantum,precond_pen=1.000,1.0,True,2,0.009585,161.8334456,161.8334456
37,2,,quantum,precond_pen=1.000,1.0,True,3,0.036984,158.0945343,158.0945343
38,2,,quantum,baseline,,True,0,0.000137,188.89697337,188.89697337
38,2,,quantum,baseline,,True,1,0.006555,185.51942062,185.51942062
38,2,,quantum,baseline,,True,2,0.007391,185.31761246,185.31761246
38,2,,quantum,baseline,,True,3,0.008195,160.19006204,160.19006204
38,2,,quantum,precond_pen=0.200,0.2,True,0,0.00014,188.89697337,188.89697337
38,2,,quantum,precond_pen=0.200,0.2,True,1,0.007219,181.2193779,181.2193779
38,2,,quantum,precond_pen=0.200,0.2,True,2,0.008453,165.87262232,165.87262232
38,2,,quantum,precond_pen=0.200,0.2,True,3,0.045034,160.19006204,160.19006204
38,2,,quantum,precond_pen=0.300,0.3,True,0,0.000148,188.89697337,188.89697337
38,2,,quantum,precond_pen=0.300,0.3,True,1,0.007081,171.85578817,171.85578817
38,2,,quantum,precond_pen=0.300,0.3,True,2,0.00842,160.19006204,160.19006204
38,2,,quantum,precond_pen=0.400,0.4,True,0,0.000129,188.89697337,188.89697337
38,2,,quantum,precond_pen=0.400,0.4,True,1,0.007232,185.66811188,185.66811188
38,2,,quantum,precond_pen=0.400,0.4,True,2,0.007848,163.38644993,163.38644993
38,2,,quantum,precond_pen=0.400,0.4,True,3,0.037579,160.19006204,160.19006204
38,2,,quantum,precond_pen=0.500,0.5,True,0,0.000128,188.89697337,188.89697337
38,2,,quantum,precond_pen=0.500,0.5,True,1,0.007488,181.00197063,181.00197063
38,2,,quantum,precond_pen=0.500,0.5,True,2,0.008248,183.2729759,181.00197063
38,2,,quantum,precond_pen=0.500,0.5,True,3,0.008949,162.42137804,162.42137804
38,2,,quantum,precond_pen=0.500,0.5,True,4,0.167837,160.19006204,160.19006204
38,2,,quantum,precond_pen=0.600,0.6,True,0,0.000128,188.89697337,188.89697337
38,2,,quantum,precond_pen=0.600,0.6,True,1,0.007547,170.6150668,170.6150668
38,2,,quantum,precond_pen=0.600,0.6,True,2,0.008657,160.19006204,160.19006204
38,2,,quantum,precond_pen=0.700,0.7,True,0,0.000132,188.89697337,188.89697337
38,2,,quantum,precond_pen=0.700,0.7,True,1,0.007859,185.33993652,185.33993652
38,2,,quantum,precond_pen=0.700,0.7,True,2,0.008473,163.38644993,163.38644993
38,2,,quantum,precond_pen=0.700,0.7,True,3,0.195059,160.19006204,160.19006204
38,2,,quantum,precond_pen=0.700,0.7,True,4,0.19674,160.19006204,160.19006204
38,2,,quantum,precond_pen=0.800,0.8,True,0,0.00014,188.89697337,188.89697337
38,2,,quantum,precond_pen=0.800,0.8,True,1,0.007551,186.09332971,186.09332971
38,2,,quantum,precond_pen=0.800,0.8,True,2,0.008395,185.51942062,185.51942062
38,2,,quantum,precond_pen=0.800,0.8,True,3,0.008986,182.76660049,182.76660049
38,2,,quantum,precond_pen=0.800,0.8,True,4,0.00962,164.87811409,164.87811409
38,2,,quantum,precond_pen=0.800,0.8,True,5,0.035139,162.42137804,162.42137804
38,2,,quantum,precond_pen=0.800,0.8,True,6,0.21997,160.19006204,160.19006204
38,2,,quantum,precond_pen=0.800,0.8,True,7,0.221557,160.19006204,160.19006204
38,2,,quantum,precond_pen=1.000,1.0,True,0,0.000139,188.89697337,188.89697337
38,2,,quantum,precond_pen=1.000,1.0,True,1,0.006767,176.99209369,176.99209369
38,2,,quantum,precond_pen=1.000,1.0,True,2,0.007451,185.31761246,176.99209369
38,2,,quantum,precond_pen=1.000,1.0,True,3,0.008384,173.06903983,173.06903983
38,2,,quantum,precond_pen=1.000,1.0,True,4,0.146997,162.85600848,162.85600848
38,2,,quantum,precond_pen=1.000,1.0,True,5,0.172706,162.85600848,162.85600848
39,2,,quantum,baseline,,True,0,0.000142,200.39614847,200.39614847
39,2,,quantum,baseline,,True,1,0.005838,193.38095043,193.38095043
39,2,,quantum,baseline,,True,2,0.006515,192.67315426,192.67315426
39,2,,quantum,baseline,,True,3,0.007173,172.25536454,172.25536454
39,2,,quantum,baseline,,True,4,0.108606,170.5863815,170.5863815
39,2,,quantum,precond_pen=0.200,0.2,True,0,0.000135,200.39614847,200.39614847
39,2,,quantum,precond_pen=0.200,0.2,True,1,0.007354,196.80953029,196.80953029
39,2,,quantum,precond_pen=0.200,0.2,True,2,0.008338,192.48323515,192.48323515
39,2,,quantum,precond_pen=0.200,0.2,True,3,0.008947,170.5863815,170.5863815
39,2,,quantum,precond_pen=0.300,0.3,True,0,0.000135,200.39614847,200.39614847
39,2,,quantum,precond_pen=0.300,0.3,True,1,0.007433,194.41264774,194.41264774
39,2,,quantum,precond_pen=0.300,0.3,True,2,0.007973,196.80953029,194.41264774
39,2,,quantum,precond_pen=0.300,0.3,True,3,0.008436,198.51181178,194.41264774
39,2,,quantum,precond_pen=0.300,0.3,True,4,0.009054,170.5863815,170.5863815
39,2,,quantum,precond_pen=0.400,0.4,True,0,0.000124,200.39614847,200.39614847
39,2,,quantum,precond_pen=0.400,0.4,True,1,0.007323,186.15398663,186.15398663
39,2,,quantum,precond_pen=0.400,0.4,True,2,0.009007,170.5863815,170.5863815
39,2,,quantum,precond_pen=0.500,0.5,True,0,0.000128,200.39614847,200.39614847
39,2,,quantum,precond_pen=0.500,0.5,True,1,0.00713,184.86667154,184.86667154
39,2,,quantum,precond_pen=0.500,0.5,True,2,0.008613,170.5863815,170.5863815
39,2,,quantum,precond_pen=0.600,0.6,True,0,0.000149,200.39614847,200.39614847
39,2,,quantum,precond_pen=0.600,0.6,True,1,0.007386,192.07197505,192.07197505
39,2,,quantum,precond_pen=0.600,0.6,True,2,0.008557,170.5863815,170.5863815
39,2,,quantum,precond_pen=0.700,0.7,True,0,0.000129,200.39614847,200.39614847
39,2,,quantum,precond_pen=0.700,0.7,True,1,0.007502,193.680423,193.680423
39,2,,quantum,precond_pen=0.700,0.7,True,2,0.008105,192.67315426,192.67315426
39,2,,quantum,precond_pen=0.700,0.7,True,3,0.008439,191.03296848,191.03296848
39,2,,quantum,precond_pen=0.700,0.7,True,4,0.009082,170.5863815,170.5863815
39,2,,quantum,precond_pen=0.800,0.8,True,0,0.000128,200.39614847,200.39614847
39,2,,quantum,precond_pen=0.800,0.8,True,1,0.007939,199.49043154,199.49043154
39,2,,quantum,precond_pen=0.800,0.8,True,2,0.008297,199.82051412,199.49043154
39,2,,quantum,precond_pen=0.800,0.8,True,3,0.008686,197.95206941,197.95206941
39,2,,quantum,precond_pen=0.800,0.8,True,4,0.009463,171.21856463,171.21856463
39,2,,quantum,precond_pen=0.800,0.8,True,5,0.036617,170.5863815,170.5863815
39,2,,quantum,precond_pen=1.000,1.0,True,0,0.000129,200.39614847,200.39614847
39,2,,quantum,precond_pen=1.000,1.0,True,1,0.008309,197.68771344,197.68771344
39,2,,quantum,precond_pen=1.000,1.0,True,2,0.009477,194.7364733,194.7364733
40,2,,quantum,baseline,,True,0,0.00013,197.01518744,197.01518744
40,2,,quantum,baseline,,True,1,0.006615,196.91269363,196.91269363
40,2,,quantum,baseline,,True,2,0.007053,170.15739719,170.15739719
40,2,,quantum,baseline,,True,3,0.111722,169.11585902,169.11585902
40,2,,quantum,baseline,,True,4,0.371455,168.70974556,168.70974556
40,2,,quantum,precond_pen=0.200,0.2,True,0,0.000133,197.01518744,197.01518744
40,2,,quantum,precond_pen=0.200,0.2,True,1,0.006721,198.50327212,197.01518744
40,2,,quantum,precond_pen=0.200,0.2,True,2,0.007428,192.88960188,192.88960188
40,2,,quantum,precond_pen=0.200,0.2,True,3,0.00822,169.88895737,169.88895737
40,2,,quantum,precond_pen=0.200,0.2,True,4,0.404671,169.17599727,169.17599727
40,2,,quantum,precond_pen=0.200,0.2,True,5,0.449266,169.61178003,169.17599727
40,2,,quantum,precond_pen=0.200,0.2,True,6,0.547481,169.61178003,169.17599727
40,2,,quantum,precond_pen=0.300,0.3,True,0,0.00014,197.01518744,197.01518744
40,2,,quantum,precond_pen=0.300,0.3,True,1,0.007257,190.10295289,190.10295289
40,2,,quantum,precond_pen=0.300,0.3,True,2,0.007572,196.7291485,190.10295289
40,2,,quantum,precond_pen=0.300,0.3,True,3,0.008045,195.34721501,190.10295289
40,2,,quantum,precond_pen=0.300,0.3,True,4,0.008641,169.61178003,169.61178003
40,2,,quantum,precond_pen=0.400,0.4,True,0,0.00014,197.01518744,197.01518744
40,2,,quantum,precond_pen=0.400,0.4,True,1,0.007309,186.15425247,186.15425247
40,2,,quantum,precond_pen=0.400,0.4,True,2,0.008556,169.15082556,169.15082556
40,2,,quantum,precond_pen=0.400,0.4,True,3,0.037717,168.70974556,168.70974556
40,2,,quantum,precond_pen=0.400,0.4,True,4,0.187645,169.61178003,168.70974556
40,2,,quantum,precond_pen=0.500,0.5,True,0,0.000127,197.01518744,197.01518744
40,2,,quantum,precond_pen=0.500,0.5,True,1,0.00738,178.22602664,178.22602664
40,2,,quantum,precond_pen=0.500,0.5,True,2,0.008764,169.61178003,169.61178003
40,2,,quantum,precond_pen=0.500,0.5,True,3,0.037446,168.70974556,168.70974556
40,2,,quantum,precond_pen=0.600,0.6,True,0,0.000134,197.01518744,197.01518744
40,2,,quantum,precond_pen=0.600,0.6,True,1,0.00729,182.61211245,182.61211245
40,2,,quantum,precond_pen=0.600,0.6,True,2,0.008934,169.31729296,169.31729296
40,2,,quantum,precond_pen=0.600,0.6,True,3,0.03595,169.15082556,169.15082556
40,2,,quantum,precond_pen=0.600,0.6,True,4,0.349688,168.70974556,168.70974556
40,2,,quantum,precond_pen=0.700,0.7,True,0,0.000129,197.01518744,197.01518744
40,2,,quantum,precond_pen=0.700,0.7,True,1,0.00752,186.26819819,186.26819819
40,2,,quantum,precond_pen=0.700,0.7,True,2,0.008689,183.48151639,183.48151639
40,2,,quantum,precond_pen=0.700,0.7,True,3,0.009419,169.31729296,169.31729296
40,2,,quantum,precond_pen=0.700,0.7,True,4,0.297962,168.70974556,168.70974556
40,2,,quantum,precond_pen=0.700,0.7,True,5,0.312187,168.70974556,168.70974556
40,2,,quantum,precond_pen=0.800,0.8,True,0,0.000129,197.01518744,197.01518744
40,2,,quantum,precond_pen=0.800,0.8,True,1,0.007499,185.59651016,185.59651016
40,2,,quantum,precond_pen=0.800,0.8,True,2,0.00833,182.92162297,182.92162297
40,2,,quantum,precond_pen=0.800,0.8,True,3,0.008884,169.31729296,169.31729296
40,2,,quantum,precond_pen=0.800,0.8,True,4,0.446858,168.70974556,168.70974556
40,2,,quantum,precond_pen=0.800,0.8,True,5,0.455292,168.70974556,168.70974556
40,2,,quantum,precond_pen=1.000,1.0,True,0,0.00013,197.01518744,197.01518744
40,2,,quantum,precond_pen=1.000,1.0,True,1,0.007752,185.69072538,185.69072538
40,2,,quantum,precond_pen=1.000,1.0,True,2,0.008924,173.03387216,173.03387216
40,2,,quantum,precond_pen=1.000,1.0,True,3,0.033865,169.15082556,169.15082556
40,2,,quantum,precond_pen=1.000,1.0,True,4,1.077782,168.70974556,168.70974556
40,2,,quantum,precond_pen=1.000,1.0,True,5,1.266625,168.70974556,168.70974556
41,2,,quantum,baseline,,True,0,0.000133,199.10912158,199.10912158
41,2,,quantum,baseline,,True,1,0.006919,181.20750419,181.20750419
41,2,,quantum,baseline,,True,2,0.109497,178.56794896,178.56794896
41,2,,quantum,baseline,,True,3,1.048703,177.84411758,177.84411758
41,2,,quantum,precond_pen=0.200,0.2,True,0,0.000135,199.10912158,199.10912158
41,2,,quantum,precond_pen=0.200,0.2,True,1,0.007188,178.73127509,178.73127509
41,2,,quantum,precond_pen=0.300,0.3,True,0,0.000133,199.10912158,199.10912158
41,2,,quantum,precond_pen=0.300,0.3,True,1,0.007145,200.43307589,199.10912158
41,2,,quantum,precond_pen=0.300,0.3,True,2,0.008389,192.79765763,192.79765763
41,2,,quantum,precond_pen=0.300,0.3,True,3,0.00906,178.73127509,178.73127509
41,2,,quantum,precond_pen=0.400,0.4,True,0,0.000131,199.10912158,199.10912158
41,2,,quantum,precond_pen=0.400,0.4,True,1,0.007831,178.71474288,178.71474288
41,2,,quantum,precond_pen=0.400,0.4,True,2,0.036209,179.08881557,178.71474288
41,2,,quantum,precond_pen=0.400,0.4,True,3,0.293192,178.73127509,178.71474288
41,2,,quantum,precond_pen=0.400,0.4,True,4,0.296548,178.73127509,178.71474288
41,2,,quantum,precond_pen=0.500,0.5,True,0,0.000129,199.10912158,199.10912158
41,2,,quantum,precond_pen=0.500,0.5,True,1,0.00727,188.04348745,188.04348745
41,2,,quantum,precond_pen=0.500,0.5,True,2,0.008719,179.08881557,179.08881557
41,2,,quantum,precond_pen=0.500,0.5,True,3,0.318631,178.73127509,178.73127509
41,2,,quantum,precond_pen=0.600,0.6,True,0,0.000129,199.10912158,199.10912158
41,2,,quantum,precond_pen=0.600,0.6,True,1,0.007631,194.46452383,194.46452383
41,2,,quantum,precond_pen=0.600,0.6,True,2,0.008934,192.56821463,192.56821463
41,2,,quantum,precond_pen=0.600,0.6,True,3,0.009467,179.08881557,179.08881557
41,2,,quantum,precond_pen=0.600,0.6,True,4,0.400827,178.73127509,178.73127509
41,2,,quantum,precond_pen=0.700,0.7,True,0,0.000133,199.10912158,199.10912158
41,2,,quantum,precond_pen=0.700,0.7,True,1,0.007658,194.22165066,194.22165066
41,2,,quantum,precond_pen=0.700,0.7,True,2,0.009075,178.96593759,178.96593759
41,2,,quantum,precond_pen=0.700,0.7,True,3,0.035906,179.08881557,178.96593759
41,2,,quantum,precond_pen=0.700,0.7,True,4,0.392552,177.93862857,177.93862857
41,2,,quantum,precond_pen=0.800,0.8,True,0,0.000129,199.10912158,199.10912158
41,2,,quantum,precond_pen=0.800,0.8,True,1,0.007836,183.73508185,183.73508185
41,2,,quantum,precond_pen=0.800,0.8,True,2,0.00905,179.27733048,179.27733048
41,2,,quantum,precond_pen=0.800,0.8,True,3,0.036252,178.71474288,178.71474288
41,2,,quantum,precond_pen=0.800,0.8,True,4,0.036402,177.93862857,177.93862857
41,2,,quantum,precond_pen=1.000,1.0,True,0,0.000133,199.10912158,199.10912158
41,2,,quantum,precond_pen=1.000,1.0,True,1,0.008238,181.20750419,181.20750419
41,2,,quantum,precond_pen=1.000,1.0,True,2,0.031109,178.71474288,178.71474288
41,2,,quantum,precond_pen=1.000,1.0,True,3,0.03124,178.56794896,178.56794896
41,2,,quantum,precond_pen=1.000,1.0,True,4,1.382358,178.48606113,178.48606113
41,2,,quantum,precond_pen=1.000,1.0,True,5,1.61798,177.84411758,177.84411758
41,2,,quantum,precond_pen=1.000,1.0,True,6,2.153097,177.84411758,177.84411758
42,2,,quantum,baseline,,True,0,0.000134,186.6096884,186.6096884
42,2,,quantum,baseline,,True,1,0.007269,168.62482093,168.62482093
42,2,,quantum,baseline,,True,2,2.974881,168.52695443,168.52695443
42,2,,quantum,baseline,,True,3,3.516245,167.68706517,167.68706517
42,2,,quantum,baseline,,True,4,3.661726,167.32008675,167.32008675
42,2,,quantum,baseline,,True,5,4.177696,167.32008675,167.32008675
42,2,,quantum,precond_pen=0.200,0.2,True,0,0.000135,186.6096884,186.6096884
42,2,,quantum,precond_pen=0.200,0.2,True,1,0.007095,180.86176235,180.86176235
42,2,,quantum,precond_pen=0.200,0.2,True,2,0.008508,168.76069876,168.76069876
42,2,,quantum,precond_pen=0.300,0.3,True,0,0.000134,186.6096884,186.6096884
42,2,,quantum,precond_pen=0.300,0.3,True,1,0.007681,167.68706517,167.68706517
42,2,,quantum,precond_pen=0.300,0.3,True,2,0.205169,169.02399668,167.68706517
42,2,,quantum,precond_pen=0.300,0.3,True,3,0.205516,169.02399668,167.68706517
42,2,,quantum,precond_pen=0.400,0.4,True,0,0.000127,186.6096884,186.6096884
42,2,,quantum,precond_pen=0.400,0.4,True,1,0.007361,188.0367831,186.6096884
42,2,,quantum,precond_pen=0.400,0.4,True,2,0.007791,186.30310179,186.30310179
42,2,,quantum,precond_pen=0.400,0.4,True,3,0.008557,169.02399668,169.02399668
42,2,,quantum,precond_pen=0.500,0.5,True,0,0.000128,186.6096884,186.6096884
42,2,,quantum,precond_pen=0.500,0.5,True,1,0.007297,183.40173575,183.40173575
42,2,,quantum,precond_pen=0.500,0.5,True,2,0.007702,181.40406507,181.40406507
42,2,,quantum,precond_pen=0.500,0.5,True,3,0.008127,182.18731446,181.40406507
42,2,,quantum,precond_pen=0.500,0.5,True,4,0.008955,168.76069876,168.76069876
42,2,,quantum,precond_pen=0.500,0.5,True,5,0.038161,167.32008675,167.32008675
42,2,,quantum,precond_pen=0.500,0.5,True,6,0.038283,167.68706517,167.32008675
42,2,,quantum,precond_pen=0.600,0.6,True,0,0.000135,186.6096884,186.6096884
42,2,,quantum,precond_pen=0.600,0.6,True,1,0.007605,186.90165642,186.6096884
42,2,,quantum,precond_pen=0.600,0.6,True,2,0.008257,169.64741485,169.64741485
42,2,,quantum,precond_pen=0.600,0.6,True,3,0.038829,167.68706517,167.68706517
42,2,,quantum,precond_pen=0.700,0.7,True,0,0.00015,186.6096884,186.6096884
42,2,,quantum,precond_pen=0.700,0.7,True,1,0.007462,188.2047683,186.6096884
42,2,,quantum,precond_pen=0.700,0.7,True,2,0.007933,184.07074079,184.07074079
42,2,,quantum,precond_pen=0.700,0.7,True,3,0.008904,167.68706517,167.68706517
42,2,,quantum,precond_pen=0.800,0.8,True,0,0.000131,186.6096884,186.6096884
42,2,,quantum,precond_pen=0.800,0.8,True,1,0.008114,184.73560066,184.73560066
42,2,,quantum,precond_pen=0.800,0.8,True,2,0.008543,184.07074079,184.07074079
42,2,,quantum,precond_pen=0.800,0.8,True,3,0.009384,168.77980759,168.77980759
42,2,,quantum,precond_pen=0.800,0.8,True,4,0.036563,168.62482093,168.62482093
42,2,,quantum,precond_pen=0.800,0.8,True,5,0.822396,168.0748055,168.0748055
42,2,,quantum,precond_pen=0.800,0.8,True,6,0.936427,167.68706517,167.68706517
42,2,,quantum,precond_pen=0.800,0.8,True,7,1.018466,167.32008675,167.32008675
42,2,,quantum,precond_pen=0.800,0.8,True,8,1.086477,167.32008675,167.32008675
42,2,,quantum,precond_pen=1.000,1.0,True,0,0.000139,186.6096884,186.6096884
42,2,,quantum,precond_pen=1.000,1.0,True,1,0.007859,183.16176129,183.16176129
42,2,,quantum,precond_pen=1.000,1.0,True,2,0.008756,182.31659702,182.31659702
42,2,,quantum,precond_pen=1.000,1.0,True,3,0.009285,171.87979822,171.87979822
43,2,,quantum,baseline,,True,0,0.000135,197.12455308,197.12455308
43,2,,quantum,baseline,,True,1,0.006441,196.53529027,196.53529027
43,2,,quantum,baseline,,True,2,0.007308,166.26714621,166.26714621
43,2,,quantum,precond_pen=0.200,0.2,True,0,0.000144,197.12455308,197.12455308
43,2,,quantum,precond_pen=0.200,0.2,True,1,0.006997,186.75531123,186.75531123
43,2,,quantum,precond_pen=0.200,0.2,True,2,0.008257,168.0417499,168.0417499
43,2,,quantum,precond_pen=0.300,0.3,True,0,0.000132,197.12455308,197.12455308
43,2,,quantum,precond_pen=0.300,0.3,True,1,0.007016,190.23901824,190.23901824
43,2,,quantum,precond_pen=0.300,0.3,True,2,0.007471,190.12915366,190.12915366
43,2,,quantum,precond_pen=0.300,0.3,True,3,0.007975,190.60319578,190.12915366
43,2,,quantum,precond_pen=0.300,0.3,True,4,0.008697,166.26714621,166.26714621
43,2,,quantum,precond_pen=0.400,0.4,True,0,0.000129,197.12455308,197.12455308
43,2,,quantum,precond_pen=0.400,0.4,True,1,0.007707,197.33595845,197.12455308
43,2,,quantum,precond_pen=0.400,0.4,True,2,0.008164,190.12915366,190.12915366
43,2,,quantum,precond_pen=0.400,0.4,True,3,0.00913,166.26714621,166.26714621
43,2,,quantum,precond_pen=0.500,0.5,True,0,0.000127,197.12455308,197.12455308
43,2,,quantum,precond_pen=0.500,0.5,True,1,0.007378,191.81497965,191.81497965
43,2,,quantum,precond_pen=0.500,0.5,True,2,0.007863,190.12915366,190.12915366
43,2,,quantum,precond_pen=0.500,0.5,True,3,0.008855,166.26714621,166.26714621
43,2,,quantum,precond_pen=0.600,0.6,True,0,0.000125,197.12455308,197.12455308
43,2,,quantum,precond_pen=0.600,0.6,True,1,0.007125,193.08365566,193.08365566
43,2,,quantum,precond_pen=0.600,0.6,True,2,0.007763,166.26714621,166.26714621
43,2,,quantum,precond_pen=0.700,0.7,True,0,0.000134,197.12455308,197.12455308
43,2,,quantum,precond_pen=0.700,0.7,True,1,0.007609,192.42092871,192.42092871
43,2,,quantum,precond_pen=0.700,0.7,True,2,0.00824,166.26714621,166.26714621
43,2,,quantum,precond_pen=0.800,0.8,True,0,0.000131,197.12455308,197.12455308
43,2,,quantum,precond_pen=0.800,0.8,True,1,0.007224,188.57116135,188.57116135
43,2,,quantum,precond_pen=0.800,0.8,True,2,0.007691,196.23366534,188.57116135
43,2,,quantum,precond_pen=0.800,0.8,True,3,0.008475,169.13304936,169.13304936
43,2,,quantum,precond_pen=1.000,1.0,True,0,0.00013,197.12455308,197.12455308
43,2,,quantum,precond_pen=1.000,1.0,True,1,0.008103,192.48231733,192.48231733
43,2,,quantum,precond_pen=1.000,1.0,True,2,0.008992,166.26714621,166.26714621
44,2,,quantum,baseline,,True,0,0.00013,189.84504944,189.84504944
44,2,,quantum,baseline,,True,1,0.006769,166.1887532,166.1887532
44,2,,quantum,baseline,,True,2,0.109486,161.22225038,161.22225038
44,2,,quantum,precond_pen=0.200,0.2,True,0,0.000134,189.84504944,189.84504944
44,2,,quantum,precond_pen=0.200,0.2,True,1,0.007386,188.39428464,188.39428464
44,2,,quantum,precond_pen=0.200,0.2,True,2,0.008082,186.77538368,186.77538368
44,2,,quantum,precond_pen=0.200,0.2,True,3,0.008465,185.21615226,185.21615226
44,2,,quantum,precond_pen=0.200,0.2,True,4,0.009031,161.99992301,161.99992301
44,2,,quantum,precond_pen=0.300,0.3,True,0,0.000129,189.84504944,189.84504944
44,2,,quantum,precond_pen=0.300,0.3,True,1,0.007193,178.30251841,178.30251841
44,2,,quantum,precond_pen=0.300,0.3,True,2,0.008448,161.99992301,161.99992301
44,2,,quantum,precond_pen=0.400,0.4,True,0,0.000134,189.84504944,189.84504944
44,2,,quantum,precond_pen=0.400,0.4,True,1,0.007153,180.45648464,180.45648464
44,2,,quantum,precond_pen=0.400,0.4,True,2,0.008694,161.99992301,161.99992301
44,2,,quantum,precond_pen=0.500,0.5,True,0,0.000129,189.84504944,189.84504944
44,2,,quantum,precond_pen=0.500,0.5,True,1,0.0073,180.50084258,180.50084258
44,2,,quantum,precond_pen=0.500,0.5,True,2,0.00808,180.63979396,180.50084258
44,2,,quantum,precond_pen=0.500,0.5,True,3,0.00926,161.99992301,161.99992301
44,2,,quantum,precond_pen=0.600,0.6,True,0,0.000131,189.84504944,189.84504944
44,2,,quantum,precond_pen=0.600,0.6,True,1,0.00746,187.8621404,187.8621404
44,2,,quantum,precond_pen=0.600,0.6,True,2,0.007834,186.77538368,186.77538368
44,2,,quantum,precond_pen=0.600,0.6,True,3,0.008181,179.6090906,179.6090906
44,2,,quantum,precond_pen=0.600,0.6,True,4,0.008697,165.95055541,165.95055541
44,2,,quantum,precond_pen=0.600,0.6,True,5,0.038794,161.99992301,161.99992301
44,2,,quantum,precond_pen=0.700,0.7,True,0,0.000126,189.84504944,189.84504944
44,2,,quantum,precond_pen=0.700,0.7,True,1,0.007855,186.33242948,186.33242948
44,2,,quantum,precond_pen=0.700,0.7,True,2,0.008455,161.22225038,161.22225038
44,2,,quantum,precond_pen=0.700,0.7,True,3,0.306759,161.99992301,161.22225038
44,2,,quantum,precond_pen=0.700,0.7,True,4,0.312458,162.25244108,161.22225038
44,2,,quantum,precond_pen=0.800,0.8,True,0,0.000132,189.84504944,189.84504944
44,2,,quantum,precond_pen=0.800,0.8,True,1,0.00893,181.5742106,181.5742106
44,2,,quantum,precond_pen=0.800,0.8,True,2,0.009582,161.22225038,161.22225038
44,2,,quantum,precond_pen=1.000,1.0,True,0,0.000161,189.84504944,189.84504944
44,2,,quantum,precond_pen=1.000,1.0,True,1,0.007107,189.51362326,189.51362326
44,2,,quantum,precond_pen=1.000,1.0,True,2,0.007767,186.77538368,186.77538368
44,2,,quantum,precond_pen=1.000,1.0,True,3,0.008532,162.25244108,162.25244108
45,2,,quantum,baseline,,True,0,0.000136,191.72589128,191.72589128
45,2,,quantum,baseline,,True,1,0.00614,188.40957996,188.40957996
45,2,,quantum,baseline,,True,2,0.006827,188.15852084,188.15852084
45,2,,quantum,baseline,,True,3,0.007279,175.48126166,175.48126166
45,2,,quantum,baseline,,True,4,0.111407,167.39843631,167.39843631
45,2,,quantum,precond_pen=0.200,0.2,True,0,0.000155,191.72589128,191.72589128
45,2,,quantum,precond_pen=0.200,0.2,True,1,0.006989,191.14928803,191.14928803
45,2,,quantum,precond_pen=0.200,0.2,True,2,0.008492,167.68094751,167.68094751
45,2,,quantum,precond_pen=0.300,0.3,True,0,0.000132,191.72589128,191.72589128
45,2,,quantum,precond_pen=0.300,0.3,True,1,0.007148,187.2917655,187.2917655
45,2,,quantum,precond_pen=0.300,0.3,True,2,0.007754,188.79420132,187.2917655
45,2,,quantum,precond_pen=0.300,0.3,True,3,0.008176,184.76447926,184.76447926
45,2,,quantum,precond_pen=0.300,0.3,True,4,0.00893,167.68094751,167.68094751
45,2,,quantum,precond_pen=0.400,0.4,True,0,0.00013,191.72589128,191.72589128
45,2,,quantum,precond_pen=0.400,0.4,True,1,0.007046,185.71643427,185.71643427
45,2,,quantum,precond_pen=0.400,0.4,True,2,0.008482,167.68094751,167.68094751
45,2,,quantum,precond_pen=0.400,0.4,True,3,0.213084,170.21358343,167.68094751
45,2,,quantum,precond_pen=0.500,0.5,True,0,0.000133,191.72589128,191.72589128
45,2,,quantum,precond_pen=0.500,0.5,True,1,0.008153,189.14761394,189.14761394
45,2,,quantum,precond_pen=0.500,0.5,True,2,0.008636,189.33460648,189.14761394
45,2,,quantum,precond_pen=0.500,0.5,True,3,0.00931,167.39843631,167.39843631
45,2,,quantum,precond_pen=0.600,0.6,True,0,0.000128,191.72589128,191.72589128
45,2,,quantum,precond_pen=0.600,0.6,True,1,0.007777,168.13929938,168.13929938
45,2,,quantum,precond_pen=0.600,0.6,True,2,0.036151,167.39843631,167.39843631
45,2,,quantum,precond_pen=0.700,0.7,True,0,0.000131,191.72589128,191.72589128
45,2,,quantum,precond_pen=0.700,0.7,True,1,0.007593,182.00346488,182.00346488
45,2,,quantum,precond_pen=0.700,0.7,True,2,0.00841,179.6320876,179.6320876
45,2,,quantum,precond_pen=0.700,0.7,True,3,0.008917,167.39843631,167.39843631
45,2,,quantum,precond_pen=0.800,0.8,True,0,0.000129,191.72589128,191.72589128
45,2,,quantum,precond_pen=0.800,0.8,True,1,0.007702,205.07170349,191.72589128
45,2,,quantum,precond_pen=0.800,0.8,True,2,0.00805,201.28244307,191.72589128
45,2,,quantum,precond_pen=0.800,0.8,True,3,0.008398,210.49778865,191.72589128
45,2,,quantum,precond_pen=0.800,0.8,True,4,0.008903,221.23837184,191.72589128
45,2,,quantum,precond_pen=0.800,0.8,True,5,0.034352,218.29601077,191.72589128
45,2,,quantum,precond_pen=1.000,1.0,True,0,0.000135,191.72589128,191.72589128
45,2,,quantum,precond_pen=1.000,1.0,True,1,0.007986,189.64144927,189.64144927
45,2,,quantum,precond_pen=1.000,1.0,True,2,0.009391,167.39843631,167.39843631
46,2,,quantum,baseline,,True,0,0.00013,176.15312436,176.15312436
46,2,,quantum,baseline,,True,1,0.006398,175.66128181,175.66128181
46,2,,quantum,baseline,,True,2,0.006736,175.16665751,175.16665751
46,2,,quantum,baseline,,True,3,0.007445,157.11188937,157.11188937
46,2,,quantum,precond_pen=0.200,0.2,True,0,0.000133,176.15312436,176.15312436
46,2,,quantum,precond_pen=0.200,0.2,True,1,0.007502,180.56118592,176.15312436
46,2,,quantum,precond_pen=0.200,0.2,True,2,0.008152,171.40447292,171.40447292
46,2,,quantum,precond_pen=0.200,0.2,True,3,0.008972,157.97878478,157.97878478
46,2,,quantum,precond_pen=0.300,0.3,True,0,0.00013,176.15312436,176.15312436
46,2,,quantum,precond_pen=0.300,0.3,True,1,0.007423,170.76459026,170.76459026
46,2,,quantum,precond_pen=0.300,0.3,True,2,0.008667,157.97878478,157.97878478
46,2,,quantum,precond_pen=0.400,0.4,True,0,0.000125,176.15312436,176.15312436
46,2,,quantum,precond_pen=0.400,0.4,True,1,0.007064,173.76015763,173.76015763
46,2,,quantum,precond_pen=0.400,0.4,True,2,0.008836,157.97878478,157.97878478
46,2,,quantum,precond_pen=0.500,0.5,True,0,0.000127,176.15312436,176.15312436
46,2,,quantum,precond_pen=0.500,0.5,True,1,0.006783,174.80884017,174.80884017
46,2,,quantum,precond_pen=0.500,0.5,True,2,0.00712,175.16665751,174.80884017
46,2,,quantum,precond_pen=0.500,0.5,True,3,0.00755,173.74749739,173.74749739
46,2,,quantum,precond_pen=0.500,0.5,True,4,0.008355,157.38518433,157.38518433
46,2,,quantum,precond_pen=0.500,0.5,True,5,0.201802,157.97878478,157.38518433
46,2,,quantum,precond_pen=0.600,0.6,True,0,0.000127,176.15312436,176.15312436
46,2,,quantum,precond_pen=0.600,0.6,True,1,0.00747,178.84004012,176.15312436
46,2,,quantum,precond_pen=0.600,0.6,True,2,0.008033,157.11188937,157.11188937
46,2,,quantum,precond_pen=0.700,0.7,True,0,0.000127,176.15312436,176.15312436
46,2,,quantum,precond_pen=0.700,0.7,True,1,0.007995,177.49619422,176.15312436
46,2,,quantum,precond_pen=0.700,0.7,True,2,0.008626,157.38518433,157.38518433
46,2,,quantum,precond_pen=0.700,0.7,True,3,0.19373,157.11188937,157.11188937
46,2,,quantum,precond_pen=0.700,0.7,True,4,0.195425,157.11188937,157.11188937
46,2,,quantum,precond_pen=0.800,0.8,True,0,0.000127,176.15312436,176.15312436
46,2,,quantum,precond_pen=0.800,0.8,True,1,0.007894,164.91426508,164.91426508
46,2,,quantum,precond_pen=0.800,0.8,True,2,0.008434,157.38518433,157.38518433
46,2,,quantum,precond_pen=0.800,0.8,True,3,0.036006,157.11188937,157.11188937
46,2,,quantum,precond_pen=1.000,1.0,True,0,0.000139,176.15312436,176.15312436
46,2,,quantum,precond_pen=1.000,1.0,True,1,0.007442,178.97629963,176.15312436
46,2,,quantum,precond_pen=1.000,1.0,True,2,0.007866,181.43650935,176.15312436
46,2,,quantum,precond_pen=1.000,1.0,True,3,0.008442,177.24822199,176.15312436
46,2,,quantum,precond_pen=1.000,1.0,True,4,0.008995,178.30116586,176.15312436
46,2,,quantum,precond_pen=1.000,1.0,True,5,0.036985,162.81186002,162.81186002
47,2,,quantum,baseline,,True,0,0.000162,189.77411453,189.77411453
47,2,,quantum,baseline,,True,1,0.006745,172.70389659,172.70389659
47,2,,quantum,baseline,,True,2,0.110065,170.0451923,170.0451923
47,2,,quantum,precond_pen=0.200,0.2,True,0,0.000131,189.77411453,189.77411453
47,2,,quantum,precond_pen=0.200,0.2,True,1,0.007379,194.26394892,189.77411453
47,2,,quantum,precond_pen=0.200,0.2,True,2,0.008002,171.13644384,171.13644384
47,2,,quantum,precond_pen=0.300,0.3,True,0,0.000167,189.77411453,189.77411453
47,2,,quantum,precond_pen=0.300,0.3,True,1,0.007201,187.23996476,187.23996476
47,2,,quantum,precond_pen=0.300,0.3,True,2,0.00771,182.83440082,182.83440082
47,2,,quantum,precond_pen=0.300,0.3,True,3,0.008603,173.77301702,173.77301702
47,2,,quantum,precond_pen=0.300,0.3,True,4,0.037781,170.0451923,170.0451923
47,2,,quantum,precond_pen=0.300,0.3,True,5,0.173414,171.13644384,170.0451923
47,2,,quantum,precond_pen=0.400,0.4,True,0,0.000128,189.77411453,189.77411453
47,2,,quantum,precond_pen=0.400,0.4,True,1,0.007244,185.36124699,185.36124699
47,2,,quantum,precond_pen=0.400,0.4,True,2,0.008586,171.13644384,171.13644384
47,2,,quantum,precond_pen=0.500,0.5,True,0,0.000135,189.77411453,189.77411453
47,2,,quantum,precond_pen=0.500,0.5,True,1,0.007653,185.39902461,185.39902461
47,2,,quantum,precond_pen=0.500,0.5,True,2,0.008983,171.13644384,171.13644384
47,2,,quantum,precond_pen=0.600,0.6,True,0,0.000127,189.77411453,189.77411453
47,2,,quantum,precond_pen=0.600,0.6,True,1,0.007805,186.60680124,186.60680124
47,2,,quantum,precond_pen=0.600,0.6,True,2,0.008155,184.51447963,184.51447963
47,2,,quantum,precond_pen=0.600,0.6,True,3,0.008948,172.70389659,172.70389659
47,2,,quantum,precond_pen=0.600,0.6,True,4,0.037995,170.0451923,170.0451923
47,2,,quantum,precond_pen=0.600,0.6,True,5,0.206337,171.13644384,170.0451923
47,2,,quantum,precond_pen=0.600,0.6,True,6,0.207362,171.13644384,170.0451923
47,2,,quantum,precond_pen=0.700,0.7,True,0,0.000175,189.77411453,189.77411453
47,2,,quantum,precond_pen=0.700,0.7,True,1,0.007701,179.08856886,179.08856886
47,2,,quantum,precond_pen=0.700,0.7,True,2,0.0091,171.13644384,171.13644384
47,2,,quantum,precond_pen=0.700,0.7,True,3,0.036625,170.0451923,170.0451923
47,2,,quantum,precond_pen=0.800,0.8,True,0,0.000137,189.77411453,189.77411453
47,2,,quantum,precond_pen=0.800,0.8,True,1,0.008189,189.595942,189.595942
47,2,,quantum,precond_pen=0.800,0.8,True,2,0.008794,170.0451923,170.0451923
47,2,,quantum,precond_pen=1.000,1.0,True,0,0.000132,189.77411453,189.77411453
47,2,,quantum,precond_pen=1.000,1.0,True,1,0.008178,183.72015735,183.72015735
47,2,,quantum,precond_pen=1.000,1.0,True,2,0.035048,176.49700915,176.49700915
48,2,,quantum,baseline,,True,0,0.000129,183.97429537,183.97429537
48,2,,quantum,baseline,,True,1,0.006039,181.49585972,181.49585972
48,2,,quantum,baseline,,True,2,0.007315,169.15060624,169.15060624
48,2,,quantum,precond_pen=0.200,0.2,True,0,0.000132,183.97429537,183.97429537
48,2,,quantum,precond_pen=0.200,0.2,True,1,0.009215,171.02681736,171.02681736
48,2,,quantum,precond_pen=0.300,0.3,True,0,0.00013,183.97429537,183.97429537
48,2,,quantum,precond_pen=0.300,0.3,True,1,0.008559,185.06221506,183.97429537
48,2,,quantum,precond_pen=0.300,0.3,True,2,0.00928,171.02681736,171.02681736
48,2,,quantum,precond_pen=0.400,0.4,True,0,0.000133,183.97429537,183.97429537
48,2,,quantum,precond_pen=0.400,0.4,True,1,0.0076,182.89706278,182.89706278
48,2,,quantum,precond_pen=0.400,0.4,True,2,0.008905,169.94405881,169.94405881
48,2,,quantum,precond_pen=0.500,0.5,True,0,0.000131,183.97429537,183.97429537
48,2,,quantum,precond_pen=0.500,0.5,True,1,0.007617,177.5101861,177.5101861
48,2,,quantum,precond_pen=0.500,0.5,True,2,0.009615,169.94405881,169.94405881
48,2,,quantum,precond_pen=0.600,0.6,True,0,0.00014,183.97429537,183.97429537
48,2,,quantum,precond_pen=0.600,0.6,True,1,0.008727,169.94405881,169.94405881
48,2,,quantum,precond_pen=0.700,0.7,True,0,0.000149,183.97429537,183.97429537
48,2,,quantum,precond_pen=0.700,0.7,True,1,0.008121,180.62805605,180.62805605
48,2,,quantum,precond_pen=0.700,0.7,True,2,0.009502,169.94405881,169.94405881
48,2,,quantum,precond_pen=0.700,0.7,True,3,0.037865,169.73768898,169.73768898
48,2,,quantum,precond_pen=0.800,0.8,True,0,0.000136,183.97429537,183.97429537
48,2,,quantum,precond_pen=0.800,0.8,True,1,0.009472,169.73768898,169.73768898
48,2,,quantum,precond_pen=1.000,1.0,True,0,0.000131,183.97429537,183.97429537
48,2,,quantum,precond_pen=1.000,1.0,True,1,0.007929,177.1453086,177.1453086
48,2,,quantum,precond_pen=1.000,1.0,True,2,0.009129,169.66039868,169.66039868
48,2,,quantum,precond_pen=1.000,1.0,True,3,0.881921,169.94405881,169.66039868
48,2,,quantum,precond_pen=1.000,1.0,True,4,0.928686,169.15060624,169.15060624
48,2,,quantum,precond_pen=1.000,1.0,True,5,1.017018,169.15060624,169.15060624
49,2,,quantum,baseline,,True,0,0.000131,204.81576048,204.81576048
49,2,,quantum,baseline,,True,1,0.00699,192.47743654,192.47743654
49,2,,quantum,baseline,,True,2,0.007514,191.51811648,191.51811648
49,2,,quantum,baseline,,True,3,0.008219,173.61238808,173.61238808
49,2,,quantum,baseline,,True,4,0.111342,169.89779924,169.89779924
49,2,,quantum,baseline,,True,5,1.294643,168.78779037,168.78779037
49,2,,quantum,precond_pen=0.200,0.2,True,0,0.000132,204.81576048,204.81576048
49,2,,quantum,precond_pen=0.200,0.2,True,1,0.007383,190.96200105,190.96200105
49,2,,quantum,precond_pen=0.200,0.2,True,2,0.008855,168.78779037,168.78779037
49,2,,quantum,precond_pen=0.300,0.3,True,0,0.000123,204.81576048,204.81576048
49,2,,quantum,precond_pen=0.300,0.3,True,1,0.006993,201.89901896,201.89901896
49,2,,quantum,precond_pen=0.300,0.3,True,2,0.007442,197.21570722,197.21570722
49,2,,quantum,precond_pen=0.300,0.3,True,3,0.007834,194.93681501,194.93681501
49,2,,quantum,precond_pen=0.300,0.3,True,4,0.008586,169.89779924,169.89779924
49,2,,quantum,precond_pen=0.400,0.4,True,0,0.00013,204.81576048,204.81576048
49,2,,quantum,precond_pen=0.400,0.4,True,1,0.007196,199.89909222,199.89909222
49,2,,quantum,precond_pen=0.400,0.4,True,2,0.007691,197.21570722,197.21570722
49,2,,quantum,precond_pen=0.400,0.4,True,3,0.008333,188.51243849,188.51243849
49,2,,quantum,precond_pen=0.400,0.4,True,4,0.008997,169.89779924,169.89779924
49,2,,quantum,precond_pen=0.400,0.4,True,5,0.038121,168.78779037,168.78779037
49,2,,quantum,precond_pen=0.500,0.5,True,0,0.00013,204.81576048,204.81576048
49,2,,quantum,precond_pen=0.500,0.5,True,1,0.007284,186.67558672,186.67558672
49,2,,quantum,precond_pen=0.500,0.5,True,2,0.00818,185.49301013,185.49301013
49,2,,quantum,precond_pen=0.500,0.5,True,3,0.008689,171.7554013,171.7554013
49,2,,quantum,precond_pen=0.500,0.5,True,4,0.035724,173.8005541,171.7554013
49,2,,quantum,precond_pen=0.500,0.5,True,5,0.035871,168.78779037,168.78779037
49,2,,quantum,precond_pen=0.600,0.6,True,0,0.000129,204.81576048,204.81576048
49,2,,quantum,precond_pen=0.600,0.6,True,1,0.007538,200.96514653,200.96514653
49,2,,quantum,precond_pen=0.600,0.6,True,2,0.007925,198.78098909,198.78098909
49,2,,quantum,precond_pen=0.600,0.6,True,3,0.008264,191.28926941,191.28926941
49,2,,quantum,precond_pen=0.600,0.6,True,4,0.009187,168.78779037,168.78779037
49,2,,quantum,precond_pen=0.700,0.7,True,0,0.000129,204.81576048,204.81576048
49,2,,quantum,precond_pen=0.700,0.7,True,1,0.007531,193.71906734,193.71906734
49,2,,quantum,precond_pen=0.700,0.7,True,2,0.008014,191.51811648,191.51811648
49,2,,quantum,precond_pen=0.700,0.7,True,3,0.008357,189.49231858,189.49231858
49,2,,quantum,precond_pen=0.700,0.7,True,4,0.00886,171.7554013,171.7554013
49,2,,quantum,precond_pen=0.700,0.7,True,5,0.229676,168.78779037,168.78779037
49,2,,quantum,precond_pen=0.800,0.8,True,0,0.000128,204.81576048,204.81576048
49,2,,quantum,precond_pen=0.800,0.8,True,1,0.008656,194.56118129,194.56118129
49,2,,quantum,precond_pen=0.800,0.8,True,2,0.009106,191.51811648,191.51811648
49,2,,quantum,precond_pen=0.800,0.8,True,3,0.009656,188.45103909,188.45103909
49,2,,quantum,precond_pen=0.800,0.8,True,4,0.010045,171.99124917,171.99124917
49,2,,quantum,precond_pen=0.800,0.8,True,5,0.035996,168.78779037,168.78779037
49,2,,quantum,precond_pen=1.000,1.0,True,0,0.000135,204.81576048,204.81576048
49,2,,quantum,precond_pen=1.000,1.0,True,1,0.007422,191.52985134,191.52985134
49,2,,quantum,precond_pen=1.000,1.0,True,2,0.007927,191.51811648,191.51811648
49,2,,quantum,precond_pen=1.000,1.0,True,3,0.008671,172.65203513,172.65203513
49,2,,quantum,precond_pen=1.000,1.0,True,4,0.038751,172.28180063,172.28180063
49,2,,quantum,precond_pen=1.000,1.0,True,5,0.31794,168.78779037,168.78779037
49,2,,quantum,precond_pen=1.000,1.0,True,6,0.370151,168.78779037,168.78779037
