name,n,objective_model,objective_baseline,penalty,mip_status,runtime_sec,time_to_best_sec,mip_gap,x_bits,z_bits,sum_z,presolve,trajectory,seed,preconditioner_family,layers,sweeps
baseline,28,176.9127493817959,176.91274938179572,,2,2.7151119709014893,0.012253046035766602,0.0,0001110000111110010101100110,---+++----+++++--+-+-++--++-,0,True,"[[0.000176, 216.86669539], [0.009697, 209.50001618], [0.011187, 208.20871177], [0.011618, 202.70027902], [0.012253, 176.91274938]]",0,quantum,1,
precond_pen=0.200,28,-14.285707591980973,176.91274938179572,0.2,2,0.4432179927825928,0.008579015731811523,0.0,1110001111000001101010011001,+++---++++-----++-+-+--++--+,0,True,"[[0.000119, 216.86669539], [0.007333, 209.92844421], [0.007796, 208.20871177], [0.008579, 176.91274938]]",0,quantum,1,
precond_pen=0.300,28,-17.083643959199996,177.5428095635158,0.3,2,0.20974087715148926,0.008760929107666016,0.0,1010001111100001101010011001,+-+---+++++----++-+-+--++--+,0,True,"[[0.000112, 216.86669539], [0.007325, 208.34138921], [0.007831, 206.65136709], [0.008172, 206.17140101], [0.008761, 177.54280956]]",0,quantum,1,
precond_pen=0.400,28,-10.328082633020003,177.07575315111183,0.4,2,0.26183295249938965,0.009026050567626953,0.0,0101110000011100010111100110,-+-+++-----+++---+-++++--++-,0,True,"[[0.000111, 216.86669539], [0.00737, 206.67001952], [0.008276, 207.50488835], [0.009026, 177.07575315]]",0,quantum,1,
precond_pen=0.500,28,-6.2571126555130085,177.07575315111183,0.5,2,0.32248497009277344,0.3218209743499756,0.0,0101110000011100010111100110,-+-+++-----+++---+-++++--++-,0,True,"[[0.000112, 216.86669539], [0.007608, 200.74872369], [0.008692, 199.58469573], [0.009315, 176.91274938], [0.299496, 177.07575315], [0.321821, 177.07575315]]",0,quantum,1,
precond_pen=0.700,28,-3.1975268727799975,177.07575315111183,0.7,2,0.8236517906188965,0.009200811386108398,0.0,1010001111100011101000011001,+-+---+++++---+++-+----++--+,0,True,"[[0.000115, 216.86669539], [0.007967, 203.58126883], [0.008736, 204.15775753], [0.009201, 177.07575315]]",0,quantum,1,
precond_pen=0.800,28,-2.623739875592994,176.91274938179572,0.8,2,1.289566993713379,0.008498907089233398,0.0,1110001111000001101010011001,+++---++++-----++-+-+--++--+,0,True,"[[0.000115, 216.86669539], [0.008093, 208.9827142], [0.008499, 176.91274938]]",0,quantum,1,
precond_pen=1.000,28,-1.9877673896330048,176.91274938179572,1.0,2,1.2275400161743164,0.008193016052246094,0.0,1110001111000001101010011001,+++---++++-----++-+-+--++--+,0,True,"[[0.000116, 216.86669539], [0.00771, 210.36473383], [0.008193, 176.91274938]]",0,quantum,1,
baseline,28,164.34075451243604,164.3407545124361,,2,4.165043830871582,4.164103984832764,0.0,1010001101000111011001001011,+-+---++-+---+++-++--+--+-++,0,True,"[[0.000118, 189.51579027], [0.00636, 188.53795766], [0.00676, 165.80522431], [0.1087, 165.52263042], [2.619313, 164.80784601], [4.081827, 164.34075451], [4.164104, 164.34075451]]",1,quantum,1,
precond_pen=0.200,28,-11.468184584270023,164.95918571790793,0.2,2,0.5021109580993652,0.44973087310791016,0.0,0011011000001111110101000011,--++-++-----++++++-+-+----++,0,True,"[[0.000118, 189.51579027], [0.007606, 180.03414966], [0.008876, 164.80784601], [0.449609, 165.16005203], [0.449731, 164.95918572]]",1,quantum,1,
precond_pen=0.300,28,-12.19346445312699,164.80784600685183,0.3,2,0.3851900100708008,0.0350949764251709,0.0,0100110001111001101110101000,-+--++---++++--++-+++-+-+---,0,True,"[[0.000113, 189.51579027], [0.007072, 185.48012452], [0.007514, 184.05686728], [0.007843, 185.09018839], [0.008446, 165.77754011], [0.035095, 164.80784601]]",1,quantum,1,
precond_pen=0.400,28,-6.912201292166008,164.80784600685183,0.4,2,0.6780939102172852,0.03426313400268555,0.0,0100110001111001101110101000,-+--++---++++--++-+++-+-+---,0,True,"[[0.000113, 189.51579027], [0.007349, 172.23170175], [0.008525, 165.77754011], [0.034109, 164.95918572], [0.034263, 164.80784601]]",1,quantum,1,
precond_pen=0.500,28,-4.496187129794002,164.80784600685183,0.5,2,1.0101988315582275,0.03597402572631836,0.0,0100110001111001101110101000,-+--++---++++--++-+++-+-+---,0,True,"[[0.000114, 189.51579027], [0.007309, 188.77091187], [0.007806, 165.77754011], [0.035974, 164.80784601]]",1,quantum,1,
precond_pen=0.700,28,-2.5405413210109913,164.3407545124361,0.7,2,2.4251840114593506,2.4238951206207275,0.0,0101110010111000100110110100,-+-+++--+-+++---+--++-++-+--,0,True,"[[0.000114, 189.51579027], [0.008187, 184.75020435], [0.00863, 166.60795418], [0.033235, 165.77754011], [1.353921, 165.16005203], [1.466528, 164.95918572], [1.558796, 164.34075451], [2.423895, 164.34075451]]",1,quantum,1,
precond_pen=0.800,28,-2.135137655061996,164.3407545124361,0.8,2,3.222334146499634,2.499588966369629,0.0,1010001101000111011001001011,+-+---++-+---+++-++--+--+-++,0,True,"[[0.000117, 189.51579027], [0.008183, 189.54212498], [0.008579, 166.60795418], [0.029002, 165.02502681], [1.537038, 164.95918572], [2.288134, 164.80784601], [2.499589, 164.34075451]]",1,quantum,1,
precond_pen=1.000,28,-1.6669417564630002,164.3407545124361,1.0,2,3.3027079105377197,2.5852549076080322,0.0,0101110010111000100110110100,-+-+++--+-+++---+--++-++-+--,0,True,"[[0.000118, 189.51579027], [0.007984, 189.42894348], [0.008499, 164.95918572], [1.842831, 164.80784601], [2.585255, 164.34075451]]",1,quantum,1,
baseline,28,165.79827070364917,165.798270703649,,2,2.8172831535339355,0.7157881259918213,0.0,0101001111100110101010000110,-+-+--+++++--++-+-+-+----++-,0,True,"[[0.000118, 184.10834611], [0.006718, 171.96795728], [0.474409, 171.37074414], [0.527584, 167.09271777], [0.556743, 165.84205169], [0.715788, 165.7982707]]",2,quantum,1,
precond_pen=0.200,28,-13.431894279267997,165.84205169187703,0.2,2,0.34128308296203613,0.00838017463684082,0.0,0101001111000110101110000110,-+-+--++++---++-+-+++----++-,0,True,"[[0.000118, 184.10834611], [0.00838, 165.84205169]]",2,quantum,1,
precond_pen=0.300,28,-14.893348867547992,165.84205169187703,0.3,2,0.19418001174926758,0.007899045944213867,0.0,1010110000111001010001111001,+-+-++----+++--+-+---++++--+,0,True,"[[0.000122, 184.10834611], [0.007311, 179.54183181], [0.007899, 165.84205169]]",2,quantum,1,
precond_pen=0.400,28,-8.356233611325003,165.84205169187703,0.4,2,0.2885921001434326,0.03624892234802246,0.0,0101001111000110101110000110,-+-+--++++---++-+-+++----++-,0,True,"[[0.00012, 184.10834611], [0.00742, 182.24633362], [0.007917, 180.6600011], [0.008535, 169.51254466], [0.03597, 167.94246955], [0.036249, 165.84205169]]",2,quantum,1,
precond_pen=0.500,28,-5.247880490432003,165.84205169187703,0.5,2,0.5580568313598633,0.03589582443237305,0.0,0101001111000110101110000110,-+-+--++++---++-+-+++----++-,0,True,"[[0.000112, 184.10834611], [0.007215, 180.59489355], [0.00788, 179.92423851], [0.008223, 178.99555805], [0.008745, 167.42468829], [0.035896, 165.84205169]]",2,quantum,1,
precond_pen=0.700,28,-2.8529490324639895,165.84205169187703,0.7,2,1.0997250080108643,0.03153395652770996,0.0,0101001111000110101110000110,-+-+--++++---++-+-+++----++-,0,True,"[[0.000114, 184.10834611], [0.008331, 182.79224742], [0.008705, 169.29027616], [0.031534, 165.84205169]]",2,quantum,1,
precond_pen=0.800,28,-2.3731295153409917,165.84205169187703,0.8,2,1.6565361022949219,0.028870105743408203,0.0,0101001111000110101110000110,-+-+--++++---++-+-+++----++-,0,True,"[[0.000117, 184.10834611], [0.009626, 178.80137785], [0.010066, 168.64821281], [0.02887, 165.84205169]]",2,quantum,1,
precond_pen=1.000,28,-1.8278548470029925,165.798270703649,1.0,2,1.6889629364013672,0.009112834930419922,0.0,0101001111100110101010000110,-+-+--+++++--++-+-+-+----++-,0,True,"[[0.000118, 184.10834611], [0.009113, 165.7982707]]",2,quantum,1,
baseline,28,169.85007589582392,169.85007589582403,,2,2.361943006515503,0.007982015609741211,0.0,1001001101010011111100101000,+--+--++-+-+--++++++--+-+---,0,True,"[[0.000121, 208.90331006], [0.006566, 203.13903248], [0.00734, 202.85982487], [0.007982, 169.8500759]]",3,quantum,1,
precond_pen=0.200,28,-14.62029309125898,170.16100371295607,0.2,2,0.37349390983581543,0.008839845657348633,0.0,1001001101010011111100001100,+--+--++-+-+--++++++----++--,0,True,"[[0.000119, 208.90331006], [0.007418, 196.11597184], [0.00884, 170.16100371]]",3,quantum,1,
precond_pen=0.300,28,-16.436388921858,169.8719339959821,0.3,2,0.30847907066345215,0.008738994598388672,0.0,0110110010101100000011110110,-++-++--+-+-++------++++-++-,0,True,"[[0.000114, 208.90331006], [0.007243, 193.69954976], [0.008739, 169.871934]]",3,quantum,1,
precond_pen=0.400,28,-8.891070205526992,169.8719339959821,0.4,2,0.3850431442260742,0.009039163589477539,0.0,0110110010101100000011110110,-++-++--+-+-++------++++-++-,0,True,"[[0.000123, 208.90331006], [0.007574, 198.96330598], [0.008447, 200.31272869], [0.009039, 169.871934]]",3,quantum,1,
precond_pen=0.500,28,-5.283201344442006,169.8719339959821,0.5,2,0.47668004035949707,0.009221076965332031,0.0,1001001101010011111100001001,+--+--++-+-+--++++++----+--+,0,True,"[[0.000115, 208.90331006], [0.007723, 199.10452695], [0.008574, 198.46968701], [0.009221, 169.871934]]",3,quantum,1,
precond_pen=0.700,28,-2.8808608545360013,169.8719339959821,0.7,2,1.1179108619689941,0.00828695297241211,0.0,0110110010101100000011110110,-++-++--+-+-++------++++-++-,0,True,"[[0.000113, 208.90331006], [0.007801, 197.17496811], [0.008287, 169.871934]]",3,quantum,1,
precond_pen=0.800,28,-2.398642142139991,169.85007589582403,0.8,2,1.675234079360962,0.008546113967895508,0.0,0110110010101100000011010111,-++-++--+-+-++------++-+-+++,0,True,"[[0.000118, 208.90331006], [0.008016, 199.68410868], [0.008546, 169.8500759]]",3,quantum,1,
precond_pen=1.000,28,-1.848403806480004,169.85007589582403,1.0,2,1.5425031185150146,0.008690118789672852,0.0,0110110010101100000011010111,-++-++--+-+-++------++-+-+++,0,True,"[[0.000134, 208.90331006], [0.008182, 200.37223961], [0.00869, 169.8500759]]",3,quantum,1,
baseline,28,185.70475249517415,185.70475249517403,,2,4.179017066955566,4.17805290222168,0.0,1001011101011000001010111010,+--+-+++-+-++-----+-+-+++-+-,0,True,"[[0.000116, 209.69549112], [0.0064, 201.66607549], [0.007648, 188.11622948], [0.111623, 186.87216314], [0.11174, 186.34332473], [4.059863, 185.7047525], [4.178053, 185.7047525]]",4,quantum,1,
precond_pen=0.200,28,-11.44749656350098,185.70475249517403,0.2,2,0.8270061016082764,0.6287310123443604,0.0,0110100010100111110101000101,-++-+---+-+--+++++-+-+---+-+,0,True,"[[0.000116, 209.69549112], [0.007883, 204.79631441], [0.008282, 206.71170504], [0.008778, 186.99119036], [0.628731, 185.7047525]]",4,quantum,1,
precond_pen=0.300,28,-14.889914145453002,186.34332473315214,0.3,2,0.4224579334259033,0.008709907531738281,0.0,1111010110010101001010100001,++++-+-++--+-+-+--+-+-+----+,0,True,"[[0.000154, 209.69549112], [0.00751, 201.37321583], [0.007954, 201.68383611], [0.00871, 186.34332473]]",4,quantum,1,
precond_pen=0.400,28,-9.403283801959997,185.70475249517403,0.4,2,0.3450911045074463,0.34448909759521484,0.0,1001011101011000001010111010,+--+-+++-+-++-----+-+-+++-+-,0,True,"[[0.000116, 209.69549112], [0.007504, 206.57381749], [0.007953, 201.68383611], [0.008298, 196.31924632], [0.008825, 186.87216314], [0.040631, 186.34332473], [0.343425, 185.7047525], [0.344489, 185.7047525]]",4,quantum,1,
precond_pen=0.500,28,-5.459600419214999,185.70475249517403,0.5,2,0.5933191776275635,0.592689037322998,0.0,0110100010100111110101000101,-++-+---+-+--+++++-+-+---+-+,0,True,"[[0.000112, 209.69549112], [0.008129, 207.50903759], [0.008499, 206.71170504], [0.009199, 186.87216314], [0.034601, 186.34332473], [0.591472, 185.7047525], [0.592689, 185.7047525]]",4,quantum,1,
precond_pen=0.700,28,-2.8772269828700043,185.70475249517403,0.7,2,1.3674349784851074,1.3667099475860596,0.0,0110100010100111110101000101,-++-+---+-+--+++++-+-+---+-+,0,True,"[[0.000115, 209.69549112], [0.007793, 206.254587], [0.00818, 201.68383611], [0.008607, 201.10096996], [0.009349, 186.34332473], [1.086505, 185.7047525], [1.36671, 185.7047525]]",4,quantum,1,
precond_pen=0.800,28,-2.378767639244998,185.70475249517403,0.8,2,1.6890389919281006,1.4223358631134033,0.0,0110100010100111110101000101,-++-+---+-+--+++++-+-+---+-+,0,True,"[[0.000136, 209.69549112], [0.008926, 186.34332473], [1.422336, 185.7047525]]",4,quantum,1,
precond_pen=1.000,28,-1.8203420451940104,185.70475249517403,1.0,2,1.6213490962982178,1.4045770168304443,0.0,0110100010100111110101000101,-++-+---+-+--+++++-+-+---+-+,0,True,"[[0.000129, 209.69549112], [0.007729, 208.83392696], [0.008136, 192.05777111], [0.025862, 186.34332473], [1.404577, 185.7047525]]",4,quantum,1,
baseline,28,163.0441184787851,163.0441184787851,,2,3.489711046218872,3.4886999130249023,0.0,1000001110101111010001110100,+-----+++-+-++++-+---+++-+--,0,True,"[[0.000143, 189.25660748], [0.006687, 165.42289692], [0.111337, 164.94155625], [0.285314, 163.04411848], [3.4887, 163.04411848]]",5,quantum,1,
precond_pen=0.200,28,-13.04671541353798,163.0441184787851,0.2,2,0.5855350494384766,0.00893092155456543,0.0,0111110001010000101110001011,-+++++---+-+----+-+++---+-++,0,True,"[[0.000143, 189.25660748], [0.007686, 187.8806115], [0.008064, 183.04698791], [0.008481, 181.2399299], [0.008931, 163.04411848]]",5,quantum,1,
precond_pen=0.300,28,-13.758741188390992,163.0441184787851,0.3,2,0.4195070266723633,0.29857301712036133,0.0,1000001110101111010001110100,+-----+++-+-++++-+---+++-+--,0,True,"[[0.000131, 189.25660748], [0.007154, 178.98817009], [0.008782, 164.36600589], [0.036237, 165.81526347], [0.036451, 165.53800097], [0.298456, 165.26725378], [0.298573, 163.04411848]]",5,quantum,1,
precond_pen=0.400,28,-7.6656189046379986,163.0441184787851,0.4,2,0.6984601020812988,0.697822093963623,0.0,0111110001010000101110001011,-+++++---+-+----+-+++---+-++,0,True,"[[0.000139, 189.25660748], [0.007645, 186.16448256], [0.008013, 183.04698791], [0.008364, 180.55900638], [0.008831, 165.27653822], [0.61548, 164.30043544], [0.697287, 163.04411848], [0.697822, 163.04411848]]",5,quantum,1,
precond_pen=0.500,28,-4.851924888289986,163.0441184787851,0.5,2,0.7244420051574707,0.040158987045288086,0.0,0111110001010000101110001011,-+++++---+-+----+-+++---+-++,0,True,"[[0.000127, 189.25660748], [0.007756, 182.77416778], [0.008504, 163.89329064], [0.040159, 163.04411848]]",5,quantum,1,
precond_pen=0.700,28,-2.708439790942009,163.0441184787851,0.7,2,1.633857011795044,0.4195668697357178,0.0,0111110001010000101110001011,-+++++---+-+----+-+++---+-++,0,True,"[[0.000129, 189.25660748], [0.009066, 182.890976], [0.009493, 181.57045273], [0.009981, 180.67130456], [0.010578, 163.89329064], [0.419567, 163.04411848]]",5,quantum,1,
precond_pen=0.800,28,-2.2671825193029953,163.0441184787851,0.8,2,2.1445260047912598,0.029912948608398438,0.0,0111110001010000101110001011,-+++++---+-+----+-+++---+-++,0,True,"[[0.000128, 189.25660748], [0.008168, 184.26492966], [0.008844, 166.44755281], [0.029913, 163.04411848]]",5,quantum,1,
precond_pen=1.000,28,-1.7596016102829974,163.0441184787851,1.0,2,2.34012508392334,2.3392820358276367,0.0,1000001110101111010001110100,+-----+++-+-++++-+---+++-+--,0,True,"[[0.000132, 189.25660748], [0.00834, 184.62870712], [0.008751, 170.4483754], [0.026521, 163.89329064], [1.678126, 163.04411848], [2.339282, 163.04411848]]",5,quantum,1,
baseline,28,171.28420630724403,171.2842063072439,,2,2.9042999744415283,0.007869958877563477,0.0,1010011001001111001101001100,+-+--++--+--++++--++-+--++--,0,True,"[[0.00013, 209.5918113], [0.006347, 206.44018163], [0.006999, 204.78281239], [0.007365, 203.07277917], [0.00787, 171.28420631]]",6,quantum,1,
precond_pen=0.200,28,-14.74600161264097,171.2842063072439,0.2,2,0.4528789520263672,0.008819103240966797,0.0,0101100110110000110010110011,-+-++--++-++----++--+-++--++,0,True,"[[0.000133, 209.5918113], [0.007441, 193.89777848], [0.008819, 171.28420631]]",6,quantum,1,
precond_pen=0.300,28,-17.319967356559,171.2842063072439,0.3,2,0.3605380058288574,0.009148120880126953,0.0,0101100110110000110010110011,-+-++--++-++----++--+-++--++,0,True,"[[0.000126, 209.5918113], [0.007165, 202.42787522], [0.008387, 192.88115558], [0.009148, 171.28420631]]",6,quantum,1,
precond_pen=0.400,28,-10.135980978346,171.2842063072439,0.4,2,0.29909300804138184,0.009084939956665039,0.0,0101100110110000110010110011,-+-++--++-++----++--+-++--++,0,True,"[[0.000133, 209.5918113], [0.007124, 198.46923453], [0.008017, 194.2981939], [0.009085, 171.28420631]]",6,quantum,1,
precond_pen=0.500,28,-6.112445066851988,171.2842063072439,0.5,2,0.42436695098876953,0.009227991104125977,0.0,0101100110110000110010110011,-+-++--++-++----++--+-++--++,0,True,"[[0.000127, 209.5918113], [0.007453, 191.68532136], [0.00842, 189.17686471], [0.009228, 171.28420631]]",6,quantum,1,
precond_pen=0.700,28,-3.191438650541995,171.2842063072439,0.7,2,0.816443920135498,0.03179502487182617,0.0,0101100110110000110010110011,-+-++--++-++----++--+-++--++,0,True,"[[0.000136, 209.5918113], [0.00811, 204.91632853], [0.008431, 204.78281239], [0.008761, 202.588865], [0.009329, 176.50141926], [0.031795, 171.28420631]]",6,quantum,1,
precond_pen=0.800,28,-2.628313618909008,171.2842063072439,0.8,2,1.2197129726409912,0.027870893478393555,0.0,0101100110110000110010110011,-+-++--++-++----++--+-++--++,0,True,"[[0.000133, 209.5918113], [0.008465, 203.3906074], [0.008981, 176.50141926], [0.027871, 171.28420631]]",6,quantum,1,
precond_pen=1.000,28,-1.998193325970007,171.2842063072439,1.0,2,1.2364799976348877,0.026578903198242188,0.0,0101100110110000110010110011,-+-++--++-++----++--+-++--++,0,True,"[[0.000132, 209.5918113], [0.008443, 201.38780158], [0.008832, 176.50141926], [0.026579, 171.28420631]]",6,quantum,1,
baseline,28,167.76067416360615,167.76067416360587,,2,3.5099291801452637,0.0067560672760009766,0.0,1111000111010000011110010001,++++---+++-+-----++++--+---+,0,True,"[[0.000138, 195.7544466], [0.006756, 167.76067416]]",7,quantum,1,
precond_pen=0.200,28,-13.02684511355296,167.76067416360587,0.2,2,0.40389394760131836,0.009377002716064453,0.0,1111000111010000011110010001,++++---+++-+-----++++--+---+,0,True,"[[0.000134, 195.7544466], [0.00728, 198.25937606], [0.008542, 192.46203291], [0.009377, 167.76067416]]",7,quantum,1,
precond_pen=0.300,28,-14.873614351006003,167.76067416360587,0.3,2,0.21538710594177246,0.008651971817016602,0.0,1111000111010000011110010001,++++---+++-+-----++++--+---+,0,True,"[[0.000128, 195.7544466], [0.007241, 186.48908325], [0.008652, 167.76067416]]",7,quantum,1,
precond_pen=0.400,28,-8.589475360614001,167.76067416360587,0.4,2,0.3154318332672119,0.00911092758178711,0.0,1111000111010000011110010001,++++---+++-+-----++++--+---+,0,True,"[[0.000129, 195.7544466], [0.007756, 190.48784209], [0.008186, 190.44144677], [0.009111, 167.76067416]]",7,quantum,1,
precond_pen=0.500,28,-5.338329162933997,167.76067416360587,0.5,2,0.5766420364379883,0.03601384162902832,0.0,0000111000101111100001101110,----+++---+-+++++----++-+++-,0,True,"[[0.000128, 195.7544466], [0.007662, 180.93131244], [0.008835, 169.99943231], [0.036014, 167.76067416]]",7,quantum,1,
precond_pen=0.700,28,-2.894680277933997,167.76067416360587,0.7,2,1.2765328884124756,1.2758219242095947,0.0,0000111000101111100001101110,----+++---+-+++++----++-+++-,0,True,"[[0.000127, 195.7544466], [0.008151, 183.61224866], [0.008651, 168.71818314], [0.84967, 168.58817524], [0.954117, 167.76067416], [1.275822, 167.76067416]]",7,quantum,1,
precond_pen=0.800,28,-2.4062030013109794,167.76067416360587,0.8,2,1.5684099197387695,1.206273078918457,0.0,1111000111010000011110010001,++++---+++-+-----++++--+---+,0,True,"[[0.000129, 195.7544466], [0.007332, 188.63960307], [0.008371, 179.05920523], [0.008735, 168.71818314], [1.205752, 168.30959871], [1.206273, 167.76067416]]",7,quantum,1,
precond_pen=1.000,28,-1.8511372908239956,167.76067416360587,1.0,2,1.7230520248413086,0.008095026016235352,0.0,0000111000101111100001101110,----+++---+-+++++----++-+++-,0,True,"[[0.000132, 195.7544466], [0.007677, 181.65849515], [0.008095, 167.76067416]]",7,quantum,1,
baseline,28,162.44650091943208,162.44650091943177,,2,2.151378870010376,0.006855964660644531,0.0,1111110000100101100111000001,++++++----+--+-++--+++-----+,0,True,"[[0.000132, 191.12426956], [0.006856, 162.44650092]]",8,quantum,1,
precond_pen=0.200,28,-15.434462552945,163.35473011085386,0.2,2,0.29805994033813477,0.041281938552856445,0.0,1111110000101001100111000001,++++++----+-+--++--+++-----+,0,True,"[[0.000135, 191.12426956], [0.007397, 181.5723246], [0.008783, 166.03641942], [0.041282, 163.35473011]]",8,quantum,1,
precond_pen=0.300,28,-16.118164805266993,162.44650091943177,0.3,2,0.1881258487701416,0.00850987434387207,0.0,0000001111011010011000111110,------++++-++-+--++---+++++-,0,True,"[[0.000123, 191.12426956], [0.007243, 181.1556322], [0.00851, 162.44650092]]",8,quantum,1,
precond_pen=0.400,28,-8.571989429622002,162.44650091943177,0.4,2,0.18778204917907715,0.04007911682128906,0.0,1111110000100101100111000001,++++++----+--+-++--+++-----+,0,True,"[[0.000126, 191.12426956], [0.008386, 179.66691981], [0.009064, 166.03641942], [0.040079, 162.44650092]]",8,quantum,1,
precond_pen=0.500,28,-5.226208665365004,162.44650091943177,0.5,2,0.3533909320831299,0.009237051010131836,0.0,0000001111011010011000111110,------++++-++-+--++---+++++-,0,True,"[[0.000126, 191.12426956], [0.007854, 187.85036692], [0.008231, 186.97646954], [0.00857, 184.89573352], [0.009237, 162.44650092]]",8,quantum,1,
precond_pen=0.700,28,-2.9139600192050032,162.44650091943177,0.7,2,0.9838249683380127,0.008673906326293945,0.0,0000001111011010011000111110,------++++-++-+--++---+++++-,0,True,"[[0.000128, 191.12426956], [0.00818, 185.55217016], [0.008674, 162.44650092]]",8,quantum,1,
precond_pen=0.800,28,-2.435460643828991,162.44650091943177,0.8,2,1.2273049354553223,0.008913993835449219,0.0,0000001111011010011000111110,------++++-++-+--++---+++++-,0,True,"[[0.00013, 191.12426956], [0.008361, 188.38606946], [0.008914, 162.44650092]]",8,quantum,1,
precond_pen=1.000,28,-1.883088887570997,162.44650091943177,1.0,2,1.292694091796875,0.00842595100402832,0.0,0000001111011010011000111110,------++++-++-+--++---+++++-,0,True,"[[0.000127, 191.12426956], [0.007918, 180.1055593], [0.008426, 162.44650092]]",8,quantum,1,
baseline,28,173.9136263427929,173.91362634279312,,2,4.136204957962036,0.11024594306945801,0.0,0010010011111110000001010111,--+--+--+++++++------+-+-+++,0,True,"[[0.000132, 207.38060405], [0.006243, 201.77391187], [0.007453, 174.57766661], [0.110246, 173.91362634]]",9,quantum,1,
precond_pen=0.200,28,-12.335443272241971,173.91362634279312,0.2,2,0.6628711223602295,0.00890803337097168,0.0,1101101100000001111110101000,++-++-++-------++++++-+-+---,0,True,"[[0.000138, 207.38060405], [0.007492, 199.34828474], [0.008466, 197.39391574], [0.008908, 173.91362634]]",9,quantum,1,
precond_pen=0.300,28,-13.818450379513006,173.91362634279312,0.3,2,0.29183197021484375,0.2664217948913574,0.0,1101101100000001111110101000,++-++-++-------++++++-+-+---,0,True,"[[0.000136, 207.38060405], [0.007516, 198.46147571], [0.008006, 176.67908685], [0.038536, 174.26992967], [0.266422, 173.91362634]]",9,quantum,1,
precond_pen=0.400,28,-8.072833657266985,173.91362634279312,0.4,2,0.4558851718902588,0.4552650451660156,0.0,0010010011111110000001010111,--+--+--+++++++------+-+-+++,0,True,"[[0.000126, 207.38060405], [0.00711, 200.1110569], [0.008319, 196.2089306], [0.009116, 175.10328783], [0.034995, 174.26992967], [0.454753, 173.91362634], [0.455265, 173.91362634]]",9,quantum,1,
precond_pen=0.500,28,-4.966227941302,173.91362634279312,0.5,2,0.7441520690917969,0.0087890625,0.0,0010010011111110000001010111,--+--+--+++++++------+-+-+++,0,True,"[[0.000131, 207.38060405], [0.00715, 191.9300905], [0.008276, 185.768122], [0.008789, 173.91362634]]",9,quantum,1,
precond_pen=0.700,28,-2.724109920234012,173.91362634279312,0.7,2,1.5469980239868164,0.5201070308685303,0.0,0010010011111110000001010111,--+--+--+++++++------+-+-+++,0,True,"[[0.000131, 207.38060405], [0.008012, 200.32018857], [0.008746, 199.05502814], [0.009402, 176.55147045], [0.032296, 174.26992967], [0.520107, 173.91362634]]",9,quantum,1,
precond_pen=0.800,28,-2.2726273117570024,173.91362634279312,0.8,2,2.1855039596557617,0.008684873580932617,0.0,0010010011111110000001010111,--+--+--+++++++------+-+-+++,0,True,"[[0.000131, 207.38060405], [0.008161, 198.81985773], [0.008685, 173.91362634]]",9,quantum,1,
precond_pen=1.000,28,-1.7575488224719873,173.91362634279312,1.0,2,1.9040641784667969,0.008148193359375,0.0,0010010011111110000001010111,--+--+--+++++++------+-+-+++,0,True,"[[0.000137, 207.38060405], [0.007722, 185.61489084], [0.008148, 173.91362634]]",9,quantum,1,
baseline,28,167.41336223744622,167.41336223744608,,2,2.38029408454895,0.0075130462646484375,0.0,1000111011100011000010111100,+---+++-+++---++----+-++++--,0,True,"[[0.00013, 194.61342848], [0.006135, 191.80386798], [0.006815, 190.42471903], [0.007513, 167.41336224]]",10,quantum,1,
precond_pen=0.200,28,-14.217533240007018,167.4387554099561,0.2,2,0.43678784370422363,0.008891820907592773,0.0,1000111011100011001010101100,+---+++-+++---++--+-+-+-++--,0,True,"[[0.000132, 194.61342848], [0.00735, 186.8430561], [0.008892, 167.43875541]]",10,quantum,1,
precond_pen=0.300,28,-15.689680551147006,167.41336223744608,0.3,2,0.31171512603759766,0.008006095886230469,0.0,1000111011100011000010111100,+---+++-+++---++----+-++++--,0,True,"[[0.000127, 194.61342848], [0.00738, 193.20626662], [0.008006, 167.41336224]]",10,quantum,1,
precond_pen=0.400,28,-8.719284246188003,167.41336223744608,0.4,2,0.44655394554138184,0.008442878723144531,0.0,0111000100011100111101000011,-+++---+---+++--++++-+----++,0,True,"[[0.000125, 194.61342848], [0.007921, 183.1692921], [0.008443, 167.41336224]]",10,quantum,1,
precond_pen=0.500,28,-5.342418091797999,167.41336223744608,0.5,2,0.6711390018463135,0.03677797317504883,0.0,0111000100011100111101000011,-+++---+---+++--++++-+----++,0,True,"[[0.000124, 194.61342848], [0.007479, 188.66731624], [0.008475, 186.98006786], [0.009139, 172.84636781], [0.036778, 167.41336224]]",10,quantum,1,
precond_pen=0.700,28,-2.9045605458120036,167.41336223744608,0.7,2,1.121229887008667,0.008572816848754883,0.0,1000111011100011000010111100,+---+++-+++---++----+-++++--,0,True,"[[0.000128, 194.61342848], [0.007984, 188.86512143], [0.008573, 167.41336224]]",10,quantum,1,
precond_pen=0.800,28,-2.416758041434994,167.41336223744608,0.8,2,1.548224925994873,1.5474190711975098,0.0,0111000100011100111101000011,-+++---+---+++--++++-+----++,0,True,"[[0.00014, 194.61342848], [0.007929, 191.83927913], [0.008254, 175.43017177], [0.02769, 173.09262065], [0.600502, 173.08628949], [0.600649, 171.3907023], [1.059226, 169.07679276], [1.230972, 167.43875541], [1.367558, 167.41336224], [1.547419, 167.41336224]]",10,quantum,1,
precond_pen=1.000,28,-1.8609013592720043,167.41336223744608,1.0,2,1.5270750522613525,0.008265018463134766,0.0,0111000100011100111101000011,-+++---+---+++--++++-+----++,0,True,"[[0.000133, 194.61342848], [0.007761, 188.55729939], [0.008265, 167.41336224]]",10,quantum,1,
baseline,28,154.56207709474037,154.56207709473995,,2,2.7088561058044434,0.1138911247253418,0.0,1001000011101101111010110000,+--+----+++-++-++++-+-++----,0,True,"[[0.000134, 194.75035761], [0.006859, 189.18731885], [0.007238, 186.0595437], [0.007807, 158.84896493], [0.113891, 154.56207709]]",11,quantum,1,
precond_pen=0.200,28,-13.996574391854004,154.56207709473995,0.2,2,0.40091681480407715,0.041554927825927734,0.0,0110111100010010000101001111,-++-++++---+--+----+-+--++++,0,True,"[[0.000129, 194.75035761], [0.007531, 177.74352826], [0.008835, 157.94699447], [0.041555, 154.56207709]]",11,quantum,1,
precond_pen=0.300,28,-13.804364299461998,154.56207709473995,0.3,2,0.2053980827331543,0.19927000999450684,0.0,0110111100010010000101001111,-++-++++---+--+----+-+--++++,0,True,"[[0.00014, 194.75035761], [0.007601, 182.04604902], [0.008299, 179.50541905], [0.009355, 156.76540992], [0.19927, 154.56207709]]",11,quantum,1,
precond_pen=0.400,28,-7.5364670678710155,154.56207709473995,0.4,2,0.2935068607330322,0.008827924728393555,0.0,0110111100010010000101001111,-++-++++---+--+----+-+--++++,0,True,"[[0.000129, 194.75035761], [0.007362, 182.56293645], [0.007959, 183.01489391], [0.008306, 177.68147269], [0.008828, 154.56207709]]",11,quantum,1,
precond_pen=0.500,28,-4.875814876886993,154.56207709473995,0.5,2,0.858004093170166,0.03689908981323242,0.0,0110111100010010000101001111,-++-++++---+--+----+-+--++++,0,True,"[[0.000126, 194.75035761], [0.007353, 178.06820597], [0.008203, 177.27918233], [0.008726, 160.57207134], [0.035739, 158.68566575], [0.036899, 154.56207709]]",11,quantum,1,
precond_pen=0.700,28,-2.7788507142350074,154.56207709473995,0.7,2,1.1738221645355225,0.010538101196289062,0.0,1001000011101101111010110000,+--+----+++-++-++++-+-++----,0,True,"[[0.000142, 194.75035761], [0.00908, 172.86510791], [0.010538, 154.56207709]]",11,quantum,1,
precond_pen=0.800,28,-2.334082267541012,154.56207709473995,0.8,2,1.843168020248413,0.008430957794189453,0.0,0110111100010010000101001111,-++-++++---+--+----+-+--++++,0,True,"[[0.000131, 194.75035761], [0.007872, 173.91686532], [0.008431, 154.56207709]]",11,quantum,1,
precond_pen=1.000,28,-1.816327955308985,154.56207709473995,1.0,2,1.7576489448547363,0.008399009704589844,0.0,0110111100010010000101001111,-++-++++---+--+----+-+--++++,0,True,"[[0.000132, 194.75035761], [0.007899, 180.36323854], [0.008399, 154.56207709]]",11,quantum,1,
baseline,28,171.55721592534016,171.55721592534016,,2,3.4739139080047607,0.11130881309509277,0.0,0001000011010110111110010011,---+----++-+-++-+++++--+--++,0,True,"[[0.000131, 204.11547024], [0.006433, 194.14212016], [0.007349, 193.21271304], [0.007723, 188.71403811], [0.008362, 175.41798108], [0.111309, 171.55721593]]",12,quantum,1,
precond_pen=0.200,28,-12.521140593293978,171.55721592534016,0.2,2,0.48989081382751465,0.00927591323852539,0.0,1110111100101001000001101100,+++-++++--+-+--+-----++-++--,0,True,"[[0.000131, 204.11547024], [0.007243, 203.65973529], [0.008116, 200.00825481], [0.008552, 197.11795952], [0.009276, 171.55721593]]",12,quantum,1,
precond_pen=0.300,28,-15.031610650844012,171.55721592534016,0.3,2,0.20869803428649902,0.00924992561340332,0.0,1110111100101001000001101100,+++-++++--+-+--+-----++-++--,0,True,"[[0.00013, 204.11547024], [0.007292, 195.94195307], [0.008127, 197.47394281], [0.008535, 195.23848322], [0.00925, 171.55721593]]",12,quantum,1,
precond_pen=0.400,28,-9.226520222614003,171.55721592534016,0.4,2,0.27353501319885254,0.008302927017211914,0.0,1110111100101001000001101100,+++-++++--+-+--+-----++-++--,0,True,"[[0.000125, 204.11547024], [0.006954, 199.98424426], [0.007464, 200.00825481], [0.00784, 191.69462078], [0.008303, 171.55721593]]",12,quantum,1,
precond_pen=0.500,28,-5.406017867545993,171.55721592534016,0.5,2,0.7072539329528809,0.03564786911010742,0.0,0001000011010110111110010011,---+----++-+-++-+++++--+--++,0,True,"[[0.000127, 204.11547024], [0.007083, 188.62300189], [0.008529, 175.41798108], [0.035648, 171.55721593]]",12,quantum,1,
precond_pen=0.700,28,-2.9522064577269997,171.55721592534016,0.7,2,1.238706111907959,0.03227710723876953,0.0,1110111100101001000001101100,+++-++++--+-+--+-----++-++--,0,True,"[[0.000128, 204.11547024], [0.00815, 203.20587929], [0.008593, 200.00825481], [0.008923, 198.58923005], [0.009368, 175.75974487], [0.032277, 171.55721593]]",12,quantum,1,
precond_pen=0.800,28,-2.455986405057004,171.55721592534016,0.8,2,1.4565849304199219,0.02736687660217285,0.0,0001000011010110111110010011,---+----++-+-++-+++++--+--++,0,True,"[[0.000128, 204.11547024], [0.008334, 198.97708591], [0.008765, 178.48950641], [0.027367, 171.55721593]]",12,quantum,1,
precond_pen=1.000,28,-1.8897667005559953,171.55721592534016,1.0,2,1.577652931213379,0.008363008499145508,0.0,1110111100101001000001101100,+++-++++--+-+--+-----++-++--,0,True,"[[0.000131, 204.11547024], [0.007962, 199.37571059], [0.008363, 171.55721593]]",12,quantum,1,
baseline,28,165.52632658703897,165.5263265870391,,2,1.5119140148162842,0.10981106758117676,0.0,1101001010110000010110101110,++-+--+-+-++-----+-++-+-+++-,0,True,"[[0.000131, 199.60134542], [0.006525, 195.40356133], [0.006868, 190.56281956], [0.007482, 171.24886373], [0.109691, 166.35969307], [0.109811, 165.52632659]]",13,quantum,1,
precond_pen=0.200,28,-17.045748623168997,165.5263265870391,0.2,2,0.26261401176452637,0.009104013442993164,0.0,0010110101001111101001010001,--+-++-+-+--+++++-+--+-+---+,0,True,"[[0.000136, 199.60134542], [0.007685, 194.61955167], [0.008092, 195.40356133], [0.009104, 165.52632659]]",13,quantum,1,
precond_pen=0.300,28,-18.389429424870997,165.5263265870391,0.3,2,0.1921389102935791,0.008594036102294922,0.0,0010110101001111101001010001,--+-++-+-+--+++++-+--+-+---+,0,True,"[[0.000135, 199.60134542], [0.007072, 202.7245512], [0.007431, 195.40356133], [0.008594, 165.52632659]]",13,quantum,1,
precond_pen=0.400,28,-9.842117730729989,165.5263265870391,0.4,2,0.21475005149841309,0.00922703742980957,0.0,0010110101001111101001010001,--+-++-+-+--+++++-+--+-+---+,0,True,"[[0.000151, 199.60134542], [0.007833, 192.4909384], [0.008208, 190.56281956], [0.008585, 183.02125481], [0.009227, 165.52632659]]",13,quantum,1,
precond_pen=0.500,28,-5.997282245702998,165.5263265870391,0.5,2,0.305042028427124,0.03392291069030762,0.0,0010110101001111101001010001,--+-++-+-+--+++++-+--+-+---+,0,True,"[[0.000127, 199.60134542], [0.007575, 185.95522444], [0.008904, 166.15942422], [0.033923, 165.52632659]]",13,quantum,1,
precond_pen=0.700,28,-3.1731269150400028,165.5263265870391,0.7,2,0.9424309730529785,0.008633136749267578,0.0,0010110101001111101001010001,--+-++-+-+--+++++-+--+-+---+,0,True,"[[0.000129, 199.60134542], [0.007942, 192.65331028], [0.008633, 165.52632659]]",13,quantum,1,
precond_pen=0.800,28,-2.621227064655006,165.5263265870391,0.8,2,1.2974860668182373,1.2967488765716553,0.0,1101001010110000010110101110,++-+--+-+-++-----+-++-+-+++-,0,True,"[[0.000133, 199.60134542], [0.008303, 189.39990962], [0.008841, 166.15942422], [1.029852, 165.52632659], [1.296749, 165.52632659]]",13,quantum,1,
precond_pen=1.000,28,-1.9987659733800047,165.5263265870391,1.0,2,1.448599100112915,0.008533954620361328,0.0,0010110101001111101001010001,--+-++-+-+--+++++-+--+-+---+,0,True,"[[0.000132, 199.60134542], [0.007928, 192.88030677], [0.008534, 165.52632659]]",13,quantum,1,
baseline,28,169.94244263236604,169.94244263236587,,2,4.21971583366394,0.11186885833740234,0.0,1111001101011100001001100100,++++--++-+-+++----+--++--+--,0,True,"[[0.000131, 191.56628962], [0.006184, 185.82713204], [0.007466, 173.2453035], [0.111869, 169.94244263]]",14,quantum,1,
precond_pen=0.200,28,-12.785679554465005,169.94244263236587,0.2,2,0.4643261432647705,0.009927988052368164,0.0,1111001101011100001001100100,++++--++-+-+++----+--++--+--,0,True,"[[0.000133, 191.56628962], [0.008611, 190.11616257], [0.009051, 190.88078118], [0.009928, 169.94244263]]",14,quantum,1,
precond_pen=0.300,28,-14.038740733081998,169.94244263236587,0.3,2,0.3349151611328125,0.03841900825500488,0.0,0000110010100011110110011011,----++--+-+---++++-++--++-++,0,True,"[[0.000128, 191.56628962], [0.007388, 190.67337827], [0.008034, 171.96315124], [0.038419, 169.94244263]]",14,quantum,1,
precond_pen=0.400,28,-8.004913768416007,169.94244263236587,0.4,2,0.36777281761169434,0.008569002151489258,0.0,0000110010100011110110011011,----++--+-+---++++-++--++-++,0,True,"[[0.000128, 191.56628962], [0.007083, 185.90976999], [0.007517, 186.57841408], [0.00792, 183.81685295], [0.008569, 169.94244263]]",14,quantum,1,
precond_pen=0.500,28,-4.86785736887,169.94244263236587,0.5,2,0.6392180919647217,0.03618502616882324,0.0,1111001101011100001001100100,++++--++-+-+++----+--++--+--,0,True,"[[0.000134, 191.56628962], [0.007974, 186.68663804], [0.008642, 171.00055416], [0.036185, 169.94244263]]",14,quantum,1,
precond_pen=0.700,28,-2.710674924305012,169.94244263236587,0.7,2,1.3525619506835938,0.03387784957885742,0.0,1111001101011100001001100100,++++--++-+-+++----+--++--+--,0,True,"[[0.000127, 191.56628962], [0.009009, 179.93279557], [0.009565, 171.00055416], [0.033878, 169.94244263]]",14,quantum,1,
precond_pen=0.800,28,-2.267078388153001,169.94244263236587,0.8,2,1.8711719512939453,1.8693280220031738,0.0,0000110010100011110110011011,----++--+-+---++++-++--++-++,0,True,"[[0.000133, 191.56628962], [0.007856, 179.93279557], [0.008193, 171.00055416], [1.717698, 169.94244263], [1.869328, 169.94244263]]",14,quantum,1,
precond_pen=1.000,28,-1.7577471332310068,169.94244263236587,1.0,2,2.2012031078338623,2.200369119644165,0.0,1111001101011100001001100100,++++--++-+-+++----+--++--+--,0,True,"[[0.000135, 191.56628962], [0.008246, 191.37709052], [0.008568, 172.86350726], [0.026323, 172.53781843], [1.271937, 171.08189267], [1.326479, 171.00055416], [1.719303, 170.96511551], [1.719433, 169.94244263], [2.200369, 169.94244263]]",14,quantum,1,
baseline,28,176.3499141776072,176.3499141776068,,2,3.7738711833953857,0.007253170013427734,0.0,0011011100010001011110011001,--++-+++---+---+-++++--++--+,0,True,"[[0.000131, 209.20319871], [0.006581, 206.79789695], [0.007253, 176.34991418]]",15,quantum,1,
precond_pen=0.200,28,-11.613966717769985,176.78884552522496,0.2,2,0.7051141262054443,0.5376579761505127,0.0,0011011100010001011110010101,--++-+++---+---+-++++--+-+-+,0,True,"[[0.000133, 209.20319871], [0.008567, 200.61462878], [0.009808, 177.38246031], [0.042188, 177.08421667], [0.49781, 176.5084702], [0.537658, 176.78884553]]",15,quantum,1,
precond_pen=0.300,28,-14.186199288086005,177.084216670759,0.3,2,0.2803809642791748,0.009423017501831055,0.0,1010011110011100100110010100,+-+--++++--+++--+--++--+-+--,0,True,"[[0.000162, 209.20319871], [0.007696, 199.04254283], [0.00845, 199.44676999], [0.009423, 177.08421667]]",15,quantum,1,
precond_pen=0.400,28,-8.059874578005003,177.084216670759,0.4,2,0.4537780284881592,0.45313596725463867,0.0,1010011110011100100110010100,+-+--++++--+++--+--++--+-+--,0,True,"[[0.000129, 209.20319871], [0.008985, 196.97718288], [0.009466, 176.5084702], [0.449702, 177.08421667], [0.453136, 177.08421667]]",15,quantum,1,
precond_pen=0.500,28,-4.837062097357009,177.084216670759,0.5,2,0.9041509628295898,0.903468132019043,0.0,1010011110011100100110010100,+-+--++++--+++--+--++--+-+--,0,True,"[[0.000128, 209.20319871], [0.007637, 191.32690948], [0.008459, 188.53468898], [0.008979, 177.38246031], [0.037435, 176.5084702], [0.899722, 177.08421667], [0.903468, 177.08421667]]",15,quantum,1,
precond_pen=0.700,28,-2.631105317270986,176.3499141776068,0.7,2,1.8104488849639893,0.008992910385131836,0.0,0011011100010001011110011001,--++-+++---+---+-++++--++--+,0,True,"[[0.000136, 209.20319871], [0.008429, 195.41950125], [0.008993, 176.34991418]]",15,quantum,1,
precond_pen=0.800,28,-2.195683353334994,176.3499141776068,0.8,2,2.450439929962158,2.4492359161376953,0.0,1100100011101110100001100110,++--+---+++-+++-+----++--++-,0,True,"[[0.000134, 209.20319871], [0.008738, 190.03222292], [0.009236, 178.51513035], [0.030223, 177.38246031], [1.19258, 177.15844829], [1.250565, 177.00320289], [1.250711, 176.34991418], [2.449236, 176.34991418]]",15,quantum,1,
precond_pen=1.000,28,-1.7006188827730035,176.3499141776068,1.0,2,2.3390281200408936,2.33772611618042,0.0,1100100011101110100001100110,++--+---+++-+++-+----++--++-,0,True,"[[0.000132, 209.20319871], [0.00809, 191.50326953], [0.008593, 177.38246031], [1.521852, 176.34991418], [2.337726, 176.34991418]]",15,quantum,1,
baseline,28,169.04097631270196,169.04097631270193,,2,3.0834829807281494,0.11134099960327148,0.0,0011011001001101000000111111,--++-++--+--++-+------++++++,0,True,"[[0.000132, 192.74573651], [0.006705, 192.69541669], [0.007237, 174.44206604], [0.111341, 169.04097631]]",16,quantum,1,
precond_pen=0.200,28,-12.247338393352003,169.04097631270193,0.2,2,0.5190320014953613,0.00982213020324707,0.0,1100100110110010111111000000,++--+--++-++--+-++++++------,0,True,"[[0.000131, 192.74573651], [0.008397, 191.4570935], [0.009059, 190.07874672], [0.009822, 169.04097631]]",16,quantum,1,
precond_pen=0.300,28,-14.017907258930004,169.04097631270193,0.3,2,0.19027400016784668,0.03684806823730469,0.0,0011011001001101000000111111,--++-++--+--++-+------++++++,0,True,"[[0.000148, 192.74573651], [0.008041, 182.24863166], [0.008602, 173.72462864], [0.036848, 169.04097631]]",16,quantum,1,
precond_pen=0.400,28,-8.190381453597999,169.04097631270193,0.4,2,0.2452681064605713,0.03505301475524902,0.0,0011011001001101000000111111,--++-++--+--++-+------++++++,0,True,"[[0.000128, 192.74573651], [0.007489, 192.69687867], [0.007833, 190.07874672], [0.008179, 185.6615719], [0.008676, 173.07976063], [0.035053, 169.04097631]]",16,quantum,1,
precond_pen=0.500,28,-5.090678109251003,169.04097631270193,0.5,2,0.5883641242980957,0.008651018142700195,0.0,1100100110110010111111000000,++--+--++-++--+-++++++------,0,True,"[[0.000126, 192.74573651], [0.008651, 169.04097631]]",16,quantum,1,
precond_pen=0.700,28,-2.8132669054220063,169.04097631270193,0.7,2,1.3362488746643066,0.010447978973388672,0.0,0011011001001101000000111111,--++-++--+--++-+------++++++,0,True,"[[0.000129, 192.74573651], [0.009564, 185.0083409], [0.010448, 169.04097631]]",16,quantum,1,
precond_pen=0.800,28,-2.3480311949700106,169.04097631270193,0.8,2,1.4735300540924072,0.028265953063964844,0.0,0011011001001101000000111111,--++-++--+--++-+------++++++,0,True,"[[0.000145, 192.74573651], [0.009597, 187.80603418], [0.010128, 173.07976063], [0.028266, 169.04097631]]",16,quantum,1,
precond_pen=1.000,28,-1.8149097168740038,169.04097631270193,1.0,2,1.5318560600280762,1.5310561656951904,0.0,0011011001001101000000111111,--++-++--+--++-+------++++++,0,True,"[[0.00013, 192.74573651], [0.008214, 188.89925125], [0.00875, 174.44206604], [1.240329, 173.52227718], [1.333043, 169.04097631], [1.531056, 169.04097631]]",16,quantum,1,
baseline,28,159.9183106165251,159.91831061652513,,2,1.981760025024414,0.007607936859130859,0.0,0011011000000111110101101010,--++-++------+++++-+-++-+-+-,0,True,"[[0.000142, 194.19487254], [0.006191, 191.76891475], [0.006753, 191.48255754], [0.007086, 189.71912232], [0.007608, 159.91831062]]",17,quantum,1,
precond_pen=0.200,28,-15.035936599520003,159.91831061652513,0.2,2,0.2839841842651367,0.010576963424682617,0.0,0011011000000111110101101010,--++-++------+++++-+-++-+-+-,0,True,"[[0.000129, 194.19487254], [0.008718, 183.92399274], [0.010577, 159.91831062]]",17,quantum,1,
precond_pen=0.300,28,-15.621333985949992,159.91831061652513,0.3,2,0.19111394882202148,0.007960081100463867,0.0,0011011000000111110101101010,--++-++------+++++-+-++-+-+-,0,True,"[[0.000125, 194.19487254], [0.00733, 188.81607836], [0.00796, 159.91831062]]",17,quantum,1,
precond_pen=0.400,28,-7.979642860202004,159.91831061652513,0.4,2,0.26341891288757324,0.008601903915405273,0.0,0011011000000111110101101010,--++-++------+++++-+-++-+-+-,0,True,"[[0.000129, 194.19487254], [0.007146, 192.20462809], [0.007592, 191.81378083], [0.007928, 185.01918697], [0.008602, 159.91831062]]",17,quantum,1,
precond_pen=0.500,28,-4.976323169081006,159.91831061652513,0.5,2,0.6644620895385742,0.008888006210327148,0.0,0011011000000111110101101010,--++-++------+++++-+-++-+-+-,0,True,"[[0.000129, 194.19487254], [0.007462, 177.72864368], [0.008888, 159.91831062]]",17,quantum,1,
precond_pen=0.700,28,-2.7914929768560093,159.91831061652513,0.7,2,1.179861068725586,0.009718894958496094,0.0,1100100111111000001010010101,++--+--++++++-----+-+--+-+-+,0,True,"[[0.000172, 194.19487254], [0.008261, 182.24202955], [0.009267, 181.93390414], [0.009719, 159.91831062]]",17,quantum,1,
precond_pen=0.800,28,-2.33772326110401,159.91831061652513,0.8,2,1.521920919418335,0.02948594093322754,0.0,0011011000000111110101101010,--++-++------+++++-+-++-+-+-,0,True,"[[0.000131, 194.19487254], [0.008026, 185.23554925], [0.008482, 163.39452385], [0.029486, 159.91831062]]",17,quantum,1,
precond_pen=1.000,28,-1.8132852038820033,159.91831061652513,1.0,2,1.497704029083252,0.026034116744995117,0.0,1100100111111000001010010101,++--+--++++++-----+-+--+-+-+,0,True,"[[0.00013, 194.19487254], [0.008077, 181.40936354], [0.008497, 163.39452385], [0.026034, 159.91831062]]",17,quantum,1,
baseline,28,169.5975957893471,169.59759578934697,,2,5.447731971740723,5.446726083755493,0.0,1110001010101011011101000010,+++---+-+-+-+-++-+++-+----+-,0,True,"[[0.000135, 202.67107212], [0.006581, 197.38261953], [0.00693, 197.29639939], [0.007851, 170.92622292], [4.553237, 169.59759579], [5.446726, 169.59759579]]",18,quantum,1,
precond_pen=0.200,28,-11.185992531400988,169.59759578934697,0.2,2,0.6924588680267334,0.046074867248535156,0.0,1110001010101011011101000010,+++---+-+-+-+-++-+++-+----+-,0,True,"[[0.000141, 202.67107212], [0.008649, 195.55491805], [0.010741, 172.32361928], [0.045227, 171.07082545], [0.046075, 169.59759579]]",18,quantum,1,
precond_pen=0.300,28,-12.655071259412995,169.59759578934697,0.3,2,0.42162394523620605,0.42100000381469727,0.0,1110001010101011011101000010,+++---+-+-+-+-++-+++-+----+-,0,True,"[[0.000134, 202.67107212], [0.007546, 203.79790306], [0.007931, 201.80579167], [0.008287, 198.17202286], [0.008975, 172.32361928], [0.420534, 169.59759579], [0.421, 169.59759579]]",18,quantum,1,
precond_pen=0.400,28,-7.528594864169001,169.59759578934697,0.4,2,0.504155158996582,0.5035281181335449,0.0,0001110101010100100010111101,---+++-+-+-+-+--+---+-++++-+,0,True,"[[0.000133, 202.67107212], [0.007904, 193.39487977], [0.009387, 171.07082545], [0.500538, 169.59759579], [0.503528, 169.59759579]]",18,quantum,1,
precond_pen=0.500,28,-4.699246782161003,169.59759578934697,0.5,2,0.967818021774292,0.9671580791473389,0.0,1110001010101011011101000010,+++---+-+-+-+-++-+++-+----+-,0,True,"[[0.000129, 202.67107212], [0.007603, 184.44014847], [0.008449, 183.50477776], [0.008971, 171.07082545], [0.918368, 169.59759579], [0.967158, 169.59759579]]",18,quantum,1,
precond_pen=0.700,28,-2.639164828824999,169.59759578934697,0.7,2,1.7021729946136475,1.7013130187988281,0.0,0001110101010100100010111101,---+++-+-+-+-+--+---+-++++-+,0,True,"[[0.000143, 202.67107212], [0.007588, 189.34049499], [0.008168, 171.96290829], [0.965544, 171.29364472], [1.023589, 171.07082545], [1.431058, 169.59759579], [1.701313, 169.59759579]]",18,quantum,1,
precond_pen=0.800,28,-2.212361109746002,169.59759578934697,0.8,2,2.145310163497925,2.14383602142334,0.0,1110001010101011011101000010,+++---+-+-+-+-++-+++-+----+-,0,True,"[[0.000199, 202.67107212], [0.00849, 197.23214777], [0.008907, 173.57845893], [1.095422, 169.59759579], [2.143836, 169.59759579]]",18,quantum,1,
precond_pen=1.000,28,-1.7208925862820053,169.59759578934697,1.0,2,2.5764060020446777,2.4431581497192383,0.0,1110001010101011011101000010,+++---+-+-+-+-++-+++-+----+-,0,True,"[[0.000134, 202.67107212], [0.008634, 191.07814626], [0.009136, 173.57845893], [0.027128, 172.32361928], [1.281422, 171.96290829], [1.314412, 171.29364472], [1.748259, 171.03338203], [1.955802, 170.92622292], [2.443158, 169.59759579]]",18,quantum,1,
baseline,28,165.5554849501289,165.55548495012914,,2,3.4916141033172607,0.009075164794921875,0.0,1100000111111110001100001010,++-----++++++++---++----+-+-,0,True,"[[0.000144, 198.55570163], [0.006782, 195.13910364], [0.008035, 194.32478757], [0.009075, 165.55548495]]",19,quantum,1,
precond_pen=0.200,28,-14.155255512577973,165.55548495012914,0.2,2,0.33998990058898926,0.008996009826660156,0.0,1100000111111110001100001010,++-----++++++++---++----+-+-,0,True,"[[0.000136, 198.55570163], [0.007655, 198.65472186], [0.00811, 197.2063597], [0.008996, 165.55548495]]",19,quantum,1,
precond_pen=0.300,28,-15.454988616514004,165.55548495012914,0.3,2,0.36145615577697754,0.009353160858154297,0.0,1100000111111110001100001010,++-----++++++++---++----+-+-,0,True,"[[0.00014, 198.55570163], [0.007995, 193.11415245], [0.009353, 165.55548495]]",19,quantum,1,
precond_pen=0.400,28,-8.55417586542302,165.55548495012914,0.4,2,0.4224269390106201,0.009874105453491211,0.0,0011111000000001110011110101,--+++++--------+++--++++-+-+,0,True,"[[0.000127, 198.55570163], [0.008302, 193.38296629], [0.009392, 191.94321756], [0.009874, 165.55548495]]",19,quantum,1,
precond_pen=0.500,28,-5.163297216016003,165.55548495012914,0.5,2,0.6734240055084229,0.00840616226196289,0.0,1100000111111110001100001010,++-----++++++++---++----+-+-,0,True,"[[0.000129, 198.55570163], [0.007798, 193.79559974], [0.008406, 165.55548495]]",19,quantum,1,
precond_pen=0.700,28,-2.8581471481880047,165.55548495012914,0.7,2,1.303035020828247,0.009402990341186523,0.0,1100000111111110001100001010,++-----++++++++---++----+-+-,0,True,"[[0.000131, 198.55570163], [0.008833, 197.62420099], [0.009403, 165.55548495]]",19,quantum,1,
precond_pen=0.800,28,-2.3855214622280005,165.55548495012914,0.8,2,1.5703809261322021,0.0285189151763916,0.0,0011111000000001110011110101,--+++++--------+++--++++-+-+,0,True,"[[0.000158, 198.55570163], [0.008395, 195.55920137], [0.008811, 170.14023041], [0.026532, 168.76525358], [0.028519, 165.55548495]]",19,quantum,1,
precond_pen=1.000,28,-1.84281423075001,165.55548495012914,1.0,2,1.7676620483398438,1.3756000995635986,0.0,1100000111111110001100001010,++-----++++++++---++----+-+-,0,True,"[[0.000133, 198.55570163], [0.008232, 187.1679247], [0.008633, 168.26630991], [1.332107, 167.58014043], [1.3756, 165.55548495]]",19,quantum,1,
baseline,28,163.97192166516905,163.97192166516888,,2,4.136996030807495,0.0076160430908203125,0.0,1110000001111110011000010110,+++------++++++--++----+-++-,0,True,"[[0.000133, 204.37596661], [0.006136, 199.85884294], [0.006903, 197.49784683], [0.007616, 163.97192167]]",20,quantum,1,
precond_pen=0.200,28,-12.163896052468008,164.1360755810248,0.2,2,0.5329229831695557,0.010347843170166016,0.0,1110100000111110011000010110,+++-+-----+++++--++----+-++-,0,True,"[[0.000142, 204.37596661], [0.007932, 193.95583072], [0.009208, 191.89206209], [0.010348, 164.13607558]]",20,quantum,1,
precond_pen=0.300,28,-13.140767254374996,164.1360755810248,0.3,2,0.42500901222229004,0.009022951126098633,0.0,0001011111000001100111101001,---+-+++++-----++--++++-+--+,0,True,"[[0.000128, 204.37596661], [0.007559, 173.44167068], [0.009023, 164.13607558]]",20,quantum,1,
precond_pen=0.400,28,-7.273925249173004,163.97192166516888,0.4,2,0.7105309963226318,0.009172916412353516,0.0,0001111110000001100111101001,---++++++------++--++++-+--+,0,True,"[[0.000129, 204.37596661], [0.007532, 180.95816166], [0.009173, 163.97192167]]",20,quantum,1,
precond_pen=0.500,28,-4.507454702397002,163.97192166516888,0.5,2,0.9275360107421875,0.9268288612365723,0.0,0001111110000001100111101001,---++++++------++--++++-+--+,0,True,"[[0.000143, 204.37596661], [0.007895, 192.45946988], [0.008476, 189.93456004], [0.008827, 184.2018163], [0.009315, 167.16922662], [0.037376, 167.34332217], [0.836134, 164.27915045], [0.898789, 163.97192167], [0.926829, 163.97192167]]",20,quantum,1,
precond_pen=0.700,28,-2.567958559160994,163.97192166516888,0.7,2,1.9991378784179688,1.9981799125671387,0.0,0001111110000001100111101001,---++++++------++--++++-+--+,0,True,"[[0.000129, 204.37596661], [0.008001, 179.42047789], [0.009532, 164.27915045], [0.975508, 164.23795318], [1.493407, 163.97192167], [1.99818, 163.97192167]]",20,quantum,1,
precond_pen=0.800,28,-2.1606632982380063,163.97192166516888,0.8,2,3.2232420444488525,2.9935641288757324,0.0,1110000001111110011000010110,+++------++++++--++----+-++-,0,True,"[[0.000134, 204.37596661], [0.008317, 194.19103916], [0.00873, 167.34332217], [1.233406, 167.25548547], [1.233569, 166.76073796], [1.399123, 166.64861169], [1.50451, 164.27915045], [2.87038, 164.23795318], [2.870568, 164.13607558], [2.993564, 163.97192167]]",20,quantum,1,
precond_pen=1.000,28,-1.6881904030730066,163.97192166516888,1.0,2,2.7011008262634277,2.018296957015991,0.0,0001111110000001100111101001,---++++++------++--++++-+--+,0,True,"[[0.00013, 204.37596661], [0.007773, 186.72838912], [0.008274, 165.28569908], [1.380488, 164.47494584], [1.531308, 164.23795318], [1.984304, 164.13607558], [2.018297, 163.97192167]]",20,quantum,1,
baseline,28,164.89426128460187,164.89426128460173,,2,2.6717350482940674,0.11051678657531738,0.0,0101000111100110011011000110,-+-+---++++--++--++-++---++-,0,True,"[[0.000136, 191.00193356], [0.007313, 167.45144223], [0.110517, 164.89426128]]",21,quantum,1,
precond_pen=0.200,28,-13.53813681778098,165.02310616348382,0.2,2,0.3493380546569824,0.04064011573791504,0.0,0101000011100110011011100110,-+-+----+++--++--++-+++--++-,0,True,"[[0.000137, 191.00193356], [0.007869, 188.62549034], [0.009146, 165.82236993], [0.04064, 165.02310616]]",21,quantum,1,
precond_pen=0.300,28,-14.548845959839003,165.02310616348382,0.3,2,0.24254083633422852,0.008414030075073242,0.0,1010111100011001100100011001,+-+-++++---++--++--+---++--+,0,True,"[[0.000126, 191.00193356], [0.00714, 182.82594353], [0.008414, 165.02310616]]",21,quantum,1,
precond_pen=0.400,28,-8.08463607938199,165.02310616348382,0.4,2,0.43332695960998535,0.42690300941467285,0.0,0101000011100110011011100110,-+-+----+++--++--++-+++--++-,0,True,"[[0.00013, 191.00193356], [0.007402, 188.13680345], [0.00834, 187.01555388], [0.00903, 166.01730578], [0.418207, 165.2751592], [0.426903, 165.02310616]]",21,quantum,1,
precond_pen=0.500,28,-5.077768686750998,165.02310616348382,0.5,2,0.8040828704833984,0.00966787338256836,0.0,1010111100011001100100011001,+-+-++++---++--++--+---++--+,0,True,"[[0.000129, 191.00193356], [0.008326, 183.97733226], [0.009668, 165.02310616]]",21,quantum,1,
precond_pen=0.700,28,-2.78244304429602,165.02310616348382,0.7,2,1.3237888813018799,0.008466005325317383,0.0,0101000011100110011011100110,-+-+----+++--++--++-+++--++-,0,True,"[[0.000178, 191.00193356], [0.007909, 183.84917818], [0.008466, 165.02310616]]",21,quantum,1,
precond_pen=0.800,28,-2.319753959891994,165.02310616348382,0.8,2,1.8304738998413086,0.008769989013671875,0.0,1010111100011001100100011001,+-+-++++---++--++--+---++--+,0,True,"[[0.000131, 191.00193356], [0.008282, 188.62534233], [0.00877, 165.02310616]]",21,quantum,1,
precond_pen=1.000,28,-1.792050987777003,165.02310616348382,1.0,2,1.9494900703430176,1.9479601383209229,0.0,0101000011100110011011100110,-+-+----+++--++--++-+++--++-,0,True,"[[0.000136, 191.00193356], [0.008807, 165.82236993], [1.291077, 165.4854819], [1.366944, 165.02310616], [1.94796, 165.02310616]]",21,quantum,1,
baseline,28,164.29344316580202,164.29344316580205,,2,3.978177070617676,0.0074520111083984375,0.0,1101100111110001000010100101,++-++--+++++---+----+-+--+-+,0,True,"[[0.000135, 190.42904559], [0.006103, 186.81623225], [0.006853, 186.52636952], [0.007452, 164.29344317]]",22,quantum,1,
precond_pen=0.200,28,-12.047341359780983,164.66565321971188,0.2,2,0.43433284759521484,0.4336519241333008,0.0,1001100111111001100010100100,+--++--++++++--++---+-+--+--,0,True,"[[0.000135, 190.42904559], [0.008021, 189.50183865], [0.00873, 186.52636952], [0.009191, 185.75200677], [0.009926, 164.29344317], [0.390685, 164.66565322], [0.433652, 164.66565322]]",22,quantum,1,
precond_pen=0.300,28,-13.035021351909002,164.66565321971188,0.3,2,0.3264129161834717,0.32581281661987305,0.0,0110011000000110011101011011,-++--++------++--+++-+-++-++,0,True,"[[0.000131, 190.42904559], [0.007381, 186.48491611], [0.007761, 186.53015912], [0.008167, 183.77594261], [0.00876, 164.29344317], [0.325275, 164.66565322], [0.325813, 164.66565322]]",22,quantum,1,
precond_pen=0.400,28,-7.209013937266008,164.29344316580205,0.4,2,0.472822904586792,0.03570985794067383,0.0,0010011000001110111101011010,--+--++-----+++-++++-+-++-+-,0,True,"[[0.00013, 190.42904559], [0.007502, 180.36847642], [0.007956, 179.6417527], [0.008828, 165.76021892], [0.03571, 164.29344317]]",22,quantum,1,
precond_pen=0.500,28,-4.582725961925993,164.29344316580205,0.5,2,0.6966559886932373,0.6959130764007568,0.0,1101100111110001000010100101,++-++--+++++---+----+-+--+-+,0,True,"[[0.000142, 190.42904559], [0.007918, 189.21376534], [0.00829, 186.52636952], [0.008693, 183.31963274], [0.009289, 164.76061536], [0.636968, 164.29344317], [0.695913, 164.29344317]]",22,quantum,1,
precond_pen=0.700,28,-2.576992537385008,164.29344316580205,0.7,2,1.7734041213989258,0.03022909164428711,0.0,1101100111110001000010100101,++-++--+++++---+----+-+--+-+,0,True,"[[0.000148, 190.42904559], [0.008647, 186.74138322], [0.009205, 164.76061536], [0.030229, 164.29344317]]",22,quantum,1,
precond_pen=0.800,28,-2.162600682835988,164.29344316580205,0.8,2,2.5969319343566895,2.595720052719116,0.0,1101100111110001000010100101,++-++--+++++---+----+-+--+-+,0,True,"[[0.000137, 190.42904559], [0.008169, 186.82911528], [0.008702, 164.76061536], [1.292852, 164.66565322], [2.477444, 164.29344317], [2.59572, 164.29344317]]",22,quantum,1,
precond_pen=1.000,28,-1.6853466082050108,164.29344316580205,1.0,2,2.2158820629119873,2.214912176132202,0.0,0010011000001110111101011010,--+--++-----+++-++++-+-++-+-,0,True,"[[0.000132, 190.42904559], [0.00783, 188.60225105], [0.008318, 164.76061536], [0.026054, 164.66565322], [1.377293, 164.29344317], [2.214912, 164.29344317]]",22,quantum,1,
baseline,28,173.86364117281119,173.863641172811,,2,2.330786943435669,0.11144399642944336,0.0,0010100010111110110111100000,--+-+---+-+++++-++-++++-----,0,True,"[[0.000132, 200.46559804], [0.00752, 175.26224143], [0.111444, 173.86364117]]",23,quantum,1,
precond_pen=0.200,28,-16.444999703642008,173.863641172811,0.2,2,0.42652106285095215,0.42577505111694336,0.0,0010100010111110110111100000,--+-+---+-+++++-++-++++-----,0,True,"[[0.000131, 200.46559804], [0.007626, 199.8495281], [0.008286, 198.26459476], [0.008998, 175.26224143], [0.417144, 173.86364117], [0.425775, 173.86364117]]",23,quantum,1,
precond_pen=0.300,28,-19.868616590462004,173.863641172811,0.3,2,0.16208600997924805,0.03865194320678711,0.0,0010100010111110110111100000,--+-+---+-+++++-++-++++-----,0,True,"[[0.000134, 200.46559804], [0.007599, 200.75833431], [0.008058, 175.26224143], [0.038652, 173.86364117]]",23,quantum,1,
precond_pen=0.400,28,-11.294119467173003,173.863641172811,0.4,2,0.19641590118408203,0.19582486152648926,0.0,1101011101000001001000011111,++-+-+++-+-----+--+----+++++,0,True,"[[0.000127, 200.46559804], [0.007691, 199.13558114], [0.008526, 196.6580961], [0.008874, 195.5714897], [0.009482, 175.09394598], [0.038599, 175.26224143], [0.178707, 173.86364117], [0.195825, 173.86364117]]",23,quantum,1,
precond_pen=0.500,28,-6.331428429365992,173.863641172811,0.5,2,0.2328791618347168,0.23229312896728516,0.0,1101011101000001001000011111,++-+-+++-+-----+--+----+++++,0,True,"[[0.000128, 200.46559804], [0.007838, 195.06190982], [0.008451, 175.26224143], [0.230697, 173.86364117], [0.232293, 173.86364117]]",23,quantum,1,
precond_pen=0.700,28,-3.317518129366009,173.863641172811,0.7,2,0.8394649028778076,0.8388140201568604,0.0,0010100010111110110111100000,--+-+---+-+++++-++-++++-----,0,True,"[[0.000154, 200.46559804], [0.007661, 199.45669687], [0.008037, 198.66586773], [0.008385, 198.36508653], [0.008812, 175.26224143], [0.823919, 173.86364117], [0.838814, 173.86364117]]",23,quantum,1,
precond_pen=0.800,28,-2.7329998699959877,173.863641172811,0.8,2,1.0829799175262451,1.0822288990020752,0.0,1101011101000001001000011111,++-+-+++-+-----+--+----+++++,0,True,"[[0.000128, 200.46559804], [0.008244, 197.04581657], [0.008741, 175.26224143], [0.582485, 173.86364117], [1.082229, 173.86364117]]",23,quantum,1,
precond_pen=1.000,28,-2.075829353838996,173.863641172811,1.0,2,1.1849398612976074,0.008404016494750977,0.0,0010100010111110110111100000,--+-+---+-+++++-++-++++-----,0,True,"[[0.000131, 200.46559804], [0.0078, 197.31254307], [0.008404, 173.86364117]]",23,quantum,1,
baseline,28,161.80027797471996,161.8002779747203,,2,2.6679959297180176,0.7234539985656738,0.0,1010001000111001110010010111,+-+---+---+++--+++--+--+-+++,0,True,"[[0.000181, 192.24887735], [0.006155, 189.1187026], [0.00683, 186.43982918], [0.007468, 165.24783739], [0.368852, 164.87423851], [0.39424, 164.40238151], [0.723454, 161.80027797]]",24,quantum,1,
precond_pen=0.200,28,-15.248146100613006,161.8002779747203,0.2,2,0.323746919631958,0.009537935256958008,0.0,0101110111000110001101101000,-+-+++-+++---++---++-++-+---,0,True,"[[0.000128, 192.24887735], [0.00752, 187.11472981], [0.008639, 182.68108867], [0.009538, 161.80027797]]",24,quantum,1,
precond_pen=0.300,28,-16.059606937479995,161.8002779747203,0.3,2,0.192518949508667,0.008280038833618164,0.0,0101110111000110001101101000,-+-+++-+++---++---++-++-+---,0,True,"[[0.000127, 192.24887735], [0.007658, 187.77073695], [0.00828, 161.80027797]]",24,quantum,1,
precond_pen=0.400,28,-8.67468647653601,161.8002779747203,0.4,2,0.2570528984069824,0.03717494010925293,0.0,0101110111000110001101101000,-+-+++-+++---++---++-++-+---,0,True,"[[0.000132, 192.24887735], [0.007657, 185.92070947], [0.008309, 182.68108867], [0.008651, 184.34185475], [0.009172, 169.36247494], [0.037175, 161.80027797]]",24,quantum,1,
precond_pen=0.500,28,-5.239150971455999,161.8002779747203,0.5,2,0.3720510005950928,0.03471994400024414,0.0,1010001000111001110010010111,+-+---+---+++--+++--+--+-+++,0,True,"[[0.00013, 192.24887735], [0.008425, 180.31700313], [0.009619, 165.24783739], [0.03472, 161.80027797]]",24,quantum,1,
precond_pen=0.700,28,-2.941299569968997,161.8002779747203,0.7,2,0.926671028137207,0.008889198303222656,0.0,1010001000111001110010010111,+-+---+---+++--+++--+--+-+++,0,True,"[[0.000129, 192.24887735], [0.008511, 182.65651721], [0.008889, 161.80027797]]",24,quantum,1,
precond_pen=0.800,28,-2.4610483503720015,161.8002779747203,0.8,2,1.3850328922271729,0.00910186767578125,0.0,1010001000111001110010010111,+-+---+---+++--+++--+--+-+++,0,True,"[[0.000129, 192.24887735], [0.008716, 182.3127054], [0.009102, 161.80027797]]",24,quantum,1,
precond_pen=1.000,28,-1.904131479695005,161.8002779747203,1.0,2,1.3158998489379883,0.008369922637939453,0.0,1010001000111001110010010111,+-+---+---+++--+++--+--+-+++,0,True,"[[0.000131, 192.24887735], [0.007961, 190.41697201], [0.00837, 161.80027797]]",24,quantum,1,
baseline,28,174.06175570802083,174.06175570802083,,2,2.4497179985046387,0.009650945663452148,0.0,1101000010011110101001010110,++-+----+--++++-+-+--+-+-++-,0,True,"[[0.000141, 208.94677369], [0.00826, 205.97684233], [0.008674, 205.7188984], [0.009011, 199.72982034], [0.009651, 174.06175571]]",25,quantum,1,
precond_pen=0.200,28,-13.231098578868,174.06175570802083,0.2,2,0.6410369873046875,0.008771896362304688,0.0,1101000010011110101001010110,++-+----+--++++-+-+--+-+-++-,0,True,"[[0.000133, 208.94677369], [0.007011, 203.35389854], [0.008029, 202.23961145], [0.008772, 174.06175571]]",25,quantum,1,
precond_pen=0.300,28,-15.509261821581003,174.06175570802083,0.3,2,0.17463397979736328,0.008921146392822266,0.0,1101000010011110101001010110,++-+----+--++++-+-+--+-+-++-,0,True,"[[0.00013, 208.94677369], [0.007358, 194.63329925], [0.008921, 174.06175571]]",25,quantum,1,
precond_pen=0.400,28,-9.073204414415017,174.06175570802083,0.4,2,0.23721694946289062,0.037509918212890625,0.0,1101000010011110101001010110,++-+----+--++++-+-+--+-+-++-,0,True,"[[0.000127, 208.94677369], [0.007735, 201.07569045], [0.009226, 191.71925147], [0.010157, 176.7221321], [0.03751, 174.06175571]]",25,quantum,1,
precond_pen=0.500,28,-5.163399751431998,174.06175570802083,0.5,2,0.6858370304107666,0.00993800163269043,0.0,1101000010011110101001010110,++-+----+--++++-+-+--+-+-++-,0,True,"[[0.000128, 208.94677369], [0.007628, 202.90303614], [0.008391, 202.53155427], [0.009938, 174.06175571]]",25,quantum,1,
precond_pen=0.700,28,-2.859163469770005,174.06175570802083,0.7,2,1.2785968780517578,0.009037971496582031,0.0,1101000010011110101001010110,++-+----+--++++-+-+--+-+-++-,0,True,"[[0.000132, 208.94677369], [0.008448, 204.60748225], [0.009038, 174.06175571]]",25,quantum,1,
precond_pen=0.800,28,-2.3868957713140073,174.06175570802083,0.8,2,1.6730670928955078,1.0015850067138672,0.0,1101000010011110101001010110,++-+----+--++++-+-+--+-+-++-,0,True,"[[0.000136, 208.94677369], [0.008458, 196.3109236], [0.009061, 176.60816176], [1.001585, 174.06175571]]",25,quantum,1,
precond_pen=1.000,28,-1.8444324611680027,174.06175570802083,1.0,2,1.930176019668579,1.6091718673706055,0.0,0010111101100001010110101001,--+-++++-++----+-+-++-+-+--+,0,True,"[[0.000131, 208.94677369], [0.007812, 201.06842072], [0.008252, 176.7221321], [1.421673, 176.72825815], [1.609172, 174.06175571]]",25,quantum,1,
baseline,28,176.07267351005612,176.0726735100558,,2,3.952378988265991,0.007781028747558594,0.0,0010110110101101011100010010,--+-++-++-+-++-+-+++---+--+-,0,True,"[[0.000132, 198.22858224], [0.006328, 194.16862247], [0.007099, 194.05240314], [0.007781, 176.07267351]]",26,quantum,1,
precond_pen=0.200,28,-11.340320170776998,177.66415049873186,0.2,2,1.1899559497833252,1.1890208721160889,0.0,0011110110010101110110100000,--++++-++--+-+-+++-++-+-----,0,True,"[[0.000134, 198.22858224], [0.007516, 198.31594546], [0.008432, 196.53643935], [0.008876, 196.33734152], [0.009629, 176.07267351], [0.826767, 177.6641505], [1.189021, 177.6641505]]",26,quantum,1,
precond_pen=0.300,28,-13.721534683134001,176.0726735100558,0.3,2,0.38510608673095703,0.38446497917175293,0.0,1101001001010010100011101101,++-+--+--+-+--+-+---+++-++-+,0,True,"[[0.00013, 198.22858224], [0.007326, 188.92863897], [0.008715, 178.08412037], [0.035486, 177.31285655], [0.035638, 177.92856051], [0.365295, 177.6641505], [0.383938, 176.07267351], [0.384465, 176.07267351]]",26,quantum,1,
precond_pen=0.400,28,-8.270064511718003,176.0726735100558,0.4,2,0.5072128772735596,0.03688693046569824,0.0,0010110110101101011100010010,--+-++-++-+-++-+-+++---+--+-,0,True,"[[0.000129, 198.22858224], [0.007306, 196.66751477], [0.007924, 194.05240314], [0.008721, 177.92856051], [0.036887, 176.07267351]]",26,quantum,1,
precond_pen=0.500,28,-5.041648207588011,176.0726735100558,0.5,2,0.6435840129852295,0.03584694862365723,0.0,1101001001010010100011101101,++-+--+--+-+--+-+---+++-++-+,0,True,"[[0.00013, 198.22858224], [0.008683, 197.92772234], [0.009161, 196.53643935], [0.009508, 192.80377216], [0.010019, 178.08412037], [0.035847, 176.07267351]]",26,quantum,1,
precond_pen=0.700,28,-2.740726232140984,176.0726735100558,0.7,2,1.5117239952087402,1.5109031200408936,0.0,1101001001010010100011101101,++-+--+--+-+--+-+---+++-++-+,0,True,"[[0.000133, 198.22858224], [0.00795, 194.38176261], [0.008423, 177.95736971], [0.032063, 177.31285655], [1.21925, 176.07267351], [1.510903, 176.07267351]]",26,quantum,1,
precond_pen=0.800,28,-2.2810624907499903,176.0726735100558,0.8,2,1.999100923538208,0.027029991149902344,0.0,0010110110101101011100010010,--+-++-++-+-++-+-+++---+--+-,0,True,"[[0.000135, 198.22858224], [0.008195, 197.33005635], [0.008605, 178.08412037], [0.02703, 176.07267351]]",26,quantum,1,
precond_pen=1.000,28,-1.759866514099004,176.0726735100558,1.0,2,2.0012409687042236,0.024960994720458984,0.0,0010110110101101011100010010,--+-++-++-+-++-+-+++---+--+-,0,True,"[[0.000133, 198.22858224], [0.008156, 196.89311629], [0.008556, 178.08412037], [0.024961, 176.07267351]]",26,quantum,1,
baseline,28,177.85045641016814,177.85045641016782,,2,3.875910997390747,0.008291006088256836,0.0,1110111100001010100101100001,+++-++++----+-+-+--+-++----+,0,True,"[[0.000143, 207.72741462], [0.006961, 205.0891845], [0.007471, 200.43544511], [0.008291, 177.85045641]]",27,quantum,1,
precond_pen=0.200,28,-13.087526459707018,177.89053851007006,0.2,2,0.50034499168396,0.010657072067260742,0.0,0111111101010100001011010000,-+++++++-+-+-+----+-++-+----,0,True,"[[0.00013, 207.72741462], [0.008938, 200.01962224], [0.009936, 196.63205121], [0.010657, 177.89053851]]",27,quantum,1,
precond_pen=0.300,28,-16.456422895402,177.89053851007006,0.3,2,0.2455458641052246,0.010736942291259766,0.0,1000000010101011110100101111,+-------+-+-+-++++-+--+-++++,0,True,"[[0.000129, 207.72741462], [0.007659, 192.85130769], [0.009811, 189.53921701], [0.010737, 177.89053851]]",27,quantum,1,
precond_pen=0.400,28,-9.995882744811007,177.89053851007006,0.4,2,0.2729618549346924,0.008853912353515625,0.0,1000000010101011110100101111,+-------+-+-+-++++-+--+-++++,0,True,"[[0.000143, 207.72741462], [0.008022, 198.42169262], [0.008854, 177.89053851]]",27,quantum,1,
precond_pen=0.500,28,-5.844461620899999,177.89053851007006,0.5,2,0.3309361934661865,0.33028697967529297,0.0,0111111101010100001011010000,-+++++++-+-+-+----+-++-+----,0,True,"[[0.00013, 207.72741462], [0.007784, 199.13418861], [0.008344, 180.46894583], [0.038282, 177.85045641], [0.329164, 177.89053851], [0.330287, 177.89053851]]",27,quantum,1,
precond_pen=0.700,28,-3.051416313622987,177.89053851007006,0.7,2,1.090287208557129,0.03140401840209961,0.0,1000000010101011110100101111,+-------+-+-+-++++-+--+-++++,0,True,"[[0.000143, 207.72741462], [0.008728, 198.16800257], [0.009341, 196.06195024], [0.010171, 180.46894583], [0.031404, 177.89053851]]",27,quantum,1,
precond_pen=0.800,28,-2.5154452651709995,177.89053851007006,0.8,2,1.378129005432129,1.3773720264434814,0.0,1000000010101011110100101111,+-------+-+-+-++++-+--+-++++,0,True,"[[0.000134, 207.72741462], [0.008376, 200.38135014], [0.0089, 177.85045641], [1.185577, 177.89053851], [1.377372, 177.89053851]]",27,quantum,1,
precond_pen=1.000,28,-1.9164742457189874,177.89053851007006,1.0,2,1.4735281467437744,0.026910066604614258,0.0,1000000010101011110100101111,+-------+-+-+-++++-+--+-++++,0,True,"[[0.000129, 207.72741462], [0.009031, 202.51555032], [0.00948, 183.87589459], [0.02691, 177.89053851]]",27,quantum,1,
baseline,28,187.1371085874458,187.13710858744588,,2,3.54465913772583,0.007920980453491211,0.0,1011010101101111000100010001,+-++-+-+-++-++++---+---+---+,0,True,"[[0.000136, 207.32000238], [0.007921, 187.13710859]]",28,quantum,1,
precond_pen=0.200,28,-11.57120209663897,187.23229070328824,0.2,2,1.097728967666626,0.010938882827758789,0.0,0111001000010110010010101111,-+++--+----+-++--+--+-+-++++,0,True,"[[0.000133, 207.32000238], [0.009459, 207.79893941], [0.010939, 187.2322907]]",28,quantum,1,
precond_pen=0.300,28,-15.352504020418998,187.23229070328824,0.3,2,0.42816996574401855,0.008247852325439453,0.0,1000110111101001101101010000,+---++-++++-+--++-++-+-+----,0,True,"[[0.000132, 207.32000238], [0.008248, 187.2322907]]",28,quantum,1,
precond_pen=0.400,28,-10.314680260740001,187.23229070328824,0.4,2,0.4377098083496094,0.03718686103820801,0.0,0111001000010110010010101111,-+++--+----+-++--+--+-+-++++,0,True,"[[0.000131, 207.32000238], [0.007629, 204.71665016], [0.008652, 204.0878938], [0.009434, 187.38129056], [0.037187, 187.2322907]]",28,quantum,1,
precond_pen=0.500,28,-5.955359977062997,187.23229070328824,0.5,2,0.4554729461669922,0.45485901832580566,0.0,0111001000010110010010101111,-+++--+----+-++--+--+-+-++++,0,True,"[[0.00013, 207.32000238], [0.007747, 204.95914317], [0.008552, 187.13710859], [0.45233, 187.2322907], [0.454859, 187.2322907]]",28,quantum,1,
precond_pen=0.700,28,-3.0769130511129923,187.23229070328824,0.7,2,0.9917991161346436,0.9910409450531006,0.0,0111001000010110010010101111,-+++--+----+-++--+--+-+-++++,0,True,"[[0.000139, 207.32000238], [0.008739, 206.6900268], [0.009604, 204.40972257], [0.010455, 187.13710859], [0.910441, 187.2322907], [0.991041, 187.2322907]]",28,quantum,1,
precond_pen=0.800,28,-2.528259384181002,187.23229070328824,0.8,2,1.405155897140503,1.4035670757293701,0.0,0111001000010110010010101111,-+++--+----+-++--+--+-+-++++,0,True,"[[0.000152, 207.32000238], [0.009189, 187.13710859], [1.181259, 187.2322907], [1.403567, 187.2322907]]",28,quantum,1,
precond_pen=1.000,28,-1.9200434759659917,187.13710858744588,1.0,2,1.4592781066894531,0.008970022201538086,0.0,0100101010010000111011101110,-+--+-+-+--+----+++-+++-+++-,0,True,"[[0.000214, 207.32000238], [0.008309, 201.18133115], [0.00897, 187.13710859]]",28,quantum,1,
baseline,28,168.62712226700597,168.6271222670061,,2,2.5667238235473633,2.5657358169555664,0.0,0110110111100010010100001101,-++-++-++++---+--+-+----++-+,0,True,"[[0.000143, 195.46678777], [0.006693, 191.11330259], [0.00795, 190.61231636], [0.009118, 173.13634896], [0.112361, 169.93819375], [0.11251, 169.72603227], [0.393331, 169.60871974], [0.687178, 168.62712227], [2.565736, 168.62712227]]",29,quantum,1,
precond_pen=0.200,28,-11.63891041875999,168.6271222670061,0.2,2,0.4989609718322754,0.010283946990966797,0.0,0110110111100010010100001101,-++-++-++++---+--+-+----++-+,0,True,"[[0.000133, 195.46678777], [0.008415, 191.9892587], [0.009097, 191.33879658], [0.010284, 168.62712227]]",29,quantum,1,
precond_pen=0.300,28,-12.795418235807,169.72603227455994,0.3,2,0.3332991600036621,0.03463006019592285,0.0,1001100010011111000011010101,+--++---+--+++++----++-+-+-+,0,True,"[[0.000142, 195.46678777], [0.007573, 187.74374962], [0.00889, 168.62712227], [0.03463, 169.72603227]]",29,quantum,1,
precond_pen=0.400,28,-7.140053516960997,168.6271222670061,0.4,2,0.4867691993713379,0.48615407943725586,0.0,1001001000011101101011110010,+--+--+----+++-++-+-++++--+-,0,True,"[[0.000132, 195.46678777], [0.008375, 189.39795607], [0.009457, 189.85244541], [0.009974, 189.52988759], [0.010555, 169.60871974], [0.035608, 169.72603227], [0.47283, 168.62712227], [0.486154, 168.62712227]]",29,quantum,1,
precond_pen=0.500,28,-4.533381353209014,168.6271222670061,0.5,2,0.8688778877258301,0.8681950569152832,0.0,0110110111100010010100001101,-++-++-++++---+--+-+----++-+,0,True,"[[0.000149, 195.46678777], [0.008067, 194.53846895], [0.008538, 169.93819375], [0.034588, 169.60871974], [0.353793, 169.72603227], [0.827342, 168.62712227], [0.868195, 168.62712227]]",29,quantum,1,
precond_pen=0.700,28,-2.5497950350550003,168.6271222670061,0.7,2,2.224385976791382,2.1960268020629883,0.0,1001001000011101101011110010,+--+--+----+++-++-+-++++--+-,0,True,"[[0.000131, 195.46678777], [0.008712, 190.41957365], [0.009532, 169.93819375], [1.017361, 170.07662115], [1.186467, 169.72603227], [2.134542, 169.60871974], [2.196027, 168.62712227]]",29,quantum,1,
precond_pen=0.800,28,-2.140674583372993,168.6271222670061,0.8,2,2.733064889907837,1.9544579982757568,0.0,1001001000011101101011110010,+--+--+----+++-++-+-++++--+-,0,True,"[[0.000135, 195.46678777], [0.008192, 191.18116495], [0.008733, 169.72603227], [1.330093, 169.60871974], [1.954458, 168.62712227]]",29,quantum,1,
precond_pen=1.000,28,-1.6695800412180066,168.6271222670061,1.0,2,2.6750831604003906,2.228626012802124,0.0,1001001000011101101011110010,+--+--+----+++-++-+-++++--+-,0,True,"[[0.000117, 195.46678777], [0.008362, 183.78402589], [0.008716, 170.11940183], [1.617752, 170.07662115], [2.118134, 169.60871974], [2.228626, 168.62712227]]",29,quantum,1,
baseline,28,168.62128017048306,168.62128017048295,,2,3.1081550121307373,0.007621049880981445,0.0,0101101001011001010101011010,-+-++-+--+-++--+-+-+-+-++-+-,0,True,"[[0.000117, 200.02265707], [0.006116, 200.0024408], [0.006698, 199.82576178], [0.007621, 168.62128017]]",30,quantum,1,
precond_pen=0.200,28,-13.423595150841985,168.62128017048295,0.2,2,0.4193689823150635,0.4186389446258545,0.0,1010010110100110101010100101,+-+--+-++-+--++-+-+-+-+--+-+,0,True,"[[0.000122, 200.02265707], [0.0075, 197.40666263], [0.008253, 197.06198286], [0.009063, 169.96933773], [0.36931, 168.62128017], [0.418639, 168.62128017]]",30,quantum,1,
precond_pen=0.300,28,-14.768089626409004,168.62128017048295,0.3,2,0.2617809772491455,0.23270606994628906,0.0,0101101001011001010101011010,-+-++-+--+-++--+-+-+-+-++-+-,0,True,"[[0.000112, 200.02265707], [0.007536, 194.45903525], [0.008452, 195.0950937], [0.009185, 169.96933773], [0.232706, 168.62128017]]",30,quantum,1,
precond_pen=0.400,28,-8.553428427310013,168.62128017048295,0.4,2,0.3260030746459961,0.3253519535064697,0.0,0101101001011001010101011010,-+-++-+--+-++--+-+-+-+-++-+-,0,True,"[[0.000127, 200.02265707], [0.007391, 187.5575243], [0.008833, 169.96933773], [0.324984, 168.62128017], [0.325352, 168.62128017]]",30,quantum,1,
precond_pen=0.500,28,-5.184279472731996,168.62128017048295,0.5,2,0.7198970317840576,0.039769887924194336,0.0,0101101001011001010101011010,-+-++-+--+-++--+-+-+-+-++-+-,0,True,"[[0.000122, 200.02265707], [0.007749, 189.67045179], [0.009039, 173.74220606], [0.038721, 170.42726525], [0.038853, 169.96933773], [0.03977, 168.62128017]]",30,quantum,1,
precond_pen=0.700,28,-2.874878581319006,168.62128017048295,0.7,2,1.3424010276794434,0.03381204605102539,0.0,1010010110100110101010100101,+-+--+-++-+--++-+-+-+-+--+-+,0,True,"[[0.000123, 200.02265707], [0.008271, 192.13735558], [0.009342, 185.28992423], [0.009859, 173.65975223], [0.033812, 168.62128017]]",30,quantum,1,
precond_pen=0.800,28,-2.399980598530014,168.62128017048295,0.8,2,1.6913530826568604,1.6900651454925537,0.0,0101101001011001010101011010,-+-++-+--+-++--+-+-+-+-++-+-,0,True,"[[0.000118, 200.02265707], [0.008301, 196.74767688], [0.008732, 173.65975223], [0.028377, 169.96933773], [1.143737, 168.62128017], [1.690065, 168.62128017]]",30,quantum,1,
precond_pen=1.000,28,-1.854079645738011,168.62128017048295,1.0,2,1.6543309688568115,1.6528241634368896,0.0,0101101001011001010101011010,-+-++-+--+-++--+-+-+-+-++-+-,0,True,"[[0.000134, 200.02265707], [0.007972, 183.02295336], [0.008405, 172.32461539], [1.026696, 170.48258042], [1.335205, 168.62128017], [1.652824, 168.62128017]]",30,quantum,1,
baseline,28,169.8086621533619,169.80866215336187,,2,3.2595810890197754,3.2586019039154053,0.0,1101010100011110110001000110,++-+-+-+---++++-++---+---++-,0,True,"[[0.000121, 205.5701103], [0.006105, 203.01184325], [0.00702, 200.98212885], [0.007754, 169.87942357], [2.672678, 169.80866215], [3.258602, 169.80866215]]",31,quantum,1,
precond_pen=0.200,28,-12.921863162670027,169.87942357247601,0.2,2,0.4719228744506836,0.47118592262268066,0.0,1100010100111100010001001111,++---+-+--++++---+---+--++++,0,True,"[[0.000117, 205.5701103], [0.008021, 195.63962188], [0.009297, 170.77015679], [0.039171, 170.78004593], [0.4155, 170.73929274], [0.440192, 169.87942357], [0.471186, 169.87942357]]",31,quantum,1,
precond_pen=0.300,28,-14.107201520333005,169.87942357247601,0.3,2,0.39283204078674316,0.3921809196472168,0.0,0011101011000011101110110000,--+++-+-++----+++-+++-++----,0,True,"[[0.000115, 205.5701103], [0.00804, 196.28156868], [0.00858, 170.77015679], [0.389488, 169.87942357], [0.392181, 169.87942357]]",31,quantum,1,
precond_pen=0.400,28,-8.152819843001014,169.87942357247601,0.4,2,0.5442161560058594,0.2672572135925293,0.0,1100010100111100010001001111,++---+-+--++++---+---+--++++,0,True,"[[0.000115, 205.5701103], [0.007567, 188.36284171], [0.009031, 187.36724438], [0.009681, 171.74966457], [0.039543, 171.64700099], [0.267257, 169.87942357]]",31,quantum,1,
precond_pen=0.500,28,-5.128087007509,169.87942357247601,0.5,2,0.730187177658081,0.7294881343841553,0.0,1100010100111100010001001111,++---+-+--++++---+---+--++++,0,True,"[[0.000127, 205.5701103], [0.007746, 198.10343603], [0.008617, 194.76201033], [0.009116, 171.43948273], [0.689972, 169.80866215], [0.728954, 169.87942357], [0.729488, 169.87942357]]",31,quantum,1,
precond_pen=0.700,28,-2.7955978501889973,169.87942357247601,0.7,2,1.3091809749603271,1.308398962020874,0.0,0011101011000011101110110000,--+++-+-++----+++-+++-++----,0,True,"[[0.00012, 205.5701103], [0.008914, 186.1961152], [0.010535, 186.51560416], [0.011329, 172.94458697], [0.036158, 171.43948273], [0.037141, 170.77015679], [0.915375, 169.80866215], [1.042391, 169.87942357], [1.308399, 169.87942357]]",31,quantum,1,
precond_pen=0.800,28,-2.327335593789993,169.87942357247601,0.8,2,2.048643112182617,2.0470991134643555,0.0,1100010100111100010001001111,++---+-+--++++---+---+--++++,0,True,"[[0.000128, 205.5701103], [0.008653, 190.17161583], [0.009366, 169.80866215], [1.009049, 169.87942357], [2.047099, 169.87942357]]",31,quantum,1,
precond_pen=1.000,28,-1.7946555750179964,169.87942357247601,1.0,2,2.062946081161499,2.061730146408081,0.0,1100010100111100010001001111,++---+-+--++++---+---+--++++,0,True,"[[0.000117, 205.5701103], [0.007939, 189.83022262], [0.008435, 169.80866215], [1.362678, 169.87942357], [2.06173, 169.87942357]]",31,quantum,1,
baseline,28,157.21731768607006,157.21731768606995,,2,1.6794331073760986,0.008152961730957031,0.0,0011111000110000011110110001,--+++++---++-----++++-++---+,0,True,"[[0.000115, 180.24853285], [0.00659, 177.54446966], [0.007226, 177.52334023], [0.008153, 157.21731769]]",32,quantum,1,
precond_pen=0.200,28,-15.962893577340004,157.21731768606995,0.2,2,0.2770559787750244,0.009040117263793945,0.0,1100000111001111100001001110,++-----+++--+++++----+--+++-,0,True,"[[0.000118, 180.24853285], [0.007768, 178.78114825], [0.00904, 157.21731769]]",32,quantum,1,
precond_pen=0.300,28,-16.699285083154003,157.21731768606995,0.3,2,0.28314781188964844,0.008358001708984375,0.0,0011111000110000011110110001,--+++++---++-----++++-++---+,0,True,"[[0.000122, 180.24853285], [0.006883, 182.86595354], [0.007299, 177.54446966], [0.007688, 176.29072487], [0.008358, 157.21731769]]",32,quantum,1,
precond_pen=0.400,28,-9.074069342650011,157.21731768606995,0.4,2,0.29135894775390625,0.009018898010253906,0.0,1100000111001111100001001110,++-----+++--+++++----+--+++-,0,True,"[[0.000115, 180.24853285], [0.007532, 177.33567969], [0.009019, 157.21731769]]",32,quantum,1,
precond_pen=0.500,28,-5.621312885189999,157.21731768606995,0.5,2,0.3297441005706787,0.009013175964355469,0.0,0011111000110000011110110001,--+++++---++-----++++-++---+,0,True,"[[0.000118, 180.24853285], [0.00762, 173.26800453], [0.009013, 157.21731769]]",32,quantum,1,
precond_pen=0.700,28,-3.0726620750519853,157.21731768606995,0.7,2,0.9564781188964844,0.03192901611328125,0.0,1100000111001111100001001110,++-----+++--+++++----+--+++-,0,True,"[[0.000113, 180.24853285], [0.008297, 177.8509835], [0.008783, 159.20019245], [0.031929, 157.21731769]]",32,quantum,1,
precond_pen=0.800,28,-2.5549315643389896,157.21731768606995,0.8,2,1.61922287940979,0.008647918701171875,0.0,1100000111001111100001001110,++-----+++--+++++----+--+++-,0,True,"[[0.00012, 180.24853285], [0.008648, 157.21731769]]",32,quantum,1,
precond_pen=1.000,28,-1.9626489452589801,157.21731768606995,1.0,2,1.3895330429077148,0.008473873138427734,0.0,1100000111001111100001001110,++-----+++--+++++----+--+++-,0,True,"[[0.00012, 180.24853285], [0.008033, 178.92941451], [0.008474, 157.21731769]]",32,quantum,1,
baseline,28,160.26302425626795,160.263024256268,,2,2.6428139209747314,0.11122894287109375,0.0,1011000110101110010010011100,+-++---++-+-+++--+--+--+++--,0,True,"[[0.00013, 190.25956597], [0.006825, 166.34865081], [0.111229, 160.26302426]]",33,quantum,1,
precond_pen=0.200,28,-15.392068478066983,160.263024256268,0.2,2,0.34177207946777344,0.008973121643066406,0.0,0100111001010001101101100011,-+--+++--+-+---++-++-++---++,0,True,"[[0.000125, 190.25956597], [0.007448, 185.38252227], [0.008973, 160.26302426]]",33,quantum,1,
precond_pen=0.300,28,-15.985890215448004,160.263024256268,0.3,2,0.12470006942749023,0.009011983871459961,0.0,0100111001010001101101100011,-+--+++--+-+---++-++-++---++,0,True,"[[0.000116, 190.25956597], [0.007395, 189.02096461], [0.00779, 187.647051], [0.008241, 186.19085633], [0.009012, 160.26302426]]",33,quantum,1,
precond_pen=0.400,28,-8.276914975269003,160.263024256268,0.4,2,0.2390918731689453,0.03382587432861328,0.0,0100111001010001101101100011,-+--+++--+-+---++-++-++---++,0,True,"[[0.000123, 190.25956597], [0.007469, 184.15220013], [0.008652, 180.50929057], [0.009314, 165.79471783], [0.033826, 160.26302426]]",33,quantum,1,
precond_pen=0.500,28,-5.17690504495701,160.263024256268,0.5,2,0.5166110992431641,0.009068012237548828,0.0,1011000110101110010010011100,+-++---++-+-+++--+--+--+++--,0,True,"[[0.000119, 190.25956597], [0.007746, 187.20314193], [0.008214, 185.78850066], [0.008562, 182.20489344], [0.009068, 160.26302426]]",33,quantum,1,
precond_pen=0.700,28,-2.8637056787580004,160.263024256268,0.7,2,1.1875112056732178,0.008344888687133789,0.0,1011000110101110010010011100,+-++---++-+-+++--+--+--+++--,0,True,"[[0.000116, 190.25956597], [0.007732, 186.03376779], [0.008345, 160.26302426]]",33,quantum,1,
precond_pen=0.800,28,-2.391083415305994,160.263024256268,0.8,2,1.6808679103851318,0.02818894386291504,0.0,1011000110101110010010011100,+-++---++-+-+++--+--+--+++--,0,True,"[[0.00012, 190.25956597], [0.007893, 178.62390293], [0.008937, 166.55492998], [0.028189, 160.26302426]]",33,quantum,1,
precond_pen=1.000,28,-1.8479997044020102,160.263024256268,1.0,2,1.6193439960479736,0.00881814956665039,0.0,1011000110101110010010011100,+-++---++-+-+++--+--+--+++--,0,True,"[[0.000132, 190.25956597], [0.008376, 185.65607609], [0.008818, 160.26302426]]",33,quantum,1,
baseline,28,171.696352254249,171.69635225424906,,2,3.526103973388672,0.11156797409057617,0.0,0001010110101011001001101011,---+-+-++-+-+-++--+--++-+-++,0,True,"[[0.00012, 191.78740851], [0.007375, 180.88941971], [0.111568, 171.69635225]]",34,quantum,1,
precond_pen=0.200,28,-11.822565465853014,171.69635225424906,0.2,2,0.4397308826446533,0.008430957794189453,0.0,1110101001010100110110010100,+++-+-+--+-+-+--++-++--+-+--,0,True,"[[0.000123, 191.78740851], [0.008431, 171.69635225]]",34,quantum,1,
precond_pen=0.300,28,-13.696587484062006,171.69635225424906,0.3,2,0.18569016456604004,0.008233070373535156,0.0,1110101001010100110110010100,+++-+-+--+-+-+--++-++--+-+--,0,True,"[[0.000115, 191.78740851], [0.007579, 191.58070059], [0.008233, 171.69635225]]",34,quantum,1,
precond_pen=0.400,28,-7.932102653578989,171.69635225424906,0.4,2,0.34002208709716797,0.009464025497436523,0.0,0001010110101011001001101011,---+-+-++-+-+-++--+--++-+-++,0,True,"[[0.000116, 191.78740851], [0.007886, 187.37561115], [0.009464, 171.69635225]]",34,quantum,1,
precond_pen=0.500,28,-4.957292321262996,171.69635225424906,0.5,2,0.6847689151763916,0.03570103645324707,0.0,0001010110101011001001101011,---+-+-++-+-+-++--+--++-+-++,0,True,"[[0.000113, 191.78740851], [0.008166, 191.3925761], [0.008537, 178.32108276], [0.034811, 177.87788786], [0.035701, 171.69635225]]",34,quantum,1,
precond_pen=0.700,28,-2.721743985021,171.69635225424906,0.7,2,1.5791049003601074,0.03028702735900879,0.0,0001010110101011001001101011,---+-+-++-+-+-++--+--++-+-++,0,True,"[[0.000118, 191.78740851], [0.007745, 191.57219423], [0.00855, 177.72080407], [0.030287, 171.69635225]]",34,quantum,1,
precond_pen=0.800,28,-2.271311911796012,171.69635225424906,0.8,2,2.034531831741333,0.02900099754333496,0.0,1110101001010100110110010100,+++-+-+--+-+-+--++-++--+-+--,0,True,"[[0.000119, 191.78740851], [0.008977, 178.39762929], [0.029001, 171.69635225]]",34,quantum,1,
precond_pen=1.000,28,-1.757475079764987,171.69635225424906,1.0,2,2.035172939300537,0.00939488410949707,0.0,0001010110101011001001101011,---+-+-++-+-+-++--+--++-+-++,0,True,"[[0.000121, 191.78740851], [0.00859, 191.5783707], [0.009395, 171.69635225]]",34,quantum,1,
baseline,28,161.41107053225286,161.41107053225315,,2,2.7860209941864014,0.6630821228027344,0.0,0110001100011111110001100010,-++---++---+++++++---++---+-,0,True,"[[0.000119, 189.53822007], [0.007102, 165.89615529], [0.519796, 164.59996209], [0.535579, 163.29600807], [0.663082, 161.41107053]]",35,quantum,1,
precond_pen=0.200,28,-14.882956889617002,161.41107053225315,0.2,2,0.4349508285522461,0.008702993392944336,0.0,1001110011100000001110011101,+--+++--+++-------+++--+++-+,0,True,"[[0.000123, 189.53822007], [0.007795, 188.78741374], [0.008703, 161.41107053]]",35,quantum,1,
precond_pen=0.300,28,-16.08803185931,161.41107053225315,0.3,2,0.14470410346984863,0.03771090507507324,0.0,1001110011100000001110011101,+--+++--+++-------+++--+++-+,0,True,"[[0.00012, 189.53822007], [0.007331, 175.95492979], [0.008637, 167.26279375], [0.036027, 166.09283781], [0.037711, 161.41107053]]",35,quantum,1,
precond_pen=0.400,28,-9.056069108843007,161.41107053225315,0.4,2,0.17601799964904785,0.035920143127441406,0.0,1001110011100000001110011101,+--+++--+++-------+++--+++-+,0,True,"[[0.000114, 189.53822007], [0.007135, 183.48700534], [0.008042, 182.70463106], [0.008691, 166.09283781], [0.03592, 161.41107053]]",35,quantum,1,
precond_pen=0.500,28,-5.434922028162989,161.41107053225315,0.5,2,0.6153299808502197,0.008919954299926758,0.0,0110001100011111110001100010,-++---++---+++++++---++---+-,0,True,"[[0.000125, 189.53822007], [0.007519, 177.36901983], [0.008299, 177.04166505], [0.00892, 161.41107053]]",35,quantum,1,
precond_pen=0.700,28,-3.0160215815759877,161.41107053225315,0.7,2,1.036708116531372,0.008910179138183594,0.0,1001110011100000001110011101,+--+++--+++-------+++--+++-+,0,True,"[[0.000114, 189.53822007], [0.007979, 182.19924242], [0.00891, 161.41107053]]",35,quantum,1,
precond_pen=0.800,28,-2.5158773797789866,161.41107053225315,0.8,2,1.678879976272583,0.027538061141967773,0.0,1001110011100000001110011101,+--+++--+++-------+++--+++-+,0,True,"[[0.000117, 189.53822007], [0.008161, 187.75908382], [0.008612, 166.09283781], [0.027538, 161.41107053]]",35,quantum,1,
precond_pen=1.000,28,-1.9395561214910035,161.41107053225315,1.0,2,1.5086050033569336,0.02541208267211914,0.0,1001110011100000001110011101,+--+++--+++-------+++--+++-+,0,True,"[[0.000123, 189.53822007], [0.008103, 185.49036816], [0.008509, 165.89615529], [0.025412, 161.41107053]]",35,quantum,1,
baseline,28,161.330726236272,161.3307262362717,,2,3.306835889816284,0.007269859313964844,0.0,1101011110101100101110000000,++-+-++++-+-++--+-+++-------,0,True,"[[0.000121, 187.26178082], [0.00727, 161.33072624]]",36,quantum,1,
precond_pen=0.200,28,-14.245519227674986,161.3307262362717,0.2,2,0.5537388324737549,0.03885197639465332,0.0,1101011110101100101110000000,++-+-++++-+-++--+-+++-------,0,True,"[[0.00012, 187.26178082], [0.007165, 186.17797703], [0.008687, 163.22129798], [0.038852, 161.33072624]]",36,quantum,1,
precond_pen=0.300,28,-15.005678417024008,161.3307262362717,0.3,2,0.21862316131591797,0.038512229919433594,0.0,1101011110101100101110000000,++-+-++++-+-++--+-+++-------,0,True,"[[0.000121, 187.26178082], [0.007526, 175.23438524], [0.009167, 163.22129798], [0.038512, 161.33072624]]",36,quantum,1,
precond_pen=0.400,28,-8.079612530373009,161.3307262362717,0.4,2,0.32484006881713867,0.03980302810668945,0.0,1101011110101100101110000000,++-+-++++-+-++--+-+++-------,0,True,"[[0.000126, 187.26178082], [0.008172, 186.0077742], [0.008705, 164.78905507], [0.039803, 161.33072624]]",36,quantum,1,
precond_pen=0.500,28,-4.842218067209018,161.3307262362717,0.5,2,0.6854350566864014,0.6847989559173584,0.0,1101011110101100101110000000,++-+-++++-+-++--+-+++-------,0,True,"[[0.000115, 187.26178082], [0.008485, 161.82440317], [0.668699, 161.33072624], [0.684799, 161.33072624]]",36,quantum,1,
precond_pen=0.700,28,-2.754223437504006,161.3307262362717,0.7,2,1.5160839557647705,1.5152549743652344,0.0,0010100001010011010001111111,--+-+----+-+--++-+---+++++++,0,True,"[[0.000117, 187.26178082], [0.007683, 183.45244988], [0.00848, 182.63882625], [0.008958, 164.78905507], [0.03045, 161.82440317], [1.206531, 161.33072624], [1.515255, 161.33072624]]",36,quantum,1,
precond_pen=0.800,28,-2.3134384177720033,161.3307262362717,0.8,2,1.9408068656921387,0.02642679214477539,0.0,0010100001010011010001111111,--+-+----+-+--++-+---+++++++,0,True,"[[0.000125, 187.26178082], [0.007963, 183.28635923], [0.008413, 161.82440317], [0.026427, 161.33072624]]",36,quantum,1,
precond_pen=1.000,28,-1.8004706350999928,161.3307262362717,1.0,2,2.034494161605835,1.8084220886230469,0.0,1101011110101100101110000000,++-+-++++-+-++--+-+++-------,0,True,"[[0.00012, 187.26178082], [0.008261, 186.43819979], [0.008707, 161.82440317], [1.808422, 161.33072624]]",36,quantum,1,
baseline,28,158.094534300616,158.09453430061615,,2,2.7385640144348145,0.007887125015258789,0.0,0010111011001110100100001011,--+-+++-++--+++-+--+----+-++,0,True,"[[0.000118, 186.82195133], [0.00625, 185.21625944], [0.006971, 178.73657304], [0.007887, 158.0945343]]",37,quantum,1,
precond_pen=0.200,28,-14.587332412022002,159.54227746784233,0.2,2,0.36602783203125,0.36434388160705566,0.0,0010111011001111100000001011,--+-+++-++--+++++-------+-++,0,True,"[[0.000119, 186.82195133], [0.007081, 188.11117208], [0.007786, 178.73657304], [0.008684, 161.8334456], [0.338564, 159.54227747], [0.364344, 159.54227747]]",37,quantum,1,
precond_pen=0.300,28,-14.764536959478002,158.09453430061615,0.3,2,0.4125199317932129,0.21170783042907715,0.0,0010111011001110100100001011,--+-+++-++--+++-+--+----+-++,0,True,"[[0.000118, 186.82195133], [0.007237, 172.250698], [0.008642, 158.42830675], [0.211708, 158.0945343]]",37,quantum,1,
precond_pen=0.400,28,-7.821379573082002,158.09453430061615,0.4,2,0.46441006660461426,0.46373820304870605,0.0,1101000100110001011011110100,++-+---+--++---+-++-++++-+--,0,True,"[[0.00012, 186.82195133], [0.008723, 175.79138258], [0.009195, 162.11985287], [0.036213, 161.8334456], [0.461391, 158.0945343], [0.463738, 158.0945343]]",37,quantum,1,
precond_pen=0.500,28,-4.975833628487999,158.09453430061615,0.5,2,0.7126951217651367,0.7120251655578613,0.0,1101000100110001011011110100,++-+---+--++---+-++-++++-+--,0,True,"[[0.000118, 186.82195133], [0.008411, 174.30172283], [0.009278, 173.46335166], [0.009639, 162.11985287], [0.039293, 161.8334456], [0.698954, 158.0945343], [0.712025, 158.0945343]]",37,quantum,1,
precond_pen=0.700,28,-2.782473387691006,158.09453430061615,0.7,2,1.455251932144165,1.206455945968628,0.0,1101000100110001011011110100,++-+---+--++---+-++-++++-+--,0,True,"[[0.000128, 186.82195133], [0.008455, 178.44514074], [0.009055, 162.11985287], [0.031746, 161.26205463], [1.177093, 158.42830675], [1.206456, 158.0945343]]",37,quantum,1,
precond_pen=0.800,28,-2.3295428129160047,158.09453430061615,0.8,2,1.933215856552124,0.00863194465637207,0.0,0010111011001110100100001011,--+-+++-++--+++-+--+----+-++,0,True,"[[0.000116, 186.82195133], [0.008094, 175.26990201], [0.008632, 158.0945343]]",37,quantum,1,
precond_pen=1.000,28,-1.807308403836993,158.09453430061615,1.0,2,1.9315521717071533,0.008747100830078125,0.0,0010111011001110100100001011,--+-+++-++--+++-+--+----+-++,0,True,"[[0.000128, 186.82195133], [0.008153, 184.52841638], [0.008747, 158.0945343]]",37,quantum,1,
baseline,28,160.19006204180496,160.19006204180488,,2,3.181462049484253,0.008348226547241211,0.0,0111101000011010011110010100,-++++-+----++-+--++++--+-+--,0,True,"[[0.000118, 188.89697337], [0.006708, 185.51942062], [0.00747, 185.31761246], [0.008348, 160.19006204]]",38,quantum,1,
precond_pen=0.200,28,-15.634618500932996,160.19006204180488,0.2,2,0.3481409549713135,0.34750890731811523,0.0,1000010111100101100001101011,+----+-++++--+-++----++-+-++,0,True,"[[0.000118, 188.89697337], [0.00764, 184.63413597], [0.008473, 183.2729759], [0.008922, 180.85989026], [0.009545, 164.87811409], [0.043792, 162.78916538], [0.344349, 160.19006204], [0.347509, 160.19006204]]",38,quantum,1,
precond_pen=0.300,28,-16.377845492231007,160.19006204180488,0.3,2,0.21077203750610352,0.03748488426208496,0.0,1000010111100101100001101011,+----+-++++--+-++----++-+-++,0,True,"[[0.000115, 188.89697337], [0.007251, 179.13328125], [0.00855, 162.78916538], [0.037485, 160.19006204]]",38,quantum,1,
precond_pen=0.400,28,-9.005195317571,160.19006204180488,0.4,2,0.2812340259552002,0.2806370258331299,0.0,1000010111100101100001101011,+----+-++++--+-++----++-+-++,0,True,"[[0.000123, 188.89697337], [0.008217, 180.28994669], [0.008888, 164.87811409], [0.038701, 162.78916538], [0.263206, 160.19006204], [0.280637, 160.19006204]]",38,quantum,1,
precond_pen=0.500,28,-5.449277231727001,160.19006204180488,0.5,2,0.3385589122772217,0.036340951919555664,0.0,0111101000011010011110010100,-++++-+----++-+--++++--+-+--,0,True,"[[0.000112, 188.89697337], [0.007713, 184.90356318], [0.008439, 183.2729759], [0.008816, 176.11862899], [0.009349, 164.87811409], [0.036341, 160.19006204]]",38,quantum,1,
precond_pen=0.700,28,-3.0252225071499925,160.19006204180488,0.7,2,1.1305279731750488,1.0236549377441406,0.0,1000010111100101100001101011,+----+-++++--+-++----++-+-++,0,True,"[[0.000116, 188.89697337], [0.008061, 186.24822201], [0.008516, 185.7444408], [0.008852, 175.60548445], [0.009444, 164.87811409], [0.033713, 162.78916538], [0.867296, 162.42137804], [1.023655, 160.19006204]]",38,quantum,1,
precond_pen=0.800,28,-2.5238513558609963,160.19006204180488,0.8,2,1.36527419090271,1.3644990921020508,0.0,0111101000011010011110010100,-++++-+----++-+--++++--+-+--,0,True,"[[0.000116, 188.89697337], [0.008164, 188.21872656], [0.00856, 162.78916538], [1.151723, 160.19006204], [1.364499, 160.19006204]]",38,quantum,1,
precond_pen=1.000,28,-1.9459065984059993,160.19006204180488,1.0,2,1.198613166809082,0.02612018585205078,0.0,1000010111100101100001101011,+----+-++++--+-++----++-+-++,0,True,"[[0.000137, 188.89697337], [0.008462, 180.12255658], [0.008891, 162.78916538], [0.02612, 160.19006204]]",38,quantum,1,
baseline,28,170.5863814971919,170.58638149719218,,2,2.595752000808716,0.10898303985595703,0.0,1100111010111000111100000001,++--+++-+-+++---++++-------+,0,True,"[[0.000126, 200.39614847], [0.00611, 193.38095043], [0.00679, 192.67315426], [0.00745, 172.25536454], [0.108983, 170.5863815]]",39,quantum,1,
precond_pen=0.200,28,-13.584041797449984,170.58638149719218,0.2,2,0.42812299728393555,0.3711390495300293,0.0,1100111010111000111100000001,++--+++-+-+++---++++-------+,0,True,"[[0.000131, 200.39614847], [0.007042, 198.25981452], [0.007794, 198.17481147], [0.008196, 196.188126], [0.008665, 174.09946049], [0.041769, 171.21856463], [0.371139, 170.5863815]]",39,quantum,1,
precond_pen=0.300,28,-15.536712006055001,170.58638149719218,0.3,2,0.16647911071777344,0.008272171020507812,0.0,0011000101000111000011111110,--++---+-+---+++----+++++++-,0,True,"[[0.000125, 200.39614847], [0.006794, 195.81894502], [0.007192, 198.17481147], [0.007538, 189.10224352], [0.008272, 170.5863815]]",39,quantum,1,
precond_pen=0.400,28,-8.840072919360992,170.58638149719218,0.4,2,0.18690800666809082,0.009016036987304688,0.0,0011000101000111000011111110,--++---+-+---+++----+++++++-,0,True,"[[0.000123, 200.39614847], [0.007326, 192.30568836], [0.007918, 192.67315426], [0.008253, 189.28217514], [0.009016, 170.5863815]]",39,quantum,1,
precond_pen=0.500,28,-5.196807956778999,170.58638149719218,0.5,2,0.4869101047515869,0.4406449794769287,0.0,0011000101000111000011111110,--++---+-+---+++----+++++++-,0,True,"[[0.000124, 200.39614847], [0.007303, 185.7399122], [0.00873, 172.25536454], [0.440645, 170.5863815]]",39,quantum,1,
precond_pen=0.700,28,-2.8717157663339865,170.58638149719218,0.7,2,1.147557020187378,0.008744001388549805,0.0,0011000101000111000011111110,--++---+-+---+++----+++++++-,0,True,"[[0.000127, 200.39614847], [0.008017, 185.55246988], [0.008744, 170.5863815]]",39,quantum,1,
precond_pen=0.800,28,-2.3961404396189874,170.58638149719218,0.8,2,1.598465919494629,1.5977330207824707,0.0,0011000101000111000011111110,--++---+-+---+++----+++++++-,0,True,"[[0.000142, 200.39614847], [0.007903, 193.46249696], [0.008288, 172.25536454], [1.385074, 171.80988967], [1.385258, 171.21856463], [1.385385, 170.5863815], [1.597733, 170.5863815]]",39,quantum,1,
precond_pen=1.000,28,-1.8503287840580125,170.58638149719218,1.0,2,1.51304292678833,1.511504888534546,0.0,0011000101000111000011111110,--++---+-+---+++----+++++++-,0,True,"[[0.000128, 200.39614847], [0.007971, 183.60367852], [0.008472, 174.09946049], [1.155529, 171.80988967], [1.205266, 171.21856463], [1.352676, 170.5863815], [1.511505, 170.5863815]]",39,quantum,1,
baseline,28,168.70974555731993,168.7097455573197,,2,3.4831628799438477,0.3717670440673828,0.0,0001100111101001010001111001,---++--++++-+--+-+---++++--+,0,True,"[[0.000124, 197.01518744], [0.006635, 196.91269363], [0.007054, 170.15739719], [0.112, 169.11585902], [0.371767, 168.70974556]]",40,quantum,1,
precond_pen=0.200,28,-11.524430117232997,169.15082555547013,0.2,2,0.4263770580291748,0.008778095245361328,0.0,1111100011100001101000100011,+++++---+++----++-+---+---++,0,True,"[[0.000134, 197.01518744], [0.007122, 194.53727174], [0.007791, 192.88960188], [0.008181, 192.91951181], [0.008778, 169.15082556]]",40,quantum,1,
precond_pen=0.300,28,-12.616093124702005,168.7097455573197,0.3,2,0.3391540050506592,0.3385899066925049,0.0,1110011000010110101110000110,+++--++----+-++-+-+++----++-,0,True,"[[0.000114, 197.01518744], [0.007097, 193.54426679], [0.007462, 192.88960188], [0.008266, 169.31729296], [0.037835, 169.15082556], [0.338104, 168.70974556], [0.33859, 168.70974556]]",40,quantum,1,
precond_pen=0.400,28,-7.3570988615949915,168.7097455573197,0.4,2,0.5538330078125,0.5532100200653076,0.0,1110011000010110101110000110,+++--++----+-++-+-+++----++-,0,True,"[[0.000114, 197.01518744], [0.007157, 190.81884469], [0.008341, 187.9619857], [0.009017, 169.15082556], [0.48875, 168.70974556], [0.55321, 168.70974556]]",40,quantum,1,
precond_pen=0.500,28,-4.650114955488007,168.7097455573197,0.5,2,0.7987980842590332,0.7981572151184082,0.0,1110011000010110101110000110,+++--++----+-++-+-+++----++-,0,True,"[[0.000118, 197.01518744], [0.00743, 184.60774261], [0.00824, 183.70679899], [0.008767, 169.31729296], [0.748955, 169.43100954], [0.788687, 168.70974556], [0.798157, 168.70974556]]",40,quantum,1,
precond_pen=0.700,28,-2.5996791640299968,168.7097455573197,0.7,2,1.7775769233703613,0.03194594383239746,0.0,0001100111101001010001111001,---++--++++-+--+-+---++++--+,0,True,"[[0.000114, 197.01518744], [0.00751, 189.80392934], [0.008249, 187.74150366], [0.008955, 169.15082556], [0.031946, 168.70974556]]",40,quantum,1,
precond_pen=0.800,28,-2.1790064339250073,168.7097455573197,0.8,2,2.322003126144409,2.321197986602783,0.0,0001100111101001010001111001,---++--++++-+--+-+---++++--+,0,True,"[[0.000118, 197.01518744], [0.007762, 192.49460215], [0.008269, 169.11585902], [1.084551, 168.70974556], [2.321198, 168.70974556]]",40,quantum,1,
precond_pen=1.000,28,-1.6953261694510289,168.7097455573197,1.0,2,2.369574785232544,2.3680548667907715,0.0,0001100111101001010001111001,---++--++++-+--+-+---++++--+,0,True,"[[0.000116, 197.01518744], [0.007702, 189.09836092], [0.008188, 169.11585902], [1.658942, 168.70974556], [2.368055, 168.70974556]]",40,quantum,1,
baseline,28,177.84411758246205,177.8441175824623,,2,4.786744117736816,1.0485570430755615,0.0,0110010010100110001111111000,-++--+--+-+--++---+++++++---,0,True,"[[0.000116, 199.10912158], [0.006783, 181.20750419], [0.109826, 178.56794896], [1.048557, 177.84411758]]",41,quantum,1,
precond_pen=0.200,28,-11.195402245037993,178.73127509468426,0.2,2,0.7711360454559326,0.6208219528198242,0.0,1001101000011001110001010111,+--++-+----++--+++---+-+-+++,0,True,"[[0.000115, 199.10912158], [0.007466, 190.4584773], [0.008852, 178.96593759], [0.043564, 179.08881557], [0.620822, 178.73127509]]",41,quantum,1,
precond_pen=0.300,28,-13.249207955674002,178.73127509468426,0.3,2,0.3827250003814697,0.008806943893432617,0.0,0110010111100110001110101000,-++--+-++++--++---+++-+-+---,0,True,"[[0.000116, 199.10912158], [0.007245, 191.14820568], [0.008807, 178.73127509]]",41,quantum,1,
precond_pen=0.400,28,-7.742613126030994,177.93862857349436,0.4,2,0.5805947780609131,0.5799479484558105,0.0,0110010110100111001110101000,-++--+-++-+--+++--+++-+-+---,0,True,"[[0.000113, 199.10912158], [0.007605, 197.1550567], [0.007972, 179.08881557], [0.564894, 178.09044128], [0.565065, 177.93862857], [0.579948, 177.93862857]]",41,quantum,1,
precond_pen=0.500,28,-4.84726343627899,177.93862857349436,0.5,2,0.7035419940948486,0.7029449939727783,0.0,0110010110100111001110101000,-++--+-++-+--+++--+++-+-+---,0,True,"[[0.000123, 199.10912158], [0.007651, 192.14914882], [0.008898, 178.71474288], [0.680805, 178.33746899], [0.680964, 177.93862857], [0.702945, 177.93862857]]",41,quantum,1,
precond_pen=0.700,28,-2.624477581228014,177.8441175824623,0.7,2,1.7408561706542969,1.7400591373443604,0.0,1001101101011001110000000111,+--++-++-+-++--+++-------+++,0,True,"[[0.000115, 199.10912158], [0.007758, 191.56680528], [0.008936, 178.7174828], [0.031753, 178.71474288], [0.031873, 177.93862857], [1.361053, 177.84411758], [1.740059, 177.84411758]]",41,quantum,1,
precond_pen=0.800,28,-2.1852877705310014,177.8441175824623,0.8,2,2.6700351238250732,2.6692020893096924,0.0,0110010010100110001111111000,-++--+--+-+--++---+++++++---,0,True,"[[0.000113, 199.10912158], [0.008525, 181.20750419], [0.028367, 178.56794896], [1.451011, 177.84411758], [2.669202, 177.84411758]]",41,quantum,1,
precond_pen=1.000,28,-1.6888161842250113,177.8441175824623,1.0,2,2.4838359355926514,2.482123851776123,0.0,1001101101011001110000000111,+--++-++-+-++--+++-------+++,0,True,"[[0.000113, 199.10912158], [0.00808, 181.20750419], [0.026865, 178.56794896], [1.276992, 177.84411758], [2.482124, 177.84411758]]",41,quantum,1,
baseline,28,167.32008674962705,167.32008674962708,,2,4.178328990936279,4.177394151687622,0.0,1110110000001111100110011000,+++-++------+++++--++--++---,0,True,"[[0.000118, 186.6096884], [0.007032, 168.62482093], [2.975857, 168.52695443], [3.515949, 167.68706517], [3.661433, 167.32008675], [4.177394, 167.32008675]]",42,quantum,1,
precond_pen=0.200,28,-11.105313769618991,167.32008674962708,0.2,2,0.6636791229248047,0.663006067276001,0.0,1110110000001111100110011000,+++-++------+++++--++--++---,0,True,"[[0.000115, 186.6096884], [0.006989, 186.05900332], [0.007416, 186.30310179], [0.008106, 168.77980759], [0.038472, 167.68706517], [0.507375, 167.32008675], [0.663006, 167.32008675]]",42,quantum,1,
precond_pen=0.300,28,-12.588156199153,167.687065173483,0.3,2,0.48096609115600586,0.00860905647277832,0.0,1101111110001000010101101000,++-++++++---+----+-+-++-+---,0,True,"[[0.000122, 186.6096884], [0.007224, 191.80793815], [0.007699, 184.07074079], [0.008609, 167.68706517]]",42,quantum,1,
precond_pen=0.400,28,-7.217433505716011,167.687065173483,0.4,2,0.6481220722198486,0.008454084396362305,0.0,0010000001110111101010010111,--+------+++-++++-+-+--+-+++,0,True,"[[0.000116, 186.6096884], [0.007813, 186.66902153], [0.008454, 167.68706517]]",42,quantum,1,
precond_pen=0.500,28,-4.535496865726991,167.687065173483,0.5,2,0.8087098598480225,0.009016036987304688,0.0,0010000001110111101010010111,--+------+++-++++-+-+--+-+++,0,True,"[[0.000114, 186.6096884], [0.007616, 187.10378245], [0.00801, 186.30310179], [0.008347, 183.51529803], [0.009016, 167.68706517]]",42,quantum,1,
precond_pen=0.700,28,-2.5657877197419996,167.32008674962708,0.7,2,1.717566967010498,0.03062605857849121,0.0,0001001111110000011001100111,---+--++++++-----++--++--+++,0,True,"[[0.000114, 186.6096884], [0.008512, 183.41688172], [0.009095, 167.68706517], [0.030626, 167.32008675]]",42,quantum,1,
precond_pen=0.800,28,-2.1577035378539833,167.32008674962708,0.8,2,2.363072156906128,1.4939301013946533,0.0,0001001111110000011001100111,---+--++++++-----++--++--+++,0,True,"[[0.000121, 186.6096884], [0.009055, 185.33938406], [0.009488, 168.77980759], [0.028733, 168.62482093], [1.302055, 168.52695443], [1.302225, 168.0748055], [1.49393, 167.32008675]]",42,quantum,1,
precond_pen=1.000,28,-1.685018217269997,167.32008674962708,1.0,2,2.305330991744995,2.304147958755493,0.0,1110110000001111100110011000,+++-++------+++++--++--++---,0,True,"[[0.000115, 186.6096884], [0.00872, 186.74257074], [0.00936, 167.68706517], [1.55407, 167.32008675], [2.304148, 167.32008675]]",42,quantum,1,
baseline,28,166.26714621420618,166.2671462142061,,2,2.1369998455047607,0.007309913635253906,0.0,1000110101011101001110001100,+---++-+-+-+++-+--+++---++--,0,True,"[[0.000114, 197.12455308], [0.006458, 196.53529027], [0.00731, 166.26714621]]",43,quantum,1,
precond_pen=0.200,28,-15.644547785056027,166.2671462142061,0.2,2,0.2903158664703369,0.009034872055053711,0.0,1000110101011101001110001100,+---++-+-+-+++-+--+++---++--,0,True,"[[0.000123, 197.12455308], [0.007389, 195.46450184], [0.008196, 190.12915366], [0.009035, 166.26714621]]",43,quantum,1,
precond_pen=0.300,28,-17.495518978270002,166.2671462142061,0.3,2,0.10707497596740723,0.008167028427124023,0.0,1000110101011101001110001100,+---++-+-+-+++-+--+++---++--,0,True,"[[0.000117, 197.12455308], [0.006778, 195.5807223], [0.007233, 190.12915366], [0.008167, 166.26714621]]",43,quantum,1,
precond_pen=0.400,28,-9.652805831899999,166.2671462142061,0.4,2,0.16479992866516113,0.008790016174316406,0.0,1000110101011101001110001100,+---++-+-+-+++-+--+++---++--,0,True,"[[0.000113, 197.12455308], [0.007313, 194.33907837], [0.00777, 190.12915366], [0.00879, 166.26714621]]",43,quantum,1,
precond_pen=0.500,28,-5.818902371221991,166.2671462142061,0.5,2,0.24381804466247559,0.009772062301635742,0.0,0111001010100010110001110011,-+++--+-+-+---+-++---+++--++,0,True,"[[0.000113, 197.12455308], [0.008008, 191.86005551], [0.00845, 190.12915366], [0.009092, 183.48962546], [0.009772, 166.26714621]]",43,quantum,1,
precond_pen=0.700,28,-3.1346156038170214,166.2671462142061,0.7,2,0.8366169929504395,0.008772850036621094,0.0,0111001010100010110001110011,-+++--+-+-+---+-++---+++--++,0,True,"[[0.000114, 197.12455308], [0.008073, 192.55884471], [0.008773, 166.26714621]]",43,quantum,1,
precond_pen=0.800,28,-2.5985096108340073,166.2671462142061,0.8,2,1.244408130645752,0.009080171585083008,0.0,0111001010100010110001110011,-+++--+-+-+---+-++---+++--++,0,True,"[[0.000117, 197.12455308], [0.00845, 188.37954137], [0.00908, 166.26714621]]",43,quantum,1,
precond_pen=1.000,28,-1.9887348393220048,166.2671462142061,1.0,2,1.1970839500427246,0.008526086807250977,0.0,0111001010100010110001110011,-+++--+-+-+---+-++---+++--++,0,True,"[[0.000119, 197.12455308], [0.007974, 190.85757976], [0.008526, 166.26714621]]",43,quantum,1,
baseline,28,161.22225038190803,161.2222503819082,,2,2.0369391441345215,0.10981392860412598,0.0,1010000101110111001000110011,+-+----+-+++-+++--+---++--++,0,True,"[[0.000122, 189.84504944], [0.006973, 166.1887532], [0.109814, 161.22225038]]",44,quantum,1,
precond_pen=0.200,28,-15.40885422199899,161.99992300716403,0.2,2,0.3218040466308594,0.00872802734375,0.0,1010001111110011011000000011,+-+---++++++--++-++-------++,0,True,"[[0.000118, 189.84504944], [0.007681, 184.2309087], [0.00802, 186.77538368], [0.008728, 161.99992301]]",44,quantum,1,
precond_pen=0.300,28,-16.425242418249997,161.99992300716403,0.3,2,0.21412301063537598,0.008975028991699219,0.0,0101110000001100100111111100,-+-+++------++--+--+++++++--,0,True,"[[0.000114, 189.84504944], [0.007213, 188.44936118], [0.007556, 186.77538368], [0.008204, 177.59655072], [0.008975, 161.99992301]]",44,quantum,1,
precond_pen=0.400,28,-8.865579861357995,161.2222503819082,0.4,2,0.3021700382232666,0.03939104080200195,0.0,1010000101110111001000110011,+-+----+-+++-+++--+---++--++,0,True,"[[0.000113, 189.84504944], [0.007712, 177.28198393], [0.008996, 163.72841849], [0.037615, 161.64772345], [0.039391, 161.22225038]]",44,quantum,1,
precond_pen=0.500,28,-5.633423600243008,161.2222503819082,0.5,2,0.46515488624572754,0.008909940719604492,0.0,1010000101110111001000110011,+-+----+-+++-+++--+---++--++,0,True,"[[0.000112, 189.84504944], [0.007649, 173.02315868], [0.00891, 161.22225038]]",44,quantum,1,
precond_pen=0.700,28,-3.031986191458003,161.2222503819082,0.7,2,0.8755598068237305,0.008857965469360352,0.0,1010000101110111001000110011,+-+----+-+++-+++--+---++--++,0,True,"[[0.000123, 189.84504944], [0.007646, 186.79419035], [0.007966, 186.77538368], [0.008305, 180.16012772], [0.008858, 161.22225038]]",44,quantum,1,
precond_pen=0.800,28,-2.513926441234007,161.2222503819082,0.8,2,1.276440143585205,1.056819200515747,0.0,0101111010001000110111001100,-+-++++-+---+---++-+++--++--,0,True,"[[0.000116, 189.84504944], [0.008439, 181.32595103], [0.008865, 168.45160268], [0.028396, 161.64772345], [1.056819, 161.22225038]]",44,quantum,1,
precond_pen=1.000,28,-1.926538392418001,161.2222503819082,1.0,2,1.3726601600646973,0.008623123168945312,0.0,1010000101110111001000110011,+-+----+-+++-+++--+---++--++,0,True,"[[0.000118, 189.84504944], [0.008093, 178.78035778], [0.008623, 161.22225038]]",44,quantum,1,
baseline,28,167.39843630694406,167.39843630694392,,2,2.17244815826416,0.11167716979980469,0.0,0100100011100011110011101010,-+--+---+++---++++--+++-+-+-,0,True,"[[0.000123, 191.72589128], [0.00618, 188.40957996], [0.006858, 188.15852084], [0.007313, 175.48126166], [0.111677, 167.39843631]]",45,quantum,1,
precond_pen=0.200,28,-14.895539167174986,167.68094750939392,0.2,2,0.4140620231628418,0.009135007858276367,0.0,1011111100010100001100010101,+-++++++---+-+----++---+-+-+,0,True,"[[0.000118, 191.72589128], [0.007877, 186.11005793], [0.009135, 167.68094751]]",45,quantum,1,
precond_pen=0.300,28,-16.744105920655013,167.39843630694392,0.3,2,0.33253002166748047,0.008816003799438477,0.0,0100100011100011110011101010,-+--+---+++---++++--+++-+-+-,0,True,"[[0.000115, 191.72589128], [0.007078, 189.88977328], [0.008816, 167.39843631]]",45,quantum,1,
precond_pen=0.400,28,-9.271708302784987,167.39843630694392,0.4,2,0.3212099075317383,0.009590864181518555,0.0,0100100011100011110011101010,-+--+---+++---++++--+++-+-+-,0,True,"[[0.000119, 191.72589128], [0.007739, 186.75702073], [0.00891, 183.02386565], [0.009591, 167.39843631]]",45,quantum,1,
precond_pen=0.500,28,-5.634614691882996,167.39843630694392,0.5,2,0.4086639881134033,0.03905510902404785,0.0,0100100011100011110011101010,-+--+---+++---++++--+++-+-+-,0,True,"[[0.000116, 191.72589128], [0.007628, 187.31952485], [0.009047, 168.13929938], [0.039055, 167.39843631]]",45,quantum,1,
precond_pen=0.700,28,-3.032434656883007,167.39843630694392,0.7,2,0.9501831531524658,0.00913095474243164,0.0,1011011100011100001100010101,+-++-+++---+++----++---+-+-+,0,True,"[[0.000114, 191.72589128], [0.009131, 167.39843631]]",45,quantum,1,
precond_pen=0.800,28,-2.5148547946530098,167.39843630694392,0.8,2,1.4653551578521729,0.009184837341308594,0.0,0100100011100011110011101010,-+--+---+++---++++--+++-+-+-,0,True,"[[0.000116, 191.72589128], [0.008736, 188.6077004], [0.009185, 167.39843631]]",45,quantum,1,
precond_pen=1.000,28,-1.9271481431019915,167.39843630694392,1.0,2,1.514482021331787,0.008677959442138672,0.0,1011011100011100001100010101,+-++-+++---+++----++---+-+-+,0,True,"[[0.000122, 191.72589128], [0.008678, 167.39843631]]",45,quantum,1,
baseline,28,157.11188936547697,157.11188936547674,,2,2.9549739360809326,0.007650852203369141,0.0,1100111011100001010010100110,++--+++-+++----+-+--+-+--++-,0,True,"[[0.000121, 176.15312436], [0.006605, 175.66128181], [0.006937, 175.16665751], [0.007651, 157.11188937]]",46,quantum,1,
precond_pen=0.200,28,-15.013529765772011,157.11188936547674,0.2,2,0.3080019950866699,0.00854802131652832,0.0,0011000100011110101101011001,--++---+---++++-+-++-+-++--+,0,True,"[[0.000119, 176.15312436], [0.007247, 176.80247304], [0.007598, 175.16665751], [0.007933, 174.78096735], [0.008548, 157.11188937]]",46,quantum,1,
precond_pen=0.300,28,-15.267774961825001,157.11188936547674,0.3,2,0.16938018798828125,0.03898215293884277,0.0,0011000100011110101101011001,--++---+---++++-+-++-+-++--+,0,True,"[[0.000124, 176.15312436], [0.007346, 172.20115371], [0.007972, 157.38518433], [0.038982, 157.11188937]]",46,quantum,1,
precond_pen=0.400,28,-7.9509365707400015,157.11188936547674,0.4,2,0.31469297409057617,0.0368800163269043,0.0,1100111011100001010010100110,++--+++-+++----+-+--+-+--++-,0,True,"[[0.000113, 176.15312436], [0.007106, 177.49594002], [0.007434, 175.16665751], [0.007884, 170.59151819], [0.0085, 157.38518433], [0.03688, 157.11188937]]",46,quantum,1,
precond_pen=0.500,28,-4.897384567737015,157.11188936547674,0.5,2,0.5967628955841064,0.008281946182250977,0.0,0011000100011110101101011001,--++---+---++++-+-++-+-++--+,0,True,"[[0.000118, 176.15312436], [0.007776, 174.05204629], [0.008282, 157.11188937]]",46,quantum,1,
precond_pen=0.700,28,-2.7737217277069917,157.11188936547674,0.7,2,1.5738399028778076,0.03126883506774902,0.0,1100111011100001010010100110,++--+++-+++----+-+--+-+--++-,0,True,"[[0.000117, 176.15312436], [0.008068, 174.72869527], [0.008662, 157.38518433], [0.031269, 157.11188937]]",46,quantum,1,
precond_pen=0.800,28,-2.3279477376690103,157.11188936547674,0.8,2,1.618211030960083,0.009013891220092773,0.0,0011000100011110101101011001,--++---+---++++-+-++-+-++--+,0,True,"[[0.000123, 176.15312436], [0.008488, 170.16170783], [0.009014, 157.11188937]]",46,quantum,1,
precond_pen=1.000,28,-1.8101156385200134,157.11188936547674,1.0,2,1.7704658508300781,0.026048898696899414,0.0,1100111011100001010010100110,++--+++-+++----+-+--+-+--++-,0,True,"[[0.000119, 176.15312436], [0.008022, 174.48765827], [0.008682, 157.38518433], [0.026049, 157.11188937]]",46,quantum,1,
baseline,28,170.04519229797495,170.0451922979749,,2,2.323979139328003,0.1105949878692627,0.0,0000111100100000111111101100,----++++--+-----+++++++-++--,0,True,"[[0.000121, 189.77411453], [0.006845, 172.70389659], [0.110595, 170.0451923]]",47,quantum,1,
precond_pen=0.200,28,-13.416957337144016,171.1364438369547,0.2,2,0.684715986251831,0.6839139461517334,0.0,1001000011011010100101011011,+--+----++-++-+-+--+-+-++-++,0,True,"[[0.000116, 189.77411453], [0.007755, 186.90564961], [0.008407, 184.51447963], [0.009125, 172.70389659], [0.535082, 172.49685619], [0.535263, 171.03872185], [0.571857, 170.0451923], [0.677366, 171.13644384], [0.683914, 171.13644384]]",47,quantum,1,
precond_pen=0.300,28,-14.890978155818992,170.0451922979749,0.3,2,0.2459580898284912,0.03510117530822754,0.0,1111000011011111000000010011,++++----++-+++++-------+--++,0,True,"[[0.000121, 189.77411453], [0.007393, 188.82176722], [0.007752, 186.9360386], [0.008643, 173.77301702], [0.035101, 170.0451923]]",47,quantum,1,
precond_pen=0.400,28,-8.58588812303599,170.0451922979749,0.4,2,0.3144710063934326,0.03724789619445801,0.0,1111000011011111000000010011,++++----++-+++++-------+--++,0,True,"[[0.000115, 189.77411453], [0.007802, 189.08000145], [0.008163, 184.51447963], [0.009119, 173.77301702], [0.037248, 170.0451923]]",47,quantum,1,
precond_pen=0.500,28,-5.344267910113015,170.0451922979749,0.5,2,0.48858213424682617,0.42623209953308105,0.0,0000111100100000111111101100,----++++--+-----+++++++-++--,0,True,"[[0.000115, 189.77411453], [0.00775, 184.89658197], [0.008248, 182.83440082], [0.009197, 173.77301702], [0.035173, 172.70389659], [0.426232, 170.0451923]]",47,quantum,1,
precond_pen=0.700,28,-2.885388390609,170.0451922979749,0.7,2,1.2652559280395508,1.1170740127563477,0.0,0000111100100000111111101100,----++++--+-----+++++++-++--,0,True,"[[0.000112, 189.77411453], [0.008252, 188.84675667], [0.008722, 173.77301702], [0.035337, 171.13644384], [1.117074, 170.0451923]]",47,quantum,1,
precond_pen=0.800,28,-2.396163202182004,170.0451922979749,0.8,2,1.7379541397094727,0.031020164489746094,0.0,0000111100100000111111101100,----++++--+-----+++++++-++--,0,True,"[[0.000117, 189.77411453], [0.00817, 189.09468937], [0.008897, 171.13644384], [0.03102, 170.0451923]]",47,quantum,1,
precond_pen=1.000,28,-1.8416416093649843,170.0451922979749,1.0,2,1.9476978778839111,1.4713568687438965,0.0,0000111100100000111111101100,----++++--+-----+++++++-++--,0,True,"[[0.000123, 189.77411453], [0.009084, 172.70389659], [1.471357, 170.0451923]]",47,quantum,1,
baseline,28,169.15060624441494,169.15060624441492,,2,3.643906831741333,0.007462024688720703,0.0,1110010101000010010010011111,+++--+-+-+----+--+--+--+++++,0,True,"[[0.000122, 183.97429537], [0.006183, 181.49585972], [0.007462, 169.15060624]]",48,quantum,1,
precond_pen=0.200,28,-14.281030327758,169.94405881238492,0.2,2,0.44172191619873047,0.009508848190307617,0.0,0011101010111001100101100001,--+++-+-+-+++--++--+-++----+,0,True,"[[0.000119, 183.97429537], [0.007942, 183.01073049], [0.008742, 181.63697914], [0.009509, 169.94405881]]",48,quantum,1,
precond_pen=0.300,28,-15.881046223085995,169.94405881238492,0.3,2,0.2621338367462158,0.008616924285888672,0.0,0011101010111001100101100001,--+++-+-+-+++--++--+-++----+,0,True,"[[0.000121, 183.97429537], [0.00721, 182.01303411], [0.007679, 181.63697914], [0.008617, 169.94405881]]",48,quantum,1,
precond_pen=0.400,28,-8.767581071403994,169.73768897578708,0.4,2,0.47397613525390625,0.47328710556030273,0.0,1100000101000010111010111110,++-----+-+----+-+++-+-+++++-,0,True,"[[0.000118, 183.97429537], [0.008333, 173.21255805], [0.337792, 169.66039868], [0.397387, 169.39954655], [0.397512, 169.94405881], [0.397615, 169.73768898], [0.473287, 169.73768898]]",48,quantum,1,
precond_pen=0.500,28,-5.297411434988993,169.73768897578708,0.5,2,0.4719681739807129,0.4713551998138428,0.0,1100000101000010111010111110,++-----+-+----+-+++-+-+++++-,0,True,"[[0.000115, 183.97429537], [0.0086, 173.21255805], [0.370119, 172.68137267], [0.461466, 169.66039868], [0.461612, 169.39954655], [0.468203, 169.73768898], [0.471355, 169.73768898]]",48,quantum,1,
precond_pen=0.700,28,-2.879987849464001,169.15060624441492,0.7,2,1.1981680393218994,1.1974101066589355,0.0,1110010101000010010010011111,+++--+-+-+----+--+--+--+++++,0,True,"[[0.000116, 183.97429537], [0.008207, 172.9327147], [0.432939, 172.66434733], [0.433074, 170.06939131], [0.90441, 169.73768898], [0.904614, 169.15060624], [1.19741, 169.15060624]]",48,quantum,1,
precond_pen=0.800,28,-2.3987806323799905,169.15060624441492,0.8,2,1.8012580871582031,1.800365924835205,0.0,0001101010111101101101100000,---++-+-+-++++-++-++-++-----,0,True,"[[0.000119, 183.97429537], [0.008781, 172.9327147], [1.022237, 172.55099548], [1.07089, 171.60337759], [1.097537, 171.08051873], [1.098168, 169.66039868], [1.326546, 169.39954655], [1.672674, 169.15060624], [1.800366, 169.15060624]]",48,quantum,1,
precond_pen=1.000,28,-1.8494858725490015,169.15060624441492,1.0,2,1.766286849975586,1.7654519081115723,0.0,0001101010111101101101100000,---++-+-+-++++-++-++-++-----,0,True,"[[0.000119, 183.97429537], [0.008626, 172.9327147], [1.132273, 170.40185606], [1.245207, 170.06939131], [1.321124, 169.73768898], [1.546834, 169.39954655], [1.594766, 169.15060624], [1.765452, 169.15060624]]",48,quantum,1,
baseline,28,168.78779037312907,168.78779037312893,,2,3.1306090354919434,1.294625997543335,0.0,0111101011100000001101110001,-++++-+-+++-------++-+++---+,0,True,"[[0.000116, 204.81576048], [0.00606, 192.47743654], [0.006609, 191.51811648], [0.007331, 173.61238808], [0.110307, 169.89779924], [1.294626, 168.78779037]]",49,quantum,1,
precond_pen=0.200,28,-13.571946123408008,168.78779037312893,0.2,2,0.5379278659820557,0.009074926376342773,0.0,0111101011100000001101110001,-++++-+-+++-------++-+++---+,0,True,"[[0.000117, 204.81576048], [0.007578, 192.50114906], [0.0084, 188.52849739], [0.009075, 168.78779037]]",49,quantum,1,
precond_pen=0.300,28,-15.159047512899008,168.78779037312893,0.3,2,0.3318490982055664,0.009122133255004883,0.0,1000010100011111110010001110,+----+-+---+++++++--+---+++-,0,True,"[[0.000116, 204.81576048], [0.007458, 185.99606293], [0.008465, 184.34518558], [0.009122, 168.78779037]]",49,quantum,1,
precond_pen=0.400,28,-8.507153291828999,168.78779037312893,0.4,2,0.324984073638916,0.2957451343536377,0.0,0111101011100000001101110001,-++++-+-+++-------++-+++---+,0,True,"[[0.000128, 204.81576048], [0.007691, 189.88109946], [0.008455, 188.52849739], [0.008972, 188.738248], [0.009493, 175.23390483], [0.038606, 173.61238808], [0.039508, 173.15348511], [0.12188, 172.52724897], [0.12553, 169.89779924], [0.295745, 168.78779037]]",49,quantum,1,
precond_pen=0.500,28,-5.198848962687,168.78779037312893,0.5,2,0.5357320308685303,0.5350778102874756,0.0,0111101011100000001101110001,-++++-+-+++-------++-+++---+,0,True,"[[0.000119, 204.81576048], [0.007959, 182.59220642], [0.00913, 173.61238808], [0.035067, 173.15348511], [0.38953, 172.53406078], [0.455626, 169.97183809], [0.533031, 168.78779037], [0.535078, 168.78779037]]",49,quantum,1,
precond_pen=0.700,28,-2.8398262402319965,168.78779037312893,0.7,2,1.4105439186096191,1.4097778797149658,0.0,0111101011100000001101110001,-++++-+-+++-------++-+++---+,0,True,"[[0.000113, 204.81576048], [0.008422, 187.17719281], [0.009875, 169.89779924], [1.300072, 168.78779037], [1.409778, 168.78779037]]",49,quantum,1,
precond_pen=0.800,28,-2.365876593744982,168.78779037312893,0.8,2,1.9076480865478516,1.9067010879516602,0.0,1000010100011111110010001110,+----+-+---+++++++--+---+++-,0,True,"[[0.000118, 204.81576048], [0.007911, 189.15053906], [0.00851, 188.52849739], [0.009246, 179.35986794], [0.029104, 173.5998805], [0.030933, 169.89779924], [1.389508, 168.78779037], [1.906701, 168.78779037]]",49,quantum,1,
precond_pen=1.000,28,-1.8253411021309915,168.78779037312893,1.0,2,1.7439229488372803,0.025410890579223633,0.0,0111101011100000001101110001,-++++-+-+++-------++-+++---+,0,True,"[[0.000119, 204.81576048], [0.007864, 194.54068758], [0.008275, 172.53406078], [0.025411, 168.78779037]]",49,quantum,1,
