name,n,objective_model,objective_baseline,penalty,mip_status,runtime_sec,time_to_best_sec,mip_gap,x_bits,z_bits,sum_z,presolve,trajectory,seed,preconditioner_family,layers,sweeps,data_root
baseline,28,176.9127493817959,176.91274938179572,,2,19.097209215164185,0.009675025939941406,0.0,0001110000111110010101100110,---+++----+++++--+-+-++--++-,0,False,"[[0.000171, 216.86669539], [0.007233, 209.50001618], [0.008609, 208.20871177], [0.009044, 202.70027902], [0.009675, 176.91274938]]",0,quantum,3,,/local/scratch/a/rames102/Gurobi_QP/one_equality/complete_random
precond_pen=0.200,28,-28.764183384417095,177.5428095635158,0.2,2,0.298220157623291,0.005782127380371094,0.0,0101110000011110010101100110,-+-+++-----++++--+-+-++--++-,0,False,"[[0.000138, 216.86669539], [0.004412, 211.07716205], [0.004849, 208.20871177], [0.005211, 209.92844421], [0.005782, 177.54280956]]",0,quantum,3,,/local/scratch/a/rames102/Gurobi_QP/one_equality/complete_random
precond_pen=0.300,28,-74.872195073728,177.5428095635158,0.3,2,0.04104018211364746,0.005961179733276367,0.0,1010001111100001101010011001,+-+---+++++----++-+-+--++--+,0,False,"[[0.000132, 216.86669539], [0.004684, 203.9540197], [0.005961, 177.54280956]]",0,quantum,3,,/local/scratch/a/rames102/Gurobi_QP/one_equality/complete_random
precond_pen=0.400,28,-51.52742580665401,177.5428095635158,0.4,2,0.03806304931640625,0.005558013916015625,0.0,0101110000011110010101100110,-+-+++-----++++--+-+-++--++-,0,False,"[[0.000139, 216.86669539], [0.004314, 204.87887479], [0.005558, 177.54280956]]",0,quantum,3,,/local/scratch/a/rames102/Gurobi_QP/one_equality/complete_random
precond_pen=0.500,28,-32.59964388233199,177.5428095635158,0.5,2,0.05194401741027832,0.005825996398925781,0.0,1010001111100001101010011001,+-+---+++++----++-+-+--++--+,0,False,"[[0.000125, 216.86669539], [0.004542, 192.8273461], [0.005826, 177.54280956]]",0,quantum,3,,/local/scratch/a/rames102/Gurobi_QP/one_equality/complete_random
precond_pen=0.700,28,-24.136168425307986,177.5428095635158,0.7,2,0.16716289520263672,0.006392955780029297,0.0,0101110000011110010101100110,-+-+++-----++++--+-+-++--++-,0,False,"[[0.000128, 216.86669539], [0.004909, 203.13195543], [0.005771, 196.43685145], [0.006393, 177.54280956]]",0,quantum,3,,/local/scratch/a/rames102/Gurobi_QP/one_equality/complete_random
precond_pen=0.800,28,-1.2941220767620054,183.55995751785986,0.8,2,0.5382568836212158,0.005799055099487305,0.0,1010001111000010101010111001,+-+---++++----+-+-+-+-+++--+,0,False,"[[0.000129, 216.86669539], [0.003994, 219.04065197], [0.004756, 212.89708809], [0.005159, 206.25011526], [0.005799, 183.55995752]]",0,quantum,3,,/local/scratch/a/rames102/Gurobi_QP/one_equality/complete_random
precond_pen=1.000,28,-3.3721652654340044,176.91274938179572,1.0,2,0.9231560230255127,0.006967067718505859,0.0,1110001111000001101010011001,+++---++++-----++-+-+--++--+,0,False,"[[0.00013, 216.86669539], [0.005727, 206.87571105], [0.00645, 199.82216795], [0.006967, 176.91274938]]",0,quantum,3,,/local/scratch/a/rames102/Gurobi_QP/one_equality/complete_random
baseline,28,164.34075451243604,164.3407545124361,,2,16.166369915008545,0.10702204704284668,0.0,1010001101000111011001001011,+-+---++-+---+++-++--+--+-++,0,False,"[[0.000135, 189.51579027], [0.004347, 188.53795766], [0.004743, 165.80522431], [0.106635, 165.52263042], [0.107022, 164.34075451]]",1,quantum,3,,/local/scratch/a/rames102/Gurobi_QP/one_equality/complete_random
precond_pen=0.200,28,-24.301849751253066,164.95918571790793,0.2,2,0.44254612922668457,0.04265594482421875,0.0,0011011000001111110101000011,--++-++-----++++++-+-+----++,0,False,"[[0.000137, 189.51579027], [0.00504, 193.84588558], [0.005597, 190.25738472], [0.005969, 190.09241739], [0.006551, 167.58360451], [0.042656, 164.95918572]]",1,quantum,3,,/local/scratch/a/rames102/Gurobi_QP/one_equality/complete_random
precond_pen=0.300,28,-34.403537594346,164.95918571790793,0.3,2,0.20939183235168457,0.20882892608642578,0.0,0011011000001111110101000011,--++-++-----++++++-+-+----++,0,False,"[[0.000131, 189.51579027], [0.004933, 193.66471643], [0.005545, 168.82754356], [0.034832, 167.24866531], [0.208432, 164.95918572], [0.208829, 164.95918572]]",1,quantum,3,,/local/scratch/a/rames102/Gurobi_QP/one_equality/complete_random
precond_pen=0.400,28,-24.610296592026007,164.95918571790793,0.4,2,0.1959681510925293,0.19538211822509766,0.0,1100100111110000001010111100,++--+--+++++------+-+-++++--,0,False,"[[0.000147, 189.51579027], [0.004825, 183.40490356], [0.006375, 164.80784601], [0.194971, 164.95918572], [0.195382, 164.95918572]]",1,quantum,3,,/local/scratch/a/rames102/Gurobi_QP/one_equality/complete_random
precond_pen=0.500,28,-18.198948329700997,164.95918571790793,0.5,2,0.20940494537353516,0.005754947662353516,0.0,0011011000001111110101000011,--++-++-----++++++-+-+----++,0,False,"[[0.000129, 189.51579027], [0.00513, 188.13777864], [0.005755, 164.95918572]]",1,quantum,3,,/local/scratch/a/rames102/Gurobi_QP/one_equality/complete_random
precond_pen=0.700,28,-15.41813040553799,164.95918571790793,0.7,2,0.25301408767700195,0.006124973297119141,0.0,1100100111110000001010111100,++--+--+++++------+-+-++++--,0,False,"[[0.00014, 189.51579027], [0.005023, 173.18023726], [0.006125, 164.95918572]]",1,quantum,3,,/local/scratch/a/rames102/Gurobi_QP/one_equality/complete_random
precond_pen=0.800,28,-7.782116089604001,164.80784600685183,0.8,2,0.44235706329345703,0.44175100326538086,0.0,0100110001111001101110101000,-+--++---++++--++-+++-+-+---,0,False,"[[0.000133, 189.51579027], [0.005188, 183.92588404], [0.005827, 164.95918572], [0.432425, 164.80784601], [0.441751, 164.80784601]]",1,quantum,3,,/local/scratch/a/rames102/Gurobi_QP/one_equality/complete_random
precond_pen=1.000,28,-3.3096386568310034,164.3407545124361,1.0,2,1.6025428771972656,1.601680040359497,0.0,1010001101000111011001001011,+-+---++-+---+++-++--+--+-++,0,False,"[[0.00013, 189.51579027], [0.006116, 178.39678054], [0.007264, 166.70475849], [0.032772, 165.02502681], [0.880925, 164.95918572], [1.091354, 164.34075451], [1.60168, 164.34075451]]",1,quantum,3,,/local/scratch/a/rames102/Gurobi_QP/one_equality/complete_random
baseline,28,165.79827070364885,165.798270703649,,2,9.887526035308838,9.886463165283203,0.0,1010110000011001010101111001,+-+-++-----++--+-+-+-++++--+,0,False,"[[0.000131, 184.10834611], [0.005726, 171.96795728], [0.267976, 166.77224179], [0.525344, 165.84205169], [0.698433, 165.7982707], [9.886463, 165.7982707]]",2,quantum,3,,/local/scratch/a/rames102/Gurobi_QP/one_equality/complete_random
precond_pen=0.200,28,-26.233203943418957,165.84205169187703,0.2,2,0.4792160987854004,0.04678797721862793,0.0,0101001111000110101110000110,-+-+--++++---++-+-+++----++-,0,False,"[[0.000134, 184.10834611], [0.00444, 183.82618783], [0.005331, 180.70293449], [0.005746, 191.18770578], [0.006195, 167.94246955], [0.046788, 165.84205169]]",2,quantum,3,,/local/scratch/a/rames102/Gurobi_QP/one_equality/complete_random
precond_pen=0.300,28,-43.037841481703,165.84205169187703,0.3,2,0.1768181324005127,0.00584101676940918,0.0,0101001111000110101110000110,-+-+--++++---++-+-+++----++-,0,False,"[[0.000128, 184.10834611], [0.004522, 180.53912734], [0.005841, 165.84205169]]",2,quantum,3,,/local/scratch/a/rames102/Gurobi_QP/one_equality/complete_random
precond_pen=0.400,28,-32.144081133431996,165.84205169187703,0.4,2,0.1695859432220459,0.005975961685180664,0.0,0101001111000110101110000110,-+-+--++++---++-+-+++----++-,0,False,"[[0.000131, 184.10834611], [0.004576, 179.64306253], [0.005976, 165.84205169]]",2,quantum,3,,/local/scratch/a/rames102/Gurobi_QP/one_equality/complete_random
precond_pen=0.500,28,-24.935711223292998,165.84205169187703,0.5,2,0.18560409545898438,0.006078004837036133,0.0,1010110000111001010001111001,+-+-++----+++--+-+---++++--+,0,False,"[[0.000134, 184.10834611], [0.004867, 183.34968528], [0.006078, 165.84205169]]",2,quantum,3,,/local/scratch/a/rames102/Gurobi_QP/one_equality/complete_random
precond_pen=0.700,28,-19.001024717263,165.84205169187703,0.7,2,0.17508196830749512,0.0057981014251708984,0.0,1010110000111001010001111001,+-+-++----+++--+-+---++++--+,0,False,"[[0.000131, 184.10834611], [0.005292, 182.03832874], [0.005798, 165.84205169]]",2,quantum,3,,/local/scratch/a/rames102/Gurobi_QP/one_equality/complete_random
precond_pen=0.800,28,-12.750343359041988,165.84205169187703,0.8,2,0.1641368865966797,0.006491899490356445,0.0,0101001111000110101110000110,-+-+--++++---++-+-+++----++-,0,False,"[[0.000146, 184.10834611], [0.004876, 181.52940174], [0.005442, 180.70293449], [0.006492, 165.84205169]]",2,quantum,3,,/local/scratch/a/rames102/Gurobi_QP/one_equality/complete_random
precond_pen=1.000,28,-12.30147235676501,165.84205169187703,1.0,2,0.18323802947998047,0.005918025970458984,0.0,0101001111000110101110000110,-+-+--++++---++-+-+++----++-,0,False,"[[0.00013, 184.10834611], [0.005918, 165.84205169]]",2,quantum,3,,/local/scratch/a/rames102/Gurobi_QP/one_equality/complete_random
baseline,28,169.85007589582415,169.85007589582403,,2,16.83627700805664,0.11053800582885742,0.0,0110110010101100000011010111,-++-++--+-+-++------++-+-+++,0,False,"[[0.000139, 208.90331006], [0.004045, 203.13903248], [0.005299, 173.43890441], [0.110538, 169.8500759]]",3,quantum,3,,/local/scratch/a/rames102/Gurobi_QP/one_equality/complete_random
precond_pen=0.200,28,-33.92464592923109,169.8719339959821,0.2,2,0.3166038990020752,0.0057790279388427734,0.0,0110110010101100000011110110,-++-++--+-+-++------++++-++-,0,False,"[[0.00014, 208.90331006], [0.004592, 205.33460673], [0.005032, 206.49809696], [0.005779, 169.871934]]",3,quantum,3,,/local/scratch/a/rames102/Gurobi_QP/one_equality/complete_random
precond_pen=0.300,28,-52.370771213854994,169.8719339959821,0.3,2,0.15186810493469238,0.006718158721923828,0.0,0110110010101100000011110110,-++-++--+-+-++------++++-++-,0,False,"[[0.000116, 208.90331006], [0.00506, 204.51793531], [0.005755, 206.14661023], [0.006119, 195.70630325], [0.006718, 169.871934]]",3,quantum,3,,/local/scratch/a/rames102/Gurobi_QP/one_equality/complete_random
precond_pen=0.400,28,-36.52305448791499,170.16100371295607,0.4,2,0.17419195175170898,0.006418943405151367,0.0,1001001101010011111100001100,+--+--++-+-+--++++++----++--,0,False,"[[0.000121, 208.90331006], [0.005074, 189.75932933], [0.006419, 170.16100371]]",3,quantum,3,,/local/scratch/a/rames102/Gurobi_QP/one_equality/complete_random
precond_pen=0.500,28,-27.642242345536992,170.16100371295607,0.5,2,0.245527982711792,0.006376981735229492,0.0,0110110010101100000011110011,-++-++--+-+-++------++++--++,0,False,"[[0.000114, 208.90331006], [0.004917, 197.63824953], [0.006377, 170.16100371]]",3,quantum,3,,/local/scratch/a/rames102/Gurobi_QP/one_equality/complete_random
precond_pen=0.700,28,-20.747027545095005,170.16100371295607,0.7,2,0.2762289047241211,0.007172822952270508,0.0,1001001101010011111100001100,+--+--++-+-+--++++++----++--,0,False,"[[0.000116, 208.90331006], [0.005264, 202.45373471], [0.006369, 186.24711841], [0.007173, 170.16100371]]",3,quantum,3,,/local/scratch/a/rames102/Gurobi_QP/one_equality/complete_random
precond_pen=0.800,28,-18.156688077860995,170.16100371295607,0.8,2,0.2495739459991455,0.00658416748046875,0.0,0110110010101100000011110011,-++-++--+-+-++------++++--++,0,False,"[[0.000113, 208.90331006], [0.005185, 193.73676325], [0.006584, 170.16100371]]",3,quantum,3,,/local/scratch/a/rames102/Gurobi_QP/one_equality/complete_random
precond_pen=1.000,28,-0.10649887806999993,171.32812369468797,1.0,2,0.4299190044403076,0.03342103958129883,0.0,1001001101010010111100101100,+--+--++-+-+--+-++++--+-++--,0,False,"[[0.000114, 208.90331006], [0.005577, 188.09944073], [0.006006, 206.05693933], [0.00654, 200.48239651], [0.0071, 177.89569305], [0.033421, 171.32812369]]",3,quantum,3,,/local/scratch/a/rames102/Gurobi_QP/one_equality/complete_random
baseline,28,185.70475249517415,185.70475249517403,,2,22.818233966827393,22.81590700149536,0.0,1001011101011000001010111010,+--+-+++-+-++-----+-+-+++-+-,0,False,"[[0.000111, 209.69549112], [0.004103, 201.66607549], [0.005316, 188.11622948], [0.10962, 186.34332473], [15.632266, 185.7047525], [22.815907, 185.7047525]]",4,quantum,3,,/local/scratch/a/rames102/Gurobi_QP/one_equality/complete_random
precond_pen=0.200,28,-11.50588729353099,188.95406044269401,0.2,2,2.2614309787750244,0.005198001861572266,0.0,1111010111011001001010000001,++++-+-+++-++--+--+-+------+,0,False,"[[0.00012, 209.69549112], [0.005198, 188.95406044]]",4,quantum,3,,/local/scratch/a/rames102/Gurobi_QP/one_equality/complete_random
precond_pen=0.300,28,-56.502768153825,188.91219703849225,0.3,2,0.06292390823364258,0.0064809322357177734,0.0,0000101001100110110101011110,----+-+--++--++-++-+-+-++++-,0,False,"[[0.000119, 209.69549112], [0.004595, 198.03422468], [0.00534, 201.68383611], [0.00596, 201.86029386], [0.006481, 188.91219704]]",4,quantum,3,,/local/scratch/a/rames102/Gurobi_QP/one_equality/complete_random
precond_pen=0.400,28,-38.503507969114,188.91219703849225,0.4,2,0.13298797607421875,0.006308078765869141,0.0,0000101001100110110101011110,----+-+--++--++-++-+-+-++++-,0,False,"[[0.000116, 209.69549112], [0.004812, 195.43233643], [0.006308, 188.91219704]]",4,quantum,3,,/local/scratch/a/rames102/Gurobi_QP/one_equality/complete_random
precond_pen=0.500,28,-25.88953546695802,188.91219703849225,0.5,2,0.16600704193115234,0.005753993988037109,0.0,0000101001100110110101011110,----+-+--++--++-++-+-+-++++-,0,False,"[[0.000115, 209.69549112], [0.005188, 204.66519239], [0.005754, 188.91219704]]",4,quantum,3,,/local/scratch/a/rames102/Gurobi_QP/one_equality/complete_random
precond_pen=0.700,28,-18.19314749371501,186.9911903583901,0.7,2,0.20889711380004883,0.03464007377624512,0.0,1111110110010001001010100001,++++++-++--+---+--+-+-+----+,0,False,"[[0.000113, 209.69549112], [0.005489, 202.89271872], [0.006104, 185.7047525], [0.03464, 186.99119036]]",4,quantum,3,,/local/scratch/a/rames102/Gurobi_QP/one_equality/complete_random
precond_pen=0.800,28,-12.668879390908002,185.70475249517403,0.8,2,0.2434232234954834,0.24292922019958496,0.0,0110100010100111110101000101,-++-+---+-+--+++++-+-+---+-+,0,False,"[[0.000116, 209.69549112], [0.00525, 207.80570633], [0.006039, 186.34332473], [0.242599, 185.7047525], [0.242929, 185.7047525]]",4,quantum,3,,/local/scratch/a/rames102/Gurobi_QP/one_equality/complete_random
precond_pen=1.000,28,-8.915621527815999,185.70475249517403,1.0,2,0.22390389442443848,0.0358428955078125,0.0,0110100010100111110101000101,-++-+---+-+--+++++-+-+---+-+,0,False,"[[0.000115, 209.69549112], [0.005203, 205.95399867], [0.005556, 206.71170504], [0.005913, 201.72425622], [0.006578, 186.87216314], [0.035843, 185.7047525]]",4,quantum,3,,/local/scratch/a/rames102/Gurobi_QP/one_equality/complete_random
baseline,28,163.04411847878504,163.0441184787851,,2,15.725656986236572,4.469799041748047,0.0,0111110001010000101110001011,-+++++---+-+----+-+++---+-++,0,False,"[[0.000115, 189.25660748], [0.00435, 165.42289692], [0.107452, 164.94155625], [4.321742, 164.68529182], [4.469799, 163.04411848]]",5,quantum,3,,/local/scratch/a/rames102/Gurobi_QP/one_equality/complete_random
precond_pen=0.200,28,-30.030814834820994,168.96356137565687,0.2,2,0.46907591819763184,0.3062560558319092,0.0,1110000110101111110000100010,+++----++-+-++++++----+---+-,0,False,"[[0.000122, 189.25660748], [0.005435, 185.93618019], [0.006721, 167.17462139], [0.294096, 164.63926597], [0.306256, 168.96356138]]",5,quantum,3,,/local/scratch/a/rames102/Gurobi_QP/one_equality/complete_random
precond_pen=0.300,28,-39.61180851213901,163.0441184787851,0.3,2,0.2803318500518799,0.005491971969604492,0.0,0111110001010000101110001011,-+++++---+-+----+-+++---+-++,0,False,"[[0.000118, 189.25660748], [0.005046, 186.81150686], [0.005492, 163.04411848]]",5,quantum,3,,/local/scratch/a/rames102/Gurobi_QP/one_equality/complete_random
precond_pen=0.400,28,-28.075576471683995,163.0441184787851,0.4,2,0.20373892784118652,0.20319890975952148,0.0,1000001110101111010001110100,+-----+++-+-++++-+---+++-+--,0,False,"[[0.000116, 189.25660748], [0.004897, 179.43554508], [0.006131, 164.63926597], [0.03761, 165.96874463], [0.20277, 163.04411848], [0.203199, 163.04411848]]",5,quantum,3,,/local/scratch/a/rames102/Gurobi_QP/one_equality/complete_random
precond_pen=0.500,28,-20.426282168943,163.0441184787851,0.5,2,0.23479509353637695,0.006676912307739258,0.0,0111110001010000101110001011,-+++++---+-+----+-+++---+-++,0,False,"[[0.000115, 189.25660748], [0.005086, 186.48968308], [0.005562, 181.57045273], [0.006077, 180.91258538], [0.006677, 163.04411848]]",5,quantum,3,,/local/scratch/a/rames102/Gurobi_QP/one_equality/complete_random
precond_pen=0.700,28,-17.707699696409,163.0441184787851,0.7,2,0.29732513427734375,0.03632497787475586,0.0,0111110001010000101110001011,-+++++---+-+----+-+++---+-++,0,False,"[[0.000116, 189.25660748], [0.005012, 180.33879319], [0.006405, 166.24356999], [0.036325, 163.04411848]]",5,quantum,3,,/local/scratch/a/rames102/Gurobi_QP/one_equality/complete_random
precond_pen=0.800,28,-11.743276531459005,163.0441184787851,0.8,2,0.3953261375427246,0.03750205039978027,0.0,0111110001010000101110001011,-+++++---+-+----+-+++---+-++,0,False,"[[0.000113, 189.25660748], [0.005171, 181.30110495], [0.006074, 178.78138239], [0.00669, 164.63926597], [0.037502, 163.04411848]]",5,quantum,3,,/local/scratch/a/rames102/Gurobi_QP/one_equality/complete_random
precond_pen=1.000,28,-1.7486931515860036,163.0441184787851,1.0,2,3.384274959564209,2.7587661743164062,0.0,0111110001010000101110001011,-+++++---+-+----+-+++---+-++,0,False,"[[0.000116, 189.25660748], [0.006246, 186.89123636], [0.006716, 163.89329064], [2.758766, 163.04411848]]",5,quantum,3,,/local/scratch/a/rames102/Gurobi_QP/one_equality/complete_random
baseline,28,171.28420630724403,171.2842063072439,,2,11.54801321029663,0.0057260990142822266,0.0,1010011001001111001101001100,+-+--++--+--++++--++-+--++--,0,False,"[[0.000118, 209.5918113], [0.004289, 206.44018163], [0.004852, 204.78281239], [0.005221, 203.07277917], [0.005726, 171.28420631]]",6,quantum,3,,/local/scratch/a/rames102/Gurobi_QP/one_equality/complete_random
precond_pen=0.200,28,-32.64592033254307,173.4877316938858,0.2,2,0.3348360061645508,0.00591588020324707,0.0,0101100010110001110010110011,-+-++---+-++---+++--+-++--++,0,False,"[[0.000122, 209.5918113], [0.004348, 203.7051743], [0.005379, 198.85701503], [0.005916, 173.48773169]]",6,quantum,3,,/local/scratch/a/rames102/Gurobi_QP/one_equality/complete_random
precond_pen=0.300,28,-47.96659977467601,173.4877316938858,0.3,2,0.17258906364440918,0.006304025650024414,0.0,0101100010110001110010110011,-+-++---+-++---+++--+-++--++,0,False,"[[0.000117, 209.5918113], [0.004971, 206.31718065], [0.0053, 204.78281239], [0.005651, 201.95226094], [0.006304, 173.48773169]]",6,quantum,3,,/local/scratch/a/rames102/Gurobi_QP/one_equality/complete_random
precond_pen=0.400,28,-36.928614190731984,172.777646405042,0.4,2,0.2216200828552246,0.00677800178527832,0.0,1010011101000111001101001100,+-+--+++-+---+++--++-+--++--,0,False,"[[0.000117, 209.5918113], [0.005186, 197.33548534], [0.006083, 199.28100345], [0.006778, 172.77764641]]",6,quantum,3,,/local/scratch/a/rames102/Gurobi_QP/one_equality/complete_random
precond_pen=0.500,28,-27.796553657930993,171.2842063072439,0.5,2,0.30118489265441895,0.006738901138305664,0.0,0101100110110000110010110011,-+-++--++-++----++--+-++--++,0,False,"[[0.000113, 209.5918113], [0.005166, 204.48427567], [0.006142, 197.5721835], [0.006739, 171.28420631]]",6,quantum,3,,/local/scratch/a/rames102/Gurobi_QP/one_equality/complete_random
precond_pen=0.700,28,-22.238066896794003,171.2842063072439,0.7,2,0.3071279525756836,0.006724834442138672,0.0,0101100110110000110010110011,-+-++--++-++----++--+-++--++,0,False,"[[0.000114, 209.5918113], [0.004978, 200.58150261], [0.005827, 200.31713932], [0.006725, 171.28420631]]",6,quantum,3,,/local/scratch/a/rames102/Gurobi_QP/one_equality/complete_random
precond_pen=0.800,28,-19.398168862394996,171.2842063072439,0.8,2,0.32281994819641113,0.006560087203979492,0.0,1010011001001111001101001100,+-+--++--+--++++--++-+--++--,0,False,"[[0.000114, 209.5918113], [0.005022, 209.60237989], [0.005457, 206.19621866], [0.005783, 199.36779752], [0.00656, 171.28420631]]",6,quantum,3,,/local/scratch/a/rames102/Gurobi_QP/one_equality/complete_random
precond_pen=1.000,28,-0.7918283931150008,225.5921179933742,1.0,2,0.335644006729126,0.0059490203857421875,0.0,0011010011000011100111001011,--++-+--++----+++--+++--+-++,0,False,"[[0.000116, 209.5918113], [0.005327, 210.79932602], [0.005949, 225.59211799]]",6,quantum,3,,/local/scratch/a/rames102/Gurobi_QP/one_equality/complete_random
baseline,28,167.76067416360615,167.76067416360587,,2,18.2045841217041,0.004619121551513672,0.0,1111000111010000011110010001,++++---+++-+-----++++--+---+,0,False,"[[0.000115, 195.7544466], [0.004619, 167.76067416]]",7,quantum,3,,/local/scratch/a/rames102/Gurobi_QP/one_equality/complete_random
precond_pen=0.200,28,-31.570124417760013,168.58817523882374,0.2,2,0.34668493270874023,0.0058939456939697266,0.0,1111001111010000011010100001,++++--++++-+-----++-+-+----+,0,False,"[[0.000126, 195.7544466], [0.004973, 196.32301573], [0.005292, 196.50118654], [0.005894, 168.58817524]]",7,quantum,3,,/local/scratch/a/rames102/Gurobi_QP/one_equality/complete_random
precond_pen=0.300,28,-52.33145791317499,168.58817523882374,0.3,2,0.06223893165588379,0.006411075592041016,0.0,0000110000101111100101011110,----++----+-+++++--+-+-++++-,0,False,"[[0.000118, 195.7544466], [0.004824, 191.9911265], [0.005226, 192.46203291], [0.00555, 190.44144677], [0.006411, 168.58817524]]",7,quantum,3,,/local/scratch/a/rames102/Gurobi_QP/one_equality/complete_random
precond_pen=0.400,28,-36.251234980811006,168.58817523882374,0.4,2,0.1416609287261963,0.005629062652587891,0.0,1111001111010000011010100001,++++--++++-+-----++-+-+----+,0,False,"[[0.000118, 195.7544466], [0.005039, 194.28501574], [0.005629, 168.58817524]]",7,quantum,3,,/local/scratch/a/rames102/Gurobi_QP/one_equality/complete_random
precond_pen=0.500,28,-25.882698260283014,168.58817523882374,0.5,2,0.09941697120666504,0.006198883056640625,0.0,0000110000101111100101011110,----++----+-+++++--+-+-++++-,0,False,"[[0.000116, 195.7544466], [0.004898, 188.90912653], [0.006199, 168.58817524]]",7,quantum,3,,/local/scratch/a/rames102/Gurobi_QP/one_equality/complete_random
precond_pen=0.700,28,-19.723577845481994,168.58817523882374,0.7,2,0.16952085494995117,0.16020894050598145,0.0,0000110000101111100101011110,----++----+-+++++--+-+-++++-,0,False,"[[0.000113, 195.7544466], [0.005374, 189.72708734], [0.006146, 167.76067416], [0.160209, 168.58817524]]",7,quantum,3,,/local/scratch/a/rames102/Gurobi_QP/one_equality/complete_random
precond_pen=0.800,28,-4.551569108970995,167.76067416360587,0.8,2,0.845829963684082,0.006949901580810547,0.0,0000111000101111100001101110,----+++---+-+++++----++-+++-,0,False,"[[0.000113, 195.7544466], [0.005599, 190.3977267], [0.005988, 190.44144677], [0.006319, 189.42145927], [0.00695, 167.76067416]]",7,quantum,3,,/local/scratch/a/rames102/Gurobi_QP/one_equality/complete_random
precond_pen=1.000,28,-0.7105479189599996,168.58817523882374,1.0,2,0.3128080368041992,0.006680965423583984,0.0,1111001111010000011010100001,++++--++++-+-----++-+-+----+,0,False,"[[0.000117, 195.7544466], [0.005347, 192.94662866], [0.006059, 190.11007118], [0.006681, 168.58817524]]",7,quantum,3,,/local/scratch/a/rames102/Gurobi_QP/one_equality/complete_random
baseline,28,162.44650091943208,162.44650091943177,,2,13.582504987716675,0.00458216667175293,0.0,1111110000100101100111000001,++++++----+--+-++--+++-----+,0,False,"[[0.000114, 191.12426956], [0.004582, 162.44650092]]",8,quantum,3,,/local/scratch/a/rames102/Gurobi_QP/one_equality/complete_random
precond_pen=0.200,28,-38.269972291322006,163.35473011085386,0.2,2,0.2617061138153076,0.0065021514892578125,0.0,1111110000101001100111000001,++++++----+-+--++--+++-----+,0,False,"[[0.000128, 191.12426956], [0.005309, 192.04937703], [0.006502, 163.35473011]]",8,quantum,3,,/local/scratch/a/rames102/Gurobi_QP/one_equality/complete_random
precond_pen=0.300,28,-52.818896019369014,163.0994474766317,0.3,2,0.13370013236999512,0.006142139434814453,0.0,1111110000101101100111000000,++++++----+-++-++--+++------,0,False,"[[0.000118, 191.12426956], [0.00482, 191.42640819], [0.006142, 163.09944748]]",8,quantum,3,,/local/scratch/a/rames102/Gurobi_QP/one_equality/complete_random
precond_pen=0.400,28,-36.211134418216986,163.35473011085386,0.4,2,0.13640809059143066,0.005918025970458984,0.0,1111110000101001100111000001,++++++----+-+--++--+++-----+,0,False,"[[0.000114, 191.12426956], [0.004589, 182.16449061], [0.005918, 163.35473011]]",8,quantum,3,,/local/scratch/a/rames102/Gurobi_QP/one_equality/complete_random
precond_pen=0.500,28,-27.661303859992003,163.35473011085386,0.5,2,0.15341591835021973,0.006452083587646484,0.0,1111110000101001100111000001,++++++----+-+--++--+++-----+,0,False,"[[0.000114, 191.12426956], [0.005056, 181.34637232], [0.006452, 163.35473011]]",8,quantum,3,,/local/scratch/a/rames102/Gurobi_QP/one_equality/complete_random
precond_pen=0.700,28,-20.49145468415399,163.35473011085386,0.7,2,0.16579103469848633,0.03461194038391113,0.0,0000001111010110011000111110,------++++-+-++--++---+++++-,0,False,"[[0.00013, 191.12426956], [0.005193, 185.05168786], [0.006292, 182.58823859], [0.00696, 166.03641942], [0.034612, 163.35473011]]",8,quantum,3,,/local/scratch/a/rames102/Gurobi_QP/one_equality/complete_random
precond_pen=0.800,28,-0.258896288291,212.68578371518586,0.8,2,0.21706104278564453,0.0061359405517578125,0.0,1111100001001111110000000101,+++++----+--++++++-------+-+,0,False,"[[0.000119, 191.12426956], [0.0048, 187.66466416], [0.006136, 212.68578372]]",8,quantum,3,,/local/scratch/a/rames102/Gurobi_QP/one_equality/complete_random
precond_pen=1.000,28,-1.9076848963669946,162.44650091943177,1.0,2,1.4083678722381592,0.006186962127685547,0.0,0000001111011010011000111110,------++++-++-+--++---+++++-,0,False,"[[0.000118, 191.12426956], [0.005764, 178.57654749], [0.006187, 162.44650092]]",8,quantum,3,,/local/scratch/a/rames102/Gurobi_QP/one_equality/complete_random
baseline,28,173.9136263427929,173.91362634279312,,2,15.800568103790283,0.10897612571716309,0.0,0010010011111110000001010111,--+--+--+++++++------+-+-+++,0,False,"[[0.000119, 207.38060405], [0.004091, 201.77391187], [0.005244, 174.57766661], [0.108976, 173.91362634]]",9,quantum,3,,/local/scratch/a/rames102/Gurobi_QP/one_equality/complete_random
precond_pen=0.200,28,-17.814387228382017,176.53755543128517,0.2,2,1.0048959255218506,0.005074024200439453,0.0,1101111100000001111110001000,++-+++++-------++++++---+---,0,False,"[[0.000121, 207.38060405], [0.004677, 203.24010272], [0.005074, 176.53755543]]",9,quantum,3,,/local/scratch/a/rames102/Gurobi_QP/one_equality/complete_random
precond_pen=0.300,28,-44.627752082074,176.53755543128517,0.3,2,0.1995398998260498,0.03459286689758301,0.0,0010000011111110000001110111,--+-----+++++++------+++-+++,0,False,"[[0.000116, 207.38060405], [0.005212, 194.17191973], [0.006399, 177.31356944], [0.034593, 176.53755543]]",9,quantum,3,,/local/scratch/a/rames102/Gurobi_QP/one_equality/complete_random
precond_pen=0.400,28,-31.36066813751701,176.53755543128517,0.4,2,0.1752159595489502,0.032179832458496094,0.0,0010000011111110000001110111,--+-----+++++++------+++-+++,0,False,"[[0.000115, 207.38060405], [0.004687, 197.02956439], [0.00593, 177.01743365], [0.03218, 176.53755543]]",9,quantum,3,,/local/scratch/a/rames102/Gurobi_QP/one_equality/complete_random
precond_pen=0.500,28,-22.903295864533,176.53755543128517,0.5,2,0.25438785552978516,0.006053924560546875,0.0,1101111100000001111110001000,++-+++++-------++++++---+---,0,False,"[[0.000113, 207.38060405], [0.004836, 191.13892621], [0.006054, 176.53755543]]",9,quantum,3,,/local/scratch/a/rames102/Gurobi_QP/one_equality/complete_random
precond_pen=0.700,28,-18.059700660315002,174.727508425277,0.7,2,0.3058621883392334,0.006528139114379883,0.0,1101101100000001111110001001,++-++-++-------++++++---+--+,0,False,"[[0.00013, 207.38060405], [0.00509, 186.7992803], [0.006528, 174.72750843]]",9,quantum,3,,/local/scratch/a/rames102/Gurobi_QP/one_equality/complete_random
precond_pen=0.800,28,-15.60932662482401,174.727508425277,0.8,2,0.31945109367370605,0.006371021270751953,0.0,1101101100000001111110001001,++-++-++-------++++++---+--+,0,False,"[[0.00012, 207.38060405], [0.005102, 192.90188015], [0.006371, 174.72750843]]",9,quantum,3,,/local/scratch/a/rames102/Gurobi_QP/one_equality/complete_random
precond_pen=1.000,28,-5.6633233475749964,173.91362634279312,1.0,2,0.6873588562011719,0.00665283203125,0.0,0010010011111110000001010111,--+--+--+++++++------+-+-+++,0,False,"[[0.000123, 207.38060405], [0.005258, 195.62647196], [0.006055, 192.90545658], [0.006653, 173.91362634]]",9,quantum,3,,/local/scratch/a/rames102/Gurobi_QP/one_equality/complete_random
baseline,28,167.41336223744622,167.41336223744608,,2,14.260703086853027,0.005271196365356445,0.0,1000111011100011000010111100,+---+++-+++---++----+-++++--,0,False,"[[0.000118, 194.61342848], [0.004007, 191.80386798], [0.005271, 167.41336224]]",10,quantum,3,,/local/scratch/a/rames102/Gurobi_QP/one_equality/complete_random
precond_pen=0.200,28,-30.36349984803799,167.4387554099561,0.2,2,0.4158051013946533,0.00580596923828125,0.0,0111000100011100110101010011,-+++---+---+++--++-+-+-+--++,0,False,"[[0.00012, 194.61342848], [0.00442, 195.69881902], [0.005806, 167.43875541]]",10,quantum,3,,/local/scratch/a/rames102/Gurobi_QP/one_equality/complete_random
precond_pen=0.300,28,-53.20924905160201,167.4387554099561,0.3,2,0.166215181350708,0.006281137466430664,0.0,1000111011100011001010101100,+---+++-+++---++--+-+-+-++--,0,False,"[[0.000118, 194.61342848], [0.004978, 180.96052284], [0.006281, 167.43875541]]",10,quantum,3,,/local/scratch/a/rames102/Gurobi_QP/one_equality/complete_random
precond_pen=0.400,28,-36.596289561666,167.4387554099561,0.4,2,0.16783785820007324,0.006429910659790039,0.0,1000111011100011001010101100,+---+++-+++---++--+-+-+-++--,0,False,"[[0.000118, 194.61342848], [0.004982, 190.78729065], [0.00643, 167.43875541]]",10,quantum,3,,/local/scratch/a/rames102/Gurobi_QP/one_equality/complete_random
precond_pen=0.500,28,-27.587183905215007,167.4387554099561,0.5,2,0.2529170513153076,0.006228923797607422,0.0,1000111011100011001010101100,+---+++-+++---++--+-+-+-++--,0,False,"[[0.000114, 194.61342848], [0.004603, 193.52369011], [0.005068, 194.50532817], [0.005396, 185.34022255], [0.006229, 167.43875541]]",10,quantum,3,,/local/scratch/a/rames102/Gurobi_QP/one_equality/complete_random
precond_pen=0.700,28,-20.40712846959301,167.4387554099561,0.7,2,0.271777868270874,0.00775599479675293,0.0,0111000100011100110101010011,-+++---+---+++--++-+-+-+--++,0,False,"[[0.000119, 194.61342848], [0.0056, 186.82090609], [0.007756, 167.43875541]]",10,quantum,3,,/local/scratch/a/rames102/Gurobi_QP/one_equality/complete_random
precond_pen=0.800,28,-17.858771002952004,167.4387554099561,0.8,2,0.27477502822875977,0.008734941482543945,0.0,1000111011100011001010101100,+---+++-+++---++--+-+-+-++--,0,False,"[[0.000123, 194.61342848], [0.006704, 190.14420987], [0.007296, 191.99389472], [0.007768, 190.98116704], [0.008735, 167.43875541]]",10,quantum,3,,/local/scratch/a/rames102/Gurobi_QP/one_equality/complete_random
precond_pen=1.000,28,-1.8228906736069979,223.1298073731779,1.0,2,1.2818028926849365,0.005615949630737305,0.0,1000111100110010011100110010,+---++++--++--+--+++--++--+-,0,False,"[[0.000115, 194.61342848], [0.004251, 199.05964427], [0.004877, 203.63506146], [0.005616, 223.12980737]]",10,quantum,3,,/local/scratch/a/rames102/Gurobi_QP/one_equality/complete_random
baseline,28,154.56207709474037,154.56207709473995,,2,10.062719821929932,0.11121201515197754,0.0,1001000011101101111010110000,+--+----+++-++-++++-+-++----,0,False,"[[0.000124, 194.75035761], [0.00457, 189.18731885], [0.004915, 186.0595437], [0.005456, 158.84896493], [0.111212, 154.56207709]]",11,quantum,3,,/local/scratch/a/rames102/Gurobi_QP/one_equality/complete_random
precond_pen=0.200,28,-36.99188223209997,157.43333189534002,0.2,2,0.30812883377075195,0.0067539215087890625,0.0,1001000011101101101110110000,+--+----+++-++-++-+++-++----,0,False,"[[0.000122, 194.75035761], [0.00481, 176.08560142], [0.006754, 157.4333319]]",11,quantum,3,,/local/scratch/a/rames102/Gurobi_QP/one_equality/complete_random
precond_pen=0.300,28,-45.203982776494,157.43333189534002,0.3,2,0.15636897087097168,0.006769895553588867,0.0,0110111100010010010001001111,-++-++++---+--+--+---+--++++,0,False,"[[0.000118, 194.75035761], [0.004985, 176.71296668], [0.00588, 179.76807496], [0.00677, 157.4333319]]",11,quantum,3,,/local/scratch/a/rames102/Gurobi_QP/one_equality/complete_random
precond_pen=0.400,28,-31.964084747494006,154.56207709473995,0.4,2,0.18503785133361816,0.006456851959228516,0.0,0110111100010010000101001111,-++-++++---+--+----+-+--++++,0,False,"[[0.000119, 194.75035761], [0.005104, 176.68431367], [0.006457, 154.56207709]]",11,quantum,3,,/local/scratch/a/rames102/Gurobi_QP/one_equality/complete_random
precond_pen=0.500,28,-24.61287864581501,154.56207709473995,0.5,2,0.15614080429077148,0.0062978267669677734,0.0,0110111100010010000101001111,-++-++++---+--+----+-+--++++,0,False,"[[0.000122, 194.75035761], [0.005005, 176.94654273], [0.006298, 154.56207709]]",11,quantum,3,,/local/scratch/a/rames102/Gurobi_QP/one_equality/complete_random
precond_pen=0.700,28,-18.664208223557015,154.56207709473995,0.7,2,0.13866877555847168,0.0063629150390625,0.0,0110111100010010000101001111,-++-++++---+--+----+-+--++++,0,False,"[[0.000116, 194.75035761], [0.004903, 191.21138984], [0.005279, 186.0595437], [0.005615, 181.47276335], [0.006363, 154.56207709]]",11,quantum,3,,/local/scratch/a/rames102/Gurobi_QP/one_equality/complete_random
precond_pen=0.800,28,-16.189811410118985,154.56207709473995,0.8,2,0.13951492309570312,0.033447980880737305,0.0,0110111100010010000101001111,-++-++++---+--+----+-+--++++,0,False,"[[0.000133, 194.75035761], [0.004741, 169.83863006], [0.00613, 159.02085674], [0.033448, 154.56207709]]",11,quantum,3,,/local/scratch/a/rames102/Gurobi_QP/one_equality/complete_random
precond_pen=1.000,28,-4.336903740406036,157.43333189534002,1.0,2,0.7335100173950195,0.10874009132385254,0.0,1001000011101101101110110000,+--+----+++-++-++-+++-++----,0,False,"[[0.000162, 194.75035761], [0.004775, 190.67579559], [0.005164, 186.0595437], [0.0058, 159.74367808], [0.10874, 157.4333319]]",11,quantum,3,,/local/scratch/a/rames102/Gurobi_QP/one_equality/complete_random
baseline,28,171.55721592534007,171.55721592534016,,2,18.172329902648926,0.10984086990356445,0.0,1110111100101001000001101100,+++-++++--+-+--+-----++-++--,0,False,"[[0.000122, 204.11547024], [0.004284, 194.14212016], [0.005556, 188.71403811], [0.006219, 175.41798108], [0.109841, 171.55721593]]",12,quantum,3,,/local/scratch/a/rames102/Gurobi_QP/one_equality/complete_random
precond_pen=0.200,28,-24.211569476741914,173.882317110858,0.2,2,0.4697690010070801,0.005586147308349609,0.0,1110101100101000000101111100,+++-+-++--+-+------+-+++++--,0,False,"[[0.000122, 204.11547024], [0.005062, 200.8111619], [0.005586, 173.88231711]]",12,quantum,3,,/local/scratch/a/rames102/Gurobi_QP/one_equality/complete_random
precond_pen=0.300,28,-47.963577137197,173.882317110858,0.3,2,0.13471198081970215,0.006258964538574219,0.0,0001010011010111111010000011,---+-+--++-+-++++++-+-----++,0,False,"[[0.000117, 204.11547024], [0.004951, 199.90590085], [0.005451, 197.47394281], [0.005785, 189.729642], [0.006259, 173.88231711]]",12,quantum,3,,/local/scratch/a/rames102/Gurobi_QP/one_equality/complete_random
precond_pen=0.400,28,-34.79112171607301,173.882317110858,0.4,2,0.15784907341003418,0.005843162536621094,0.0,0001010011010111111010000011,---+-+--++-+-++++++-+-----++,0,False,"[[0.000114, 204.11547024], [0.0052, 192.8947435], [0.005843, 173.88231711]]",12,quantum,3,,/local/scratch/a/rames102/Gurobi_QP/one_equality/complete_random
precond_pen=0.500,28,-25.13539438250699,173.882317110858,0.5,2,0.149277925491333,0.005939006805419922,0.0,0001010011010111111010000011,---+-+--++-+-++++++-+-----++,0,False,"[[0.000115, 204.11547024], [0.00452, 201.99976635], [0.004987, 200.00825481], [0.005326, 194.94064554], [0.005939, 173.88231711]]",12,quantum,3,,/local/scratch/a/rames102/Gurobi_QP/one_equality/complete_random
precond_pen=0.700,28,-19.441402357317,173.882317110858,0.7,2,0.2645530700683594,0.006631135940551758,0.0,0001010011010111111010000011,---+-+--++-+-++++++-+-----++,0,False,"[[0.000119, 204.11547024], [0.005148, 193.96815226], [0.005661, 197.47394281], [0.00601, 190.05683211], [0.006631, 173.88231711]]",12,quantum,3,,/local/scratch/a/rames102/Gurobi_QP/one_equality/complete_random
precond_pen=0.800,28,-14.171864111648,171.55721592534016,0.8,2,0.2299480438232422,0.007102012634277344,0.0,1110111100101001000001101100,+++-++++--+-+--+-----++-++--,0,False,"[[0.000117, 204.11547024], [0.005517, 198.95432454], [0.006047, 197.47394281], [0.006409, 194.12272533], [0.007102, 171.55721593]]",12,quantum,3,,/local/scratch/a/rames102/Gurobi_QP/one_equality/complete_random
precond_pen=1.000,28,-12.814362955646995,171.55721592534016,1.0,2,0.24805998802185059,0.006402015686035156,0.0,0001000011010110111110010011,---+----++-+-++-+++++--+--++,0,False,"[[0.000113, 204.11547024], [0.005132, 181.70857971], [0.006402, 171.55721593]]",12,quantum,3,,/local/scratch/a/rames102/Gurobi_QP/one_equality/complete_random
baseline,28,165.52632658703897,165.5263265870391,,2,8.866223096847534,0.10890507698059082,0.0,1101001010110000010110101110,++-+--+-+-++-----+-++-+-+++-,0,False,"[[0.000113, 199.60134542], [0.003946, 195.40356133], [0.004261, 190.56281956], [0.004822, 171.24886373], [0.108505, 166.35969307], [0.108905, 165.52632659]]",13,quantum,3,,/local/scratch/a/rames102/Gurobi_QP/one_equality/complete_random
precond_pen=0.200,28,-43.28077752900997,165.5263265870391,0.2,2,0.40467405319213867,0.0064890384674072266,0.0,0010110101001111101001010001,--+-++-+-+--+++++-+--+-+---+,0,False,"[[0.000124, 199.60134542], [0.005107, 205.29029131], [0.005484, 190.56281956], [0.005844, 194.3780727], [0.006489, 165.52632659]]",13,quantum,3,,/local/scratch/a/rames102/Gurobi_QP/one_equality/complete_random
precond_pen=0.300,28,-71.24330176131099,165.5263265870391,0.3,2,0.04436683654785156,0.00674891471862793,0.0,1101001010110000010110101110,++-+--+-+-++-----+-++-+-+++-,0,False,"[[0.000121, 199.60134542], [0.006294, 192.59557301], [0.006749, 165.52632659]]",13,quantum,3,,/local/scratch/a/rames102/Gurobi_QP/one_equality/complete_random
precond_pen=0.400,28,-42.00428616025201,165.5263265870391,0.4,2,0.057581186294555664,0.006120204925537109,0.0,1101001010110000010110101110,++-+--+-+-++-----+-++-+-+++-,0,False,"[[0.000127, 199.60134542], [0.004787, 197.43008047], [0.005144, 190.56281956], [0.005507, 192.17332114], [0.00612, 165.52632659]]",13,quantum,3,,/local/scratch/a/rames102/Gurobi_QP/one_equality/complete_random
precond_pen=0.500,28,-28.268301452503014,165.5263265870391,0.5,2,0.07610797882080078,0.006120920181274414,0.0,1101001010110000010110101110,++-+--+-+-++-----+-++-+-+++-,0,False,"[[0.000113, 199.60134542], [0.004981, 196.23931873], [0.005335, 190.56281956], [0.00567, 187.16711746], [0.006121, 165.52632659]]",13,quantum,3,,/local/scratch/a/rames102/Gurobi_QP/one_equality/complete_random
precond_pen=0.700,28,-25.27060212369,165.5263265870391,0.7,2,0.08083105087280273,0.0061299800872802734,0.0,1101001010110000010110101110,++-+--+-+-++-----+-++-+-+++-,0,False,"[[0.000113, 199.60134542], [0.004878, 185.07028997], [0.00613, 165.52632659]]",13,quantum,3,,/local/scratch/a/rames102/Gurobi_QP/one_equality/complete_random
precond_pen=0.800,28,-4.7878930597660005,165.5263265870391,0.8,2,0.5769469738006592,0.006953001022338867,0.0,0010110101001111101001010001,--+-++-+-+--+++++-+--+-+---+,0,False,"[[0.000115, 199.60134542], [0.005637, 194.03360373], [0.005969, 190.56281956], [0.006348, 189.74090399], [0.006953, 165.52632659]]",13,quantum,3,,/local/scratch/a/rames102/Gurobi_QP/one_equality/complete_random
precond_pen=1.000,28,-5.2853704425370065,165.5263265870391,1.0,2,0.2937338352203369,0.007030010223388672,0.0,1101001010110000010110101110,++-+--+-+-++-----+-++-+-+++-,0,False,"[[0.000119, 199.60134542], [0.005328, 189.04597752], [0.006289, 185.74729769], [0.00703, 165.52632659]]",13,quantum,3,,/local/scratch/a/rames102/Gurobi_QP/one_equality/complete_random
baseline,28,169.94244263236604,169.94244263236587,,2,18.449687957763672,0.10953998565673828,0.0,1111001101011100001001100100,++++--++-+-+++----+--++--+--,0,False,"[[0.000119, 191.56628962], [0.003771, 185.82713204], [0.004997, 173.2453035], [0.10954, 169.94244263]]",14,quantum,3,,/local/scratch/a/rames102/Gurobi_QP/one_equality/complete_random
precond_pen=0.200,28,-23.771599763054994,171.0818926676499,0.2,2,0.6697108745574951,0.005658864974975586,0.0,1111011101011100001001000100,++++-+++-+-+++----+--+---+--,0,False,"[[0.000122, 191.56628962], [0.005659, 171.08189267]]",14,quantum,3,,/local/scratch/a/rames102/Gurobi_QP/one_equality/complete_random
precond_pen=0.300,28,-39.74625660280199,169.94244263236587,0.3,2,0.16684603691101074,0.006431102752685547,0.0,1111001101011100001001100100,++++--++-+-+++----+--++--+--,0,False,"[[0.000127, 191.56628962], [0.005092, 188.5842899], [0.006431, 169.94244263]]",14,quantum,3,,/local/scratch/a/rames102/Gurobi_QP/one_equality/complete_random
precond_pen=0.400,28,-29.59252706141899,169.94244263236587,0.4,2,0.22391796112060547,0.0062868595123291016,0.0,0000110010100011110110011011,----++--+-+---++++-++--++-++,0,False,"[[0.00013, 191.56628962], [0.004777, 190.10296514], [0.005778, 185.0546279], [0.006287, 169.94244263]]",14,quantum,3,,/local/scratch/a/rames102/Gurobi_QP/one_equality/complete_random
precond_pen=0.500,28,-22.738359300459987,169.94244263236587,0.5,2,0.22510910034179688,0.22447514533996582,0.0,1111001101011100001001100100,++++--++-+-+++----+--++--+--,0,False,"[[0.00015, 191.56628962], [0.004926, 189.28404415], [0.005359, 188.22479131], [0.006017, 171.83536127], [0.224145, 169.94244263], [0.224475, 169.94244263]]",14,quantum,3,,/local/scratch/a/rames102/Gurobi_QP/one_equality/complete_random
precond_pen=0.700,28,-17.870089070245008,169.94244263236587,0.7,2,0.2177720069885254,0.21715092658996582,0.0,1111001101011100001001100100,++++--++-+-+++----+--++--+--,0,False,"[[0.000118, 191.56628962], [0.005296, 189.20709718], [0.005951, 171.83536127], [0.216827, 169.94244263], [0.217151, 169.94244263]]",14,quantum,3,,/local/scratch/a/rames102/Gurobi_QP/one_equality/complete_random
precond_pen=0.800,28,-12.16925194120999,169.94244263236587,0.8,2,0.2421891689300537,0.006492137908935547,0.0,0000110010100011110110011011,----++--+-+---++++-++--++-++,0,False,"[[0.000113, 191.56628962], [0.00493, 190.65500198], [0.005354, 188.22479131], [0.005849, 183.97176409], [0.006492, 169.94244263]]",14,quantum,3,,/local/scratch/a/rames102/Gurobi_QP/one_equality/complete_random
precond_pen=1.000,28,-7.810786691350989,169.94244263236587,1.0,2,0.33763718605041504,0.0068700313568115234,0.0,0000110010100011110110011011,----++--+-+---++++-++--++-++,0,False,"[[0.000117, 191.56628962], [0.005094, 186.89362917], [0.005496, 188.22479131], [0.005927, 184.75962494], [0.00687, 169.94244263]]",14,quantum,3,,/local/scratch/a/rames102/Gurobi_QP/one_equality/complete_random
baseline,28,176.3499141776072,176.3499141776068,,2,18.395271062850952,0.004996061325073242,0.0,0011011100010001011110011001,--++-+++---+---+-++++--++--+,0,False,"[[0.000117, 209.20319871], [0.004368, 206.79789695], [0.004996, 176.34991418]]",15,quantum,3,,/local/scratch/a/rames102/Gurobi_QP/one_equality/complete_random
precond_pen=0.200,28,-16.25016466365996,177.7401662710748,0.2,2,0.8947751522064209,0.005264997482299805,0.0,1010011110011100001110010100,+-+--++++--+++----+++--+-+--,0,False,"[[0.000126, 209.20319871], [0.005265, 177.74016627]]",15,quantum,3,,/local/scratch/a/rames102/Gurobi_QP/one_equality/complete_random
precond_pen=0.300,28,-40.52772575133,177.7401662710748,0.3,2,0.22344112396240234,0.00651097297668457,0.0,0101100001100011110001101011,-+-++----++---++++---++-+-++,0,False,"[[0.000118, 209.20319871], [0.005028, 195.56478973], [0.006511, 177.74016627]]",15,quantum,3,,/local/scratch/a/rames102/Gurobi_QP/one_equality/complete_random
precond_pen=0.400,28,-29.412810041193993,177.084216670759,0.4,2,0.22286009788513184,0.037989139556884766,0.0,1010011110011100100110010100,+-+--++++--+++--+--++--+-+--,0,False,"[[0.000122, 209.20319871], [0.005417, 192.20161073], [0.006661, 176.78884553], [0.037989, 177.08421667]]",15,quantum,3,,/local/scratch/a/rames102/Gurobi_QP/one_equality/complete_random
precond_pen=0.500,28,-22.557883581467998,177.084216670759,0.5,2,0.21772313117980957,0.00714421272277832,0.0,0101100001100011011001101011,-+-++----++---++-++--++-+-++,0,False,"[[0.000118, 209.20319871], [0.005388, 195.22325212], [0.00647, 193.51247531], [0.007144, 177.08421667]]",15,quantum,3,,/local/scratch/a/rames102/Gurobi_QP/one_equality/complete_random
precond_pen=0.700,28,-17.318744923228003,177.084216670759,0.7,2,0.23694086074829102,0.006901979446411133,0.0,0101100001100011011001101011,-+-++----++---++-++--++-+-++,0,False,"[[0.000129, 209.20319871], [0.005454, 195.11663298], [0.006902, 177.08421667]]",15,quantum,3,,/local/scratch/a/rames102/Gurobi_QP/one_equality/complete_random
precond_pen=0.800,28,-11.996507328224002,177.084216670759,0.8,2,0.4013328552246094,0.007055997848510742,0.0,0101100001100011011001101011,-+-++----++---++-++--++-+-++,0,False,"[[0.000116, 209.20319871], [0.005181, 200.80543398], [0.005905, 199.44676999], [0.006441, 199.75636024], [0.007056, 177.08421667]]",15,quantum,3,,/local/scratch/a/rames102/Gurobi_QP/one_equality/complete_random
precond_pen=1.000,28,-3.5153596013080115,176.3499141776068,1.0,2,1.1807200908660889,0.007155179977416992,0.0,0011011100010001011110011001,--++-+++---+---+-++++--++--+,0,False,"[[0.00012, 209.20319871], [0.006383, 195.93120232], [0.007155, 176.34991418]]",15,quantum,3,,/local/scratch/a/rames102/Gurobi_QP/one_equality/complete_random
baseline,28,169.04097631270196,169.04097631270193,,2,11.716023921966553,0.10991096496582031,0.0,0011011001001101000000111111,--++-++--+--++-+------++++++,0,False,"[[0.000124, 192.74573651], [0.004425, 192.69541669], [0.004944, 174.44206604], [0.109911, 169.04097631]]",16,quantum,3,,/local/scratch/a/rames102/Gurobi_QP/one_equality/complete_random
precond_pen=0.200,28,-20.079568584506845,169.04097631270193,0.2,2,1.161949872970581,0.037297964096069336,0.0,0011011001001101000000111111,--++-++--+--++-+------++++++,0,False,"[[0.000119, 192.74573651], [0.004836, 175.76179728], [0.037298, 169.04097631]]",16,quantum,3,,/local/scratch/a/rames102/Gurobi_QP/one_equality/complete_random
precond_pen=0.300,28,-48.51587265931799,169.04097631270193,0.3,2,0.0777428150177002,0.0068569183349609375,0.0,1100100110110010111111000000,++--+--++-++--+-++++++------,0,False,"[[0.000118, 192.74573651], [0.005265, 194.34223135], [0.006262, 185.41087013], [0.006857, 169.04097631]]",16,quantum,3,,/local/scratch/a/rames102/Gurobi_QP/one_equality/complete_random
precond_pen=0.400,28,-34.20022529667199,169.04097631270193,0.4,2,0.06682300567626953,0.006782054901123047,0.0,1100100110110010111111000000,++--+--++-++--+-++++++------,0,False,"[[0.000113, 192.74573651], [0.005294, 195.48119283], [0.006782, 169.04097631]]",16,quantum,3,,/local/scratch/a/rames102/Gurobi_QP/one_equality/complete_random
precond_pen=0.500,28,-24.307566165043994,169.04097631270193,0.5,2,0.08918309211730957,0.006697177886962891,0.0,0011011001001101000000111111,--++-++--+--++-+------++++++,0,False,"[[0.000113, 192.74573651], [0.005383, 192.10551516], [0.005702, 190.07874672], [0.006095, 191.57211819], [0.006697, 169.04097631]]",16,quantum,3,,/local/scratch/a/rames102/Gurobi_QP/one_equality/complete_random
precond_pen=0.700,28,-18.89581448771899,169.04097631270193,0.7,2,0.10370802879333496,0.006799936294555664,0.0,0011011001001101000000111111,--++-++--+--++-+------++++++,0,False,"[[0.000113, 192.74573651], [0.005542, 196.48467247], [0.005862, 190.07874672], [0.006214, 188.86240158], [0.0068, 169.04097631]]",16,quantum,3,,/local/scratch/a/rames102/Gurobi_QP/one_equality/complete_random
precond_pen=0.800,28,-16.174697902704004,169.04097631270193,0.8,2,0.1673729419708252,0.033186912536621094,0.0,1100100110110010111111000000,++--+--++-++--+-++++++------,0,False,"[[0.000112, 192.74573651], [0.004735, 194.409932], [0.005055, 190.07874672], [0.005388, 187.11294463], [0.005999, 173.72462864], [0.033187, 169.04097631]]",16,quantum,3,,/local/scratch/a/rames102/Gurobi_QP/one_equality/complete_random
precond_pen=1.000,28,-2.3884356391520045,193.81530366097806,1.0,2,0.29668283462524414,0.006058931350708008,0.0,0101010000001101101001111011,-+-+-+------++-++-+--++++-++,0,False,"[[0.000112, 192.74573651], [0.004701, 197.13740163], [0.006059, 193.81530366]]",16,quantum,3,,/local/scratch/a/rames102/Gurobi_QP/one_equality/complete_random
baseline,28,159.9183106165251,159.91831061652513,,2,11.064950942993164,0.0051670074462890625,0.0,0011011000000111110101101010,--++-++------+++++-+-++-+-+-,0,False,"[[0.000114, 194.19487254], [0.003758, 191.76891475], [0.004317, 191.48255754], [0.004635, 189.71912232], [0.005167, 159.91831062]]",17,quantum,3,,/local/scratch/a/rames102/Gurobi_QP/one_equality/complete_random
precond_pen=0.200,28,-36.88087234871301,160.92906705655307,0.2,2,0.2641420364379883,0.006412982940673828,0.0,1100100111011001001010010101,++--+--+++-++--+--+-+--+-+-+,0,False,"[[0.000128, 194.19487254], [0.005182, 191.61020983], [0.005861, 191.81378083], [0.006413, 160.92906706]]",17,quantum,3,,/local/scratch/a/rames102/Gurobi_QP/one_equality/complete_random
precond_pen=0.300,28,-46.478995495735,159.91831061652513,0.3,2,0.13702392578125,0.006242990493774414,0.0,1100100111111000001010010101,++--+--++++++-----+-+--+-+-+,0,False,"[[0.000122, 194.19487254], [0.004853, 187.03782648], [0.006243, 159.91831062]]",17,quantum,3,,/local/scratch/a/rames102/Gurobi_QP/one_equality/complete_random
precond_pen=0.400,28,-33.41891869598401,159.91831061652513,0.4,2,0.14670014381408691,0.006615161895751953,0.0,0011011000000111110101101010,--++-++------+++++-+-++-+-+-,0,False,"[[0.000125, 194.19487254], [0.005125, 179.16868638], [0.006014, 182.86570504], [0.006615, 159.91831062]]",17,quantum,3,,/local/scratch/a/rames102/Gurobi_QP/one_equality/complete_random
precond_pen=0.500,28,-26.368061298707005,159.91831061652513,0.5,2,0.17783808708190918,0.038053035736083984,0.0,1100100111111000001010010101,++--+--++++++-----+-+--+-+-+,0,False,"[[0.000149, 194.19487254], [0.005648, 181.38426433], [0.006299, 161.49018576], [0.038053, 159.91831062]]",17,quantum,3,,/local/scratch/a/rames102/Gurobi_QP/one_equality/complete_random
precond_pen=0.700,28,-19.814223710782,159.91831061652513,0.7,2,0.18187999725341797,0.036615848541259766,0.0,1100100111111000001010010101,++--+--++++++-----+-+--+-+-+,0,False,"[[0.000129, 194.19487254], [0.005443, 182.32286529], [0.006088, 161.49018576], [0.036616, 159.91831062]]",17,quantum,3,,/local/scratch/a/rames102/Gurobi_QP/one_equality/complete_random
precond_pen=0.800,28,-16.834030703991008,159.91831061652513,0.8,2,0.16661596298217773,0.034178972244262695,0.0,1100100111111000001010010101,++--+--++++++-----+-+--+-+-+,0,False,"[[0.00014, 194.19487254], [0.004762, 184.68517597], [0.005244, 191.48255754], [0.005792, 177.42476354], [0.006216, 163.57256182], [0.034179, 159.91831062]]",17,quantum,3,,/local/scratch/a/rames102/Gurobi_QP/one_equality/complete_random
precond_pen=1.000,28,-5.2124571434659845,159.91831061652513,1.0,2,0.31586718559265137,0.006541013717651367,0.0,1100100111111000001010010101,++--+--++++++-----+-+--+-+-+,0,False,"[[0.000129, 194.19487254], [0.005232, 177.29427991], [0.006541, 159.91831062]]",17,quantum,3,,/local/scratch/a/rames102/Gurobi_QP/one_equality/complete_random
baseline,28,169.59759578934708,169.59759578934697,,2,13.759682893753052,9.282540082931519,0.0,0001110101010100100010111101,---+++-+-+-+-+--+---+-++++-+,0,False,"[[0.000127, 202.67107212], [0.003975, 197.38261953], [0.004333, 197.29639939], [0.005133, 170.92622292], [9.28254, 169.59759579]]",18,quantum,3,,/local/scratch/a/rames102/Gurobi_QP/one_equality/complete_random
precond_pen=0.200,28,-21.66262356261302,171.0708254505229,0.2,2,0.6255710124969482,0.04357004165649414,0.0,1000110100011100100010111101,+---++-+---+++--+---+-++++-+,0,False,"[[0.000138, 202.67107212], [0.005131, 174.81594228], [0.04357, 171.07082545]]",18,quantum,3,,/local/scratch/a/rames102/Gurobi_QP/one_equality/complete_random
precond_pen=0.300,28,-40.74044403421501,171.0708254505229,0.3,2,0.14136290550231934,0.006810903549194336,0.0,1000110100011100100010111101,+---++-+---+++--+---+-++++-+,0,False,"[[0.000131, 202.67107212], [0.005321, 194.75001425], [0.006211, 190.56219781], [0.006811, 171.07082545]]",18,quantum,3,,/local/scratch/a/rames102/Gurobi_QP/one_equality/complete_random
precond_pen=0.400,28,-28.915535960369013,171.0708254505229,0.4,2,0.18506097793579102,0.006268024444580078,0.0,1000110100011100100010111101,+---++-+---+++--+---+-++++-+,0,False,"[[0.000145, 202.67107212], [0.004948, 191.36171156], [0.006268, 171.07082545]]",18,quantum,3,,/local/scratch/a/rames102/Gurobi_QP/one_equality/complete_random
precond_pen=0.500,28,-21.230590166509,171.0708254505229,0.5,2,0.14876604080200195,0.033596038818359375,0.0,1000110100011100100010111101,+---++-+---+++--+---+-++++-+,0,False,"[[0.000132, 202.67107212], [0.004966, 199.83492991], [0.005317, 197.29639939], [0.005644, 197.95407163], [0.006226, 172.32361928], [0.033596, 171.07082545]]",18,quantum,3,,/local/scratch/a/rames102/Gurobi_QP/one_equality/complete_random
precond_pen=0.700,28,-16.395060115343988,171.0708254505229,0.7,2,0.17500710487365723,0.006155967712402344,0.0,1000110100011100100010111101,+---++-+---+++--+---+-++++-+,0,False,"[[0.00013, 202.67107212], [0.004744, 184.11821082], [0.006156, 171.07082545]]",18,quantum,3,,/local/scratch/a/rames102/Gurobi_QP/one_equality/complete_random
precond_pen=0.800,28,-14.170258101702013,171.0708254505229,0.8,2,0.2019329071044922,0.006295919418334961,0.0,0111001011100011011101000010,-+++--+-+++---++-+++-+----+-,0,False,"[[0.000129, 202.67107212], [0.005126, 198.64018496], [0.00549, 197.29639939], [0.005817, 189.37959964], [0.006296, 171.07082545]]",18,quantum,3,,/local/scratch/a/rames102/Gurobi_QP/one_equality/complete_random
precond_pen=1.000,28,-10.54556905797499,169.59759578934697,1.0,2,0.2534921169281006,0.03264594078063965,0.0,0001110101010100100010111101,---+++-+-+-+-+--+---+-++++-+,0,False,"[[0.000131, 202.67107212], [0.005208, 185.54491598], [0.006086, 185.26128572], [0.006581, 172.32361928], [0.032646, 169.59759579]]",18,quantum,3,,/local/scratch/a/rames102/Gurobi_QP/one_equality/complete_random
baseline,28,165.5554849501289,165.55548495012914,,2,19.727338075637817,0.0060160160064697266,0.0,1100000111111110001100001010,++-----++++++++---++----+-+-,0,False,"[[0.000131, 198.55570163], [0.004242, 195.13910364], [0.005258, 194.32478757], [0.006016, 165.55548495]]",19,quantum,3,,/local/scratch/a/rames102/Gurobi_QP/one_equality/complete_random
precond_pen=0.200,28,-32.61212827894897,165.55548495012914,0.2,2,0.35924196243286133,0.006237030029296875,0.0,0011111000000001110011110101,--+++++--------+++--++++-+-+,0,False,"[[0.000137, 198.55570163], [0.004812, 190.97847227], [0.006237, 165.55548495]]",19,quantum,3,,/local/scratch/a/rames102/Gurobi_QP/one_equality/complete_random
precond_pen=0.300,28,-53.28648670540699,165.55548495012914,0.3,2,0.16391611099243164,0.005661964416503906,0.0,1100000111111110001100001010,++-----++++++++---++----+-+-,0,False,"[[0.000129, 198.55570163], [0.00455, 180.5214023], [0.005662, 165.55548495]]",19,quantum,3,,/local/scratch/a/rames102/Gurobi_QP/one_equality/complete_random
precond_pen=0.400,28,-35.702855319651,165.55548495012914,0.4,2,0.17896413803100586,0.00574803352355957,0.0,0011111000000001110011110101,--+++++--------+++--++++-+-+,0,False,"[[0.000128, 198.55570163], [0.004424, 190.71081108], [0.005748, 165.55548495]]",19,quantum,3,,/local/scratch/a/rames102/Gurobi_QP/one_equality/complete_random
precond_pen=0.500,28,-25.163402633146994,165.55548495012914,0.5,2,0.27945494651794434,0.005789995193481445,0.0,1100000111111110001100001010,++-----++++++++---++----+-+-,0,False,"[[0.000126, 198.55570163], [0.004516, 192.81698561], [0.00579, 165.55548495]]",19,quantum,3,,/local/scratch/a/rames102/Gurobi_QP/one_equality/complete_random
precond_pen=0.700,28,-20.092234152426997,165.55548495012914,0.7,2,0.2590770721435547,0.006370067596435547,0.0,0011111000000001110011110101,--+++++--------+++--++++-+-+,0,False,"[[0.000131, 198.55570163], [0.004849, 190.84846745], [0.00637, 165.55548495]]",19,quantum,3,,/local/scratch/a/rames102/Gurobi_QP/one_equality/complete_random
precond_pen=0.800,28,-17.096862889831005,165.55548495012914,0.8,2,0.2537050247192383,0.0062410831451416016,0.0,0011111000000001110011110101,--+++++--------+++--++++-+-+,0,False,"[[0.00012, 198.55570163], [0.00473, 187.1031877], [0.006241, 165.55548495]]",19,quantum,3,,/local/scratch/a/rames102/Gurobi_QP/one_equality/complete_random
precond_pen=1.000,28,-4.46882730105199,165.55548495012914,1.0,2,0.678286075592041,0.03218197822570801,0.0,1100000111111110001100001010,++-----++++++++---++----+-+-,0,False,"[[0.000114, 198.55570163], [0.005295, 190.87799733], [0.006204, 188.17104288], [0.006558, 168.76525358], [0.032182, 165.55548495]]",19,quantum,3,,/local/scratch/a/rames102/Gurobi_QP/one_equality/complete_random
baseline,28,163.97192166516905,163.97192166516888,,2,16.848412036895752,0.005094051361083984,0.0,1110000001111110011000010110,+++------++++++--++----+-++-,0,False,"[[0.000119, 204.37596661], [0.00375, 199.85884294], [0.004426, 197.49784683], [0.005094, 163.97192167]]",20,quantum,3,,/local/scratch/a/rames102/Gurobi_QP/one_equality/complete_random
precond_pen=0.200,28,-23.48567983566103,164.27915045135907,0.2,2,0.38735103607177734,0.007969141006469727,0.0,0010101101011110001100100110,--+-+-++-+-++++---++--+--++-,0,False,"[[0.000123, 204.37596661], [0.00584, 199.49348147], [0.006932, 189.10575052], [0.007375, 190.39824967], [0.007969, 164.27915045]]",20,quantum,3,,/local/scratch/a/rames102/Gurobi_QP/one_equality/complete_random
precond_pen=0.300,28,-32.699838662426004,164.1360755810248,0.3,2,0.22257089614868164,0.006012916564941406,0.0,1110100000111110011000010110,+++-+-----+++++--++----+-++-,0,False,"[[0.000128, 204.37596661], [0.004669, 182.19800556], [0.006013, 164.13607558]]",20,quantum,3,,/local/scratch/a/rames102/Gurobi_QP/one_equality/complete_random
precond_pen=0.400,28,-24.618475325224004,164.27915045135907,0.4,2,0.2138378620147705,0.036314964294433594,0.0,0010101101011110001100100110,--+-+-++-+-++++---++--+--++-,0,False,"[[0.00012, 204.37596661], [0.004874, 183.38860243], [0.006121, 164.13607558], [0.036315, 164.27915045]]",20,quantum,3,,/local/scratch/a/rames102/Gurobi_QP/one_equality/complete_random
precond_pen=0.500,28,-20.260131413798018,164.27915045135907,0.5,2,0.2673358917236328,0.2667510509490967,0.0,0010101101011110001100100110,--+-+-++-+-++++---++--+--++-,0,False,"[[0.000121, 204.37596661], [0.005174, 186.8741436], [0.006071, 187.58847216], [0.006834, 168.50077841], [0.266329, 164.27915045], [0.266751, 164.27915045]]",20,quantum,3,,/local/scratch/a/rames102/Gurobi_QP/one_equality/complete_random
precond_pen=0.700,28,-16.06547617604099,164.27915045135907,0.7,2,0.3085169792175293,0.03504800796508789,0.0,0010101101011110001100100110,--+-+-++-+-++++---++--+--++-,0,False,"[[0.000117, 204.37596661], [0.005369, 179.83061853], [0.006741, 163.97192167], [0.035048, 164.27915045]]",20,quantum,3,,/local/scratch/a/rames102/Gurobi_QP/one_equality/complete_random
precond_pen=0.800,28,-14.01807342627601,164.27915045135907,0.8,2,0.33493685722351074,0.033293962478637695,0.0,0010101101011110001100100110,--+-+-++-+-++++---++--+--++-,0,False,"[[0.000116, 204.37596661], [0.005493, 177.13180176], [0.006768, 165.6269475], [0.033152, 163.97192167], [0.033294, 164.27915045]]",20,quantum,3,,/local/scratch/a/rames102/Gurobi_QP/one_equality/complete_random
precond_pen=1.000,28,-7.173028563142996,163.97192166516888,1.0,2,0.6073229312896729,0.03242206573486328,0.0,0001111110000001100111101001,---++++++------++--++++-+--+,0,False,"[[0.000116, 204.37596661], [0.005183, 195.64166694], [0.005766, 189.93456004], [0.006125, 185.38993178], [0.006584, 167.59003746], [0.032422, 163.97192167]]",20,quantum,3,,/local/scratch/a/rames102/Gurobi_QP/one_equality/complete_random
baseline,28,164.89426128460187,164.89426128460173,,2,11.701004981994629,0.10762596130371094,0.0,0101000111100110011011000110,-+-+---++++--++--++-++---++-,0,False,"[[0.000114, 191.00193356], [0.004941, 167.45144223], [0.107626, 164.89426128]]",21,quantum,3,,/local/scratch/a/rames102/Gurobi_QP/one_equality/complete_random
precond_pen=0.200,28,-31.31576452045705,165.02310616348382,0.2,2,0.25710415840148926,0.0065500736236572266,0.0,1010111100011001100100011001,+-+-++++---++--++--+---++--+,0,False,"[[0.000135, 191.00193356], [0.005262, 189.59968031], [0.005852, 191.1099619], [0.00655, 165.02310616]]",21,quantum,3,,/local/scratch/a/rames102/Gurobi_QP/one_equality/complete_random
precond_pen=0.300,28,-45.67979042741401,165.02310616348382,0.3,2,0.15041804313659668,0.00634002685546875,0.0,1010111100011001100100011001,+-+-++++---++--++--+---++--+,0,False,"[[0.000114, 191.00193356], [0.005267, 187.81080672], [0.00562, 191.1099619], [0.00634, 165.02310616]]",21,quantum,3,,/local/scratch/a/rames102/Gurobi_QP/one_equality/complete_random
precond_pen=0.400,28,-32.86284680525701,165.02310616348382,0.4,2,0.17148995399475098,0.005798816680908203,0.0,0101000011100110011011100110,-+-+----+++--++--++-+++--++-,0,False,"[[0.000119, 191.00193356], [0.005169, 192.262507], [0.005799, 165.02310616]]",21,quantum,3,,/local/scratch/a/rames102/Gurobi_QP/one_equality/complete_random
precond_pen=0.500,28,-24.952187901966,165.02310616348382,0.5,2,0.17166519165039062,0.006443977355957031,0.0,0101000011100110011011100110,-+-+----+++--++--++-+++--++-,0,False,"[[0.000116, 191.00193356], [0.004916, 186.66479125], [0.006444, 165.02310616]]",21,quantum,3,,/local/scratch/a/rames102/Gurobi_QP/one_equality/complete_random
precond_pen=0.700,28,-19.252984015434993,165.02310616348382,0.7,2,0.1492629051208496,0.14892005920410156,0.0,0101000011100110011011100110,-+-+----+++--++--++-+++--++-,0,False,"[[0.000115, 191.00193356], [0.006248, 166.2790063], [0.146309, 165.02310616], [0.14892, 165.02310616]]",21,quantum,3,,/local/scratch/a/rames102/Gurobi_QP/one_equality/complete_random
precond_pen=0.800,28,-6.826561408987008,165.02310616348382,0.8,2,0.3076601028442383,0.0363001823425293,0.0,0101000011100110011011100110,-+-+----+++--++--++-+++--++-,0,False,"[[0.000118, 191.00193356], [0.005637, 185.68486734], [0.006114, 167.1453807], [0.0363, 165.02310616]]",21,quantum,3,,/local/scratch/a/rames102/Gurobi_QP/one_equality/complete_random
precond_pen=1.000,28,-1.7979910991259977,165.02310616348382,1.0,2,2.252653121948242,0.0231630802154541,0.0,0101000011100110011011100110,-+-+----+++--++--++-+++--++-,0,False,"[[0.000116, 191.00193356], [0.00538, 190.70131252], [0.00581, 166.70882544], [0.023163, 165.02310616]]",21,quantum,3,,/local/scratch/a/rames102/Gurobi_QP/one_equality/complete_random
baseline,28,164.29344316580202,164.29344316580205,,2,21.408348083496094,0.005895137786865234,0.0,1101100111110001000010100101,++-++--+++++---+----+-+--+-+,0,False,"[[0.00012, 190.42904559], [0.005018, 186.81623225], [0.005347, 186.52636952], [0.005895, 164.29344317]]",22,quantum,3,,/local/scratch/a/rames102/Gurobi_QP/one_equality/complete_random
precond_pen=0.200,28,-24.003360670888064,166.8761691746758,0.2,2,0.5887269973754883,0.09512686729431152,0.0,1101100011111001100010100100,++-++---+++++--++---+-+--+--,0,False,"[[0.00012, 190.42904559], [0.004984, 185.12881075], [0.006239, 167.22072247], [0.095127, 166.87616917]]",22,quantum,3,,/local/scratch/a/rames102/Gurobi_QP/one_equality/complete_random
precond_pen=0.300,28,-36.729603607177005,166.8761691746758,0.3,2,0.19724702835083008,0.03591585159301758,0.0,1101100011111001100010100100,++-++---+++++--++---+-+--+--,0,False,"[[0.00012, 190.42904559], [0.005039, 167.85049472], [0.006292, 168.82825183], [0.035916, 166.87616917]]",22,quantum,3,,/local/scratch/a/rames102/Gurobi_QP/one_equality/complete_random
precond_pen=0.400,28,-25.278283163483003,166.8761691746758,0.4,2,0.18857622146606445,0.03745603561401367,0.0,1101100011111001100010100100,++-++---+++++--++---+-+--+--,0,False,"[[0.000123, 190.42904559], [0.005246, 189.99343427], [0.005642, 186.53015912], [0.006158, 182.7193757], [0.006779, 166.47839985], [0.037456, 166.87616917]]",22,quantum,3,,/local/scratch/a/rames102/Gurobi_QP/one_equality/complete_random
precond_pen=0.500,28,-19.64205412755,164.66565321971188,0.5,2,0.22616291046142578,0.006619930267333984,0.0,1001100111111001100010100100,+--++--++++++--++---+-+--+--,0,False,"[[0.000114, 190.42904559], [0.005179, 184.09435203], [0.005627, 179.6417527], [0.00662, 164.66565322]]",22,quantum,3,,/local/scratch/a/rames102/Gurobi_QP/one_equality/complete_random
precond_pen=0.700,28,-16.206818587095007,164.66565321971188,0.7,2,0.2959301471710205,0.21309304237365723,0.0,1001100111111001100010100100,+--++--++++++--++---+-+--+--,0,False,"[[0.000115, 190.42904559], [0.005139, 183.39894689], [0.00601, 165.13118238], [0.037191, 164.29344317], [0.213093, 164.66565322]]",22,quantum,3,,/local/scratch/a/rames102/Gurobi_QP/one_equality/complete_random
precond_pen=0.800,28,-2.175462948947006,164.29344316580205,0.8,2,3.2063698768615723,1.9650378227233887,0.0,0010011000001110111101011010,--+--++-----+++-++++-+-++-+-,0,False,"[[0.000116, 190.42904559], [0.005742, 181.65566058], [0.006393, 164.66565322], [1.965038, 164.29344317]]",22,quantum,3,,/local/scratch/a/rames102/Gurobi_QP/one_equality/complete_random
precond_pen=1.000,28,-6.2638701563770045,164.29344316580205,1.0,2,0.4770669937133789,0.0066378116607666016,0.0,1101100111110001000010100101,++-++--+++++---+----+-+--+-+,0,False,"[[0.000119, 190.42904559], [0.005313, 180.12464785], [0.005755, 179.6417527], [0.006638, 164.29344317]]",22,quantum,3,,/local/scratch/a/rames102/Gurobi_QP/one_equality/complete_random
baseline,28,173.86364117281119,173.863641172811,,2,10.293047904968262,0.1103661060333252,0.0,0010100010111110110111100000,--+-+---+-+++++-++-++++-----,0,False,"[[0.000117, 200.46559804], [0.00474, 175.26224143], [0.110366, 173.86364117]]",23,quantum,3,,/local/scratch/a/rames102/Gurobi_QP/one_equality/complete_random
precond_pen=0.200,28,-35.948685969598046,175.2622414314791,0.2,2,0.29299306869506836,0.006304025650024414,0.0,1101011101000110001000011011,++-+-+++-+---++---+----++-++,0,False,"[[0.000124, 200.46559804], [0.00468, 198.75972622], [0.005584, 198.26459476], [0.006304, 175.26224143]]",23,quantum,3,,/local/scratch/a/rames102/Gurobi_QP/one_equality/complete_random
precond_pen=0.300,28,-66.60817478690801,175.2622414314791,0.3,2,0.06514692306518555,0.007107973098754883,0.0,1101011101000110001000011011,++-+-+++-+---++---+----++-++,0,False,"[[0.000114, 200.46559804], [0.005866, 204.10319743], [0.007108, 175.26224143]]",23,quantum,3,,/local/scratch/a/rames102/Gurobi_QP/one_equality/complete_random
precond_pen=0.400,28,-47.44137441642899,175.2622414314791,0.4,2,0.06936120986938477,0.006529092788696289,0.0,1101011101000110001000011011,++-+-+++-+---++---+----++-++,0,False,"[[0.000114, 200.46559804], [0.005095, 208.03236962], [0.005616, 201.11877566], [0.005949, 195.68060327], [0.006529, 175.26224143]]",23,quantum,3,,/local/scratch/a/rames102/Gurobi_QP/one_equality/complete_random
precond_pen=0.500,28,-34.43182349212601,175.2622414314791,0.5,2,0.08629393577575684,0.037261009216308594,0.0,1101011101000110001000011011,++-+-+++-+---++---+----++-++,0,False,"[[0.000113, 200.46559804], [0.004702, 200.05414623], [0.005672, 192.69859997], [0.006315, 175.04861896], [0.037261, 175.26224143]]",23,quantum,3,,/local/scratch/a/rames102/Gurobi_QP/one_equality/complete_random
precond_pen=0.700,28,-25.45008516484799,175.2622414314791,0.7,2,0.12651515007019043,0.12447810173034668,0.0,0010100010111001110111100100,--+-+---+-+++--+++-++++--+--,0,False,"[[0.000112, 200.46559804], [0.004995, 196.69660042], [0.005753, 173.86364117], [0.124478, 175.26224143]]",23,quantum,3,,/local/scratch/a/rames102/Gurobi_QP/one_equality/complete_random
precond_pen=0.800,28,-21.756023384043004,175.2622414314791,0.8,2,0.15064382553100586,0.006287813186645508,0.0,1101011101000110001000011011,++-+-+++-+---++---+----++-++,0,False,"[[0.000117, 200.46559804], [0.004991, 196.73995269], [0.006288, 175.26224143]]",23,quantum,3,,/local/scratch/a/rames102/Gurobi_QP/one_equality/complete_random
precond_pen=1.000,28,-2.9685001412259986,178.39022133939906,1.0,2,0.649198055267334,0.004929065704345703,0.0,0010100010111011110111100000,--+-+---+-+++-++++-++++-----,0,False,"[[0.000117, 200.46559804], [0.004213, 201.87797875], [0.004929, 178.39022134]]",23,quantum,3,,/local/scratch/a/rames102/Gurobi_QP/one_equality/complete_random
baseline,28,161.80027797472005,161.8002779747203,,2,11.296976089477539,0.10994911193847656,0.0,0101110111000110001101101000,-+-+++-+++---++---++-++-+---,0,False,"[[0.00012, 192.24887735], [0.003847, 189.1187026], [0.004408, 186.43982918], [0.005004, 165.24783739], [0.109949, 161.80027797]]",24,quantum,3,,/local/scratch/a/rames102/Gurobi_QP/one_equality/complete_random
precond_pen=0.200,28,-38.35785415884795,165.48357094812644,0.2,2,0.3156890869140625,0.0061490535736083984,0.0,1010000000111001110010011111,+-+-------+++--+++--+--+++++,0,False,"[[0.000124, 192.24887735], [0.004726, 183.9139201], [0.006149, 165.48357095]]",24,quantum,3,,/local/scratch/a/rames102/Gurobi_QP/one_equality/complete_random
precond_pen=0.300,28,-51.35037431002799,165.48357094812644,0.3,2,0.061020851135253906,0.0063669681549072266,0.0,1010000000111001110010011111,+-+-------+++--+++--+--+++++,0,False,"[[0.000116, 192.24887735], [0.005202, 187.19660841], [0.005533, 186.43982918], [0.005886, 186.15451364], [0.006367, 165.48357095]]",24,quantum,3,,/local/scratch/a/rames102/Gurobi_QP/one_equality/complete_random
precond_pen=0.400,28,-36.22424510756499,165.48357094812644,0.4,2,0.16033506393432617,0.0064699649810791016,0.0,1010000000111001110010011111,+-+-------+++--+++--+--+++++,0,False,"[[0.000117, 192.24887735], [0.004875, 177.96202397], [0.005936, 181.06136271], [0.00647, 165.48357095]]",24,quantum,3,,/local/scratch/a/rames102/Gurobi_QP/one_equality/complete_random
precond_pen=0.500,28,-26.97134598216501,165.48357094812644,0.5,2,0.2008829116821289,0.006371974945068359,0.0,1010000000111001110010011111,+-+-------+++--+++--+--+++++,0,False,"[[0.000118, 192.24887735], [0.005079, 187.06449382], [0.005403, 186.43982918], [0.005782, 189.50793327], [0.006372, 165.48357095]]",24,quantum,3,,/local/scratch/a/rames102/Gurobi_QP/one_equality/complete_random
precond_pen=0.700,28,-21.090556650693006,161.8002779747203,0.7,2,0.16553902626037598,0.005846977233886719,0.0,1010001000111001110010010111,+-+---+---+++--+++--+--+-+++,0,False,"[[0.000123, 192.24887735], [0.005323, 188.47348005], [0.005847, 161.80027797]]",24,quantum,3,,/local/scratch/a/rames102/Gurobi_QP/one_equality/complete_random
precond_pen=0.800,28,-18.088404388667005,161.8002779747203,0.8,2,0.1907939910888672,0.006063938140869141,0.0,0101110111000110001101101000,-+-+++-+++---++---++-++-+---,0,False,"[[0.000116, 192.24887735], [0.005303, 193.30319148], [0.006064, 161.80027797]]",24,quantum,3,,/local/scratch/a/rames102/Gurobi_QP/one_equality/complete_random
precond_pen=1.000,28,-6.467403615389994,161.8002779747203,1.0,2,0.2660808563232422,0.006981849670410156,0.0,1010001000111001110010010111,+-+---+---+++--+++--+--+-+++,0,False,"[[0.000117, 192.24887735], [0.005703, 186.15267329], [0.006031, 186.43982918], [0.00636, 182.95495616], [0.006982, 161.80027797]]",24,quantum,3,,/local/scratch/a/rames102/Gurobi_QP/one_equality/complete_random
baseline,28,174.06175570802083,174.06175570802083,,2,16.074531078338623,0.005326032638549805,0.0,1101000010011110101001010110,++-+----+--++++-+-+--+-+-++-,0,False,"[[0.000119, 208.94677369], [0.003981, 205.97684233], [0.004375, 205.7188984], [0.004694, 199.72982034], [0.005326, 174.06175571]]",25,quantum,3,,/local/scratch/a/rames102/Gurobi_QP/one_equality/complete_random
precond_pen=0.200,28,-22.044836826392093,174.06175570802083,0.2,2,0.6638391017913818,0.006289005279541016,0.0,0010111101100001010110101001,--+-++++-++----+-+-++-+-+--+,0,False,"[[0.000124, 208.94677369], [0.004611, 204.77809615], [0.005331, 204.31925443], [0.006289, 174.06175571]]",25,quantum,3,,/local/scratch/a/rames102/Gurobi_QP/one_equality/complete_random
precond_pen=0.300,28,-45.810923537218,174.06175570802083,0.3,2,0.10989594459533691,0.006372928619384766,0.0,1101000010011110101001010110,++-+----+--++++-+-+--+-+-++-,0,False,"[[0.000121, 208.94677369], [0.005026, 201.40021364], [0.00542, 205.7188984], [0.005774, 206.2727487], [0.006373, 174.06175571]]",25,quantum,3,,/local/scratch/a/rames102/Gurobi_QP/one_equality/complete_random
precond_pen=0.400,28,-34.727101859068,174.06175570802083,0.4,2,0.14462900161743164,0.006335020065307617,0.0,0010111101100001010110101001,--+-++++-++----+-+-++-+-+--+,0,False,"[[0.000116, 208.94677369], [0.004827, 200.16302013], [0.005724, 202.21201787], [0.006335, 174.06175571]]",25,quantum,3,,/local/scratch/a/rames102/Gurobi_QP/one_equality/complete_random
precond_pen=0.500,28,-26.814614391283992,174.06175570802083,0.5,2,0.1699361801147461,0.00623011589050293,0.0,0010111101100001010110101001,--+-++++-++----+-+-++-+-+--+,0,False,"[[0.000114, 208.94677369], [0.005004, 198.89992184], [0.00623, 174.06175571]]",25,quantum,3,,/local/scratch/a/rames102/Gurobi_QP/one_equality/complete_random
precond_pen=0.700,28,-19.860800218194996,174.06175570802083,0.7,2,0.20593905448913574,0.006599903106689453,0.0,0010111101100001010110101001,--+-++++-++----+-+-++-+-+--+,0,False,"[[0.000124, 208.94677369], [0.005188, 195.48732835], [0.006009, 196.26759103], [0.0066, 174.06175571]]",25,quantum,3,,/local/scratch/a/rames102/Gurobi_QP/one_equality/complete_random
precond_pen=0.800,28,-2.4050508075679957,174.06175570802083,0.8,2,1.976254940032959,0.025748014450073242,0.0,1101000010011110101001010110,++-+----+--++++-+-+--+-+-++-,0,False,"[[0.000126, 208.94677369], [0.00589, 204.15187483], [0.006489, 176.7221321], [0.025748, 174.06175571]]",25,quantum,3,,/local/scratch/a/rames102/Gurobi_QP/one_equality/complete_random
precond_pen=1.000,28,-0.8960859900860001,222.6362025874531,1.0,2,0.5972299575805664,0.006864070892333984,0.0,0000011110001010111011010110,-----++++---+-+-+++-++-+-++-,0,False,"[[0.000119, 208.94677369], [0.005519, 213.87246102], [0.006353, 219.91855576], [0.006864, 222.63620259]]",25,quantum,3,,/local/scratch/a/rames102/Gurobi_QP/one_equality/complete_random
baseline,28,176.07267351005612,176.0726735100558,,2,24.00474786758423,0.005661964416503906,0.0,0010110110101101011100010010,--+-++-++-+-++-+-+++---+--+-,0,False,"[[0.000121, 198.22858224], [0.00428, 194.16862247], [0.004974, 194.05240314], [0.005662, 176.07267351]]",26,quantum,3,,/local/scratch/a/rames102/Gurobi_QP/one_equality/complete_random
precond_pen=0.200,28,-20.73842865186495,179.40237953277605,0.2,2,0.78519606590271,0.006289005279541016,0.0,1100001001100010000011111111,++----+--++---+-----++++++++,0,False,"[[0.000122, 198.22858224], [0.004802, 195.13718108], [0.006289, 179.40237953]]",26,quantum,3,,/local/scratch/a/rames102/Gurobi_QP/one_equality/complete_random
precond_pen=0.300,28,-48.00024633939199,179.40237953277605,0.3,2,0.07061290740966797,0.005994081497192383,0.0,0011110110011101111100000000,--++++-++--+++-+++++--------,0,False,"[[0.000113, 198.22858224], [0.00472, 204.50490357], [0.005235, 197.29459589], [0.005562, 189.73331926], [0.005994, 179.40237953]]",26,quantum,3,,/local/scratch/a/rames102/Gurobi_QP/one_equality/complete_random
precond_pen=0.400,28,-33.73170979708401,179.40237953277605,0.4,2,0.13724994659423828,0.006276845932006836,0.0,1100001001100010000011111111,++----+--++---+-----++++++++,0,False,"[[0.000112, 198.22858224], [0.004892, 198.60003452], [0.006277, 179.40237953]]",26,quantum,3,,/local/scratch/a/rames102/Gurobi_QP/one_equality/complete_random
precond_pen=0.500,28,-23.10146688851401,179.40237953277605,0.5,2,0.30782198905944824,0.005576133728027344,0.0,1100001001100010000011111111,++----+--++---+-----++++++++,0,False,"[[0.000111, 198.22858224], [0.0048, 195.05889266], [0.005576, 179.40237953]]",26,quantum,3,,/local/scratch/a/rames102/Gurobi_QP/one_equality/complete_random
precond_pen=0.700,28,-16.679882421397004,178.02449341111188,0.7,2,0.2818918228149414,0.006161928176879883,0.0,0011110110000101111100110000,--++++-++----+-+++++--++----,0,False,"[[0.000114, 198.22858224], [0.004755, 189.24829342], [0.006162, 178.02449341]]",26,quantum,3,,/local/scratch/a/rames102/Gurobi_QP/one_equality/complete_random
precond_pen=0.800,28,-14.518855803055002,178.02449341111188,0.8,2,0.3172309398651123,0.3166379928588867,0.0,1100001001111010000011001111,++----+--++++-+-----++--++++,0,False,"[[0.000127, 198.22858224], [0.005156, 193.90976198], [0.00657, 178.81989368], [0.036363, 177.6641505], [0.312813, 176.07267351], [0.316183, 178.02449341], [0.316638, 178.02449341]]",26,quantum,3,,/local/scratch/a/rames102/Gurobi_QP/one_equality/complete_random
precond_pen=1.000,28,-0.6036936555200025,229.50144857345592,1.0,2,1.4164621829986572,0.029359102249145508,0.0,1011000111010010001101001110,+-++---+++-+--+---++-+--+++-,0,False,"[[0.000116, 198.22858224], [0.00618, 207.8279821], [0.006823, 217.81709948], [0.029359, 229.50144857]]",26,quantum,3,,/local/scratch/a/rames102/Gurobi_QP/one_equality/complete_random
baseline,28,177.85045641016814,177.85045641016782,,2,14.9707510471344,0.00586700439453125,0.0,1110111100001010100101100001,+++-++++----+-+-+--+-++----+,0,False,"[[0.00013, 207.72741462], [0.004714, 205.0891845], [0.005189, 200.43544511], [0.005867, 177.85045641]]",27,quantum,3,,/local/scratch/a/rames102/Gurobi_QP/one_equality/complete_random
precond_pen=0.200,28,-19.248171347873992,183.92675871164593,0.2,2,1.4165778160095215,0.0054759979248046875,0.0,0001110001110100011010110110,---+++---+++-+---++-+-++-++-,0,False,"[[0.00012, 207.72741462], [0.004936, 207.0984461], [0.005476, 183.92675871]]",27,quantum,3,,/local/scratch/a/rames102/Gurobi_QP/one_equality/complete_random
precond_pen=0.300,28,-49.038858394142984,180.98114950251178,0.3,2,0.1587679386138916,0.005909919738769531,0.0,0011010001110100011011010110,--++-+---+++-+---++-++-+-++-,0,False,"[[0.000119, 207.72741462], [0.004576, 202.47245296], [0.00591, 180.9811495]]",27,quantum,3,,/local/scratch/a/rames102/Gurobi_QP/one_equality/complete_random
precond_pen=0.400,28,-37.22988721417001,177.89053851007006,0.4,2,0.16988396644592285,0.03664088249206543,0.0,1000000010101011110100101111,+-------+-+-+-++++-+--+-++++,0,False,"[[0.000121, 207.72741462], [0.004926, 200.1110518], [0.005967, 200.38213903], [0.006716, 180.9811495], [0.036641, 177.89053851]]",27,quantum,3,,/local/scratch/a/rames102/Gurobi_QP/one_equality/complete_random
precond_pen=0.500,28,-27.491105053423993,177.89053851007006,0.5,2,0.20682692527770996,0.038162946701049805,0.0,0111111101010100001011010000,-+++++++-+-+-+----+-++-+----,0,False,"[[0.000113, 207.72741462], [0.004946, 197.16485139], [0.006326, 180.9811495], [0.038163, 177.89053851]]",27,quantum,3,,/local/scratch/a/rames102/Gurobi_QP/one_equality/complete_random
precond_pen=0.700,28,-21.01002310679601,177.89053851007006,0.7,2,0.17009687423706055,0.00693202018737793,0.0,1000000010101011110100101111,+-------+-+-+-++++-+--+-++++,0,False,"[[0.000118, 207.72741462], [0.005424, 205.98330755], [0.005901, 200.43544511], [0.006293, 203.70831651], [0.006932, 177.89053851]]",27,quantum,3,,/local/scratch/a/rames102/Gurobi_QP/one_equality/complete_random
precond_pen=0.800,28,-7.2254683374330035,177.89053851007006,0.8,2,0.293612003326416,0.035974979400634766,0.0,1000000010101011110100101111,+-------+-+-+-++++-+--+-++++,0,False,"[[0.000116, 207.72741462], [0.005319, 194.11472615], [0.006576, 180.39234413], [0.035975, 177.89053851]]",27,quantum,3,,/local/scratch/a/rames102/Gurobi_QP/one_equality/complete_random
precond_pen=1.000,28,-3.206824318295988,177.89053851007006,1.0,2,1.0935909748077393,1.0928630828857422,0.0,1000000010101011110100101111,+-------+-+-+-++++-+--+-++++,0,False,"[[0.000116, 207.72741462], [0.006237, 191.18737831], [0.006646, 179.81301231], [0.03011, 177.85045641], [1.027901, 177.89053851], [1.092863, 177.89053851]]",27,quantum,3,,/local/scratch/a/rames102/Gurobi_QP/one_equality/complete_random
baseline,28,187.1371085874458,187.13710858744588,,2,25.42636489868164,0.005703926086425781,0.0,1011010101101111000100010001,+-++-+-+-++-++++---+---+---+,0,False,"[[0.00012, 207.32000238], [0.005704, 187.13710859]]",28,quantum,3,,/local/scratch/a/rames102/Gurobi_QP/one_equality/complete_random
precond_pen=0.200,28,-11.313318418177005,193.97458820555823,0.2,2,0.4953310489654541,0.005461931228637695,0.0,0111001010010001010010101111,-+++--+-+--+---+-+--+-+-++++,0,False,"[[0.00012, 207.32000238], [0.004271, 203.54891032], [0.005462, 193.97458821]]",28,quantum,3,,/local/scratch/a/rames102/Gurobi_QP/one_equality/complete_random
precond_pen=0.300,28,-48.410926661562,187.81653175278632,0.3,2,0.13441205024719238,0.006127119064331055,0.0,0111101000010100010010101111,-++++-+----+-+---+--+-+-++++,0,False,"[[0.00012, 207.32000238], [0.004821, 206.76689198], [0.005663, 209.79502109], [0.006127, 187.81653175]]",28,quantum,3,,/local/scratch/a/rames102/Gurobi_QP/one_equality/complete_random
precond_pen=0.400,28,-36.28479808395901,187.81653175278632,0.4,2,0.08829808235168457,0.006568193435668945,0.0,0111101000010100010010101111,-++++-+----+-+---+--+-+-++++,0,False,"[[0.000126, 207.32000238], [0.00519, 210.96139083], [0.006568, 187.81653175]]",28,quantum,3,,/local/scratch/a/rames102/Gurobi_QP/one_equality/complete_random
precond_pen=0.500,28,-25.915704803902994,187.81653175278632,0.5,2,0.10791707038879395,0.005831003189086914,0.0,0111101000010100010010101111,-++++-+----+-+---+--+-+-++++,0,False,"[[0.000114, 207.32000238], [0.005138, 206.97034754], [0.005831, 187.81653175]]",28,quantum,3,,/local/scratch/a/rames102/Gurobi_QP/one_equality/complete_random
precond_pen=0.700,28,-19.462384315116008,187.81653175278632,0.7,2,0.11679887771606445,0.006296873092651367,0.0,0111101000010100010010101111,-++++-+----+-+---+--+-+-++++,0,False,"[[0.000113, 207.32000238], [0.004975, 199.72515253], [0.006297, 187.81653175]]",28,quantum,3,,/local/scratch/a/rames102/Gurobi_QP/one_equality/complete_random
precond_pen=0.800,28,-8.590497741542988,187.81653175278632,0.8,2,0.2887401580810547,0.0066089630126953125,0.0,0111101000010100010010101111,-++++-+----+-+---+--+-+-++++,0,False,"[[0.000124, 207.32000238], [0.005293, 207.38983512], [0.006609, 187.81653175]]",28,quantum,3,,/local/scratch/a/rames102/Gurobi_QP/one_equality/complete_random
precond_pen=1.000,28,-3.121844924062998,187.23229070328824,1.0,2,1.0920159816741943,0.007107973098754883,0.0,0111001000010110010010101111,-+++--+----+-++--+--+-+-++++,0,False,"[[0.000118, 207.32000238], [0.006544, 206.72535108], [0.007108, 187.2322907]]",28,quantum,3,,/local/scratch/a/rames102/Gurobi_QP/one_equality/complete_random
baseline,28,168.6271222670059,168.6271222670061,,2,19.139711141586304,19.137601137161255,0.0,1001001000011101101011110010,+--+--+----+++-++-+-++++--+-,0,False,"[[0.000122, 195.46678777], [0.004156, 191.11330259], [0.004862, 190.61231636], [0.005638, 173.13634896], [0.110677, 169.60871974], [14.07989, 168.62712227], [19.137601, 168.62712227]]",29,quantum,3,,/local/scratch/a/rames102/Gurobi_QP/one_equality/complete_random
precond_pen=0.200,28,-23.40999035182292,172.22156979142193,0.2,2,0.5493960380554199,0.04477214813232422,0.0,1001100010011101010011010101,+--++---+--+++-+-+--++-+-+-+,0,False,"[[0.000121, 195.46678777], [0.004738, 194.4215464], [0.005354, 191.33879658], [0.005802, 195.05402155], [0.0065, 171.85867973], [0.044772, 172.22156979]]",29,quantum,3,,/local/scratch/a/rames102/Gurobi_QP/one_equality/complete_random
precond_pen=0.300,28,-41.051843093341006,170.64968646597578,0.3,2,0.20983195304870605,0.006381988525390625,0.0,0110011101100010101110100010,-++--+++-++---+-+-+++-+---+-,0,False,"[[0.000118, 195.46678777], [0.00507, 188.4161749], [0.006382, 170.64968647]]",29,quantum,3,,/local/scratch/a/rames102/Gurobi_QP/one_equality/complete_random
precond_pen=0.400,28,-28.966671362316994,170.64968646597578,0.4,2,0.18987798690795898,0.18924307823181152,0.0,0110011101100010101110100010,-++--+++-++---+-+-+++-+---+-,0,False,"[[0.000123, 195.46678777], [0.005505, 185.42752556], [0.006867, 170.98131193], [0.188745, 170.64968647], [0.189243, 170.64968647]]",29,quantum,3,,/local/scratch/a/rames102/Gurobi_QP/one_equality/complete_random
precond_pen=0.500,28,-21.490268143818994,170.64968646597578,0.5,2,0.22673702239990234,0.22497105598449707,0.0,1001100010011101010001011101,+--++---+--+++-+-+---+-+++-+,0,False,"[[0.00012, 195.46678777], [0.005618, 196.15198514], [0.006191, 169.72603227], [0.224971, 170.64968647]]",29,quantum,3,,/local/scratch/a/rames102/Gurobi_QP/one_equality/complete_random
precond_pen=0.700,28,-16.127528050905006,169.72603227455994,0.7,2,0.2761538028717041,0.0060329437255859375,0.0,1001100010011111000011010101,+--++---+--+++++----++-+-+-+,0,False,"[[0.000116, 195.46678777], [0.005407, 192.66915773], [0.006033, 169.72603227]]",29,quantum,3,,/local/scratch/a/rames102/Gurobi_QP/one_equality/complete_random
precond_pen=0.800,28,-11.37539311934799,169.72603227455994,0.8,2,0.26990795135498047,0.006654024124145508,0.0,1001100010011111000011010101,+--++---+--+++++----++-+-+-+,0,False,"[[0.000118, 195.46678777], [0.005022, 190.21188671], [0.00564, 190.61231636], [0.006, 190.23992949], [0.006654, 169.72603227]]",29,quantum,3,,/local/scratch/a/rames102/Gurobi_QP/one_equality/complete_random
precond_pen=1.000,28,-7.206629989999991,168.6271222670061,1.0,2,0.4447908401489258,0.4440469741821289,0.0,1001001000011101101011110010,+--+--+----+++-++-+-++++--+-,0,False,"[[0.000132, 195.46678777], [0.00589, 188.88210039], [0.006277, 169.60871974], [0.439149, 168.62712227], [0.444047, 168.62712227]]",29,quantum,3,,/local/scratch/a/rames102/Gurobi_QP/one_equality/complete_random
baseline,28,168.62128017048306,168.62128017048295,,2,18.75808095932007,0.005436897277832031,0.0,0101101001011001010101011010,-+-++-+--+-++--+-+-+-+-++-+-,0,False,"[[0.000118, 200.02265707], [0.003917, 200.0024408], [0.004534, 199.82576178], [0.005437, 168.62128017]]",30,quantum,3,,/local/scratch/a/rames102/Gurobi_QP/one_equality/complete_random
precond_pen=0.200,28,-21.221693979766968,169.969337734417,0.2,2,0.8902339935302734,0.41600799560546875,0.0,1010010101100011001110100110,+-+--+-+-++---++--+++-+--++-,0,False,"[[0.000123, 200.02265707], [0.004524, 200.44081926], [0.004868, 201.08130825], [0.005191, 198.7831804], [0.005625, 170.14401742], [0.326395, 173.16759647], [0.34119, 172.05560921], [0.416008, 169.96933773]]",30,quantum,3,,/local/scratch/a/rames102/Gurobi_QP/one_equality/complete_random
precond_pen=0.300,28,-45.853653777144,169.969337734417,0.3,2,0.17047500610351562,0.006159067153930664,0.0,0101101010011100110001011001,-+-++-+-+--+++--++---+-++--+,0,False,"[[0.000131, 200.02265707], [0.004728, 195.2775516], [0.006159, 169.96933773]]",30,quantum,3,,/local/scratch/a/rames102/Gurobi_QP/one_equality/complete_random
precond_pen=0.400,28,-30.621990656922026,171.25369901845286,0.4,2,0.21089792251586914,0.006292104721069336,0.0,0101101011011100110001010001,-+-++-+-++-+++--++---+-+---+,0,False,"[[0.000119, 200.02265707], [0.004881, 197.56436222], [0.006292, 171.25369902]]",30,quantum,3,,/local/scratch/a/rames102/Gurobi_QP/one_equality/complete_random
precond_pen=0.500,28,-23.087314927894013,171.25369901845286,0.5,2,0.1765890121459961,0.17599201202392578,0.0,1010010100100011001110101110,+-+--+-+--+---++--+++-+-+++-,0,False,"[[0.000117, 200.02265707], [0.005125, 196.36818478], [0.005602, 171.49587263], [0.033732, 168.62128017], [0.175597, 171.25369902], [0.175992, 171.25369902]]",30,quantum,3,,/local/scratch/a/rames102/Gurobi_QP/one_equality/complete_random
precond_pen=0.700,28,-18.745819159527993,168.62128017048295,0.7,2,0.22428607940673828,0.0059511661529541016,0.0,1010010110100110101010100101,+-+--+-++-+--++-+-+-+-+--+-+,0,False,"[[0.000116, 200.02265707], [0.005362, 198.18362201], [0.005951, 168.62128017]]",30,quantum,3,,/local/scratch/a/rames102/Gurobi_QP/one_equality/complete_random
precond_pen=0.800,28,-9.066105278901992,168.62128017048295,0.8,2,0.2813279628753662,0.007007122039794922,0.0,0101101001011001010101011010,-+-++-+--+-++--+-+-+-+-++-+-,0,False,"[[0.00012, 200.02265707], [0.005265, 195.13190665], [0.00634, 189.1246517], [0.007007, 168.62128017]]",30,quantum,3,,/local/scratch/a/rames102/Gurobi_QP/one_equality/complete_random
precond_pen=1.000,28,-12.17424131071701,168.62128017048295,1.0,2,0.2582399845123291,0.17533397674560547,0.0,0101101001011001010101011010,-+-++-+--+-++--+-+-+-+-++-+-,0,False,"[[0.000116, 200.02265707], [0.004884, 184.81812562], [0.006126, 171.49587263], [0.032192, 170.42726525], [0.032961, 169.96933773], [0.175334, 168.62128017]]",30,quantum,3,,/local/scratch/a/rames102/Gurobi_QP/one_equality/complete_random
baseline,28,169.8086621533619,169.80866215336187,,2,18.615601062774658,17.186360120773315,0.0,0010101011100001001110111001,--+-+-+-+++----+--+++-+++--+,0,False,"[[0.000118, 205.5701103], [0.003736, 203.01184325], [0.004507, 200.98212885], [0.005193, 169.87942357], [17.18636, 169.80866215]]",31,quantum,3,,/local/scratch/a/rames102/Gurobi_QP/one_equality/complete_random
precond_pen=0.200,28,-25.76806963015696,169.87942357247601,0.2,2,0.48068809509277344,0.006266117095947266,0.0,0011101011000011101110110000,--+++-+-++----+++-+++-++----,0,False,"[[0.000129, 205.5701103], [0.004996, 202.99774278], [0.006266, 169.87942357]]",31,quantum,3,,/local/scratch/a/rames102/Gurobi_QP/one_equality/complete_random
precond_pen=0.300,28,-40.21605062595,170.77015678906207,0.3,2,0.1610879898071289,0.006319999694824219,0.0,1100011000111010010001001111,++---++---+++-+--+---+--++++,0,False,"[[0.000146, 205.5701103], [0.004948, 196.78309709], [0.00632, 170.77015679]]",31,quantum,3,,/local/scratch/a/rames102/Gurobi_QP/one_equality/complete_random
precond_pen=0.400,28,-30.28161391787001,170.77015678906207,0.4,2,0.21342086791992188,0.006319999694824219,0.0,1100011000111010010001001111,++---++---+++-+--+---+--++++,0,False,"[[0.000128, 205.5701103], [0.004914, 198.03139459], [0.00632, 170.77015679]]",31,quantum,3,,/local/scratch/a/rames102/Gurobi_QP/one_equality/complete_random
precond_pen=0.500,28,-23.354716008992995,170.77015678906207,0.5,2,0.1778109073638916,0.006372928619384766,0.0,0011100111000101101110110000,--+++--+++---+-++-+++-++----,0,False,"[[0.000117, 205.5701103], [0.004876, 187.17262564], [0.006373, 170.77015679]]",31,quantum,3,,/local/scratch/a/rames102/Gurobi_QP/one_equality/complete_random
precond_pen=0.700,28,-18.019424778556008,169.87942357247601,0.7,2,0.22541093826293945,0.2248079776763916,0.0,0011101011000011101110110000,--+++-+-++----+++-+++-++----,0,False,"[[0.000124, 205.5701103], [0.00522, 193.3108045], [0.006753, 170.77015679], [0.222896, 169.87942357], [0.224808, 169.87942357]]",31,quantum,3,,/local/scratch/a/rames102/Gurobi_QP/one_equality/complete_random
precond_pen=0.800,28,-6.4922820703000035,169.87942357247601,0.8,2,0.5187289714813232,0.5181550979614258,0.0,1100010100111100010001001111,++---+-+--++++---+---+--++++,0,False,"[[0.000124, 205.5701103], [0.005671, 197.19796787], [0.006758, 194.04204873], [0.007433, 169.80866215], [0.033805, 170.77015679], [0.437203, 169.87942357], [0.518155, 169.87942357]]",31,quantum,3,,/local/scratch/a/rames102/Gurobi_QP/one_equality/complete_random
precond_pen=1.000,28,-1.6661794947060007,170.77015678906207,1.0,2,0.30153703689575195,0.006674051284790039,0.0,1100011000111010010001001111,++---++---+++-+--+---+--++++,0,False,"[[0.000118, 205.5701103], [0.00512, 196.47707403], [0.006068, 196.08722962], [0.006674, 170.77015679]]",31,quantum,3,,/local/scratch/a/rames102/Gurobi_QP/one_equality/complete_random
baseline,28,157.21731768607006,157.21731768606995,,2,8.193889856338501,0.005584001541137695,0.0,0011111000110000011110110001,--+++++---++-----++++-++---+,0,False,"[[0.000116, 180.24853285], [0.00415, 177.54446966], [0.004678, 177.52334023], [0.005584, 157.21731769]]",32,quantum,3,,/local/scratch/a/rames102/Gurobi_QP/one_equality/complete_random
precond_pen=0.200,28,-48.34495337910701,158.01046051014592,0.2,2,0.2369551658630371,0.006509065628051758,0.0,0011111000010000111110110001,--+++++----+----+++++-++---+,0,False,"[[0.000131, 180.24853285], [0.005168, 176.24413596], [0.006509, 158.01046051]]",32,quantum,3,,/local/scratch/a/rames102/Gurobi_QP/one_equality/complete_random
precond_pen=0.300,28,-53.338190286071,158.01046051014592,0.3,2,0.07367992401123047,0.0055370330810546875,0.0,1100000111101111000001001110,++-----++++-++++-----+--+++-,0,False,"[[0.000116, 180.24853285], [0.005537, 158.01046051]]",32,quantum,3,,/local/scratch/a/rames102/Gurobi_QP/one_equality/complete_random
precond_pen=0.400,28,-37.667663428777,157.21731768606995,0.4,2,0.1940910816192627,0.006056070327758789,0.0,0011111000110000011110110001,--+++++---++-----++++-++---+,0,False,"[[0.000114, 180.24853285], [0.004699, 177.1947578], [0.006056, 157.21731769]]",32,quantum,3,,/local/scratch/a/rames102/Gurobi_QP/one_equality/complete_random
precond_pen=0.500,28,-28.540811669692992,157.21731768606995,0.5,2,0.1968691349029541,0.0060770511627197266,0.0,0011111000110000011110110001,--+++++---++-----++++-++---+,0,False,"[[0.000115, 180.24853285], [0.004607, 185.99641773], [0.005015, 177.54446966], [0.005339, 181.97491808], [0.006077, 157.21731769]]",32,quantum,3,,/local/scratch/a/rames102/Gurobi_QP/one_equality/complete_random
precond_pen=0.700,28,-22.597632940117997,157.21731768606995,0.7,2,0.12423586845397949,0.005470991134643555,0.0,1100000111001111100001001110,++-----+++--+++++----+--+++-,0,False,"[[0.000127, 180.24853285], [0.005471, 157.21731769]]",32,quantum,3,,/local/scratch/a/rames102/Gurobi_QP/one_equality/complete_random
precond_pen=0.800,28,-10.56289990952001,157.21731768606995,0.8,2,0.2108299732208252,0.00606083869934082,0.0,0011111000110000011110110001,--+++++---++-----++++-++---+,0,False,"[[0.000119, 180.24853285], [0.005093, 178.59069051], [0.005433, 178.21814775], [0.006061, 157.21731769]]",32,quantum,3,,/local/scratch/a/rames102/Gurobi_QP/one_equality/complete_random
precond_pen=1.000,28,-3.277505045160998,157.21731768606995,1.0,2,1.049820899963379,0.0069429874420166016,0.0,1100000111001111100001001110,++-----+++--+++++----+--+++-,0,False,"[[0.000116, 180.24853285], [0.006943, 157.21731769]]",32,quantum,3,,/local/scratch/a/rames102/Gurobi_QP/one_equality/complete_random
baseline,28,160.26302425626795,160.263024256268,,2,10.707536935806274,0.10880613327026367,0.0,1011000110101110010010011100,+-++---++-+-+++--+--+--+++--,0,False,"[[0.000117, 190.25956597], [0.004552, 166.34865081], [0.108806, 160.26302426]]",33,quantum,3,,/local/scratch/a/rames102/Gurobi_QP/one_equality/complete_random
precond_pen=0.200,28,-42.99766145626103,160.263024256268,0.2,2,0.243300199508667,0.006652116775512695,0.0,0100111001010001101101100011,-+--+++--+-+---++-++-++---++,0,False,"[[0.000125, 190.25956597], [0.005299, 187.60043377], [0.006652, 160.26302426]]",33,quantum,3,,/local/scratch/a/rames102/Gurobi_QP/one_equality/complete_random
precond_pen=0.300,28,-57.172775956425,160.263024256268,0.3,2,0.0562739372253418,0.006178855895996094,0.0,1011000110101110010010011100,+-++---++-+-+++--+--+--+++--,0,False,"[[0.000118, 190.25956597], [0.00489, 197.46467346], [0.005271, 187.647051], [0.006179, 160.26302426]]",33,quantum,3,,/local/scratch/a/rames102/Gurobi_QP/one_equality/complete_random
precond_pen=0.400,28,-38.338349294423,160.263024256268,0.4,2,0.1551821231842041,0.006188154220581055,0.0,0100111001010001101101100011,-+--+++--+-+---++-++-++---++,0,False,"[[0.000117, 190.25956597], [0.004819, 181.44140277], [0.006188, 160.26302426]]",33,quantum,3,,/local/scratch/a/rames102/Gurobi_QP/one_equality/complete_random
precond_pen=0.500,28,-28.174426141629002,160.263024256268,0.5,2,0.18877696990966797,0.006144046783447266,0.0,0100111001010001101101100011,-+--+++--+-+---++-++-++---++,0,False,"[[0.000112, 190.25956597], [0.00473, 180.59944945], [0.006144, 160.26302426]]",33,quantum,3,,/local/scratch/a/rames102/Gurobi_QP/one_equality/complete_random
precond_pen=0.700,28,-20.963017199148993,160.263024256268,0.7,2,0.09110713005065918,0.006560087203979492,0.0,1011000110101110010010011100,+-++---++-+-+++--+--+--+++--,0,False,"[[0.000113, 190.25956597], [0.004812, 182.25164494], [0.00656, 160.26302426]]",33,quantum,3,,/local/scratch/a/rames102/Gurobi_QP/one_equality/complete_random
precond_pen=0.800,28,-13.839300744511002,160.263024256268,0.8,2,0.12682700157165527,0.0066530704498291016,0.0,1011000110101110010010011100,+-++---++-+-+++--+--+--+++--,0,False,"[[0.000114, 190.25956597], [0.005188, 186.90429826], [0.005573, 187.647051], [0.00605, 182.88508141], [0.006653, 160.26302426]]",33,quantum,3,,/local/scratch/a/rames102/Gurobi_QP/one_equality/complete_random
precond_pen=1.000,28,-7.610255870340005,160.263024256268,1.0,2,0.2633850574493408,0.03146696090698242,0.0,0100111001010001101101100011,-+--+++--+-+---++-++-++---++,0,False,"[[0.000122, 190.25956597], [0.005347, 179.72267387], [0.006632, 167.46310864], [0.031467, 160.26302426]]",33,quantum,3,,/local/scratch/a/rames102/Gurobi_QP/one_equality/complete_random
baseline,28,171.696352254249,171.69635225424906,,2,17.127055168151855,0.1094520092010498,0.0,0001010110101011001001101011,---+-+-++-+-+-++--+--++-+-++,0,False,"[[0.000112, 191.78740851], [0.004901, 180.88941971], [0.109452, 171.69635225]]",34,quantum,3,,/local/scratch/a/rames102/Gurobi_QP/one_equality/complete_random
precond_pen=0.200,28,-21.29890648470304,174.329354394785,0.2,2,0.5883238315582275,0.006588935852050781,0.0,1110101001010000110110110100,+++-+-+--+-+----++-++-++-+--,0,False,"[[0.000123, 191.78740851], [0.005128, 189.23563495], [0.006166, 191.26447864], [0.006589, 174.32935439]]",34,quantum,3,,/local/scratch/a/rames102/Gurobi_QP/one_equality/complete_random
precond_pen=0.300,28,-44.185593884317015,174.329354394785,0.3,2,0.16069984436035156,0.007107973098754883,0.0,1110101001010000110110110100,+++-+-+--+-+----++-++-++-+--,0,False,"[[0.000149, 191.78740851], [0.005764, 190.89228536], [0.00666, 191.54194178], [0.007108, 174.32935439]]",34,quantum,3,,/local/scratch/a/rames102/Gurobi_QP/one_equality/complete_random
precond_pen=0.400,28,-29.817823241279,174.329354394785,0.4,2,0.16556978225708008,0.006295919418334961,0.0,1110101001010000110110110100,+++-+-+--+-+----++-++-++-+--,0,False,"[[0.000121, 191.78740851], [0.004917, 185.09269216], [0.006296, 174.32935439]]",34,quantum,3,,/local/scratch/a/rames102/Gurobi_QP/one_equality/complete_random
precond_pen=0.500,28,-21.19157915467398,171.69635225424906,0.5,2,0.15300393104553223,0.005507946014404297,0.0,1110101001010100110110010100,+++-+-+--+-+-+--++-++--+-+--,0,False,"[[0.000114, 191.78740851], [0.005037, 188.44081189], [0.005508, 171.69635225]]",34,quantum,3,,/local/scratch/a/rames102/Gurobi_QP/one_equality/complete_random
precond_pen=0.700,28,-16.799145383170003,171.69635225424906,0.7,2,0.16272687911987305,0.03308606147766113,0.0,0001010110101011001001101011,---+-+-++-+-+-++--+--++-+-++,0,False,"[[0.000113, 191.78740851], [0.004946, 191.43534525], [0.006244, 175.40481132], [0.033086, 171.69635225]]",34,quantum,3,,/local/scratch/a/rames102/Gurobi_QP/one_equality/complete_random
precond_pen=0.800,28,-2.2712975286249932,171.69635225424906,0.8,2,2.337538003921509,0.02722907066345215,0.0,1110101001010100110110010100,+++-+-+--+-+-+--++-++--+-+--,0,False,"[[0.000114, 191.78740851], [0.00653, 178.39762929], [0.027229, 171.69635225]]",34,quantum,3,,/local/scratch/a/rames102/Gurobi_QP/one_equality/complete_random
precond_pen=1.000,28,-7.141923727169999,171.69635225424906,1.0,2,0.3457660675048828,0.007105112075805664,0.0,0001010110101011001001101011,---+-+-++-+-+-++--+--++-+-++,0,False,"[[0.000125, 191.78740851], [0.005537, 190.79143836], [0.005867, 189.23563495], [0.007105, 171.69635225]]",34,quantum,3,,/local/scratch/a/rames102/Gurobi_QP/one_equality/complete_random
baseline,28,161.4110705322529,161.41107053225315,,2,12.65462613105774,0.11016201972961426,0.0,1001110011100000001110011101,+--+++--+++-------+++--+++-+,0,False,"[[0.000121, 189.53822007], [0.004651, 165.89615529], [0.110162, 161.41107053]]",35,quantum,3,,/local/scratch/a/rames102/Gurobi_QP/one_equality/complete_random
precond_pen=0.200,28,-35.57688760723903,161.41107053225315,0.2,2,0.28191614151000977,0.0065500736236572266,0.0,1001110011100000001110011101,+--+++--+++-------+++--+++-+,0,False,"[[0.00012, 189.53822007], [0.004973, 185.73477895], [0.00655, 161.41107053]]",35,quantum,3,,/local/scratch/a/rames102/Gurobi_QP/one_equality/complete_random
precond_pen=0.300,28,-47.211755112271,161.41107053225315,0.3,2,0.14981293678283691,0.0067141056060791016,0.0,1001110011100000001110011101,+--+++--+++-------+++--+++-+,0,False,"[[0.000118, 189.53822007], [0.004945, 184.11439988], [0.005942, 179.49868566], [0.006714, 161.41107053]]",35,quantum,3,,/local/scratch/a/rames102/Gurobi_QP/one_equality/complete_random
precond_pen=0.400,28,-34.634329629284,161.41107053225315,0.4,2,0.16993498802185059,0.0061948299407958984,0.0,0110001100011111110001100010,-++---++---+++++++---++---+-,0,False,"[[0.000137, 189.53822007], [0.004693, 193.35088354], [0.005129, 187.43999638], [0.005683, 180.11308984], [0.006195, 161.41107053]]",35,quantum,3,,/local/scratch/a/rames102/Gurobi_QP/one_equality/complete_random
precond_pen=0.500,28,-26.670358384144,161.41107053225315,0.5,2,0.0914309024810791,0.00609898567199707,0.0,1001110011100000001110011101,+--+++--+++-------+++--+++-+,0,False,"[[0.000114, 189.53822007], [0.005389, 183.95519499], [0.006099, 161.41107053]]",35,quantum,3,,/local/scratch/a/rames102/Gurobi_QP/one_equality/complete_random
precond_pen=0.700,28,-20.63904879257599,161.41107053225315,0.7,2,0.10224390029907227,0.007053852081298828,0.0,1001110011100000001110011101,+--+++--+++-------+++--+++-+,0,False,"[[0.000113, 189.53822007], [0.005234, 186.84381463], [0.00616, 181.41548012], [0.007054, 161.41107053]]",35,quantum,3,,/local/scratch/a/rames102/Gurobi_QP/one_equality/complete_random
precond_pen=0.800,28,-18.191284523331007,161.41107053225315,0.8,2,0.1363379955291748,0.006093025207519531,0.0,0110001100011111110001100010,-++---++---+++++++---++---+-,0,False,"[[0.000113, 189.53822007], [0.005416, 180.19403494], [0.006093, 161.41107053]]",35,quantum,3,,/local/scratch/a/rames102/Gurobi_QP/one_equality/complete_random
precond_pen=1.000,28,-13.400376601129999,161.41107053225315,1.0,2,0.1578359603881836,0.006740093231201172,0.0,0110001100011111110001100010,-++---++---+++++++---++---+-,0,False,"[[0.000113, 189.53822007], [0.005027, 184.01082856], [0.006089, 177.3419711], [0.00674, 161.41107053]]",35,quantum,3,,/local/scratch/a/rames102/Gurobi_QP/one_equality/complete_random
baseline,28,161.330726236272,161.3307262362717,,2,15.662073135375977,0.004232168197631836,0.0,1101011110101100101110000000,++-+-++++-+-++--+-+++-------,0,False,"[[0.000113, 187.26178082], [0.004232, 161.33072624]]",36,quantum,3,,/local/scratch/a/rames102/Gurobi_QP/one_equality/complete_random
precond_pen=0.200,28,-31.454534708288012,164.34620669279985,0.2,2,0.42903685569763184,0.00612187385559082,0.0,0010100001010111000101110111,--+-+----+-+-+++---+-+++-+++,0,False,"[[0.000128, 187.26178082], [0.00468, 182.19870545], [0.006122, 164.34620669]]",36,quantum,3,,/local/scratch/a/rames102/Gurobi_QP/one_equality/complete_random
precond_pen=0.300,28,-41.98420418170598,164.34620669279985,0.3,2,0.21660399436950684,0.006036996841430664,0.0,0010100001010111000101110111,--+-+----+-+-+++---+-+++-+++,0,False,"[[0.000117, 187.26178082], [0.005234, 186.28724416], [0.006037, 164.34620669]]",36,quantum,3,,/local/scratch/a/rames102/Gurobi_QP/one_equality/complete_random
precond_pen=0.400,28,-29.195322883094008,164.34620669279985,0.4,2,0.20299816131591797,0.005877017974853516,0.0,0010100001010111000101110111,--+-+----+-+-+++---+-+++-+++,0,False,"[[0.000119, 187.26178082], [0.004633, 188.41172704], [0.005039, 186.08387165], [0.005368, 182.24468393], [0.005877, 164.34620669]]",36,quantum,3,,/local/scratch/a/rames102/Gurobi_QP/one_equality/complete_random
precond_pen=0.500,28,-23.248001084540988,161.3307262362717,0.5,2,0.26524996757507324,0.006448030471801758,0.0,1101011110101100101110000000,++-+-++++-+-++--+-+++-------,0,False,"[[0.000121, 187.26178082], [0.005294, 188.00002519], [0.005721, 186.08387165], [0.006448, 161.33072624]]",36,quantum,3,,/local/scratch/a/rames102/Gurobi_QP/one_equality/complete_random
precond_pen=0.700,28,-18.62480498412501,161.3307262362717,0.7,2,0.18445301055908203,0.03360104560852051,0.0,1101011110101100101110000000,++-+-++++-+-++--+-+++-------,0,False,"[[0.000115, 187.26178082], [0.005206, 180.2167754], [0.006064, 184.41099145], [0.006678, 163.22129798], [0.033601, 161.33072624]]",36,quantum,3,,/local/scratch/a/rames102/Gurobi_QP/one_equality/complete_random
precond_pen=0.800,28,-8.377227002799,161.3307262362717,0.8,2,0.3006870746612549,0.03716397285461426,0.0,1101011110101100101110000000,++-+-++++-+-++--+-+++-------,0,False,"[[0.000113, 187.26178082], [0.005346, 173.84998959], [0.006706, 166.46845125], [0.035215, 164.78905507], [0.037164, 161.33072624]]",36,quantum,3,,/local/scratch/a/rames102/Gurobi_QP/one_equality/complete_random
precond_pen=1.000,28,-1.786839240985998,171.74026848686793,1.0,2,3.2802021503448486,3.2791950702667236,0.0,1001010010101011111110000001,+--+-+--+-+-+-+++++++------+,0,False,"[[0.000122, 187.26178082], [0.003556, 192.97164247], [0.003922, 191.39514213], [0.004552, 186.86287013], [0.624886, 171.74026849], [3.279195, 171.74026849]]",36,quantum,3,,/local/scratch/a/rames102/Gurobi_QP/one_equality/complete_random
baseline,28,158.094534300616,158.09453430061615,,2,14.274676084518433,0.005362033843994141,0.0,0010111011001110100100001011,--+-+++-++--+++-+--+----+-++,0,False,"[[0.000126, 186.82195133], [0.003927, 185.21625944], [0.004518, 178.73657304], [0.005362, 158.0945343]]",37,quantum,3,,/local/scratch/a/rames102/Gurobi_QP/one_equality/complete_random
precond_pen=0.200,28,-32.56821492413001,159.54227746784233,0.2,2,0.3539121150970459,0.005843162536621094,0.0,0010111011001111100000001011,--+-+++-++--+++++-------+-++,0,False,"[[0.00012, 186.82195133], [0.004476, 188.71444084], [0.005079, 178.73657304], [0.005843, 159.54227747]]",37,quantum,3,,/local/scratch/a/rames102/Gurobi_QP/one_equality/complete_random
precond_pen=0.300,28,-41.956181795366,159.54227746784233,0.3,2,0.1363060474395752,0.006418943405151367,0.0,1101000100110000011111110100,++-+---+--++-----+++++++-+--,0,False,"[[0.000116, 186.82195133], [0.005144, 179.8291489], [0.005504, 178.73657304], [0.005836, 176.68958197], [0.006419, 159.54227747]]",37,quantum,3,,/local/scratch/a/rames102/Gurobi_QP/one_equality/complete_random
precond_pen=0.400,28,-31.057575755675998,159.54227746784233,0.4,2,0.1886610984802246,0.0335230827331543,0.0,0010111011001111100000001011,--+-+++-++--+++++-------+-++,0,False,"[[0.000123, 186.82195133], [0.005008, 178.49355092], [0.005352, 178.73657304], [0.005741, 173.93131109], [0.006222, 161.8334456], [0.033523, 159.54227747]]",37,quantum,3,,/local/scratch/a/rames102/Gurobi_QP/one_equality/complete_random
precond_pen=0.500,28,-24.547044572223,159.54227746784233,0.5,2,0.20648503303527832,0.005557060241699219,0.0,0010111011001111100000001011,--+-+++-++--+++++-------+-++,0,False,"[[0.000128, 186.82195133], [0.004948, 182.15200172], [0.005557, 159.54227747]]",37,quantum,3,,/local/scratch/a/rames102/Gurobi_QP/one_equality/complete_random
precond_pen=0.700,28,-18.806502633016997,159.54227746784233,0.7,2,0.19540691375732422,0.17496585845947266,0.0,1101000100110000011111110100,++-+---+--++-----+++++++-+--,0,False,"[[0.000117, 186.82195133], [0.005065, 171.71696857], [0.005589, 161.8334456], [0.147699, 164.34695783], [0.14782, 163.0136957], [0.148174, 159.7823802], [0.174966, 159.54227747]]",37,quantum,3,,/local/scratch/a/rames102/Gurobi_QP/one_equality/complete_random
precond_pen=0.800,28,-16.734614464907995,159.54227746784233,0.8,2,0.20357084274291992,0.2030479907989502,0.0,0010111011001111100000001011,--+-+++-++--+++++-------+-++,0,False,"[[0.000117, 186.82195133], [0.005608, 175.30445386], [0.006276, 161.8334456], [0.202615, 159.54227747], [0.203048, 159.54227747]]",37,quantum,3,,/local/scratch/a/rames102/Gurobi_QP/one_equality/complete_random
precond_pen=1.000,28,-9.457940993217,158.09453430061615,1.0,2,0.26308703422546387,0.006308078765869141,0.0,1101000100110001011011110100,++-+---+--++---+-++-++++-+--,0,False,"[[0.000126, 186.82195133], [0.005072, 173.89019677], [0.006308, 158.0945343]]",37,quantum,3,,/local/scratch/a/rames102/Gurobi_QP/one_equality/complete_random
baseline,28,160.19006204180496,160.19006204180488,,2,11.945710897445679,0.00571894645690918,0.0,0111101000011010011110010100,-++++-+----++-+--++++--+-+--,0,False,"[[0.000116, 188.89697337], [0.004267, 185.51942062], [0.004954, 185.31761246], [0.005719, 160.19006204]]",38,quantum,3,,/local/scratch/a/rames102/Gurobi_QP/one_equality/complete_random
precond_pen=0.200,28,-36.79540535777896,160.19006204180488,0.2,2,0.27298784255981445,0.006627798080444336,0.0,1000010111100101100001101011,+----+-++++--+-++----++-+-++,0,False,"[[0.000132, 188.89697337], [0.005137, 178.9894345], [0.006628, 160.19006204]]",38,quantum,3,,/local/scratch/a/rames102/Gurobi_QP/one_equality/complete_random
precond_pen=0.300,28,-48.34800204968602,160.19006204180488,0.3,2,0.14634203910827637,0.005834102630615234,0.0,0111101000011010011110010100,-++++-+----++-+--++++--+-+--,0,False,"[[0.000122, 188.89697337], [0.004632, 181.7453271], [0.005834, 160.19006204]]",38,quantum,3,,/local/scratch/a/rames102/Gurobi_QP/one_equality/complete_random
precond_pen=0.400,28,-36.053564783321,160.19006204180488,0.4,2,0.12119698524475098,0.12084317207336426,0.0,1000010111100101100001101011,+----+-++++--+-++----++-+-++,0,False,"[[0.000114, 188.89697337], [0.004631, 183.59951964], [0.005377, 183.2729759], [0.005734, 183.65865122], [0.006221, 165.79312029], [0.035489, 160.19006204], [0.120843, 160.19006204]]",38,quantum,3,,/local/scratch/a/rames102/Gurobi_QP/one_equality/complete_random
precond_pen=0.500,28,-28.33330412098301,160.19006204180488,0.5,2,0.1272730827331543,0.005825996398925781,0.0,1000010111100101100001101011,+----+-++++--+-++----++-+-++,0,False,"[[0.000111, 188.89697337], [0.005089, 183.65865122], [0.005826, 160.19006204]]",38,quantum,3,,/local/scratch/a/rames102/Gurobi_QP/one_equality/complete_random
precond_pen=0.700,28,-21.344013488109006,160.19006204180488,0.7,2,0.14769506454467773,0.0357210636138916,0.0,1000010111100101100001101011,+----+-++++--+-++----++-+-++,0,False,"[[0.000118, 188.89697337], [0.004786, 185.08185806], [0.005275, 185.7444408], [0.006181, 165.79312029], [0.035721, 160.19006204]]",38,quantum,3,,/local/scratch/a/rames102/Gurobi_QP/one_equality/complete_random
precond_pen=0.800,28,-18.53488799426301,160.19006204180488,0.8,2,0.21332907676696777,0.21293306350708008,0.0,1000010111100101100001101011,+----+-++++--+-++----++-+-++,0,False,"[[0.000121, 188.89697337], [0.005569, 184.37155101], [0.006183, 163.38644993], [0.210909, 160.19006204], [0.212933, 160.19006204]]",38,quantum,3,,/local/scratch/a/rames102/Gurobi_QP/one_equality/complete_random
precond_pen=1.000,28,-2.111269878814996,160.19006204180488,1.0,2,1.6852569580078125,0.0062448978424072266,0.0,1000010111100101100001101011,+----+-++++--+-++----++-+-++,0,False,"[[0.000119, 188.89697337], [0.005835, 180.16231323], [0.006245, 160.19006204]]",38,quantum,3,,/local/scratch/a/rames102/Gurobi_QP/one_equality/complete_random
baseline,28,170.5863814971919,170.58638149719218,,2,11.442079067230225,0.10703706741333008,0.0,1100111010111000111100000001,++--+++-+-+++---++++-------+,0,False,"[[0.00012, 200.39614847], [0.00399, 193.38095043], [0.004649, 192.67315426], [0.00529, 172.25536454], [0.107037, 170.5863815]]",39,quantum,3,,/local/scratch/a/rames102/Gurobi_QP/one_equality/complete_random
precond_pen=0.200,28,-25.116634593430945,170.58638149719218,0.2,2,0.5025830268859863,0.006394863128662109,0.0,0011000101000111000011111110,--++---+-+---+++----+++++++-,0,False,"[[0.000132, 200.39614847], [0.004716, 200.6378211], [0.005412, 199.63303747], [0.005852, 196.65490396], [0.006395, 170.5863815]]",39,quantum,3,,/local/scratch/a/rames102/Gurobi_QP/one_equality/complete_random
precond_pen=0.300,28,-49.218149289633,170.58638149719218,0.3,2,0.13213706016540527,0.006875038146972656,0.0,1100111010111000111100000001,++--+++-+-+++---++++-------+,0,False,"[[0.000114, 200.39614847], [0.005677, 181.96143619], [0.006875, 170.5863815]]",39,quantum,3,,/local/scratch/a/rames102/Gurobi_QP/one_equality/complete_random
precond_pen=0.400,28,-36.483606745359005,170.58638149719218,0.4,2,0.14029908180236816,0.0065310001373291016,0.0,1100111010111000111100000001,++--+++-+-+++---++++-------+,0,False,"[[0.000114, 200.39614847], [0.004943, 191.42890901], [0.005675, 189.61163014], [0.006531, 170.5863815]]",39,quantum,3,,/local/scratch/a/rames102/Gurobi_QP/one_equality/complete_random
precond_pen=0.500,28,-27.671954747757,170.58638149719218,0.5,2,0.14272785186767578,0.006148815155029297,0.0,1100111010111000111100000001,++--+++-+-+++---++++-------+,0,False,"[[0.000115, 200.39614847], [0.004896, 196.48369364], [0.005393, 198.51181178], [0.006149, 170.5863815]]",39,quantum,3,,/local/scratch/a/rames102/Gurobi_QP/one_equality/complete_random
precond_pen=0.700,28,-21.179432262646,170.58638149719218,0.7,2,0.19147014617919922,0.006693124771118164,0.0,0011000101000111000011111110,--++---+-+---+++----+++++++-,0,False,"[[0.000118, 200.39614847], [0.004844, 193.14627714], [0.005573, 189.61163014], [0.006073, 189.39575675], [0.006693, 170.5863815]]",39,quantum,3,,/local/scratch/a/rames102/Gurobi_QP/one_equality/complete_random
precond_pen=0.800,28,-14.430468623283009,170.58638149719218,0.8,2,0.16012907028198242,0.006471157073974609,0.0,0011000101000111000011111110,--++---+-+---+++----+++++++-,0,False,"[[0.000116, 200.39614847], [0.004641, 192.94291751], [0.005249, 193.34710802], [0.00561, 193.18616908], [0.006471, 170.5863815]]",39,quantum,3,,/local/scratch/a/rames102/Gurobi_QP/one_equality/complete_random
precond_pen=1.000,28,-7.900204468224997,170.58638149719218,1.0,2,0.1862940788269043,0.006593942642211914,0.0,0011000101000111000011111110,--++---+-+---+++----+++++++-,0,False,"[[0.000126, 200.39614847], [0.004844, 198.95465122], [0.005229, 198.17481147], [0.005779, 189.28217514], [0.006594, 170.5863815]]",39,quantum,3,,/local/scratch/a/rames102/Gurobi_QP/one_equality/complete_random
baseline,28,168.70974555732,168.7097455573197,,2,13.624122142791748,11.834645986557007,0.0,1110011000010110101110000110,+++--++----+-++-+-+++----++-,0,False,"[[0.000116, 197.01518744], [0.004374, 196.91269363], [0.004779, 170.15739719], [0.109453, 169.11585902], [11.834646, 168.70974556]]",40,quantum,3,,/local/scratch/a/rames102/Gurobi_QP/one_equality/complete_random
precond_pen=0.200,28,-23.286753171319006,169.175997273618,0.2,2,0.8817617893218994,0.04546499252319336,0.0,1110011010100100101010100110,+++--++-+-+--+--+-+-+-+--++-,0,False,"[[0.000119, 197.01518744], [0.004327, 189.82853944], [0.005626, 169.70506409], [0.045465, 169.17599727]]",40,quantum,3,,/local/scratch/a/rames102/Gurobi_QP/one_equality/complete_random
precond_pen=0.300,28,-42.585599995151014,169.61178002892007,0.3,2,0.22289514541625977,0.005961179733276367,0.0,1110011000110100101010100110,+++--++---++-+--+-+-+-+--++-,0,False,"[[0.000118, 197.01518744], [0.004668, 194.48113003], [0.005032, 192.88960188], [0.005404, 190.13087906], [0.005961, 169.61178003]]",40,quantum,3,,/local/scratch/a/rames102/Gurobi_QP/one_equality/complete_random
precond_pen=0.400,28,-29.975044856346003,169.61178002892007,0.4,2,0.20990991592407227,0.20243406295776367,0.0,1110011000110100101010100110,+++--++---++-+--+-+-+-+--++-,0,False,"[[0.000112, 197.01518744], [0.004651, 190.79238266], [0.005906, 168.70974556], [0.035217, 169.70506409], [0.202434, 169.61178003]]",40,quantum,3,,/local/scratch/a/rames102/Gurobi_QP/one_equality/complete_random
precond_pen=0.500,28,-22.500448947461987,169.61178002892007,0.5,2,0.30452585220336914,0.3039219379425049,0.0,1110011000110100101010100110,+++--++---++-+--+-+-+-+--++-,0,False,"[[0.000117, 197.01518744], [0.004893, 191.40549742], [0.005522, 191.96480387], [0.005855, 184.24347016], [0.006325, 169.15082556], [0.228459, 169.61178003], [0.303922, 169.61178003]]",40,quantum,3,,/local/scratch/a/rames102/Gurobi_QP/one_equality/complete_random
precond_pen=0.700,28,-16.490460658479,169.61178002892007,0.7,2,0.25414395332336426,0.10435700416564941,0.0,1110011000110100101010100110,+++--++---++-+--+-+-+-+--++-,0,False,"[[0.000115, 197.01518744], [0.004703, 185.8573044], [0.005963, 171.16040987], [0.033426, 169.31729296], [0.034609, 169.15082556], [0.104357, 169.61178003]]",40,quantum,3,,/local/scratch/a/rames102/Gurobi_QP/one_equality/complete_random
precond_pen=0.800,28,-5.210311850350003,168.7097455573197,0.8,2,0.642927885055542,0.6423389911651611,0.0,1110011000010110101110000110,+++--++----+-++-+-+++----++-,0,False,"[[0.000114, 197.01518744], [0.005136, 181.51634368], [0.006142, 177.12164199], [0.00695, 169.17599727], [0.599686, 169.15082556], [0.641829, 168.70974556], [0.642339, 168.70974556]]",40,quantum,3,,/local/scratch/a/rames102/Gurobi_QP/one_equality/complete_random
precond_pen=1.000,28,-2.7637124289889847,168.7097455573197,1.0,2,2.0196080207824707,2.018657922744751,0.0,0001100111101001010001111001,---++--++++-+--+-+---++++--+,0,False,"[[0.000117, 197.01518744], [0.005434, 189.09836092], [0.005963, 169.11585902], [0.992813, 168.70974556], [2.018658, 168.70974556]]",40,quantum,3,,/local/scratch/a/rames102/Gurobi_QP/one_equality/complete_random
baseline,28,177.84411758246208,177.8441175824623,,2,20.296980142593384,20.294744968414307,0.0,1001101101011001110000000111,+--++-++-+-++--+++-------+++,0,False,"[[0.00012, 199.10912158], [0.004779, 181.20750419], [0.10885, 178.56794896], [7.157824, 177.93862857], [19.114578, 177.84411758], [20.294745, 177.84411758]]",41,quantum,3,,/local/scratch/a/rames102/Gurobi_QP/one_equality/complete_random
precond_pen=0.200,28,-13.956087739147165,178.73127509468426,0.2,2,1.1186752319335938,0.004831075668334961,0.0,0110010111100110001110101000,-++--+-++++--++---+++-+-+---,0,False,"[[0.000119, 199.10912158], [0.004831, 178.73127509]]",41,quantum,3,,/local/scratch/a/rames102/Gurobi_QP/one_equality/complete_random
precond_pen=0.300,28,-40.824172657271994,178.73127509468426,0.3,2,0.18153810501098633,0.006368160247802734,0.0,0110010111100110001110101000,-++--+-++++--++---+++-+-+---,0,False,"[[0.000117, 199.10912158], [0.005197, 191.23007177], [0.006368, 178.73127509]]",41,quantum,3,,/local/scratch/a/rames102/Gurobi_QP/one_equality/complete_random
precond_pen=0.400,28,-28.927419951824987,178.73127509468426,0.4,2,0.18921899795532227,0.03491711616516113,0.0,0110010111100110001110101000,-++--+-++++--++---+++-+-+---,0,False,"[[0.000114, 199.10912158], [0.005003, 203.09998502], [0.0056, 179.08881557], [0.034917, 178.73127509]]",41,quantum,3,,/local/scratch/a/rames102/Gurobi_QP/one_equality/complete_random
precond_pen=0.500,28,-20.757549953092,178.73127509468426,0.5,2,0.30182504653930664,0.03504610061645508,0.0,0110010111100110001110101000,-++--+-++++--++---+++-+-+---,0,False,"[[0.000121, 199.10912158], [0.004922, 195.10402244], [0.006189, 179.7564406], [0.035046, 178.73127509]]",41,quantum,3,,/local/scratch/a/rames102/Gurobi_QP/one_equality/complete_random
precond_pen=0.700,28,-16.206816995878,178.73127509468426,0.7,2,0.2346019744873047,0.23398590087890625,0.0,1001101000011001110001010111,+--++-+----++--+++---+-+-+++,0,False,"[[0.000117, 199.10912158], [0.005528, 178.71474288], [0.033447, 179.08881557], [0.232067, 178.73127509], [0.233986, 178.73127509]]",41,quantum,3,,/local/scratch/a/rames102/Gurobi_QP/one_equality/complete_random
precond_pen=0.800,28,-5.685879669111991,177.93862857349436,0.8,2,0.5427260398864746,0.5421249866485596,0.0,1001101001011000110001010111,+--++-+--+-++---++---+-+-+++,0,False,"[[0.000125, 199.10912158], [0.005415, 197.98060068], [0.005788, 197.46963816], [0.006588, 178.71474288], [0.034895, 178.96593759], [0.541605, 177.93862857], [0.542125, 177.93862857]]",41,quantum,3,,/local/scratch/a/rames102/Gurobi_QP/one_equality/complete_random
precond_pen=1.000,28,-10.485071170292008,178.73127509468426,1.0,2,0.36031198501586914,0.006155967712402344,0.0,1001101000011001110001010111,+--++-+----++--+++---+-+-+++,0,False,"[[0.000115, 199.10912158], [0.004978, 199.51894607], [0.005348, 197.46963816], [0.005677, 195.33304569], [0.006156, 178.73127509]]",41,quantum,3,,/local/scratch/a/rames102/Gurobi_QP/one_equality/complete_random
baseline,28,167.32008674962705,167.32008674962708,,2,17.90204405784607,8.210057973861694,0.0,1110110000001111100110011000,+++-++------+++++--++--++---,0,False,"[[0.000118, 186.6096884], [0.004915, 168.62482093], [5.231985, 168.52695443], [5.332708, 167.68706517], [8.210058, 167.32008675]]",42,quantum,3,,/local/scratch/a/rames102/Gurobi_QP/one_equality/complete_random
precond_pen=0.200,28,-22.198330869785103,168.76069876094311,0.2,2,0.9434340000152588,0.005944013595581055,0.0,0000000011110010011011110111,--------++++--+--++-++++-+++,0,False,"[[0.000123, 186.6096884], [0.004571, 186.36232597], [0.005944, 168.76069876]]",42,quantum,3,,/local/scratch/a/rames102/Gurobi_QP/one_equality/complete_random
precond_pen=0.300,28,-38.172362840833,169.0239966807834,0.3,2,0.18937993049621582,0.006206035614013672,0.0,1111111100001100010101001000,++++++++----++---+-+-+--+---,0,False,"[[0.000122, 186.6096884], [0.004675, 191.66874019], [0.005298, 186.30310179], [0.006206, 169.02399668]]",42,quantum,3,,/local/scratch/a/rames102/Gurobi_QP/one_equality/complete_random
precond_pen=0.400,28,-27.563705022815988,169.0239966807834,0.4,2,0.18391704559326172,0.006400108337402344,0.0,0000000011110011101010110111,--------++++--+++-+-+-++-+++,0,False,"[[0.000116, 186.6096884], [0.005112, 185.55264093], [0.0064, 169.02399668]]",42,quantum,3,,/local/scratch/a/rames102/Gurobi_QP/one_equality/complete_random
precond_pen=0.500,28,-19.978859768684003,169.0239966807834,0.5,2,0.20023393630981445,0.034535884857177734,0.0,1111111100001100010101001000,++++++++----++---+-+-+--+---,0,False,"[[0.000124, 186.6096884], [0.004794, 184.50185111], [0.006018, 167.32008675], [0.034536, 169.02399668]]",42,quantum,3,,/local/scratch/a/rames102/Gurobi_QP/one_equality/complete_random
precond_pen=0.700,28,-15.954737911345003,167.687065173483,0.7,2,0.2673308849334717,0.006623983383178711,0.0,0010000001110111101010010111,--+------+++-++++-+-+--+-+++,0,False,"[[0.000117, 186.6096884], [0.00525, 189.09823996], [0.005657, 186.30310179], [0.006106, 185.78769875], [0.006624, 167.68706517]]",42,quantum,3,,/local/scratch/a/rames102/Gurobi_QP/one_equality/complete_random
precond_pen=0.800,28,-11.018545503329992,167.687065173483,0.8,2,0.27679920196533203,0.033521175384521484,0.0,1101111110001000010101101000,++-++++++---+----+-+-++-+---,0,False,"[[0.000117, 186.6096884], [0.005049, 184.15708547], [0.006061, 183.68686767], [0.006829, 168.76069876], [0.033521, 167.68706517]]",42,quantum,3,,/local/scratch/a/rames102/Gurobi_QP/one_equality/complete_random
precond_pen=1.000,28,-2.08215029884699,167.32008674962708,1.0,2,3.3308839797973633,3.3299500942230225,0.0,1110110000001111100110011000,+++-++------+++++--++--++---,0,False,"[[0.000116, 186.6096884], [0.005986, 175.4699981], [0.006402, 167.68706517], [2.972844, 167.32008675], [3.32995, 167.32008675]]",42,quantum,3,,/local/scratch/a/rames102/Gurobi_QP/one_equality/complete_random
baseline,28,166.26714621420618,166.2671462142061,,2,12.166881084442139,0.005259990692138672,0.0,1000110101011101001110001100,+---++-+-+-+++-+--+++---++--,0,False,"[[0.00012, 197.12455308], [0.004417, 196.53529027], [0.00526, 166.26714621]]",43,quantum,3,,/local/scratch/a/rames102/Gurobi_QP/one_equality/complete_random
precond_pen=0.200,28,-33.48912156049205,169.13304936106198,0.2,2,0.23110699653625488,0.006381034851074219,0.0,1100110101011001001110001100,++--++-+-+-++--+--+++---++--,0,False,"[[0.00013, 197.12455308], [0.00494, 193.00890195], [0.005639, 190.12915366], [0.006381, 169.13304936]]",43,quantum,3,,/local/scratch/a/rames102/Gurobi_QP/one_equality/complete_random
precond_pen=0.300,28,-65.13306533475301,168.0417498951782,0.3,2,0.0414888858795166,0.005941867828369141,0.0,1000110101011001001110101100,+---++-+-+-++--+--+++-+-++--,0,False,"[[0.000121, 197.12455308], [0.004626, 199.01813223], [0.005065, 190.12915366], [0.005942, 168.0417499]]",43,quantum,3,,/local/scratch/a/rames102/Gurobi_QP/one_equality/complete_random
precond_pen=0.400,28,-43.23758018989201,168.0417498951782,0.4,2,0.06394004821777344,0.006031036376953125,0.0,0111001010100110110001010011,-+++--+-+-+--++-++---+-+--++,0,False,"[[0.000114, 197.12455308], [0.004834, 182.49093497], [0.006031, 168.0417499]]",43,quantum,3,,/local/scratch/a/rames102/Gurobi_QP/one_equality/complete_random
precond_pen=0.500,28,-30.930726639134996,168.0417498951782,0.5,2,0.08010411262512207,0.0059931278228759766,0.0,0111001010100110110001010011,-+++--+-+-+--++-++---+-+--++,0,False,"[[0.000113, 197.12455308], [0.004776, 185.90704195], [0.005993, 168.0417499]]",43,quantum,3,,/local/scratch/a/rames102/Gurobi_QP/one_equality/complete_random
precond_pen=0.700,28,-23.27942260418301,166.2671462142061,0.7,2,0.21546101570129395,0.005749225616455078,0.0,1000110101011101001110001100,+---++-+-+-+++-+--+++---++--,0,False,"[[0.000112, 197.12455308], [0.005749, 166.26714621]]",43,quantum,3,,/local/scratch/a/rames102/Gurobi_QP/one_equality/complete_random
precond_pen=0.800,28,-6.5442666869030095,166.2671462142061,0.8,2,0.21880221366882324,0.006426095962524414,0.0,0111001010100010110001110011,-+++--+-+-+---+-++---+++--++,0,False,"[[0.00012, 197.12455308], [0.005918, 194.659388], [0.006426, 166.26714621]]",43,quantum,3,,/local/scratch/a/rames102/Gurobi_QP/one_equality/complete_random
precond_pen=1.000,28,-2.0081671226909954,166.2671462142061,1.0,2,1.257310152053833,0.007424116134643555,0.0,0111001010100010110001110011,-+++--+-+-+---+-++---+++--++,0,False,"[[0.000114, 197.12455308], [0.007, 184.23073117], [0.007424, 166.26714621]]",43,quantum,3,,/local/scratch/a/rames102/Gurobi_QP/one_equality/complete_random
baseline,28,161.22225038190803,161.2222503819082,,2,11.780087947845459,0.10856795310974121,0.0,1010000101110111001000110011,+-+----+-+++-+++--+---++--++,0,False,"[[0.000135, 189.84504944], [0.004694, 166.1887532], [0.108568, 161.22225038]]",44,quantum,3,,/local/scratch/a/rames102/Gurobi_QP/one_equality/complete_random
precond_pen=0.200,28,-44.06121288201403,161.99992300716403,0.2,2,0.2587459087371826,0.0059659481048583984,0.0,1010001111110011011000000011,+-+---++++++--++-++-------++,0,False,"[[0.000121, 189.84504944], [0.004975, 190.89388744], [0.005312, 186.77538368], [0.005966, 161.99992301]]",44,quantum,3,,/local/scratch/a/rames102/Gurobi_QP/one_equality/complete_random
precond_pen=0.300,28,-61.54303221854002,161.99992300716403,0.3,2,0.06614494323730469,0.0054628849029541016,0.0,0101110000001100100111111100,-+-+++------++--+--+++++++--,0,False,"[[0.000116, 189.84504944], [0.004642, 164.46088334], [0.005463, 161.99992301]]",44,quantum,3,,/local/scratch/a/rames102/Gurobi_QP/one_equality/complete_random
precond_pen=0.400,28,-39.85866663143,161.99992300716403,0.4,2,0.07668805122375488,0.006362199783325195,0.0,0101110000001100100111111100,-+-+++------++--+--+++++++--,0,False,"[[0.000123, 189.84504944], [0.004959, 186.20176777], [0.005293, 186.77538368], [0.005728, 183.53509142], [0.006362, 161.99992301]]",44,quantum,3,,/local/scratch/a/rames102/Gurobi_QP/one_equality/complete_random
precond_pen=0.500,28,-26.848072718001998,161.99992300716403,0.5,2,0.137099027633667,0.1103811264038086,0.0,0101110000001100100111111100,-+-+++------++--+--+++++++--,0,False,"[[0.000113, 189.84504944], [0.004935, 183.64357137], [0.005256, 186.77538368], [0.006074, 161.22225038], [0.110381, 161.99992301]]",44,quantum,3,,/local/scratch/a/rames102/Gurobi_QP/one_equality/complete_random
precond_pen=0.700,28,-21.75571442766499,161.99992300716403,0.7,2,0.17046689987182617,0.16150784492492676,0.0,1010001111110011011000000011,+-+---++++++--++-++-------++,0,False,"[[0.000117, 189.84504944], [0.0052, 189.16889942], [0.005765, 161.22225038], [0.161395, 161.64772345], [0.161508, 161.99992301]]",44,quantum,3,,/local/scratch/a/rames102/Gurobi_QP/one_equality/complete_random
precond_pen=0.800,28,-10.59810642484999,161.64772344649802,0.8,2,0.35925889015197754,0.006623029708862305,0.0,0111110000001100100111110100,-+++++------++--+--+++++-+--,0,False,"[[0.000114, 189.84504944], [0.005217, 183.77585889], [0.005838, 182.75894905], [0.00617, 181.93146008], [0.006623, 161.64772345]]",44,quantum,3,,/local/scratch/a/rames102/Gurobi_QP/one_equality/complete_random
precond_pen=1.000,28,-13.710468476900001,161.99992300716403,1.0,2,0.16796588897705078,0.0067059993743896484,0.0,1010001111110011011000000011,+-+---++++++--++-++-------++,0,False,"[[0.000117, 189.84504944], [0.005244, 177.85091594], [0.005899, 180.63979396], [0.006706, 161.99992301]]",44,quantum,3,,/local/scratch/a/rames102/Gurobi_QP/one_equality/complete_random
baseline,28,167.39843630694406,167.39843630694392,,2,11.86220407485962,0.005129098892211914,0.0,0100100011100011110011101010,-+--+---+++---++++--+++-+-+-,0,False,"[[0.000117, 191.72589128], [0.003741, 188.40957996], [0.005129, 167.39843631]]",45,quantum,3,,/local/scratch/a/rames102/Gurobi_QP/one_equality/complete_random
precond_pen=0.200,28,-31.66819884887807,168.6706462748639,0.2,2,0.26923584938049316,0.005333900451660156,0.0,1011111100011100001000010101,+-++++++---+++----+----+-+-+,0,False,"[[0.00012, 191.72589128], [0.005334, 168.67064627]]",45,quantum,3,,/local/scratch/a/rames102/Gurobi_QP/one_equality/complete_random
precond_pen=0.300,28,-54.85642224163101,168.6706462748639,0.3,2,0.1186819076538086,0.005806922912597656,0.0,0100000011100011110111101010,-+------+++---++++-++++-+-+-,0,False,"[[0.000115, 191.72589128], [0.00476, 177.65844606], [0.005807, 168.67064627]]",45,quantum,3,,/local/scratch/a/rames102/Gurobi_QP/one_equality/complete_random
precond_pen=0.400,28,-38.87393141640101,167.39843630694392,0.4,2,0.1888871192932129,0.005791902542114258,0.0,1011011100011100001100010101,+-++-+++---+++----++---+-+-+,0,False,"[[0.000119, 191.72589128], [0.004901, 187.4053385], [0.005792, 167.39843631]]",45,quantum,3,,/local/scratch/a/rames102/Gurobi_QP/one_equality/complete_random
precond_pen=0.500,28,-29.697961309947985,167.39843630694392,0.5,2,0.20617103576660156,0.0060460567474365234,0.0,0100100011100011110011101010,-+--+---+++---++++--+++-+-+-,0,False,"[[0.000114, 191.72589128], [0.004892, 176.20493819], [0.006046, 167.39843631]]",45,quantum,3,,/local/scratch/a/rames102/Gurobi_QP/one_equality/complete_random
precond_pen=0.700,28,-22.149065031767,167.39843630694392,0.7,2,0.2837350368499756,0.005918979644775391,0.0,0100100011100011110011101010,-+--+---+++---++++--+++-+-+-,0,False,"[[0.000127, 191.72589128], [0.004591, 188.0938591], [0.005435, 186.56260335], [0.005919, 167.39843631]]",45,quantum,3,,/local/scratch/a/rames102/Gurobi_QP/one_equality/complete_random
precond_pen=0.800,28,-10.030397224987013,167.39843630694392,0.8,2,0.2831089496612549,0.28249478340148926,0.0,1011011100011100001100010101,+-++-+++---+++----++---+-+-+,0,False,"[[0.000117, 191.72589128], [0.005386, 179.6320876], [0.005922, 168.13929938], [0.253222, 167.39843631], [0.282495, 167.39843631]]",45,quantum,3,,/local/scratch/a/rames102/Gurobi_QP/one_equality/complete_random
precond_pen=1.000,28,-7.781239167107991,167.39843630694392,1.0,2,0.3144350051879883,0.1940479278564453,0.0,0100100011100011110011101010,-+--+---+++---++++--+++-+-+-,0,False,"[[0.000117, 191.72589128], [0.005947, 168.13929938], [0.194048, 167.39843631]]",45,quantum,3,,/local/scratch/a/rames102/Gurobi_QP/one_equality/complete_random
baseline,28,157.11188936547697,157.11188936547674,,2,12.2968590259552,0.0051839351654052734,0.0,1100111011100001010010100110,++--+++-+++----+-+--+-+--++-,0,False,"[[0.000119, 176.15312436], [0.004165, 175.66128181], [0.004476, 175.16665751], [0.005184, 157.11188937]]",46,quantum,3,,/local/scratch/a/rames102/Gurobi_QP/one_equality/complete_random
precond_pen=0.200,28,-45.30121108211401,157.978784775661,0.2,2,0.17681097984313965,0.006668806076049805,0.0,1100110011100101010010100110,++--++--+++--+-+-+--+-+--++-,0,False,"[[0.000121, 176.15312436], [0.005083, 176.46052829], [0.00593, 170.88470595], [0.006669, 157.97878478]]",46,quantum,3,,/local/scratch/a/rames102/Gurobi_QP/one_equality/complete_random
precond_pen=0.300,28,-50.72601234153898,157.978784775661,0.3,2,0.1486680507659912,0.006325960159301758,0.0,1100110011100101010010100110,++--++--+++--+-+-+--+-+--++-,0,False,"[[0.000115, 176.15312436], [0.004812, 171.57101477], [0.006326, 157.97878478]]",46,quantum,3,,/local/scratch/a/rames102/Gurobi_QP/one_equality/complete_random
precond_pen=0.400,28,-34.295960140305986,157.978784775661,0.4,2,0.15778493881225586,0.0059430599212646484,0.0,0011001100011010101101011001,--++--++---++-+-+-++-+-++--+,0,False,"[[0.000116, 176.15312436], [0.004688, 177.07365461], [0.00501, 175.16665751], [0.005337, 174.12198268], [0.005943, 157.97878478]]",46,quantum,3,,/local/scratch/a/rames102/Gurobi_QP/one_equality/complete_random
precond_pen=0.500,28,-26.258169612263995,157.978784775661,0.5,2,0.09909486770629883,0.006618976593017578,0.0,0011001100011010101101011001,--++--++---++-+-+-++-+-++--+,0,False,"[[0.000119, 176.15312436], [0.005114, 175.57504662], [0.005568, 176.11294308], [0.005988, 174.49712255], [0.006619, 157.97878478]]",46,quantum,3,,/local/scratch/a/rames102/Gurobi_QP/one_equality/complete_random
precond_pen=0.700,28,-20.55418598191099,157.978784775661,0.7,2,0.1153709888458252,0.006387948989868164,0.0,0011001100011010101101011001,--++--++---++-+-+-++-+-++--+,0,False,"[[0.000121, 176.15312436], [0.004966, 174.33112621], [0.005301, 175.16665751], [0.00575, 170.36702879], [0.006388, 157.97878478]]",46,quantum,3,,/local/scratch/a/rames102/Gurobi_QP/one_equality/complete_random
precond_pen=0.800,28,-17.522318894759998,157.978784775661,0.8,2,0.12670302391052246,0.006000995635986328,0.0,0011001100011010101101011001,--++--++---++-+-+-++-+-++--+,0,False,"[[0.000112, 176.15312436], [0.005338, 178.13573578], [0.006001, 157.97878478]]",46,quantum,3,,/local/scratch/a/rames102/Gurobi_QP/one_equality/complete_random
precond_pen=1.000,28,-3.641323836638996,157.11188936547674,1.0,2,0.9034829139709473,0.032614946365356445,0.0,1100111011100001010010100110,++--+++-+++----+-+--+-+--++-,0,False,"[[0.000118, 176.15312436], [0.006276, 172.95301677], [0.006775, 170.88470595], [0.007114, 168.11328279], [0.007707, 157.38518433], [0.032615, 157.11188937]]",46,quantum,3,,/local/scratch/a/rames102/Gurobi_QP/one_equality/complete_random
baseline,28,170.04519229797495,170.0451922979749,,2,12.53870701789856,0.1086881160736084,0.0,0000111100100000111111101100,----++++--+-----+++++++-++--,0,False,"[[0.000116, 189.77411453], [0.004755, 172.70389659], [0.108688, 170.0451923]]",47,quantum,3,,/local/scratch/a/rames102/Gurobi_QP/one_equality/complete_random
precond_pen=0.200,28,-18.7409468061021,171.1364438369547,0.2,2,0.9618418216705322,0.0056650638580322266,0.0,0110111100100101011010100100,-++-++++--+--+-+-++-+-+--+--,0,False,"[[0.000124, 189.77411453], [0.004458, 194.19395779], [0.004809, 184.51447963], [0.005665, 171.13644384]]",47,quantum,3,,/local/scratch/a/rames102/Gurobi_QP/one_equality/complete_random
precond_pen=0.300,28,-43.723177160643004,171.1364438369547,0.3,2,0.17410492897033691,0.17348909378051758,0.0,0110111100100101011010100100,-++-++++--+--+-+-++-+-+--+--,0,False,"[[0.000117, 189.77411453], [0.00497, 192.50632177], [0.005558, 170.0451923], [0.173141, 171.13644384], [0.173489, 171.13644384]]",47,quantum,3,,/local/scratch/a/rames102/Gurobi_QP/one_equality/complete_random
precond_pen=0.400,28,-32.114245350931995,171.1364438369547,0.4,2,0.16091609001159668,0.006181001663208008,0.0,0110111100100101011010100100,-++-++++--+--+-+-++-+-+--+--,0,False,"[[0.000114, 189.77411453], [0.004911, 186.04660667], [0.00525, 184.51447963], [0.005575, 186.46132022], [0.006181, 171.13644384]]",47,quantum,3,,/local/scratch/a/rames102/Gurobi_QP/one_equality/complete_random
precond_pen=0.500,28,-24.541694070871998,171.1364438369547,0.5,2,0.1702430248260498,0.16962695121765137,0.0,1001000011011010100101011011,+--+----++-++-+-+--+-+-++-++,0,False,"[[0.000115, 189.77411453], [0.004941, 191.48114739], [0.005275, 184.51447963], [0.006302, 173.77301702], [0.033862, 170.0451923], [0.169284, 171.13644384], [0.169627, 171.13644384]]",47,quantum,3,,/local/scratch/a/rames102/Gurobi_QP/one_equality/complete_random
precond_pen=0.700,28,-19.65301649879901,171.1364438369547,0.7,2,0.2094130516052246,0.2088768482208252,0.0,0110111100100101011010100100,-++-++++--+--+-+-++-+-+--+--,0,False,"[[0.000119, 189.77411453], [0.004833, 183.54393887], [0.00631, 170.0451923], [0.208469, 171.13644384], [0.208877, 171.13644384]]",47,quantum,3,,/local/scratch/a/rames102/Gurobi_QP/one_equality/complete_random
precond_pen=0.800,28,-17.06117915630699,171.1364438369547,0.8,2,0.18250799179077148,0.18211913108825684,0.0,1001000011011010100101011011,+--+----++-++-+-+--+-+-++-++,0,False,"[[0.000116, 189.77411453], [0.005195, 188.52997734], [0.005809, 170.0451923], [0.179606, 171.13644384], [0.182119, 171.13644384]]",47,quantum,3,,/local/scratch/a/rames102/Gurobi_QP/one_equality/complete_random
precond_pen=1.000,28,-1.827960765236016,170.0451922979749,1.0,2,2.3068161010742188,2.3058481216430664,0.0,1111000011011111000000010011,++++----++-+++++-------+--++,0,False,"[[0.000114, 189.77411453], [0.006295, 172.70389659], [1.189323, 171.68020052], [1.248455, 171.13644384], [1.278262, 170.0451923], [2.305848, 170.0451923]]",47,quantum,3,,/local/scratch/a/rames102/Gurobi_QP/one_equality/complete_random
baseline,28,169.15060624441494,169.15060624441492,,2,14.923372983932495,0.005259990692138672,0.0,1110010101000010010010011111,+++--+-+-+----+--+--+--+++++,0,False,"[[0.00013, 183.97429537], [0.004061, 181.49585972], [0.00526, 169.15060624]]",48,quantum,3,,/local/scratch/a/rames102/Gurobi_QP/one_equality/complete_random
precond_pen=0.200,28,-29.991525573885895,171.02681736169313,0.2,2,0.5149149894714355,0.006700038909912109,0.0,1100001101000010011010111110,++----++-+----+--++-+-+++++-,0,False,"[[0.000124, 183.97429537], [0.005332, 188.56893836], [0.0067, 171.02681736]]",48,quantum,3,,/local/scratch/a/rames102/Gurobi_QP/one_equality/complete_random
precond_pen=0.300,28,-50.51002125839799,171.2376668390571,0.3,2,0.20845794677734375,0.006331920623779297,0.0,1100000101000110011010111110,++-----+-+---++--++-+-+++++-,0,False,"[[0.000123, 183.97429537], [0.004979, 189.40358831], [0.006332, 171.23766684]]",48,quantum,3,,/local/scratch/a/rames102/Gurobi_QP/one_equality/complete_random
precond_pen=0.400,28,-35.42739490424599,171.02681736169313,0.4,2,0.18547892570495605,0.006229877471923828,0.0,0011110010111101100101000001,--++++--+-++++-++--+-+-----+,0,False,"[[0.000119, 183.97429537], [0.004882, 184.83904996], [0.00539, 182.10029789], [0.00623, 171.02681736]]",48,quantum,3,,/local/scratch/a/rames102/Gurobi_QP/one_equality/complete_random
precond_pen=0.500,28,-26.32865139875802,171.02681736169313,0.5,2,0.18442392349243164,0.1838228702545166,0.0,1100001101000010011010111110,++----++-+----+--++-+-+++++-,0,False,"[[0.000118, 183.97429537], [0.004487, 182.22797679], [0.005686, 170.27537789], [0.183331, 171.23766684], [0.183453, 171.02681736], [0.183823, 171.02681736]]",48,quantum,3,,/local/scratch/a/rames102/Gurobi_QP/one_equality/complete_random
precond_pen=0.700,28,-20.150147993738987,169.94405881238492,0.7,2,0.24981117248535156,0.24818205833435059,0.0,0011101010111001100101100001,--+++-+-+-+++--++--+-++----+,0,False,"[[0.000116, 183.97429537], [0.004986, 185.89323411], [0.005311, 185.0833588], [0.006114, 170.27537789], [0.216421, 172.53748977], [0.217767, 169.39954655], [0.248182, 169.94405881]]",48,quantum,3,,/local/scratch/a/rames102/Gurobi_QP/one_equality/complete_random
precond_pen=0.800,28,-8.235546464659997,169.73768897578708,0.8,2,0.2602119445800781,0.005999088287353516,0.0,0011111010111101000101000001,--+++++-+-++++-+---+-+-----+,0,False,"[[0.000128, 183.97429537], [0.005999, 169.73768898]]",48,quantum,3,,/local/scratch/a/rames102/Gurobi_QP/one_equality/complete_random
precond_pen=1.000,28,-9.719683331298004,169.94405881238492,1.0,2,0.3630669116973877,0.31528282165527344,0.0,0011101010111001100101100001,--+++-+-+-+++--++--+-++----+,0,False,"[[0.000116, 183.97429537], [0.005891, 169.73768898], [0.315283, 169.94405881]]",48,quantum,3,,/local/scratch/a/rames102/Gurobi_QP/one_equality/complete_random
baseline,28,168.78779037312907,168.78779037312893,,2,20.90046191215515,5.0021750926971436,0.0,0111101011100000001101110001,-++++-+-+++-------++-+++---+,0,False,"[[0.000116, 204.81576048], [0.003748, 192.47743654], [0.004257, 191.51811648], [0.004937, 173.61238808], [0.108396, 169.89779924], [5.002175, 168.78779037]]",49,quantum,3,,/local/scratch/a/rames102/Gurobi_QP/one_equality/complete_random
precond_pen=0.200,28,-26.17436195025718,170.53694640605903,0.2,2,0.6974990367889404,0.0060880184173583984,0.0,1000010100011111100010001111,+----+-+---++++++---+---++++,0,False,"[[0.000124, 204.81576048], [0.004792, 197.241462], [0.006088, 170.53694641]]",49,quantum,3,,/local/scratch/a/rames102/Gurobi_QP/one_equality/complete_random
precond_pen=0.300,28,-51.582922730769,169.8977992411709,0.3,2,0.2611351013183594,0.006330966949462891,0.0,0111101001100000011101110100,-++++-+--++------+++-+++-+--,0,False,"[[0.000113, 204.81576048], [0.004748, 204.71251486], [0.005489, 188.52849739], [0.006331, 169.89779924]]",49,quantum,3,,/local/scratch/a/rames102/Gurobi_QP/one_equality/complete_random
precond_pen=0.400,28,-34.49253203406701,169.8977992411709,0.4,2,0.22740817070007324,0.006100177764892578,0.0,1000010110011111100010001011,+----+-++--++++++---+---+-++,0,False,"[[0.000115, 204.81576048], [0.004594, 185.16412969], [0.005472, 182.16429713], [0.0061, 169.89779924]]",49,quantum,3,,/local/scratch/a/rames102/Gurobi_QP/one_equality/complete_random
precond_pen=0.500,28,-25.006798504903003,168.78779037312893,0.5,2,0.23366713523864746,0.006657123565673828,0.0,1000010100011111110010001110,+----+-+---+++++++--+---+++-,0,False,"[[0.000124, 204.81576048], [0.004842, 191.82585415], [0.00557, 188.52849739], [0.006127, 182.43778646], [0.006657, 168.78779037]]",49,quantum,3,,/local/scratch/a/rames102/Gurobi_QP/one_equality/complete_random
precond_pen=0.700,28,-19.44940300693401,168.78779037312893,0.7,2,0.18912696838378906,0.006536960601806641,0.0,1000010100011111110010001110,+----+-+---+++++++--+---+++-,0,False,"[[0.000117, 204.81576048], [0.004867, 200.06298897], [0.005199, 201.73475661], [0.005749, 185.49301013], [0.006537, 168.78779037]]",49,quantum,3,,/local/scratch/a/rames102/Gurobi_QP/one_equality/complete_random
precond_pen=0.800,28,-2.3775534020450024,168.78779037312893,0.8,2,2.0635581016540527,2.0626120567321777,0.0,1000010100011111110010001110,+----+-+---+++++++--+---+++-,0,False,"[[0.000114, 204.81576048], [0.006006, 204.12170554], [0.006523, 173.5998805], [0.026917, 172.45432366], [1.151445, 172.44333963], [1.20135, 171.19868045], [1.201788, 169.89779924], [1.743852, 168.78779037], [2.062612, 168.78779037]]",49,quantum,3,,/local/scratch/a/rames102/Gurobi_QP/one_equality/complete_random
precond_pen=1.000,28,-12.390527958734994,168.78779037312893,1.0,2,0.18505501747131348,0.006373882293701172,0.0,1000010100011111110010001110,+----+-+---+++++++--+---+++-,0,False,"[[0.000121, 204.81576048], [0.005053, 198.00572062], [0.005413, 198.78098909], [0.00574, 190.70073549], [0.006374, 168.78779037]]",49,quantum,3,,/local/scratch/a/rames102/Gurobi_QP/one_equality/complete_random
