name,n,objective_model,objective_baseline,penalty,mip_status,runtime_sec,time_to_best_sec,mip_gap,x_bits,z_bits,sum_z,presolve,trajectory,seed,preconditioner_family,layers,sweeps,data_root
baseline,32,239.69424566937104,239.69424566937104,,2,392.88400292396545,79.94847106933594,0.0,01011100111000100101111110001000,-+-+++--+++---+--+-++++++---+---,0,False,"[[5.4e-05, 274.21960198], [0.012391, 271.60958523], [0.012734, 271.59475237], [0.013363, 243.78373506], [0.111761, 241.81990558], [8.553482, 240.97907551], [14.053074, 240.83146291], [71.643292, 240.63633596], [74.849616, 240.15122819], [79.948471, 239.69424567]]",0,classical,,100,/mnt/c/Users/rames102/Desktop/Gurobi_QP/one_equality_new/complete_random
precond_pen=0.000,32,16.0,274.21960197855714,0.0,2,0.16696691513061523,5.4836273193359375e-05,0.0,11111111111111110000000000000000,++++++++++++++++----------------,0,False,"[[5.5e-05, 274.21960198]]",0,classical,,100,/mnt/c/Users/rames102/Desktop/Gurobi_QP/one_equality_new/complete_random
precond_pen=0.200,32,16.0,274.21960197855714,0.2,2,0.15618205070495605,7.700920104980469e-05,0.0,11111111111111110000000000000000,++++++++++++++++----------------,0,False,"[[7.7e-05, 274.21960198]]",0,classical,,100,/mnt/c/Users/rames102/Desktop/Gurobi_QP/one_equality_new/complete_random
precond_pen=0.400,32,16.0,274.21960197855714,0.4,2,0.13719415664672852,6.413459777832031e-05,0.0,11111111111111110000000000000000,++++++++++++++++----------------,0,False,"[[6.4e-05, 274.21960198]]",0,classical,,100,/mnt/c/Users/rames102/Desktop/Gurobi_QP/one_equality_new/complete_random
precond_pen=0.600,32,16.0,274.21960197855714,0.6,2,0.14798402786254883,7.796287536621094e-05,0.0,11111111111111110000000000000000,++++++++++++++++----------------,0,False,"[[7.8e-05, 274.21960198]]",0,classical,,100,/mnt/c/Users/rames102/Desktop/Gurobi_QP/one_equality_new/complete_random
precond_pen=0.800,32,16.0,274.21960197855714,0.8,2,0.14411711692810059,7.295608520507812e-05,0.0,11111111111111110000000000000000,++++++++++++++++----------------,0,False,"[[7.3e-05, 274.21960198]]",0,classical,,100,/mnt/c/Users/rames102/Desktop/Gurobi_QP/one_equality_new/complete_random
precond_pen=1.000,32,16.0,274.21960197855714,1.0,2,0.13054299354553223,4.315376281738281e-05,0.0,11111111111111110000000000000000,++++++++++++++++----------------,0,False,"[[4.3e-05, 274.21960198]]",0,classical,,100,/mnt/c/Users/rames102/Desktop/Gurobi_QP/one_equality_new/complete_random
baseline,32,215.2195711898321,215.21957118983227,,2,166.08078908920288,0.009809017181396484,0.0,01110010011111110001011000001100,-+++--+--+++++++---+-++-----++--,0,False,"[[7.6e-05, 246.70341481], [0.009809, 215.21957119]]",1,classical,,100,/mnt/c/Users/rames102/Desktop/Gurobi_QP/one_equality_new/complete_random
precond_pen=0.000,32,16.0,246.70341481327208,0.0,2,0.22342801094055176,8.296966552734375e-05,0.0,11111111111111110000000000000000,++++++++++++++++----------------,0,False,"[[8.3e-05, 246.70341481]]",1,classical,,100,/mnt/c/Users/rames102/Desktop/Gurobi_QP/one_equality_new/complete_random
precond_pen=0.200,32,16.0,246.70341481327208,0.2,2,0.20217299461364746,5.507469177246094e-05,0.0,11111111111111110000000000000000,++++++++++++++++----------------,0,False,"[[5.5e-05, 246.70341481]]",1,classical,,100,/mnt/c/Users/rames102/Desktop/Gurobi_QP/one_equality_new/complete_random
precond_pen=0.400,32,16.0,246.70341481327208,0.4,2,0.22440409660339355,0.00017905235290527344,0.0,11111111111111110000000000000000,++++++++++++++++----------------,0,False,"[[0.000179, 246.70341481]]",1,classical,,100,/mnt/c/Users/rames102/Desktop/Gurobi_QP/one_equality_new/complete_random
precond_pen=0.600,32,16.0,246.70341481327208,0.6,2,0.15556597709655762,5.4836273193359375e-05,0.0,11111111111111110000000000000000,++++++++++++++++----------------,0,False,"[[5.5e-05, 246.70341481]]",1,classical,,100,/mnt/c/Users/rames102/Desktop/Gurobi_QP/one_equality_new/complete_random
precond_pen=0.800,32,16.0,246.70341481327208,0.8,2,0.15475201606750488,7.891654968261719e-05,0.0,11111111111111110000000000000000,++++++++++++++++----------------,0,False,"[[7.9e-05, 246.70341481]]",1,classical,,100,/mnt/c/Users/rames102/Desktop/Gurobi_QP/one_equality_new/complete_random
precond_pen=1.000,32,16.0,246.70341481327208,1.0,2,0.14729785919189453,4.601478576660156e-05,0.0,11111111111111110000000000000000,++++++++++++++++----------------,0,False,"[[4.6e-05, 246.70341481]]",1,classical,,100,/mnt/c/Users/rames102/Desktop/Gurobi_QP/one_equality_new/complete_random
baseline,32,220.5764846179209,220.5764846179211,,2,246.7806339263916,200.66454195976257,0.0,11010100100101010010100110111010,++-+-+--+--+-+-+--+-+--++-+++-+-,0,False,"[[4.5e-05, 248.30668298], [0.005864, 244.58804337], [0.006485, 242.77635176], [0.007217, 221.5676483], [0.142137, 220.81580586], [200.664542, 220.57648462]]",2,classical,,100,/mnt/c/Users/rames102/Desktop/Gurobi_QP/one_equality_new/complete_random
precond_pen=0.000,32,16.0,248.30668298166694,0.0,2,0.15810513496398926,7.009506225585938e-05,0.0,11111111111111110000000000000000,++++++++++++++++----------------,0,False,"[[7e-05, 248.30668298]]",2,classical,,100,/mnt/c/Users/rames102/Desktop/Gurobi_QP/one_equality_new/complete_random
precond_pen=0.200,32,16.0,248.30668298166694,0.2,2,0.16239595413208008,8.893013000488281e-05,0.0,11111111111111110000000000000000,++++++++++++++++----------------,0,False,"[[8.9e-05, 248.30668298]]",2,classical,,100,/mnt/c/Users/rames102/Desktop/Gurobi_QP/one_equality_new/complete_random
precond_pen=0.400,32,16.0,248.30668298166694,0.4,2,0.1576831340789795,7.390975952148438e-05,0.0,11111111111111110000000000000000,++++++++++++++++----------------,0,False,"[[7.4e-05, 248.30668298]]",2,classical,,100,/mnt/c/Users/rames102/Desktop/Gurobi_QP/one_equality_new/complete_random
precond_pen=0.600,32,16.0,248.30668298166694,0.6,2,0.20627284049987793,5.698204040527344e-05,0.0,11111111111111110000000000000000,++++++++++++++++----------------,0,False,"[[5.7e-05, 248.30668298]]",2,classical,,100,/mnt/c/Users/rames102/Desktop/Gurobi_QP/one_equality_new/complete_random
precond_pen=0.800,32,16.0,248.30668298166694,0.8,2,0.15994715690612793,9.799003601074219e-05,0.0,11111111111111110000000000000000,++++++++++++++++----------------,0,False,"[[9.8e-05, 248.30668298]]",2,classical,,100,/mnt/c/Users/rames102/Desktop/Gurobi_QP/one_equality_new/complete_random
precond_pen=1.000,32,16.0,248.30668298166694,1.0,2,0.13168907165527344,4.100799560546875e-05,0.0,11111111111111110000000000000000,++++++++++++++++----------------,0,False,"[[4.1e-05, 248.30668298]]",2,classical,,100,/mnt/c/Users/rames102/Desktop/Gurobi_QP/one_equality_new/complete_random
baseline,32,219.25095850815893,219.25095850815893,,2,217.86590695381165,0.013020038604736328,0.0,11111010010001100001011000111010,+++++-+--+---++----+-++---+++-+-,0,False,"[[7.4e-05, 255.7771439], [0.009449, 248.90013296], [0.011901, 247.66784708], [0.01302, 219.25095851]]",3,classical,,100,/mnt/c/Users/rames102/Desktop/Gurobi_QP/one_equality_new/complete_random
precond_pen=0.000,32,16.0,255.77714390279343,0.0,2,0.15916895866394043,8.296966552734375e-05,0.0,11111111111111110000000000000000,++++++++++++++++----------------,0,False,"[[8.3e-05, 255.7771439]]",3,classical,,100,/mnt/c/Users/rames102/Desktop/Gurobi_QP/one_equality_new/complete_random
precond_pen=0.200,32,16.0,255.77714390279343,0.2,2,0.15025901794433594,7.510185241699219e-05,0.0,11111111111111110000000000000000,++++++++++++++++----------------,0,False,"[[7.5e-05, 255.7771439]]",3,classical,,100,/mnt/c/Users/rames102/Desktop/Gurobi_QP/one_equality_new/complete_random
precond_pen=0.400,32,16.0,255.77714390279343,0.4,2,0.1470339298248291,0.00010895729064941406,0.0,11111111111111110000000000000000,++++++++++++++++----------------,0,False,"[[0.000109, 255.7771439]]",3,classical,,100,/mnt/c/Users/rames102/Desktop/Gurobi_QP/one_equality_new/complete_random
precond_pen=0.600,32,16.0,255.77714390279343,0.6,2,0.14052319526672363,7.82012939453125e-05,0.0,11111111111111110000000000000000,++++++++++++++++----------------,0,False,"[[7.8e-05, 255.7771439]]",3,classical,,100,/mnt/c/Users/rames102/Desktop/Gurobi_QP/one_equality_new/complete_random
precond_pen=0.800,32,16.0,255.77714390279343,0.8,2,0.13046693801879883,7.605552673339844e-05,0.0,11111111111111110000000000000000,++++++++++++++++----------------,0,False,"[[7.6e-05, 255.7771439]]",3,classical,,100,/mnt/c/Users/rames102/Desktop/Gurobi_QP/one_equality_new/complete_random
precond_pen=1.000,32,16.0,255.77714390279343,1.0,2,0.15128803253173828,5.817413330078125e-05,0.0,11111111111111110000000000000000,++++++++++++++++----------------,0,False,"[[5.8e-05, 255.7771439]]",3,classical,,100,/mnt/c/Users/rames102/Desktop/Gurobi_QP/one_equality_new/complete_random
baseline,32,241.73345299268695,241.73345299268692,,2,271.397824048996,0.11597585678100586,0.0,11010111110001100010100101001010,++-+-+++++---++---+-+--+-+--+-+-,0,False,"[[7.7e-05, 271.54479011], [0.006533, 242.36154528], [0.115976, 241.73345299]]",4,classical,,100,/mnt/c/Users/rames102/Desktop/Gurobi_QP/one_equality_new/complete_random
precond_pen=0.000,32,16.0,271.54479011295075,0.0,2,0.18007493019104004,8.392333984375e-05,0.0,11111111111111110000000000000000,++++++++++++++++----------------,0,False,"[[8.4e-05, 271.54479011]]",4,classical,,100,/mnt/c/Users/rames102/Desktop/Gurobi_QP/one_equality_new/complete_random
precond_pen=0.200,32,16.0,271.54479011295075,0.2,2,0.157850980758667,7.605552673339844e-05,0.0,11111111111111110000000000000000,++++++++++++++++----------------,0,False,"[[7.6e-05, 271.54479011]]",4,classical,,100,/mnt/c/Users/rames102/Desktop/Gurobi_QP/one_equality_new/complete_random
precond_pen=0.400,32,16.0,271.54479011295075,0.4,2,0.13371801376342773,7.486343383789062e-05,0.0,11111111111111110000000000000000,++++++++++++++++----------------,0,False,"[[7.5e-05, 271.54479011]]",4,classical,,100,/mnt/c/Users/rames102/Desktop/Gurobi_QP/one_equality_new/complete_random
precond_pen=0.600,32,16.0,271.54479011295075,0.6,2,0.14534306526184082,7.510185241699219e-05,0.0,11111111111111110000000000000000,++++++++++++++++----------------,0,False,"[[7.5e-05, 271.54479011]]",4,classical,,100,/mnt/c/Users/rames102/Desktop/Gurobi_QP/one_equality_new/complete_random
precond_pen=0.800,32,16.0,271.54479011295075,0.8,2,0.14049005508422852,7.605552673339844e-05,0.0,11111111111111110000000000000000,++++++++++++++++----------------,0,False,"[[7.6e-05, 271.54479011]]",4,classical,,100,/mnt/c/Users/rames102/Desktop/Gurobi_QP/one_equality_new/complete_random
precond_pen=1.000,32,16.0,271.54479011295075,1.0,2,0.13031411170959473,7.605552673339844e-05,0.0,11111111111111110000000000000000,++++++++++++++++----------------,0,False,"[[7.6e-05, 271.54479011]]",4,classical,,100,/mnt/c/Users/rames102/Desktop/Gurobi_QP/one_equality_new/complete_random
baseline,32,211.7002990637291,211.7002990637288,,2,248.93619799613953,0.009739875793457031,0.0,01011111100111010000100011000110,-+-++++++--+++-+----+---++---++-,0,False,"[[5.6e-05, 242.66274961], [0.00974, 211.70029906]]",5,classical,,100,/mnt/c/Users/rames102/Desktop/Gurobi_QP/one_equality_new/complete_random
precond_pen=0.000,32,16.0,242.6627496087387,0.0,2,0.16754817962646484,8.320808410644531e-05,0.0,11111111111111110000000000000000,++++++++++++++++----------------,0,False,"[[8.3e-05, 242.66274961]]",5,classical,,100,/mnt/c/Users/rames102/Desktop/Gurobi_QP/one_equality_new/complete_random
precond_pen=0.200,32,16.0,242.6627496087387,0.2,2,0.1648099422454834,5.412101745605469e-05,0.0,11111111111111110000000000000000,++++++++++++++++----------------,0,False,"[[5.4e-05, 242.66274961]]",5,classical,,100,/mnt/c/Users/rames102/Desktop/Gurobi_QP/one_equality_new/complete_random
precond_pen=0.400,32,16.0,242.6627496087387,0.4,2,0.1616671085357666,7.82012939453125e-05,0.0,11111111111111110000000000000000,++++++++++++++++----------------,0,False,"[[7.8e-05, 242.66274961]]",5,classical,,100,/mnt/c/Users/rames102/Desktop/Gurobi_QP/one_equality_new/complete_random
precond_pen=0.600,32,16.0,242.6627496087387,0.6,2,0.160722017288208,5.1975250244140625e-05,0.0,11111111111111110000000000000000,++++++++++++++++----------------,0,False,"[[5.2e-05, 242.66274961]]",5,classical,,100,/mnt/c/Users/rames102/Desktop/Gurobi_QP/one_equality_new/complete_random
precond_pen=0.800,32,16.0,242.6627496087387,0.8,2,0.14415502548217773,4.887580871582031e-05,0.0,11111111111111110000000000000000,++++++++++++++++----------------,0,False,"[[4.9e-05, 242.66274961]]",5,classical,,100,/mnt/c/Users/rames102/Desktop/Gurobi_QP/one_equality_new/complete_random
precond_pen=1.000,32,16.0,242.6627496087387,1.0,2,0.15234088897705078,4.696846008300781e-05,0.0,11111111111111110000000000000000,++++++++++++++++----------------,0,False,"[[4.7e-05, 242.66274961]]",5,classical,,100,/mnt/c/Users/rames102/Desktop/Gurobi_QP/one_equality_new/complete_random
baseline,32,231.21886678812805,231.2188667881284,,2,176.3487720489502,0.012786865234375,0.0,11010110110000011101101001110000,++-+-++-++-----+++-++-+--+++----,0,False,"[[7.9e-05, 254.83002036], [0.00939, 250.40043925], [0.012787, 231.21886679]]",6,classical,,100,/mnt/c/Users/rames102/Desktop/Gurobi_QP/one_equality_new/complete_random
precond_pen=0.000,32,16.0,254.830020364322,0.0,2,0.16933584213256836,9.393692016601562e-05,0.0,11111111111111110000000000000000,++++++++++++++++----------------,0,False,"[[9.4e-05, 254.83002036]]",6,classical,,100,/mnt/c/Users/rames102/Desktop/Gurobi_QP/one_equality_new/complete_random
precond_pen=0.200,32,16.0,254.830020364322,0.2,2,0.14887285232543945,7.390975952148438e-05,0.0,11111111111111110000000000000000,++++++++++++++++----------------,0,False,"[[7.4e-05, 254.83002036]]",6,classical,,100,/mnt/c/Users/rames102/Desktop/Gurobi_QP/one_equality_new/complete_random
precond_pen=0.400,32,16.0,254.830020364322,0.4,2,0.14947915077209473,5.221366882324219e-05,0.0,11111111111111110000000000000000,++++++++++++++++----------------,0,False,"[[5.2e-05, 254.83002036]]",6,classical,,100,/mnt/c/Users/rames102/Desktop/Gurobi_QP/one_equality_new/complete_random
precond_pen=0.600,32,16.0,254.830020364322,0.6,2,0.17128205299377441,0.00026988983154296875,0.0,11111111111111110000000000000000,++++++++++++++++----------------,0,False,"[[0.00027, 254.83002036]]",6,classical,,100,/mnt/c/Users/rames102/Desktop/Gurobi_QP/one_equality_new/complete_random
precond_pen=0.800,32,16.0,254.830020364322,0.8,2,0.15971088409423828,6.4849853515625e-05,0.0,11111111111111110000000000000000,++++++++++++++++----------------,0,False,"[[6.5e-05, 254.83002036]]",6,classical,,100,/mnt/c/Users/rames102/Desktop/Gurobi_QP/one_equality_new/complete_random
precond_pen=1.000,32,16.0,254.830020364322,1.0,2,0.16482996940612793,5.602836608886719e-05,0.0,11111111111111110000000000000000,++++++++++++++++----------------,0,False,"[[5.6e-05, 254.83002036]]",6,classical,,100,/mnt/c/Users/rames102/Desktop/Gurobi_QP/one_equality_new/complete_random
baseline,32,224.82307815668548,224.82307815668526,,2,244.51423811912537,0.1542210578918457,0.0,10111010110100110110110010001000,+-+++-+-++-+--++-++-++--+---+---,0,False,"[[4.3e-05, 263.45969113], [0.01061, 260.98750884], [0.014687, 225.5205778], [0.154221, 224.82307816]]",7,classical,,100,/mnt/c/Users/rames102/Desktop/Gurobi_QP/one_equality_new/complete_random
precond_pen=0.000,32,16.0,263.45969112557293,0.0,2,0.1894829273223877,7.796287536621094e-05,0.0,11111111111111110000000000000000,++++++++++++++++----------------,0,False,"[[7.8e-05, 263.45969113]]",7,classical,,100,/mnt/c/Users/rames102/Desktop/Gurobi_QP/one_equality_new/complete_random
precond_pen=0.200,32,16.0,263.45969112557293,0.2,2,0.16302800178527832,7.295608520507812e-05,0.0,11111111111111110000000000000000,++++++++++++++++----------------,0,False,"[[7.3e-05, 263.45969113]]",7,classical,,100,/mnt/c/Users/rames102/Desktop/Gurobi_QP/one_equality_new/complete_random
precond_pen=0.400,32,16.0,263.45969112557293,0.4,2,0.19816899299621582,0.00013780593872070312,0.0,11111111111111110000000000000000,++++++++++++++++----------------,0,False,"[[0.000138, 263.45969113]]",7,classical,,100,/mnt/c/Users/rames102/Desktop/Gurobi_QP/one_equality_new/complete_random
precond_pen=0.600,32,16.0,263.45969112557293,0.6,2,0.2233278751373291,7.581710815429688e-05,0.0,11111111111111110000000000000000,++++++++++++++++----------------,0,False,"[[7.6e-05, 263.45969113]]",7,classical,,100,/mnt/c/Users/rames102/Desktop/Gurobi_QP/one_equality_new/complete_random
precond_pen=0.800,32,16.0,263.45969112557293,0.8,2,0.205596923828125,4.887580871582031e-05,0.0,11111111111111110000000000000000,++++++++++++++++----------------,0,False,"[[4.9e-05, 263.45969113]]",7,classical,,100,/mnt/c/Users/rames102/Desktop/Gurobi_QP/one_equality_new/complete_random
precond_pen=1.000,32,16.0,263.45969112557293,1.0,2,0.32780909538269043,0.00013303756713867188,0.0,11111111111111110000000000000000,++++++++++++++++----------------,0,False,"[[0.000133, 263.45969113]]",7,classical,,100,/mnt/c/Users/rames102/Desktop/Gurobi_QP/one_equality_new/complete_random
baseline,32,220.99348814032518,220.9934881403253,,2,261.5247688293457,215.06008887290955,0.0,10011101110000011001110000011110,+--+++-+++-----++--+++-----++++-,0,False,"[[5.9e-05, 254.45192145], [0.01095, 250.68451746], [0.011904, 226.70826905], [0.204575, 222.29155167], [1.808259, 221.67718119], [1.896367, 221.66160232], [215.060089, 220.99348814]]",8,classical,,100,/mnt/c/Users/rames102/Desktop/Gurobi_QP/one_equality_new/complete_random
precond_pen=0.000,32,16.0,254.45192144835093,0.0,2,0.2061448097229004,6.389617919921875e-05,0.0,11111111111111110000000000000000,++++++++++++++++----------------,0,False,"[[6.4e-05, 254.45192145]]",8,classical,,100,/mnt/c/Users/rames102/Desktop/Gurobi_QP/one_equality_new/complete_random
precond_pen=0.200,32,16.0,254.45192144835093,0.2,2,0.1601879596710205,7.796287536621094e-05,0.0,11111111111111110000000000000000,++++++++++++++++----------------,0,False,"[[7.8e-05, 254.45192145]]",8,classical,,100,/mnt/c/Users/rames102/Desktop/Gurobi_QP/one_equality_new/complete_random
precond_pen=0.400,32,16.0,254.45192144835093,0.4,2,0.14051508903503418,4.57763671875e-05,0.0,11111111111111110000000000000000,++++++++++++++++----------------,0,False,"[[4.6e-05, 254.45192145]]",8,classical,,100,/mnt/c/Users/rames102/Desktop/Gurobi_QP/one_equality_new/complete_random
precond_pen=0.600,32,16.0,254.45192144835093,0.6,2,0.1430199146270752,5.91278076171875e-05,0.0,11111111111111110000000000000000,++++++++++++++++----------------,0,False,"[[5.9e-05, 254.45192145]]",8,classical,,100,/mnt/c/Users/rames102/Desktop/Gurobi_QP/one_equality_new/complete_random
precond_pen=0.800,32,16.0,254.45192144835093,0.8,2,0.15522313117980957,7.414817810058594e-05,0.0,11111111111111110000000000000000,++++++++++++++++----------------,0,False,"[[7.4e-05, 254.45192145]]",8,classical,,100,/mnt/c/Users/rames102/Desktop/Gurobi_QP/one_equality_new/complete_random
precond_pen=1.000,32,16.0,254.45192144835093,1.0,2,0.1539599895477295,4.1961669921875e-05,0.0,11111111111111110000000000000000,++++++++++++++++----------------,0,False,"[[4.2e-05, 254.45192145]]",8,classical,,100,/mnt/c/Users/rames102/Desktop/Gurobi_QP/one_equality_new/complete_random
baseline,32,226.2383316673758,226.23833166737592,,2,232.44392895698547,57.64840793609619,0.0,11100100100001111110001111100000,+++--+--+----++++++---+++++-----,0,False,"[[7.6e-05, 265.75810913], [0.008883, 261.47080065], [0.009554, 259.1331417], [0.010749, 228.31279104], [10.034551, 228.03564829], [22.981573, 228.02868567], [53.485777, 227.47501963], [57.648408, 226.23833167]]",9,classical,,100,/mnt/c/Users/rames102/Desktop/Gurobi_QP/one_equality_new/complete_random
precond_pen=0.000,32,16.0,265.7581091283435,0.0,2,0.2275390625,0.00011897087097167969,0.0,11111111111111110000000000000000,++++++++++++++++----------------,0,False,"[[0.000119, 265.75810913]]",9,classical,,100,/mnt/c/Users/rames102/Desktop/Gurobi_QP/one_equality_new/complete_random
precond_pen=0.200,32,16.0,265.7581091283435,0.2,2,0.2021338939666748,9.989738464355469e-05,0.0,11111111111111110000000000000000,++++++++++++++++----------------,0,False,"[[0.0001, 265.75810913]]",9,classical,,100,/mnt/c/Users/rames102/Desktop/Gurobi_QP/one_equality_new/complete_random
precond_pen=0.400,32,16.0,265.7581091283435,0.4,2,0.208298921585083,0.0001068115234375,0.0,11111111111111110000000000000000,++++++++++++++++----------------,0,False,"[[0.000107, 265.75810913]]",9,classical,,100,/mnt/c/Users/rames102/Desktop/Gurobi_QP/one_equality_new/complete_random
precond_pen=0.600,32,16.0,265.7581091283435,0.6,2,0.15184998512268066,8.797645568847656e-05,0.0,11111111111111110000000000000000,++++++++++++++++----------------,0,False,"[[8.8e-05, 265.75810913]]",9,classical,,100,/mnt/c/Users/rames102/Desktop/Gurobi_QP/one_equality_new/complete_random
precond_pen=0.800,32,16.0,265.7581091283435,0.8,2,0.15674304962158203,8.702278137207031e-05,0.0,11111111111111110000000000000000,++++++++++++++++----------------,0,False,"[[8.7e-05, 265.75810913]]",9,classical,,100,/mnt/c/Users/rames102/Desktop/Gurobi_QP/one_equality_new/complete_random
precond_pen=1.000,32,16.0,265.7581091283435,1.0,2,0.20187807083129883,0.0002498626708984375,0.0,11111111111111110000000000000000,++++++++++++++++----------------,0,False,"[[0.00025, 265.75810913]]",9,classical,,100,/mnt/c/Users/rames102/Desktop/Gurobi_QP/one_equality_new/complete_random
baseline,32,224.05006510244516,224.0500651024449,,2,228.9387321472168,70.04514002799988,0.0,01111110011000000101011100100110,-++++++--++------+-+-+++--+--++-,0,False,"[[4.8e-05, 259.90363886], [0.008732, 257.72645845], [0.009159, 257.06319704], [0.009575, 256.8804318], [0.010805, 226.98695733], [7.972758, 225.82694802], [8.216456, 225.81140353], [30.330154, 225.64511009], [70.04514, 224.0500651]]",10,classical,,100,/mnt/c/Users/rames102/Desktop/Gurobi_QP/one_equality_new/complete_random
precond_pen=0.000,32,16.0,259.9036388566649,0.0,2,0.19471001625061035,0.00012111663818359375,0.0,11111111111111110000000000000000,++++++++++++++++----------------,0,False,"[[0.000121, 259.90363886]]",10,classical,,100,/mnt/c/Users/rames102/Desktop/Gurobi_QP/one_equality_new/complete_random
precond_pen=0.200,32,16.0,259.9036388566649,0.2,2,0.1546459197998047,4.601478576660156e-05,0.0,11111111111111110000000000000000,++++++++++++++++----------------,0,False,"[[4.6e-05, 259.90363886]]",10,classical,,100,/mnt/c/Users/rames102/Desktop/Gurobi_QP/one_equality_new/complete_random
precond_pen=0.400,32,16.0,259.9036388566649,0.4,2,0.13974308967590332,8.0108642578125e-05,0.0,11111111111111110000000000000000,++++++++++++++++----------------,0,False,"[[8e-05, 259.90363886]]",10,classical,,100,/mnt/c/Users/rames102/Desktop/Gurobi_QP/one_equality_new/complete_random
precond_pen=0.600,32,16.0,259.9036388566649,0.6,2,0.14496207237243652,5.2928924560546875e-05,0.0,11111111111111110000000000000000,++++++++++++++++----------------,0,False,"[[5.3e-05, 259.90363886]]",10,classical,,100,/mnt/c/Users/rames102/Desktop/Gurobi_QP/one_equality_new/complete_random
precond_pen=0.800,32,16.0,259.9036388566649,0.8,2,0.16091704368591309,5.91278076171875e-05,0.0,11111111111111110000000000000000,++++++++++++++++----------------,0,False,"[[5.9e-05, 259.90363886]]",10,classical,,100,/mnt/c/Users/rames102/Desktop/Gurobi_QP/one_equality_new/complete_random
precond_pen=1.000,32,16.0,259.9036388566649,1.0,2,0.1527872085571289,7.82012939453125e-05,0.0,11111111111111110000000000000000,++++++++++++++++----------------,0,False,"[[7.8e-05, 259.90363886]]",10,classical,,100,/mnt/c/Users/rames102/Desktop/Gurobi_QP/one_equality_new/complete_random
baseline,32,212.05453963505803,212.05453963505803,,2,216.24430394172668,2.5298070907592773,0.0,01001101000001111100010101101110,-+--++-+-----+++++---+-+-++-+++-,0,False,"[[7.9e-05, 241.63780159], [0.014963, 236.89781882], [0.016971, 213.86177457], [1.770359, 213.42251655], [2.529807, 212.05453964]]",11,classical,,100,/mnt/c/Users/rames102/Desktop/Gurobi_QP/one_equality_new/complete_random
precond_pen=0.000,32,16.0,241.6378015925037,0.0,2,0.19942688941955566,0.00010895729064941406,0.0,11111111111111110000000000000000,++++++++++++++++----------------,0,False,"[[0.000109, 241.63780159]]",11,classical,,100,/mnt/c/Users/rames102/Desktop/Gurobi_QP/one_equality_new/complete_random
precond_pen=0.200,32,16.0,241.6378015925037,0.2,2,0.16905713081359863,7.200241088867188e-05,0.0,11111111111111110000000000000000,++++++++++++++++----------------,0,False,"[[7.2e-05, 241.63780159]]",11,classical,,100,/mnt/c/Users/rames102/Desktop/Gurobi_QP/one_equality_new/complete_random
precond_pen=0.400,32,16.0,241.6378015925037,0.4,2,0.16180896759033203,4.982948303222656e-05,0.0,11111111111111110000000000000000,++++++++++++++++----------------,0,False,"[[5e-05, 241.63780159]]",11,classical,,100,/mnt/c/Users/rames102/Desktop/Gurobi_QP/one_equality_new/complete_random
precond_pen=0.600,32,16.0,241.6378015925037,0.6,2,0.19784998893737793,0.00010418891906738281,0.0,11111111111111110000000000000000,++++++++++++++++----------------,0,False,"[[0.000104, 241.63780159]]",11,classical,,100,/mnt/c/Users/rames102/Desktop/Gurobi_QP/one_equality_new/complete_random
precond_pen=0.800,32,16.0,241.6378015925037,0.8,2,0.1493549346923828,4.506111145019531e-05,0.0,11111111111111110000000000000000,++++++++++++++++----------------,0,False,"[[4.5e-05, 241.63780159]]",11,classical,,100,/mnt/c/Users/rames102/Desktop/Gurobi_QP/one_equality_new/complete_random
precond_pen=1.000,32,16.0,241.6378015925037,1.0,2,0.15866899490356445,7.605552673339844e-05,0.0,11111111111111110000000000000000,++++++++++++++++----------------,0,False,"[[7.6e-05, 241.63780159]]",11,classical,,100,/mnt/c/Users/rames102/Desktop/Gurobi_QP/one_equality_new/complete_random
baseline,32,223.31585055531224,223.3158505553118,,2,398.6703929901123,137.95596289634705,0.0,11101010111000011011110000001001,+++-+-+-+++----++-++++------+--+,0,False,"[[5e-05, 264.35621978], [0.007388, 223.36580454], [137.955963, 223.31585056]]",12,classical,,100,/mnt/c/Users/rames102/Desktop/Gurobi_QP/one_equality_new/complete_random
precond_pen=0.000,32,16.0,264.35621978397353,0.0,2,0.2018880844116211,6.604194641113281e-05,0.0,11111111111111110000000000000000,++++++++++++++++----------------,0,False,"[[6.6e-05, 264.35621978]]",12,classical,,100,/mnt/c/Users/rames102/Desktop/Gurobi_QP/one_equality_new/complete_random
precond_pen=0.200,32,16.0,264.35621978397353,0.2,2,0.1777338981628418,5.3882598876953125e-05,0.0,11111111111111110000000000000000,++++++++++++++++----------------,0,False,"[[5.4e-05, 264.35621978]]",12,classical,,100,/mnt/c/Users/rames102/Desktop/Gurobi_QP/one_equality_new/complete_random
precond_pen=0.400,32,16.0,264.35621978397353,0.4,2,0.1718430519104004,5.2928924560546875e-05,0.0,11111111111111110000000000000000,++++++++++++++++----------------,0,False,"[[5.3e-05, 264.35621978]]",12,classical,,100,/mnt/c/Users/rames102/Desktop/Gurobi_QP/one_equality_new/complete_random
precond_pen=0.600,32,16.0,264.35621978397353,0.6,2,0.17815279960632324,5.1975250244140625e-05,0.0,11111111111111110000000000000000,++++++++++++++++----------------,0,False,"[[5.2e-05, 264.35621978]]",12,classical,,100,/mnt/c/Users/rames102/Desktop/Gurobi_QP/one_equality_new/complete_random
precond_pen=0.800,32,16.0,264.35621978397353,0.8,2,0.17720818519592285,5.316734313964844e-05,0.0,11111111111111110000000000000000,++++++++++++++++----------------,0,False,"[[5.3e-05, 264.35621978]]",12,classical,,100,/mnt/c/Users/rames102/Desktop/Gurobi_QP/one_equality_new/complete_random
precond_pen=1.000,32,16.0,264.35621978397353,1.0,2,0.19142389297485352,5.3882598876953125e-05,0.0,11111111111111110000000000000000,++++++++++++++++----------------,0,False,"[[5.4e-05, 264.35621978]]",12,classical,,100,/mnt/c/Users/rames102/Desktop/Gurobi_QP/one_equality_new/complete_random
baseline,32,222.111801945396,222.11180194539585,,2,368.49935698509216,0.015916109085083008,0.0,11111011001000010000110111001100,+++++-++--+----+----++-+++--++--,0,False,"[[5.6e-05, 254.25714235], [0.013543, 252.95416125], [0.015916, 222.11180195]]",13,classical,,100,/mnt/c/Users/rames102/Desktop/Gurobi_QP/one_equality_new/complete_random
precond_pen=0.000,32,16.0,254.2571423480706,0.0,2,0.1746530532836914,9.799003601074219e-05,0.0,11111111111111110000000000000000,++++++++++++++++----------------,0,False,"[[9.8e-05, 254.25714235]]",13,classical,,100,/mnt/c/Users/rames102/Desktop/Gurobi_QP/one_equality_new/complete_random
precond_pen=0.200,32,16.0,254.2571423480706,0.2,2,0.18200206756591797,0.0001049041748046875,0.0,11111111111111110000000000000000,++++++++++++++++----------------,0,False,"[[0.000105, 254.25714235]]",13,classical,,100,/mnt/c/Users/rames102/Desktop/Gurobi_QP/one_equality_new/complete_random
precond_pen=0.400,32,16.0,254.2571423480706,0.4,2,0.1681971549987793,7.414817810058594e-05,0.0,11111111111111110000000000000000,++++++++++++++++----------------,0,False,"[[7.4e-05, 254.25714235]]",13,classical,,100,/mnt/c/Users/rames102/Desktop/Gurobi_QP/one_equality_new/complete_random
precond_pen=0.600,32,16.0,254.2571423480706,0.6,2,-2.331562042236328,5.2928924560546875e-05,0.0,11111111111111110000000000000000,++++++++++++++++----------------,0,False,"[[5.3e-05, 254.25714235]]",13,classical,,100,/mnt/c/Users/rames102/Desktop/Gurobi_QP/one_equality_new/complete_random
precond_pen=0.800,32,16.0,254.2571423480706,0.8,2,0.14432001113891602,7.009506225585938e-05,0.0,11111111111111110000000000000000,++++++++++++++++----------------,0,False,"[[7e-05, 254.25714235]]",13,classical,,100,/mnt/c/Users/rames102/Desktop/Gurobi_QP/one_equality_new/complete_random
precond_pen=1.000,32,16.0,254.2571423480706,1.0,2,0.15813207626342773,6.198883056640625e-05,0.0,11111111111111110000000000000000,++++++++++++++++----------------,0,False,"[[6.2e-05, 254.25714235]]",13,classical,,100,/mnt/c/Users/rames102/Desktop/Gurobi_QP/one_equality_new/complete_random
baseline,32,219.23387587756704,219.23387587756724,,2,384.8413360118866,0.1589970588684082,0.0,10010011100100100110011110011001,+--+--+++--+--+--++--++++--++--+,0,False,"[[8.8e-05, 256.08676628], [0.010975, 254.21350304], [0.01304, 253.70340106], [0.015129, 227.19248989], [0.158997, 219.23387588]]",14,classical,,100,/mnt/c/Users/rames102/Desktop/Gurobi_QP/one_equality_new/complete_random
precond_pen=0.000,32,16.0,256.08676627785496,0.0,2,0.1957700252532959,0.0001361370086669922,0.0,11111111111111110000000000000000,++++++++++++++++----------------,0,False,"[[0.000136, 256.08676628]]",14,classical,,100,/mnt/c/Users/rames102/Desktop/Gurobi_QP/one_equality_new/complete_random
precond_pen=0.200,32,16.0,256.08676627785496,0.2,2,0.16541004180908203,5.1021575927734375e-05,0.0,11111111111111110000000000000000,++++++++++++++++----------------,0,False,"[[5.1e-05, 256.08676628]]",14,classical,,100,/mnt/c/Users/rames102/Desktop/Gurobi_QP/one_equality_new/complete_random
precond_pen=0.400,32,16.0,256.08676627785496,0.4,2,0.17243099212646484,5.3882598876953125e-05,0.0,11111111111111110000000000000000,++++++++++++++++----------------,0,False,"[[5.4e-05, 256.08676628]]",14,classical,,100,/mnt/c/Users/rames102/Desktop/Gurobi_QP/one_equality_new/complete_random
precond_pen=0.600,32,16.0,256.08676627785496,0.6,2,0.2192249298095703,5.698204040527344e-05,0.0,11111111111111110000000000000000,++++++++++++++++----------------,0,False,"[[5.7e-05, 256.08676628]]",14,classical,,100,/mnt/c/Users/rames102/Desktop/Gurobi_QP/one_equality_new/complete_random
precond_pen=0.800,32,16.0,256.08676627785496,0.8,2,0.2459399700164795,6.389617919921875e-05,0.0,11111111111111110000000000000000,++++++++++++++++----------------,0,False,"[[6.4e-05, 256.08676628]]",14,classical,,100,/mnt/c/Users/rames102/Desktop/Gurobi_QP/one_equality_new/complete_random
precond_pen=1.000,32,16.0,256.08676627785496,1.0,2,0.2673768997192383,7.104873657226562e-05,0.0,11111111111111110000000000000000,++++++++++++++++----------------,0,False,"[[7.1e-05, 256.08676628]]",14,classical,,100,/mnt/c/Users/rames102/Desktop/Gurobi_QP/one_equality_new/complete_random
baseline,32,230.2741586051479,230.27415860514785,,2,259.36522603034973,0.00943303108215332,0.0,00011111101010111010010011000100,---++++++-+-+-+++-+--+--++---+--,0,False,"[[5.9e-05, 260.81382293], [0.009433, 230.27415861]]",15,classical,,100,/mnt/c/Users/rames102/Desktop/Gurobi_QP/one_equality_new/complete_random
precond_pen=0.000,32,16.0,260.81382293340994,0.0,2,0.20254802703857422,8.106231689453125e-05,0.0,11111111111111110000000000000000,++++++++++++++++----------------,0,False,"[[8.1e-05, 260.81382293]]",15,classical,,100,/mnt/c/Users/rames102/Desktop/Gurobi_QP/one_equality_new/complete_random
precond_pen=0.200,32,16.0,260.81382293340994,0.2,2,0.181351900100708,0.00012493133544921875,0.0,11111111111111110000000000000000,++++++++++++++++----------------,0,False,"[[0.000125, 260.81382293]]",15,classical,,100,/mnt/c/Users/rames102/Desktop/Gurobi_QP/one_equality_new/complete_random
precond_pen=0.400,32,16.0,260.81382293340994,0.4,2,0.19184613227844238,5.1021575927734375e-05,0.0,11111111111111110000000000000000,++++++++++++++++----------------,0,False,"[[5.1e-05, 260.81382293]]",15,classical,,100,/mnt/c/Users/rames102/Desktop/Gurobi_QP/one_equality_new/complete_random
precond_pen=0.600,32,16.0,260.81382293340994,0.6,2,0.18700695037841797,0.00014209747314453125,0.0,11111111111111110000000000000000,++++++++++++++++----------------,0,False,"[[0.000142, 260.81382293]]",15,classical,,100,/mnt/c/Users/rames102/Desktop/Gurobi_QP/one_equality_new/complete_random
precond_pen=0.800,32,16.0,260.81382293340994,0.8,2,0.1585829257965088,4.792213439941406e-05,0.0,11111111111111110000000000000000,++++++++++++++++----------------,0,False,"[[4.8e-05, 260.81382293]]",15,classical,,100,/mnt/c/Users/rames102/Desktop/Gurobi_QP/one_equality_new/complete_random
precond_pen=1.000,32,16.0,260.81382293340994,1.0,2,0.1685330867767334,5.4836273193359375e-05,0.0,11111111111111110000000000000000,++++++++++++++++----------------,0,False,"[[5.5e-05, 260.81382293]]",15,classical,,100,/mnt/c/Users/rames102/Desktop/Gurobi_QP/one_equality_new/complete_random
baseline,32,224.79768513964828,224.79768513964794,,2,270.76362204551697,126.257089138031,0.0,11000000111001010100110111010101,++------+++--+-+-+--++-+++-+-+-+,0,False,"[[6.2e-05, 249.41415121], [0.008966, 227.85315595], [125.091181, 227.50207817], [125.114825, 226.90007943], [126.257089, 224.79768514]]",16,classical,,100,/mnt/c/Users/rames102/Desktop/Gurobi_QP/one_equality_new/complete_random
precond_pen=0.000,32,16.0,249.41415121352796,0.0,2,0.18281102180480957,0.00010800361633300781,0.0,11111111111111110000000000000000,++++++++++++++++----------------,0,False,"[[0.000108, 249.41415121]]",16,classical,,100,/mnt/c/Users/rames102/Desktop/Gurobi_QP/one_equality_new/complete_random
precond_pen=0.200,32,16.0,249.41415121352796,0.2,2,0.1547398567199707,7.796287536621094e-05,0.0,11111111111111110000000000000000,++++++++++++++++----------------,0,False,"[[7.8e-05, 249.41415121]]",16,classical,,100,/mnt/c/Users/rames102/Desktop/Gurobi_QP/one_equality_new/complete_random
precond_pen=0.400,32,16.0,249.41415121352796,0.4,2,0.13910984992980957,7.891654968261719e-05,0.0,11111111111111110000000000000000,++++++++++++++++----------------,0,False,"[[7.9e-05, 249.41415121]]",16,classical,,100,/mnt/c/Users/rames102/Desktop/Gurobi_QP/one_equality_new/complete_random
precond_pen=0.600,32,16.0,249.41415121352796,0.6,2,0.15182900428771973,8.106231689453125e-05,0.0,11111111111111110000000000000000,++++++++++++++++----------------,0,False,"[[8.1e-05, 249.41415121]]",16,classical,,100,/mnt/c/Users/rames102/Desktop/Gurobi_QP/one_equality_new/complete_random
precond_pen=0.800,32,16.0,249.41415121352796,0.8,2,0.1625208854675293,6.985664367675781e-05,0.0,11111111111111110000000000000000,++++++++++++++++----------------,0,False,"[[7e-05, 249.41415121]]",16,classical,,100,/mnt/c/Users/rames102/Desktop/Gurobi_QP/one_equality_new/complete_random
precond_pen=1.000,32,16.0,249.41415121352796,1.0,2,0.14154601097106934,6.008148193359375e-05,0.0,11111111111111110000000000000000,++++++++++++++++----------------,0,False,"[[6e-05, 249.41415121]]",16,classical,,100,/mnt/c/Users/rames102/Desktop/Gurobi_QP/one_equality_new/complete_random
baseline,32,216.95867349345102,216.95867349345104,,2,457.68658089637756,32.4465708732605,0.0,00011100001100100110101110011011,---+++----++--+--++-+-+++--++-++,0,False,"[[7.2e-05, 242.92985753], [0.01078, 240.95379351], [0.012368, 237.19967674], [0.013532, 222.85286744], [0.131961, 217.05506209], [32.446571, 216.95867349]]",17,classical,,100,/mnt/c/Users/rames102/Desktop/Gurobi_QP/one_equality_new/complete_random
precond_pen=0.000,32,16.0,242.92985752649903,0.0,2,0.18397188186645508,0.0001659393310546875,0.0,11111111111111110000000000000000,++++++++++++++++----------------,0,False,"[[0.000166, 242.92985753]]",17,classical,,100,/mnt/c/Users/rames102/Desktop/Gurobi_QP/one_equality_new/complete_random
precond_pen=0.200,32,16.0,242.92985752649903,0.2,2,0.17644095420837402,7.891654968261719e-05,0.0,11111111111111110000000000000000,++++++++++++++++----------------,0,False,"[[7.9e-05, 242.92985753]]",17,classical,,100,/mnt/c/Users/rames102/Desktop/Gurobi_QP/one_equality_new/complete_random
precond_pen=0.400,32,16.0,242.92985752649903,0.4,2,0.13985705375671387,6.508827209472656e-05,0.0,11111111111111110000000000000000,++++++++++++++++----------------,0,False,"[[6.5e-05, 242.92985753]]",17,classical,,100,/mnt/c/Users/rames102/Desktop/Gurobi_QP/one_equality_new/complete_random
precond_pen=0.600,32,16.0,242.92985752649903,0.6,2,0.15899085998535156,6.389617919921875e-05,0.0,11111111111111110000000000000000,++++++++++++++++----------------,0,False,"[[6.4e-05, 242.92985753]]",17,classical,,100,/mnt/c/Users/rames102/Desktop/Gurobi_QP/one_equality_new/complete_random
precond_pen=0.800,32,16.0,242.92985752649903,0.8,2,0.17725110054016113,4.792213439941406e-05,0.0,11111111111111110000000000000000,++++++++++++++++----------------,0,False,"[[4.8e-05, 242.92985753]]",17,classical,,100,/mnt/c/Users/rames102/Desktop/Gurobi_QP/one_equality_new/complete_random
precond_pen=1.000,32,16.0,242.92985752649903,1.0,2,0.16849803924560547,8.296966552734375e-05,0.0,11111111111111110000000000000000,++++++++++++++++----------------,0,False,"[[8.3e-05, 242.92985753]]",17,classical,,100,/mnt/c/Users/rames102/Desktop/Gurobi_QP/one_equality_new/complete_random
baseline,32,214.08596753475936,214.0859675347592,,2,197.17731618881226,0.017874956130981445,0.0,00011000111110001101011010110001,---++---+++++---++-+-++-+-++---+,0,False,"[[0.000102, 251.56000848], [0.014927, 246.75939458], [0.017875, 214.08596753]]",18,classical,,100,/mnt/c/Users/rames102/Desktop/Gurobi_QP/one_equality_new/complete_random
precond_pen=0.000,32,16.0,251.5600084798806,0.0,2,0.17773199081420898,9.799003601074219e-05,0.0,11111111111111110000000000000000,++++++++++++++++----------------,0,False,"[[9.8e-05, 251.56000848]]",18,classical,,100,/mnt/c/Users/rames102/Desktop/Gurobi_QP/one_equality_new/complete_random
precond_pen=0.200,32,16.0,251.5600084798806,0.2,2,0.14883017539978027,0.00013399124145507812,0.0,11111111111111110000000000000000,++++++++++++++++----------------,0,False,"[[0.000134, 251.56000848]]",18,classical,,100,/mnt/c/Users/rames102/Desktop/Gurobi_QP/one_equality_new/complete_random
precond_pen=0.400,32,16.0,251.5600084798806,0.4,2,0.15413594245910645,6.890296936035156e-05,0.0,11111111111111110000000000000000,++++++++++++++++----------------,0,False,"[[6.9e-05, 251.56000848]]",18,classical,,100,/mnt/c/Users/rames102/Desktop/Gurobi_QP/one_equality_new/complete_random
precond_pen=0.600,32,16.0,251.5600084798806,0.6,2,0.15669012069702148,0.00010919570922851562,0.0,11111111111111110000000000000000,++++++++++++++++----------------,0,False,"[[0.000109, 251.56000848]]",18,classical,,100,/mnt/c/Users/rames102/Desktop/Gurobi_QP/one_equality_new/complete_random
precond_pen=0.800,32,16.0,251.5600084798806,0.8,2,0.1758871078491211,7.510185241699219e-05,0.0,11111111111111110000000000000000,++++++++++++++++----------------,0,False,"[[7.5e-05, 251.56000848]]",18,classical,,100,/mnt/c/Users/rames102/Desktop/Gurobi_QP/one_equality_new/complete_random
precond_pen=1.000,32,16.0,251.5600084798806,1.0,2,0.16001486778259277,8.797645568847656e-05,0.0,11111111111111110000000000000000,++++++++++++++++----------------,0,False,"[[8.8e-05, 251.56000848]]",18,classical,,100,/mnt/c/Users/rames102/Desktop/Gurobi_QP/one_equality_new/complete_random
baseline,32,222.70822406659792,222.70822406659806,,2,270.3746259212494,13.384485006332397,0.0,10110100000110101010001011011011,+-++-+-----++-+-+-+---+-++-++-++,0,False,"[[8.5e-05, 248.28320856], [0.017638, 228.45720526], [14.087755, 227.88663006], [12.533122, 226.48873476], [13.384485, 222.70822407]]",19,classical,,100,/mnt/c/Users/rames102/Desktop/Gurobi_QP/one_equality_new/complete_random
precond_pen=0.000,32,16.0,248.2832085552522,0.0,2,0.21056389808654785,9.989738464355469e-05,0.0,11111111111111110000000000000000,++++++++++++++++----------------,0,False,"[[0.0001, 248.28320856]]",19,classical,,100,/mnt/c/Users/rames102/Desktop/Gurobi_QP/one_equality_new/complete_random
precond_pen=0.200,32,16.0,248.2832085552522,0.2,2,0.22317194938659668,0.00012087821960449219,0.0,11111111111111110000000000000000,++++++++++++++++----------------,0,False,"[[0.000121, 248.28320856]]",19,classical,,100,/mnt/c/Users/rames102/Desktop/Gurobi_QP/one_equality_new/complete_random
precond_pen=0.400,32,16.0,248.2832085552522,0.4,2,0.17161917686462402,4.9114227294921875e-05,0.0,11111111111111110000000000000000,++++++++++++++++----------------,0,False,"[[4.9e-05, 248.28320856]]",19,classical,,100,/mnt/c/Users/rames102/Desktop/Gurobi_QP/one_equality_new/complete_random
precond_pen=0.600,32,16.0,248.2832085552522,0.6,2,0.1870729923248291,6.29425048828125e-05,0.0,11111111111111110000000000000000,++++++++++++++++----------------,0,False,"[[6.3e-05, 248.28320856]]",19,classical,,100,/mnt/c/Users/rames102/Desktop/Gurobi_QP/one_equality_new/complete_random
precond_pen=0.800,32,16.0,248.2832085552522,0.8,2,0.15540409088134766,8.106231689453125e-05,0.0,11111111111111110000000000000000,++++++++++++++++----------------,0,False,"[[8.1e-05, 248.28320856]]",19,classical,,100,/mnt/c/Users/rames102/Desktop/Gurobi_QP/one_equality_new/complete_random
precond_pen=1.000,32,16.0,248.2832085552522,1.0,2,0.1571190357208252,8.320808410644531e-05,0.0,11111111111111110000000000000000,++++++++++++++++----------------,0,False,"[[8.3e-05, 248.28320856]]",19,classical,,100,/mnt/c/Users/rames102/Desktop/Gurobi_QP/one_equality_new/complete_random
baseline,32,219.147041156328,219.14704115632802,,2,170.23385882377625,0.01364898681640625,0.0,10101100101100101000111110000101,+-+-++--+-++--+-+---+++++----+-+,0,False,"[[8.6e-05, 254.1019666], [0.011434, 250.71578893], [0.012073, 248.3461988], [0.013649, 219.14704116]]",20,classical,,100,/mnt/c/Users/rames102/Desktop/Gurobi_QP/one_equality_new/complete_random
precond_pen=0.000,32,16.0,254.10196659583792,0.0,2,0.16960906982421875,8.797645568847656e-05,0.0,11111111111111110000000000000000,++++++++++++++++----------------,0,False,"[[8.8e-05, 254.1019666]]",20,classical,,100,/mnt/c/Users/rames102/Desktop/Gurobi_QP/one_equality_new/complete_random
precond_pen=0.200,32,16.0,254.10196659583792,0.2,2,0.1680011749267578,6.198883056640625e-05,0.0,11111111111111110000000000000000,++++++++++++++++----------------,0,False,"[[6.2e-05, 254.1019666]]",20,classical,,100,/mnt/c/Users/rames102/Desktop/Gurobi_QP/one_equality_new/complete_random
precond_pen=0.400,32,16.0,254.10196659583792,0.4,2,0.16524600982666016,5.4836273193359375e-05,0.0,11111111111111110000000000000000,++++++++++++++++----------------,0,False,"[[5.5e-05, 254.1019666]]",20,classical,,100,/mnt/c/Users/rames102/Desktop/Gurobi_QP/one_equality_new/complete_random
precond_pen=0.600,32,16.0,254.10196659583792,0.6,2,0.15900492668151855,7.200241088867188e-05,0.0,11111111111111110000000000000000,++++++++++++++++----------------,0,False,"[[7.2e-05, 254.1019666]]",20,classical,,100,/mnt/c/Users/rames102/Desktop/Gurobi_QP/one_equality_new/complete_random
precond_pen=0.800,32,16.0,254.10196659583792,0.8,2,0.15195202827453613,7.200241088867188e-05,0.0,11111111111111110000000000000000,++++++++++++++++----------------,0,False,"[[7.2e-05, 254.1019666]]",20,classical,,100,/mnt/c/Users/rames102/Desktop/Gurobi_QP/one_equality_new/complete_random
precond_pen=1.000,32,16.0,254.10196659583792,1.0,2,0.151947021484375,5.91278076171875e-05,0.0,11111111111111110000000000000000,++++++++++++++++----------------,0,False,"[[5.9e-05, 254.1019666]]",20,classical,,100,/mnt/c/Users/rames102/Desktop/Gurobi_QP/one_equality_new/complete_random
baseline,32,220.6380724455622,220.6380724455623,,2,191.18149781227112,100.79411387443542,0.0,00111011101100001010001011100110,--+++-+++-++----+-+---+-+++--++-,0,False,"[[8.8e-05, 246.68472521], [0.011712, 245.8599498], [0.012926, 245.34109237], [0.015047, 222.23713726], [37.296695, 220.7571079], [99.924955, 220.72306673], [100.794114, 220.63807245]]",21,classical,,100,/mnt/c/Users/rames102/Desktop/Gurobi_QP/one_equality_new/complete_random
precond_pen=0.000,32,16.0,246.68472521052362,0.0,2,0.18919706344604492,0.000164031982421875,0.0,11111111111111110000000000000000,++++++++++++++++----------------,0,False,"[[0.000164, 246.68472521]]",21,classical,,100,/mnt/c/Users/rames102/Desktop/Gurobi_QP/one_equality_new/complete_random
precond_pen=0.200,32,16.0,246.68472521052362,0.2,2,0.15359711647033691,8.416175842285156e-05,0.0,11111111111111110000000000000000,++++++++++++++++----------------,0,False,"[[8.4e-05, 246.68472521]]",21,classical,,100,/mnt/c/Users/rames102/Desktop/Gurobi_QP/one_equality_new/complete_random
precond_pen=0.400,32,16.0,246.68472521052362,0.4,2,0.16190099716186523,0.00017309188842773438,0.0,11111111111111110000000000000000,++++++++++++++++----------------,0,False,"[[0.000173, 246.68472521]]",21,classical,,100,/mnt/c/Users/rames102/Desktop/Gurobi_QP/one_equality_new/complete_random
precond_pen=0.600,32,16.0,246.68472521052362,0.6,2,0.1538841724395752,5.1975250244140625e-05,0.0,11111111111111110000000000000000,++++++++++++++++----------------,0,False,"[[5.2e-05, 246.68472521]]",21,classical,,100,/mnt/c/Users/rames102/Desktop/Gurobi_QP/one_equality_new/complete_random
precond_pen=0.800,32,16.0,246.68472521052362,0.8,2,0.17689299583435059,5.984306335449219e-05,0.0,11111111111111110000000000000000,++++++++++++++++----------------,0,False,"[[6e-05, 246.68472521]]",21,classical,,100,/mnt/c/Users/rames102/Desktop/Gurobi_QP/one_equality_new/complete_random
precond_pen=1.000,32,16.0,246.68472521052362,1.0,2,0.17202997207641602,5.3882598876953125e-05,0.0,11111111111111110000000000000000,++++++++++++++++----------------,0,False,"[[5.4e-05, 246.68472521]]",21,classical,,100,/mnt/c/Users/rames102/Desktop/Gurobi_QP/one_equality_new/complete_random
baseline,32,207.93514750570594,207.93514750570606,,2,190.1944239139557,0.15857291221618652,0.0,10111001111001000101100001011001,+-+++--++++--+---+-++----+-++--+,0,False,"[[0.000111, 254.51920692], [0.015596, 253.24386717], [0.017099, 213.12694746], [0.158573, 207.93514751]]",22,classical,,100,/mnt/c/Users/rames102/Desktop/Gurobi_QP/one_equality_new/complete_random
precond_pen=0.000,32,16.0,254.5192069194461,0.0,2,0.19071197509765625,0.00010085105895996094,0.0,11111111111111110000000000000000,++++++++++++++++----------------,0,False,"[[0.000101, 254.51920692]]",22,classical,,100,/mnt/c/Users/rames102/Desktop/Gurobi_QP/one_equality_new/complete_random
precond_pen=0.200,32,16.0,254.5192069194461,0.2,2,0.1746959686279297,5.888938903808594e-05,0.0,11111111111111110000000000000000,++++++++++++++++----------------,0,False,"[[5.9e-05, 254.51920692]]",22,classical,,100,/mnt/c/Users/rames102/Desktop/Gurobi_QP/one_equality_new/complete_random
precond_pen=0.400,32,16.0,254.5192069194461,0.4,2,0.16331005096435547,7.510185241699219e-05,0.0,11111111111111110000000000000000,++++++++++++++++----------------,0,False,"[[7.5e-05, 254.51920692]]",22,classical,,100,/mnt/c/Users/rames102/Desktop/Gurobi_QP/one_equality_new/complete_random
precond_pen=0.600,32,16.0,254.5192069194461,0.6,2,0.1532590389251709,7.104873657226562e-05,0.0,11111111111111110000000000000000,++++++++++++++++----------------,0,False,"[[7.1e-05, 254.51920692]]",22,classical,,100,/mnt/c/Users/rames102/Desktop/Gurobi_QP/one_equality_new/complete_random
precond_pen=0.800,32,16.0,254.5192069194461,0.8,2,0.1508350372314453,4.792213439941406e-05,0.0,11111111111111110000000000000000,++++++++++++++++----------------,0,False,"[[4.8e-05, 254.51920692]]",22,classical,,100,/mnt/c/Users/rames102/Desktop/Gurobi_QP/one_equality_new/complete_random
precond_pen=1.000,32,16.0,254.5192069194461,1.0,2,0.16939997673034668,8.0108642578125e-05,0.0,11111111111111110000000000000000,++++++++++++++++----------------,0,False,"[[8e-05, 254.51920692]]",22,classical,,100,/mnt/c/Users/rames102/Desktop/Gurobi_QP/one_equality_new/complete_random
baseline,32,230.33200920515398,230.33200920515375,,2,346.9732840061188,56.54111886024475,0.0,00010001100101011010111010101011,---+---++--+-+-++-+-+++-+-+-+-++,0,False,"[[0.000133, 264.50826271], [0.011707, 257.37487558], [0.012703, 256.76155916], [0.014537, 231.58359766], [56.541119, 230.33200921]]",23,classical,,100,/mnt/c/Users/rames102/Desktop/Gurobi_QP/one_equality_new/complete_random
precond_pen=0.000,32,16.0,264.5082627064142,0.0,2,0.17139101028442383,6.198883056640625e-05,0.0,11111111111111110000000000000000,++++++++++++++++----------------,0,False,"[[6.2e-05, 264.50826271]]",23,classical,,100,/mnt/c/Users/rames102/Desktop/Gurobi_QP/one_equality_new/complete_random
precond_pen=0.200,32,16.0,264.5082627064142,0.2,2,0.20539188385009766,0.00012493133544921875,0.0,11111111111111110000000000000000,++++++++++++++++----------------,0,False,"[[0.000125, 264.50826271]]",23,classical,,100,/mnt/c/Users/rames102/Desktop/Gurobi_QP/one_equality_new/complete_random
precond_pen=0.400,32,16.0,264.5082627064142,0.4,2,0.16277313232421875,5.1975250244140625e-05,0.0,11111111111111110000000000000000,++++++++++++++++----------------,0,False,"[[5.2e-05, 264.50826271]]",23,classical,,100,/mnt/c/Users/rames102/Desktop/Gurobi_QP/one_equality_new/complete_random
precond_pen=0.600,32,16.0,264.5082627064142,0.6,2,0.1552870273590088,7.915496826171875e-05,0.0,11111111111111110000000000000000,++++++++++++++++----------------,0,False,"[[7.9e-05, 264.50826271]]",23,classical,,100,/mnt/c/Users/rames102/Desktop/Gurobi_QP/one_equality_new/complete_random
precond_pen=0.800,32,16.0,264.5082627064142,0.8,2,0.14668798446655273,7.700920104980469e-05,0.0,11111111111111110000000000000000,++++++++++++++++----------------,0,False,"[[7.7e-05, 264.50826271]]",23,classical,,100,/mnt/c/Users/rames102/Desktop/Gurobi_QP/one_equality_new/complete_random
precond_pen=1.000,32,16.0,264.5082627064142,1.0,2,0.15257692337036133,8.296966552734375e-05,0.0,11111111111111110000000000000000,++++++++++++++++----------------,0,False,"[[8.3e-05, 264.50826271]]",23,classical,,100,/mnt/c/Users/rames102/Desktop/Gurobi_QP/one_equality_new/complete_random
baseline,32,216.06075821509205,216.06075821509174,,2,284.30675315856934,203.4575960636139,0.0,10110001110001110001011100100011,+-++---+++---+++---+-+++--+---++,0,False,"[[7.7e-05, 244.84147058], [0.012169, 216.70592235], [203.457596, 216.06075822]]",24,classical,,100,/mnt/c/Users/rames102/Desktop/Gurobi_QP/one_equality_new/complete_random
precond_pen=0.000,32,16.0,244.84147058496393,0.0,2,0.17549991607666016,5.698204040527344e-05,0.0,11111111111111110000000000000000,++++++++++++++++----------------,0,False,"[[5.7e-05, 244.84147058]]",24,classical,,100,/mnt/c/Users/rames102/Desktop/Gurobi_QP/one_equality_new/complete_random
precond_pen=0.200,32,16.0,244.84147058496393,0.2,2,0.1541149616241455,0.00010204315185546875,0.0,11111111111111110000000000000000,++++++++++++++++----------------,0,False,"[[0.000102, 244.84147058]]",24,classical,,100,/mnt/c/Users/rames102/Desktop/Gurobi_QP/one_equality_new/complete_random
precond_pen=0.400,32,16.0,244.84147058496393,0.4,2,0.15379905700683594,5.507469177246094e-05,0.0,11111111111111110000000000000000,++++++++++++++++----------------,0,False,"[[5.5e-05, 244.84147058]]",24,classical,,100,/mnt/c/Users/rames102/Desktop/Gurobi_QP/one_equality_new/complete_random
precond_pen=0.600,32,16.0,244.84147058496393,0.6,2,0.15210509300231934,8.296966552734375e-05,0.0,11111111111111110000000000000000,++++++++++++++++----------------,0,False,"[[8.3e-05, 244.84147058]]",24,classical,,100,/mnt/c/Users/rames102/Desktop/Gurobi_QP/one_equality_new/complete_random
precond_pen=0.800,32,16.0,244.84147058496393,0.8,2,0.1547689437866211,9.107589721679688e-05,0.0,11111111111111110000000000000000,++++++++++++++++----------------,0,False,"[[9.1e-05, 244.84147058]]",24,classical,,100,/mnt/c/Users/rames102/Desktop/Gurobi_QP/one_equality_new/complete_random
precond_pen=1.000,32,16.0,244.84147058496393,1.0,2,0.15230488777160645,7.891654968261719e-05,0.0,11111111111111110000000000000000,++++++++++++++++----------------,0,False,"[[7.9e-05, 244.84147058]]",24,classical,,100,/mnt/c/Users/rames102/Desktop/Gurobi_QP/one_equality_new/complete_random
baseline,32,222.6713160155002,222.6713160155002,,2,214.46799397468567,86.97444295883179,0.0,00011110010001000001111011101101,---++++--+---+-----++++-+++-++-+,0,False,"[[7.8e-05, 274.15813441], [0.008999, 263.76163128], [0.010027, 263.55608348], [0.012109, 225.15459417], [84.886756, 224.43505119], [86.974443, 222.67131602]]",25,classical,,100,/mnt/c/Users/rames102/Desktop/Gurobi_QP/one_equality_new/complete_random
precond_pen=0.000,32,16.0,274.1581344112929,0.0,2,0.17470216751098633,9.918212890625e-05,0.0,11111111111111110000000000000000,++++++++++++++++----------------,0,False,"[[9.9e-05, 274.15813441]]",25,classical,,100,/mnt/c/Users/rames102/Desktop/Gurobi_QP/one_equality_new/complete_random
precond_pen=0.200,32,16.0,274.1581344112929,0.2,2,0.15794610977172852,8.392333984375e-05,0.0,11111111111111110000000000000000,++++++++++++++++----------------,0,False,"[[8.4e-05, 274.15813441]]",25,classical,,100,/mnt/c/Users/rames102/Desktop/Gurobi_QP/one_equality_new/complete_random
precond_pen=0.400,32,16.0,274.1581344112929,0.4,2,0.14426493644714355,6.794929504394531e-05,0.0,11111111111111110000000000000000,++++++++++++++++----------------,0,False,"[[6.8e-05, 274.15813441]]",25,classical,,100,/mnt/c/Users/rames102/Desktop/Gurobi_QP/one_equality_new/complete_random
precond_pen=0.600,32,16.0,274.1581344112929,0.6,2,0.14762496948242188,4.506111145019531e-05,0.0,11111111111111110000000000000000,++++++++++++++++----------------,0,False,"[[4.5e-05, 274.15813441]]",25,classical,,100,/mnt/c/Users/rames102/Desktop/Gurobi_QP/one_equality_new/complete_random
precond_pen=0.800,32,16.0,274.1581344112929,0.8,2,0.14904284477233887,6.079673767089844e-05,0.0,11111111111111110000000000000000,++++++++++++++++----------------,0,False,"[[6.1e-05, 274.15813441]]",25,classical,,100,/mnt/c/Users/rames102/Desktop/Gurobi_QP/one_equality_new/complete_random
precond_pen=1.000,32,16.0,274.1581344112929,1.0,2,0.15284204483032227,9.012222290039062e-05,0.0,11111111111111110000000000000000,++++++++++++++++----------------,0,False,"[[9e-05, 274.15813441]]",25,classical,,100,/mnt/c/Users/rames102/Desktop/Gurobi_QP/one_equality_new/complete_random
baseline,32,225.7210895531081,225.72108955310796,,2,262.9444351196289,3.011193037033081,0.0,11001100010001000111100011110110,++--++---+---+---++++---++++-++-,0,False,"[[7.6e-05, 261.17687384], [0.009516, 258.6728817], [0.010523, 257.0383219], [0.011264, 256.4090594], [0.012424, 229.90632673], [1.79597, 228.45938888], [1.956286, 228.37730979], [3.011193, 225.72108955]]",26,classical,,100,/mnt/c/Users/rames102/Desktop/Gurobi_QP/one_equality_new/complete_random
precond_pen=0.000,32,16.0,261.1768738441656,0.0,2,0.2000579833984375,6.29425048828125e-05,0.0,11111111111111110000000000000000,++++++++++++++++----------------,0,False,"[[6.3e-05, 261.17687384]]",26,classical,,100,/mnt/c/Users/rames102/Desktop/Gurobi_QP/one_equality_new/complete_random
precond_pen=0.200,32,16.0,261.1768738441656,0.2,2,0.1875009536743164,5.698204040527344e-05,0.0,11111111111111110000000000000000,++++++++++++++++----------------,0,False,"[[5.7e-05, 261.17687384]]",26,classical,,100,/mnt/c/Users/rames102/Desktop/Gurobi_QP/one_equality_new/complete_random
precond_pen=0.400,32,16.0,261.1768738441656,0.4,2,0.17846894264221191,4.792213439941406e-05,0.0,11111111111111110000000000000000,++++++++++++++++----------------,0,False,"[[4.8e-05, 261.17687384]]",26,classical,,100,/mnt/c/Users/rames102/Desktop/Gurobi_QP/one_equality_new/complete_random
precond_pen=0.600,32,16.0,261.1768738441656,0.6,2,0.1632061004638672,0.00010013580322265625,0.0,11111111111111110000000000000000,++++++++++++++++----------------,0,False,"[[0.0001, 261.17687384]]",26,classical,,100,/mnt/c/Users/rames102/Desktop/Gurobi_QP/one_equality_new/complete_random
precond_pen=0.800,32,16.0,261.1768738441656,0.8,2,0.16896986961364746,7.605552673339844e-05,0.0,11111111111111110000000000000000,++++++++++++++++----------------,0,False,"[[7.6e-05, 261.17687384]]",26,classical,,100,/mnt/c/Users/rames102/Desktop/Gurobi_QP/one_equality_new/complete_random
precond_pen=1.000,32,16.0,261.1768738441656,1.0,2,0.14792394638061523,4.887580871582031e-05,0.0,11111111111111110000000000000000,++++++++++++++++----------------,0,False,"[[4.9e-05, 261.17687384]]",26,classical,,100,/mnt/c/Users/rames102/Desktop/Gurobi_QP/one_equality_new/complete_random
baseline,32,236.88614250311835,236.88614250311787,,2,284.96173191070557,0.008643865585327148,0.0,10001010011001010101000101101111,+---+-+--++--+-+-+-+---+-++-++++,0,False,"[[4.8e-05, 272.23614868], [0.007098, 270.09165906], [0.008644, 236.8861425]]",27,classical,,100,/mnt/c/Users/rames102/Desktop/Gurobi_QP/one_equality_new/complete_random
precond_pen=0.000,32,16.0,272.23614868243624,0.0,2,0.2064189910888672,6.103515625e-05,0.0,11111111111111110000000000000000,++++++++++++++++----------------,0,False,"[[6.1e-05, 272.23614868]]",27,classical,,100,/mnt/c/Users/rames102/Desktop/Gurobi_QP/one_equality_new/complete_random
precond_pen=0.200,32,16.0,272.23614868243624,0.2,2,0.174652099609375,9.298324584960938e-05,0.0,11111111111111110000000000000000,++++++++++++++++----------------,0,False,"[[9.3e-05, 272.23614868]]",27,classical,,100,/mnt/c/Users/rames102/Desktop/Gurobi_QP/one_equality_new/complete_random
precond_pen=0.400,32,16.0,272.23614868243624,0.4,2,0.17399978637695312,6.4849853515625e-05,0.0,11111111111111110000000000000000,++++++++++++++++----------------,0,False,"[[6.5e-05, 272.23614868]]",27,classical,,100,/mnt/c/Users/rames102/Desktop/Gurobi_QP/one_equality_new/complete_random
precond_pen=0.600,32,16.0,272.23614868243624,0.6,2,0.15690398216247559,0.00010704994201660156,0.0,11111111111111110000000000000000,++++++++++++++++----------------,0,False,"[[0.000107, 272.23614868]]",27,classical,,100,/mnt/c/Users/rames102/Desktop/Gurobi_QP/one_equality_new/complete_random
precond_pen=0.800,32,16.0,272.23614868243624,0.8,2,0.16228699684143066,7.200241088867188e-05,0.0,11111111111111110000000000000000,++++++++++++++++----------------,0,False,"[[7.2e-05, 272.23614868]]",27,classical,,100,/mnt/c/Users/rames102/Desktop/Gurobi_QP/one_equality_new/complete_random
precond_pen=1.000,32,16.0,272.23614868243624,1.0,2,0.17967700958251953,8.296966552734375e-05,0.0,11111111111111110000000000000000,++++++++++++++++----------------,0,False,"[[8.3e-05, 272.23614868]]",27,classical,,100,/mnt/c/Users/rames102/Desktop/Gurobi_QP/one_equality_new/complete_random
baseline,32,237.37790731502523,237.3779073150253,,2,340.426922082901,0.01757216453552246,0.0,11000011111011100011000010010011,++----+++++-+++---++----+--+--++,0,False,"[[0.000111, 282.88502047], [0.012977, 281.8739383], [0.013737, 278.41455113], [0.015771, 277.01316353], [0.017572, 237.37790732]]",28,classical,,100,/mnt/c/Users/rames102/Desktop/Gurobi_QP/one_equality_new/complete_random
precond_pen=0.000,32,16.0,282.8850204688487,0.0,2,0.20070290565490723,6.198883056640625e-05,0.0,11111111111111110000000000000000,++++++++++++++++----------------,0,False,"[[6.2e-05, 282.88502047]]",28,classical,,100,/mnt/c/Users/rames102/Desktop/Gurobi_QP/one_equality_new/complete_random
precond_pen=0.200,32,16.0,282.8850204688487,0.2,2,0.16727399826049805,5.1021575927734375e-05,0.0,11111111111111110000000000000000,++++++++++++++++----------------,0,False,"[[5.1e-05, 282.88502047]]",28,classical,,100,/mnt/c/Users/rames102/Desktop/Gurobi_QP/one_equality_new/complete_random
precond_pen=0.400,32,16.0,282.8850204688487,0.4,2,0.15741801261901855,8.20159912109375e-05,0.0,11111111111111110000000000000000,++++++++++++++++----------------,0,False,"[[8.2e-05, 282.88502047]]",28,classical,,100,/mnt/c/Users/rames102/Desktop/Gurobi_QP/one_equality_new/complete_random
precond_pen=0.600,32,16.0,282.8850204688487,0.6,2,0.17721796035766602,8.106231689453125e-05,0.0,11111111111111110000000000000000,++++++++++++++++----------------,0,False,"[[8.1e-05, 282.88502047]]",28,classical,,100,/mnt/c/Users/rames102/Desktop/Gurobi_QP/one_equality_new/complete_random
precond_pen=0.800,32,16.0,282.8850204688487,0.8,2,0.20143604278564453,0.00010514259338378906,0.0,11111111111111110000000000000000,++++++++++++++++----------------,0,False,"[[0.000105, 282.88502047]]",28,classical,,100,/mnt/c/Users/rames102/Desktop/Gurobi_QP/one_equality_new/complete_random
precond_pen=1.000,32,16.0,282.8850204688487,1.0,2,0.1544790267944336,7.891654968261719e-05,0.0,11111111111111110000000000000000,++++++++++++++++----------------,0,False,"[[7.9e-05, 282.88502047]]",28,classical,,100,/mnt/c/Users/rames102/Desktop/Gurobi_QP/one_equality_new/complete_random
baseline,32,221.70447664495512,221.7044766449549,,2,295.81683683395386,0.13450288772583008,0.0,11100111100110100110010001100001,+++--++++--++-+--++--+---++----+,0,False,"[[4.9e-05, 261.46899057], [0.005853, 255.94085264], [0.006402, 249.15422], [0.008729, 224.89140669], [0.134244, 223.57822753], [0.134503, 221.70447664]]",29,classical,,100,/mnt/c/Users/rames102/Desktop/Gurobi_QP/one_equality_new/complete_random
precond_pen=0.000,32,16.0,261.46899056919915,0.0,2,0.18612003326416016,5.817413330078125e-05,0.0,11111111111111110000000000000000,++++++++++++++++----------------,0,False,"[[5.8e-05, 261.46899057]]",29,classical,,100,/mnt/c/Users/rames102/Desktop/Gurobi_QP/one_equality_new/complete_random
precond_pen=0.200,32,16.0,261.46899056919915,0.2,2,0.19931387901306152,7.605552673339844e-05,0.0,11111111111111110000000000000000,++++++++++++++++----------------,0,False,"[[7.6e-05, 261.46899057]]",29,classical,,100,/mnt/c/Users/rames102/Desktop/Gurobi_QP/one_equality_new/complete_random
precond_pen=0.400,32,16.0,261.46899056919915,0.4,2,0.1523299217224121,7.295608520507812e-05,0.0,11111111111111110000000000000000,++++++++++++++++----------------,0,False,"[[7.3e-05, 261.46899057]]",29,classical,,100,/mnt/c/Users/rames102/Desktop/Gurobi_QP/one_equality_new/complete_random
precond_pen=0.600,32,16.0,261.46899056919915,0.6,2,0.14087390899658203,7.891654968261719e-05,0.0,11111111111111110000000000000000,++++++++++++++++----------------,0,False,"[[7.9e-05, 261.46899057]]",29,classical,,100,/mnt/c/Users/rames102/Desktop/Gurobi_QP/one_equality_new/complete_random
precond_pen=0.800,32,16.0,261.46899056919915,0.8,2,0.1461198329925537,7.009506225585938e-05,0.0,11111111111111110000000000000000,++++++++++++++++----------------,0,False,"[[7e-05, 261.46899057]]",29,classical,,100,/mnt/c/Users/rames102/Desktop/Gurobi_QP/one_equality_new/complete_random
precond_pen=1.000,32,16.0,261.46899056919915,1.0,2,0.14177513122558594,7.390975952148438e-05,0.0,11111111111111110000000000000000,++++++++++++++++----------------,0,False,"[[7.4e-05, 261.46899057]]",29,classical,,100,/mnt/c/Users/rames102/Desktop/Gurobi_QP/one_equality_new/complete_random
baseline,32,226.22965212691477,226.22965212691497,,2,463.9878239631653,48.966922998428345,0.0,01010000110111100100110111000101,-+-+----++-++++--+--++-+++---+-+,0,False,"[[7.6e-05, 261.81610913], [0.008766, 258.54336687], [0.009443, 255.86648283], [0.010924, 229.88925804], [0.125192, 229.82529766], [18.666631, 229.7129946], [22.264896, 227.41513969], [30.706557, 226.88171124], [48.966923, 226.22965213]]",30,classical,,100,/mnt/c/Users/rames102/Desktop/Gurobi_QP/one_equality_new/complete_random
precond_pen=0.000,32,16.0,261.8161091271651,0.0,2,0.29989194869995117,0.000102996826171875,0.0,11111111111111110000000000000000,++++++++++++++++----------------,0,False,"[[0.000103, 261.81610913]]",30,classical,,100,/mnt/c/Users/rames102/Desktop/Gurobi_QP/one_equality_new/complete_random
precond_pen=0.200,32,16.0,261.8161091271651,0.2,2,0.29210400581359863,7.295608520507812e-05,0.0,11111111111111110000000000000000,++++++++++++++++----------------,0,False,"[[7.3e-05, 261.81610913]]",30,classical,,100,/mnt/c/Users/rames102/Desktop/Gurobi_QP/one_equality_new/complete_random
precond_pen=0.400,32,16.0,261.8161091271651,0.4,2,0.3195970058441162,9.799003601074219e-05,0.0,11111111111111110000000000000000,++++++++++++++++----------------,0,False,"[[9.8e-05, 261.81610913]]",30,classical,,100,/mnt/c/Users/rames102/Desktop/Gurobi_QP/one_equality_new/complete_random
precond_pen=0.600,32,16.0,261.8161091271651,0.6,2,0.34261298179626465,0.000102996826171875,0.0,11111111111111110000000000000000,++++++++++++++++----------------,0,False,"[[0.000103, 261.81610913]]",30,classical,,100,/mnt/c/Users/rames102/Desktop/Gurobi_QP/one_equality_new/complete_random
precond_pen=0.800,32,16.0,261.8161091271651,0.8,2,0.3183012008666992,0.0001201629638671875,0.0,11111111111111110000000000000000,++++++++++++++++----------------,0,False,"[[0.00012, 261.81610913]]",30,classical,,100,/mnt/c/Users/rames102/Desktop/Gurobi_QP/one_equality_new/complete_random
precond_pen=1.000,32,16.0,261.8161091271651,1.0,2,0.3266489505767822,7.200241088867188e-05,0.0,11111111111111110000000000000000,++++++++++++++++----------------,0,False,"[[7.2e-05, 261.81610913]]",30,classical,,100,/mnt/c/Users/rames102/Desktop/Gurobi_QP/one_equality_new/complete_random
baseline,32,221.69643732310166,221.6964373231021,,2,333.9684548377991,0.2556889057159424,0.0,11000100111011010110011001101000,++---+--+++-++-+-++--++--++-+---,0,False,"[[0.000101, 257.62803449], [0.009667, 254.65414569], [0.011981, 253.91511299], [0.013981, 222.57173191], [0.255689, 221.69643732]]",31,classical,,100,/mnt/c/Users/rames102/Desktop/Gurobi_QP/one_equality_new/complete_random
precond_pen=0.000,32,16.0,257.6280344931297,0.0,2,0.255950927734375,9.107589721679688e-05,0.0,11111111111111110000000000000000,++++++++++++++++----------------,0,False,"[[9.1e-05, 257.62803449]]",31,classical,,100,/mnt/c/Users/rames102/Desktop/Gurobi_QP/one_equality_new/complete_random
precond_pen=0.200,32,16.0,257.6280344931297,0.2,2,0.2615699768066406,7.605552673339844e-05,0.0,11111111111111110000000000000000,++++++++++++++++----------------,0,False,"[[7.6e-05, 257.62803449]]",31,classical,,100,/mnt/c/Users/rames102/Desktop/Gurobi_QP/one_equality_new/complete_random
precond_pen=0.400,32,16.0,257.6280344931297,0.4,2,0.2385540008544922,9.989738464355469e-05,0.0,11111111111111110000000000000000,++++++++++++++++----------------,0,False,"[[0.0001, 257.62803449]]",31,classical,,100,/mnt/c/Users/rames102/Desktop/Gurobi_QP/one_equality_new/complete_random
precond_pen=0.600,32,16.0,257.6280344931297,0.6,2,0.24284696578979492,9.608268737792969e-05,0.0,11111111111111110000000000000000,++++++++++++++++----------------,0,False,"[[9.6e-05, 257.62803449]]",31,classical,,100,/mnt/c/Users/rames102/Desktop/Gurobi_QP/one_equality_new/complete_random
precond_pen=0.800,32,16.0,257.6280344931297,0.8,2,0.259080171585083,0.00022721290588378906,0.0,11111111111111110000000000000000,++++++++++++++++----------------,0,False,"[[0.000227, 257.62803449]]",31,classical,,100,/mnt/c/Users/rames102/Desktop/Gurobi_QP/one_equality_new/complete_random
precond_pen=1.000,32,16.0,257.6280344931297,1.0,2,0.23362207412719727,6.413459777832031e-05,0.0,11111111111111110000000000000000,++++++++++++++++----------------,0,False,"[[6.4e-05, 257.62803449]]",31,classical,,100,/mnt/c/Users/rames102/Desktop/Gurobi_QP/one_equality_new/complete_random
baseline,32,213.36155466019198,213.3615546601922,,2,451.42643117904663,4.926146984100342,0.0,01100110000110000011101110011101,-++--++----++-----+++-+++--+++-+,0,False,"[[8.3e-05, 243.49377207], [0.013926, 240.91608618], [0.016039, 219.65894509], [4.370872, 219.46206407], [4.926147, 213.36155466]]",32,classical,,100,/mnt/c/Users/rames102/Desktop/Gurobi_QP/one_equality_new/complete_random
precond_pen=0.000,32,16.0,243.49377206678196,0.0,2,0.31487298011779785,9.393692016601562e-05,0.0,11111111111111110000000000000000,++++++++++++++++----------------,0,False,"[[9.4e-05, 243.49377207]]",32,classical,,100,/mnt/c/Users/rames102/Desktop/Gurobi_QP/one_equality_new/complete_random
precond_pen=0.200,32,16.0,243.49377206678196,0.2,2,0.28146910667419434,9.298324584960938e-05,0.0,11111111111111110000000000000000,++++++++++++++++----------------,0,False,"[[9.3e-05, 243.49377207]]",32,classical,,100,/mnt/c/Users/rames102/Desktop/Gurobi_QP/one_equality_new/complete_random
precond_pen=0.400,32,16.0,243.49377206678196,0.4,2,0.3203442096710205,8.797645568847656e-05,0.0,11111111111111110000000000000000,++++++++++++++++----------------,0,False,"[[8.8e-05, 243.49377207]]",32,classical,,100,/mnt/c/Users/rames102/Desktop/Gurobi_QP/one_equality_new/complete_random
precond_pen=0.600,32,16.0,243.49377206678196,0.6,2,0.321368932723999,0.00015306472778320312,0.0,11111111111111110000000000000000,++++++++++++++++----------------,0,False,"[[0.000153, 243.49377207]]",32,classical,,100,/mnt/c/Users/rames102/Desktop/Gurobi_QP/one_equality_new/complete_random
precond_pen=0.800,32,16.0,243.49377206678196,0.8,2,0.29405784606933594,6.389617919921875e-05,0.0,11111111111111110000000000000000,++++++++++++++++----------------,0,False,"[[6.4e-05, 243.49377207]]",32,classical,,100,/mnt/c/Users/rames102/Desktop/Gurobi_QP/one_equality_new/complete_random
precond_pen=1.000,32,16.0,243.49377206678196,1.0,2,0.2814919948577881,7.104873657226562e-05,0.0,11111111111111110000000000000000,++++++++++++++++----------------,0,False,"[[7.1e-05, 243.49377207]]",32,classical,,100,/mnt/c/Users/rames102/Desktop/Gurobi_QP/one_equality_new/complete_random
baseline,32,211.97541120865486,211.9754112086553,,2,496.1539001464844,144.87327408790588,0.0,10111000011001001100111001100011,+-+++----++--+--++--+++--++---++,0,False,"[[7.6e-05, 244.7231315], [0.008716, 242.61653865], [0.009487, 242.34981938], [0.01058, 212.42362613], [144.873274, 211.97541121]]",33,classical,,100,/mnt/c/Users/rames102/Desktop/Gurobi_QP/one_equality_new/complete_random
precond_pen=0.000,32,16.0,244.72313150401888,0.0,2,0.36339902877807617,0.00011491775512695312,0.0,11111111111111110000000000000000,++++++++++++++++----------------,0,False,"[[0.000115, 244.7231315]]",33,classical,,100,/mnt/c/Users/rames102/Desktop/Gurobi_QP/one_equality_new/complete_random
precond_pen=0.200,32,16.0,244.72313150401888,0.2,2,0.34580278396606445,0.00016880035400390625,0.0,11111111111111110000000000000000,++++++++++++++++----------------,0,False,"[[0.000169, 244.7231315]]",33,classical,,100,/mnt/c/Users/rames102/Desktop/Gurobi_QP/one_equality_new/complete_random
precond_pen=0.400,32,16.0,244.72313150401888,0.4,2,0.3399488925933838,6.699562072753906e-05,0.0,11111111111111110000000000000000,++++++++++++++++----------------,0,False,"[[6.7e-05, 244.7231315]]",33,classical,,100,/mnt/c/Users/rames102/Desktop/Gurobi_QP/one_equality_new/complete_random
precond_pen=0.600,32,16.0,244.72313150401888,0.6,2,0.32709789276123047,7.796287536621094e-05,0.0,11111111111111110000000000000000,++++++++++++++++----------------,0,False,"[[7.8e-05, 244.7231315]]",33,classical,,100,/mnt/c/Users/rames102/Desktop/Gurobi_QP/one_equality_new/complete_random
precond_pen=0.800,32,16.0,244.72313150401888,0.8,2,0.3324918746948242,0.000102996826171875,0.0,11111111111111110000000000000000,++++++++++++++++----------------,0,False,"[[0.000103, 244.7231315]]",33,classical,,100,/mnt/c/Users/rames102/Desktop/Gurobi_QP/one_equality_new/complete_random
precond_pen=1.000,32,16.0,244.72313150401888,1.0,2,0.37372398376464844,6.794929504394531e-05,0.0,11111111111111110000000000000000,++++++++++++++++----------------,0,False,"[[6.8e-05, 244.7231315]]",33,classical,,100,/mnt/c/Users/rames102/Desktop/Gurobi_QP/one_equality_new/complete_random
baseline,32,220.01620769730218,220.01620769730204,,2,365.4807279109955,264.4207239151001,0.0,01010001111000011011000111010011,-+-+---++++----++-++---+++-+--++,0,False,"[[0.000114, 260.14435292], [0.017219, 251.94010847], [0.019457, 251.46243583], [0.021184, 227.12660365], [0.323302, 225.17173995], [4.103857, 225.11206331], [4.167464, 224.63004924], [20.477172, 223.64956771], [264.3094, 223.60415391], [264.365557, 223.31140351], [264.420724, 220.0162077]]",34,classical,,100,/mnt/c/Users/rames102/Desktop/Gurobi_QP/one_equality_new/complete_random
precond_pen=0.000,32,16.0,260.14435291844416,0.0,2,0.17747807502746582,0.00010800361633300781,0.0,11111111111111110000000000000000,++++++++++++++++----------------,0,False,"[[0.000108, 260.14435292]]",34,classical,,100,/mnt/c/Users/rames102/Desktop/Gurobi_QP/one_equality_new/complete_random
precond_pen=0.200,32,16.0,260.14435291844416,0.2,2,0.14696693420410156,8.20159912109375e-05,0.0,11111111111111110000000000000000,++++++++++++++++----------------,0,False,"[[8.2e-05, 260.14435292]]",34,classical,,100,/mnt/c/Users/rames102/Desktop/Gurobi_QP/one_equality_new/complete_random
precond_pen=0.400,32,16.0,260.14435291844416,0.4,2,0.13696908950805664,7.605552673339844e-05,0.0,11111111111111110000000000000000,++++++++++++++++----------------,0,False,"[[7.6e-05, 260.14435292]]",34,classical,,100,/mnt/c/Users/rames102/Desktop/Gurobi_QP/one_equality_new/complete_random
precond_pen=0.600,32,16.0,260.14435291844416,0.6,2,0.14776897430419922,4.601478576660156e-05,0.0,11111111111111110000000000000000,++++++++++++++++----------------,0,False,"[[4.6e-05, 260.14435292]]",34,classical,,100,/mnt/c/Users/rames102/Desktop/Gurobi_QP/one_equality_new/complete_random
precond_pen=0.800,32,16.0,260.14435291844416,0.8,2,0.1357870101928711,7.486343383789062e-05,0.0,11111111111111110000000000000000,++++++++++++++++----------------,0,False,"[[7.5e-05, 260.14435292]]",34,classical,,100,/mnt/c/Users/rames102/Desktop/Gurobi_QP/one_equality_new/complete_random
precond_pen=1.000,32,16.0,260.14435291844416,1.0,2,0.13339805603027344,7.987022399902344e-05,0.0,11111111111111110000000000000000,++++++++++++++++----------------,0,False,"[[8e-05, 260.14435292]]",34,classical,,100,/mnt/c/Users/rames102/Desktop/Gurobi_QP/one_equality_new/complete_random
baseline,32,212.17555246111073,212.17555246111118,,2,171.17963123321533,0.01061105728149414,0.0,11010001111011010111000000011001,++-+---++++-++-+-+++-------++--+,0,False,"[[7.9e-05, 243.34928622], [0.008579, 242.66630483], [0.009371, 241.37319094], [0.010611, 212.17555246]]",35,classical,,100,/mnt/c/Users/rames102/Desktop/Gurobi_QP/one_equality_new/complete_random
precond_pen=0.000,32,16.0,243.34928621591098,0.0,2,0.16413593292236328,5.507469177246094e-05,0.0,11111111111111110000000000000000,++++++++++++++++----------------,0,False,"[[5.5e-05, 243.34928622]]",35,classical,,100,/mnt/c/Users/rames102/Desktop/Gurobi_QP/one_equality_new/complete_random
precond_pen=0.200,32,16.0,243.34928621591098,0.2,2,0.15895605087280273,7.700920104980469e-05,0.0,11111111111111110000000000000000,++++++++++++++++----------------,0,False,"[[7.7e-05, 243.34928622]]",35,classical,,100,/mnt/c/Users/rames102/Desktop/Gurobi_QP/one_equality_new/complete_random
precond_pen=0.400,32,16.0,243.34928621591098,0.4,2,0.15311789512634277,7.605552673339844e-05,0.0,11111111111111110000000000000000,++++++++++++++++----------------,0,False,"[[7.6e-05, 243.34928622]]",35,classical,,100,/mnt/c/Users/rames102/Desktop/Gurobi_QP/one_equality_new/complete_random
precond_pen=0.600,32,16.0,243.34928621591098,0.6,2,0.1462230682373047,7.700920104980469e-05,0.0,11111111111111110000000000000000,++++++++++++++++----------------,0,False,"[[7.7e-05, 243.34928622]]",35,classical,,100,/mnt/c/Users/rames102/Desktop/Gurobi_QP/one_equality_new/complete_random
precond_pen=0.800,32,16.0,243.34928621591098,0.8,2,0.13479185104370117,6.198883056640625e-05,0.0,11111111111111110000000000000000,++++++++++++++++----------------,0,False,"[[6.2e-05, 243.34928622]]",35,classical,,100,/mnt/c/Users/rames102/Desktop/Gurobi_QP/one_equality_new/complete_random
precond_pen=1.000,32,16.0,243.34928621591098,1.0,2,0.13762497901916504,6.079673767089844e-05,0.0,11111111111111110000000000000000,++++++++++++++++----------------,0,False,"[[6.1e-05, 243.34928622]]",35,classical,,100,/mnt/c/Users/rames102/Desktop/Gurobi_QP/one_equality_new/complete_random
baseline,32,217.58796155032604,217.5879615503261,,2,156.82032895088196,20.51503586769104,0.0,10110111110000000010110001110110,+-++-+++++--------+-++---+++-++-,0,False,"[[8.8e-05, 252.6981221], [0.010792, 245.51573985], [0.011641, 244.23363976], [0.012888, 219.21389016], [0.117355, 218.41931963], [7.307068, 217.98163383], [20.515036, 217.58796155]]",36,classical,,100,/mnt/c/Users/rames102/Desktop/Gurobi_QP/one_equality_new/complete_random
precond_pen=0.000,32,16.0,252.6981221026895,0.0,2,0.174638032913208,7.700920104980469e-05,0.0,11111111111111110000000000000000,++++++++++++++++----------------,0,False,"[[7.7e-05, 252.6981221]]",36,classical,,100,/mnt/c/Users/rames102/Desktop/Gurobi_QP/one_equality_new/complete_random
precond_pen=0.200,32,16.0,252.6981221026895,0.2,2,0.15274810791015625,8.106231689453125e-05,0.0,11111111111111110000000000000000,++++++++++++++++----------------,0,False,"[[8.1e-05, 252.6981221]]",36,classical,,100,/mnt/c/Users/rames102/Desktop/Gurobi_QP/one_equality_new/complete_random
precond_pen=0.400,32,16.0,252.6981221026895,0.4,2,0.14207911491394043,7.390975952148438e-05,0.0,11111111111111110000000000000000,++++++++++++++++----------------,0,False,"[[7.4e-05, 252.6981221]]",36,classical,,100,/mnt/c/Users/rames102/Desktop/Gurobi_QP/one_equality_new/complete_random
precond_pen=0.600,32,16.0,252.6981221026895,0.6,2,0.15430998802185059,7.390975952148438e-05,0.0,11111111111111110000000000000000,++++++++++++++++----------------,0,False,"[[7.4e-05, 252.6981221]]",36,classical,,100,/mnt/c/Users/rames102/Desktop/Gurobi_QP/one_equality_new/complete_random
precond_pen=0.800,32,16.0,252.6981221026895,0.8,2,0.1459670066833496,4.38690185546875e-05,0.0,11111111111111110000000000000000,++++++++++++++++----------------,0,False,"[[4.4e-05, 252.6981221]]",36,classical,,100,/mnt/c/Users/rames102/Desktop/Gurobi_QP/one_equality_new/complete_random
precond_pen=1.000,32,16.0,252.6981221026895,1.0,2,0.14515399932861328,7.414817810058594e-05,0.0,11111111111111110000000000000000,++++++++++++++++----------------,0,False,"[[7.4e-05, 252.6981221]]",36,classical,,100,/mnt/c/Users/rames102/Desktop/Gurobi_QP/one_equality_new/complete_random
baseline,32,214.33289297853304,214.33289297853307,,2,287.4458429813385,65.03928399085999,0.0,00011100111110101010101010101000,---+++--+++++-+-+-+-+-+-+-+-+---,0,False,"[[8.1e-05, 247.66599764], [0.010286, 244.24209262], [0.011, 243.43457358], [0.011679, 239.11292783], [0.0131, 214.41785098], [65.039284, 214.33289298]]",37,classical,,100,/mnt/c/Users/rames102/Desktop/Gurobi_QP/one_equality_new/complete_random
precond_pen=0.000,32,16.0,247.66599764175862,0.0,2,0.20235395431518555,0.00014591217041015625,0.0,11111111111111110000000000000000,++++++++++++++++----------------,0,False,"[[0.000146, 247.66599764]]",37,classical,,100,/mnt/c/Users/rames102/Desktop/Gurobi_QP/one_equality_new/complete_random
precond_pen=0.200,32,16.0,247.66599764175862,0.2,2,0.1597609519958496,8.20159912109375e-05,0.0,11111111111111110000000000000000,++++++++++++++++----------------,0,False,"[[8.2e-05, 247.66599764]]",37,classical,,100,/mnt/c/Users/rames102/Desktop/Gurobi_QP/one_equality_new/complete_random
precond_pen=0.400,32,16.0,247.66599764175862,0.4,2,0.15657305717468262,7.295608520507812e-05,0.0,11111111111111110000000000000000,++++++++++++++++----------------,0,False,"[[7.3e-05, 247.66599764]]",37,classical,,100,/mnt/c/Users/rames102/Desktop/Gurobi_QP/one_equality_new/complete_random
precond_pen=0.600,32,16.0,247.66599764175862,0.6,2,0.14586710929870605,7.581710815429688e-05,0.0,11111111111111110000000000000000,++++++++++++++++----------------,0,False,"[[7.6e-05, 247.66599764]]",37,classical,,100,/mnt/c/Users/rames102/Desktop/Gurobi_QP/one_equality_new/complete_random
precond_pen=0.800,32,16.0,247.66599764175862,0.8,2,0.1491990089416504,7.104873657226562e-05,0.0,11111111111111110000000000000000,++++++++++++++++----------------,0,False,"[[7.1e-05, 247.66599764]]",37,classical,,100,/mnt/c/Users/rames102/Desktop/Gurobi_QP/one_equality_new/complete_random
precond_pen=1.000,32,16.0,247.66599764175862,1.0,2,0.15035200119018555,7.891654968261719e-05,0.0,11111111111111110000000000000000,++++++++++++++++----------------,0,False,"[[7.9e-05, 247.66599764]]",37,classical,,100,/mnt/c/Users/rames102/Desktop/Gurobi_QP/one_equality_new/complete_random
baseline,32,210.71523308584514,210.71523308584509,,2,260.97303915023804,68.58587718009949,0.0,11001000011010111100001011101001,++--+----++-+-++++----+-+++-+--+,0,False,"[[6.4e-05, 258.36327536], [0.00975, 253.82140834], [0.010802, 212.55228649], [67.637929, 211.40000826], [68.585877, 210.71523309]]",38,classical,,100,/mnt/c/Users/rames102/Desktop/Gurobi_QP/one_equality_new/complete_random
precond_pen=0.000,32,16.0,258.3632753556931,0.0,2,0.17541289329528809,0.00011181831359863281,0.0,11111111111111110000000000000000,++++++++++++++++----------------,0,False,"[[0.000112, 258.36327536]]",38,classical,,100,/mnt/c/Users/rames102/Desktop/Gurobi_QP/one_equality_new/complete_random
precond_pen=0.200,32,16.0,258.3632753556931,0.2,2,0.1520698070526123,7.796287536621094e-05,0.0,11111111111111110000000000000000,++++++++++++++++----------------,0,False,"[[7.8e-05, 258.36327536]]",38,classical,,100,/mnt/c/Users/rames102/Desktop/Gurobi_QP/one_equality_new/complete_random
precond_pen=0.400,32,16.0,258.3632753556931,0.4,2,0.15093612670898438,4.9114227294921875e-05,0.0,11111111111111110000000000000000,++++++++++++++++----------------,0,False,"[[4.9e-05, 258.36327536]]",38,classical,,100,/mnt/c/Users/rames102/Desktop/Gurobi_QP/one_equality_new/complete_random
precond_pen=0.600,32,16.0,258.3632753556931,0.6,2,0.19126296043395996,6.389617919921875e-05,0.0,11111111111111110000000000000000,++++++++++++++++----------------,0,False,"[[6.4e-05, 258.36327536]]",38,classical,,100,/mnt/c/Users/rames102/Desktop/Gurobi_QP/one_equality_new/complete_random
precond_pen=0.800,32,16.0,258.3632753556931,0.8,2,0.1533069610595703,0.00011992454528808594,0.0,11111111111111110000000000000000,++++++++++++++++----------------,0,False,"[[0.00012, 258.36327536]]",38,classical,,100,/mnt/c/Users/rames102/Desktop/Gurobi_QP/one_equality_new/complete_random
precond_pen=1.000,32,16.0,258.3632753556931,1.0,2,0.1472330093383789,5.1975250244140625e-05,0.0,11111111111111110000000000000000,++++++++++++++++----------------,0,False,"[[5.2e-05, 258.36327536]]",38,classical,,100,/mnt/c/Users/rames102/Desktop/Gurobi_QP/one_equality_new/complete_random
baseline,32,221.81039236406775,221.81039236406806,,2,259.3569869995117,101.30118489265442,0.0,10110110011010000010110010011011,+-++-++--++-+-----+-++--+--++-++,0,False,"[[8e-05, 252.95340792], [0.011366, 249.27484885], [0.014138, 244.47828734], [0.015926, 224.1874933], [0.127747, 223.49921693], [8.540137, 223.4870839], [8.786574, 223.15737254], [8.786929, 222.56068649], [101.301185, 221.81039236]]",39,classical,,100,/mnt/c/Users/rames102/Desktop/Gurobi_QP/one_equality_new/complete_random
precond_pen=0.000,32,16.0,252.9534079203277,0.0,2,0.16930413246154785,0.0001900196075439453,0.0,11111111111111110000000000000000,++++++++++++++++----------------,0,False,"[[0.00019, 252.95340792]]",39,classical,,100,/mnt/c/Users/rames102/Desktop/Gurobi_QP/one_equality_new/complete_random
precond_pen=0.200,32,16.0,252.9534079203277,0.2,2,0.15671992301940918,4.792213439941406e-05,0.0,11111111111111110000000000000000,++++++++++++++++----------------,0,False,"[[4.8e-05, 252.95340792]]",39,classical,,100,/mnt/c/Users/rames102/Desktop/Gurobi_QP/one_equality_new/complete_random
precond_pen=0.400,32,16.0,252.9534079203277,0.4,2,0.15072894096374512,7.390975952148438e-05,0.0,11111111111111110000000000000000,++++++++++++++++----------------,0,False,"[[7.4e-05, 252.95340792]]",39,classical,,100,/mnt/c/Users/rames102/Desktop/Gurobi_QP/one_equality_new/complete_random
precond_pen=0.600,32,16.0,252.9534079203277,0.6,2,0.13983798027038574,8.606910705566406e-05,0.0,11111111111111110000000000000000,++++++++++++++++----------------,0,False,"[[8.6e-05, 252.95340792]]",39,classical,,100,/mnt/c/Users/rames102/Desktop/Gurobi_QP/one_equality_new/complete_random
precond_pen=0.800,32,16.0,252.9534079203277,0.8,2,0.15945887565612793,7.700920104980469e-05,0.0,11111111111111110000000000000000,++++++++++++++++----------------,0,False,"[[7.7e-05, 252.95340792]]",39,classical,,100,/mnt/c/Users/rames102/Desktop/Gurobi_QP/one_equality_new/complete_random
precond_pen=1.000,32,16.0,252.9534079203277,1.0,2,0.14400506019592285,7.510185241699219e-05,0.0,11111111111111110000000000000000,++++++++++++++++----------------,0,False,"[[7.5e-05, 252.95340792]]",39,classical,,100,/mnt/c/Users/rames102/Desktop/Gurobi_QP/one_equality_new/complete_random
baseline,32,217.79168416459402,217.7916841645937,,2,128.57796096801758,10.115180015563965,0.0,10101011111001001001000011001101,+-+-+-+++++--+--+--+----++--++-+,0,False,"[[8.3e-05, 258.41155191], [0.008724, 258.03228846], [0.00934, 253.67779204], [0.010279, 221.63890346], [7.465391, 221.35281837], [7.465646, 220.9866544], [7.651673, 219.5875205], [7.652038, 219.14255062], [10.11518, 217.79168416]]",40,classical,,100,/mnt/c/Users/rames102/Desktop/Gurobi_QP/one_equality_new/complete_random
precond_pen=0.000,32,16.0,258.4115519131119,0.0,2,0.18845915794372559,5.602836608886719e-05,0.0,11111111111111110000000000000000,++++++++++++++++----------------,0,False,"[[5.6e-05, 258.41155191]]",40,classical,,100,/mnt/c/Users/rames102/Desktop/Gurobi_QP/one_equality_new/complete_random
precond_pen=0.200,32,16.0,258.4115519131119,0.2,2,0.18542695045471191,5.1021575927734375e-05,0.0,11111111111111110000000000000000,++++++++++++++++----------------,0,False,"[[5.1e-05, 258.41155191]]",40,classical,,100,/mnt/c/Users/rames102/Desktop/Gurobi_QP/one_equality_new/complete_random
precond_pen=0.400,32,16.0,258.4115519131119,0.4,2,0.1498091220855713,8.296966552734375e-05,0.0,11111111111111110000000000000000,++++++++++++++++----------------,0,False,"[[8.3e-05, 258.41155191]]",40,classical,,100,/mnt/c/Users/rames102/Desktop/Gurobi_QP/one_equality_new/complete_random
precond_pen=0.600,32,16.0,258.4115519131119,0.6,2,0.15734314918518066,7.510185241699219e-05,0.0,11111111111111110000000000000000,++++++++++++++++----------------,0,False,"[[7.5e-05, 258.41155191]]",40,classical,,100,/mnt/c/Users/rames102/Desktop/Gurobi_QP/one_equality_new/complete_random
precond_pen=0.800,32,16.0,258.4115519131119,0.8,2,0.154494047164917,7.700920104980469e-05,0.0,11111111111111110000000000000000,++++++++++++++++----------------,0,False,"[[7.7e-05, 258.41155191]]",40,classical,,100,/mnt/c/Users/rames102/Desktop/Gurobi_QP/one_equality_new/complete_random
precond_pen=1.000,32,16.0,258.4115519131119,1.0,2,0.1583549976348877,7.390975952148438e-05,0.0,11111111111111110000000000000000,++++++++++++++++----------------,0,False,"[[7.4e-05, 258.41155191]]",40,classical,,100,/mnt/c/Users/rames102/Desktop/Gurobi_QP/one_equality_new/complete_random
baseline,32,231.51158929266396,231.51158929266424,,2,269.98420906066895,157.12531805038452,0.0,11010010110010111101001100101000,++-+--+-++--+-++++-+--++--+-+---,0,False,"[[9e-05, 265.68583641], [0.011827, 232.76964191], [0.125831, 232.18274992], [157.125318, 231.51158929]]",41,classical,,100,/mnt/c/Users/rames102/Desktop/Gurobi_QP/one_equality_new/complete_random
precond_pen=0.000,32,16.0,265.68583640704,0.0,2,0.17471003532409668,0.00015091896057128906,0.0,11111111111111110000000000000000,++++++++++++++++----------------,0,False,"[[0.000151, 265.68583641]]",41,classical,,100,/mnt/c/Users/rames102/Desktop/Gurobi_QP/one_equality_new/complete_random
precond_pen=0.200,32,16.0,265.68583640704,0.2,2,0.16482114791870117,9.417533874511719e-05,0.0,11111111111111110000000000000000,++++++++++++++++----------------,0,False,"[[9.4e-05, 265.68583641]]",41,classical,,100,/mnt/c/Users/rames102/Desktop/Gurobi_QP/one_equality_new/complete_random
precond_pen=0.400,32,16.0,265.68583640704,0.4,2,0.16594910621643066,4.887580871582031e-05,0.0,11111111111111110000000000000000,++++++++++++++++----------------,0,False,"[[4.9e-05, 265.68583641]]",41,classical,,100,/mnt/c/Users/rames102/Desktop/Gurobi_QP/one_equality_new/complete_random
precond_pen=0.600,32,16.0,265.68583640704,0.6,2,0.1682579517364502,6.604194641113281e-05,0.0,11111111111111110000000000000000,++++++++++++++++----------------,0,False,"[[6.6e-05, 265.68583641]]",41,classical,,100,/mnt/c/Users/rames102/Desktop/Gurobi_QP/one_equality_new/complete_random
precond_pen=0.800,32,16.0,265.68583640704,0.8,2,0.1427929401397705,7.605552673339844e-05,0.0,11111111111111110000000000000000,++++++++++++++++----------------,0,False,"[[7.6e-05, 265.68583641]]",41,classical,,100,/mnt/c/Users/rames102/Desktop/Gurobi_QP/one_equality_new/complete_random
precond_pen=1.000,32,16.0,265.68583640704,1.0,2,0.14020586013793945,7.605552673339844e-05,0.0,11111111111111110000000000000000,++++++++++++++++----------------,0,False,"[[7.6e-05, 265.68583641]]",41,classical,,100,/mnt/c/Users/rames102/Desktop/Gurobi_QP/one_equality_new/complete_random
baseline,32,220.15810477965923,220.1581047796591,,2,182.6447970867157,170.18184208869934,0.0,00010010010101111100101100101101,---+--+--+-+-+++++--+-++--+-++-+,0,False,"[[7.9e-05, 254.86452504], [0.008845, 253.5385111], [0.009678, 251.83705069], [0.01201, 220.30917206], [170.181842, 220.15810478]]",42,classical,,100,/mnt/c/Users/rames102/Desktop/Gurobi_QP/one_equality_new/complete_random
precond_pen=0.000,32,16.0,254.86452503556268,0.0,2,0.17066001892089844,7.891654968261719e-05,0.0,11111111111111110000000000000000,++++++++++++++++----------------,0,False,"[[7.9e-05, 254.86452504]]",42,classical,,100,/mnt/c/Users/rames102/Desktop/Gurobi_QP/one_equality_new/complete_random
precond_pen=0.200,32,16.0,254.86452503556268,0.2,2,0.14652585983276367,8.106231689453125e-05,0.0,11111111111111110000000000000000,++++++++++++++++----------------,0,False,"[[8.1e-05, 254.86452504]]",42,classical,,100,/mnt/c/Users/rames102/Desktop/Gurobi_QP/one_equality_new/complete_random
precond_pen=0.400,32,16.0,254.86452503556268,0.4,2,0.14946484565734863,6.198883056640625e-05,0.0,11111111111111110000000000000000,++++++++++++++++----------------,0,False,"[[6.2e-05, 254.86452504]]",42,classical,,100,/mnt/c/Users/rames102/Desktop/Gurobi_QP/one_equality_new/complete_random
precond_pen=0.600,32,16.0,254.86452503556268,0.6,2,0.14342498779296875,4.9114227294921875e-05,0.0,11111111111111110000000000000000,++++++++++++++++----------------,0,False,"[[4.9e-05, 254.86452504]]",42,classical,,100,/mnt/c/Users/rames102/Desktop/Gurobi_QP/one_equality_new/complete_random
precond_pen=0.800,32,16.0,254.86452503556268,0.8,2,-2.3298051357269287,7.700920104980469e-05,0.0,11111111111111110000000000000000,++++++++++++++++----------------,0,False,"[[7.7e-05, 254.86452504]]",42,classical,,100,/mnt/c/Users/rames102/Desktop/Gurobi_QP/one_equality_new/complete_random
precond_pen=1.000,32,16.0,254.86452503556268,1.0,2,0.1403498649597168,7.796287536621094e-05,0.0,11111111111111110000000000000000,++++++++++++++++----------------,0,False,"[[7.8e-05, 254.86452504]]",42,classical,,100,/mnt/c/Users/rames102/Desktop/Gurobi_QP/one_equality_new/complete_random
baseline,32,213.7811494597423,213.78114945974184,,2,224.13839101791382,0.012192010879516602,0.0,10000101100110110000111111001010,+----+-++--++-++----++++++--+-+-,0,False,"[[7.6e-05, 264.09886907], [0.008828, 257.83716149], [0.010111, 255.99043857], [0.012192, 213.78114946]]",43,classical,,100,/mnt/c/Users/rames102/Desktop/Gurobi_QP/one_equality_new/complete_random
precond_pen=0.000,32,16.0,264.09886907170807,0.0,2,0.1647050380706787,7.987022399902344e-05,0.0,11111111111111110000000000000000,++++++++++++++++----------------,0,False,"[[8e-05, 264.09886907]]",43,classical,,100,/mnt/c/Users/rames102/Desktop/Gurobi_QP/one_equality_new/complete_random
precond_pen=0.200,32,16.0,264.09886907170807,0.2,2,0.18948698043823242,8.797645568847656e-05,0.0,11111111111111110000000000000000,++++++++++++++++----------------,0,False,"[[8.8e-05, 264.09886907]]",43,classical,,100,/mnt/c/Users/rames102/Desktop/Gurobi_QP/one_equality_new/complete_random
precond_pen=0.400,32,16.0,264.09886907170807,0.4,2,0.15931391716003418,8.797645568847656e-05,0.0,11111111111111110000000000000000,++++++++++++++++----------------,0,False,"[[8.8e-05, 264.09886907]]",43,classical,,100,/mnt/c/Users/rames102/Desktop/Gurobi_QP/one_equality_new/complete_random
precond_pen=0.600,32,16.0,264.09886907170807,0.6,2,0.16810894012451172,7.891654968261719e-05,0.0,11111111111111110000000000000000,++++++++++++++++----------------,0,False,"[[7.9e-05, 264.09886907]]",43,classical,,100,/mnt/c/Users/rames102/Desktop/Gurobi_QP/one_equality_new/complete_random
precond_pen=0.800,32,16.0,264.09886907170807,0.8,2,0.13929200172424316,7.200241088867188e-05,0.0,11111111111111110000000000000000,++++++++++++++++----------------,0,False,"[[7.2e-05, 264.09886907]]",43,classical,,100,/mnt/c/Users/rames102/Desktop/Gurobi_QP/one_equality_new/complete_random
precond_pen=1.000,32,16.0,264.09886907170807,1.0,2,0.14573001861572266,7.605552673339844e-05,0.0,11111111111111110000000000000000,++++++++++++++++----------------,0,False,"[[7.6e-05, 264.09886907]]",43,classical,,100,/mnt/c/Users/rames102/Desktop/Gurobi_QP/one_equality_new/complete_random
baseline,32,212.34129092691973,212.3412909269201,,2,134.23541402816772,0.010722875595092773,0.0,10101110010101110000101001100110,+-+-+++--+-+-+++----+-+--++--++-,0,False,"[[8e-05, 241.53176605], [0.010723, 212.34129093]]",44,classical,,100,/mnt/c/Users/rames102/Desktop/Gurobi_QP/one_equality_new/complete_random
precond_pen=0.000,32,16.0,241.53176605026007,0.0,2,0.16322898864746094,7.295608520507812e-05,0.0,11111111111111110000000000000000,++++++++++++++++----------------,0,False,"[[7.3e-05, 241.53176605]]",44,classical,,100,/mnt/c/Users/rames102/Desktop/Gurobi_QP/one_equality_new/complete_random
precond_pen=0.200,32,16.0,241.53176605026007,0.2,2,0.1604299545288086,8.0108642578125e-05,0.0,11111111111111110000000000000000,++++++++++++++++----------------,0,False,"[[8e-05, 241.53176605]]",44,classical,,100,/mnt/c/Users/rames102/Desktop/Gurobi_QP/one_equality_new/complete_random
precond_pen=0.400,32,16.0,241.53176605026007,0.4,2,0.14409279823303223,7.390975952148438e-05,0.0,11111111111111110000000000000000,++++++++++++++++----------------,0,False,"[[7.4e-05, 241.53176605]]",44,classical,,100,/mnt/c/Users/rames102/Desktop/Gurobi_QP/one_equality_new/complete_random
precond_pen=0.600,32,16.0,241.53176605026007,0.6,2,0.1430339813232422,7.414817810058594e-05,0.0,11111111111111110000000000000000,++++++++++++++++----------------,0,False,"[[7.4e-05, 241.53176605]]",44,classical,,100,/mnt/c/Users/rames102/Desktop/Gurobi_QP/one_equality_new/complete_random
precond_pen=0.800,32,16.0,241.53176605026007,0.8,2,0.15712618827819824,8.0108642578125e-05,0.0,11111111111111110000000000000000,++++++++++++++++----------------,0,False,"[[8e-05, 241.53176605]]",44,classical,,100,/mnt/c/Users/rames102/Desktop/Gurobi_QP/one_equality_new/complete_random
precond_pen=1.000,32,16.0,241.53176605026007,1.0,2,0.14394712448120117,8.0108642578125e-05,0.0,11111111111111110000000000000000,++++++++++++++++----------------,0,False,"[[8e-05, 241.53176605]]",44,classical,,100,/mnt/c/Users/rames102/Desktop/Gurobi_QP/one_equality_new/complete_random
baseline,32,229.39780164089404,229.39780164089402,,2,136.69981503486633,0.12540006637573242,0.0,01011011000111100100100011101010,-+-++-++---++++--+--+---+++-+-+-,0,False,"[[7.7e-05, 253.53807005], [0.00991, 231.4468315], [0.1254, 229.39780164]]",45,classical,,100,/mnt/c/Users/rames102/Desktop/Gurobi_QP/one_equality_new/complete_random
precond_pen=0.000,32,16.0,253.5380700510218,0.0,2,0.19440793991088867,0.0001678466796875,0.0,11111111111111110000000000000000,++++++++++++++++----------------,0,False,"[[0.000168, 253.53807005]]",45,classical,,100,/mnt/c/Users/rames102/Desktop/Gurobi_QP/one_equality_new/complete_random
precond_pen=0.200,32,16.0,253.5380700510218,0.2,2,0.19294190406799316,5.507469177246094e-05,0.0,11111111111111110000000000000000,++++++++++++++++----------------,0,False,"[[5.5e-05, 253.53807005]]",45,classical,,100,/mnt/c/Users/rames102/Desktop/Gurobi_QP/one_equality_new/complete_random
precond_pen=0.400,32,16.0,253.5380700510218,0.4,2,0.19730806350708008,5.1975250244140625e-05,0.0,11111111111111110000000000000000,++++++++++++++++----------------,0,False,"[[5.2e-05, 253.53807005]]",45,classical,,100,/mnt/c/Users/rames102/Desktop/Gurobi_QP/one_equality_new/complete_random
precond_pen=0.600,32,16.0,253.5380700510218,0.6,2,0.2445528507232666,6.103515625e-05,0.0,11111111111111110000000000000000,++++++++++++++++----------------,0,False,"[[6.1e-05, 253.53807005]]",45,classical,,100,/mnt/c/Users/rames102/Desktop/Gurobi_QP/one_equality_new/complete_random
precond_pen=0.800,32,16.0,253.5380700510218,0.8,2,0.19773006439208984,5.888938903808594e-05,0.0,11111111111111110000000000000000,++++++++++++++++----------------,0,False,"[[5.9e-05, 253.53807005]]",45,classical,,100,/mnt/c/Users/rames102/Desktop/Gurobi_QP/one_equality_new/complete_random
precond_pen=1.000,32,16.0,253.5380700510218,1.0,2,0.1903669834136963,0.00011086463928222656,0.0,11111111111111110000000000000000,++++++++++++++++----------------,0,False,"[[0.000111, 253.53807005]]",45,classical,,100,/mnt/c/Users/rames102/Desktop/Gurobi_QP/one_equality_new/complete_random
baseline,32,211.24765988437204,211.24765988437215,,2,182.7074658870697,149.39918208122253,0.0,11111111100100010001010001001001,+++++++++--+---+---+-+---+--+--+,0,False,"[[0.000138, 243.75116571], [0.012077, 240.58938093], [0.015558, 236.56912269], [0.019453, 216.06497963], [0.175672, 214.6339683], [67.674087, 214.55336508], [69.806398, 211.72110812], [69.808715, 211.70417729], [149.399182, 211.24765988]]",46,classical,,100,/mnt/c/Users/rames102/Desktop/Gurobi_QP/one_equality_new/complete_random
precond_pen=0.000,32,16.0,243.7511657107219,0.0,2,0.17696905136108398,0.00013494491577148438,0.0,11111111111111110000000000000000,++++++++++++++++----------------,0,False,"[[0.000135, 243.75116571]]",46,classical,,100,/mnt/c/Users/rames102/Desktop/Gurobi_QP/one_equality_new/complete_random
precond_pen=0.200,32,16.0,243.7511657107219,0.2,2,0.14894509315490723,6.008148193359375e-05,0.0,11111111111111110000000000000000,++++++++++++++++----------------,0,False,"[[6e-05, 243.75116571]]",46,classical,,100,/mnt/c/Users/rames102/Desktop/Gurobi_QP/one_equality_new/complete_random
precond_pen=0.400,32,16.0,243.7511657107219,0.4,2,0.1383049488067627,8.0108642578125e-05,0.0,11111111111111110000000000000000,++++++++++++++++----------------,0,False,"[[8e-05, 243.75116571]]",46,classical,,100,/mnt/c/Users/rames102/Desktop/Gurobi_QP/one_equality_new/complete_random
precond_pen=0.600,32,16.0,243.7511657107219,0.6,2,0.15433907508850098,8.106231689453125e-05,0.0,11111111111111110000000000000000,++++++++++++++++----------------,0,False,"[[8.1e-05, 243.75116571]]",46,classical,,100,/mnt/c/Users/rames102/Desktop/Gurobi_QP/one_equality_new/complete_random
precond_pen=0.800,32,16.0,243.7511657107219,0.8,2,0.1394939422607422,7.414817810058594e-05,0.0,11111111111111110000000000000000,++++++++++++++++----------------,0,False,"[[7.4e-05, 243.75116571]]",46,classical,,100,/mnt/c/Users/rames102/Desktop/Gurobi_QP/one_equality_new/complete_random
precond_pen=1.000,32,16.0,243.7511657107219,1.0,2,0.14403200149536133,7.510185241699219e-05,0.0,11111111111111110000000000000000,++++++++++++++++----------------,0,False,"[[7.5e-05, 243.75116571]]",46,classical,,100,/mnt/c/Users/rames102/Desktop/Gurobi_QP/one_equality_new/complete_random
baseline,32,225.62881216143103,225.62881216143123,,2,155.66683912277222,0.038969993591308594,0.0,01101111001010100000111100001011,-++-++++--+-+-+-----++++----+-++,0,False,"[[7.6e-05, 255.262153], [0.036052, 250.79756774], [0.03897, 225.62881216]]",47,classical,,100,/mnt/c/Users/rames102/Desktop/Gurobi_QP/one_equality_new/complete_random
precond_pen=0.000,32,16.0,255.26215300393906,0.0,2,0.1867079734802246,0.00011301040649414062,0.0,11111111111111110000000000000000,++++++++++++++++----------------,0,False,"[[0.000113, 255.262153]]",47,classical,,100,/mnt/c/Users/rames102/Desktop/Gurobi_QP/one_equality_new/complete_random
precond_pen=0.200,32,16.0,255.26215300393906,0.2,2,0.15426993370056152,7.581710815429688e-05,0.0,11111111111111110000000000000000,++++++++++++++++----------------,0,False,"[[7.6e-05, 255.262153]]",47,classical,,100,/mnt/c/Users/rames102/Desktop/Gurobi_QP/one_equality_new/complete_random
precond_pen=0.400,32,16.0,255.26215300393906,0.4,2,0.14740991592407227,5.0067901611328125e-05,0.0,11111111111111110000000000000000,++++++++++++++++----------------,0,False,"[[5e-05, 255.262153]]",47,classical,,100,/mnt/c/Users/rames102/Desktop/Gurobi_QP/one_equality_new/complete_random
precond_pen=0.600,32,16.0,255.26215300393906,0.6,2,0.14702200889587402,7.796287536621094e-05,0.0,11111111111111110000000000000000,++++++++++++++++----------------,0,False,"[[7.8e-05, 255.262153]]",47,classical,,100,/mnt/c/Users/rames102/Desktop/Gurobi_QP/one_equality_new/complete_random
precond_pen=0.800,32,16.0,255.26215300393906,0.8,2,0.15086698532104492,8.0108642578125e-05,0.0,11111111111111110000000000000000,++++++++++++++++----------------,0,False,"[[8e-05, 255.262153]]",47,classical,,100,/mnt/c/Users/rames102/Desktop/Gurobi_QP/one_equality_new/complete_random
precond_pen=1.000,32,16.0,255.26215300393906,1.0,2,0.1415250301361084,7.510185241699219e-05,0.0,11111111111111110000000000000000,++++++++++++++++----------------,0,False,"[[7.5e-05, 255.262153]]",47,classical,,100,/mnt/c/Users/rames102/Desktop/Gurobi_QP/one_equality_new/complete_random
baseline,32,219.56798265469797,219.56798265469826,,2,127.58059477806091,0.12536001205444336,0.0,11100010110110000011101010101001,+++---+-++-++-----+++-+-+-+-+--+,0,False,"[[7.6e-05, 263.62037058], [0.00941, 256.3472978], [0.010841, 252.67600703], [0.013104, 222.26811528], [0.12536, 219.56798265]]",48,classical,,100,/mnt/c/Users/rames102/Desktop/Gurobi_QP/one_equality_new/complete_random
precond_pen=0.000,32,16.0,263.62037058396385,0.0,2,0.18271303176879883,8.106231689453125e-05,0.0,11111111111111110000000000000000,++++++++++++++++----------------,0,False,"[[8.1e-05, 263.62037058]]",48,classical,,100,/mnt/c/Users/rames102/Desktop/Gurobi_QP/one_equality_new/complete_random
precond_pen=0.200,32,16.0,263.62037058396385,0.2,2,0.14145708084106445,7.200241088867188e-05,0.0,11111111111111110000000000000000,++++++++++++++++----------------,0,False,"[[7.2e-05, 263.62037058]]",48,classical,,100,/mnt/c/Users/rames102/Desktop/Gurobi_QP/one_equality_new/complete_random
precond_pen=0.400,32,16.0,263.62037058396385,0.4,2,0.1427309513092041,7.891654968261719e-05,0.0,11111111111111110000000000000000,++++++++++++++++----------------,0,False,"[[7.9e-05, 263.62037058]]",48,classical,,100,/mnt/c/Users/rames102/Desktop/Gurobi_QP/one_equality_new/complete_random
precond_pen=0.600,32,16.0,263.62037058396385,0.6,2,0.13975095748901367,5.507469177246094e-05,0.0,11111111111111110000000000000000,++++++++++++++++----------------,0,False,"[[5.5e-05, 263.62037058]]",48,classical,,100,/mnt/c/Users/rames102/Desktop/Gurobi_QP/one_equality_new/complete_random
precond_pen=0.800,32,16.0,263.62037058396385,0.8,2,0.14535808563232422,6.008148193359375e-05,0.0,11111111111111110000000000000000,++++++++++++++++----------------,0,False,"[[6e-05, 263.62037058]]",48,classical,,100,/mnt/c/Users/rames102/Desktop/Gurobi_QP/one_equality_new/complete_random
precond_pen=1.000,32,16.0,263.62037058396385,1.0,2,0.15246009826660156,8.0108642578125e-05,0.0,11111111111111110000000000000000,++++++++++++++++----------------,0,False,"[[8e-05, 263.62037058]]",48,classical,,100,/mnt/c/Users/rames102/Desktop/Gurobi_QP/one_equality_new/complete_random
baseline,32,225.2234827168229,225.2234827168229,,2,352.7038297653198,88.65055394172668,0.0,11011101000101110011000000101110,++-+++-+---+-+++--++------+-+++-,0,False,"[[7.9e-05, 256.15840879], [0.010752, 226.86615346], [0.142704, 226.17156015], [88.650554, 225.22348272]]",49,classical,,100,/mnt/c/Users/rames102/Desktop/Gurobi_QP/one_equality_new/complete_random
precond_pen=0.000,32,16.0,256.1584087903428,0.0,2,0.16719484329223633,8.58306884765625e-05,0.0,11111111111111110000000000000000,++++++++++++++++----------------,0,False,"[[8.6e-05, 256.15840879]]",49,classical,,100,/mnt/c/Users/rames102/Desktop/Gurobi_QP/one_equality_new/complete_random
precond_pen=0.200,32,16.0,256.1584087903428,0.2,2,0.1688089370727539,6.103515625e-05,0.0,11111111111111110000000000000000,++++++++++++++++----------------,0,False,"[[6.1e-05, 256.15840879]]",49,classical,,100,/mnt/c/Users/rames102/Desktop/Gurobi_QP/one_equality_new/complete_random
precond_pen=0.400,32,16.0,256.1584087903428,0.4,2,0.14479899406433105,7.414817810058594e-05,0.0,11111111111111110000000000000000,++++++++++++++++----------------,0,False,"[[7.4e-05, 256.15840879]]",49,classical,,100,/mnt/c/Users/rames102/Desktop/Gurobi_QP/one_equality_new/complete_random
precond_pen=0.600,32,16.0,256.1584087903428,0.6,2,0.12933993339538574,4.506111145019531e-05,0.0,11111111111111110000000000000000,++++++++++++++++----------------,0,False,"[[4.5e-05, 256.15840879]]",49,classical,,100,/mnt/c/Users/rames102/Desktop/Gurobi_QP/one_equality_new/complete_random
precond_pen=0.800,32,16.0,256.1584087903428,0.8,2,0.138869047164917,7.796287536621094e-05,0.0,11111111111111110000000000000000,++++++++++++++++----------------,0,False,"[[7.8e-05, 256.15840879]]",49,classical,,100,/mnt/c/Users/rames102/Desktop/Gurobi_QP/one_equality_new/complete_random
precond_pen=1.000,32,16.0,256.1584087903428,1.0,2,0.13811397552490234,8.106231689453125e-05,0.0,11111111111111110000000000000000,++++++++++++++++----------------,0,False,"[[8.1e-05, 256.15840879]]",49,classical,,100,/mnt/c/Users/rames102/Desktop/Gurobi_QP/one_equality_new/complete_random
