name,n,objective_model,objective_baseline,penalty,mip_status,runtime_sec,time_to_best_sec,mip_gap,x_bits,z_bits,sum_z,presolve,trajectory,seed,preconditioner_family,layers,sweeps,data_root
baseline,32,239.69424566937104,239.69424566937104,,2,385.97076296806335,80.63353109359741,0.0,01011100111000100101111110001000,-+-+++--+++---+--+-++++++---+---,0,False,"[[0.000172, 274.21960198], [0.028304, 271.60958523], [0.030017, 271.59475237], [0.032778, 243.78373506], [0.197848, 241.81990558], [9.050688, 240.97907551], [15.051401, 240.83146291], [70.13308, 240.63633596], [77.140519, 240.15122819], [80.633531, 239.69424567]]",0,classical,,10,/mnt/c/Users/rames102/Desktop/Gurobi_QP/one_equality_new/complete_random
precond_pen=0.000,32,15.992000000000985,274.21960197855714,0.0,2,0.19793987274169922,5.507469177246094e-05,0.0,11111111111111110000000000000000,++++++++++++++++----------------,0,False,"[[5.5e-05, 274.21960198]]",0,classical,,10,/mnt/c/Users/rames102/Desktop/Gurobi_QP/one_equality_new/complete_random
precond_pen=0.200,32,15.992000000000928,274.21960197855714,0.2,2,0.1686720848083496,5.1975250244140625e-05,0.0,11111111111111110000000000000000,++++++++++++++++----------------,0,False,"[[5.2e-05, 274.21960198]]",0,classical,,10,/mnt/c/Users/rames102/Desktop/Gurobi_QP/one_equality_new/complete_random
precond_pen=0.400,32,16.0,274.21960197855714,0.4,2,0.20691704750061035,5.0067901611328125e-05,0.0,11111111111111110000000000000000,++++++++++++++++----------------,0,False,"[[5e-05, 274.21960198]]",0,classical,,10,/mnt/c/Users/rames102/Desktop/Gurobi_QP/one_equality_new/complete_random
precond_pen=0.600,32,15.998000000000275,274.21960197855714,0.6,2,0.17540407180786133,4.9114227294921875e-05,0.0,11111111111111110000000000000000,++++++++++++++++----------------,0,False,"[[4.9e-05, 274.21960198]]",0,classical,,10,/mnt/c/Users/rames102/Desktop/Gurobi_QP/one_equality_new/complete_random
precond_pen=0.800,32,15.988000000000682,274.21960197855714,0.8,2,0.19509005546569824,6.4849853515625e-05,0.0,11111111111111110000000000000000,++++++++++++++++----------------,0,False,"[[6.5e-05, 274.21960198]]",0,classical,,10,/mnt/c/Users/rames102/Desktop/Gurobi_QP/one_equality_new/complete_random
precond_pen=1.000,32,15.998000000000275,274.21960197855714,1.0,2,0.1714320182800293,4.792213439941406e-05,0.0,11111111111111110000000000000000,++++++++++++++++----------------,0,False,"[[4.8e-05, 274.21960198]]",0,classical,,10,/mnt/c/Users/rames102/Desktop/Gurobi_QP/one_equality_new/complete_random
baseline,32,215.2195711898321,215.21957118983227,,2,211.54179215431213,0.010545015335083008,0.0,01110010011111110001011000001100,-+++--+--+++++++---+-++-----++--,0,False,"[[7.4e-05, 246.70341481], [0.010545, 215.21957119]]",1,classical,,10,/mnt/c/Users/rames102/Desktop/Gurobi_QP/one_equality_new/complete_random
precond_pen=0.000,32,15.99400000000071,246.70341481327208,0.0,2,0.20260214805603027,6.508827209472656e-05,0.0,11111111111111110000000000000000,++++++++++++++++----------------,0,False,"[[6.5e-05, 246.70341481]]",1,classical,,10,/mnt/c/Users/rames102/Desktop/Gurobi_QP/one_equality_new/complete_random
precond_pen=0.200,32,15.990000000000862,246.70341481327208,0.2,2,0.2179088592529297,9.083747863769531e-05,0.0,11111111111111110000000000000000,++++++++++++++++----------------,0,False,"[[9.1e-05, 246.70341481]]",1,classical,,10,/mnt/c/Users/rames102/Desktop/Gurobi_QP/one_equality_new/complete_random
precond_pen=0.400,32,15.99600000000055,246.70341481327208,0.4,2,0.20029091835021973,5.698204040527344e-05,0.0,11111111111111110000000000000000,++++++++++++++++----------------,0,False,"[[5.7e-05, 246.70341481]]",1,classical,,10,/mnt/c/Users/rames102/Desktop/Gurobi_QP/one_equality_new/complete_random
precond_pen=0.600,32,15.994000000000767,246.70341481327208,0.6,2,0.18474793434143066,5.412101745605469e-05,0.0,11111111111111110000000000000000,++++++++++++++++----------------,0,False,"[[5.4e-05, 246.70341481]]",1,classical,,10,/mnt/c/Users/rames102/Desktop/Gurobi_QP/one_equality_new/complete_random
precond_pen=0.800,32,15.990000000001373,246.70341481327208,0.8,2,0.1704251766204834,8.702278137207031e-05,0.0,11111111111111110000000000000000,++++++++++++++++----------------,0,False,"[[8.7e-05, 246.70341481]]",1,classical,,10,/mnt/c/Users/rames102/Desktop/Gurobi_QP/one_equality_new/complete_random
precond_pen=1.000,32,15.988000000001193,246.70341481327208,1.0,2,0.15645194053649902,6.604194641113281e-05,0.0,11111111111111110000000000000000,++++++++++++++++----------------,0,False,"[[6.6e-05, 246.70341481]]",1,classical,,10,/mnt/c/Users/rames102/Desktop/Gurobi_QP/one_equality_new/complete_random
baseline,32,220.5764846179209,220.5764846179211,,2,262.2635929584503,223.0993320941925,0.0,11010100100101010010100110111010,++-+-+--+--+-+-+--+-+--++-+++-+-,0,False,"[[8.2e-05, 248.30668298], [0.008757, 244.58804337], [0.009873, 242.77635176], [0.011122, 221.5676483], [0.138485, 220.81580586], [223.099332, 220.57648462]]",2,classical,,10,/mnt/c/Users/rames102/Desktop/Gurobi_QP/one_equality_new/complete_random
precond_pen=0.000,32,15.994000000000824,248.30668298166694,0.0,2,0.18479299545288086,9.012222290039062e-05,7.981748589844521e-10,11111111111111110000000000000000,++++++++++++++++----------------,0,False,"[[9e-05, 248.30668298]]",2,classical,,10,/mnt/c/Users/rames102/Desktop/Gurobi_QP/one_equality_new/complete_random
precond_pen=0.200,32,15.994000000000824,248.30668298166694,0.2,2,0.15215015411376953,6.4849853515625e-05,0.0,11111111111111110000000000000000,++++++++++++++++----------------,0,False,"[[6.5e-05, 248.30668298]]",2,classical,,10,/mnt/c/Users/rames102/Desktop/Gurobi_QP/one_equality_new/complete_random
precond_pen=0.400,32,15.994000000000767,248.30668298166694,0.4,2,0.17067408561706543,7.295608520507812e-05,0.0,11111111111111110000000000000000,++++++++++++++++----------------,0,False,"[[7.3e-05, 248.30668298]]",2,classical,,10,/mnt/c/Users/rames102/Desktop/Gurobi_QP/one_equality_new/complete_random
precond_pen=0.600,32,15.990000000001487,248.30668298166694,0.6,2,0.17222809791564941,4.9114227294921875e-05,0.0,11111111111111110000000000000000,++++++++++++++++----------------,0,False,"[[4.9e-05, 248.30668298]]",2,classical,,10,/mnt/c/Users/rames102/Desktop/Gurobi_QP/one_equality_new/complete_random
precond_pen=0.800,32,15.998000000000218,248.30668298166694,0.8,2,0.16379308700561523,7.796287536621094e-05,0.0,11111111111111110000000000000000,++++++++++++++++----------------,0,False,"[[7.8e-05, 248.30668298]]",2,classical,,10,/mnt/c/Users/rames102/Desktop/Gurobi_QP/one_equality_new/complete_random
precond_pen=1.000,32,15.99000000000126,248.30668298166694,1.0,2,0.1432781219482422,6.4849853515625e-05,0.0,11111111111111110000000000000000,++++++++++++++++----------------,0,False,"[[6.5e-05, 248.30668298]]",2,classical,,10,/mnt/c/Users/rames102/Desktop/Gurobi_QP/one_equality_new/complete_random
baseline,32,219.25095850815893,219.25095850815893,,2,227.94160795211792,0.015891075134277344,0.0,11111010010001100001011000111010,+++++-+--+---++----+-++---+++-+-,0,False,"[[8.9e-05, 255.7771439], [0.008659, 248.90013296], [0.012203, 247.66784708], [0.015891, 219.25095851]]",3,classical,,10,/mnt/c/Users/rames102/Desktop/Gurobi_QP/one_equality_new/complete_random
precond_pen=0.000,32,15.992000000000814,255.77714390279343,0.0,2,0.18197989463806152,5.698204040527344e-05,2.8607964754833913e-10,11111111111111110000000000000000,++++++++++++++++----------------,0,False,"[[5.7e-05, 255.7771439]]",3,classical,,10,/mnt/c/Users/rames102/Desktop/Gurobi_QP/one_equality_new/complete_random
precond_pen=0.200,32,15.990000000001373,255.77714390279343,0.2,2,0.16334009170532227,5.1021575927734375e-05,0.0,11111111111111110000000000000000,++++++++++++++++----------------,0,False,"[[5.1e-05, 255.7771439]]",3,classical,,10,/mnt/c/Users/rames102/Desktop/Gurobi_QP/one_equality_new/complete_random
precond_pen=0.400,32,15.992000000001212,255.77714390279343,0.4,2,0.16024398803710938,6.103515625e-05,0.0,11111111111111110000000000000000,++++++++++++++++----------------,0,False,"[[6.1e-05, 255.7771439]]",3,classical,,10,/mnt/c/Users/rames102/Desktop/Gurobi_QP/one_equality_new/complete_random
precond_pen=0.600,32,15.994000000000767,255.77714390279343,0.6,2,0.1511240005493164,5.1975250244140625e-05,0.0,11111111111111110000000000000000,++++++++++++++++----------------,0,False,"[[5.2e-05, 255.7771439]]",3,classical,,10,/mnt/c/Users/rames102/Desktop/Gurobi_QP/one_equality_new/complete_random
precond_pen=0.800,32,15.992000000000928,255.77714390279343,0.8,2,0.181257963180542,5.1975250244140625e-05,0.0,11111111111111110000000000000000,++++++++++++++++----------------,0,False,"[[5.2e-05, 255.7771439]]",3,classical,,10,/mnt/c/Users/rames102/Desktop/Gurobi_QP/one_equality_new/complete_random
precond_pen=1.000,32,15.990000000001373,255.77714390279343,1.0,2,0.1624150276184082,5.91278076171875e-05,0.0,11111111111111110000000000000000,++++++++++++++++----------------,0,False,"[[5.9e-05, 255.7771439]]",3,classical,,10,/mnt/c/Users/rames102/Desktop/Gurobi_QP/one_equality_new/complete_random
baseline,32,241.73345299268695,241.73345299268692,,2,316.48319697380066,0.14223504066467285,0.0,11010111110001100010100101001010,++-+-+++++---++---+-+--+-+--+-+-,0,False,"[[4.9e-05, 271.54479011], [0.013921, 242.36154528], [0.142235, 241.73345299]]",4,classical,,10,/mnt/c/Users/rames102/Desktop/Gurobi_QP/one_equality_new/complete_random
precond_pen=0.000,32,15.996000000000492,271.54479011295075,0.0,2,0.20178484916687012,5.793571472167969e-05,0.0,11111111111111110000000000000000,++++++++++++++++----------------,0,False,"[[5.8e-05, 271.54479011]]",4,classical,,10,/mnt/c/Users/rames102/Desktop/Gurobi_QP/one_equality_new/complete_random
precond_pen=0.200,32,16.0,271.54479011295075,0.2,2,0.16512703895568848,8.296966552734375e-05,0.0,11111111111111110000000000000000,++++++++++++++++----------------,0,False,"[[8.3e-05, 271.54479011]]",4,classical,,10,/mnt/c/Users/rames102/Desktop/Gurobi_QP/one_equality_new/complete_random
precond_pen=0.400,32,15.996000000000492,271.54479011295075,0.4,2,0.16676783561706543,6.4849853515625e-05,0.0,11111111111111110000000000000000,++++++++++++++++----------------,0,False,"[[6.5e-05, 271.54479011]]",4,classical,,10,/mnt/c/Users/rames102/Desktop/Gurobi_QP/one_equality_new/complete_random
precond_pen=0.600,32,15.994000000000938,271.54479011295075,0.6,2,0.17175698280334473,4.7206878662109375e-05,0.0,11111111111111110000000000000000,++++++++++++++++----------------,0,False,"[[4.7e-05, 271.54479011]]",4,classical,,10,/mnt/c/Users/rames102/Desktop/Gurobi_QP/one_equality_new/complete_random
precond_pen=0.800,32,15.996000000000606,271.54479011295075,0.8,2,0.15852999687194824,7.319450378417969e-05,0.0,11111111111111110000000000000000,++++++++++++++++----------------,0,False,"[[7.3e-05, 271.54479011]]",4,classical,,10,/mnt/c/Users/rames102/Desktop/Gurobi_QP/one_equality_new/complete_random
precond_pen=1.000,32,15.99000000000143,271.54479011295075,1.0,2,0.16683411598205566,4.696846008300781e-05,0.0,11111111111111110000000000000000,++++++++++++++++----------------,0,False,"[[4.7e-05, 271.54479011]]",4,classical,,10,/mnt/c/Users/rames102/Desktop/Gurobi_QP/one_equality_new/complete_random
baseline,32,211.7002990637291,211.7002990637288,,2,282.1426968574524,0.007283926010131836,0.0,01011111100111010000100011000110,-+-++++++--+++-+----+---++---++-,0,False,"[[5.1e-05, 242.66274961], [0.007284, 211.70029906]]",5,classical,,10,/mnt/c/Users/rames102/Desktop/Gurobi_QP/one_equality_new/complete_random
precond_pen=0.000,32,15.99400000000071,242.6627496087387,0.0,2,0.1854391098022461,5.1021575927734375e-05,0.0,11111111111111110000000000000000,++++++++++++++++----------------,0,False,"[[5.1e-05, 242.66274961]]",5,classical,,10,/mnt/c/Users/rames102/Desktop/Gurobi_QP/one_equality_new/complete_random
precond_pen=0.200,32,15.994000000000824,242.6627496087387,0.2,2,0.18279290199279785,6.890296936035156e-05,0.0,11111111111111110000000000000000,++++++++++++++++----------------,0,False,"[[6.9e-05, 242.66274961]]",5,classical,,10,/mnt/c/Users/rames102/Desktop/Gurobi_QP/one_equality_new/complete_random
precond_pen=0.400,32,15.998000000000332,242.6627496087387,0.4,2,0.19510912895202637,7.414817810058594e-05,0.0,11111111111111110000000000000000,++++++++++++++++----------------,0,False,"[[7.4e-05, 242.66274961]]",5,classical,,10,/mnt/c/Users/rames102/Desktop/Gurobi_QP/one_equality_new/complete_random
precond_pen=0.600,32,15.99400000000088,242.6627496087387,0.6,2,0.1673882007598877,0.0002300739288330078,0.0,11111111111111110000000000000000,++++++++++++++++----------------,0,False,"[[0.00023, 242.66274961]]",5,classical,,10,/mnt/c/Users/rames102/Desktop/Gurobi_QP/one_equality_new/complete_random
precond_pen=0.800,32,15.996000000000492,242.6627496087387,0.8,2,0.16504406929016113,0.00011014938354492188,1.164010789897973e-09,11111111111111110000000000000000,++++++++++++++++----------------,0,False,"[[0.00011, 242.66274961]]",5,classical,,10,/mnt/c/Users/rames102/Desktop/Gurobi_QP/one_equality_new/complete_random
precond_pen=1.000,32,15.994000000000767,242.6627496087387,1.0,2,0.16167116165161133,6.198883056640625e-05,0.0,11111111111111110000000000000000,++++++++++++++++----------------,0,False,"[[6.2e-05, 242.66274961]]",5,classical,,10,/mnt/c/Users/rames102/Desktop/Gurobi_QP/one_equality_new/complete_random
baseline,32,231.21886678812805,231.2188667881284,,2,206.03480792045593,0.013058900833129883,0.0,11010110110000011101101001110000,++-+-++-++-----+++-++-+--+++----,0,False,"[[7.5e-05, 254.83002036], [0.009136, 250.40043925], [0.013059, 231.21886679]]",6,classical,,10,/mnt/c/Users/rames102/Desktop/Gurobi_QP/one_equality_new/complete_random
precond_pen=0.000,32,15.994000000000824,254.830020364322,0.0,2,0.204697847366333,5.698204040527344e-05,0.0,11111111111111110000000000000000,++++++++++++++++----------------,0,False,"[[5.7e-05, 254.83002036]]",6,classical,,10,/mnt/c/Users/rames102/Desktop/Gurobi_QP/one_equality_new/complete_random
precond_pen=0.200,32,15.988000000000511,254.830020364322,0.2,2,0.20592379570007324,4.887580871582031e-05,0.0,11111111111111110000000000000000,++++++++++++++++----------------,0,False,"[[4.9e-05, 254.83002036]]",6,classical,,10,/mnt/c/Users/rames102/Desktop/Gurobi_QP/one_equality_new/complete_random
precond_pen=0.400,32,15.97800000000177,254.830020364322,0.4,2,0.22329211235046387,6.008148193359375e-05,0.0,11111111111111110000000000000000,++++++++++++++++----------------,0,False,"[[6e-05, 254.83002036]]",6,classical,,10,/mnt/c/Users/rames102/Desktop/Gurobi_QP/one_equality_new/complete_random
precond_pen=0.600,32,15.988000000001307,254.830020364322,0.6,2,0.248215913772583,8.988380432128906e-05,0.0,11111111111111110000000000000000,++++++++++++++++----------------,0,False,"[[9e-05, 254.83002036]]",6,classical,,10,/mnt/c/Users/rames102/Desktop/Gurobi_QP/one_equality_new/complete_random
precond_pen=0.800,32,15.990000000001373,254.830020364322,0.8,2,0.19729399681091309,5.698204040527344e-05,0.0,11111111111111110000000000000000,++++++++++++++++----------------,0,False,"[[5.7e-05, 254.83002036]]",6,classical,,10,/mnt/c/Users/rames102/Desktop/Gurobi_QP/one_equality_new/complete_random
precond_pen=1.000,32,15.978000000002453,254.830020364322,1.0,2,0.18654918670654297,6.818771362304688e-05,0.0,11111111111111110000000000000000,++++++++++++++++----------------,0,False,"[[6.8e-05, 254.83002036]]",6,classical,,10,/mnt/c/Users/rames102/Desktop/Gurobi_QP/one_equality_new/complete_random
baseline,32,224.82307815668548,224.82307815668526,,2,260.9459710121155,0.1907060146331787,0.0,10111010110100110110110010001000,+-+++-+-++-+--++-++-++--+---+---,0,False,"[[6.8e-05, 263.45969113], [0.009554, 260.98750884], [0.015345, 225.5205778], [0.190706, 224.82307816]]",7,classical,,10,/mnt/c/Users/rames102/Desktop/Gurobi_QP/one_equality_new/complete_random
precond_pen=0.000,32,15.988000000001648,263.45969112557293,0.0,2,0.18450403213500977,5.698204040527344e-05,0.0,11111111111111110000000000000000,++++++++++++++++----------------,0,False,"[[5.7e-05, 263.45969113]]",7,classical,,10,/mnt/c/Users/rames102/Desktop/Gurobi_QP/one_equality_new/complete_random
precond_pen=0.200,32,15.992000000001156,263.45969112557293,0.2,2,0.17476105690002441,7.510185241699219e-05,0.0,11111111111111110000000000000000,++++++++++++++++----------------,0,False,"[[7.5e-05, 263.45969113]]",7,classical,,10,/mnt/c/Users/rames102/Desktop/Gurobi_QP/one_equality_new/complete_random
precond_pen=0.400,32,15.99000000000126,263.45969112557293,0.4,2,0.15109896659851074,7.891654968261719e-05,0.0,11111111111111110000000000000000,++++++++++++++++----------------,0,False,"[[7.9e-05, 263.45969113]]",7,classical,,10,/mnt/c/Users/rames102/Desktop/Gurobi_QP/one_equality_new/complete_random
precond_pen=0.600,32,15.986000000001525,263.45969112557293,0.6,2,0.14158391952514648,0.00013184547424316406,0.0,11111111111111110000000000000000,++++++++++++++++----------------,0,False,"[[0.000132, 263.45969113]]",7,classical,,10,/mnt/c/Users/rames102/Desktop/Gurobi_QP/one_equality_new/complete_random
precond_pen=0.800,32,15.984000000001629,263.45969112557293,0.8,2,0.1708240509033203,7.104873657226562e-05,0.0,11111111111111110000000000000000,++++++++++++++++----------------,0,False,"[[7.1e-05, 263.45969113]]",7,classical,,10,/mnt/c/Users/rames102/Desktop/Gurobi_QP/one_equality_new/complete_random
precond_pen=1.000,32,15.996000000000492,263.45969112557293,1.0,2,0.1738290786743164,4.8160552978515625e-05,0.0,11111111111111110000000000000000,++++++++++++++++----------------,0,False,"[[4.8e-05, 263.45969113]]",7,classical,,10,/mnt/c/Users/rames102/Desktop/Gurobi_QP/one_equality_new/complete_random
baseline,32,220.99348814032518,220.9934881403253,,2,281.10305285453796,233.49028182029724,0.0,10011101110000011001110000011110,+--+++-+++-----++--+++-----++++-,0,False,"[[6.5e-05, 254.45192145], [0.008337, 250.68451746], [0.00898, 226.70826905], [0.147665, 222.29155167], [1.486908, 221.67718119], [1.576239, 221.66160232], [233.490282, 220.99348814]]",8,classical,,10,/mnt/c/Users/rames102/Desktop/Gurobi_QP/one_equality_new/complete_random
precond_pen=0.000,32,15.990000000000862,254.45192144835093,0.0,2,0.1753220558166504,0.00011396408081054688,0.0,11111111111111110000000000000000,++++++++++++++++----------------,0,False,"[[0.000114, 254.45192145]]",8,classical,,10,/mnt/c/Users/rames102/Desktop/Gurobi_QP/one_equality_new/complete_random
precond_pen=0.200,32,15.984000000001231,254.45192144835093,0.2,2,0.19195985794067383,5.2928924560546875e-05,0.0,11111111111111110000000000000000,++++++++++++++++----------------,0,False,"[[5.3e-05, 254.45192145]]",8,classical,,10,/mnt/c/Users/rames102/Desktop/Gurobi_QP/one_equality_new/complete_random
precond_pen=0.400,32,15.990000000000862,254.45192144835093,0.4,2,0.15913796424865723,5.3882598876953125e-05,0.0,11111111111111110000000000000000,++++++++++++++++----------------,0,False,"[[5.4e-05, 254.45192145]]",8,classical,,10,/mnt/c/Users/rames102/Desktop/Gurobi_QP/one_equality_new/complete_random
precond_pen=0.600,32,15.990000000001032,254.45192144835093,0.6,2,0.18335199356079102,4.601478576660156e-05,0.0,11111111111111110000000000000000,++++++++++++++++----------------,0,False,"[[4.6e-05, 254.45192145]]",8,classical,,10,/mnt/c/Users/rames102/Desktop/Gurobi_QP/one_equality_new/complete_random
precond_pen=0.800,32,15.988000000001307,254.45192144835093,0.8,2,0.1841108798980713,4.696846008300781e-05,0.0,11111111111111110000000000000000,++++++++++++++++----------------,0,False,"[[4.7e-05, 254.45192145]]",8,classical,,10,/mnt/c/Users/rames102/Desktop/Gurobi_QP/one_equality_new/complete_random
precond_pen=1.000,32,15.992000000001042,254.45192144835093,1.0,2,0.1642909049987793,5.1975250244140625e-05,0.0,11111111111111110000000000000000,++++++++++++++++----------------,0,False,"[[5.2e-05, 254.45192145]]",8,classical,,10,/mnt/c/Users/rames102/Desktop/Gurobi_QP/one_equality_new/complete_random
baseline,32,226.2383316673758,226.23833166737592,,2,244.09561395645142,60.18099498748779,0.0,11100100100001111110001111100000,+++--+--+----++++++---+++++-----,0,False,"[[6e-05, 265.75810913], [0.010359, 261.47080065], [0.011259, 259.1331417], [0.012562, 228.31279104], [13.511015, 228.03564829], [24.932871, 228.02868567], [55.355777, 227.47501963], [60.180995, 226.23833167]]",9,classical,,10,/mnt/c/Users/rames102/Desktop/Gurobi_QP/one_equality_new/complete_random
precond_pen=0.000,32,15.988000000001648,265.7581091283435,0.0,2,0.1761789321899414,5.602836608886719e-05,0.0,11111111111111110000000000000000,++++++++++++++++----------------,0,False,"[[5.6e-05, 265.75810913]]",9,classical,,10,/mnt/c/Users/rames102/Desktop/Gurobi_QP/one_equality_new/complete_random
precond_pen=0.200,32,15.98800000000142,265.7581091283435,0.2,2,0.1670241355895996,5.0067901611328125e-05,0.0,11111111111111110000000000000000,++++++++++++++++----------------,0,False,"[[5e-05, 265.75810913]]",9,classical,,10,/mnt/c/Users/rames102/Desktop/Gurobi_QP/one_equality_new/complete_random
precond_pen=0.400,32,15.992000000001156,265.7581091283435,0.4,2,0.16513419151306152,6.318092346191406e-05,0.0,11111111111111110000000000000000,++++++++++++++++----------------,0,False,"[[6.3e-05, 265.75810913]]",9,classical,,10,/mnt/c/Users/rames102/Desktop/Gurobi_QP/one_equality_new/complete_random
precond_pen=0.600,32,15.992000000001383,265.7581091283435,0.6,2,0.18615293502807617,4.887580871582031e-05,0.0,11111111111111110000000000000000,++++++++++++++++----------------,0,False,"[[4.9e-05, 265.75810913]]",9,classical,,10,/mnt/c/Users/rames102/Desktop/Gurobi_QP/one_equality_new/complete_random
precond_pen=0.800,32,15.984000000000947,265.7581091283435,0.8,2,0.17652678489685059,8.296966552734375e-05,0.0,11111111111111110000000000000000,++++++++++++++++----------------,0,False,"[[8.3e-05, 265.75810913]]",9,classical,,10,/mnt/c/Users/rames102/Desktop/Gurobi_QP/one_equality_new/complete_random
precond_pen=1.000,32,15.992000000001042,265.7581091283435,1.0,2,0.16861200332641602,5.1975250244140625e-05,0.0,11111111111111110000000000000000,++++++++++++++++----------------,0,False,"[[5.2e-05, 265.75810913]]",9,classical,,10,/mnt/c/Users/rames102/Desktop/Gurobi_QP/one_equality_new/complete_random
baseline,32,224.05006510244516,224.0500651024449,,2,241.44818592071533,70.30580496788025,0.0,01111110011000000101011100100110,-++++++--++------+-+-+++--+--++-,0,False,"[[8.5e-05, 259.90363886], [0.011192, 257.72645845], [0.011926, 257.06319704], [0.013677, 256.8804318], [0.016622, 226.98695733], [7.703556, 225.82694802], [7.92384, 225.81140353], [31.613563, 225.64511009], [70.305805, 224.0500651]]",10,classical,,10,/mnt/c/Users/rames102/Desktop/Gurobi_QP/one_equality_new/complete_random
precond_pen=0.000,32,15.990000000001487,259.9036388566649,0.0,2,0.20325088500976562,8.082389831542969e-05,0.0,11111111111111110000000000000000,++++++++++++++++----------------,0,False,"[[8.1e-05, 259.90363886]]",10,classical,,10,/mnt/c/Users/rames102/Desktop/Gurobi_QP/one_equality_new/complete_random
precond_pen=0.200,32,15.998000000000275,259.9036388566649,0.2,2,0.17513799667358398,0.00013017654418945312,0.0,11111111111111110000000000000000,++++++++++++++++----------------,0,False,"[[0.00013, 259.90363886]]",10,classical,,10,/mnt/c/Users/rames102/Desktop/Gurobi_QP/one_equality_new/complete_random
precond_pen=0.400,32,15.994000000001165,259.9036388566649,0.4,2,0.19117188453674316,5.888938903808594e-05,0.0,11111111111111110000000000000000,++++++++++++++++----------------,0,False,"[[5.9e-05, 259.90363886]]",10,classical,,10,/mnt/c/Users/rames102/Desktop/Gurobi_QP/one_equality_new/complete_random
precond_pen=0.600,32,15.992000000001326,259.9036388566649,0.6,2,0.19035005569458008,6.890296936035156e-05,0.0,11111111111111110000000000000000,++++++++++++++++----------------,0,False,"[[6.9e-05, 259.90363886]]",10,classical,,10,/mnt/c/Users/rames102/Desktop/Gurobi_QP/one_equality_new/complete_random
precond_pen=0.800,32,15.992000000001212,259.9036388566649,0.8,2,0.174788236618042,4.7206878662109375e-05,0.0,11111111111111110000000000000000,++++++++++++++++----------------,0,False,"[[4.7e-05, 259.90363886]]",10,classical,,10,/mnt/c/Users/rames102/Desktop/Gurobi_QP/one_equality_new/complete_random
precond_pen=1.000,32,16.0,259.9036388566649,1.0,2,0.1708850860595703,5.1975250244140625e-05,0.0,11111111111111110000000000000000,++++++++++++++++----------------,0,False,"[[5.2e-05, 259.90363886]]",10,classical,,10,/mnt/c/Users/rames102/Desktop/Gurobi_QP/one_equality_new/complete_random
baseline,32,212.05453963505803,212.05453963505803,,2,236.35997581481934,2.928452968597412,0.0,01001101000001111100010101101110,-+--++-+-----+++++---+-+-++-+++-,0,False,"[[8.4e-05, 241.63780159], [0.009061, 236.89781882], [0.010916, 213.86177457], [2.071369, 213.42251655], [2.928453, 212.05453964]]",11,classical,,10,/mnt/c/Users/rames102/Desktop/Gurobi_QP/one_equality_new/complete_random
precond_pen=0.000,32,15.986000000001582,241.6378015925037,0.0,2,0.22547602653503418,8.0108642578125e-05,0.0,11111111111111110000000000000000,++++++++++++++++----------------,0,False,"[[8e-05, 241.63780159]]",11,classical,,10,/mnt/c/Users/rames102/Desktop/Gurobi_QP/one_equality_new/complete_random
precond_pen=0.200,32,15.986000000001525,241.6378015925037,0.2,2,0.16727209091186523,7.605552673339844e-05,0.0,11111111111111110000000000000000,++++++++++++++++----------------,0,False,"[[7.6e-05, 241.63780159]]",11,classical,,10,/mnt/c/Users/rames102/Desktop/Gurobi_QP/one_equality_new/complete_random
precond_pen=0.400,32,15.994000000000938,241.6378015925037,0.4,2,0.16225981712341309,8.58306884765625e-05,0.0,11111111111111110000000000000000,++++++++++++++++----------------,0,False,"[[8.6e-05, 241.63780159]]",11,classical,,10,/mnt/c/Users/rames102/Desktop/Gurobi_QP/one_equality_new/complete_random
precond_pen=0.600,32,16.0,241.6378015925037,0.6,2,0.16325592994689941,6.389617919921875e-05,0.0,11111111111111110000000000000000,++++++++++++++++----------------,0,False,"[[6.4e-05, 241.63780159]]",11,classical,,10,/mnt/c/Users/rames102/Desktop/Gurobi_QP/one_equality_new/complete_random
precond_pen=0.800,32,15.992000000000814,241.6378015925037,0.8,2,0.18889117240905762,7.700920104980469e-05,0.0,11111111111111110000000000000000,++++++++++++++++----------------,0,False,"[[7.7e-05, 241.63780159]]",11,classical,,10,/mnt/c/Users/rames102/Desktop/Gurobi_QP/one_equality_new/complete_random
precond_pen=1.000,32,15.99000000000109,241.6378015925037,1.0,2,0.16995692253112793,8.392333984375e-05,0.0,11111111111111110000000000000000,++++++++++++++++----------------,0,False,"[[8.4e-05, 241.63780159]]",11,classical,,10,/mnt/c/Users/rames102/Desktop/Gurobi_QP/one_equality_new/complete_random
baseline,32,223.31585055531224,223.3158505553118,,2,405.4239799976349,147.78456902503967,0.0,11101010111000011011110000001001,+++-+-+-+++----++-++++------+--+,0,False,"[[9.8e-05, 264.35621978], [0.006642, 223.36580454], [147.784569, 223.31585056]]",12,classical,,10,/mnt/c/Users/rames102/Desktop/Gurobi_QP/one_equality_new/complete_random
precond_pen=0.000,32,15.986000000001809,264.35621978397353,0.0,2,0.20776796340942383,6.604194641113281e-05,0.0,11111111111111110000000000000000,++++++++++++++++----------------,0,False,"[[6.6e-05, 264.35621978]]",12,classical,,10,/mnt/c/Users/rames102/Desktop/Gurobi_QP/one_equality_new/complete_random
precond_pen=0.200,32,15.994000000000824,264.35621978397353,0.2,2,0.17390704154968262,7.200241088867188e-05,0.0,11111111111111110000000000000000,++++++++++++++++----------------,0,False,"[[7.2e-05, 264.35621978]]",12,classical,,10,/mnt/c/Users/rames102/Desktop/Gurobi_QP/one_equality_new/complete_random
precond_pen=0.400,32,15.994000000000767,264.35621978397353,0.4,2,0.16474008560180664,8.106231689453125e-05,0.0,11111111111111110000000000000000,++++++++++++++++----------------,0,False,"[[8.1e-05, 264.35621978]]",12,classical,,10,/mnt/c/Users/rames102/Desktop/Gurobi_QP/one_equality_new/complete_random
precond_pen=0.600,32,15.988000000001534,264.35621978397353,0.6,2,0.15079808235168457,5.316734313964844e-05,0.0,11111111111111110000000000000000,++++++++++++++++----------------,0,False,"[[5.3e-05, 264.35621978]]",12,classical,,10,/mnt/c/Users/rames102/Desktop/Gurobi_QP/one_equality_new/complete_random
precond_pen=0.800,32,15.990000000001373,264.35621978397353,0.8,2,0.1596839427947998,7.486343383789062e-05,0.0,11111111111111110000000000000000,++++++++++++++++----------------,0,False,"[[7.5e-05, 264.35621978]]",12,classical,,10,/mnt/c/Users/rames102/Desktop/Gurobi_QP/one_equality_new/complete_random
precond_pen=1.000,32,15.982000000001506,264.35621978397353,1.0,2,0.1780250072479248,7.104873657226562e-05,0.0,11111111111111110000000000000000,++++++++++++++++----------------,0,False,"[[7.1e-05, 264.35621978]]",12,classical,,10,/mnt/c/Users/rames102/Desktop/Gurobi_QP/one_equality_new/complete_random
baseline,32,222.111801945396,222.11180194539585,,2,311.8899998664856,0.009085893630981445,0.0,11111011001000010000110111001100,+++++-++--+----+----++-+++--++--,0,False,"[[4.9e-05, 254.25714235], [0.006644, 252.95416125], [0.009086, 222.11180195]]",13,classical,,10,/mnt/c/Users/rames102/Desktop/Gurobi_QP/one_equality_new/complete_random
precond_pen=0.000,32,15.996000000000777,254.2571423480706,0.0,2,0.19869279861450195,6.079673767089844e-05,0.0,11111111111111110000000000000000,++++++++++++++++----------------,0,False,"[[6.1e-05, 254.25714235]]",13,classical,,10,/mnt/c/Users/rames102/Desktop/Gurobi_QP/one_equality_new/complete_random
precond_pen=0.200,32,15.998000000000275,254.2571423480706,0.2,2,0.17743587493896484,5.1021575927734375e-05,0.0,11111111111111110000000000000000,++++++++++++++++----------------,0,False,"[[5.1e-05, 254.25714235]]",13,classical,,10,/mnt/c/Users/rames102/Desktop/Gurobi_QP/one_equality_new/complete_random
precond_pen=0.400,32,15.998000000000218,254.2571423480706,0.4,2,0.1784050464630127,5.1021575927734375e-05,0.0,11111111111111110000000000000000,++++++++++++++++----------------,0,False,"[[5.1e-05, 254.25714235]]",13,classical,,10,/mnt/c/Users/rames102/Desktop/Gurobi_QP/one_equality_new/complete_random
precond_pen=0.600,32,15.992000000001099,254.2571423480706,0.6,2,0.1793050765991211,4.887580871582031e-05,0.0,11111111111111110000000000000000,++++++++++++++++----------------,0,False,"[[4.9e-05, 254.25714235]]",13,classical,,10,/mnt/c/Users/rames102/Desktop/Gurobi_QP/one_equality_new/complete_random
precond_pen=0.800,32,15.996000000000492,254.2571423480706,0.8,2,0.1595478057861328,4.792213439941406e-05,0.0,11111111111111110000000000000000,++++++++++++++++----------------,0,False,"[[4.8e-05, 254.25714235]]",13,classical,,10,/mnt/c/Users/rames102/Desktop/Gurobi_QP/one_equality_new/complete_random
precond_pen=1.000,32,15.996000000000379,254.2571423480706,1.0,2,0.1542668342590332,4.792213439941406e-05,0.0,11111111111111110000000000000000,++++++++++++++++----------------,0,False,"[[4.8e-05, 254.25714235]]",13,classical,,10,/mnt/c/Users/rames102/Desktop/Gurobi_QP/one_equality_new/complete_random
baseline,32,219.23387587756704,219.23387587756724,,2,353.6762719154358,0.1536259651184082,0.0,10010011100100100110011110011001,+--+--+++--+--+--++--++++--++--+,0,False,"[[7.8e-05, 256.08676628], [0.007749, 254.21350304], [0.008587, 253.70340106], [0.009728, 227.19248989], [0.153626, 219.23387588]]",14,classical,,10,/mnt/c/Users/rames102/Desktop/Gurobi_QP/one_equality_new/complete_random
precond_pen=0.000,32,15.994000000000824,256.08676627785496,0.0,2,0.1880660057067871,7.104873657226562e-05,0.0,11111111111111110000000000000000,++++++++++++++++----------------,0,False,"[[7.1e-05, 256.08676628]]",14,classical,,10,/mnt/c/Users/rames102/Desktop/Gurobi_QP/one_equality_new/complete_random
precond_pen=0.200,32,15.99400000000088,256.08676627785496,0.2,2,0.19413089752197266,5.0067901611328125e-05,0.0,11111111111111110000000000000000,++++++++++++++++----------------,0,False,"[[5e-05, 256.08676628]]",14,classical,,10,/mnt/c/Users/rames102/Desktop/Gurobi_QP/one_equality_new/complete_random
precond_pen=0.400,32,15.990000000001373,256.08676627785496,0.4,2,0.1791248321533203,4.982948303222656e-05,0.0,11111111111111110000000000000000,++++++++++++++++----------------,0,False,"[[5e-05, 256.08676628]]",14,classical,,10,/mnt/c/Users/rames102/Desktop/Gurobi_QP/one_equality_new/complete_random
precond_pen=0.600,32,15.994000000001108,256.08676627785496,0.6,2,0.18666696548461914,4.601478576660156e-05,0.0,11111111111111110000000000000000,++++++++++++++++----------------,0,False,"[[4.6e-05, 256.08676628]]",14,classical,,10,/mnt/c/Users/rames102/Desktop/Gurobi_QP/one_equality_new/complete_random
precond_pen=0.800,32,15.978000000002055,256.08676627785496,0.8,2,0.18127703666687012,6.103515625e-05,0.0,11111111111111110000000000000000,++++++++++++++++----------------,0,False,"[[6.1e-05, 256.08676628]]",14,classical,,10,/mnt/c/Users/rames102/Desktop/Gurobi_QP/one_equality_new/complete_random
precond_pen=1.000,32,15.992000000001383,256.08676627785496,1.0,2,0.1861121654510498,5.1975250244140625e-05,0.0,11111111111111110000000000000000,++++++++++++++++----------------,0,False,"[[5.2e-05, 256.08676628]]",14,classical,,10,/mnt/c/Users/rames102/Desktop/Gurobi_QP/one_equality_new/complete_random
baseline,32,230.2741586051479,230.27415860514785,,2,220.39605379104614,0.008550882339477539,0.0,00011111101010111010010011000100,---++++++-+-+-+++-+--+--++---+--,0,False,"[[5.6e-05, 260.81382293], [0.008551, 230.27415861]]",15,classical,,10,/mnt/c/Users/rames102/Desktop/Gurobi_QP/one_equality_new/complete_random
precond_pen=0.000,32,15.992000000001156,260.81382293340994,0.0,2,0.19082188606262207,8.893013000488281e-05,0.0,11111111111111110000000000000000,++++++++++++++++----------------,0,False,"[[8.9e-05, 260.81382293]]",15,classical,,10,/mnt/c/Users/rames102/Desktop/Gurobi_QP/one_equality_new/complete_random
precond_pen=0.200,32,15.990000000001203,260.81382293340994,0.2,2,0.1682758331298828,8.296966552734375e-05,0.0,11111111111111110000000000000000,++++++++++++++++----------------,0,False,"[[8.3e-05, 260.81382293]]",15,classical,,10,/mnt/c/Users/rames102/Desktop/Gurobi_QP/one_equality_new/complete_random
precond_pen=0.400,32,15.986000000001297,260.81382293340994,0.4,2,0.17336392402648926,4.792213439941406e-05,0.0,11111111111111110000000000000000,++++++++++++++++----------------,0,False,"[[4.8e-05, 260.81382293]]",15,classical,,10,/mnt/c/Users/rames102/Desktop/Gurobi_QP/one_equality_new/complete_random
precond_pen=0.600,32,15.98800000000108,260.81382293340994,0.6,2,0.160081148147583,5.602836608886719e-05,0.0,11111111111111110000000000000000,++++++++++++++++----------------,0,False,"[[5.6e-05, 260.81382293]]",15,classical,,10,/mnt/c/Users/rames102/Desktop/Gurobi_QP/one_equality_new/complete_random
precond_pen=0.800,32,15.988000000001648,260.81382293340994,0.8,2,0.16094112396240234,7.796287536621094e-05,0.0,11111111111111110000000000000000,++++++++++++++++----------------,0,False,"[[7.8e-05, 260.81382293]]",15,classical,,10,/mnt/c/Users/rames102/Desktop/Gurobi_QP/one_equality_new/complete_random
precond_pen=1.000,32,15.99400000000088,260.81382293340994,1.0,2,0.1771688461303711,6.198883056640625e-05,0.0,11111111111111110000000000000000,++++++++++++++++----------------,0,False,"[[6.2e-05, 260.81382293]]",15,classical,,10,/mnt/c/Users/rames102/Desktop/Gurobi_QP/one_equality_new/complete_random
baseline,32,224.79768513964828,224.79768513964794,,2,234.80808997154236,109.5462110042572,0.0,11000000111001010100110111010101,++------+++--+-+-+--++-+++-+-+-+,0,False,"[[8.3e-05, 249.41415121], [0.014299, 227.85315595], [108.119524, 227.50207817], [108.139611, 226.90007943], [109.546211, 224.79768514]]",16,classical,,10,/mnt/c/Users/rames102/Desktop/Gurobi_QP/one_equality_new/complete_random
precond_pen=0.000,32,15.994000000000824,249.41415121352796,0.0,2,0.19169306755065918,5.698204040527344e-05,0.0,11111111111111110000000000000000,++++++++++++++++----------------,0,False,"[[5.7e-05, 249.41415121]]",16,classical,,10,/mnt/c/Users/rames102/Desktop/Gurobi_QP/one_equality_new/complete_random
precond_pen=0.200,32,15.99600000000055,249.41415121352796,0.2,2,0.1818540096282959,5.2928924560546875e-05,1.1627421539556516e-09,11111111111111110000000000000000,++++++++++++++++----------------,0,False,"[[5.3e-05, 249.41415121]]",16,classical,,10,/mnt/c/Users/rames102/Desktop/Gurobi_QP/one_equality_new/complete_random
precond_pen=0.400,32,15.992000000000758,249.41415121352796,0.4,2,0.16840505599975586,6.198883056640625e-05,0.0,11111111111111110000000000000000,++++++++++++++++----------------,0,False,"[[6.2e-05, 249.41415121]]",16,classical,,10,/mnt/c/Users/rames102/Desktop/Gurobi_QP/one_equality_new/complete_random
precond_pen=0.600,32,15.998000000000161,249.41415121352796,0.6,2,0.17198586463928223,9.608268737792969e-05,0.0,11111111111111110000000000000000,++++++++++++++++----------------,0,False,"[[9.6e-05, 249.41415121]]",16,classical,,10,/mnt/c/Users/rames102/Desktop/Gurobi_QP/one_equality_new/complete_random
precond_pen=0.800,32,15.986000000001468,249.41415121352796,0.8,2,0.1665489673614502,5.793571472167969e-05,0.0,11111111111111110000000000000000,++++++++++++++++----------------,0,False,"[[5.8e-05, 249.41415121]]",16,classical,,10,/mnt/c/Users/rames102/Desktop/Gurobi_QP/one_equality_new/complete_random
precond_pen=1.000,32,15.976000000001193,249.41415121352796,1.0,2,0.17434000968933105,4.887580871582031e-05,0.0,11111111111111110000000000000000,++++++++++++++++----------------,0,False,"[[4.9e-05, 249.41415121]]",16,classical,,10,/mnt/c/Users/rames102/Desktop/Gurobi_QP/one_equality_new/complete_random
baseline,32,216.95867349345102,216.95867349345104,,2,458.86088013648987,25.987878799438477,0.0,00011100001100100110101110011011,---+++----++--+--++-+-+++--++-++,0,False,"[[0.000115, 242.92985753], [0.013927, 240.95379351], [0.014728, 237.19967674], [0.016627, 222.85286744], [0.17871, 217.05506209], [25.987879, 216.95867349]]",17,classical,,10,/mnt/c/Users/rames102/Desktop/Gurobi_QP/one_equality_new/complete_random
precond_pen=0.000,32,15.994000000000824,242.92985752649903,0.0,2,0.21877503395080566,6.008148193359375e-05,0.0,11111111111111110000000000000000,++++++++++++++++----------------,0,False,"[[6e-05, 242.92985753]]",17,classical,,10,/mnt/c/Users/rames102/Desktop/Gurobi_QP/one_equality_new/complete_random
precond_pen=0.200,32,15.996000000000492,242.92985752649903,0.2,2,0.19694209098815918,0.0001399517059326172,0.0,11111111111111110000000000000000,++++++++++++++++----------------,0,False,"[[0.00014, 242.92985753]]",17,classical,,10,/mnt/c/Users/rames102/Desktop/Gurobi_QP/one_equality_new/complete_random
precond_pen=0.400,32,15.992000000001099,242.92985752649903,0.4,2,0.24169397354125977,0.00010013580322265625,0.0,11111111111111110000000000000000,++++++++++++++++----------------,0,False,"[[0.0001, 242.92985753]]",17,classical,,10,/mnt/c/Users/rames102/Desktop/Gurobi_QP/one_equality_new/complete_random
precond_pen=0.600,32,15.992000000001099,242.92985752649903,0.6,2,0.18799519538879395,5.888938903808594e-05,0.0,11111111111111110000000000000000,++++++++++++++++----------------,0,False,"[[5.9e-05, 242.92985753]]",17,classical,,10,/mnt/c/Users/rames102/Desktop/Gurobi_QP/one_equality_new/complete_random
precond_pen=0.800,32,15.996000000000322,242.92985752649903,0.8,2,0.22732281684875488,0.00012683868408203125,0.0,11111111111111110000000000000000,++++++++++++++++----------------,0,False,"[[0.000127, 242.92985753]]",17,classical,,10,/mnt/c/Users/rames102/Desktop/Gurobi_QP/one_equality_new/complete_random
precond_pen=1.000,32,15.994000000000767,242.92985752649903,1.0,2,0.2254188060760498,9.298324584960938e-05,0.0,11111111111111110000000000000000,++++++++++++++++----------------,0,False,"[[9.3e-05, 242.92985753]]",17,classical,,10,/mnt/c/Users/rames102/Desktop/Gurobi_QP/one_equality_new/complete_random
baseline,32,214.08596753475936,214.0859675347592,,2,185.05803894996643,0.010991096496582031,0.0,00011000111110001101011010110001,---++---+++++---++-+-++-+-++---+,0,False,"[[0.000119, 251.56000848], [0.008723, 246.75939458], [0.010991, 214.08596753]]",18,classical,,10,/mnt/c/Users/rames102/Desktop/Gurobi_QP/one_equality_new/complete_random
precond_pen=0.000,32,15.994000000000938,251.5600084798806,0.0,2,0.18348097801208496,5.793571472167969e-05,0.0,11111111111111110000000000000000,++++++++++++++++----------------,0,False,"[[5.8e-05, 251.56000848]]",18,classical,,10,/mnt/c/Users/rames102/Desktop/Gurobi_QP/one_equality_new/complete_random
precond_pen=0.200,32,15.992000000001042,251.5600084798806,0.2,2,0.17159104347229004,7.295608520507812e-05,0.0,11111111111111110000000000000000,++++++++++++++++----------------,0,False,"[[7.3e-05, 251.56000848]]",18,classical,,10,/mnt/c/Users/rames102/Desktop/Gurobi_QP/one_equality_new/complete_random
precond_pen=0.400,32,15.998000000000218,251.5600084798806,0.4,2,0.19241881370544434,5.4836273193359375e-05,0.0,11111111111111110000000000000000,++++++++++++++++----------------,0,False,"[[5.5e-05, 251.56000848]]",18,classical,,10,/mnt/c/Users/rames102/Desktop/Gurobi_QP/one_equality_new/complete_random
precond_pen=0.600,32,15.990000000001203,251.5600084798806,0.6,2,0.18429183959960938,5.3882598876953125e-05,0.0,11111111111111110000000000000000,++++++++++++++++----------------,0,False,"[[5.4e-05, 251.56000848]]",18,classical,,10,/mnt/c/Users/rames102/Desktop/Gurobi_QP/one_equality_new/complete_random
precond_pen=0.800,32,15.996000000000492,251.5600084798806,0.8,2,0.16616511344909668,0.00030112266540527344,0.0,11111111111111110000000000000000,++++++++++++++++----------------,0,False,"[[0.000301, 251.56000848]]",18,classical,,10,/mnt/c/Users/rames102/Desktop/Gurobi_QP/one_equality_new/complete_random
precond_pen=1.000,32,15.99000000000143,251.5600084798806,1.0,2,0.153656005859375,8.392333984375e-05,0.0,11111111111111110000000000000000,++++++++++++++++----------------,0,False,"[[8.4e-05, 251.56000848]]",18,classical,,10,/mnt/c/Users/rames102/Desktop/Gurobi_QP/one_equality_new/complete_random
baseline,32,222.70822406659792,222.70822406659806,,2,235.3929579257965,15.005132913589478,0.0,10110100000110101010001011011011,+-++-+-----++-+-+-+---+-++-++-++,0,False,"[[4.6e-05, 248.28320856], [0.005927, 228.45720526], [13.318342, 227.88663006], [14.152233, 226.48873476], [15.005133, 222.70822407]]",19,classical,,10,/mnt/c/Users/rames102/Desktop/Gurobi_QP/one_equality_new/complete_random
precond_pen=0.000,32,15.994000000001108,248.2832085552522,0.0,2,0.20035314559936523,9.703636169433594e-05,0.0,11111111111111110000000000000000,++++++++++++++++----------------,0,False,"[[9.7e-05, 248.28320856]]",19,classical,,10,/mnt/c/Users/rames102/Desktop/Gurobi_QP/one_equality_new/complete_random
precond_pen=0.200,32,15.984000000002084,248.2832085552522,0.2,2,0.17058706283569336,7.796287536621094e-05,0.0,11111111111111110000000000000000,++++++++++++++++----------------,0,False,"[[7.8e-05, 248.28320856]]",19,classical,,10,/mnt/c/Users/rames102/Desktop/Gurobi_QP/one_equality_new/complete_random
precond_pen=0.400,32,15.992000000000871,248.2832085552522,0.4,2,0.15114283561706543,5.1021575927734375e-05,0.0,11111111111111110000000000000000,++++++++++++++++----------------,0,False,"[[5.1e-05, 248.28320856]]",19,classical,,10,/mnt/c/Users/rames102/Desktop/Gurobi_QP/one_equality_new/complete_random
precond_pen=0.600,32,15.998000000000332,248.2832085552522,0.6,2,0.1712331771850586,4.7206878662109375e-05,0.0,11111111111111110000000000000000,++++++++++++++++----------------,0,False,"[[4.7e-05, 248.28320856]]",19,classical,,10,/mnt/c/Users/rames102/Desktop/Gurobi_QP/one_equality_new/complete_random
precond_pen=0.800,32,15.992000000000985,248.2832085552522,0.8,2,0.15559601783752441,5.1021575927734375e-05,0.0,11111111111111110000000000000000,++++++++++++++++----------------,0,False,"[[5.1e-05, 248.28320856]]",19,classical,,10,/mnt/c/Users/rames102/Desktop/Gurobi_QP/one_equality_new/complete_random
precond_pen=1.000,32,15.982000000001449,248.2832085552522,1.0,2,0.1530170440673828,6.198883056640625e-05,0.0,11111111111111110000000000000000,++++++++++++++++----------------,0,False,"[[6.2e-05, 248.28320856]]",19,classical,,10,/mnt/c/Users/rames102/Desktop/Gurobi_QP/one_equality_new/complete_random
baseline,32,219.147041156328,219.14704115632802,,2,144.93126487731934,0.007887840270996094,0.0,10101100101100101000111110000101,+-+-++--+-++--+-+---+++++----+-+,0,False,"[[5.9e-05, 254.1019666], [0.006116, 250.71578893], [0.006507, 248.3461988], [0.007888, 219.14704116]]",20,classical,,10,/mnt/c/Users/rames102/Desktop/Gurobi_QP/one_equality_new/complete_random
precond_pen=0.000,32,15.99600000000072,254.10196659583792,0.0,2,0.20830106735229492,5.7220458984375e-05,0.0,11111111111111110000000000000000,++++++++++++++++----------------,0,False,"[[5.7e-05, 254.1019666]]",20,classical,,10,/mnt/c/Users/rames102/Desktop/Gurobi_QP/one_equality_new/complete_random
precond_pen=0.200,32,15.994000000000938,254.10196659583792,0.2,2,0.18812894821166992,6.580352783203125e-05,0.0,11111111111111110000000000000000,++++++++++++++++----------------,0,False,"[[6.6e-05, 254.1019666]]",20,classical,,10,/mnt/c/Users/rames102/Desktop/Gurobi_QP/one_equality_new/complete_random
precond_pen=0.400,32,15.992000000000985,254.10196659583792,0.4,2,0.17262911796569824,5.602836608886719e-05,0.0,11111111111111110000000000000000,++++++++++++++++----------------,0,False,"[[5.6e-05, 254.1019666]]",20,classical,,10,/mnt/c/Users/rames102/Desktop/Gurobi_QP/one_equality_new/complete_random
precond_pen=0.600,32,15.992000000000985,254.10196659583792,0.6,2,0.1840040683746338,4.8160552978515625e-05,0.0,11111111111111110000000000000000,++++++++++++++++----------------,0,False,"[[4.8e-05, 254.1019666]]",20,classical,,10,/mnt/c/Users/rames102/Desktop/Gurobi_QP/one_equality_new/complete_random
precond_pen=0.800,32,15.992000000001099,254.10196659583792,0.8,2,0.18387293815612793,7.796287536621094e-05,0.0,11111111111111110000000000000000,++++++++++++++++----------------,0,False,"[[7.8e-05, 254.1019666]]",20,classical,,10,/mnt/c/Users/rames102/Desktop/Gurobi_QP/one_equality_new/complete_random
precond_pen=1.000,32,15.994000000000824,254.10196659583792,1.0,2,0.16026091575622559,7.200241088867188e-05,0.0,11111111111111110000000000000000,++++++++++++++++----------------,0,False,"[[7.2e-05, 254.1019666]]",20,classical,,10,/mnt/c/Users/rames102/Desktop/Gurobi_QP/one_equality_new/complete_random
baseline,32,220.6380724455622,220.6380724455623,,2,158.48013019561768,81.63000702857971,0.0,00111011101100001010001011100110,--+++-+++-++----+-+---+-+++--++-,0,False,"[[7e-05, 246.68472521], [0.008919, 245.8599498], [0.010258, 245.34109237], [0.012812, 222.23713726], [27.98404, 220.7571079], [80.957782, 220.72306673], [81.630007, 220.63807245]]",21,classical,,10,/mnt/c/Users/rames102/Desktop/Gurobi_QP/one_equality_new/complete_random
precond_pen=0.000,32,15.998000000000275,246.68472521052362,0.0,2,0.2075791358947754,0.00011610984802246094,0.0,11111111111111110000000000000000,++++++++++++++++----------------,0,False,"[[0.000116, 246.68472521]]",21,classical,,10,/mnt/c/Users/rames102/Desktop/Gurobi_QP/one_equality_new/complete_random
precond_pen=0.200,32,15.998000000000275,246.68472521052362,0.2,2,0.19174504280090332,5.412101745605469e-05,0.0,11111111111111110000000000000000,++++++++++++++++----------------,0,False,"[[5.4e-05, 246.68472521]]",21,classical,,10,/mnt/c/Users/rames102/Desktop/Gurobi_QP/one_equality_new/complete_random
precond_pen=0.400,32,15.99600000000055,246.68472521052362,0.4,2,0.1708388328552246,6.29425048828125e-05,0.0,11111111111111110000000000000000,++++++++++++++++----------------,0,False,"[[6.3e-05, 246.68472521]]",21,classical,,10,/mnt/c/Users/rames102/Desktop/Gurobi_QP/one_equality_new/complete_random
precond_pen=0.600,32,15.994000000000824,246.68472521052362,0.6,2,0.16279292106628418,6.794929504394531e-05,0.0,11111111111111110000000000000000,++++++++++++++++----------------,0,False,"[[6.8e-05, 246.68472521]]",21,classical,,10,/mnt/c/Users/rames102/Desktop/Gurobi_QP/one_equality_new/complete_random
precond_pen=0.800,32,15.994000000001108,246.68472521052362,0.8,2,0.14422297477722168,4.792213439941406e-05,0.0,11111111111111110000000000000000,++++++++++++++++----------------,0,False,"[[4.8e-05, 246.68472521]]",21,classical,,10,/mnt/c/Users/rames102/Desktop/Gurobi_QP/one_equality_new/complete_random
precond_pen=1.000,32,15.990000000001203,246.68472521052362,1.0,2,0.1679821014404297,6.890296936035156e-05,0.0,11111111111111110000000000000000,++++++++++++++++----------------,0,False,"[[6.9e-05, 246.68472521]]",21,classical,,10,/mnt/c/Users/rames102/Desktop/Gurobi_QP/one_equality_new/complete_random
baseline,32,207.93514750570594,207.93514750570606,,2,173.26138281822205,0.14526796340942383,0.0,10111001111001000101100001011001,+-+++--++++--+---+-++----+-++--+,0,False,"[[5.8e-05, 254.51920692], [0.007537, 253.24386717], [0.008292, 213.12694746], [0.145268, 207.93514751]]",22,classical,,10,/mnt/c/Users/rames102/Desktop/Gurobi_QP/one_equality_new/complete_random
precond_pen=0.000,32,15.99400000000071,254.5192069194461,0.0,2,0.23431396484375,0.0014569759368896484,0.0,11111111111111110000000000000000,++++++++++++++++----------------,0,False,"[[0.001457, 254.51920692]]",22,classical,,10,/mnt/c/Users/rames102/Desktop/Gurobi_QP/one_equality_new/complete_random
precond_pen=0.200,32,15.992000000000758,254.5192069194461,0.2,2,0.19972515106201172,7.82012939453125e-05,0.0,11111111111111110000000000000000,++++++++++++++++----------------,0,False,"[[7.8e-05, 254.51920692]]",22,classical,,10,/mnt/c/Users/rames102/Desktop/Gurobi_QP/one_equality_new/complete_random
precond_pen=0.400,32,15.984000000001686,254.5192069194461,0.4,2,0.165147066116333,6.318092346191406e-05,0.0,11111111111111110000000000000000,++++++++++++++++----------------,0,False,"[[6.3e-05, 254.51920692]]",22,classical,,10,/mnt/c/Users/rames102/Desktop/Gurobi_QP/one_equality_new/complete_random
precond_pen=0.600,32,15.988000000001307,254.5192069194461,0.6,2,0.1850118637084961,5.0067901611328125e-05,0.0,11111111111111110000000000000000,++++++++++++++++----------------,0,False,"[[5e-05, 254.51920692]]",22,classical,,10,/mnt/c/Users/rames102/Desktop/Gurobi_QP/one_equality_new/complete_random
precond_pen=0.800,32,15.996000000000436,254.5192069194461,0.8,2,0.19960999488830566,5.1021575927734375e-05,0.0,11111111111111110000000000000000,++++++++++++++++----------------,0,False,"[[5.1e-05, 254.51920692]]",22,classical,,10,/mnt/c/Users/rames102/Desktop/Gurobi_QP/one_equality_new/complete_random
precond_pen=1.000,32,15.992000000000928,254.5192069194461,1.0,2,0.1940600872039795,0.00016498565673828125,0.0,11111111111111110000000000000000,++++++++++++++++----------------,0,False,"[[0.000165, 254.51920692]]",22,classical,,10,/mnt/c/Users/rames102/Desktop/Gurobi_QP/one_equality_new/complete_random
baseline,32,230.33200920515398,230.33200920515375,,2,294.8599760532379,50.10318398475647,0.0,00010001100101011010111010101011,---+---++--+-+-++-+-+++-+-+-+-++,0,False,"[[5.6e-05, 264.50826271], [0.005515, 257.37487558], [0.006076, 256.76155916], [0.012256, 231.58359766], [50.103184, 230.33200921]]",23,classical,,10,/mnt/c/Users/rames102/Desktop/Gurobi_QP/one_equality_new/complete_random
precond_pen=0.000,32,15.990000000000919,264.5082627064142,0.0,2,0.20511603355407715,7.104873657226562e-05,0.0,11111111111111110000000000000000,++++++++++++++++----------------,0,False,"[[7.1e-05, 264.50826271]]",23,classical,,10,/mnt/c/Users/rames102/Desktop/Gurobi_QP/one_equality_new/complete_random
precond_pen=0.200,32,15.984000000001117,264.5082627064142,0.2,2,0.16994500160217285,5.793571472167969e-05,0.0,11111111111111110000000000000000,++++++++++++++++----------------,0,False,"[[5.8e-05, 264.50826271]]",23,classical,,10,/mnt/c/Users/rames102/Desktop/Gurobi_QP/one_equality_new/complete_random
precond_pen=0.400,32,15.990000000001203,264.5082627064142,0.4,2,0.1680469512939453,4.887580871582031e-05,0.0,11111111111111110000000000000000,++++++++++++++++----------------,0,False,"[[4.9e-05, 264.50826271]]",23,classical,,10,/mnt/c/Users/rames102/Desktop/Gurobi_QP/one_equality_new/complete_random
precond_pen=0.600,32,15.996000000000492,264.5082627064142,0.6,2,0.16698384284973145,4.38690185546875e-05,0.0,11111111111111110000000000000000,++++++++++++++++----------------,0,False,"[[4.4e-05, 264.50826271]]",23,classical,,10,/mnt/c/Users/rames102/Desktop/Gurobi_QP/one_equality_new/complete_random
precond_pen=0.800,32,15.988000000001307,264.5082627064142,0.8,2,0.14830613136291504,5.316734313964844e-05,0.0,11111111111111110000000000000000,++++++++++++++++----------------,0,False,"[[5.3e-05, 264.50826271]]",23,classical,,10,/mnt/c/Users/rames102/Desktop/Gurobi_QP/one_equality_new/complete_random
precond_pen=1.000,32,15.99000000000109,264.5082627064142,1.0,2,0.18041419982910156,4.7206878662109375e-05,0.0,11111111111111110000000000000000,++++++++++++++++----------------,0,False,"[[4.7e-05, 264.50826271]]",23,classical,,10,/mnt/c/Users/rames102/Desktop/Gurobi_QP/one_equality_new/complete_random
baseline,32,216.06075821509205,216.06075821509174,,2,286.8224380016327,206.91341304779053,0.0,10110001110001110001011100100011,+-++---+++---+++---+-+++--+---++,0,False,"[[7e-05, 244.84147058], [0.008485, 216.70592235], [206.913413, 216.06075822]]",24,classical,,10,/mnt/c/Users/rames102/Desktop/Gurobi_QP/one_equality_new/complete_random
precond_pen=0.000,32,15.99600000000072,244.84147058496393,0.0,2,0.2080531120300293,9.799003601074219e-05,0.0,11111111111111110000000000000000,++++++++++++++++----------------,0,False,"[[9.8e-05, 244.84147058]]",24,classical,,10,/mnt/c/Users/rames102/Desktop/Gurobi_QP/one_equality_new/complete_random
precond_pen=0.200,32,15.99600000000055,244.84147058496393,0.2,2,0.16974210739135742,6.914138793945312e-05,0.0,11111111111111110000000000000000,++++++++++++++++----------------,0,False,"[[6.9e-05, 244.84147058]]",24,classical,,10,/mnt/c/Users/rames102/Desktop/Gurobi_QP/one_equality_new/complete_random
precond_pen=0.400,32,15.996000000000492,244.84147058496393,0.4,2,0.16420316696166992,4.8160552978515625e-05,0.0,11111111111111110000000000000000,++++++++++++++++----------------,0,False,"[[4.8e-05, 244.84147058]]",24,classical,,10,/mnt/c/Users/rames102/Desktop/Gurobi_QP/one_equality_new/complete_random
precond_pen=0.600,32,15.998000000000332,244.84147058496393,0.6,2,0.16712522506713867,5.1021575927734375e-05,0.0,11111111111111110000000000000000,++++++++++++++++----------------,0,False,"[[5.1e-05, 244.84147058]]",24,classical,,10,/mnt/c/Users/rames102/Desktop/Gurobi_QP/one_equality_new/complete_random
precond_pen=0.800,32,15.99400000000088,244.84147058496393,0.8,2,0.18377208709716797,4.8160552978515625e-05,0.0,11111111111111110000000000000000,++++++++++++++++----------------,0,False,"[[4.8e-05, 244.84147058]]",24,classical,,10,/mnt/c/Users/rames102/Desktop/Gurobi_QP/one_equality_new/complete_random
precond_pen=1.000,32,15.998000000000275,244.84147058496393,1.0,2,0.16085314750671387,5.1975250244140625e-05,0.0,11111111111111110000000000000000,++++++++++++++++----------------,0,False,"[[5.2e-05, 244.84147058]]",24,classical,,10,/mnt/c/Users/rames102/Desktop/Gurobi_QP/one_equality_new/complete_random
baseline,32,222.6713160155002,222.6713160155002,,2,206.8463261127472,89.35660004615784,0.0,00011110010001000001111011101101,---++++--+---+-----++++-+++-++-+,0,False,"[[7.3e-05, 274.15813441], [0.010363, 263.76163128], [0.011476, 263.55608348], [0.012948, 225.15459417], [87.109708, 224.43505119], [89.3566, 222.67131602]]",25,classical,,10,/mnt/c/Users/rames102/Desktop/Gurobi_QP/one_equality_new/complete_random
precond_pen=0.000,32,15.994000000000824,274.1581344112929,0.0,2,0.2221510410308838,6.604194641113281e-05,0.0,11111111111111110000000000000000,++++++++++++++++----------------,0,False,"[[6.6e-05, 274.15813441]]",25,classical,,10,/mnt/c/Users/rames102/Desktop/Gurobi_QP/one_equality_new/complete_random
precond_pen=0.200,32,15.99000000000109,274.1581344112929,0.2,2,0.1998291015625,5.698204040527344e-05,5.809795560351695e-10,11111111111111110000000000000000,++++++++++++++++----------------,0,False,"[[5.7e-05, 274.15813441]]",25,classical,,10,/mnt/c/Users/rames102/Desktop/Gurobi_QP/one_equality_new/complete_random
precond_pen=0.400,32,15.992000000001326,274.1581344112929,0.4,2,0.20662999153137207,9.298324584960938e-05,0.0,11111111111111110000000000000000,++++++++++++++++----------------,0,False,"[[9.3e-05, 274.15813441]]",25,classical,,10,/mnt/c/Users/rames102/Desktop/Gurobi_QP/one_equality_new/complete_random
precond_pen=0.600,32,15.998000000000275,274.1581344112929,0.6,2,0.1815640926361084,7.009506225585938e-05,0.0,11111111111111110000000000000000,++++++++++++++++----------------,0,False,"[[7e-05, 274.15813441]]",25,classical,,10,/mnt/c/Users/rames102/Desktop/Gurobi_QP/one_equality_new/complete_random
precond_pen=0.800,32,15.994000000000483,274.1581344112929,0.8,2,0.17955994606018066,4.792213439941406e-05,0.0,11111111111111110000000000000000,++++++++++++++++----------------,0,False,"[[4.8e-05, 274.15813441]]",25,classical,,10,/mnt/c/Users/rames102/Desktop/Gurobi_QP/one_equality_new/complete_random
precond_pen=1.000,32,15.990000000001373,274.1581344112929,1.0,2,0.17775893211364746,5.4836273193359375e-05,0.0,11111111111111110000000000000000,++++++++++++++++----------------,0,False,"[[5.5e-05, 274.15813441]]",25,classical,,10,/mnt/c/Users/rames102/Desktop/Gurobi_QP/one_equality_new/complete_random
baseline,32,225.7210895531081,225.72108955310796,,2,254.1098210811615,3.2513771057128906,0.0,11001100010001000111100011110110,++--++---+---+---++++---++++-++-,0,False,"[[5.6e-05, 261.17687384], [0.01122, 258.6728817], [0.012369, 257.0383219], [0.013058, 256.4090594], [0.014144, 229.90632673], [1.914173, 228.45938888], [2.078397, 228.37730979], [3.251377, 225.72108955]]",26,classical,,10,/mnt/c/Users/rames102/Desktop/Gurobi_QP/one_equality_new/complete_random
precond_pen=0.000,32,15.994000000000483,261.1768738441656,0.0,2,0.19501805305480957,7.605552673339844e-05,0.0,11111111111111110000000000000000,++++++++++++++++----------------,0,False,"[[7.6e-05, 261.17687384]]",26,classical,,10,/mnt/c/Users/rames102/Desktop/Gurobi_QP/one_equality_new/complete_random
precond_pen=0.200,32,15.988000000001762,261.1768738441656,0.2,2,0.18442988395690918,9.179115295410156e-05,0.0,11111111111111110000000000000000,++++++++++++++++----------------,0,False,"[[9.2e-05, 261.17687384]]",26,classical,,10,/mnt/c/Users/rames102/Desktop/Gurobi_QP/one_equality_new/complete_random
precond_pen=0.400,32,15.992000000001156,261.1768738441656,0.4,2,0.1856379508972168,4.792213439941406e-05,0.0,11111111111111110000000000000000,++++++++++++++++----------------,0,False,"[[4.8e-05, 261.17687384]]",26,classical,,10,/mnt/c/Users/rames102/Desktop/Gurobi_QP/one_equality_new/complete_random
precond_pen=0.600,32,15.995999999999867,261.1768738441656,0.6,2,0.18608903884887695,8.893013000488281e-05,0.0,11111111111111110000000000000000,++++++++++++++++----------------,0,False,"[[8.9e-05, 261.17687384]]",26,classical,,10,/mnt/c/Users/rames102/Desktop/Gurobi_QP/one_equality_new/complete_random
precond_pen=0.800,32,15.988000000001705,261.1768738441656,0.8,2,0.18669414520263672,7.796287536621094e-05,0.0,11111111111111110000000000000000,++++++++++++++++----------------,0,False,"[[7.8e-05, 261.17687384]]",26,classical,,10,/mnt/c/Users/rames102/Desktop/Gurobi_QP/one_equality_new/complete_random
precond_pen=1.000,32,15.986000000001582,261.1768738441656,1.0,2,0.1932220458984375,4.9114227294921875e-05,0.0,11111111111111110000000000000000,++++++++++++++++----------------,0,False,"[[4.9e-05, 261.17687384]]",26,classical,,10,/mnt/c/Users/rames102/Desktop/Gurobi_QP/one_equality_new/complete_random
baseline,32,236.88614250311835,236.88614250311787,,2,283.86466789245605,0.00805211067199707,0.0,10001010011001010101000101101111,+---+-+--++--+-+-+-+---+-++-++++,0,False,"[[6.5e-05, 272.23614868], [0.007123, 270.09165906], [0.008052, 236.8861425]]",27,classical,,10,/mnt/c/Users/rames102/Desktop/Gurobi_QP/one_equality_new/complete_random
precond_pen=0.000,32,15.994000000000767,272.23614868243624,0.0,2,0.22178101539611816,6.008148193359375e-05,0.0,11111111111111110000000000000000,++++++++++++++++----------------,0,False,"[[6e-05, 272.23614868]]",27,classical,,10,/mnt/c/Users/rames102/Desktop/Gurobi_QP/one_equality_new/complete_random
precond_pen=0.200,32,15.986000000001354,272.23614868243624,0.2,2,0.17262697219848633,5.412101745605469e-05,0.0,11111111111111110000000000000000,++++++++++++++++----------------,0,False,"[[5.4e-05, 272.23614868]]",27,classical,,10,/mnt/c/Users/rames102/Desktop/Gurobi_QP/one_equality_new/complete_random
precond_pen=0.400,32,15.988000000000284,272.23614868243624,0.4,2,0.1809070110321045,7.891654968261719e-05,0.0,11111111111111110000000000000000,++++++++++++++++----------------,0,False,"[[7.9e-05, 272.23614868]]",27,classical,,10,/mnt/c/Users/rames102/Desktop/Gurobi_QP/one_equality_new/complete_random
precond_pen=0.600,32,15.988000000001875,272.23614868243624,0.6,2,0.17494988441467285,5.698204040527344e-05,0.0,11111111111111110000000000000000,++++++++++++++++----------------,0,False,"[[5.7e-05, 272.23614868]]",27,classical,,10,/mnt/c/Users/rames102/Desktop/Gurobi_QP/one_equality_new/complete_random
precond_pen=0.800,32,15.99600000000055,272.23614868243624,0.8,2,0.1546461582183838,7.510185241699219e-05,0.0,11111111111111110000000000000000,++++++++++++++++----------------,0,False,"[[7.5e-05, 272.23614868]]",27,classical,,10,/mnt/c/Users/rames102/Desktop/Gurobi_QP/one_equality_new/complete_random
precond_pen=1.000,32,15.988000000001819,272.23614868243624,1.0,2,0.15050697326660156,4.601478576660156e-05,0.0,11111111111111110000000000000000,++++++++++++++++----------------,0,False,"[[4.6e-05, 272.23614868]]",27,classical,,10,/mnt/c/Users/rames102/Desktop/Gurobi_QP/one_equality_new/complete_random
baseline,32,237.37790731502523,237.3779073150253,,2,332.2770240306854,0.010347843170166016,0.0,11000011111011100011000010010011,++----+++++-+++---++----+--+--++,0,False,"[[8.6e-05, 282.88502047], [0.008546, 281.8739383], [0.0092, 278.41455113], [0.009767, 277.01316353], [0.010348, 237.37790732]]",28,classical,,10,/mnt/c/Users/rames102/Desktop/Gurobi_QP/one_equality_new/complete_random
precond_pen=0.000,32,15.988000000001136,282.8850204688487,0.0,2,0.22043514251708984,9.703636169433594e-05,0.0,11111111111111110000000000000000,++++++++++++++++----------------,0,False,"[[9.7e-05, 282.88502047]]",28,classical,,10,/mnt/c/Users/rames102/Desktop/Gurobi_QP/one_equality_new/complete_random
precond_pen=0.200,32,15.988000000000454,282.8850204688487,0.2,2,0.16338610649108887,9.393692016601562e-05,0.0,11111111111111110000000000000000,++++++++++++++++----------------,0,False,"[[9.4e-05, 282.88502047]]",28,classical,,10,/mnt/c/Users/rames102/Desktop/Gurobi_QP/one_equality_new/complete_random
precond_pen=0.400,32,15.992000000000871,282.8850204688487,0.4,2,0.1903390884399414,7.510185241699219e-05,0.0,11111111111111110000000000000000,++++++++++++++++----------------,0,False,"[[7.5e-05, 282.88502047]]",28,classical,,10,/mnt/c/Users/rames102/Desktop/Gurobi_QP/one_equality_new/complete_random
precond_pen=0.600,32,15.994000000000824,282.8850204688487,0.6,2,0.14803695678710938,6.29425048828125e-05,0.0,11111111111111110000000000000000,++++++++++++++++----------------,0,False,"[[6.3e-05, 282.88502047]]",28,classical,,10,/mnt/c/Users/rames102/Desktop/Gurobi_QP/one_equality_new/complete_random
precond_pen=0.800,32,15.98800000000108,282.8850204688487,0.8,2,0.16709208488464355,0.00010800361633300781,6.846986769847716e-10,11111111111111110000000000000000,++++++++++++++++----------------,0,False,"[[0.000108, 282.88502047]]",28,classical,,10,/mnt/c/Users/rames102/Desktop/Gurobi_QP/one_equality_new/complete_random
precond_pen=1.000,32,15.986000000001923,282.8850204688487,1.0,2,0.16355419158935547,4.601478576660156e-05,0.0,11111111111111110000000000000000,++++++++++++++++----------------,0,False,"[[4.6e-05, 282.88502047]]",28,classical,,10,/mnt/c/Users/rames102/Desktop/Gurobi_QP/one_equality_new/complete_random
baseline,32,221.70447664495512,221.7044766449549,,2,318.01098918914795,0.14009904861450195,0.0,11100111100110100110010001100001,+++--++++--++-+--++--+---++----+,0,False,"[[8e-05, 261.46899057], [0.009698, 255.94085264], [0.010455, 249.15422], [0.011359, 224.89140669], [0.139344, 223.57822753], [0.140099, 221.70447664]]",29,classical,,10,/mnt/c/Users/rames102/Desktop/Gurobi_QP/one_equality_new/complete_random
precond_pen=0.000,32,16.0,261.46899056919915,0.0,2,0.1782541275024414,9.012222290039062e-05,0.0,11111111111111110000000000000000,++++++++++++++++----------------,0,False,"[[9e-05, 261.46899057]]",29,classical,,10,/mnt/c/Users/rames102/Desktop/Gurobi_QP/one_equality_new/complete_random
precond_pen=0.200,32,15.996000000000436,261.46899056919915,0.2,2,0.17469501495361328,7.891654968261719e-05,0.0,11111111111111110000000000000000,++++++++++++++++----------------,0,False,"[[7.9e-05, 261.46899057]]",29,classical,,10,/mnt/c/Users/rames102/Desktop/Gurobi_QP/one_equality_new/complete_random
precond_pen=0.400,32,15.996000000000436,261.46899056919915,0.4,2,0.17069792747497559,6.413459777832031e-05,0.0,11111111111111110000000000000000,++++++++++++++++----------------,0,False,"[[6.4e-05, 261.46899057]]",29,classical,,10,/mnt/c/Users/rames102/Desktop/Gurobi_QP/one_equality_new/complete_random
precond_pen=0.600,32,15.99400000000088,261.46899056919915,0.6,2,0.15655207633972168,4.8160552978515625e-05,0.0,11111111111111110000000000000000,++++++++++++++++----------------,0,False,"[[4.8e-05, 261.46899057]]",29,classical,,10,/mnt/c/Users/rames102/Desktop/Gurobi_QP/one_equality_new/complete_random
precond_pen=0.800,32,15.992000000001156,261.46899056919915,0.8,2,0.15974879264831543,5.2928924560546875e-05,2.4820299225939314e-10,11111111111111110000000000000000,++++++++++++++++----------------,0,False,"[[5.3e-05, 261.46899057]]",29,classical,,10,/mnt/c/Users/rames102/Desktop/Gurobi_QP/one_equality_new/complete_random
precond_pen=1.000,32,15.994000000000824,261.46899056919915,1.0,2,0.14697003364562988,5.602836608886719e-05,0.0,11111111111111110000000000000000,++++++++++++++++----------------,0,False,"[[5.6e-05, 261.46899057]]",29,classical,,10,/mnt/c/Users/rames102/Desktop/Gurobi_QP/one_equality_new/complete_random
baseline,32,226.22965212691477,226.22965212691497,,2,232.9536428451538,48.57193899154663,0.0,01010000110111100100110111000101,-+-+----++-++++--+--++-+++---+-+,0,False,"[[6.5e-05, 261.81610913], [0.009871, 258.54336687], [0.01109, 255.86648283], [0.013169, 229.88925804], [0.143894, 229.82529766], [19.517751, 229.7129946], [22.931206, 227.41513969], [31.985924, 226.88171124], [48.571939, 226.22965213]]",30,classical,,10,/mnt/c/Users/rames102/Desktop/Gurobi_QP/one_equality_new/complete_random
precond_pen=0.000,32,15.99600000000072,261.8161091271651,0.0,2,0.22594594955444336,6.985664367675781e-05,0.0,11111111111111110000000000000000,++++++++++++++++----------------,0,False,"[[7e-05, 261.81610913]]",30,classical,,10,/mnt/c/Users/rames102/Desktop/Gurobi_QP/one_equality_new/complete_random
precond_pen=0.200,32,16.0,261.8161091271651,0.2,2,0.2041301727294922,9.012222290039062e-05,0.0,11111111111111110000000000000000,++++++++++++++++----------------,0,False,"[[9e-05, 261.81610913]]",30,classical,,10,/mnt/c/Users/rames102/Desktop/Gurobi_QP/one_equality_new/complete_random
precond_pen=0.400,32,15.996000000000663,261.8161091271651,0.4,2,0.20282483100891113,5.4836273193359375e-05,0.0,11111111111111110000000000000000,++++++++++++++++----------------,0,False,"[[5.5e-05, 261.81610913]]",30,classical,,10,/mnt/c/Users/rames102/Desktop/Gurobi_QP/one_equality_new/complete_random
precond_pen=0.600,32,15.996000000000492,261.8161091271651,0.6,2,0.17233014106750488,7.796287536621094e-05,0.0,11111111111111110000000000000000,++++++++++++++++----------------,0,False,"[[7.8e-05, 261.81610913]]",30,classical,,10,/mnt/c/Users/rames102/Desktop/Gurobi_QP/one_equality_new/complete_random
precond_pen=0.800,32,15.986000000001127,261.8161091271651,0.8,2,0.16698479652404785,0.00012493133544921875,0.0,11111111111111110000000000000000,++++++++++++++++----------------,0,False,"[[0.000125, 261.81610913]]",30,classical,,10,/mnt/c/Users/rames102/Desktop/Gurobi_QP/one_equality_new/complete_random
precond_pen=1.000,32,15.994000000000938,261.8161091271651,1.0,2,0.17677593231201172,4.696846008300781e-05,0.0,11111111111111110000000000000000,++++++++++++++++----------------,0,False,"[[4.7e-05, 261.81610913]]",30,classical,,10,/mnt/c/Users/rames102/Desktop/Gurobi_QP/one_equality_new/complete_random
baseline,32,221.69643732310166,221.6964373231021,,2,175.70263504981995,0.12469100952148438,0.0,11000100111011010110011001101000,++---+--+++-++-+-++--++--++-+---,0,False,"[[6.1e-05, 257.62803449], [0.006616, 254.65414569], [0.00752, 253.91511299], [0.008432, 222.57173191], [0.124691, 221.69643732]]",31,classical,,10,/mnt/c/Users/rames102/Desktop/Gurobi_QP/one_equality_new/complete_random
precond_pen=0.000,32,15.992000000001099,257.6280344931297,0.0,2,0.21112298965454102,7.200241088867188e-05,0.0,11111111111111110000000000000000,++++++++++++++++----------------,0,False,"[[7.2e-05, 257.62803449]]",31,classical,,10,/mnt/c/Users/rames102/Desktop/Gurobi_QP/one_equality_new/complete_random
precond_pen=0.200,32,15.992000000001156,257.6280344931297,0.2,2,0.1710529327392578,5.1975250244140625e-05,0.0,11111111111111110000000000000000,++++++++++++++++----------------,0,False,"[[5.2e-05, 257.62803449]]",31,classical,,10,/mnt/c/Users/rames102/Desktop/Gurobi_QP/one_equality_new/complete_random
precond_pen=0.400,32,15.996000000000436,257.6280344931297,0.4,2,0.16212201118469238,8.487701416015625e-05,0.0,11111111111111110000000000000000,++++++++++++++++----------------,0,False,"[[8.5e-05, 257.62803449]]",31,classical,,10,/mnt/c/Users/rames102/Desktop/Gurobi_QP/one_equality_new/complete_random
precond_pen=0.600,32,15.992000000001042,257.6280344931297,0.6,2,0.16435599327087402,4.792213439941406e-05,0.0,11111111111111110000000000000000,++++++++++++++++----------------,0,False,"[[4.8e-05, 257.62803449]]",31,classical,,10,/mnt/c/Users/rames102/Desktop/Gurobi_QP/one_equality_new/complete_random
precond_pen=0.800,32,15.996000000000322,257.6280344931297,0.8,2,0.16160011291503906,7.915496826171875e-05,0.0,11111111111111110000000000000000,++++++++++++++++----------------,0,False,"[[7.9e-05, 257.62803449]]",31,classical,,10,/mnt/c/Users/rames102/Desktop/Gurobi_QP/one_equality_new/complete_random
precond_pen=1.000,32,15.99600000000055,257.6280344931297,1.0,2,0.172637939453125,4.9114227294921875e-05,0.0,11111111111111110000000000000000,++++++++++++++++----------------,0,False,"[[4.9e-05, 257.62803449]]",31,classical,,10,/mnt/c/Users/rames102/Desktop/Gurobi_QP/one_equality_new/complete_random
baseline,32,213.36155466019198,213.3615546601922,,2,183.94792485237122,3.3059380054473877,0.0,01100110000110000011101110011101,-++--++----++-----+++-+++--+++-+,0,False,"[[6.2e-05, 243.49377207], [0.007586, 240.91608618], [0.008132, 219.65894509], [2.997508, 219.46206407], [3.305938, 213.36155466]]",32,classical,,10,/mnt/c/Users/rames102/Desktop/Gurobi_QP/one_equality_new/complete_random
precond_pen=0.000,32,15.994000000000767,243.49377206678196,0.0,2,0.21094393730163574,5.91278076171875e-05,0.0,11111111111111110000000000000000,++++++++++++++++----------------,0,False,"[[5.9e-05, 243.49377207]]",32,classical,,10,/mnt/c/Users/rames102/Desktop/Gurobi_QP/one_equality_new/complete_random
precond_pen=0.200,32,15.988000000001136,243.49377206678196,0.2,2,0.18870210647583008,5.0067901611328125e-05,0.0,11111111111111110000000000000000,++++++++++++++++----------------,0,False,"[[5e-05, 243.49377207]]",32,classical,,10,/mnt/c/Users/rames102/Desktop/Gurobi_QP/one_equality_new/complete_random
precond_pen=0.400,32,15.992000000001042,243.49377206678196,0.4,2,0.18267107009887695,5.793571472167969e-05,0.0,11111111111111110000000000000000,++++++++++++++++----------------,0,False,"[[5.8e-05, 243.49377207]]",32,classical,,10,/mnt/c/Users/rames102/Desktop/Gurobi_QP/one_equality_new/complete_random
precond_pen=0.600,32,15.986000000001297,243.49377206678196,0.6,2,0.17879295349121094,5.1021575927734375e-05,0.0,11111111111111110000000000000000,++++++++++++++++----------------,0,False,"[[5.1e-05, 243.49377207]]",32,classical,,10,/mnt/c/Users/rames102/Desktop/Gurobi_QP/one_equality_new/complete_random
precond_pen=0.800,32,15.988000000001648,243.49377206678196,0.8,2,0.17240095138549805,5.888938903808594e-05,0.0,11111111111111110000000000000000,++++++++++++++++----------------,0,False,"[[5.9e-05, 243.49377207]]",32,classical,,10,/mnt/c/Users/rames102/Desktop/Gurobi_QP/one_equality_new/complete_random
precond_pen=1.000,32,15.996000000000322,243.49377206678196,1.0,2,0.17096805572509766,8.20159912109375e-05,0.0,11111111111111110000000000000000,++++++++++++++++----------------,0,False,"[[8.2e-05, 243.49377207]]",32,classical,,10,/mnt/c/Users/rames102/Desktop/Gurobi_QP/one_equality_new/complete_random
baseline,32,211.97541120865486,211.9754112086553,,2,220.77278017997742,64.12119889259338,0.0,10111000011001001100111001100011,+-+++----++--+--++--+++--++---++,0,False,"[[8.2e-05, 244.7231315], [0.008818, 242.61653865], [0.009525, 242.34981938], [0.011093, 212.42362613], [64.121199, 211.97541121]]",33,classical,,10,/mnt/c/Users/rames102/Desktop/Gurobi_QP/one_equality_new/complete_random
precond_pen=0.000,32,15.992000000001042,244.72313150401888,0.0,2,0.1841728687286377,7.486343383789062e-05,0.0,11111111111111110000000000000000,++++++++++++++++----------------,0,False,"[[7.5e-05, 244.7231315]]",33,classical,,10,/mnt/c/Users/rames102/Desktop/Gurobi_QP/one_equality_new/complete_random
precond_pen=0.200,32,15.994000000000824,244.72313150401888,0.2,2,0.2056889533996582,6.29425048828125e-05,0.0,11111111111111110000000000000000,++++++++++++++++----------------,0,False,"[[6.3e-05, 244.7231315]]",33,classical,,10,/mnt/c/Users/rames102/Desktop/Gurobi_QP/one_equality_new/complete_random
precond_pen=0.400,32,15.99000000000126,244.72313150401888,0.4,2,0.2118680477142334,4.887580871582031e-05,0.0,11111111111111110000000000000000,++++++++++++++++----------------,0,False,"[[4.9e-05, 244.7231315]]",33,classical,,10,/mnt/c/Users/rames102/Desktop/Gurobi_QP/one_equality_new/complete_random
precond_pen=0.600,32,15.984000000000549,244.72313150401888,0.6,2,0.18682384490966797,7.486343383789062e-05,0.0,11111111111111110000000000000000,++++++++++++++++----------------,0,False,"[[7.5e-05, 244.7231315]]",33,classical,,10,/mnt/c/Users/rames102/Desktop/Gurobi_QP/one_equality_new/complete_random
precond_pen=0.800,32,15.99600000000055,244.72313150401888,0.8,2,0.19492697715759277,6.103515625e-05,0.0,11111111111111110000000000000000,++++++++++++++++----------------,0,False,"[[6.1e-05, 244.7231315]]",33,classical,,10,/mnt/c/Users/rames102/Desktop/Gurobi_QP/one_equality_new/complete_random
precond_pen=1.000,32,15.99200000000127,244.72313150401888,1.0,2,0.1586918830871582,6.580352783203125e-05,0.0,11111111111111110000000000000000,++++++++++++++++----------------,0,False,"[[6.6e-05, 244.7231315]]",33,classical,,10,/mnt/c/Users/rames102/Desktop/Gurobi_QP/one_equality_new/complete_random
baseline,32,220.01620769730218,220.01620769730204,,2,313.0206561088562,204.3204221725464,0.0,01010001111000011011000111010011,-+-+---++++----++-++---+++-+--++,0,False,"[[7.9e-05, 260.14435292], [0.011137, 251.94010847], [0.012367, 251.46243583], [0.013636, 227.12660365], [0.152503, 225.17173995], [-0.733524, 225.11206331], [0.451929, 224.63004924], [7.907109, 223.64956771], [204.256591, 223.60415391], [204.284954, 223.31140351], [204.320422, 220.0162077]]",34,classical,,10,/mnt/c/Users/rames102/Desktop/Gurobi_QP/one_equality_new/complete_random
precond_pen=0.000,32,15.998000000000275,260.14435291844416,0.0,2,0.23972511291503906,9.012222290039062e-05,0.0,11111111111111110000000000000000,++++++++++++++++----------------,0,False,"[[9e-05, 260.14435292]]",34,classical,,10,/mnt/c/Users/rames102/Desktop/Gurobi_QP/one_equality_new/complete_random
precond_pen=0.200,32,15.994000000000938,260.14435291844416,0.2,2,0.17942309379577637,6.604194641113281e-05,0.0,11111111111111110000000000000000,++++++++++++++++----------------,0,False,"[[6.6e-05, 260.14435292]]",34,classical,,10,/mnt/c/Users/rames102/Desktop/Gurobi_QP/one_equality_new/complete_random
precond_pen=0.400,32,15.992000000000758,260.14435291844416,0.4,2,0.2109661102294922,8.392333984375e-05,0.0,11111111111111110000000000000000,++++++++++++++++----------------,0,False,"[[8.4e-05, 260.14435292]]",34,classical,,10,/mnt/c/Users/rames102/Desktop/Gurobi_QP/one_equality_new/complete_random
precond_pen=0.600,32,15.992000000001099,260.14435291844416,0.6,2,0.19267511367797852,4.792213439941406e-05,0.0,11111111111111110000000000000000,++++++++++++++++----------------,0,False,"[[4.8e-05, 260.14435292]]",34,classical,,10,/mnt/c/Users/rames102/Desktop/Gurobi_QP/one_equality_new/complete_random
precond_pen=0.800,32,15.994000000001108,260.14435291844416,0.8,2,0.17160701751708984,0.00011396408081054688,0.0,11111111111111110000000000000000,++++++++++++++++----------------,0,False,"[[0.000114, 260.14435292]]",34,classical,,10,/mnt/c/Users/rames102/Desktop/Gurobi_QP/one_equality_new/complete_random
precond_pen=1.000,32,15.994000000000767,260.14435291844416,1.0,2,0.2088909149169922,7.796287536621094e-05,0.0,11111111111111110000000000000000,++++++++++++++++----------------,0,False,"[[7.8e-05, 260.14435292]]",34,classical,,10,/mnt/c/Users/rames102/Desktop/Gurobi_QP/one_equality_new/complete_random
baseline,32,212.17555246111073,212.17555246111118,,2,191.23818707466125,0.014986038208007812,0.0,11010001111011010111000000011001,++-+---++++-++-+-+++-------++--+,0,False,"[[7.2e-05, 243.34928622], [0.008459, 242.66630483], [0.010821, 241.37319094], [0.014986, 212.17555246]]",35,classical,,10,/mnt/c/Users/rames102/Desktop/Gurobi_QP/one_equality_new/complete_random
precond_pen=0.000,32,15.992000000000644,243.34928621591098,0.0,2,0.183305025100708,6.413459777832031e-05,0.0,11111111111111110000000000000000,++++++++++++++++----------------,0,False,"[[6.4e-05, 243.34928622]]",35,classical,,10,/mnt/c/Users/rames102/Desktop/Gurobi_QP/one_equality_new/complete_random
precond_pen=0.200,32,15.99600000000072,243.34928621591098,0.2,2,0.19879412651062012,7.796287536621094e-05,0.0,11111111111111110000000000000000,++++++++++++++++----------------,0,False,"[[7.8e-05, 243.34928622]]",35,classical,,10,/mnt/c/Users/rames102/Desktop/Gurobi_QP/one_equality_new/complete_random
precond_pen=0.400,32,15.998000000000275,243.34928621591098,0.4,2,0.16234493255615234,6.699562072753906e-05,0.0,11111111111111110000000000000000,++++++++++++++++----------------,0,False,"[[6.7e-05, 243.34928622]]",35,classical,,10,/mnt/c/Users/rames102/Desktop/Gurobi_QP/one_equality_new/complete_random
precond_pen=0.600,32,15.998000000000275,243.34928621591098,0.6,2,0.15583419799804688,4.601478576660156e-05,0.0,11111111111111110000000000000000,++++++++++++++++----------------,0,False,"[[4.6e-05, 243.34928622]]",35,classical,,10,/mnt/c/Users/rames102/Desktop/Gurobi_QP/one_equality_new/complete_random
precond_pen=0.800,32,15.99600000000072,243.34928621591098,0.8,2,-2.320547103881836,6.890296936035156e-05,0.0,11111111111111110000000000000000,++++++++++++++++----------------,0,False,"[[6.9e-05, 243.34928622]]",35,classical,,10,/mnt/c/Users/rames102/Desktop/Gurobi_QP/one_equality_new/complete_random
precond_pen=1.000,32,15.990000000000691,243.34928621591098,1.0,2,0.14794087409973145,4.696846008300781e-05,0.0,11111111111111110000000000000000,++++++++++++++++----------------,0,False,"[[4.7e-05, 243.34928622]]",35,classical,,10,/mnt/c/Users/rames102/Desktop/Gurobi_QP/one_equality_new/complete_random
baseline,32,217.58796155032604,217.5879615503261,,2,179.27075695991516,23.95195508003235,0.0,10110111110000000010110001110110,+-++-+++++--------+-++---+++-++-,0,False,"[[4.7e-05, 252.6981221], [0.007041, 245.51573985], [0.008086, 244.23363976], [0.010442, 219.21389016], [0.158659, 218.41931963], [8.688123, 217.98163383], [23.951955, 217.58796155]]",36,classical,,10,/mnt/c/Users/rames102/Desktop/Gurobi_QP/one_equality_new/complete_random
precond_pen=0.000,32,15.996000000000322,252.6981221026895,0.0,2,0.20705485343933105,5.507469177246094e-05,0.0,11111111111111110000000000000000,++++++++++++++++----------------,0,False,"[[5.5e-05, 252.6981221]]",36,classical,,10,/mnt/c/Users/rames102/Desktop/Gurobi_QP/one_equality_new/complete_random
precond_pen=0.200,32,15.992000000000985,252.6981221026895,0.2,2,0.16615700721740723,6.508827209472656e-05,0.0,11111111111111110000000000000000,++++++++++++++++----------------,0,False,"[[6.5e-05, 252.6981221]]",36,classical,,10,/mnt/c/Users/rames102/Desktop/Gurobi_QP/one_equality_new/complete_random
precond_pen=0.400,32,15.996000000000492,252.6981221026895,0.4,2,0.15228509902954102,7.104873657226562e-05,0.0,11111111111111110000000000000000,++++++++++++++++----------------,0,False,"[[7.1e-05, 252.6981221]]",36,classical,,10,/mnt/c/Users/rames102/Desktop/Gurobi_QP/one_equality_new/complete_random
precond_pen=0.600,32,15.996000000000492,252.6981221026895,0.6,2,0.15737509727478027,5.221366882324219e-05,0.0,11111111111111110000000000000000,++++++++++++++++----------------,0,False,"[[5.2e-05, 252.6981221]]",36,classical,,10,/mnt/c/Users/rames102/Desktop/Gurobi_QP/one_equality_new/complete_random
precond_pen=0.800,32,15.992000000000871,252.6981221026895,0.8,2,0.15848779678344727,4.792213439941406e-05,0.0,11111111111111110000000000000000,++++++++++++++++----------------,0,False,"[[4.8e-05, 252.6981221]]",36,classical,,10,/mnt/c/Users/rames102/Desktop/Gurobi_QP/one_equality_new/complete_random
precond_pen=1.000,32,15.98800000000125,252.6981221026895,1.0,2,0.17409491539001465,5.507469177246094e-05,0.0,11111111111111110000000000000000,++++++++++++++++----------------,0,False,"[[5.5e-05, 252.6981221]]",36,classical,,10,/mnt/c/Users/rames102/Desktop/Gurobi_QP/one_equality_new/complete_random
baseline,32,214.33289297853304,214.33289297853307,,2,303.19709396362305,74.56977796554565,0.0,00011100111110101010101010101000,---+++--+++++-+-+-+-+-+-+-+-+---,0,False,"[[5.6e-05, 247.66599764], [0.008292, 244.24209262], [0.00895, 243.43457358], [0.010004, 239.11292783], [0.012883, 214.41785098], [74.569778, 214.33289298]]",37,classical,,10,/mnt/c/Users/rames102/Desktop/Gurobi_QP/one_equality_new/complete_random
precond_pen=0.000,32,15.996000000000606,247.66599764175862,0.0,2,0.19453907012939453,6.008148193359375e-05,0.0,11111111111111110000000000000000,++++++++++++++++----------------,0,False,"[[6e-05, 247.66599764]]",37,classical,,10,/mnt/c/Users/rames102/Desktop/Gurobi_QP/one_equality_new/complete_random
precond_pen=0.200,32,15.988000000001648,247.66599764175862,0.2,2,0.19301509857177734,5.1975250244140625e-05,0.0,11111111111111110000000000000000,++++++++++++++++----------------,0,False,"[[5.2e-05, 247.66599764]]",37,classical,,10,/mnt/c/Users/rames102/Desktop/Gurobi_QP/one_equality_new/complete_random
precond_pen=0.400,32,15.996000000000606,247.66599764175862,0.4,2,0.20198822021484375,7.510185241699219e-05,0.0,11111111111111110000000000000000,++++++++++++++++----------------,0,False,"[[7.5e-05, 247.66599764]]",37,classical,,10,/mnt/c/Users/rames102/Desktop/Gurobi_QP/one_equality_new/complete_random
precond_pen=0.600,32,15.988000000001648,247.66599764175862,0.6,2,0.16979503631591797,6.890296936035156e-05,0.0,11111111111111110000000000000000,++++++++++++++++----------------,0,False,"[[6.9e-05, 247.66599764]]",37,classical,,10,/mnt/c/Users/rames102/Desktop/Gurobi_QP/one_equality_new/complete_random
precond_pen=0.800,32,15.994000000000483,247.66599764175862,0.8,2,0.16706204414367676,4.601478576660156e-05,0.0,11111111111111110000000000000000,++++++++++++++++----------------,0,False,"[[4.6e-05, 247.66599764]]",37,classical,,10,/mnt/c/Users/rames102/Desktop/Gurobi_QP/one_equality_new/complete_random
precond_pen=1.000,32,15.990000000000464,247.66599764175862,1.0,2,0.1663680076599121,4.792213439941406e-05,0.0,11111111111111110000000000000000,++++++++++++++++----------------,0,False,"[[4.8e-05, 247.66599764]]",37,classical,,10,/mnt/c/Users/rames102/Desktop/Gurobi_QP/one_equality_new/complete_random
baseline,32,210.71523308584514,210.71523308584509,,2,241.98189616203308,77.47140598297119,0.0,11001000011010111100001011101001,++--+----++-+-++++----+-+++-+--+,0,False,"[[9e-05, 258.36327536], [0.011456, 253.82140834], [0.013802, 212.55228649], [76.255986, 211.40000826], [77.471406, 210.71523309]]",38,classical,,10,/mnt/c/Users/rames102/Desktop/Gurobi_QP/one_equality_new/complete_random
precond_pen=0.000,32,15.990000000000748,258.3632753556931,0.0,2,0.18383002281188965,5.507469177246094e-05,0.0,11111111111111110000000000000000,++++++++++++++++----------------,0,False,"[[5.5e-05, 258.36327536]]",38,classical,,10,/mnt/c/Users/rames102/Desktop/Gurobi_QP/one_equality_new/complete_random
precond_pen=0.200,32,15.990000000001373,258.3632753556931,0.2,2,0.20543909072875977,6.389617919921875e-05,0.0,11111111111111110000000000000000,++++++++++++++++----------------,0,False,"[[6.4e-05, 258.36327536]]",38,classical,,10,/mnt/c/Users/rames102/Desktop/Gurobi_QP/one_equality_new/complete_random
precond_pen=0.400,32,15.988000000001648,258.3632753556931,0.4,2,0.1914539337158203,4.9114227294921875e-05,0.0,11111111111111110000000000000000,++++++++++++++++----------------,0,False,"[[4.9e-05, 258.36327536]]",38,classical,,10,/mnt/c/Users/rames102/Desktop/Gurobi_QP/one_equality_new/complete_random
precond_pen=0.600,32,15.99200000000127,258.3632753556931,0.6,2,0.17768216133117676,4.8160552978515625e-05,0.0,11111111111111110000000000000000,++++++++++++++++----------------,0,False,"[[4.8e-05, 258.36327536]]",38,classical,,10,/mnt/c/Users/rames102/Desktop/Gurobi_QP/one_equality_new/complete_random
precond_pen=0.800,32,15.98000000000252,258.3632753556931,0.8,2,0.16778802871704102,5.412101745605469e-05,0.0,11111111111111110000000000000000,++++++++++++++++----------------,0,False,"[[5.4e-05, 258.36327536]]",38,classical,,10,/mnt/c/Users/rames102/Desktop/Gurobi_QP/one_equality_new/complete_random
precond_pen=1.000,32,15.99200000000127,258.3632753556931,1.0,2,0.16820001602172852,5.2928924560546875e-05,0.0,11111111111111110000000000000000,++++++++++++++++----------------,0,False,"[[5.3e-05, 258.36327536]]",38,classical,,10,/mnt/c/Users/rames102/Desktop/Gurobi_QP/one_equality_new/complete_random
baseline,32,221.81039236406775,221.81039236406806,,2,255.2422480583191,102.2691159248352,0.0,10110110011010000010110010011011,+-++-++--++-+-----+-++--+--++-++,0,False,"[[8.1e-05, 252.95340792], [0.015414, 249.27484885], [0.016322, 244.47828734], [0.017058, 224.1874933], [0.144132, 223.49921693], [8.948469, 223.4870839], [9.288539, 223.15737254], [9.289087, 222.56068649], [102.269116, 221.81039236]]",39,classical,,10,/mnt/c/Users/rames102/Desktop/Gurobi_QP/one_equality_new/complete_random
precond_pen=0.000,32,16.0,252.9534079203277,0.0,2,0.1984241008758545,7.319450378417969e-05,0.0,11111111111111110000000000000000,++++++++++++++++----------------,0,False,"[[7.3e-05, 252.95340792]]",39,classical,,10,/mnt/c/Users/rames102/Desktop/Gurobi_QP/one_equality_new/complete_random
precond_pen=0.200,32,15.992000000000814,252.9534079203277,0.2,2,0.19830799102783203,5.4836273193359375e-05,0.0,11111111111111110000000000000000,++++++++++++++++----------------,0,False,"[[5.5e-05, 252.95340792]]",39,classical,,10,/mnt/c/Users/rames102/Desktop/Gurobi_QP/one_equality_new/complete_random
precond_pen=0.400,32,15.984000000001743,252.9534079203277,0.4,2,0.18890786170959473,5.3882598876953125e-05,0.0,11111111111111110000000000000000,++++++++++++++++----------------,0,False,"[[5.4e-05, 252.95340792]]",39,classical,,10,/mnt/c/Users/rames102/Desktop/Gurobi_QP/one_equality_new/complete_random
precond_pen=0.600,32,15.988000000001307,252.9534079203277,0.6,2,0.18961596488952637,6.508827209472656e-05,0.0,11111111111111110000000000000000,++++++++++++++++----------------,0,False,"[[6.5e-05, 252.95340792]]",39,classical,,10,/mnt/c/Users/rames102/Desktop/Gurobi_QP/one_equality_new/complete_random
precond_pen=0.800,32,15.98800000000125,252.9534079203277,0.8,2,0.15578699111938477,6.699562072753906e-05,0.0,11111111111111110000000000000000,++++++++++++++++----------------,0,False,"[[6.7e-05, 252.95340792]]",39,classical,,10,/mnt/c/Users/rames102/Desktop/Gurobi_QP/one_equality_new/complete_random
precond_pen=1.000,32,15.99400000000054,252.9534079203277,1.0,2,0.15972518920898438,4.9114227294921875e-05,0.0,11111111111111110000000000000000,++++++++++++++++----------------,0,False,"[[4.9e-05, 252.95340792]]",39,classical,,10,/mnt/c/Users/rames102/Desktop/Gurobi_QP/one_equality_new/complete_random
baseline,32,217.79168416459402,217.7916841645937,,2,135.8097939491272,11.78864598274231,0.0,10101011111001001001000011001101,+-+-+-+++++--+--+--+----++--++-+,0,False,"[[8e-05, 258.41155191], [0.01074, 258.03228846], [0.011902, 253.67779204], [0.013711, 221.63890346], [8.590438, 221.35281837], [8.590746, 220.9866544], [8.791896, 219.5875205], [8.792327, 219.14255062], [11.788646, 217.79168416]]",40,classical,,10,/mnt/c/Users/rames102/Desktop/Gurobi_QP/one_equality_new/complete_random
precond_pen=0.000,32,15.988000000001648,258.4115519131119,0.0,2,0.24485993385314941,6.008148193359375e-05,0.0,11111111111111110000000000000000,++++++++++++++++----------------,0,False,"[[6e-05, 258.41155191]]",40,classical,,10,/mnt/c/Users/rames102/Desktop/Gurobi_QP/one_equality_new/complete_random
precond_pen=0.200,32,15.994000000000824,258.4115519131119,0.2,2,0.20253396034240723,0.00010704994201660156,0.0,11111111111111110000000000000000,++++++++++++++++----------------,0,False,"[[0.000107, 258.41155191]]",40,classical,,10,/mnt/c/Users/rames102/Desktop/Gurobi_QP/one_equality_new/complete_random
precond_pen=0.400,32,15.990000000001487,258.4115519131119,0.4,2,0.18928790092468262,9.989738464355469e-05,0.0,11111111111111110000000000000000,++++++++++++++++----------------,0,False,"[[0.0001, 258.41155191]]",40,classical,,10,/mnt/c/Users/rames102/Desktop/Gurobi_QP/one_equality_new/complete_random
precond_pen=0.600,32,15.996000000000777,258.4115519131119,0.6,2,0.17629384994506836,6.4849853515625e-05,0.0,11111111111111110000000000000000,++++++++++++++++----------------,0,False,"[[6.5e-05, 258.41155191]]",40,classical,,10,/mnt/c/Users/rames102/Desktop/Gurobi_QP/one_equality_new/complete_random
precond_pen=0.800,32,15.994000000001051,258.4115519131119,0.8,2,0.18992185592651367,4.792213439941406e-05,0.0,11111111111111110000000000000000,++++++++++++++++----------------,0,False,"[[4.8e-05, 258.41155191]]",40,classical,,10,/mnt/c/Users/rames102/Desktop/Gurobi_QP/one_equality_new/complete_random
precond_pen=1.000,32,15.986000000001582,258.4115519131119,1.0,2,0.22153091430664062,0.00010085105895996094,0.0,11111111111111110000000000000000,++++++++++++++++----------------,0,False,"[[0.000101, 258.41155191]]",40,classical,,10,/mnt/c/Users/rames102/Desktop/Gurobi_QP/one_equality_new/complete_random
baseline,32,231.51158929266396,231.51158929266424,,2,284.05418705940247,161.06408500671387,0.0,11010010110010111101001100101000,++-+--+-++--+-++++-+--++--+-+---,0,False,"[[0.000168, 265.68583641], [0.019608, 232.76964191], [0.167646, 232.18274992], [161.064085, 231.51158929]]",41,classical,,10,/mnt/c/Users/rames102/Desktop/Gurobi_QP/one_equality_new/complete_random
precond_pen=0.000,32,15.994000000000824,265.68583640704,0.0,2,0.1927480697631836,6.508827209472656e-05,0.0,11111111111111110000000000000000,++++++++++++++++----------------,0,False,"[[6.5e-05, 265.68583641]]",41,classical,,10,/mnt/c/Users/rames102/Desktop/Gurobi_QP/one_equality_new/complete_random
precond_pen=0.200,32,15.996000000000663,265.68583640704,0.2,2,0.2066049575805664,0.00010585784912109375,0.0,11111111111111110000000000000000,++++++++++++++++----------------,0,False,"[[0.000106, 265.68583641]]",41,classical,,10,/mnt/c/Users/rames102/Desktop/Gurobi_QP/one_equality_new/complete_random
precond_pen=0.400,32,15.994000000000824,265.68583640704,0.4,2,0.18519902229309082,5.507469177246094e-05,0.0,11111111111111110000000000000000,++++++++++++++++----------------,0,False,"[[5.5e-05, 265.68583641]]",41,classical,,10,/mnt/c/Users/rames102/Desktop/Gurobi_QP/one_equality_new/complete_random
precond_pen=0.600,32,15.99600000000055,265.68583640704,0.6,2,0.23036408424377441,0.00011014938354492188,0.0,11111111111111110000000000000000,++++++++++++++++----------------,0,False,"[[0.00011, 265.68583641]]",41,classical,,10,/mnt/c/Users/rames102/Desktop/Gurobi_QP/one_equality_new/complete_random
precond_pen=0.800,32,15.992000000001099,265.68583640704,0.8,2,0.19670701026916504,6.699562072753906e-05,0.0,11111111111111110000000000000000,++++++++++++++++----------------,0,False,"[[6.7e-05, 265.68583641]]",41,classical,,10,/mnt/c/Users/rames102/Desktop/Gurobi_QP/one_equality_new/complete_random
precond_pen=1.000,32,15.99600000000055,265.68583640704,1.0,2,0.20674800872802734,6.318092346191406e-05,0.0,11111111111111110000000000000000,++++++++++++++++----------------,0,False,"[[6.3e-05, 265.68583641]]",41,classical,,10,/mnt/c/Users/rames102/Desktop/Gurobi_QP/one_equality_new/complete_random
baseline,32,220.15810477965923,220.1581047796591,,2,215.11375188827515,201.25961589813232,0.0,00010010010101111100101100101101,---+--+--+-+-+++++--+-++--+-++-+,0,False,"[[5.8e-05, 254.86452504], [0.007677, 253.5385111], [0.008558, 251.83705069], [0.011825, 220.30917206], [201.259616, 220.15810478]]",42,classical,,10,/mnt/c/Users/rames102/Desktop/Gurobi_QP/one_equality_new/complete_random
precond_pen=0.000,32,15.990000000001146,254.86452503556268,0.0,2,0.19483208656311035,0.0003230571746826172,0.0,11111111111111110000000000000000,++++++++++++++++----------------,0,False,"[[0.000323, 254.86452504]]",42,classical,,10,/mnt/c/Users/rames102/Desktop/Gurobi_QP/one_equality_new/complete_random
precond_pen=0.200,32,15.986000000001411,254.86452503556268,0.2,2,0.15587902069091797,8.20159912109375e-05,0.0,11111111111111110000000000000000,++++++++++++++++----------------,0,False,"[[8.2e-05, 254.86452504]]",42,classical,,10,/mnt/c/Users/rames102/Desktop/Gurobi_QP/one_equality_new/complete_random
precond_pen=0.400,32,15.99600000000055,254.86452503556268,0.4,2,0.18173503875732422,5.0067901611328125e-05,0.0,11111111111111110000000000000000,++++++++++++++++----------------,0,False,"[[5e-05, 254.86452504]]",42,classical,,10,/mnt/c/Users/rames102/Desktop/Gurobi_QP/one_equality_new/complete_random
precond_pen=0.600,32,15.99400000000088,254.86452503556268,0.6,2,0.1673440933227539,6.413459777832031e-05,0.0,11111111111111110000000000000000,++++++++++++++++----------------,0,False,"[[6.4e-05, 254.86452504]]",42,classical,,10,/mnt/c/Users/rames102/Desktop/Gurobi_QP/one_equality_new/complete_random
precond_pen=0.800,32,15.97199999999998,254.86452503556268,0.8,2,0.15999817848205566,7.700920104980469e-05,0.0,11111111111111110000000000000000,++++++++++++++++----------------,0,False,"[[7.7e-05, 254.86452504]]",42,classical,,10,/mnt/c/Users/rames102/Desktop/Gurobi_QP/one_equality_new/complete_random
precond_pen=1.000,32,15.990000000001487,254.86452503556268,1.0,2,0.18873286247253418,4.696846008300781e-05,0.0,11111111111111110000000000000000,++++++++++++++++----------------,0,False,"[[4.7e-05, 254.86452504]]",42,classical,,10,/mnt/c/Users/rames102/Desktop/Gurobi_QP/one_equality_new/complete_random
baseline,32,213.7811494597423,213.78114945974184,,2,250.92721796035767,0.011302947998046875,0.0,10000101100110110000111111001010,+----+-++--++-++----++++++--+-+-,0,False,"[[7.9e-05, 264.09886907], [0.00871, 257.83716149], [0.009759, 255.99043857], [0.011303, 213.78114946]]",43,classical,,10,/mnt/c/Users/rames102/Desktop/Gurobi_QP/one_equality_new/complete_random
precond_pen=0.000,32,15.996000000000606,264.09886907170807,0.0,2,0.20403194427490234,5.793571472167969e-05,0.0,11111111111111110000000000000000,++++++++++++++++----------------,0,False,"[[5.8e-05, 264.09886907]]",43,classical,,10,/mnt/c/Users/rames102/Desktop/Gurobi_QP/one_equality_new/complete_random
precond_pen=0.200,32,15.986000000000729,264.09886907170807,0.2,2,0.1819169521331787,6.079673767089844e-05,0.0,11111111111111110000000000000000,++++++++++++++++----------------,0,False,"[[6.1e-05, 264.09886907]]",43,classical,,10,/mnt/c/Users/rames102/Desktop/Gurobi_QP/one_equality_new/complete_random
precond_pen=0.400,32,15.992000000000758,264.09886907170807,0.4,2,0.19232606887817383,5.888938903808594e-05,0.0,11111111111111110000000000000000,++++++++++++++++----------------,0,False,"[[5.9e-05, 264.09886907]]",43,classical,,10,/mnt/c/Users/rames102/Desktop/Gurobi_QP/one_equality_new/complete_random
precond_pen=0.600,32,15.99600000000072,264.09886907170807,0.6,2,0.19545316696166992,6.389617919921875e-05,0.0,11111111111111110000000000000000,++++++++++++++++----------------,0,False,"[[6.4e-05, 264.09886907]]",43,classical,,10,/mnt/c/Users/rames102/Desktop/Gurobi_QP/one_equality_new/complete_random
precond_pen=0.800,32,15.988000000001648,264.09886907170807,0.8,2,0.18035101890563965,7.414817810058594e-05,0.0,11111111111111110000000000000000,++++++++++++++++----------------,0,False,"[[7.4e-05, 264.09886907]]",43,classical,,10,/mnt/c/Users/rames102/Desktop/Gurobi_QP/one_equality_new/complete_random
precond_pen=1.000,32,15.992000000000758,264.09886907170807,1.0,2,0.15093111991882324,5.0067901611328125e-05,0.0,11111111111111110000000000000000,++++++++++++++++----------------,0,False,"[[5e-05, 264.09886907]]",43,classical,,10,/mnt/c/Users/rames102/Desktop/Gurobi_QP/one_equality_new/complete_random
baseline,32,212.34129092691973,212.3412909269201,,2,142.5172119140625,0.011270999908447266,0.0,10101110010101110000101001100110,+-+-+++--+-+-+++----+-+--++--++-,0,False,"[[7.6e-05, 241.53176605], [0.011271, 212.34129093]]",44,classical,,10,/mnt/c/Users/rames102/Desktop/Gurobi_QP/one_equality_new/complete_random
precond_pen=0.000,32,15.984000000001572,241.53176605026007,0.0,2,0.19221997261047363,8.106231689453125e-05,0.0,11111111111111110000000000000000,++++++++++++++++----------------,0,False,"[[8.1e-05, 241.53176605]]",44,classical,,10,/mnt/c/Users/rames102/Desktop/Gurobi_QP/one_equality_new/complete_random
precond_pen=0.200,32,15.990000000001658,241.53176605026007,0.2,2,0.16854119300842285,6.508827209472656e-05,0.0,11111111111111110000000000000000,++++++++++++++++----------------,0,False,"[[6.5e-05, 241.53176605]]",44,classical,,10,/mnt/c/Users/rames102/Desktop/Gurobi_QP/one_equality_new/complete_random
precond_pen=0.400,32,15.996000000000606,241.53176605026007,0.4,2,0.1530609130859375,6.198883056640625e-05,0.0,11111111111111110000000000000000,++++++++++++++++----------------,0,False,"[[6.2e-05, 241.53176605]]",44,classical,,10,/mnt/c/Users/rames102/Desktop/Gurobi_QP/one_equality_new/complete_random
precond_pen=0.600,32,15.990000000001203,241.53176605026007,0.6,2,0.16542887687683105,5.2928924560546875e-05,0.0,11111111111111110000000000000000,++++++++++++++++----------------,0,False,"[[5.3e-05, 241.53176605]]",44,classical,,10,/mnt/c/Users/rames102/Desktop/Gurobi_QP/one_equality_new/complete_random
precond_pen=0.800,32,15.986000000001184,241.53176605026007,0.8,2,0.15683603286743164,4.696846008300781e-05,0.0,11111111111111110000000000000000,++++++++++++++++----------------,0,False,"[[4.7e-05, 241.53176605]]",44,classical,,10,/mnt/c/Users/rames102/Desktop/Gurobi_QP/one_equality_new/complete_random
precond_pen=1.000,32,15.988000000001307,241.53176605026007,1.0,2,0.14876103401184082,0.00010704994201660156,0.0,11111111111111110000000000000000,++++++++++++++++----------------,0,False,"[[0.000107, 241.53176605]]",44,classical,,10,/mnt/c/Users/rames102/Desktop/Gurobi_QP/one_equality_new/complete_random
baseline,32,229.39780164089404,229.39780164089402,,2,156.65965390205383,0.11634302139282227,0.0,01011011000111100100100011101010,-+-++-++---++++--+--+---+++-+-+-,0,False,"[[7.4e-05, 253.53807005], [0.010073, 231.4468315], [0.116343, 229.39780164]]",45,classical,,10,/mnt/c/Users/rames102/Desktop/Gurobi_QP/one_equality_new/complete_random
precond_pen=0.000,32,15.992000000000758,253.5380700510218,0.0,2,0.19629502296447754,0.00012302398681640625,0.0,11111111111111110000000000000000,++++++++++++++++----------------,0,False,"[[0.000123, 253.53807005]]",45,classical,,10,/mnt/c/Users/rames102/Desktop/Gurobi_QP/one_equality_new/complete_random
precond_pen=0.200,32,15.998000000000275,253.5380700510218,0.2,2,0.1739029884338379,6.914138793945312e-05,0.0,11111111111111110000000000000000,++++++++++++++++----------------,0,False,"[[6.9e-05, 253.53807005]]",45,classical,,10,/mnt/c/Users/rames102/Desktop/Gurobi_QP/one_equality_new/complete_random
precond_pen=0.400,32,15.99200000000053,253.5380700510218,0.4,2,0.1868000030517578,9.202957153320312e-05,0.0,11111111111111110000000000000000,++++++++++++++++----------------,0,False,"[[9.2e-05, 253.53807005]]",45,classical,,10,/mnt/c/Users/rames102/Desktop/Gurobi_QP/one_equality_new/complete_random
precond_pen=0.600,32,15.99200000000127,253.5380700510218,0.6,2,0.20309710502624512,5.0067901611328125e-05,0.0,11111111111111110000000000000000,++++++++++++++++----------------,0,False,"[[5e-05, 253.53807005]]",45,classical,,10,/mnt/c/Users/rames102/Desktop/Gurobi_QP/one_equality_new/complete_random
precond_pen=0.800,32,15.998000000000332,253.5380700510218,0.8,2,0.18034815788269043,6.103515625e-05,0.0,11111111111111110000000000000000,++++++++++++++++----------------,0,False,"[[6.1e-05, 253.53807005]]",45,classical,,10,/mnt/c/Users/rames102/Desktop/Gurobi_QP/one_equality_new/complete_random
precond_pen=1.000,32,15.994000000000824,253.5380700510218,1.0,2,0.1600818634033203,6.794929504394531e-05,0.0,11111111111111110000000000000000,++++++++++++++++----------------,0,False,"[[6.8e-05, 253.53807005]]",45,classical,,10,/mnt/c/Users/rames102/Desktop/Gurobi_QP/one_equality_new/complete_random
baseline,32,211.24765988437204,211.24765988437215,,2,206.23807406425476,164.30928802490234,0.0,11111111100100010001010001001001,+++++++++--+---+---+-+---+--+--+,0,False,"[[5e-05, 243.75116571], [0.006181, 240.58938093], [0.007035, 236.56912269], [0.008151, 216.06497963], [0.137711, 214.6339683], [74.870792, 214.55336508], [77.426033, 211.72110812], [77.435127, 211.70417729], [164.309288, 211.24765988]]",46,classical,,10,/mnt/c/Users/rames102/Desktop/Gurobi_QP/one_equality_new/complete_random
precond_pen=0.000,32,15.994000000000824,243.7511657107219,0.0,2,0.23406291007995605,8.988380432128906e-05,0.0,11111111111111110000000000000000,++++++++++++++++----------------,0,False,"[[9e-05, 243.75116571]]",46,classical,,10,/mnt/c/Users/rames102/Desktop/Gurobi_QP/one_equality_new/complete_random
precond_pen=0.200,32,15.996000000000492,243.7511657107219,0.2,2,0.2172229290008545,9.989738464355469e-05,0.0,11111111111111110000000000000000,++++++++++++++++----------------,0,False,"[[0.0001, 243.75116571]]",46,classical,,10,/mnt/c/Users/rames102/Desktop/Gurobi_QP/one_equality_new/complete_random
precond_pen=0.400,32,15.998000000000275,243.7511657107219,0.4,2,0.1803591251373291,5.0067901611328125e-05,0.0,11111111111111110000000000000000,++++++++++++++++----------------,0,False,"[[5e-05, 243.75116571]]",46,classical,,10,/mnt/c/Users/rames102/Desktop/Gurobi_QP/one_equality_new/complete_random
precond_pen=0.600,32,15.99600000000055,243.7511657107219,0.6,2,0.17886090278625488,0.00017714500427246094,0.0,11111111111111110000000000000000,++++++++++++++++----------------,0,False,"[[0.000177, 243.75116571]]",46,classical,,10,/mnt/c/Users/rames102/Desktop/Gurobi_QP/one_equality_new/complete_random
precond_pen=0.800,32,15.992000000001099,243.7511657107219,0.8,2,0.19785308837890625,7.486343383789062e-05,0.0,11111111111111110000000000000000,++++++++++++++++----------------,0,False,"[[7.5e-05, 243.75116571]]",46,classical,,10,/mnt/c/Users/rames102/Desktop/Gurobi_QP/one_equality_new/complete_random
precond_pen=1.000,32,15.99600000000055,243.7511657107219,1.0,2,0.19997000694274902,7.390975952148438e-05,0.0,11111111111111110000000000000000,++++++++++++++++----------------,0,False,"[[7.4e-05, 243.75116571]]",46,classical,,10,/mnt/c/Users/rames102/Desktop/Gurobi_QP/one_equality_new/complete_random
baseline,32,225.62881216143103,225.62881216143123,,2,204.7504689693451,0.011746883392333984,0.0,01101111001010100000111100001011,-++-++++--+-+-+-----++++----+-++,0,False,"[[0.00011, 255.262153], [0.007454, 250.79756774], [0.011747, 225.62881216]]",47,classical,,10,/mnt/c/Users/rames102/Desktop/Gurobi_QP/one_equality_new/complete_random
precond_pen=0.000,32,15.990000000001373,255.26215300393906,0.0,2,0.20272183418273926,8.988380432128906e-05,0.0,11111111111111110000000000000000,++++++++++++++++----------------,0,False,"[[9e-05, 255.262153]]",47,classical,,10,/mnt/c/Users/rames102/Desktop/Gurobi_QP/one_equality_new/complete_random
precond_pen=0.200,32,15.994000000001108,255.26215300393906,0.2,2,0.17400693893432617,4.887580871582031e-05,0.0,11111111111111110000000000000000,++++++++++++++++----------------,0,False,"[[4.9e-05, 255.262153]]",47,classical,,10,/mnt/c/Users/rames102/Desktop/Gurobi_QP/one_equality_new/complete_random
precond_pen=0.400,32,15.998000000000275,255.26215300393906,0.4,2,0.1872420310974121,5.1021575927734375e-05,0.0,11111111111111110000000000000000,++++++++++++++++----------------,0,False,"[[5.1e-05, 255.262153]]",47,classical,,10,/mnt/c/Users/rames102/Desktop/Gurobi_QP/one_equality_new/complete_random
precond_pen=0.600,32,15.992000000001156,255.26215300393906,0.6,2,0.16361689567565918,4.8160552978515625e-05,0.0,11111111111111110000000000000000,++++++++++++++++----------------,0,False,"[[4.8e-05, 255.262153]]",47,classical,,10,/mnt/c/Users/rames102/Desktop/Gurobi_QP/one_equality_new/complete_random
precond_pen=0.800,32,15.992000000000928,255.26215300393906,0.8,2,0.15980100631713867,5.793571472167969e-05,0.0,11111111111111110000000000000000,++++++++++++++++----------------,0,False,"[[5.8e-05, 255.262153]]",47,classical,,10,/mnt/c/Users/rames102/Desktop/Gurobi_QP/one_equality_new/complete_random
precond_pen=1.000,32,15.998000000000275,255.26215300393906,1.0,2,0.1727159023284912,6.604194641113281e-05,0.0,11111111111111110000000000000000,++++++++++++++++----------------,0,False,"[[6.6e-05, 255.262153]]",47,classical,,10,/mnt/c/Users/rames102/Desktop/Gurobi_QP/one_equality_new/complete_random
baseline,32,219.56798265469797,219.56798265469826,,2,145.8438220024109,0.14642095565795898,0.0,11100010110110000011101010101001,+++---+-++-++-----+++-+-+-+-+--+,0,False,"[[6.6e-05, 263.62037058], [0.005102, 256.3472978], [0.005625, 252.67600703], [0.006501, 222.26811528], [0.146421, 219.56798265]]",48,classical,,10,/mnt/c/Users/rames102/Desktop/Gurobi_QP/one_equality_new/complete_random
precond_pen=0.000,32,15.990000000001316,263.62037058396385,0.0,2,0.21505188941955566,7.700920104980469e-05,0.0,11111111111111110000000000000000,++++++++++++++++----------------,0,False,"[[7.7e-05, 263.62037058]]",48,classical,,10,/mnt/c/Users/rames102/Desktop/Gurobi_QP/one_equality_new/complete_random
precond_pen=0.200,32,16.0,263.62037058396385,0.2,2,0.16638898849487305,0.00010704994201660156,0.0,11111111111111110000000000000000,++++++++++++++++----------------,0,False,"[[0.000107, 263.62037058]]",48,classical,,10,/mnt/c/Users/rames102/Desktop/Gurobi_QP/one_equality_new/complete_random
precond_pen=0.400,32,15.986000000000615,263.62037058396385,0.4,2,0.1798720359802246,7.605552673339844e-05,0.0,11111111111111110000000000000000,++++++++++++++++----------------,0,False,"[[7.6e-05, 263.62037058]]",48,classical,,10,/mnt/c/Users/rames102/Desktop/Gurobi_QP/one_equality_new/complete_random
precond_pen=0.600,32,15.990000000001373,263.62037058396385,0.6,2,0.17391490936279297,6.29425048828125e-05,0.0,11111111111111110000000000000000,++++++++++++++++----------------,0,False,"[[6.3e-05, 263.62037058]]",48,classical,,10,/mnt/c/Users/rames102/Desktop/Gurobi_QP/one_equality_new/complete_random
precond_pen=0.800,32,15.986000000001582,263.62037058396385,0.8,2,0.16638493537902832,5.2928924560546875e-05,0.0,11111111111111110000000000000000,++++++++++++++++----------------,0,False,"[[5.3e-05, 263.62037058]]",48,classical,,10,/mnt/c/Users/rames102/Desktop/Gurobi_QP/one_equality_new/complete_random
precond_pen=1.000,32,15.996000000000492,263.62037058396385,1.0,2,0.1636061668395996,4.8160552978515625e-05,0.0,11111111111111110000000000000000,++++++++++++++++----------------,0,False,"[[4.8e-05, 263.62037058]]",48,classical,,10,/mnt/c/Users/rames102/Desktop/Gurobi_QP/one_equality_new/complete_random
baseline,32,225.2234827168229,225.2234827168229,,2,406.1622312068939,109.34163117408752,0.0,11011101000101110011000000101110,++-+++-+---+-+++--++------+-+++-,0,False,"[[0.000166, 256.15840879], [0.010371, 226.86615346], [0.122848, 226.17156015], [109.341631, 225.22348272]]",49,classical,,10,/mnt/c/Users/rames102/Desktop/Gurobi_QP/one_equality_new/complete_random
precond_pen=0.000,32,15.988000000001648,256.1584087903428,0.0,2,0.18250393867492676,8.58306884765625e-05,0.0,11111111111111110000000000000000,++++++++++++++++----------------,0,False,"[[8.6e-05, 256.15840879]]",49,classical,,10,/mnt/c/Users/rames102/Desktop/Gurobi_QP/one_equality_new/complete_random
precond_pen=0.200,32,15.994000000000767,256.1584087903428,0.2,2,0.19362902641296387,5.0067901611328125e-05,0.0,11111111111111110000000000000000,++++++++++++++++----------------,0,False,"[[5e-05, 256.15840879]]",49,classical,,10,/mnt/c/Users/rames102/Desktop/Gurobi_QP/one_equality_new/complete_random
precond_pen=0.400,32,15.992000000001042,256.1584087903428,0.4,2,0.1558079719543457,8.678436279296875e-05,0.0,11111111111111110000000000000000,++++++++++++++++----------------,0,False,"[[8.7e-05, 256.15840879]]",49,classical,,10,/mnt/c/Users/rames102/Desktop/Gurobi_QP/one_equality_new/complete_random
precond_pen=0.600,32,15.986000000001411,256.1584087903428,0.6,2,0.14994597434997559,4.601478576660156e-05,0.0,11111111111111110000000000000000,++++++++++++++++----------------,0,False,"[[4.6e-05, 256.15840879]]",49,classical,,10,/mnt/c/Users/rames102/Desktop/Gurobi_QP/one_equality_new/complete_random
precond_pen=0.800,32,15.992000000001212,256.1584087903428,0.8,2,0.16984009742736816,4.9114227294921875e-05,0.0,11111111111111110000000000000000,++++++++++++++++----------------,0,False,"[[4.9e-05, 256.15840879]]",49,classical,,10,/mnt/c/Users/rames102/Desktop/Gurobi_QP/one_equality_new/complete_random
precond_pen=1.000,32,15.9920000000007,256.1584087903428,1.0,2,0.1923081874847412,5.1021575927734375e-05,0.0,11111111111111110000000000000000,++++++++++++++++----------------,0,False,"[[5.1e-05, 256.15840879]]",49,classical,,10,/mnt/c/Users/rames102/Desktop/Gurobi_QP/one_equality_new/complete_random
