seed,layers,sweeps,preconditioner_family,name,penalty,presolve,event_idx,time_sec,orig_obj,running_best_orig_obj
0,3,,quantum,baseline,,True,0,0.000734,16.2904225,16.2904225
0,3,,quantum,baseline,,True,1,0.008153,13.45806172,13.45806172
0,3,,quantum,precond_pen=0.200,0.2,True,0,0.000702,16.2904225,16.2904225
0,3,,quantum,precond_pen=0.200,0.2,True,1,0.007082,16.29948472,16.2904225
0,3,,quantum,precond_pen=0.200,0.2,True,2,0.007274,13.66466825,13.66466825
0,3,,quantum,precond_pen=0.300,0.3,True,0,0.000649,16.2904225,16.2904225
0,3,,quantum,precond_pen=0.300,0.3,True,1,0.006766,15.88880197,15.88880197
0,3,,quantum,precond_pen=0.300,0.3,True,2,0.007064,16.73062169,15.88880197
0,3,,quantum,precond_pen=0.300,0.3,True,3,0.007276,15.30882494,15.30882494
0,3,,quantum,precond_pen=0.300,0.3,True,4,0.007447,13.66466825,13.66466825
0,3,,quantum,precond_pen=0.400,0.4,True,0,0.000749,16.2904225,16.2904225
0,3,,quantum,precond_pen=0.400,0.4,True,1,0.008726,13.45806172,13.45806172
0,3,,quantum,precond_pen=0.400,0.4,True,2,0.008989,13.66466825,13.45806172
0,3,,quantum,precond_pen=0.500,0.5,True,0,0.000723,16.2904225,16.2904225
0,3,,quantum,precond_pen=0.500,0.5,True,1,0.00486,13.45806172,13.45806172
0,3,,quantum,precond_pen=0.500,0.5,True,2,0.005142,13.66466825,13.45806172
0,3,,quantum,precond_pen=0.600,0.6,True,0,0.000687,16.2904225,16.2904225
0,3,,quantum,precond_pen=0.600,0.6,True,1,0.005676,13.45806172,13.45806172
0,3,,quantum,precond_pen=0.600,0.6,True,2,0.00597,13.66466825,13.45806172
0,3,,quantum,precond_pen=0.700,0.7,True,0,0.000688,16.2904225,16.2904225
0,3,,quantum,precond_pen=0.700,0.7,True,1,0.005462,13.45806172,13.45806172
0,3,,quantum,precond_pen=0.700,0.7,True,2,0.005734,13.66466825,13.45806172
0,3,,quantum,precond_pen=0.800,0.8,True,0,0.000938,16.2904225,16.2904225
0,3,,quantum,precond_pen=0.800,0.8,True,1,0.006779,13.45806172,13.45806172
0,3,,quantum,precond_pen=0.800,0.8,True,2,0.007057,13.66466825,13.45806172
0,3,,quantum,precond_pen=1.000,1.0,True,0,0.000925,16.2904225,16.2904225
0,3,,quantum,precond_pen=1.000,1.0,True,1,0.010345,13.45806172,13.45806172
1,3,,quantum,baseline,,True,0,0.000924,13.90169322,13.90169322
1,3,,quantum,baseline,,True,1,0.007268,12.60301525,12.60301525
1,3,,quantum,precond_pen=0.200,0.2,True,0,0.000861,13.90169322,13.90169322
1,3,,quantum,precond_pen=0.200,0.2,True,1,0.013237,12.60301525,12.60301525
1,3,,quantum,precond_pen=0.300,0.3,True,0,0.000862,13.90169322,13.90169322
1,3,,quantum,precond_pen=0.300,0.3,True,1,0.005021,12.60301525,12.60301525
1,3,,quantum,precond_pen=0.400,0.4,True,0,0.000943,13.90169322,13.90169322
1,3,,quantum,precond_pen=0.400,0.4,True,1,0.010165,12.60301525,12.60301525
1,3,,quantum,precond_pen=0.500,0.5,True,0,0.000196,13.90169322,13.90169322
1,3,,quantum,precond_pen=0.500,0.5,True,1,0.004876,12.60301525,12.60301525
1,3,,quantum,precond_pen=0.600,0.6,True,0,0.000689,13.90169322,13.90169322
1,3,,quantum,precond_pen=0.600,0.6,True,1,0.007323,13.27899297,13.27899297
1,3,,quantum,precond_pen=0.600,0.6,True,2,0.007558,12.60301525,12.60301525
1,3,,quantum,precond_pen=0.700,0.7,True,0,0.00071,13.90169322,13.90169322
1,3,,quantum,precond_pen=0.700,0.7,True,1,0.008743,13.27899297,13.27899297
1,3,,quantum,precond_pen=0.700,0.7,True,2,0.009022,12.60301525,12.60301525
1,3,,quantum,precond_pen=0.800,0.8,True,0,0.000179,13.90169322,13.90169322
1,3,,quantum,precond_pen=0.800,0.8,True,1,0.004412,12.60301525,12.60301525
1,3,,quantum,precond_pen=1.000,1.0,True,0,0.00017,13.90169322,13.90169322
1,3,,quantum,precond_pen=1.000,1.0,True,1,0.004902,12.60301525,12.60301525
2,3,,quantum,baseline,,True,0,0.000158,15.10648738,15.10648738
2,3,,quantum,baseline,,True,1,0.005063,13.68844977,13.68844977
2,3,,quantum,precond_pen=0.200,0.2,True,0,0.000157,15.10648738,15.10648738
2,3,,quantum,precond_pen=0.200,0.2,True,1,0.003529,14.99458994,14.99458994
2,3,,quantum,precond_pen=0.200,0.2,True,2,0.003722,14.27287949,14.27287949
2,3,,quantum,precond_pen=0.200,0.2,True,3,0.006097,13.68844977,13.68844977
2,3,,quantum,precond_pen=0.200,0.2,True,4,0.006191,13.75198867,13.68844977
2,3,,quantum,precond_pen=0.300,0.3,True,0,0.000147,15.10648738,15.10648738
2,3,,quantum,precond_pen=0.300,0.3,True,1,0.003595,13.75198867,13.75198867
2,3,,quantum,precond_pen=0.400,0.4,True,0,0.000138,15.10648738,15.10648738
2,3,,quantum,precond_pen=0.400,0.4,True,1,0.003443,13.75198867,13.75198867
2,3,,quantum,precond_pen=0.500,0.5,True,0,0.00017,15.10648738,15.10648738
2,3,,quantum,precond_pen=0.500,0.5,True,1,0.012491,14.13134267,14.13134267
2,3,,quantum,precond_pen=0.500,0.5,True,2,0.013003,13.80798245,13.80798245
2,3,,quantum,precond_pen=0.500,0.5,True,3,0.013307,13.75198867,13.75198867
2,3,,quantum,precond_pen=0.600,0.6,True,0,0.00016,15.10648738,15.10648738
2,3,,quantum,precond_pen=0.600,0.6,True,1,0.011715,14.13134267,14.13134267
2,3,,quantum,precond_pen=0.600,0.6,True,2,0.012123,13.80798245,13.80798245
2,3,,quantum,precond_pen=0.600,0.6,True,3,0.012334,13.75198867,13.75198867
2,3,,quantum,precond_pen=0.700,0.7,True,0,0.000164,15.10648738,15.10648738
2,3,,quantum,precond_pen=0.700,0.7,True,1,0.010617,14.13134267,14.13134267
2,3,,quantum,precond_pen=0.700,0.7,True,2,0.011022,13.80798245,13.80798245
2,3,,quantum,precond_pen=0.700,0.7,True,3,0.011234,13.75198867,13.75198867
2,3,,quantum,precond_pen=0.800,0.8,True,0,0.000154,15.10648738,15.10648738
2,3,,quantum,precond_pen=0.800,0.8,True,1,0.002975,13.75198867,13.75198867
2,3,,quantum,precond_pen=1.000,1.0,True,0,0.000143,15.10648738,15.10648738
2,3,,quantum,precond_pen=1.000,1.0,True,1,0.023857,14.52586311,14.52586311
2,3,,quantum,precond_pen=1.000,1.0,True,2,0.024103,13.75198867,13.75198867
3,3,,quantum,baseline,,True,0,0.000148,15.26295569,15.26295569
3,3,,quantum,baseline,,True,1,0.004461,15.12432008,15.12432008
3,3,,quantum,baseline,,True,2,0.004612,12.50592149,12.50592149
3,3,,quantum,precond_pen=0.200,0.2,True,0,0.000163,15.26295569,15.26295569
3,3,,quantum,precond_pen=0.200,0.2,True,1,0.003762,15.2500833,15.2500833
3,3,,quantum,precond_pen=0.200,0.2,True,2,0.003945,12.50592149,12.50592149
3,3,,quantum,precond_pen=0.300,0.3,True,0,0.00017,15.26295569,15.26295569
3,3,,quantum,precond_pen=0.300,0.3,True,1,0.004449,12.50592149,12.50592149
3,3,,quantum,precond_pen=0.400,0.4,True,0,0.000175,15.26295569,15.26295569
3,3,,quantum,precond_pen=0.400,0.4,True,1,0.012703,12.50592149,12.50592149
3,3,,quantum,precond_pen=0.500,0.5,True,0,0.00018,15.26295569,15.26295569
3,3,,quantum,precond_pen=0.500,0.5,True,1,0.004086,12.50592149,12.50592149
3,3,,quantum,precond_pen=0.600,0.6,True,0,0.000196,15.26295569,15.26295569
3,3,,quantum,precond_pen=0.600,0.6,True,1,0.016697,12.50592149,12.50592149
3,3,,quantum,precond_pen=0.700,0.7,True,0,0.001066,15.26295569,15.26295569
3,3,,quantum,precond_pen=0.700,0.7,True,1,0.014925,12.50592149,12.50592149
3,3,,quantum,precond_pen=0.800,0.8,True,0,0.001003,15.26295569,15.26295569
3,3,,quantum,precond_pen=0.800,0.8,True,1,0.017367,12.50592149,12.50592149
3,3,,quantum,precond_pen=1.000,1.0,True,0,0.000178,15.26295569,15.26295569
3,3,,quantum,precond_pen=1.000,1.0,True,1,0.015402,14.56692067,14.56692067
3,3,,quantum,precond_pen=1.000,1.0,True,2,0.015881,13.85913513,13.85913513
3,3,,quantum,precond_pen=1.000,1.0,True,3,0.016301,13.52145832,13.52145832
3,3,,quantum,precond_pen=1.000,1.0,True,4,0.016475,12.50592149,12.50592149
4,3,,quantum,baseline,,True,0,0.00072,19.81287321,19.81287321
4,3,,quantum,baseline,,True,1,0.013603,16.08041469,16.08041469
4,3,,quantum,precond_pen=0.200,0.2,True,0,0.000144,19.81287321,19.81287321
4,3,,quantum,precond_pen=0.200,0.2,True,1,0.015131,20.99621606,19.81287321
4,3,,quantum,precond_pen=0.200,0.2,True,2,0.015295,16.08041469,16.08041469
4,3,,quantum,precond_pen=0.300,0.3,True,0,0.000171,19.81287321,19.81287321
4,3,,quantum,precond_pen=0.300,0.3,True,1,0.008128,18.04084029,18.04084029
4,3,,quantum,precond_pen=0.300,0.3,True,2,0.008663,16.77060863,16.77060863
4,3,,quantum,precond_pen=0.300,0.3,True,3,0.008882,16.08041469,16.08041469
4,3,,quantum,precond_pen=0.400,0.4,True,0,0.000209,19.81287321,19.81287321
4,3,,quantum,precond_pen=0.400,0.4,True,1,0.006415,18.04084029,18.04084029
4,3,,quantum,precond_pen=0.400,0.4,True,2,0.006864,16.08041469,16.08041469
4,3,,quantum,precond_pen=0.500,0.5,True,0,0.000162,19.81287321,19.81287321
4,3,,quantum,precond_pen=0.500,0.5,True,1,0.011948,18.04084029,18.04084029
4,3,,quantum,precond_pen=0.500,0.5,True,2,0.013097,16.77060863,16.77060863
4,3,,quantum,precond_pen=0.500,0.5,True,3,0.013355,16.08041469,16.08041469
4,3,,quantum,precond_pen=0.600,0.6,True,0,0.000177,19.81287321,19.81287321
4,3,,quantum,precond_pen=0.600,0.6,True,1,0.005698,18.04084029,18.04084029
4,3,,quantum,precond_pen=0.600,0.6,True,2,0.006182,16.77060863,16.77060863
4,3,,quantum,precond_pen=0.600,0.6,True,3,0.006461,16.08041469,16.08041469
4,3,,quantum,precond_pen=0.700,0.7,True,0,0.000194,19.81287321,19.81287321
4,3,,quantum,precond_pen=0.700,0.7,True,1,0.012022,18.04084029,18.04084029
4,3,,quantum,precond_pen=0.700,0.7,True,2,0.012466,16.77060863,16.77060863
4,3,,quantum,precond_pen=0.700,0.7,True,3,0.012693,16.08041469,16.08041469
4,3,,quantum,precond_pen=0.800,0.8,True,0,0.000172,19.81287321,19.81287321
4,3,,quantum,precond_pen=0.800,0.8,True,1,0.008844,18.04084029,18.04084029
4,3,,quantum,precond_pen=0.800,0.8,True,2,0.009354,16.77060863,16.77060863
4,3,,quantum,precond_pen=0.800,0.8,True,3,0.009628,16.08041469,16.08041469
4,3,,quantum,precond_pen=1.000,1.0,True,0,0.000192,19.81287321,19.81287321
4,3,,quantum,precond_pen=1.000,1.0,True,1,0.004079,16.77060863,16.77060863
4,3,,quantum,precond_pen=1.000,1.0,True,2,0.004306,16.08041469,16.08041469
5,3,,quantum,baseline,,True,0,0.000184,15.28890653,15.28890653
5,3,,quantum,baseline,,True,1,0.00778,13.91075566,13.91075566
5,3,,quantum,precond_pen=0.200,0.2,True,0,0.000179,15.28890653,15.28890653
5,3,,quantum,precond_pen=0.200,0.2,True,1,0.009849,13.96908206,13.96908206
5,3,,quantum,precond_pen=0.300,0.3,True,0,0.0002,15.28890653,15.28890653
5,3,,quantum,precond_pen=0.300,0.3,True,1,0.006863,14.57286827,14.57286827
5,3,,quantum,precond_pen=0.300,0.3,True,2,0.007138,14.39760561,14.39760561
5,3,,quantum,precond_pen=0.300,0.3,True,3,0.00726,13.96908206,13.96908206
5,3,,quantum,precond_pen=0.400,0.4,True,0,0.000181,15.28890653,15.28890653
5,3,,quantum,precond_pen=0.400,0.4,True,1,0.009738,14.39760561,14.39760561
5,3,,quantum,precond_pen=0.400,0.4,True,2,0.009955,13.91075566,13.91075566
5,3,,quantum,precond_pen=0.500,0.5,True,0,0.000179,15.28890653,15.28890653
5,3,,quantum,precond_pen=0.500,0.5,True,1,0.010856,14.39760561,14.39760561
5,3,,quantum,precond_pen=0.500,0.5,True,2,0.011049,13.91075566,13.91075566
5,3,,quantum,precond_pen=0.600,0.6,True,0,0.000149,15.28890653,15.28890653
5,3,,quantum,precond_pen=0.600,0.6,True,1,0.008877,14.39760561,14.39760561
5,3,,quantum,precond_pen=0.600,0.6,True,2,0.009159,13.91075566,13.91075566
5,3,,quantum,precond_pen=0.700,0.7,True,0,0.000909,15.28890653,15.28890653
5,3,,quantum,precond_pen=0.700,0.7,True,1,0.011867,14.80715403,14.80715403
5,3,,quantum,precond_pen=0.700,0.7,True,2,0.012334,13.92370993,13.92370993
5,3,,quantum,precond_pen=0.700,0.7,True,3,0.012578,13.91075566,13.91075566
5,3,,quantum,precond_pen=0.800,0.8,True,0,0.000175,15.28890653,15.28890653
5,3,,quantum,precond_pen=0.800,0.8,True,1,0.004616,14.39760561,14.39760561
5,3,,quantum,precond_pen=0.800,0.8,True,2,0.004889,13.92370993,13.92370993
5,3,,quantum,precond_pen=0.800,0.8,True,3,0.005039,13.91075566,13.91075566
5,3,,quantum,precond_pen=1.000,1.0,True,0,0.00018,15.28890653,15.28890653
5,3,,quantum,precond_pen=1.000,1.0,True,1,0.007025,14.39760561,14.39760561
5,3,,quantum,precond_pen=1.000,1.0,True,2,0.007298,14.2176004,14.2176004
5,3,,quantum,precond_pen=1.000,1.0,True,3,0.007422,13.91075566,13.91075566
6,3,,quantum,baseline,,True,0,0.000197,15.20531646,15.20531646
6,3,,quantum,baseline,,True,1,0.008338,14.0789663,14.0789663
6,3,,quantum,baseline,,True,2,0.00856,12.33521489,12.33521489
6,3,,quantum,precond_pen=0.200,0.2,True,0,0.000174,15.20531646,15.20531646
6,3,,quantum,precond_pen=0.200,0.2,True,1,0.008812,12.33521489,12.33521489
6,3,,quantum,precond_pen=0.300,0.3,True,0,0.000168,15.20531646,15.20531646
6,3,,quantum,precond_pen=0.300,0.3,True,1,0.004259,12.33521489,12.33521489
6,3,,quantum,precond_pen=0.400,0.4,True,0,0.000183,15.20531646,15.20531646
6,3,,quantum,precond_pen=0.400,0.4,True,1,0.006879,13.59313403,13.59313403
6,3,,quantum,precond_pen=0.400,0.4,True,2,0.007329,12.90567137,12.90567137
6,3,,quantum,precond_pen=0.400,0.4,True,3,0.00755,12.33521489,12.33521489
6,3,,quantum,precond_pen=0.500,0.5,True,0,0.000129,15.20531646,15.20531646
6,3,,quantum,precond_pen=0.500,0.5,True,1,0.008028,13.47044465,13.47044465
6,3,,quantum,precond_pen=0.500,0.5,True,2,0.008386,12.33521489,12.33521489
6,3,,quantum,precond_pen=0.600,0.6,True,0,0.000204,15.20531646,15.20531646
6,3,,quantum,precond_pen=0.600,0.6,True,1,0.004582,14.27819877,14.27819877
6,3,,quantum,precond_pen=0.600,0.6,True,2,0.004762,14.0789663,14.0789663
6,3,,quantum,precond_pen=0.600,0.6,True,3,0.004901,12.33521489,12.33521489
6,3,,quantum,precond_pen=0.700,0.7,True,0,0.000201,15.20531646,15.20531646
6,3,,quantum,precond_pen=0.700,0.7,True,1,0.010219,15.2631854,15.20531646
6,3,,quantum,precond_pen=0.700,0.7,True,2,0.010586,14.0789663,14.0789663
6,3,,quantum,precond_pen=0.700,0.7,True,3,0.010793,12.33521489,12.33521489
6,3,,quantum,precond_pen=0.800,0.8,True,0,0.000121,15.20531646,15.20531646
6,3,,quantum,precond_pen=0.800,0.8,True,1,0.007038,12.40373055,12.40373055
6,3,,quantum,precond_pen=0.800,0.8,True,2,0.00725,12.33521489,12.33521489
6,3,,quantum,precond_pen=1.000,1.0,True,0,0.00016,15.20531646,15.20531646
6,3,,quantum,precond_pen=1.000,1.0,True,1,0.010243,14.27819877,14.27819877
6,3,,quantum,precond_pen=1.000,1.0,True,2,0.010422,14.0789663,14.0789663
6,3,,quantum,precond_pen=1.000,1.0,True,3,0.010549,12.33521489,12.33521489
7,3,,quantum,baseline,,True,0,0.000151,15.08264545,15.08264545
7,3,,quantum,baseline,,True,1,0.008168,14.232644,14.232644
7,3,,quantum,baseline,,True,2,0.008381,12.44007606,12.44007606
7,3,,quantum,precond_pen=0.200,0.2,True,0,0.000141,15.08264545,15.08264545
7,3,,quantum,precond_pen=0.200,0.2,True,1,0.00652,12.44007606,12.44007606
7,3,,quantum,precond_pen=0.300,0.3,True,0,0.000188,15.08264545,15.08264545
7,3,,quantum,precond_pen=0.300,0.3,True,1,0.009761,13.48004443,13.48004443
7,3,,quantum,precond_pen=0.300,0.3,True,2,0.010003,12.44007606,12.44007606
7,3,,quantum,precond_pen=0.400,0.4,True,0,0.000238,15.08264545,15.08264545
7,3,,quantum,precond_pen=0.400,0.4,True,1,0.010602,13.48004443,13.48004443
7,3,,quantum,precond_pen=0.400,0.4,True,2,0.010806,12.44007606,12.44007606
7,3,,quantum,precond_pen=0.500,0.5,True,0,0.000166,15.08264545,15.08264545
7,3,,quantum,precond_pen=0.500,0.5,True,1,0.004271,13.48004443,13.48004443
7,3,,quantum,precond_pen=0.500,0.5,True,2,0.004432,12.44007606,12.44007606
7,3,,quantum,precond_pen=0.600,0.6,True,0,0.000167,15.08264545,15.08264545
7,3,,quantum,precond_pen=0.600,0.6,True,1,0.005398,13.48004443,13.48004443
7,3,,quantum,precond_pen=0.600,0.6,True,2,0.005602,12.44007606,12.44007606
7,3,,quantum,precond_pen=0.700,0.7,True,0,0.000164,15.08264545,15.08264545
7,3,,quantum,precond_pen=0.700,0.7,True,1,0.00852,13.48004443,13.48004443
7,3,,quantum,precond_pen=0.700,0.7,True,2,0.008722,12.44007606,12.44007606
7,3,,quantum,precond_pen=0.800,0.8,True,0,0.000166,15.08264545,15.08264545
7,3,,quantum,precond_pen=0.800,0.8,True,1,0.007216,13.48004443,13.48004443
7,3,,quantum,precond_pen=0.800,0.8,True,2,0.007496,12.44007606,12.44007606
7,3,,quantum,precond_pen=1.000,1.0,True,0,0.000751,15.08264545,15.08264545
7,3,,quantum,precond_pen=1.000,1.0,True,1,0.00623,13.48004443,13.48004443
7,3,,quantum,precond_pen=1.000,1.0,True,2,0.006488,12.44007606,12.44007606
8,3,,quantum,baseline,,True,0,0.000205,16.09186913,16.09186913
8,3,,quantum,baseline,,True,1,0.004694,13.879276,13.879276
8,3,,quantum,baseline,,True,2,0.0049,11.29572031,11.29572031
8,3,,quantum,baseline,,True,3,0.008889,11.09698157,11.09698157
8,3,,quantum,precond_pen=0.200,0.2,True,0,0.000209,16.09186913,16.09186913
8,3,,quantum,precond_pen=0.200,0.2,True,1,0.005582,11.47431947,11.47431947
8,3,,quantum,precond_pen=0.300,0.3,True,0,0.000631,16.09186913,16.09186913
8,3,,quantum,precond_pen=0.300,0.3,True,1,0.007508,12.97723676,12.97723676
8,3,,quantum,precond_pen=0.300,0.3,True,2,0.007957,11.09698157,11.09698157
8,3,,quantum,precond_pen=0.300,0.3,True,3,0.008196,11.47431947,11.09698157
8,3,,quantum,precond_pen=0.400,0.4,True,0,0.000185,16.09186913,16.09186913
8,3,,quantum,precond_pen=0.400,0.4,True,1,0.012177,12.84420211,12.84420211
8,3,,quantum,precond_pen=0.400,0.4,True,2,0.012683,11.09698157,11.09698157
8,3,,quantum,precond_pen=0.400,0.4,True,3,0.012902,11.47431947,11.09698157
8,3,,quantum,precond_pen=0.500,0.5,True,0,0.000186,16.09186913,16.09186913
8,3,,quantum,precond_pen=0.500,0.5,True,1,0.004886,14.25735359,14.25735359
8,3,,quantum,precond_pen=0.500,0.5,True,2,0.005232,11.09698157,11.09698157
8,3,,quantum,precond_pen=0.600,0.6,True,0,0.000125,16.09186913,16.09186913
8,3,,quantum,precond_pen=0.600,0.6,True,1,0.011757,14.25735359,14.25735359
8,3,,quantum,precond_pen=0.600,0.6,True,2,0.012161,11.09698157,11.09698157
8,3,,quantum,precond_pen=0.700,0.7,True,0,0.000192,16.09186913,16.09186913
8,3,,quantum,precond_pen=0.700,0.7,True,1,0.012435,12.43473125,12.43473125
8,3,,quantum,precond_pen=0.700,0.7,True,2,0.012952,11.09698157,11.09698157
8,3,,quantum,precond_pen=0.800,0.8,True,0,0.000188,16.09186913,16.09186913
8,3,,quantum,precond_pen=0.800,0.8,True,1,0.01343,14.25735359,14.25735359
8,3,,quantum,precond_pen=0.800,0.8,True,2,0.01398,11.09698157,11.09698157
8,3,,quantum,precond_pen=1.000,1.0,True,0,0.000193,16.09186913,16.09186913
8,3,,quantum,precond_pen=1.000,1.0,True,1,0.00794,14.49736755,14.49736755
8,3,,quantum,precond_pen=1.000,1.0,True,2,0.008409,11.09698157,11.09698157
9,3,,quantum,baseline,,True,0,0.000211,18.30694408,18.30694408
9,3,,quantum,baseline,,True,1,0.010884,17.9176676,17.9176676
9,3,,quantum,precond_pen=0.200,0.2,True,0,0.000201,18.30694408,18.30694408
9,3,,quantum,precond_pen=0.300,0.3,True,0,0.00018,18.30694408,18.30694408
9,3,,quantum,precond_pen=0.300,0.3,True,1,0.012627,18.31342692,18.30694408
9,3,,quantum,precond_pen=0.400,0.4,True,0,0.0002,18.30694408,18.30694408
9,3,,quantum,precond_pen=0.400,0.4,True,1,0.004546,18.31342692,18.30694408
9,3,,quantum,precond_pen=0.500,0.5,True,0,0.000162,18.30694408,18.30694408
9,3,,quantum,precond_pen=0.500,0.5,True,1,0.003311,18.31342692,18.30694408
9,3,,quantum,precond_pen=0.600,0.6,True,0,0.000161,18.30694408,18.30694408
9,3,,quantum,precond_pen=0.600,0.6,True,1,0.003511,17.9176676,17.9176676
9,3,,quantum,precond_pen=0.700,0.7,True,0,0.000145,18.30694408,18.30694408
9,3,,quantum,precond_pen=0.700,0.7,True,1,0.004428,18.31342692,18.30694408
9,3,,quantum,precond_pen=0.700,0.7,True,2,0.00463,17.9176676,17.9176676
9,3,,quantum,precond_pen=0.800,0.8,True,0,0.000161,18.30694408,18.30694408
9,3,,quantum,precond_pen=0.800,0.8,True,1,0.022656,18.31342692,18.30694408
9,3,,quantum,precond_pen=0.800,0.8,True,2,0.022886,17.9176676,17.9176676
9,3,,quantum,precond_pen=1.000,1.0,True,0,0.000186,18.30694408,18.30694408
9,3,,quantum,precond_pen=1.000,1.0,True,1,0.012665,18.31342692,18.30694408
9,3,,quantum,precond_pen=1.000,1.0,True,2,0.012998,17.9176676,17.9176676
10,3,,quantum,baseline,,True,0,0.000189,17.91925848,17.91925848
10,3,,quantum,baseline,,True,1,0.006628,17.68334486,17.68334486
10,3,,quantum,baseline,,True,2,0.006813,15.42248292,15.42248292
10,3,,quantum,precond_pen=0.200,0.2,True,0,0.00062,17.91925848,17.91925848
10,3,,quantum,precond_pen=0.200,0.2,True,1,0.006512,16.28983897,16.28983897
10,3,,quantum,precond_pen=0.200,0.2,True,2,0.006695,15.65153141,15.65153141
10,3,,quantum,precond_pen=0.300,0.3,True,0,0.000183,17.91925848,17.91925848
10,3,,quantum,precond_pen=0.300,0.3,True,1,0.004928,16.44689049,16.44689049
10,3,,quantum,precond_pen=0.300,0.3,True,2,0.005511,15.42248292,15.42248292
10,3,,quantum,precond_pen=0.300,0.3,True,3,0.005784,15.74087981,15.42248292
10,3,,quantum,precond_pen=0.400,0.4,True,0,0.000202,17.91925848,17.91925848
10,3,,quantum,precond_pen=0.400,0.4,True,1,0.00544,15.65153141,15.65153141
10,3,,quantum,precond_pen=0.500,0.5,True,0,0.000206,17.91925848,17.91925848
10,3,,quantum,precond_pen=0.500,0.5,True,1,0.004416,15.65153141,15.65153141
10,3,,quantum,precond_pen=0.600,0.6,True,0,0.000194,17.91925848,17.91925848
10,3,,quantum,precond_pen=0.600,0.6,True,1,0.005125,15.65153141,15.65153141
10,3,,quantum,precond_pen=0.700,0.7,True,0,0.000132,17.91925848,17.91925848
10,3,,quantum,precond_pen=0.700,0.7,True,1,0.007641,15.42248292,15.42248292
10,3,,quantum,precond_pen=0.700,0.7,True,2,0.007844,15.65153141,15.42248292
10,3,,quantum,precond_pen=0.800,0.8,True,0,0.000171,17.91925848,17.91925848
10,3,,quantum,precond_pen=0.800,0.8,True,1,0.009563,15.42248292,15.42248292
10,3,,quantum,precond_pen=0.800,0.8,True,2,0.009925,15.65153141,15.42248292
10,3,,quantum,precond_pen=1.000,1.0,True,0,0.000163,17.91925848,17.91925848
10,3,,quantum,precond_pen=1.000,1.0,True,1,0.011178,15.99274812,15.99274812
10,3,,quantum,precond_pen=1.000,1.0,True,2,0.011494,15.42248292,15.42248292
10,3,,quantum,precond_pen=1.000,1.0,True,3,0.011596,15.65153141,15.42248292
11,3,,quantum,baseline,,True,0,0.000654,16.00068351,16.00068351
11,3,,quantum,baseline,,True,1,0.007508,12.5224525,12.5224525
11,3,,quantum,precond_pen=0.200,0.2,True,0,0.000173,16.00068351,16.00068351
11,3,,quantum,precond_pen=0.200,0.2,True,1,0.010279,14.61296748,14.61296748
11,3,,quantum,precond_pen=0.200,0.2,True,2,0.010427,12.73968465,12.73968465
11,3,,quantum,precond_pen=0.300,0.3,True,0,0.000162,16.00068351,16.00068351
11,3,,quantum,precond_pen=0.300,0.3,True,1,0.005384,15.79797188,15.79797188
11,3,,quantum,precond_pen=0.300,0.3,True,2,0.00561,12.73968465,12.73968465
11,3,,quantum,precond_pen=0.400,0.4,True,0,0.000661,16.00068351,16.00068351
11,3,,quantum,precond_pen=0.400,0.4,True,1,0.005442,16.04523454,16.00068351
11,3,,quantum,precond_pen=0.400,0.4,True,2,0.005697,13.8464408,13.8464408
11,3,,quantum,precond_pen=0.400,0.4,True,3,0.005934,12.73968465,12.73968465
11,3,,quantum,precond_pen=0.500,0.5,True,0,0.00014,16.00068351,16.00068351
11,3,,quantum,precond_pen=0.500,0.5,True,1,0.009793,16.04523454,16.00068351
11,3,,quantum,precond_pen=0.500,0.5,True,2,0.010113,13.8464408,13.8464408
11,3,,quantum,precond_pen=0.500,0.5,True,3,0.010283,12.73968465,12.73968465
11,3,,quantum,precond_pen=0.600,0.6,True,0,0.000137,16.00068351,16.00068351
11,3,,quantum,precond_pen=0.600,0.6,True,1,0.005548,16.04523454,16.00068351
11,3,,quantum,precond_pen=0.600,0.6,True,2,0.005997,13.8464408,13.8464408
11,3,,quantum,precond_pen=0.600,0.6,True,3,0.006262,13.71448153,13.71448153
11,3,,quantum,precond_pen=0.600,0.6,True,4,0.006364,12.5224525,12.5224525
11,3,,quantum,precond_pen=0.700,0.7,True,0,0.000165,16.00068351,16.00068351
11,3,,quantum,precond_pen=0.700,0.7,True,1,0.005255,13.71448153,13.71448153
11,3,,quantum,precond_pen=0.700,0.7,True,2,0.005483,12.5224525,12.5224525
11,3,,quantum,precond_pen=0.800,0.8,True,0,0.000165,16.00068351,16.00068351
11,3,,quantum,precond_pen=0.800,0.8,True,1,0.011253,13.71448153,13.71448153
11,3,,quantum,precond_pen=0.800,0.8,True,2,0.011694,12.5224525,12.5224525
11,3,,quantum,precond_pen=1.000,1.0,True,0,0.000894,16.00068351,16.00068351
11,3,,quantum,precond_pen=1.000,1.0,True,1,0.011514,13.8464408,13.8464408
11,3,,quantum,precond_pen=1.000,1.0,True,2,0.011773,12.5224525,12.5224525
12,3,,quantum,baseline,,True,0,0.000131,14.53881706,14.53881706
12,3,,quantum,baseline,,True,1,0.010748,12.29532047,12.29532047
12,3,,quantum,precond_pen=0.200,0.2,True,0,0.000147,14.53881706,14.53881706
12,3,,quantum,precond_pen=0.200,0.2,True,1,0.005662,14.62227996,14.53881706
12,3,,quantum,precond_pen=0.200,0.2,True,2,0.005759,12.29532047,12.29532047
12,3,,quantum,precond_pen=0.300,0.3,True,0,0.000126,14.53881706,14.53881706
12,3,,quantum,precond_pen=0.300,0.3,True,1,0.005862,14.0177216,14.0177216
12,3,,quantum,precond_pen=0.300,0.3,True,2,0.006017,12.29532047,12.29532047
12,3,,quantum,precond_pen=0.400,0.4,True,0,0.00013,14.53881706,14.53881706
12,3,,quantum,precond_pen=0.400,0.4,True,1,0.00791,14.0177216,14.0177216
12,3,,quantum,precond_pen=0.400,0.4,True,2,0.008157,12.29532047,12.29532047
12,3,,quantum,precond_pen=0.500,0.5,True,0,0.000202,14.53881706,14.53881706
12,3,,quantum,precond_pen=0.500,0.5,True,1,0.010269,14.0177216,14.0177216
12,3,,quantum,precond_pen=0.500,0.5,True,2,0.010512,14.75231933,14.0177216
12,3,,quantum,precond_pen=0.500,0.5,True,3,0.010684,12.29532047,12.29532047
12,3,,quantum,precond_pen=0.600,0.6,True,0,0.00019,14.53881706,14.53881706
12,3,,quantum,precond_pen=0.600,0.6,True,1,0.010579,12.33953765,12.33953765
12,3,,quantum,precond_pen=0.600,0.6,True,2,0.010809,12.29532047,12.29532047
12,3,,quantum,precond_pen=0.700,0.7,True,0,0.000869,14.53881706,14.53881706
12,3,,quantum,precond_pen=0.700,0.7,True,1,0.01198,12.33953765,12.33953765
12,3,,quantum,precond_pen=0.700,0.7,True,2,0.012172,12.29532047,12.29532047
12,3,,quantum,precond_pen=0.800,0.8,True,0,0.000176,14.53881706,14.53881706
12,3,,quantum,precond_pen=0.800,0.8,True,1,0.015672,12.33953765,12.33953765
12,3,,quantum,precond_pen=0.800,0.8,True,2,0.015867,12.29532047,12.29532047
12,3,,quantum,precond_pen=1.000,1.0,True,0,0.000219,14.53881706,14.53881706
12,3,,quantum,precond_pen=1.000,1.0,True,1,0.005739,12.33953765,12.33953765
12,3,,quantum,precond_pen=1.000,1.0,True,2,0.005944,12.29532047,12.29532047
13,3,,quantum,baseline,,True,0,0.000188,16.52827683,16.52827683
13,3,,quantum,baseline,,True,1,0.008112,15.41906899,15.41906899
13,3,,quantum,precond_pen=0.200,0.2,True,0,0.000189,16.52827683,16.52827683
13,3,,quantum,precond_pen=0.200,0.2,True,1,0.013337,15.41906899,15.41906899
13,3,,quantum,precond_pen=0.300,0.3,True,0,0.000207,16.52827683,16.52827683
13,3,,quantum,precond_pen=0.300,0.3,True,1,0.008539,15.63190074,15.63190074
13,3,,quantum,precond_pen=0.300,0.3,True,2,0.008971,15.41906899,15.41906899
13,3,,quantum,precond_pen=0.400,0.4,True,0,0.000193,16.52827683,16.52827683
13,3,,quantum,precond_pen=0.400,0.4,True,1,0.011915,15.41906899,15.41906899
13,3,,quantum,precond_pen=0.500,0.5,True,0,0.0002,16.52827683,16.52827683
13,3,,quantum,precond_pen=0.500,0.5,True,1,0.006209,15.63190074,15.63190074
13,3,,quantum,precond_pen=0.500,0.5,True,2,0.006522,15.41906899,15.41906899
13,3,,quantum,precond_pen=0.600,0.6,True,0,0.000751,16.52827683,16.52827683
13,3,,quantum,precond_pen=0.600,0.6,True,1,0.012203,15.63190074,15.63190074
13,3,,quantum,precond_pen=0.600,0.6,True,2,0.012457,15.41906899,15.41906899
13,3,,quantum,precond_pen=0.700,0.7,True,0,0.000162,16.52827683,16.52827683
13,3,,quantum,precond_pen=0.700,0.7,True,1,0.006353,15.63190074,15.63190074
13,3,,quantum,precond_pen=0.700,0.7,True,2,0.006604,15.41906899,15.41906899
13,3,,quantum,precond_pen=0.800,0.8,True,0,0.000168,16.52827683,16.52827683
13,3,,quantum,precond_pen=0.800,0.8,True,1,0.007984,15.41906899,15.41906899
13,3,,quantum,precond_pen=1.000,1.0,True,0,0.000183,16.52827683,16.52827683
13,3,,quantum,precond_pen=1.000,1.0,True,1,0.005685,15.41906899,15.41906899
14,3,,quantum,baseline,,True,0,0.000226,18.50126476,18.50126476
14,3,,quantum,baseline,,True,1,0.004609,15.34412757,15.34412757
14,3,,quantum,precond_pen=0.200,0.2,True,0,0.000191,18.50126476,18.50126476
14,3,,quantum,precond_pen=0.200,0.2,True,1,0.005475,15.34412757,15.34412757
14,3,,quantum,precond_pen=0.300,0.3,True,0,0.000161,18.50126476,18.50126476
14,3,,quantum,precond_pen=0.300,0.3,True,1,0.006867,15.43719312,15.43719312
14,3,,quantum,precond_pen=0.300,0.3,True,2,0.007353,15.34412757,15.34412757
14,3,,quantum,precond_pen=0.400,0.4,True,0,0.000204,18.50126476,18.50126476
14,3,,quantum,precond_pen=0.400,0.4,True,1,0.004497,17.52242579,17.52242579
14,3,,quantum,precond_pen=0.400,0.4,True,2,0.004953,18.62651921,17.52242579
14,3,,quantum,precond_pen=0.400,0.4,True,3,0.005256,17.67188304,17.52242579
14,3,,quantum,precond_pen=0.400,0.4,True,4,0.005397,15.34412757,15.34412757
14,3,,quantum,precond_pen=0.500,0.5,True,0,0.000202,18.50126476,18.50126476
14,3,,quantum,precond_pen=0.500,0.5,True,1,0.007824,17.52242579,17.52242579
14,3,,quantum,precond_pen=0.500,0.5,True,2,0.008331,15.34412757,15.34412757
14,3,,quantum,precond_pen=0.600,0.6,True,0,0.000171,18.50126476,18.50126476
14,3,,quantum,precond_pen=0.600,0.6,True,1,0.005687,17.52242579,17.52242579
14,3,,quantum,precond_pen=0.600,0.6,True,2,0.006082,15.34412757,15.34412757
14,3,,quantum,precond_pen=0.700,0.7,True,0,0.000196,18.50126476,18.50126476
14,3,,quantum,precond_pen=0.700,0.7,True,1,0.01175,17.52242579,17.52242579
14,3,,quantum,precond_pen=0.700,0.7,True,2,0.011986,15.34412757,15.34412757
14,3,,quantum,precond_pen=0.800,0.8,True,0,0.000198,18.50126476,18.50126476
14,3,,quantum,precond_pen=0.800,0.8,True,1,0.00981,17.52242579,17.52242579
14,3,,quantum,precond_pen=0.800,0.8,True,2,0.010059,15.34412757,15.34412757
14,3,,quantum,precond_pen=1.000,1.0,True,0,0.000172,18.50126476,18.50126476
14,3,,quantum,precond_pen=1.000,1.0,True,1,0.006525,17.83029522,17.83029522
14,3,,quantum,precond_pen=1.000,1.0,True,2,0.0071,15.34412757,15.34412757
15,3,,quantum,baseline,,True,0,0.000159,17.77094583,17.77094583
15,3,,quantum,baseline,,True,1,0.007759,14.4249633,14.4249633
15,3,,quantum,precond_pen=0.200,0.2,True,0,0.000161,17.77094583,17.77094583
15,3,,quantum,precond_pen=0.200,0.2,True,1,0.007464,14.4249633,14.4249633
15,3,,quantum,precond_pen=0.300,0.3,True,0,0.000173,17.77094583,17.77094583
15,3,,quantum,precond_pen=0.300,0.3,True,1,0.007458,14.4249633,14.4249633
15,3,,quantum,precond_pen=0.400,0.4,True,0,0.000188,17.77094583,17.77094583
15,3,,quantum,precond_pen=0.400,0.4,True,1,0.006825,14.4249633,14.4249633
15,3,,quantum,precond_pen=0.500,0.5,True,0,0.000175,17.77094583,17.77094583
15,3,,quantum,precond_pen=0.500,0.5,True,1,0.004046,14.4249633,14.4249633
15,3,,quantum,precond_pen=0.600,0.6,True,0,0.000176,17.77094583,17.77094583
15,3,,quantum,precond_pen=0.600,0.6,True,1,0.003488,14.4249633,14.4249633
15,3,,quantum,precond_pen=0.700,0.7,True,0,0.000185,17.77094583,17.77094583
15,3,,quantum,precond_pen=0.700,0.7,True,1,0.005053,16.93143274,16.93143274
15,3,,quantum,precond_pen=0.700,0.7,True,2,0.005245,16.44892549,16.44892549
15,3,,quantum,precond_pen=0.700,0.7,True,3,0.005391,14.4249633,14.4249633
15,3,,quantum,precond_pen=0.800,0.8,True,0,0.000171,17.77094583,17.77094583
15,3,,quantum,precond_pen=0.800,0.8,True,1,0.003986,16.93143274,16.93143274
15,3,,quantum,precond_pen=0.800,0.8,True,2,0.004175,16.44892549,16.44892549
15,3,,quantum,precond_pen=0.800,0.8,True,3,0.004344,14.4249633,14.4249633
15,3,,quantum,precond_pen=1.000,1.0,True,0,0.000181,17.77094583,17.77094583
15,3,,quantum,precond_pen=1.000,1.0,True,1,0.005101,16.93143274,16.93143274
15,3,,quantum,precond_pen=1.000,1.0,True,2,0.00547,16.44892549,16.44892549
15,3,,quantum,precond_pen=1.000,1.0,True,3,0.005674,14.4249633,14.4249633
16,3,,quantum,baseline,,True,0,0.000187,16.80427826,16.80427826
16,3,,quantum,baseline,,True,1,0.005434,15.01231179,15.01231179
16,3,,quantum,baseline,,True,2,0.005746,12.88082767,12.88082767
16,3,,quantum,precond_pen=0.200,0.2,True,0,0.00019,16.80427826,16.80427826
16,3,,quantum,precond_pen=0.200,0.2,True,1,0.011874,14.32424806,14.32424806
16,3,,quantum,precond_pen=0.200,0.2,True,2,0.012263,13.39432491,13.39432491
16,3,,quantum,precond_pen=0.200,0.2,True,3,0.012707,13.08154052,13.08154052
16,3,,quantum,precond_pen=0.200,0.2,True,4,0.012891,13.03001998,13.03001998
16,3,,quantum,precond_pen=0.300,0.3,True,0,0.00017,16.80427826,16.80427826
16,3,,quantum,precond_pen=0.300,0.3,True,1,0.006315,13.22720942,13.22720942
16,3,,quantum,precond_pen=0.300,0.3,True,2,0.006575,13.03001998,13.03001998
16,3,,quantum,precond_pen=0.400,0.4,True,0,0.000154,16.80427826,16.80427826
16,3,,quantum,precond_pen=0.400,0.4,True,1,0.012559,13.03001998,13.03001998
16,3,,quantum,precond_pen=0.500,0.5,True,0,0.000157,16.80427826,16.80427826
16,3,,quantum,precond_pen=0.500,0.5,True,1,0.010781,13.03001998,13.03001998
16,3,,quantum,precond_pen=0.500,0.5,True,2,0.01101,12.88082767,12.88082767
16,3,,quantum,precond_pen=0.600,0.6,True,0,0.000167,16.80427826,16.80427826
16,3,,quantum,precond_pen=0.600,0.6,True,1,0.007655,13.03001998,13.03001998
16,3,,quantum,precond_pen=0.600,0.6,True,2,0.007874,12.88082767,12.88082767
16,3,,quantum,precond_pen=0.700,0.7,True,0,0.000185,16.80427826,16.80427826
16,3,,quantum,precond_pen=0.700,0.7,True,1,0.006739,13.03001998,13.03001998
16,3,,quantum,precond_pen=0.700,0.7,True,2,0.007062,12.88082767,12.88082767
16,3,,quantum,precond_pen=0.800,0.8,True,0,0.000186,16.80427826,16.80427826
16,3,,quantum,precond_pen=0.800,0.8,True,1,0.009795,13.03001998,13.03001998
16,3,,quantum,precond_pen=0.800,0.8,True,2,0.010012,12.88082767,12.88082767
16,3,,quantum,precond_pen=1.000,1.0,True,0,0.000165,16.80427826,16.80427826
16,3,,quantum,precond_pen=1.000,1.0,True,1,0.011332,13.82937848,13.82937848
16,3,,quantum,precond_pen=1.000,1.0,True,2,0.011879,13.39432491,13.39432491
16,3,,quantum,precond_pen=1.000,1.0,True,3,0.012179,12.88082767,12.88082767
17,3,,quantum,baseline,,True,0,0.000971,10.42623514,10.42623514
17,3,,quantum,precond_pen=0.200,0.2,True,0,0.000173,10.42623514,10.42623514
17,3,,quantum,precond_pen=0.300,0.3,True,0,0.000169,10.42623514,10.42623514
17,3,,quantum,precond_pen=0.400,0.4,True,0,0.000187,10.42623514,10.42623514
17,3,,quantum,precond_pen=0.500,0.5,True,0,0.000163,10.42623514,10.42623514
17,3,,quantum,precond_pen=0.600,0.6,True,0,0.000169,10.42623514,10.42623514
17,3,,quantum,precond_pen=0.700,0.7,True,0,0.000209,10.42623514,10.42623514
17,3,,quantum,precond_pen=0.800,0.8,True,0,0.000194,10.42623514,10.42623514
17,3,,quantum,precond_pen=1.000,1.0,True,0,0.000144,10.42623514,10.42623514
18,3,,quantum,baseline,,True,0,0.000183,17.47990394,17.47990394
18,3,,quantum,baseline,,True,1,0.010326,14.29263424,14.29263424
18,3,,quantum,baseline,,True,2,0.01055,14.1110848,14.1110848
18,3,,quantum,precond_pen=0.200,0.2,True,0,0.000169,17.47990394,17.47990394
18,3,,quantum,precond_pen=0.200,0.2,True,1,0.008616,14.29263424,14.29263424
18,3,,quantum,precond_pen=0.200,0.2,True,2,0.008799,14.27364514,14.27364514
18,3,,quantum,precond_pen=0.300,0.3,True,0,0.000189,17.47990394,17.47990394
18,3,,quantum,precond_pen=0.300,0.3,True,1,0.010004,17.98354253,17.47990394
18,3,,quantum,precond_pen=0.300,0.3,True,2,0.010639,14.29263424,14.29263424
18,3,,quantum,precond_pen=0.400,0.4,True,0,0.000173,17.47990394,17.47990394
18,3,,quantum,precond_pen=0.400,0.4,True,1,0.013454,16.32473198,16.32473198
18,3,,quantum,precond_pen=0.400,0.4,True,2,0.013873,14.29263424,14.29263424
18,3,,quantum,precond_pen=0.400,0.4,True,3,0.01409,14.57174621,14.29263424
18,3,,quantum,precond_pen=0.500,0.5,True,0,0.000163,17.47990394,17.47990394
18,3,,quantum,precond_pen=0.500,0.5,True,1,0.011855,14.29263424,14.29263424
18,3,,quantum,precond_pen=0.500,0.5,True,2,0.012074,14.1110848,14.1110848
18,3,,quantum,precond_pen=0.500,0.5,True,3,0.014603,14.57174621,14.1110848
18,3,,quantum,precond_pen=0.600,0.6,True,0,0.000186,17.47990394,17.47990394
18,3,,quantum,precond_pen=0.600,0.6,True,1,0.02187,14.29263424,14.29263424
18,3,,quantum,precond_pen=0.600,0.6,True,2,0.022107,14.1110848,14.1110848
18,3,,quantum,precond_pen=0.700,0.7,True,0,0.000154,17.47990394,17.47990394
18,3,,quantum,precond_pen=0.700,0.7,True,1,0.006046,14.27364514,14.27364514
18,3,,quantum,precond_pen=0.700,0.7,True,2,0.006219,14.29263424,14.27364514
18,3,,quantum,precond_pen=0.700,0.7,True,3,0.006343,14.57174621,14.27364514
18,3,,quantum,precond_pen=0.700,0.7,True,4,0.008222,14.1110848,14.1110848
18,3,,quantum,precond_pen=0.700,0.7,True,5,0.009061,14.1110848,14.1110848
18,3,,quantum,precond_pen=0.800,0.8,True,0,0.000146,17.47990394,17.47990394
18,3,,quantum,precond_pen=0.800,0.8,True,1,0.017998,14.27364514,14.27364514
18,3,,quantum,precond_pen=0.800,0.8,True,2,0.018816,14.29263424,14.27364514
18,3,,quantum,precond_pen=0.800,0.8,True,3,0.018952,14.57174621,14.27364514
18,3,,quantum,precond_pen=0.800,0.8,True,4,0.020875,14.1110848,14.1110848
18,3,,quantum,precond_pen=1.000,1.0,True,0,0.000142,17.47990394,17.47990394
18,3,,quantum,precond_pen=1.000,1.0,True,1,0.010151,14.27364514,14.27364514
18,3,,quantum,precond_pen=1.000,1.0,True,2,0.010354,14.29263424,14.27364514
18,3,,quantum,precond_pen=1.000,1.0,True,3,0.010498,14.1110848,14.1110848
19,3,,quantum,baseline,,True,0,0.00017,16.94086439,16.94086439
19,3,,quantum,baseline,,True,1,0.008676,16.7626142,16.7626142
19,3,,quantum,baseline,,True,2,0.008801,13.54487307,13.54487307
19,3,,quantum,precond_pen=0.200,0.2,True,0,0.00018,16.94086439,16.94086439
19,3,,quantum,precond_pen=0.200,0.2,True,1,0.011515,16.7626142,16.7626142
19,3,,quantum,precond_pen=0.200,0.2,True,2,0.011689,13.54487307,13.54487307
19,3,,quantum,precond_pen=0.300,0.3,True,0,0.000185,16.94086439,16.94086439
19,3,,quantum,precond_pen=0.300,0.3,True,1,0.012921,15.03137637,15.03137637
19,3,,quantum,precond_pen=0.300,0.3,True,2,0.013138,13.54487307,13.54487307
19,3,,quantum,precond_pen=0.400,0.4,True,0,0.000165,16.94086439,16.94086439
19,3,,quantum,precond_pen=0.400,0.4,True,1,0.009663,19.06232891,16.94086439
19,3,,quantum,precond_pen=0.400,0.4,True,2,0.010001,16.7626142,16.7626142
19,3,,quantum,precond_pen=0.400,0.4,True,3,0.010189,17.13217755,16.7626142
19,3,,quantum,precond_pen=0.400,0.4,True,4,0.010295,13.54487307,13.54487307
19,3,,quantum,precond_pen=0.500,0.5,True,0,0.000139,16.94086439,16.94086439
19,3,,quantum,precond_pen=0.500,0.5,True,1,0.010597,13.54487307,13.54487307
19,3,,quantum,precond_pen=0.600,0.6,True,0,0.000185,16.94086439,16.94086439
19,3,,quantum,precond_pen=0.600,0.6,True,1,0.015047,13.54487307,13.54487307
19,3,,quantum,precond_pen=0.700,0.7,True,0,0.000172,16.94086439,16.94086439
19,3,,quantum,precond_pen=0.700,0.7,True,1,0.006218,17.13217755,16.94086439
19,3,,quantum,precond_pen=0.700,0.7,True,2,0.006338,13.54487307,13.54487307
19,3,,quantum,precond_pen=0.800,0.8,True,0,0.000162,16.94086439,16.94086439
19,3,,quantum,precond_pen=0.800,0.8,True,1,0.003992,15.03137637,15.03137637
19,3,,quantum,precond_pen=0.800,0.8,True,2,0.004177,13.54487307,13.54487307
19,3,,quantum,precond_pen=1.000,1.0,True,0,0.000189,16.94086439,16.94086439
19,3,,quantum,precond_pen=1.000,1.0,True,1,0.011909,15.78577199,15.78577199
19,3,,quantum,precond_pen=1.000,1.0,True,2,0.012319,15.03137637,15.03137637
19,3,,quantum,precond_pen=1.000,1.0,True,3,0.01254,13.54487307,13.54487307
20,3,,quantum,baseline,,True,0,0.000164,11.89345458,11.89345458
20,3,,quantum,baseline,,True,1,0.01327,10.38957541,10.38957541
20,3,,quantum,baseline,,True,2,0.013485,9.60851277,9.60851277
20,3,,quantum,precond_pen=0.200,0.2,True,0,0.000194,11.89345458,11.89345458
20,3,,quantum,precond_pen=0.200,0.2,True,1,0.01615,10.38957541,10.38957541
20,3,,quantum,precond_pen=0.200,0.2,True,2,0.016403,9.60851277,9.60851277
20,3,,quantum,precond_pen=0.300,0.3,True,0,0.000194,11.89345458,11.89345458
20,3,,quantum,precond_pen=0.300,0.3,True,1,0.010345,10.38957541,10.38957541
20,3,,quantum,precond_pen=0.300,0.3,True,2,0.010552,9.60851277,9.60851277
20,3,,quantum,precond_pen=0.400,0.4,True,0,0.000182,11.89345458,11.89345458
20,3,,quantum,precond_pen=0.400,0.4,True,1,0.01224,10.38957541,10.38957541
20,3,,quantum,precond_pen=0.400,0.4,True,2,0.012477,9.60851277,9.60851277
20,3,,quantum,precond_pen=0.500,0.5,True,0,0.000183,11.89345458,11.89345458
20,3,,quantum,precond_pen=0.500,0.5,True,1,0.003175,10.38957541,10.38957541
20,3,,quantum,precond_pen=0.500,0.5,True,2,0.003355,9.60851277,9.60851277
20,3,,quantum,precond_pen=0.600,0.6,True,0,0.000169,11.89345458,11.89345458
20,3,,quantum,precond_pen=0.600,0.6,True,1,0.011332,10.38957541,10.38957541
20,3,,quantum,precond_pen=0.600,0.6,True,2,0.011514,9.60851277,9.60851277
20,3,,quantum,precond_pen=0.700,0.7,True,0,0.000898,11.89345458,11.89345458
20,3,,quantum,precond_pen=0.700,0.7,True,1,0.011883,10.11584032,10.11584032
20,3,,quantum,precond_pen=0.700,0.7,True,2,0.012035,9.60851277,9.60851277
20,3,,quantum,precond_pen=0.800,0.8,True,0,0.000108,11.89345458,11.89345458
20,3,,quantum,precond_pen=0.800,0.8,True,1,0.007338,10.11584032,10.11584032
20,3,,quantum,precond_pen=0.800,0.8,True,2,0.007525,9.60851277,9.60851277
20,3,,quantum,precond_pen=1.000,1.0,True,0,0.000141,11.89345458,11.89345458
20,3,,quantum,precond_pen=1.000,1.0,True,1,0.004097,10.38957541,10.38957541
20,3,,quantum,precond_pen=1.000,1.0,True,2,0.004267,9.60851277,9.60851277
21,3,,quantum,baseline,,True,0,0.000148,18.02659545,18.02659545
21,3,,quantum,baseline,,True,1,0.012928,16.28902055,16.28902055
21,3,,quantum,baseline,,True,2,0.013171,13.95451576,13.95451576
21,3,,quantum,baseline,,True,3,0.01682,13.64649425,13.64649425
21,3,,quantum,precond_pen=0.200,0.2,True,0,0.000184,18.02659545,18.02659545
21,3,,quantum,precond_pen=0.200,0.2,True,1,0.005693,17.06962775,17.06962775
21,3,,quantum,precond_pen=0.200,0.2,True,2,0.005977,14.37622575,14.37622575
21,3,,quantum,precond_pen=0.200,0.2,True,3,0.006214,14.57052753,14.37622575
21,3,,quantum,precond_pen=0.300,0.3,True,0,0.000173,18.02659545,18.02659545
21,3,,quantum,precond_pen=0.300,0.3,True,1,0.010045,16.26879069,16.26879069
21,3,,quantum,precond_pen=0.300,0.3,True,2,0.010275,13.95451576,13.95451576
21,3,,quantum,precond_pen=0.400,0.4,True,0,0.000125,18.02659545,18.02659545
21,3,,quantum,precond_pen=0.400,0.4,True,1,0.003844,16.15636728,16.15636728
21,3,,quantum,precond_pen=0.400,0.4,True,2,0.004214,14.37622575,14.37622575
21,3,,quantum,precond_pen=0.400,0.4,True,3,0.004532,13.95451576,13.95451576
21,3,,quantum,precond_pen=0.500,0.5,True,0,0.000115,18.02659545,18.02659545
21,3,,quantum,precond_pen=0.500,0.5,True,1,0.007779,16.15636728,16.15636728
21,3,,quantum,precond_pen=0.500,0.5,True,2,0.008122,13.64649425,13.64649425
21,3,,quantum,precond_pen=0.500,0.5,True,3,0.010146,13.95451576,13.64649425
21,3,,quantum,precond_pen=0.600,0.6,True,0,0.000172,18.02659545,18.02659545
21,3,,quantum,precond_pen=0.600,0.6,True,1,0.013969,16.15636728,16.15636728
21,3,,quantum,precond_pen=0.600,0.6,True,2,0.014241,13.64649425,13.64649425
21,3,,quantum,precond_pen=0.700,0.7,True,0,0.000164,18.02659545,18.02659545
21,3,,quantum,precond_pen=0.700,0.7,True,1,0.005442,16.15636728,16.15636728
21,3,,quantum,precond_pen=0.700,0.7,True,2,0.005725,13.64649425,13.64649425
21,3,,quantum,precond_pen=0.800,0.8,True,0,0.000168,18.02659545,18.02659545
21,3,,quantum,precond_pen=0.800,0.8,True,1,0.003971,13.64649425,13.64649425
21,3,,quantum,precond_pen=1.000,1.0,True,0,0.000158,18.02659545,18.02659545
21,3,,quantum,precond_pen=1.000,1.0,True,1,0.006727,13.64649425,13.64649425
22,3,,quantum,baseline,,True,0,0.000175,16.08096764,16.08096764
22,3,,quantum,baseline,,True,1,0.004294,16.0239116,16.0239116
22,3,,quantum,baseline,,True,2,0.004472,10.42157714,10.42157714
22,3,,quantum,precond_pen=0.200,0.2,True,0,0.000196,16.08096764,16.08096764
22,3,,quantum,precond_pen=0.200,0.2,True,1,0.004419,10.42157714,10.42157714
22,3,,quantum,precond_pen=0.300,0.3,True,0,0.000809,16.08096764,16.08096764
22,3,,quantum,precond_pen=0.300,0.3,True,1,0.013066,10.42157714,10.42157714
22,3,,quantum,precond_pen=0.400,0.4,True,0,0.000168,16.08096764,16.08096764
22,3,,quantum,precond_pen=0.400,0.4,True,1,0.016546,10.42157714,10.42157714
22,3,,quantum,precond_pen=0.500,0.5,True,0,0.000936,16.08096764,16.08096764
22,3,,quantum,precond_pen=0.500,0.5,True,1,0.005242,10.42157714,10.42157714
22,3,,quantum,precond_pen=0.600,0.6,True,0,0.000129,16.08096764,16.08096764
22,3,,quantum,precond_pen=0.600,0.6,True,1,0.010913,10.42157714,10.42157714
22,3,,quantum,precond_pen=0.700,0.7,True,0,0.000114,16.08096764,16.08096764
22,3,,quantum,precond_pen=0.700,0.7,True,1,0.011977,10.42157714,10.42157714
22,3,,quantum,precond_pen=0.800,0.8,True,0,0.000109,16.08096764,16.08096764
22,3,,quantum,precond_pen=0.800,0.8,True,1,0.00924,10.42157714,10.42157714
22,3,,quantum,precond_pen=1.000,1.0,True,0,0.000107,16.08096764,16.08096764
22,3,,quantum,precond_pen=1.000,1.0,True,1,0.006237,13.67941701,13.67941701
22,3,,quantum,precond_pen=1.000,1.0,True,2,0.006746,13.27918914,13.27918914
22,3,,quantum,precond_pen=1.000,1.0,True,3,0.007079,12.21732755,12.21732755
22,3,,quantum,precond_pen=1.000,1.0,True,4,0.007283,10.42157714,10.42157714
23,3,,quantum,baseline,,True,0,0.000898,14.1511237,14.1511237
23,3,,quantum,baseline,,True,1,0.011621,12.87261229,12.87261229
23,3,,quantum,baseline,,True,2,0.015405,11.45665638,11.45665638
23,3,,quantum,precond_pen=0.200,0.2,True,0,0.000113,14.1511237,14.1511237
23,3,,quantum,precond_pen=0.200,0.2,True,1,0.006951,15.77112917,14.1511237
23,3,,quantum,precond_pen=0.200,0.2,True,2,0.007626,11.45665638,11.45665638
23,3,,quantum,precond_pen=0.300,0.3,True,0,0.00015,14.1511237,14.1511237
23,3,,quantum,precond_pen=0.300,0.3,True,1,0.003419,11.45665638,11.45665638
23,3,,quantum,precond_pen=0.400,0.4,True,0,0.000154,14.1511237,14.1511237
23,3,,quantum,precond_pen=0.400,0.4,True,1,0.003049,11.45665638,11.45665638
23,3,,quantum,precond_pen=0.500,0.5,True,0,0.000109,14.1511237,14.1511237
23,3,,quantum,precond_pen=0.500,0.5,True,1,0.00406,11.45665638,11.45665638
23,3,,quantum,precond_pen=0.600,0.6,True,0,0.000186,14.1511237,14.1511237
23,3,,quantum,precond_pen=0.600,0.6,True,1,0.00464,11.45665638,11.45665638
23,3,,quantum,precond_pen=0.700,0.7,True,0,0.0002,14.1511237,14.1511237
23,3,,quantum,precond_pen=0.700,0.7,True,1,0.009297,11.45665638,11.45665638
23,3,,quantum,precond_pen=0.800,0.8,True,0,0.000845,14.1511237,14.1511237
23,3,,quantum,precond_pen=0.800,0.8,True,1,0.007617,11.45665638,11.45665638
23,3,,quantum,precond_pen=1.000,1.0,True,0,0.000127,14.1511237,14.1511237
23,3,,quantum,precond_pen=1.000,1.0,True,1,0.011322,11.45665638,11.45665638
24,3,,quantum,baseline,,True,0,0.000121,17.62899357,17.62899357
24,3,,quantum,baseline,,True,1,0.011026,15.37128248,15.37128248
24,3,,quantum,baseline,,True,2,0.011367,13.00799688,13.00799688
24,3,,quantum,precond_pen=0.200,0.2,True,0,0.000199,17.62899357,17.62899357
24,3,,quantum,precond_pen=0.200,0.2,True,1,0.012117,15.83297505,15.83297505
24,3,,quantum,precond_pen=0.200,0.2,True,2,0.012329,13.601848,13.601848
24,3,,quantum,precond_pen=0.300,0.3,True,0,0.000195,17.62899357,17.62899357
24,3,,quantum,precond_pen=0.300,0.3,True,1,0.011356,14.46553056,14.46553056
24,3,,quantum,precond_pen=0.300,0.3,True,2,0.011609,13.601848,13.601848
24,3,,quantum,precond_pen=0.300,0.3,True,3,0.011721,13.00799688,13.00799688
24,3,,quantum,precond_pen=0.400,0.4,True,0,0.000191,17.62899357,17.62899357
24,3,,quantum,precond_pen=0.400,0.4,True,1,0.003205,13.00799688,13.00799688
24,3,,quantum,precond_pen=0.500,0.5,True,0,0.000189,17.62899357,17.62899357
24,3,,quantum,precond_pen=0.500,0.5,True,1,0.003306,13.00799688,13.00799688
24,3,,quantum,precond_pen=0.600,0.6,True,0,0.000182,17.62899357,17.62899357
24,3,,quantum,precond_pen=0.600,0.6,True,1,0.0074,14.46553056,14.46553056
24,3,,quantum,precond_pen=0.600,0.6,True,2,0.007603,13.00799688,13.00799688
24,3,,quantum,precond_pen=0.700,0.7,True,0,0.000179,17.62899357,17.62899357
24,3,,quantum,precond_pen=0.700,0.7,True,1,0.003598,15.8401826,15.8401826
24,3,,quantum,precond_pen=0.700,0.7,True,2,0.003753,15.83297505,15.83297505
24,3,,quantum,precond_pen=0.700,0.7,True,3,0.003913,14.82811529,14.82811529
24,3,,quantum,precond_pen=0.700,0.7,True,4,0.004024,13.00799688,13.00799688
24,3,,quantum,precond_pen=0.800,0.8,True,0,0.00018,17.62899357,17.62899357
24,3,,quantum,precond_pen=0.800,0.8,True,1,0.008357,15.8401826,15.8401826
24,3,,quantum,precond_pen=0.800,0.8,True,2,0.008526,15.83297505,15.83297505
24,3,,quantum,precond_pen=0.800,0.8,True,3,0.008711,14.82811529,14.82811529
24,3,,quantum,precond_pen=0.800,0.8,True,4,0.008815,13.00799688,13.00799688
24,3,,quantum,precond_pen=1.000,1.0,True,0,0.00017,17.62899357,17.62899357
24,3,,quantum,precond_pen=1.000,1.0,True,1,0.007551,15.8401826,15.8401826
24,3,,quantum,precond_pen=1.000,1.0,True,2,0.007942,15.83297505,15.83297505
24,3,,quantum,precond_pen=1.000,1.0,True,3,0.008184,14.82811529,14.82811529
24,3,,quantum,precond_pen=1.000,1.0,True,4,0.008319,13.00799688,13.00799688
25,3,,quantum,baseline,,True,0,0.00019,14.19742654,14.19742654
25,3,,quantum,baseline,,True,1,0.008944,13.88454272,13.88454272
25,3,,quantum,baseline,,True,2,0.009081,10.96154491,10.96154491
25,3,,quantum,precond_pen=0.200,0.2,True,0,0.000184,14.19742654,14.19742654
25,3,,quantum,precond_pen=0.200,0.2,True,1,0.010409,12.38303593,12.38303593
25,3,,quantum,precond_pen=0.200,0.2,True,2,0.010606,10.96154491,10.96154491
25,3,,quantum,precond_pen=0.300,0.3,True,0,0.000155,14.19742654,14.19742654
25,3,,quantum,precond_pen=0.300,0.3,True,1,0.01118,14.16595302,14.16595302
25,3,,quantum,precond_pen=0.300,0.3,True,2,0.011353,10.96154491,10.96154491
25,3,,quantum,precond_pen=0.400,0.4,True,0,0.000162,14.19742654,14.19742654
25,3,,quantum,precond_pen=0.400,0.4,True,1,0.004358,12.53756962,12.53756962
25,3,,quantum,precond_pen=0.400,0.4,True,2,0.004502,10.96154491,10.96154491
25,3,,quantum,precond_pen=0.500,0.5,True,0,0.00014,14.19742654,14.19742654
25,3,,quantum,precond_pen=0.500,0.5,True,1,0.004655,12.53756962,12.53756962
25,3,,quantum,precond_pen=0.500,0.5,True,2,0.004812,10.96154491,10.96154491
25,3,,quantum,precond_pen=0.600,0.6,True,0,0.000134,14.19742654,14.19742654
25,3,,quantum,precond_pen=0.600,0.6,True,1,0.010984,12.53756962,12.53756962
25,3,,quantum,precond_pen=0.600,0.6,True,2,0.011144,10.96154491,10.96154491
25,3,,quantum,precond_pen=0.700,0.7,True,0,0.000145,14.19742654,14.19742654
25,3,,quantum,precond_pen=0.700,0.7,True,1,0.004017,12.53756962,12.53756962
25,3,,quantum,precond_pen=0.700,0.7,True,2,0.004235,10.96154491,10.96154491
25,3,,quantum,precond_pen=0.800,0.8,True,0,0.000171,14.19742654,14.19742654
25,3,,quantum,precond_pen=0.800,0.8,True,1,0.012732,12.40794989,12.40794989
25,3,,quantum,precond_pen=0.800,0.8,True,2,0.012978,10.96154491,10.96154491
25,3,,quantum,precond_pen=1.000,1.0,True,0,0.000199,14.19742654,14.19742654
25,3,,quantum,precond_pen=1.000,1.0,True,1,0.004015,13.36746437,13.36746437
25,3,,quantum,precond_pen=1.000,1.0,True,2,0.004186,13.88454272,13.36746437
25,3,,quantum,precond_pen=1.000,1.0,True,3,0.004349,13.03729111,13.03729111
25,3,,quantum,precond_pen=1.000,1.0,True,4,0.004448,10.96154491,10.96154491
26,3,,quantum,baseline,,True,0,0.000185,17.90577779,17.90577779
26,3,,quantum,baseline,,True,1,0.003262,17.03200274,17.03200274
26,3,,quantum,baseline,,True,2,0.003382,13.67360193,13.67360193
26,3,,quantum,precond_pen=0.200,0.2,True,0,0.000161,17.90577779,17.90577779
26,3,,quantum,precond_pen=0.200,0.2,True,1,0.003897,15.65378933,15.65378933
26,3,,quantum,precond_pen=0.200,0.2,True,2,0.004097,14.70349467,14.70349467
26,3,,quantum,precond_pen=0.200,0.2,True,3,0.004218,13.95201465,13.95201465
26,3,,quantum,precond_pen=0.300,0.3,True,0,0.000167,17.90577779,17.90577779
26,3,,quantum,precond_pen=0.300,0.3,True,1,0.003026,14.70349467,14.70349467
26,3,,quantum,precond_pen=0.300,0.3,True,2,0.003234,13.95201465,13.95201465
26,3,,quantum,precond_pen=0.400,0.4,True,0,0.000162,17.90577779,17.90577779
26,3,,quantum,precond_pen=0.400,0.4,True,1,0.004412,14.70349467,14.70349467
26,3,,quantum,precond_pen=0.400,0.4,True,2,0.004639,13.95201465,13.95201465
26,3,,quantum,precond_pen=0.500,0.5,True,0,0.000219,17.90577779,17.90577779
26,3,,quantum,precond_pen=0.500,0.5,True,1,0.019228,14.70349467,14.70349467
26,3,,quantum,precond_pen=0.500,0.5,True,2,0.01947,13.95201465,13.95201465
26,3,,quantum,precond_pen=0.600,0.6,True,0,0.000188,17.90577779,17.90577779
26,3,,quantum,precond_pen=0.600,0.6,True,1,0.005166,13.67360193,13.67360193
26,3,,quantum,precond_pen=0.600,0.6,True,2,0.00538,13.95201465,13.67360193
26,3,,quantum,precond_pen=0.700,0.7,True,0,0.000132,17.90577779,17.90577779
26,3,,quantum,precond_pen=0.700,0.7,True,1,0.013882,13.67360193,13.67360193
26,3,,quantum,precond_pen=0.700,0.7,True,2,0.01409,13.95201465,13.67360193
26,3,,quantum,precond_pen=0.800,0.8,True,0,0.000132,17.90577779,17.90577779
26,3,,quantum,precond_pen=0.800,0.8,True,1,0.01126,13.67360193,13.67360193
26,3,,quantum,precond_pen=0.800,0.8,True,2,0.011648,13.95201465,13.67360193
26,3,,quantum,precond_pen=1.000,1.0,True,0,0.000133,17.90577779,17.90577779
26,3,,quantum,precond_pen=1.000,1.0,True,1,0.021489,17.53909829,17.53909829
26,3,,quantum,precond_pen=1.000,1.0,True,2,0.021783,17.22801279,17.22801279
26,3,,quantum,precond_pen=1.000,1.0,True,3,0.021993,15.65378933,15.65378933
26,3,,quantum,precond_pen=1.000,1.0,True,4,0.022114,13.67360193,13.67360193
27,3,,quantum,baseline,,True,0,0.000567,17.80975459,17.80975459
27,3,,quantum,baseline,,True,1,0.013102,15.48222557,15.48222557
27,3,,quantum,baseline,,True,2,0.013244,12.98792613,12.98792613
27,3,,quantum,baseline,,True,3,0.016961,11.77500107,11.77500107
27,3,,quantum,precond_pen=0.200,0.2,True,0,0.000183,17.80975459,17.80975459
27,3,,quantum,precond_pen=0.200,0.2,True,1,0.006813,13.89318814,13.89318814
27,3,,quantum,precond_pen=0.200,0.2,True,2,0.007007,11.77500107,11.77500107
27,3,,quantum,precond_pen=0.300,0.3,True,0,0.000165,17.80975459,17.80975459
27,3,,quantum,precond_pen=0.300,0.3,True,1,0.01089,13.89318814,13.89318814
27,3,,quantum,precond_pen=0.300,0.3,True,2,0.01116,13.293666,13.293666
27,3,,quantum,precond_pen=0.300,0.3,True,3,0.011294,11.77500107,11.77500107
27,3,,quantum,precond_pen=0.400,0.4,True,0,0.000188,17.80975459,17.80975459
27,3,,quantum,precond_pen=0.400,0.4,True,1,0.008985,11.77500107,11.77500107
27,3,,quantum,precond_pen=0.500,0.5,True,0,0.000157,17.80975459,17.80975459
27,3,,quantum,precond_pen=0.500,0.5,True,1,0.009197,11.77500107,11.77500107
27,3,,quantum,precond_pen=0.600,0.6,True,0,0.000187,17.80975459,17.80975459
27,3,,quantum,precond_pen=0.600,0.6,True,1,0.007196,11.77500107,11.77500107
27,3,,quantum,precond_pen=0.700,0.7,True,0,0.000196,17.80975459,17.80975459
27,3,,quantum,precond_pen=0.700,0.7,True,1,0.003714,13.89318814,13.89318814
27,3,,quantum,precond_pen=0.700,0.7,True,2,0.00407,12.98792613,12.98792613
27,3,,quantum,precond_pen=0.700,0.7,True,3,0.004366,11.77500107,11.77500107
27,3,,quantum,precond_pen=0.800,0.8,True,0,0.000157,17.80975459,17.80975459
27,3,,quantum,precond_pen=0.800,0.8,True,1,0.003006,13.89318814,13.89318814
27,3,,quantum,precond_pen=0.800,0.8,True,2,0.003355,12.98792613,12.98792613
27,3,,quantum,precond_pen=0.800,0.8,True,3,0.003559,11.77500107,11.77500107
27,3,,quantum,precond_pen=1.000,1.0,True,0,0.000151,17.80975459,17.80975459
27,3,,quantum,precond_pen=1.000,1.0,True,1,0.004363,13.89318814,13.89318814
27,3,,quantum,precond_pen=1.000,1.0,True,2,0.004711,12.98792613,12.98792613
27,3,,quantum,precond_pen=1.000,1.0,True,3,0.004902,11.77500107,11.77500107
28,3,,quantum,baseline,,True,0,0.000149,14.34459306,14.34459306
28,3,,quantum,baseline,,True,1,0.010646,12.80232191,12.80232191
28,3,,quantum,precond_pen=0.200,0.2,True,0,0.000177,14.34459306,14.34459306
28,3,,quantum,precond_pen=0.200,0.2,True,1,0.006239,12.83622216,12.83622216
28,3,,quantum,precond_pen=0.300,0.3,True,0,0.000171,14.34459306,14.34459306
28,3,,quantum,precond_pen=0.300,0.3,True,1,0.012254,13.38632991,13.38632991
28,3,,quantum,precond_pen=0.300,0.3,True,2,0.012515,12.83622216,12.83622216
28,3,,quantum,precond_pen=0.400,0.4,True,0,0.000196,14.34459306,14.34459306
28,3,,quantum,precond_pen=0.400,0.4,True,1,0.010319,12.83622216,12.83622216
28,3,,quantum,precond_pen=0.400,0.4,True,2,0.010746,12.80232191,12.80232191
28,3,,quantum,precond_pen=0.500,0.5,True,0,0.000204,14.34459306,14.34459306
28,3,,quantum,precond_pen=0.500,0.5,True,1,0.012061,13.38632991,13.38632991
28,3,,quantum,precond_pen=0.500,0.5,True,2,0.012375,12.80232191,12.80232191
28,3,,quantum,precond_pen=0.600,0.6,True,0,0.000172,14.34459306,14.34459306
28,3,,quantum,precond_pen=0.600,0.6,True,1,0.0118,12.80232191,12.80232191
28,3,,quantum,precond_pen=0.700,0.7,True,0,0.000198,14.34459306,14.34459306
28,3,,quantum,precond_pen=0.700,0.7,True,1,0.01213,13.38632991,13.38632991
28,3,,quantum,precond_pen=0.700,0.7,True,2,0.012443,12.80232191,12.80232191
28,3,,quantum,precond_pen=0.800,0.8,True,0,0.000176,14.34459306,14.34459306
28,3,,quantum,precond_pen=0.800,0.8,True,1,0.009409,13.38632991,13.38632991
28,3,,quantum,precond_pen=0.800,0.8,True,2,0.009691,12.80232191,12.80232191
28,3,,quantum,precond_pen=1.000,1.0,True,0,0.000168,14.34459306,14.34459306
28,3,,quantum,precond_pen=1.000,1.0,True,1,0.016053,14.32882957,14.32882957
28,3,,quantum,precond_pen=1.000,1.0,True,2,0.016206,12.80232191,12.80232191
29,3,,quantum,baseline,,True,0,0.000187,15.52601852,15.52601852
29,3,,quantum,baseline,,True,1,0.012047,14.68219316,14.68219316
29,3,,quantum,baseline,,True,2,0.012244,12.51852877,12.51852877
29,3,,quantum,precond_pen=0.200,0.2,True,0,0.000193,15.52601852,15.52601852
29,3,,quantum,precond_pen=0.200,0.2,True,1,0.011956,14.68219316,14.68219316
29,3,,quantum,precond_pen=0.200,0.2,True,2,0.012192,12.86035939,12.86035939
29,3,,quantum,precond_pen=0.200,0.2,True,3,0.016678,12.75270816,12.75270816
29,3,,quantum,precond_pen=0.300,0.3,True,0,0.000191,15.52601852,15.52601852
29,3,,quantum,precond_pen=0.300,0.3,True,1,0.013293,12.86035939,12.86035939
29,3,,quantum,precond_pen=0.300,0.3,True,2,0.01353,12.75270816,12.75270816
29,3,,quantum,precond_pen=0.400,0.4,True,0,0.000199,15.52601852,15.52601852
29,3,,quantum,precond_pen=0.400,0.4,True,1,0.006192,12.51852877,12.51852877
29,3,,quantum,precond_pen=0.400,0.4,True,2,0.006394,12.75270816,12.51852877
29,3,,quantum,precond_pen=0.500,0.5,True,0,0.000204,15.52601852,15.52601852
29,3,,quantum,precond_pen=0.500,0.5,True,1,0.007389,12.75270816,12.75270816
29,3,,quantum,precond_pen=0.600,0.6,True,0,0.000201,15.52601852,15.52601852
29,3,,quantum,precond_pen=0.600,0.6,True,1,0.00481,12.75270816,12.75270816
29,3,,quantum,precond_pen=0.700,0.7,True,0,0.0002,15.52601852,15.52601852
29,3,,quantum,precond_pen=0.700,0.7,True,1,0.008093,12.75270816,12.75270816
29,3,,quantum,precond_pen=0.800,0.8,True,0,0.000165,15.52601852,15.52601852
29,3,,quantum,precond_pen=0.800,0.8,True,1,0.0079,13.09749193,13.09749193
29,3,,quantum,precond_pen=0.800,0.8,True,2,0.008281,12.86035939,12.86035939
29,3,,quantum,precond_pen=0.800,0.8,True,3,0.008483,12.75270816,12.75270816
29,3,,quantum,precond_pen=1.000,1.0,True,0,0.000158,15.52601852,15.52601852
29,3,,quantum,precond_pen=1.000,1.0,True,1,0.012002,14.36789834,14.36789834
29,3,,quantum,precond_pen=1.000,1.0,True,2,0.012437,12.75270816,12.75270816
29,3,,quantum,precond_pen=1.000,1.0,True,3,0.012633,12.51852877,12.51852877
30,3,,quantum,baseline,,True,0,0.000162,19.4033721,19.4033721
30,3,,quantum,baseline,,True,1,0.014464,17.28338045,17.28338045
30,3,,quantum,baseline,,True,2,0.014694,13.24621555,13.24621555
30,3,,quantum,precond_pen=0.200,0.2,True,0,0.000862,19.4033721,19.4033721
30,3,,quantum,precond_pen=0.200,0.2,True,1,0.011103,13.98605893,13.98605893
30,3,,quantum,precond_pen=0.200,0.2,True,2,0.0114,13.24621555,13.24621555
30,3,,quantum,precond_pen=0.300,0.3,True,0,0.000126,19.4033721,19.4033721
30,3,,quantum,precond_pen=0.300,0.3,True,1,0.012928,13.24621555,13.24621555
30,3,,quantum,precond_pen=0.400,0.4,True,0,0.000202,19.4033721,19.4033721
30,3,,quantum,precond_pen=0.400,0.4,True,1,0.01424,13.24621555,13.24621555
30,3,,quantum,precond_pen=0.500,0.5,True,0,0.000203,19.4033721,19.4033721
30,3,,quantum,precond_pen=0.500,0.5,True,1,0.005373,13.24621555,13.24621555
30,3,,quantum,precond_pen=0.600,0.6,True,0,0.000195,19.4033721,19.4033721
30,3,,quantum,precond_pen=0.600,0.6,True,1,0.005806,13.24621555,13.24621555
30,3,,quantum,precond_pen=0.700,0.7,True,0,0.000182,19.4033721,19.4033721
30,3,,quantum,precond_pen=0.700,0.7,True,1,0.004032,17.55688908,17.55688908
30,3,,quantum,precond_pen=0.700,0.7,True,2,0.004464,16.97866258,16.97866258
30,3,,quantum,precond_pen=0.700,0.7,True,3,0.004707,16.62463771,16.62463771
30,3,,quantum,precond_pen=0.700,0.7,True,4,0.004822,13.24621555,13.24621555
30,3,,quantum,precond_pen=0.800,0.8,True,0,0.000185,19.4033721,19.4033721
30,3,,quantum,precond_pen=0.800,0.8,True,1,0.019309,13.24621555,13.24621555
30,3,,quantum,precond_pen=1.000,1.0,True,0,0.000173,19.4033721,19.4033721
30,3,,quantum,precond_pen=1.000,1.0,True,1,0.005925,13.24621555,13.24621555
31,3,,quantum,baseline,,True,0,0.000152,14.42741766,14.42741766
31,3,,quantum,baseline,,True,1,0.007839,13.12524532,13.12524532
31,3,,quantum,precond_pen=0.200,0.2,True,0,0.000202,14.42741766,14.42741766
31,3,,quantum,precond_pen=0.200,0.2,True,1,0.009335,15.0220146,14.42741766
31,3,,quantum,precond_pen=0.200,0.2,True,2,0.009572,14.26648731,14.26648731
31,3,,quantum,precond_pen=0.200,0.2,True,3,0.009728,13.12524532,13.12524532
31,3,,quantum,precond_pen=0.300,0.3,True,0,0.000189,14.42741766,14.42741766
31,3,,quantum,precond_pen=0.300,0.3,True,1,0.030502,15.0220146,14.42741766
31,3,,quantum,precond_pen=0.300,0.3,True,2,0.031119,13.50761866,13.50761866
31,3,,quantum,precond_pen=0.300,0.3,True,3,0.031356,13.12524532,13.12524532
31,3,,quantum,precond_pen=0.400,0.4,True,0,0.000189,14.42741766,14.42741766
31,3,,quantum,precond_pen=0.400,0.4,True,1,0.009791,13.12524532,13.12524532
31,3,,quantum,precond_pen=0.500,0.5,True,0,0.000192,14.42741766,14.42741766
31,3,,quantum,precond_pen=0.500,0.5,True,1,0.009414,13.50761866,13.50761866
31,3,,quantum,precond_pen=0.500,0.5,True,2,0.009657,13.12524532,13.12524532
31,3,,quantum,precond_pen=0.600,0.6,True,0,0.000147,14.42741766,14.42741766
31,3,,quantum,precond_pen=0.600,0.6,True,1,0.009471,13.50761866,13.50761866
31,3,,quantum,precond_pen=0.600,0.6,True,2,0.009716,13.12524532,13.12524532
31,3,,quantum,precond_pen=0.700,0.7,True,0,0.000162,14.42741766,14.42741766
31,3,,quantum,precond_pen=0.700,0.7,True,1,0.004403,13.50761866,13.50761866
31,3,,quantum,precond_pen=0.700,0.7,True,2,0.004631,13.12524532,13.12524532
31,3,,quantum,precond_pen=0.800,0.8,True,0,0.000199,14.42741766,14.42741766
31,3,,quantum,precond_pen=0.800,0.8,True,1,0.004869,13.50761866,13.50761866
31,3,,quantum,precond_pen=0.800,0.8,True,2,0.005027,13.12524532,13.12524532
31,3,,quantum,precond_pen=1.000,1.0,True,0,0.000173,14.42741766,14.42741766
31,3,,quantum,precond_pen=1.000,1.0,True,1,0.006348,13.50761866,13.50761866
31,3,,quantum,precond_pen=1.000,1.0,True,2,0.006511,13.12524532,13.12524532
32,3,,quantum,baseline,,True,0,0.000163,16.35553133,16.35553133
32,3,,quantum,baseline,,True,1,0.013696,12.7373447,12.7373447
32,3,,quantum,precond_pen=0.200,0.2,True,0,0.000169,16.35553133,16.35553133
32,3,,quantum,precond_pen=0.200,0.2,True,1,0.005274,13.37515779,13.37515779
32,3,,quantum,precond_pen=0.200,0.2,True,2,0.005444,12.7373447,12.7373447
32,3,,quantum,precond_pen=0.300,0.3,True,0,0.000159,16.35553133,16.35553133
32,3,,quantum,precond_pen=0.300,0.3,True,1,0.011976,12.7373447,12.7373447
32,3,,quantum,precond_pen=0.400,0.4,True,0,0.000129,16.35553133,16.35553133
32,3,,quantum,precond_pen=0.400,0.4,True,1,0.022097,12.7373447,12.7373447
32,3,,quantum,precond_pen=0.500,0.5,True,0,0.000191,16.35553133,16.35553133
32,3,,quantum,precond_pen=0.500,0.5,True,1,0.004899,12.7373447,12.7373447
32,3,,quantum,precond_pen=0.600,0.6,True,0,0.000195,16.35553133,16.35553133
32,3,,quantum,precond_pen=0.600,0.6,True,1,0.009087,13.37515779,13.37515779
32,3,,quantum,precond_pen=0.600,0.6,True,2,0.009345,12.7373447,12.7373447
32,3,,quantum,precond_pen=0.700,0.7,True,0,0.000183,16.35553133,16.35553133
32,3,,quantum,precond_pen=0.700,0.7,True,1,0.012296,13.37515779,13.37515779
32,3,,quantum,precond_pen=0.700,0.7,True,2,0.012479,12.7373447,12.7373447
32,3,,quantum,precond_pen=0.800,0.8,True,0,0.000209,16.35553133,16.35553133
32,3,,quantum,precond_pen=0.800,0.8,True,1,0.005731,13.37515779,13.37515779
32,3,,quantum,precond_pen=0.800,0.8,True,2,0.005912,12.7373447,12.7373447
32,3,,quantum,precond_pen=1.000,1.0,True,0,0.000192,16.35553133,16.35553133
32,3,,quantum,precond_pen=1.000,1.0,True,1,0.004005,14.47566132,14.47566132
32,3,,quantum,precond_pen=1.000,1.0,True,2,0.004231,14.45505252,14.45505252
32,3,,quantum,precond_pen=1.000,1.0,True,3,0.004337,12.7373447,12.7373447
33,3,,quantum,baseline,,True,0,0.000188,11.84538239,11.84538239
33,3,,quantum,baseline,,True,1,0.011051,11.2558377,11.2558377
33,3,,quantum,precond_pen=0.200,0.2,True,0,0.000185,11.84538239,11.84538239
33,3,,quantum,precond_pen=0.200,0.2,True,1,0.008301,13.4623748,11.84538239
33,3,,quantum,precond_pen=0.200,0.2,True,2,0.008867,12.16936584,11.84538239
33,3,,quantum,precond_pen=0.200,0.2,True,3,0.009097,11.2558377,11.2558377
33,3,,quantum,precond_pen=0.300,0.3,True,0,0.000122,11.84538239,11.84538239
33,3,,quantum,precond_pen=0.300,0.3,True,1,0.004746,11.2558377,11.2558377
33,3,,quantum,precond_pen=0.400,0.4,True,0,0.000161,11.84538239,11.84538239
33,3,,quantum,precond_pen=0.400,0.4,True,1,0.008289,11.2558377,11.2558377
33,3,,quantum,precond_pen=0.500,0.5,True,0,0.000175,11.84538239,11.84538239
33,3,,quantum,precond_pen=0.500,0.5,True,1,0.005523,11.2558377,11.2558377
33,3,,quantum,precond_pen=0.600,0.6,True,0,0.00016,11.84538239,11.84538239
33,3,,quantum,precond_pen=0.600,0.6,True,1,0.006287,11.2558377,11.2558377
33,3,,quantum,precond_pen=0.700,0.7,True,0,0.000197,11.84538239,11.84538239
33,3,,quantum,precond_pen=0.700,0.7,True,1,0.004907,11.2558377,11.2558377
33,3,,quantum,precond_pen=0.800,0.8,True,0,0.000213,11.84538239,11.84538239
33,3,,quantum,precond_pen=0.800,0.8,True,1,0.003549,11.2558377,11.2558377
33,3,,quantum,precond_pen=1.000,1.0,True,0,0.000194,11.84538239,11.84538239
33,3,,quantum,precond_pen=1.000,1.0,True,1,0.004369,11.2558377,11.2558377
34,3,,quantum,baseline,,True,0,0.000197,21.46079233,21.46079233
34,3,,quantum,baseline,,True,1,0.004175,20.47323555,20.47323555
34,3,,quantum,baseline,,True,2,0.004299,15.6270996,15.6270996
34,3,,quantum,precond_pen=0.200,0.2,True,0,0.000194,21.46079233,21.46079233
34,3,,quantum,precond_pen=0.200,0.2,True,1,0.003354,20.47323555,20.47323555
34,3,,quantum,precond_pen=0.200,0.2,True,2,0.003541,18.89191554,18.89191554
34,3,,quantum,precond_pen=0.200,0.2,True,3,0.003784,19.74939919,18.89191554
34,3,,quantum,precond_pen=0.200,0.2,True,4,0.003914,16.26642575,16.26642575
34,3,,quantum,precond_pen=0.300,0.3,True,0,0.000197,21.46079233,21.46079233
34,3,,quantum,precond_pen=0.300,0.3,True,1,0.012266,18.19728821,18.19728821
34,3,,quantum,precond_pen=0.300,0.3,True,2,0.012543,18.12235276,18.12235276
34,3,,quantum,precond_pen=0.300,0.3,True,3,0.012658,16.26642575,16.26642575
34,3,,quantum,precond_pen=0.400,0.4,True,0,0.00017,21.46079233,21.46079233
34,3,,quantum,precond_pen=0.400,0.4,True,1,0.008499,18.19728821,18.19728821
34,3,,quantum,precond_pen=0.400,0.4,True,2,0.008716,15.6270996,15.6270996
34,3,,quantum,precond_pen=0.500,0.5,True,0,0.000183,21.46079233,21.46079233
34,3,,quantum,precond_pen=0.500,0.5,True,1,0.003653,16.26642575,16.26642575
34,3,,quantum,precond_pen=0.500,0.5,True,2,0.003823,15.6270996,15.6270996
34,3,,quantum,precond_pen=0.600,0.6,True,0,0.000181,21.46079233,21.46079233
34,3,,quantum,precond_pen=0.600,0.6,True,1,0.004052,16.26642575,16.26642575
34,3,,quantum,precond_pen=0.600,0.6,True,2,0.004239,15.6270996,15.6270996
34,3,,quantum,precond_pen=0.700,0.7,True,0,0.000169,21.46079233,21.46079233
34,3,,quantum,precond_pen=0.700,0.7,True,1,0.007842,16.26642575,16.26642575
34,3,,quantum,precond_pen=0.700,0.7,True,2,0.008152,15.6270996,15.6270996
34,3,,quantum,precond_pen=0.800,0.8,True,0,0.000988,21.46079233,21.46079233
34,3,,quantum,precond_pen=0.800,0.8,True,1,0.005527,17.70688955,17.70688955
34,3,,quantum,precond_pen=0.800,0.8,True,2,0.005839,17.24063989,17.24063989
34,3,,quantum,precond_pen=0.800,0.8,True,3,0.005971,15.6270996,15.6270996
34,3,,quantum,precond_pen=1.000,1.0,True,0,0.000221,21.46079233,21.46079233
34,3,,quantum,precond_pen=1.000,1.0,True,1,0.007739,18.12235276,18.12235276
34,3,,quantum,precond_pen=1.000,1.0,True,2,0.007977,17.24063989,17.24063989
34,3,,quantum,precond_pen=1.000,1.0,True,3,0.008143,15.6270996,15.6270996
35,3,,quantum,baseline,,True,0,0.000128,13.05468985,13.05468985
35,3,,quantum,baseline,,True,1,0.012834,12.71623463,12.71623463
35,3,,quantum,baseline,,True,2,0.013549,12.71623463,12.71623463
35,3,,quantum,precond_pen=0.200,0.2,True,0,0.000126,13.05468985,13.05468985
35,3,,quantum,precond_pen=0.200,0.2,True,1,0.012847,13.40850347,13.05468985
35,3,,quantum,precond_pen=0.300,0.3,True,0,0.00017,13.05468985,13.05468985
35,3,,quantum,precond_pen=0.300,0.3,True,1,0.005792,13.40850347,13.05468985
35,3,,quantum,precond_pen=0.400,0.4,True,0,0.000114,13.05468985,13.05468985
35,3,,quantum,precond_pen=0.400,0.4,True,1,0.015166,13.40850347,13.05468985
35,3,,quantum,precond_pen=0.500,0.5,True,0,0.000165,13.05468985,13.05468985
35,3,,quantum,precond_pen=0.500,0.5,True,1,0.00564,13.40850347,13.05468985
35,3,,quantum,precond_pen=0.600,0.6,True,0,0.00018,13.05468985,13.05468985
35,3,,quantum,precond_pen=0.600,0.6,True,1,0.01334,13.40850347,13.05468985
35,3,,quantum,precond_pen=0.600,0.6,True,2,0.013652,12.71623463,12.71623463
35,3,,quantum,precond_pen=0.700,0.7,True,0,0.000125,13.05468985,13.05468985
35,3,,quantum,precond_pen=0.700,0.7,True,1,0.011971,13.40850347,13.05468985
35,3,,quantum,precond_pen=0.700,0.7,True,2,0.012183,12.71623463,12.71623463
35,3,,quantum,precond_pen=0.800,0.8,True,0,0.000848,13.05468985,13.05468985
35,3,,quantum,precond_pen=0.800,0.8,True,1,0.005449,12.71623463,12.71623463
35,3,,quantum,precond_pen=1.000,1.0,True,0,0.000846,13.05468985,13.05468985
35,3,,quantum,precond_pen=1.000,1.0,True,1,0.01757,12.71623463,12.71623463
36,3,,quantum,baseline,,True,0,0.000144,14.86388835,14.86388835
36,3,,quantum,baseline,,True,1,0.005878,14.17439796,14.17439796
36,3,,quantum,baseline,,True,2,0.006016,12.24305773,12.24305773
36,3,,quantum,precond_pen=0.200,0.2,True,0,0.00013,14.86388835,14.86388835
36,3,,quantum,precond_pen=0.200,0.2,True,1,0.011509,14.94379761,14.86388835
36,3,,quantum,precond_pen=0.200,0.2,True,2,0.01183,12.24305773,12.24305773
36,3,,quantum,precond_pen=0.300,0.3,True,0,0.00018,14.86388835,14.86388835
36,3,,quantum,precond_pen=0.300,0.3,True,1,0.006394,12.24305773,12.24305773
36,3,,quantum,precond_pen=0.400,0.4,True,0,0.00017,14.86388835,14.86388835
36,3,,quantum,precond_pen=0.400,0.4,True,1,0.006191,13.23756643,13.23756643
36,3,,quantum,precond_pen=0.400,0.4,True,2,0.00638,12.24305773,12.24305773
36,3,,quantum,precond_pen=0.500,0.5,True,0,0.000164,14.86388835,14.86388835
36,3,,quantum,precond_pen=0.500,0.5,True,1,0.006244,13.78740246,13.78740246
36,3,,quantum,precond_pen=0.500,0.5,True,2,0.006449,12.24305773,12.24305773
36,3,,quantum,precond_pen=0.600,0.6,True,0,0.000888,14.86388835,14.86388835
36,3,,quantum,precond_pen=0.600,0.6,True,1,0.007041,14.17439796,14.17439796
36,3,,quantum,precond_pen=0.600,0.6,True,2,0.007314,12.99345909,12.99345909
36,3,,quantum,precond_pen=0.600,0.6,True,3,0.007459,12.24305773,12.24305773
36,3,,quantum,precond_pen=0.700,0.7,True,0,0.000668,14.86388835,14.86388835
36,3,,quantum,precond_pen=0.700,0.7,True,1,0.008701,12.24305773,12.24305773
36,3,,quantum,precond_pen=0.800,0.8,True,0,0.000171,14.86388835,14.86388835
36,3,,quantum,precond_pen=0.800,0.8,True,1,0.011387,12.24305773,12.24305773
36,3,,quantum,precond_pen=1.000,1.0,True,0,0.000186,14.86388835,14.86388835
36,3,,quantum,precond_pen=1.000,1.0,True,1,0.009028,13.83381733,13.83381733
36,3,,quantum,precond_pen=1.000,1.0,True,2,0.009168,12.24305773,12.24305773
37,3,,quantum,baseline,,True,0,0.000175,15.50893998,15.50893998
37,3,,quantum,baseline,,True,1,0.008097,14.66118311,14.66118311
37,3,,quantum,baseline,,True,2,0.008205,10.00445507,10.00445507
37,3,,quantum,precond_pen=0.200,0.2,True,0,0.000123,15.50893998,15.50893998
37,3,,quantum,precond_pen=0.200,0.2,True,1,0.01203,12.34124973,12.34124973
37,3,,quantum,precond_pen=0.200,0.2,True,2,0.012205,10.00445507,10.00445507
37,3,,quantum,precond_pen=0.300,0.3,True,0,0.00015,15.50893998,15.50893998
37,3,,quantum,precond_pen=0.300,0.3,True,1,0.003436,14.13339114,14.13339114
37,3,,quantum,precond_pen=0.300,0.3,True,2,0.003587,10.00445507,10.00445507
37,3,,quantum,precond_pen=0.400,0.4,True,0,0.000165,15.50893998,15.50893998
37,3,,quantum,precond_pen=0.400,0.4,True,1,0.010037,14.13339114,14.13339114
37,3,,quantum,precond_pen=0.400,0.4,True,2,0.010493,12.34124973,12.34124973
37,3,,quantum,precond_pen=0.400,0.4,True,3,0.010691,10.00445507,10.00445507
37,3,,quantum,precond_pen=0.500,0.5,True,0,0.000244,15.50893998,15.50893998
37,3,,quantum,precond_pen=0.500,0.5,True,1,0.013608,13.81816878,13.81816878
37,3,,quantum,precond_pen=0.500,0.5,True,2,0.01379,14.66118311,13.81816878
37,3,,quantum,precond_pen=0.500,0.5,True,3,0.014234,12.0971449,12.0971449
37,3,,quantum,precond_pen=0.500,0.5,True,4,0.014396,10.00445507,10.00445507
37,3,,quantum,precond_pen=0.600,0.6,True,0,0.000151,15.50893998,15.50893998
37,3,,quantum,precond_pen=0.600,0.6,True,1,0.011684,13.81816878,13.81816878
37,3,,quantum,precond_pen=0.600,0.6,True,2,0.011864,14.66118311,13.81816878
37,3,,quantum,precond_pen=0.600,0.6,True,3,0.012031,12.0971449,12.0971449
37,3,,quantum,precond_pen=0.600,0.6,True,4,0.012121,10.00445507,10.00445507
37,3,,quantum,precond_pen=0.700,0.7,True,0,0.000173,15.50893998,15.50893998
37,3,,quantum,precond_pen=0.700,0.7,True,1,0.003516,13.81816878,13.81816878
37,3,,quantum,precond_pen=0.700,0.7,True,2,0.003719,14.66118311,13.81816878
37,3,,quantum,precond_pen=0.700,0.7,True,3,0.003894,12.0971449,12.0971449
37,3,,quantum,precond_pen=0.700,0.7,True,4,0.003995,10.00445507,10.00445507
37,3,,quantum,precond_pen=0.800,0.8,True,0,0.000183,15.50893998,15.50893998
37,3,,quantum,precond_pen=0.800,0.8,True,1,0.005214,13.81816878,13.81816878
37,3,,quantum,precond_pen=0.800,0.8,True,2,0.00549,14.66118311,13.81816878
37,3,,quantum,precond_pen=0.800,0.8,True,3,0.005883,12.0971449,12.0971449
37,3,,quantum,precond_pen=0.800,0.8,True,4,0.006058,10.00445507,10.00445507
37,3,,quantum,precond_pen=1.000,1.0,True,0,0.000193,15.50893998,15.50893998
37,3,,quantum,precond_pen=1.000,1.0,True,1,0.008898,14.13339114,14.13339114
37,3,,quantum,precond_pen=1.000,1.0,True,2,0.009207,12.61682091,12.61682091
37,3,,quantum,precond_pen=1.000,1.0,True,3,0.009433,12.0971449,12.0971449
37,3,,quantum,precond_pen=1.000,1.0,True,4,0.009539,10.00445507,10.00445507
38,3,,quantum,baseline,,True,0,0.000141,15.58583954,15.58583954
38,3,,quantum,baseline,,True,1,0.004709,14.17270807,14.17270807
38,3,,quantum,baseline,,True,2,0.004849,13.58641695,13.58641695
38,3,,quantum,precond_pen=0.200,0.2,True,0,0.0002,15.58583954,15.58583954
38,3,,quantum,precond_pen=0.200,0.2,True,1,0.007717,15.01465216,15.01465216
38,3,,quantum,precond_pen=0.200,0.2,True,2,0.007939,14.17270807,14.17270807
38,3,,quantum,precond_pen=0.200,0.2,True,3,0.008096,14.2031504,14.17270807
38,3,,quantum,precond_pen=0.300,0.3,True,0,0.00066,15.58583954,15.58583954
38,3,,quantum,precond_pen=0.300,0.3,True,1,0.00923,14.17270807,14.17270807
38,3,,quantum,precond_pen=0.300,0.3,True,2,0.00946,14.2031504,14.17270807
38,3,,quantum,precond_pen=0.400,0.4,True,0,0.000135,15.58583954,15.58583954
38,3,,quantum,precond_pen=0.400,0.4,True,1,0.007019,14.02552274,14.02552274
38,3,,quantum,precond_pen=0.400,0.4,True,2,0.007201,14.17270807,14.02552274
38,3,,quantum,precond_pen=0.400,0.4,True,3,0.007341,13.714711,13.714711
38,3,,quantum,precond_pen=0.500,0.5,True,0,0.000212,15.58583954,15.58583954
38,3,,quantum,precond_pen=0.500,0.5,True,1,0.003872,15.04513454,15.04513454
38,3,,quantum,precond_pen=0.500,0.5,True,2,0.004309,14.17270807,14.17270807
38,3,,quantum,precond_pen=0.500,0.5,True,3,0.004795,13.58641695,13.58641695
38,3,,quantum,precond_pen=0.500,0.5,True,4,0.007261,13.714711,13.58641695
38,3,,quantum,precond_pen=0.600,0.6,True,0,0.000184,15.58583954,15.58583954
38,3,,quantum,precond_pen=0.600,0.6,True,1,0.00625,15.04513454,15.04513454
38,3,,quantum,precond_pen=0.600,0.6,True,2,0.006682,14.17270807,14.17270807
38,3,,quantum,precond_pen=0.600,0.6,True,3,0.007361,13.58641695,13.58641695
38,3,,quantum,precond_pen=0.600,0.6,True,4,0.009787,13.714711,13.58641695
38,3,,quantum,precond_pen=0.700,0.7,True,0,0.000183,15.58583954,15.58583954
38,3,,quantum,precond_pen=0.700,0.7,True,1,0.006099,13.58641695,13.58641695
38,3,,quantum,precond_pen=0.700,0.7,True,2,0.008508,13.714711,13.58641695
38,3,,quantum,precond_pen=0.800,0.8,True,0,0.000192,15.58583954,15.58583954
38,3,,quantum,precond_pen=0.800,0.8,True,1,0.007106,13.714711,13.714711
38,3,,quantum,precond_pen=0.800,0.8,True,2,0.00726,13.58641695,13.58641695
38,3,,quantum,precond_pen=1.000,1.0,True,0,0.000152,15.58583954,15.58583954
38,3,,quantum,precond_pen=1.000,1.0,True,1,0.01698,14.9784442,14.9784442
38,3,,quantum,precond_pen=1.000,1.0,True,2,0.01751,14.17270807,14.17270807
38,3,,quantum,precond_pen=1.000,1.0,True,3,0.017802,14.2031504,14.17270807
38,3,,quantum,precond_pen=1.000,1.0,True,4,0.01791,13.714711,13.714711
38,3,,quantum,precond_pen=1.000,1.0,True,5,0.019806,13.58641695,13.58641695
39,3,,quantum,baseline,,True,0,0.000176,16.8399777,16.8399777
39,3,,quantum,baseline,,True,1,0.005989,15.61417024,15.61417024
39,3,,quantum,baseline,,True,2,0.00622,13.4056459,13.4056459
39,3,,quantum,precond_pen=0.200,0.2,True,0,0.000138,16.8399777,16.8399777
39,3,,quantum,precond_pen=0.200,0.2,True,1,0.003341,14.14990424,14.14990424
39,3,,quantum,precond_pen=0.200,0.2,True,2,0.003535,13.4056459,13.4056459
39,3,,quantum,precond_pen=0.300,0.3,True,0,0.000167,16.8399777,16.8399777
39,3,,quantum,precond_pen=0.300,0.3,True,1,0.003568,14.91739795,14.91739795
39,3,,quantum,precond_pen=0.300,0.3,True,2,0.003726,13.4056459,13.4056459
39,3,,quantum,precond_pen=0.400,0.4,True,0,0.000161,16.8399777,16.8399777
39,3,,quantum,precond_pen=0.400,0.4,True,1,0.003996,14.91739795,14.91739795
39,3,,quantum,precond_pen=0.400,0.4,True,2,0.004156,13.4056459,13.4056459
39,3,,quantum,precond_pen=0.500,0.5,True,0,0.000182,16.8399777,16.8399777
39,3,,quantum,precond_pen=0.500,0.5,True,1,0.003764,14.91739795,14.91739795
39,3,,quantum,precond_pen=0.500,0.5,True,2,0.00405,14.30041784,14.30041784
39,3,,quantum,precond_pen=0.500,0.5,True,3,0.004214,13.4056459,13.4056459
39,3,,quantum,precond_pen=0.600,0.6,True,0,0.000183,16.8399777,16.8399777
39,3,,quantum,precond_pen=0.600,0.6,True,1,0.005569,14.14990424,14.14990424
39,3,,quantum,precond_pen=0.600,0.6,True,2,0.005774,13.4056459,13.4056459
39,3,,quantum,precond_pen=0.700,0.7,True,0,0.000198,16.8399777,16.8399777
39,3,,quantum,precond_pen=0.700,0.7,True,1,0.015273,14.14990424,14.14990424
39,3,,quantum,precond_pen=0.700,0.7,True,2,0.015486,13.4056459,13.4056459
39,3,,quantum,precond_pen=0.800,0.8,True,0,0.000173,16.8399777,16.8399777
39,3,,quantum,precond_pen=0.800,0.8,True,1,0.003679,14.14990424,14.14990424
39,3,,quantum,precond_pen=0.800,0.8,True,2,0.004043,14.32605217,14.14990424
39,3,,quantum,precond_pen=0.800,0.8,True,3,0.004162,13.4056459,13.4056459
39,3,,quantum,precond_pen=1.000,1.0,True,0,0.000171,16.8399777,16.8399777
39,3,,quantum,precond_pen=1.000,1.0,True,1,0.004532,16.42585142,16.42585142
39,3,,quantum,precond_pen=1.000,1.0,True,2,0.00475,15.61417024,15.61417024
39,3,,quantum,precond_pen=1.000,1.0,True,3,0.004962,14.32605217,14.32605217
39,3,,quantum,precond_pen=1.000,1.0,True,4,0.005061,13.4056459,13.4056459
40,3,,quantum,baseline,,True,0,0.000224,13.14108311,13.14108311
40,3,,quantum,baseline,,True,1,0.003246,11.30339307,11.30339307
40,3,,quantum,precond_pen=0.200,0.2,True,0,0.000173,13.14108311,13.14108311
40,3,,quantum,precond_pen=0.200,0.2,True,1,0.004078,12.40512431,12.40512431
40,3,,quantum,precond_pen=0.200,0.2,True,2,0.004329,11.30339307,11.30339307
40,3,,quantum,precond_pen=0.300,0.3,True,0,0.000196,13.14108311,13.14108311
40,3,,quantum,precond_pen=0.300,0.3,True,1,0.011081,12.40512431,12.40512431
40,3,,quantum,precond_pen=0.300,0.3,True,2,0.011283,11.30339307,11.30339307
40,3,,quantum,precond_pen=0.400,0.4,True,0,0.000184,13.14108311,13.14108311
40,3,,quantum,precond_pen=0.400,0.4,True,1,0.013643,12.40512431,12.40512431
40,3,,quantum,precond_pen=0.400,0.4,True,2,0.013856,11.30339307,11.30339307
40,3,,quantum,precond_pen=0.500,0.5,True,0,0.000164,13.14108311,13.14108311
40,3,,quantum,precond_pen=0.500,0.5,True,1,0.006901,12.40512431,12.40512431
40,3,,quantum,precond_pen=0.500,0.5,True,2,0.007138,12.3475174,12.3475174
40,3,,quantum,precond_pen=0.500,0.5,True,3,0.007293,11.30339307,11.30339307
40,3,,quantum,precond_pen=0.600,0.6,True,0,0.000179,13.14108311,13.14108311
40,3,,quantum,precond_pen=0.600,0.6,True,1,0.011329,12.40512431,12.40512431
40,3,,quantum,precond_pen=0.600,0.6,True,2,0.011594,12.3475174,12.3475174
40,3,,quantum,precond_pen=0.600,0.6,True,3,0.011755,11.30339307,11.30339307
40,3,,quantum,precond_pen=0.700,0.7,True,0,0.000192,13.14108311,13.14108311
40,3,,quantum,precond_pen=0.700,0.7,True,1,0.012406,12.40512431,12.40512431
40,3,,quantum,precond_pen=0.700,0.7,True,2,0.012621,11.30339307,11.30339307
40,3,,quantum,precond_pen=0.800,0.8,True,0,0.000221,13.14108311,13.14108311
40,3,,quantum,precond_pen=0.800,0.8,True,1,0.006059,12.40512431,12.40512431
40,3,,quantum,precond_pen=0.800,0.8,True,2,0.006265,11.30339307,11.30339307
40,3,,quantum,precond_pen=1.000,1.0,True,0,0.000169,13.14108311,13.14108311
40,3,,quantum,precond_pen=1.000,1.0,True,1,0.004409,11.30339307,11.30339307
41,3,,quantum,baseline,,True,0,0.000193,18.86083281,18.86083281
41,3,,quantum,baseline,,True,1,0.004672,17.86755974,17.86755974
41,3,,quantum,baseline,,True,2,0.004784,16.19679594,16.19679594
41,3,,quantum,precond_pen=0.200,0.2,True,0,0.000179,18.86083281,18.86083281
41,3,,quantum,precond_pen=0.200,0.2,True,1,0.003576,18.28459383,18.28459383
41,3,,quantum,precond_pen=0.200,0.2,True,2,0.003718,16.21270143,16.21270143
41,3,,quantum,precond_pen=0.300,0.3,True,0,0.000161,18.86083281,18.86083281
41,3,,quantum,precond_pen=0.300,0.3,True,1,0.011189,18.63254599,18.63254599
41,3,,quantum,precond_pen=0.300,0.3,True,2,0.011642,18.28459383,18.28459383
41,3,,quantum,precond_pen=0.300,0.3,True,3,0.011956,17.34748283,17.34748283
41,3,,quantum,precond_pen=0.300,0.3,True,4,0.012082,16.21270143,16.21270143
41,3,,quantum,precond_pen=0.400,0.4,True,0,0.000145,18.86083281,18.86083281
41,3,,quantum,precond_pen=0.400,0.4,True,1,0.003694,16.19679594,16.19679594
41,3,,quantum,precond_pen=0.400,0.4,True,2,0.003865,16.21270143,16.19679594
41,3,,quantum,precond_pen=0.500,0.5,True,0,0.000124,18.86083281,18.86083281
41,3,,quantum,precond_pen=0.500,0.5,True,1,0.006966,16.19679594,16.19679594
41,3,,quantum,precond_pen=0.500,0.5,True,2,0.007342,16.21270143,16.19679594
41,3,,quantum,precond_pen=0.600,0.6,True,0,0.000123,18.86083281,18.86083281
41,3,,quantum,precond_pen=0.600,0.6,True,1,0.002574,16.19679594,16.19679594
41,3,,quantum,precond_pen=0.600,0.6,True,2,0.002756,16.21270143,16.19679594
41,3,,quantum,precond_pen=0.700,0.7,True,0,0.000113,18.86083281,18.86083281
41,3,,quantum,precond_pen=0.700,0.7,True,1,0.011947,16.19679594,16.19679594
41,3,,quantum,precond_pen=0.700,0.7,True,2,0.012216,16.21270143,16.19679594
41,3,,quantum,precond_pen=0.800,0.8,True,0,0.000163,18.86083281,18.86083281
41,3,,quantum,precond_pen=0.800,0.8,True,1,0.013878,16.19679594,16.19679594
41,3,,quantum,precond_pen=0.800,0.8,True,2,0.014018,16.21270143,16.19679594
41,3,,quantum,precond_pen=1.000,1.0,True,0,0.000124,18.86083281,18.86083281
41,3,,quantum,precond_pen=1.000,1.0,True,1,0.005945,16.19679594,16.19679594
41,3,,quantum,precond_pen=1.000,1.0,True,2,0.006113,16.21270143,16.19679594
42,3,,quantum,baseline,,True,0,0.000117,17.56217149,17.56217149
42,3,,quantum,baseline,,True,1,0.004816,17.28549904,17.28549904
42,3,,quantum,baseline,,True,2,0.004942,14.90265768,14.90265768
42,3,,quantum,precond_pen=0.200,0.2,True,0,0.000131,17.56217149,17.56217149
42,3,,quantum,precond_pen=0.200,0.2,True,1,0.01687,14.90265768,14.90265768
42,3,,quantum,precond_pen=0.300,0.3,True,0,0.000212,17.56217149,17.56217149
42,3,,quantum,precond_pen=0.300,0.3,True,1,0.016195,15.69487873,15.69487873
42,3,,quantum,precond_pen=0.300,0.3,True,2,0.016809,14.90265768,14.90265768
42,3,,quantum,precond_pen=0.400,0.4,True,0,0.000232,17.56217149,17.56217149
42,3,,quantum,precond_pen=0.400,0.4,True,1,0.009223,15.77652744,15.77652744
42,3,,quantum,precond_pen=0.400,0.4,True,2,0.00994,14.90265768,14.90265768
42,3,,quantum,precond_pen=0.500,0.5,True,0,0.000212,17.56217149,17.56217149
42,3,,quantum,precond_pen=0.500,0.5,True,1,0.00885,15.77652744,15.77652744
42,3,,quantum,precond_pen=0.500,0.5,True,2,0.009414,14.90265768,14.90265768
42,3,,quantum,precond_pen=0.600,0.6,True,0,0.000781,17.56217149,17.56217149
42,3,,quantum,precond_pen=0.600,0.6,True,1,0.011127,15.77652744,15.77652744
42,3,,quantum,precond_pen=0.600,0.6,True,2,0.011715,14.90265768,14.90265768
42,3,,quantum,precond_pen=0.700,0.7,True,0,0.000806,17.56217149,17.56217149
42,3,,quantum,precond_pen=0.700,0.7,True,1,0.014324,15.77652744,15.77652744
42,3,,quantum,precond_pen=0.700,0.7,True,2,0.014552,14.90265768,14.90265768
42,3,,quantum,precond_pen=0.800,0.8,True,0,0.000165,17.56217149,17.56217149
42,3,,quantum,precond_pen=0.800,0.8,True,1,0.011421,15.77652744,15.77652744
42,3,,quantum,precond_pen=0.800,0.8,True,2,0.011651,14.90265768,14.90265768
42,3,,quantum,precond_pen=1.000,1.0,True,0,0.00018,17.56217149,17.56217149
42,3,,quantum,precond_pen=1.000,1.0,True,1,0.007367,16.38391831,16.38391831
42,3,,quantum,precond_pen=1.000,1.0,True,2,0.007733,14.90265768,14.90265768
43,3,,quantum,baseline,,True,0,0.000946,18.94087428,18.94087428
43,3,,quantum,baseline,,True,1,0.01378,15.47425418,15.47425418
43,3,,quantum,baseline,,True,2,0.013982,13.57398494,13.57398494
43,3,,quantum,precond_pen=0.200,0.2,True,0,0.000192,18.94087428,18.94087428
43,3,,quantum,precond_pen=0.200,0.2,True,1,0.023039,14.23824604,14.23824604
43,3,,quantum,precond_pen=0.200,0.2,True,2,0.023274,14.08335032,14.08335032
43,3,,quantum,precond_pen=0.200,0.2,True,3,0.023435,13.63512825,13.63512825
43,3,,quantum,precond_pen=0.300,0.3,True,0,0.000179,18.94087428,18.94087428
43,3,,quantum,precond_pen=0.300,0.3,True,1,0.019148,14.23824604,14.23824604
43,3,,quantum,precond_pen=0.300,0.3,True,2,0.019386,14.08335032,14.08335032
43,3,,quantum,precond_pen=0.300,0.3,True,3,0.019534,13.57398494,13.57398494
43,3,,quantum,precond_pen=0.400,0.4,True,0,0.00024,18.94087428,18.94087428
43,3,,quantum,precond_pen=0.400,0.4,True,1,0.007477,14.23824604,14.23824604
43,3,,quantum,precond_pen=0.400,0.4,True,2,0.007762,14.08335032,14.08335032
43,3,,quantum,precond_pen=0.400,0.4,True,3,0.007959,13.63512825,13.63512825
43,3,,quantum,precond_pen=0.500,0.5,True,0,0.000796,18.94087428,18.94087428
43,3,,quantum,precond_pen=0.500,0.5,True,1,0.017174,14.23824604,14.23824604
43,3,,quantum,precond_pen=0.500,0.5,True,2,0.017519,14.08335032,14.08335032
43,3,,quantum,precond_pen=0.500,0.5,True,3,0.017724,13.57398494,13.57398494
43,3,,quantum,precond_pen=0.600,0.6,True,0,0.000642,18.94087428,18.94087428
43,3,,quantum,precond_pen=0.600,0.6,True,1,0.014572,14.23824604,14.23824604
43,3,,quantum,precond_pen=0.600,0.6,True,2,0.014858,14.08335032,14.08335032
43,3,,quantum,precond_pen=0.600,0.6,True,3,0.015062,13.63512825,13.63512825
43,3,,quantum,precond_pen=0.700,0.7,True,0,0.000727,18.94087428,18.94087428
43,3,,quantum,precond_pen=0.700,0.7,True,1,0.013682,14.23824604,14.23824604
43,3,,quantum,precond_pen=0.700,0.7,True,2,0.014282,14.08335032,14.08335032
43,3,,quantum,precond_pen=0.700,0.7,True,3,0.014725,13.57398494,13.57398494
43,3,,quantum,precond_pen=0.700,0.7,True,4,0.014935,13.63512825,13.57398494
43,3,,quantum,precond_pen=0.800,0.8,True,0,0.000118,18.94087428,18.94087428
43,3,,quantum,precond_pen=0.800,0.8,True,1,0.004961,14.23824604,14.23824604
43,3,,quantum,precond_pen=0.800,0.8,True,2,0.005488,14.08335032,14.08335032
43,3,,quantum,precond_pen=0.800,0.8,True,3,0.005911,13.57398494,13.57398494
43,3,,quantum,precond_pen=0.800,0.8,True,4,0.006072,13.63512825,13.57398494
43,3,,quantum,precond_pen=1.000,1.0,True,0,0.000151,18.94087428,18.94087428
43,3,,quantum,precond_pen=1.000,1.0,True,1,0.019506,13.63512825,13.63512825
43,3,,quantum,precond_pen=1.000,1.0,True,2,0.019846,13.57398494,13.57398494
44,3,,quantum,baseline,,True,0,0.001003,18.50951033,18.50951033
44,3,,quantum,baseline,,True,1,0.012052,17.15445578,17.15445578
44,3,,quantum,baseline,,True,2,0.012322,11.27957601,11.27957601
44,3,,quantum,precond_pen=0.200,0.2,True,0,0.001005,18.50951033,18.50951033
44,3,,quantum,precond_pen=0.200,0.2,True,1,0.007096,13.97141292,13.97141292
44,3,,quantum,precond_pen=0.200,0.2,True,2,0.00737,11.27957601,11.27957601
44,3,,quantum,precond_pen=0.300,0.3,True,0,0.000202,18.50951033,18.50951033
44,3,,quantum,precond_pen=0.300,0.3,True,1,0.006124,11.27957601,11.27957601
44,3,,quantum,precond_pen=0.400,0.4,True,0,0.000195,18.50951033,18.50951033
44,3,,quantum,precond_pen=0.400,0.4,True,1,0.004831,11.27957601,11.27957601
44,3,,quantum,precond_pen=0.500,0.5,True,0,0.000207,18.50951033,18.50951033
44,3,,quantum,precond_pen=0.500,0.5,True,1,0.006771,11.27957601,11.27957601
44,3,,quantum,precond_pen=0.600,0.6,True,0,0.000164,18.50951033,18.50951033
44,3,,quantum,precond_pen=0.600,0.6,True,1,0.012496,11.27957601,11.27957601
44,3,,quantum,precond_pen=0.700,0.7,True,0,0.00015,18.50951033,18.50951033
44,3,,quantum,precond_pen=0.700,0.7,True,1,0.009175,11.27957601,11.27957601
44,3,,quantum,precond_pen=0.800,0.8,True,0,0.000208,18.50951033,18.50951033
44,3,,quantum,precond_pen=0.800,0.8,True,1,0.005331,11.27957601,11.27957601
44,3,,quantum,precond_pen=1.000,1.0,True,0,0.000196,18.50951033,18.50951033
44,3,,quantum,precond_pen=1.000,1.0,True,1,0.003958,11.27957601,11.27957601
45,3,,quantum,baseline,,True,0,0.00048,19.44217896,19.44217896
45,3,,quantum,baseline,,True,1,0.01905,17.6260997,17.6260997
45,3,,quantum,baseline,,True,2,0.019191,15.85010081,15.85010081
45,3,,quantum,precond_pen=0.200,0.2,True,0,0.000168,19.44217896,19.44217896
45,3,,quantum,precond_pen=0.200,0.2,True,1,0.018357,17.12399338,17.12399338
45,3,,quantum,precond_pen=0.200,0.2,True,2,0.018617,20.40042803,17.12399338
45,3,,quantum,precond_pen=0.200,0.2,True,3,0.018946,19.0572886,17.12399338
45,3,,quantum,precond_pen=0.200,0.2,True,4,0.019129,16.88965544,16.88965544
45,3,,quantum,precond_pen=0.300,0.3,True,0,0.000793,19.44217896,19.44217896
45,3,,quantum,precond_pen=0.300,0.3,True,1,0.01113,15.85010081,15.85010081
45,3,,quantum,precond_pen=0.400,0.4,True,0,0.000959,19.44217896,19.44217896
45,3,,quantum,precond_pen=0.400,0.4,True,1,0.005202,17.55039896,17.55039896
45,3,,quantum,precond_pen=0.400,0.4,True,2,0.005477,16.0376477,16.0376477
45,3,,quantum,precond_pen=0.400,0.4,True,3,0.005627,15.85010081,15.85010081
45,3,,quantum,precond_pen=0.500,0.5,True,0,0.000178,19.44217896,19.44217896
45,3,,quantum,precond_pen=0.500,0.5,True,1,0.011152,17.55039896,17.55039896
45,3,,quantum,precond_pen=0.500,0.5,True,2,0.011398,17.6260997,17.55039896
45,3,,quantum,precond_pen=0.500,0.5,True,3,0.011544,15.85010081,15.85010081
45,3,,quantum,precond_pen=0.600,0.6,True,0,0.00018,19.44217896,19.44217896
45,3,,quantum,precond_pen=0.600,0.6,True,1,0.015219,17.12399338,17.12399338
45,3,,quantum,precond_pen=0.600,0.6,True,2,0.015523,17.6260997,17.12399338
45,3,,quantum,precond_pen=0.600,0.6,True,3,0.015993,16.29365946,16.29365946
45,3,,quantum,precond_pen=0.600,0.6,True,4,0.016201,15.85010081,15.85010081
45,3,,quantum,precond_pen=0.700,0.7,True,0,0.000204,19.44217896,19.44217896
45,3,,quantum,precond_pen=0.700,0.7,True,1,0.009789,15.90012302,15.90012302
45,3,,quantum,precond_pen=0.700,0.7,True,2,0.010064,15.85010081,15.85010081
45,3,,quantum,precond_pen=0.800,0.8,True,0,0.000181,19.44217896,19.44217896
45,3,,quantum,precond_pen=0.800,0.8,True,1,0.006352,15.90012302,15.90012302
45,3,,quantum,precond_pen=0.800,0.8,True,2,0.006549,15.85010081,15.85010081
45,3,,quantum,precond_pen=1.000,1.0,True,0,0.000191,19.44217896,19.44217896
45,3,,quantum,precond_pen=1.000,1.0,True,1,0.011318,17.75001025,17.75001025
45,3,,quantum,precond_pen=1.000,1.0,True,2,0.011607,17.6260997,17.6260997
45,3,,quantum,precond_pen=1.000,1.0,True,3,0.011825,17.12399338,17.12399338
45,3,,quantum,precond_pen=1.000,1.0,True,4,0.011993,15.85010081,15.85010081
46,3,,quantum,baseline,,True,0,0.000239,17.35738643,17.35738643
46,3,,quantum,baseline,,True,1,0.021496,15.41649381,15.41649381
46,3,,quantum,baseline,,True,2,0.022199,12.86542934,12.86542934
46,3,,quantum,precond_pen=0.200,0.2,True,0,0.000672,17.35738643,17.35738643
46,3,,quantum,precond_pen=0.200,0.2,True,1,0.014765,17.29801243,17.29801243
46,3,,quantum,precond_pen=0.200,0.2,True,2,0.014946,13.6458556,13.6458556
46,3,,quantum,precond_pen=0.200,0.2,True,3,0.01512,12.86542934,12.86542934
46,3,,quantum,precond_pen=0.200,0.2,True,4,0.015223,14.07819306,12.86542934
46,3,,quantum,precond_pen=0.300,0.3,True,0,0.00018,17.35738643,17.35738643
46,3,,quantum,precond_pen=0.300,0.3,True,1,0.013164,13.6458556,13.6458556
46,3,,quantum,precond_pen=0.300,0.3,True,2,0.013333,12.86542934,12.86542934
46,3,,quantum,precond_pen=0.400,0.4,True,0,0.000179,17.35738643,17.35738643
46,3,,quantum,precond_pen=0.400,0.4,True,1,0.008702,14.9482508,14.9482508
46,3,,quantum,precond_pen=0.400,0.4,True,2,0.00921,13.6458556,13.6458556
46,3,,quantum,precond_pen=0.400,0.4,True,3,0.009538,12.86542934,12.86542934
46,3,,quantum,precond_pen=0.500,0.5,True,0,0.000136,17.35738643,17.35738643
46,3,,quantum,precond_pen=0.500,0.5,True,1,0.003126,12.86542934,12.86542934
46,3,,quantum,precond_pen=0.600,0.6,True,0,0.000122,17.35738643,17.35738643
46,3,,quantum,precond_pen=0.600,0.6,True,1,0.013078,12.86542934,12.86542934
46,3,,quantum,precond_pen=0.700,0.7,True,0,0.000178,17.35738643,17.35738643
46,3,,quantum,precond_pen=0.700,0.7,True,1,0.012737,12.86542934,12.86542934
46,3,,quantum,precond_pen=0.800,0.8,True,0,0.000191,17.35738643,17.35738643
46,3,,quantum,precond_pen=0.800,0.8,True,1,0.013857,14.84617709,14.84617709
46,3,,quantum,precond_pen=0.800,0.8,True,2,0.01412,13.6458556,13.6458556
46,3,,quantum,precond_pen=0.800,0.8,True,3,0.014281,12.86542934,12.86542934
46,3,,quantum,precond_pen=1.000,1.0,True,0,0.000182,17.35738643,17.35738643
46,3,,quantum,precond_pen=1.000,1.0,True,1,0.010266,15.77424341,15.77424341
46,3,,quantum,precond_pen=1.000,1.0,True,2,0.010557,13.6458556,13.6458556
46,3,,quantum,precond_pen=1.000,1.0,True,3,0.010735,12.86542934,12.86542934
47,3,,quantum,baseline,,True,0,0.000179,15.40995222,15.40995222
47,3,,quantum,baseline,,True,1,0.008638,15.00806259,15.00806259
47,3,,quantum,precond_pen=0.200,0.2,True,0,0.000121,15.40995222,15.40995222
47,3,,quantum,precond_pen=0.200,0.2,True,1,0.012254,15.80899781,15.40995222
47,3,,quantum,precond_pen=0.200,0.2,True,2,0.012553,15.00806259,15.00806259
47,3,,quantum,precond_pen=0.200,0.2,True,3,0.012756,15.04546375,15.00806259
47,3,,quantum,precond_pen=0.300,0.3,True,0,0.000181,15.40995222,15.40995222
47,3,,quantum,precond_pen=0.300,0.3,True,1,0.011098,15.00806259,15.00806259
47,3,,quantum,precond_pen=0.300,0.3,True,2,0.01142,15.04546375,15.00806259
47,3,,quantum,precond_pen=0.400,0.4,True,0,0.000204,15.40995222,15.40995222
47,3,,quantum,precond_pen=0.400,0.4,True,1,0.007805,15.00806259,15.00806259
47,3,,quantum,precond_pen=0.500,0.5,True,0,0.000177,15.40995222,15.40995222
47,3,,quantum,precond_pen=0.500,0.5,True,1,0.008642,15.00806259,15.00806259
47,3,,quantum,precond_pen=0.600,0.6,True,0,0.000194,15.40995222,15.40995222
47,3,,quantum,precond_pen=0.600,0.6,True,1,0.006113,15.04546375,15.04546375
47,3,,quantum,precond_pen=0.700,0.7,True,0,0.000128,15.40995222,15.40995222
47,3,,quantum,precond_pen=0.700,0.7,True,1,0.00605,15.04546375,15.04546375
47,3,,quantum,precond_pen=0.700,0.7,True,2,0.006495,15.00806259,15.00806259
47,3,,quantum,precond_pen=0.800,0.8,True,0,0.000139,15.40995222,15.40995222
47,3,,quantum,precond_pen=0.800,0.8,True,1,0.005843,15.04546375,15.04546375
47,3,,quantum,precond_pen=1.000,1.0,True,0,0.000131,15.40995222,15.40995222
47,3,,quantum,precond_pen=1.000,1.0,True,1,0.010538,15.04546375,15.04546375
48,3,,quantum,baseline,,True,0,0.000174,14.82344399,14.82344399
48,3,,quantum,baseline,,True,1,0.023509,13.94499851,13.94499851
48,3,,quantum,baseline,,True,2,0.023661,12.34217193,12.34217193
48,3,,quantum,precond_pen=0.200,0.2,True,0,0.000157,14.82344399,14.82344399
48,3,,quantum,precond_pen=0.200,0.2,True,1,0.007865,12.34217193,12.34217193
48,3,,quantum,precond_pen=0.300,0.3,True,0,0.000161,14.82344399,14.82344399
48,3,,quantum,precond_pen=0.300,0.3,True,1,0.00566,14.10122243,14.10122243
48,3,,quantum,precond_pen=0.300,0.3,True,2,0.005858,12.34217193,12.34217193
48,3,,quantum,precond_pen=0.400,0.4,True,0,0.000152,14.82344399,14.82344399
48,3,,quantum,precond_pen=0.400,0.4,True,1,0.011777,16.86967872,14.82344399
48,3,,quantum,precond_pen=0.400,0.4,True,2,0.012363,13.94499851,13.94499851
48,3,,quantum,precond_pen=0.400,0.4,True,3,0.012751,12.34217193,12.34217193
48,3,,quantum,precond_pen=0.500,0.5,True,0,0.000959,14.82344399,14.82344399
48,3,,quantum,precond_pen=0.500,0.5,True,1,0.007062,14.10122243,14.10122243
48,3,,quantum,precond_pen=0.500,0.5,True,2,0.007374,12.34217193,12.34217193
48,3,,quantum,precond_pen=0.600,0.6,True,0,0.000603,14.82344399,14.82344399
48,3,,quantum,precond_pen=0.600,0.6,True,1,0.013225,14.10122243,14.10122243
48,3,,quantum,precond_pen=0.600,0.6,True,2,0.013505,12.34217193,12.34217193
48,3,,quantum,precond_pen=0.700,0.7,True,0,0.000202,14.82344399,14.82344399
48,3,,quantum,precond_pen=0.700,0.7,True,1,0.011032,14.10122243,14.10122243
48,3,,quantum,precond_pen=0.700,0.7,True,2,0.011282,13.94499851,13.94499851
48,3,,quantum,precond_pen=0.700,0.7,True,3,0.011476,12.34217193,12.34217193
48,3,,quantum,precond_pen=0.800,0.8,True,0,0.000183,14.82344399,14.82344399
48,3,,quantum,precond_pen=0.800,0.8,True,1,0.009399,14.10122243,14.10122243
48,3,,quantum,precond_pen=0.800,0.8,True,2,0.009667,13.94499851,13.94499851
48,3,,quantum,precond_pen=0.800,0.8,True,3,0.010373,12.34217193,12.34217193
48,3,,quantum,precond_pen=1.000,1.0,True,0,0.000822,14.82344399,14.82344399
48,3,,quantum,precond_pen=1.000,1.0,True,1,0.005764,13.94499851,13.94499851
48,3,,quantum,precond_pen=1.000,1.0,True,2,0.006008,12.34217193,12.34217193
49,3,,quantum,baseline,,True,0,0.000898,15.61734108,15.61734108
49,3,,quantum,baseline,,True,1,0.006913,12.82311751,12.82311751
49,3,,quantum,precond_pen=0.200,0.2,True,0,0.000935,15.61734108,15.61734108
49,3,,quantum,precond_pen=0.200,0.2,True,1,0.009583,12.82311751,12.82311751
49,3,,quantum,precond_pen=0.300,0.3,True,0,0.001119,15.61734108,15.61734108
49,3,,quantum,precond_pen=0.300,0.3,True,1,0.008841,15.07439554,15.07439554
49,3,,quantum,precond_pen=0.300,0.3,True,2,0.009085,13.51807673,13.51807673
49,3,,quantum,precond_pen=0.300,0.3,True,3,0.009269,12.82311751,12.82311751
49,3,,quantum,precond_pen=0.400,0.4,True,0,0.000214,15.61734108,15.61734108
49,3,,quantum,precond_pen=0.400,0.4,True,1,0.012795,12.82311751,12.82311751
49,3,,quantum,precond_pen=0.500,0.5,True,0,0.000215,15.61734108,15.61734108
49,3,,quantum,precond_pen=0.500,0.5,True,1,0.005795,15.07439554,15.07439554
49,3,,quantum,precond_pen=0.500,0.5,True,2,0.006788,13.51807673,13.51807673
49,3,,quantum,precond_pen=0.500,0.5,True,3,0.007122,12.82311751,12.82311751
49,3,,quantum,precond_pen=0.600,0.6,True,0,0.000213,15.61734108,15.61734108
49,3,,quantum,precond_pen=0.600,0.6,True,1,0.012058,15.07439554,15.07439554
49,3,,quantum,precond_pen=0.600,0.6,True,2,0.012463,13.51807673,13.51807673
49,3,,quantum,precond_pen=0.600,0.6,True,3,0.012665,12.82311751,12.82311751
49,3,,quantum,precond_pen=0.700,0.7,True,0,0.000206,15.61734108,15.61734108
49,3,,quantum,precond_pen=0.700,0.7,True,1,0.006921,15.07439554,15.07439554
49,3,,quantum,precond_pen=0.700,0.7,True,2,0.007482,13.51807673,13.51807673
49,3,,quantum,precond_pen=0.700,0.7,True,3,0.009962,12.82311751,12.82311751
49,3,,quantum,precond_pen=0.800,0.8,True,0,0.000997,15.61734108,15.61734108
49,3,,quantum,precond_pen=0.800,0.8,True,1,0.007583,15.07439554,15.07439554
49,3,,quantum,precond_pen=0.800,0.8,True,2,0.007938,13.51807673,13.51807673
49,3,,quantum,precond_pen=0.800,0.8,True,3,0.010251,12.82311751,12.82311751
49,3,,quantum,precond_pen=1.000,1.0,True,0,0.000982,15.61734108,15.61734108
49,3,,quantum,precond_pen=1.000,1.0,True,1,0.007163,14.1548148,14.1548148
49,3,,quantum,precond_pen=1.000,1.0,True,2,0.007405,13.51807673,13.51807673
49,3,,quantum,precond_pen=1.000,1.0,True,3,0.007664,12.82311751,12.82311751
